sLap,t,n,xi,u,v,dpsi,x_ir,y_ir,psi,delta,Sxfl,Sxfr,Sxrl,Sxrr,acc_x,acc_y,alpha_fl,alpha_fr,alpha_rl,alpha_rr,kappa_fl,kappa_fr,kappa_rl,kappa_rr,Fz_fl,Fz_fr,Fz_rl,Fz_rr,Fx_fl,Fx_fr,Fx_rl,Fx_rr,Fy_fl,Fy_fr,Fy_rl,Fy_rr,power_wheel
0.0,6.309865596117908e-31,-0.019886480409043863,-0.023476097034838054,19.37861798510186,0.1424396597154873,-0.0852556502641215,54.84013721783799,26.252630711328955,-2.429603102259689,-0.0012045826824384851,0.008868562942962108,0.0764876490488866,0.10985056381849681,0.07900424774851778,14.869498710553469,1.843704953840633,0.2741477691154242,0.28065342630536066,0.5860927760303226,0.6046793776613884,0.008868562942962108,0.0764876490488866,0.10985056381849681,0.07900424774851778,375.5873011906167,486.51434304152417,1225.809666204288,1336.7367080551958,123.27687425073638,748.5466218996423,1629.7596540769443,1868.461502350666,-47.40313981389399,-35.71048250500331,-117.63029338779714,-183.90237962789814,79334.68109366606
0.49773151258916487,0.025430222458118074,-0.0265324822214037,-0.027470925052358708,19.753114530779857,0.24431482490947357,-0.16911996644894123,54.46612526002301,25.924234248219918,-2.432947264902561,-0.010709847667947496,0.010318763019332988,0.07426846805479859,0.11075939028465301,0.080705701404866,14.620373962678801,0.8925468433829357,0.903697497257044,0.9127197379253791,1.0315939617674803,1.0636738284133769,0.010318763019332988,0.07426846805479859,0.11075939028465301,0.080705701404866,418.2943508783567,471.9946898851978,1257.3837249187334,1311.0840639255746,157.00979890842387,718.4683894322096,1647.535187076329,1816.8502932399172,-170.96164540233084,-114.62811240445777,-208.0433357344312,-309.2340069379709,79999.49218992563
2.208181711043145,0.10948496325688542,-0.058707432106594876,-0.05045571486720458,20.93910461027246,0.6227270704082692,-0.3505414095788157,53.17934258231325,24.796698864932388,-2.455655051158847,-0.034133328856333675,0.016685508914819146,0.06860642128452475,0.10635631120422062,0.08597569151775931,13.876685119104742,-2.986198191263784,2.8370698673316554,2.8629046942086758,2.3315420262881723,2.3998166879915734,0.016685508914819146,0.06860642128452475,0.10635631120422062,0.08597569151775931,579.5709703564297,399.90549240270775,1385.636158660065,1205.9706807063428,298.29140076562084,553.8857943511443,1725.782527067216,1597.280980381437,-633.6652039532153,-301.1398123845831,-511.81996281527694,-585.0648733733179,79999.62114222956
3.9186319094971247,0.18899883438819995,-0.09128286214296585,-0.05586062073988485,21.994906322130902,0.8857602715846279,-0.38315386052060185,51.88028624959272,23.686840066935595,-2.485890542528052,-0.046000686764974257,0.02042309818152026,0.06507545126392589,0.09320975344042867,0.08760898346809906,13.267533193480983,-6.675151308932866,4.080191131240656,4.120461619067518,2.9535299459891187,3.0357517372719958,0.02042309818152026,0.06507545126392589,0.09320975344042867,0.08760898346809906,730.3106994669182,328.69829013608125,1509.5959182827705,1107.9835089519333,386.5347291146483,409.61880021277744,1822.7412640338914,1435.0498686407295,-973.3306492929248,-340.446776924378,-768.1626115599498,-657.6978675045053,79997.97760489142
4.41636342208629,0.2114018104013495,-0.09819585072277888,-0.04813552612929507,22.28261062271944,0.9107160738969893,-0.3678121819133625,51.498091855103844,23.370227994020357,-2.494253175246202,-0.047801869563986195,0.02012052717203444,0.06427698810295446,0.08828959411767841,0.08688597168274484,13.108099724239835,-7.499781474738805,4.261101957785663,4.3029813312697724,2.952301746763201,3.0334137731361963,0.02012052717203444,0.06427698810295446,0.08828959411767841,0.08688597168274484,766.0143697372658,314.78784795132776,1538.3311762592123,1087.1046544732742,389.1990586183233,384.7490065389553,1857.5533590564646,1413.0339816470807,-1040.0739182169584,-338.4707808930368,-819.5838414991778,-651.9289639303145,80503.53101521281
4.914094934675455,0.2334929515030628,-0.09999934196679341,-0.03830342778512206,22.563087258482422,0.9154114035730233,-0.3579137087511089,51.11390146334101,23.056814759959572,-2.502234018506723,-0.049229170928470095,0.01692465747370114,0.06270721843208768,0.0851912283880801,0.08635552067732884,12.955494293602623,-8.23423347108221,4.356899010194762,4.398631162342245,2.9107971752134625,2.989765417995205,0.01692465747370114,0.06270721843208768,0.0851912283880801,0.08635552067732884,798.7535809233798,303.3385423326485,1564.4183277625434,1069.003289171812,340.2960623323712,364.11686498159224,1889.7474851093623,1397.312580907873,-1104.60659736652,-335.5092445969259,-847.3752001943176,-638.7136405899356,79998.98784247763
6.624545133129435,0.3075269114696544,-0.06841667085600224,-0.0033258022219996913,23.48159076527768,0.8232835813187838,-0.33777614539037526,49.77106931390709,22.005037988634676,-2.5279599818219203,-0.05084366408239493,0.008644708013350771,0.05552452035291082,0.0659785698505403,0.07852226793907224,12.470732765135937,-10.12723414192165,4.209227209238695,4.243044831566187,2.5436795071381284,2.6099817234253946,0.008644708013350771,0.05552452035291082,0.0659785698505403,0.07852226793907224,890.8197915571128,281.511820043149,1635.462595746956,1026.154624232992,201.51720023286154,323.61561964489124,1988.9173053035702,1377.6691167858937,-1229.5719161982554,-322.45749077938007,-972.732267313098,-596.6278969340697,79999.33092788432
8.334995331583414,0.37898285086880573,-0.002062325595511103,0.017332122412643317,24.339350793114107,0.62172334083559,-0.32313123266731014,48.39202279359334,20.994729996633847,-2.551540383259824,-0.04848415824483,0.006407412993542665,0.04555916867316428,0.04671206646126596,0.06140787200476171,12.026965664836316,-11.147693233448773,3.589172465114557,3.609588133753159,1.9638040465659865,2.013192204864713,0.006407412993542665,0.04555916867316428,0.04671206646126596,0.06140787200476171,954.9542597352995,284.2500718054889,1680.460079738481,1009.7558918086705,175.58399816050616,308.9994777182992,1957.3934509308776,1355.2605830494776,-1220.726010193028,-314.94973024408864,-1009.9233389858404,-564.0659818516698,79999.17077329835
8.83272684417258,0.3993553115922252,0.019315299260274445,0.017617753471163476,24.57933177623785,0.5534637250256538,-0.3168945265968349,47.98368948791059,20.70896261545575,-2.55809085193548,-0.04726212694832068,0.007239979588904187,0.042134296601917635,0.043577804163844554,0.05468999220197634,11.901689852977134,-11.300450843583956,3.3662977567175676,3.382703576590041,1.7779518937059633,1.8222305093714883,0.007239979588904187,0.042134296601917635,0.043577804163844554,0.05468999220197634,969.0780370461569,289.1831433164773,1689.1889136551426,1009.2940199254631,207.43765088918778,305.09138492891924,1944.2945624157448,1323.976017641901,-1193.7831995550828,-313.7408500910124,-968.0890648104659,-555.0579024684936,80250.52331127263
9.330458356761746,0.419526701309121,0.03873633345216968,0.01670901093655456,24.814627108976765,0.4840460462546459,-0.300703139412261,47.57284163654986,20.426959952679937,-2.5645735949924693,-0.045820011747404764,0.009220832072332218,0.03823948834931542,0.04122233883995999,0.04481269877760472,11.775972087032768,-11.386476616205295,3.1503475219368817,3.1633059564836428,1.5775983834052385,1.616515720023349,0.009220832072332218,0.03823948834931542,0.04122233883995999,0.04481269877760472,981.1392528524484,296.06859362951826,1695.8287613418477,1010.7581021189173,274.2980616956004,298.0346128257954,1937.163454757852,1234.9688615973807,-1157.297935875896,-314.4193099265083,-900.7039101068683,-554.2092958781287,79999.03229829253
11.040908555215726,0.4874311403522675,0.0847691307214442,0.012349728868449471,25.594473927021433,0.13788662680268893,-0.17247915631115873,46.141943725952025,19.487684238745977,-2.5805274427579343,-0.04020684828975586,0.017424870648773703,0.027728667086401333,0.03966648535635626,0.02068397227719228,11.337854713915476,-10.311156139799822,2.286583719974497,2.286174681540247,0.5686402366169817,0.5822415449548825,0.017424870648773703,0.027728667086401333,0.03966648535635626,0.02068397227719228,981.1393371376804,360.7656454207985,1676.8803245848421,1056.50663286796,558.1486058192252,305.84951415495004,2000.0440286543328,792.7154561242194,-899.7860414792447,-317.38249264847093,-346.1846256509253,-271.6505996248638,79999.42736841973
12.751358753669704,0.5533344890803908,0.09999803152458797,0.00971577160534882,26.32590177835138,-0.2498771400029527,-0.06981931523740284,44.68722889244338,18.586806214141955,-2.588377476228031,-0.03457727858668864,0.023637006833679954,0.021431960501102073,0.04070905335346703,0.012082042358683034,10.839095961356724,-7.284812043451862,1.3166762926782551,1.3012302374185578,-0.43387679418682873,-0.4439632953747718,0.023637006833679954,0.021431960501102073,0.04070905335346703,0.012082042358683034,923.1395450874292,484.84672131611035,1596.9938289799015,1158.701005208583,743.327679729085,354.1355473058116,1937.7049419124546,540.4933415393003,-508.2569881464002,-267.7163592226825,250.19933654778666,240.10826336812588,79998.77614339236
13.24909026625887,0.5721718185872708,0.09888313473906268,0.00995724560740951,26.528917799947127,-0.34703105034308424,-0.07067068940439279,44.260503092475375,18.33040201091941,-2.58945767642144,-0.03312422588882713,0.024289924389417822,0.02034656203357636,0.040085869016725416,0.012555946655580155,10.672950609118043,-6.070155402778201,1.029489633024866,1.0094605033731516,-0.6367825649644583,-0.6514708317794746,0.024289924389417822,0.02034656203357636,0.040085869016725416,0.012555946655580155,896.5333123310168,531.3206566927911,1563.0073677340133,1197.7947120957879,749.6006922728527,376.7599951983569,1873.2200387292648,577.0443274487799,-390.076245988531,-232.09727367340767,360.8265140640336,361.58112706913926,80598.06427563394
13.746821778848036,0.5908662832937014,0.09645085020627321,0.00974553955677539,26.726856030287607,-0.4158807271339749,-0.08913524877975182,43.83265455129675,18.075861352414744,-2.590715522761033,-0.03176429272935976,0.023439805696092712,0.019802084648645524,0.038488887736456256,0.013285174879415858,10.487657952400461,-4.842396747999282,0.7789897375004442,0.7551615702983765,-0.7510110118719268,-0.768203779801738,0.023439805696092712,0.019802084648645524,0.038488887736456256,0.013285174879415858,869.8813957231686,578.5371946865174,1528.058330024138,1236.714128987487,713.3842134545567,405.35840490335363,1788.716370616147,626.6594665362153,-291.0627087636827,-191.48875280862845,423.14135956840937,437.1508923445084,79998.82635278434
15.457271977302014,0.6540939601117217,0.08208254684268199,0.0026359416328991104,27.37155606873198,-0.36003928481713826,-0.20267562578979226,42.35787021368231,17.208913104068245,-2.600255405048152,-0.02746102738592241,0.019876132737957034,0.01788783362863625,0.032081631025608084,0.017940099551016837,9.703635727449859,-1.9685241642686357,0.47385819443617233,0.4492893698070155,-0.45555898778092785,-0.4657403985720697,0.019876132737957034,0.01788783362863625,0.032081631025608084,0.017940099551016837,821.5019364007188,703.0651106496802,1444.1188118399455,1325.6819860889068,589.6727908395645,456.8003051609773,1538.5373975265184,897.3724817986413,-172.55512843365986,-141.34285356984628,263.9077485620311,280.3302718210129,79999.01157633084
17.167722175755994,0.7159343492023571,0.06206791559686159,-0.010286409546327013,27.939169113269998,-0.05948990261881879,-0.2510770044503948,40.87860856061119,16.349734956798855,-2.614629318357459,-0.023317438565702925,0.01945012611293349,0.01445890426708389,0.029689153554447855,0.02023288952622129,8.468694205406434,-1.5931242086431854,0.7852754681623823,0.7732204019250694,0.23115971429865606,0.23622002235513437,0.01945012611293349,0.01445890426708389,0.029689153554447855,0.02023288952622129,857.0308164993173,761.1800376652479,1422.5399197833112,1326.6891409492418,598.9522229346236,404.44386614037995,1446.3398245050973,1000.6867620655406,-296.5490805414502,-265.7626590473417,-135.8493038131741,-140.6740599408831,79998.23721222523
17.66545368834516,0.7337039554238635,0.05587141247591924,-0.01437328443386104,28.085716014339557,0.03479904717794606,-0.2261155649261285,40.4477751424614,16.10037436567891,-2.6191098520451743,-0.0220639564217141,0.02069178497501645,0.012904641321124314,0.03076869176730396,0.019387361285792628,7.98278868396029,-2.0310139726010585,0.9491213104766407,0.9422609916625031,0.3854651013762809,0.39385862637338026,0.02069178497501645,0.012904641321124314,0.03076869176730396,0.019387361285792628,886.312407469389,764.1158643244657,1429.1587986749078,1306.9622555299843,650.011819158441,362.34419475910113,1484.1974718527335,946.6937714681525,-365.5623862416057,-325.0668656672025,-224.47279237573332,-231.70566172159334,79987.85525432549
18.163185200934326,0.7513901614467234,0.04923821067388658,-0.01779925628135907,28.219649481249554,0.10301358084647577,-0.18041754634745844,40.01661224035995,15.851575946534721,-2.6229300640285405,-0.020784640402246885,0.022537795889479295,0.01084240941875635,0.03253518885792611,0.017992365639454968,7.394273626543359,-2.550302145476467,1.0918300833950272,1.0896837109996471,0.45727153814483584,0.467180757169073,0.022537795889479295,0.01084240941875635,0.03253518885792611,0.017992365639454968,920.1021346713907,766.6624683980957,1435.388234454794,1281.9485681814992,721.4815635543451,305.6800460624644,1542.494694695072,867.4456756857455,-428.51751822441264,-377.4103442661666,-262.0560242349722,-271.4990535662667,79997.46228600708
19.873635399388306,0.8115752111339143,0.020497150899861222,-0.020123529014747354,28.592360495094127,0.023088172600945818,0.04547828932992825,38.53103414738787,15.003222641150332,-2.6268422765222685,-0.01625809871765159,0.02947040623428685,0.00402686298387493,0.03868267328556453,0.013141197572527234,4.6060963101624965,-3.3984238687316837,1.0534360476130735,1.0560432895832081,-0.016509589397438493,-0.01686265939636779,0.02947040623428685,0.00402686298387493,0.03868267328556453,0.013141197572527234,1023.560972098019,819.0938170206086,1407.5986657948931,1203.1315107174826,996.4920030323162,123.9873335368413,1678.9646575586712,613.0424448810015,-436.6288664569883,-398.29085812992685,8.713566189849617,9.493224487505492,79998.14467395576
21.584085597842286,0.8712274164683854,-0.016380132337046535,-0.009951812584978842,28.725697566009472,-0.39379727075645754,0.2356011041016582,37.040003970829524,14.164265079531106,-2.6182704636298433,-0.011919620848240081,0.03239671681378524,0.002584891041442638,0.04074473892167941,0.015037620073995207,-0.4383696180172271,-1.9617293660035482,0.29827443823414024,0.2900868303971428,-1.098360506657361,-1.1217336716429371,0.03239671681378524,0.002584891041442638,0.04074473892167941,0.015037620073995207,1104.2317821539032,986.2037674059211,1249.3828167299885,1131.3548019820064,1179.6900193076328,99.97694912640654,1488.7201439068328,626.1387426529095,-132.79295155947202,-136.359752647632,492.5982099719364,566.6647337769472,79993.31287515146
22.08181711043145,0.8885583929227651,-0.028437483114334174,-0.005047124990372333,28.70004840429995,-0.5502227604958436,0.2574504420765574,36.60520634633719,13.921730489563672,-2.613767992022439,-0.01076568070556204,0.03157186121804195,0.004105042134040746,0.03978762348461916,0.018141018139921333,-2.5310770833000746,-0.9578067215567209,-0.04074249397550211,-0.05475054356916959,-1.43800567785516,-1.46862861669403,0.03157186121804195,0.004105042134040746,0.03978762348461916,0.018141018139921333,1122.8334747786796,1065.2067563246885,1168.6657145489714,1111.0389960949803,1182.0960045307631,172.74116592982463,1350.694428485106,709.9230281339687,18.62507789776366,27.913439410695844,601.118950733184,699.5615307884901,80660.42219015343
22.579548623020617,0.9059128706979142,-0.04061592139446222,-7.576669159570419e-05,28.630988585878328,-0.6935064465844816,0.277927943685927,36.17029509106425,13.679390926074433,-2.609117683562231,-0.009675865769719499,0.02720908266942115,0.0031772809398855554,0.035682914596952324,0.018524550105615472,-5.206164240652245,0.16449667752774152,-0.3542104311414124,-0.3736116073737792,-1.7529428079091653,-1.7903555839641268,0.02720908266942115,0.0031772809398855554,0.035682914596952324,0.018524550105615472,1150.2952632249576,1160.1922534100977,1069.0726158321163,1078.9696060172564,1086.6423971656345,146.42532221949725,1134.4444950400346,682.5938619450056,172.10738570373843,207.85131872562337,687.2379142336008,805.4248973284047,70180.86900770415
24.289998821474597,0.9661691362987357,-0.0782601512035784,0.019394017408149954,28.06842466405762,-1.0612861109088896,0.3292939549769882,34.67712497826075,12.844354009740917,-2.590672956236541,-0.0066017407170565106,-0.006823864526055067,-0.012542348187380743,0.007184721634001045,0.010183135001718809,-12.157481019036984,4.879100206608181,-1.2031994010989753,-1.237640042409227,-2.6008670542614243,-2.657457745100126,-0.006823864526055067,-0.012542348187380743,0.007184721634001045,0.010183135001718809,1155.4888745838016,1449.0413498243597,743.103334133726,1036.6558093742842,-298.7763287957818,-684.4965527146327,174.333485447927,340.3371502908949,637.58544861978,809.2921374632151,781.3590951829116,1090.0193492475128,-29137.516659145804
26.000449019928578,1.027982248163738,-0.09904869230624236,0.04012524881214446,27.189302759455916,-1.2165269868871718,0.3519597019635872,33.19217689434392,11.99514588020637,-2.5694689655010703,-0.0036135645975686405,-0.04750652577887175,-0.031057833309333715,-0.02612993233048805,-4.372617209456228e-05,-14.776189920275417,8.925739018173159,-1.708338871837152,-1.7514050930833862,-3.0391957647136505,-3.107450418745863,-0.04750652577887175,-0.031057833309333715,-0.02612993233048805,-4.372617209456228e-05,1068.7178248090509,1605.7374946627751,529.8742176018844,1066.8938874556084,-1330.8718538769601,-1542.0570583098852,-398.184168410114,-1.4376890447524917,596.271399627403,1050.1538661986829,582.4543096590804,1256.6662275139488,-103589.53948002953
26.49818053251774,1.0463746234483395,-0.09999000478206888,0.04593757198042033,26.909204285846933,-1.2181181474117257,0.3533036940366486,32.76274699166205,11.743358841249767,-2.562979148101007,-0.0025810489505095,-0.05630244703238623,-0.03384949849994669,-0.033445615219180144,-0.0009171582530115806,-14.562871826196716,9.60273260558065,-1.7881584568438758,-1.832146740509756,-3.075709344489906,-3.145507876530828,-0.05630244703238623,-0.03384949849994669,-0.033445615219180144,-0.0009171582530115806,1034.8291644944502,1612.5803493591375,505.3971647682619,1083.148349632949,-1370.901443941727,-1622.813329052987,-461.42217049978234,-30.434698852478462,548.3856506359122,1063.8041160827254,536.2161028875165,1283.6982150253702,-108003.26431465537
26.995912045106905,1.0649519306243624,-0.0984991187749929,0.05140372466110802,26.63301462141234,-1.2113080461578434,0.3510570137898484,32.334872427849504,11.488918483280694,-2.5563276052572266,-0.001450288148741451,-0.06339483727063028,-0.03493890449978282,-0.03936683595939116,-8.414368140628358e-05,-14.324387006871639,10.198969391515497,-1.8623433322934235,-1.9070084161219192,-3.089450140919018,-3.160294599257182,-0.06339483727063028,-0.03493890449978282,-0.03936683595939116,-8.414368140628358e-05,1002.9770407000913,1616.6009842557344,484.1672189248688,1097.791162480512,-1369.282223891876,-1645.5964713194232,-496.78684400420104,-2.8232763625149193,511.5385723358161,1089.4565378808047,494.8450726765538,1303.6849109981629,-107424.58621181466
28.706362243560886,1.1303136402231673,-0.07320980906026194,0.06470671421979761,25.691975188986195,-1.083524881718049,0.34550565857218174,30.877823911069076,10.59104208217123,-2.5339432149133265,0.005154521622785584,-0.0754265833521334,-0.03104675880899042,-0.05049679501025805,0.0012950492781652295,-13.715518631032008,11.506078898343546,-2.040111177920539,-2.0816604881147573,-2.9117840751783324,-2.9810446159599944,-0.0754265833521334,-0.03104675880899042,-0.05049679501025805,0.0012950492781652295,921.7120216928495,1613.9785868163292,429.4867075121584,1121.753272635638,-1290.7120487500201,-1494.712110308737,-521.959114503312,45.52204403101767,452.037309472361,1213.3867450302832,385.27508859190516,1284.9382117652078,-96487.90029170758
30.416812442014866,1.1981476969622609,-0.02482833044963074,0.06981169093729583,24.75202481462209,-0.9132640642702547,0.4057295041576087,29.446138164620145,9.652411752845916,-2.508801383651441,0.014204095008124683,-0.07406479334135334,-0.025670511447384494,-0.05200532859685015,-0.003935738931051781,-13.292433142476407,12.0602185455954,-2.1187729968270608,-2.151051918508157,-2.727336686752328,-2.794718538943167,-0.07406479334135334,-0.025670511447384494,-0.05200532859685015,-0.003935738931051781,868.5233202582795,1594.1298575469946,394.15639731104886,1119.7629345997639,-1216.5368853733924,-1276.2788648067133,-494.2910777118168,-141.42224584348452,450.41870336901314,1291.1675110920125,332.1131216174481,1229.4335993906727,-89189.50416989005
30.914543954604028,1.2183732355651424,-0.00794266517862116,0.0698125017238559,24.476561188895495,-0.8781355276777041,0.4473329577795373,29.035172114361913,9.370802109399598,-2.500311546862335,0.01696469821910078,-0.07222815951807524,-0.025770516333344904,-0.05151226569421127,-0.007509378471972167,-13.177803581340672,12.154475425146112,-2.1290796068995133,-2.1580293162472013,-2.742865812071263,-2.8114022447857767,-0.07222815951807524,-0.025770516333344904,-0.05151226569421127,-0.007509378471972167,855.3945740410445,1586.6721037523148,385.83290418145646,1117.1104338927266,-1195.4663647618706,-1273.2195508347795,-481.20946962772985,-266.8956608068692,455.13496476506833,1287.7186064610812,328.2387736916997,1224.1530135230166,-90228.96037774555
31.412275467193194,1.2388320759831217,0.00924533167265704,0.06966068506631115,24.197656027763163,-0.862350263211829,0.5088816132724894,28.627030316132647,9.085367661996697,-2.4907833092461815,0.01931649097234257,-0.07031280573707922,-0.026400784836312877,-0.05071392647642472,-0.010087443330804835,-12.939183935397104,12.18645428944461,-2.1186191868000592,-2.1442330142614083,-2.836401100452611,-2.9080940116946716,-0.07031280573707922,-0.026400784836312877,-0.05071392647642472,-0.010087443330804835,841.190823909754,1574.3923712416283,382.3141597440279,1115.5157070759021,-1173.2925915570672,-1289.444278990889,-469.740666446676,-350.90052915220207,455.5940883750078,1265.7438798285846,336.5732438044815,1241.172096744303,-90657.2148378891
33.122725665647174,1.3107965004984559,0.061805378357669666,0.06981291806082889,23.277948954278642,-1.016178693097123,0.6873808897771352,27.248743323282515,8.074220767533411,-2.446535561864896,0.020283476177150792,-0.06922317113443165,-0.023821799855268114,-0.04858182864720142,-0.010498947778644404,-11.700284340832281,12.692347821663272,-2.221084129312812,-2.2489616530727314,-3.61798545750655,-3.7129927998676817,-0.06922317113443165,-0.023821799855268114,-0.04858182864720142,-0.010498947778644404,772.2032278710033,1535.8420059016532,370.0509527224221,1133.689730753072,-1075.4611147965436,-1146.5767227772353,-415.5979157085706,-329.2278162290364,444.94169947843466,1308.9715192325164,398.3271235224492,1441.053327444388,-79150.81672024295
34.83317586410115,1.385508008673806,0.0943404687891975,0.065867343955739,22.35039217025974,-1.235056284437938,0.6815892808253021,25.912848552341423,7.012851858282798,-2.394312897134079,0.008807636222766547,-0.07483992323390938,-0.012500508391099962,-0.05013826976391081,-0.003726201500636352,-11.7772978226074,13.40752802073336,-2.1725529308679916,-2.2182939626742018,-4.306501845762422,-4.424210453847266,-0.07483992323390938,-0.012500508391099962,-0.05013826976391081,-0.003726201500636352,728.873404844489,1535.541206422496,321.0985036813336,1127.766305259341,-1035.1537248422921,-650.4478310850576,-345.0247905642006,-105.03849269801616,390.36256061457476,1387.9843951501502,384.67878246168925,1557.4847068144188,-56287.76880107413
35.33090737669032,1.4077982381984613,0.09817849480481917,0.06298365589845577,22.066253868771142,-1.262637127609076,0.6202773460139346,25.53296823538482,6.6939360676883375,-2.3794680479515686,0.0028642122032133434,-0.07739549392099686,-0.007302572571985651,-0.051798956510079326,-0.0015147658755706,-12.41595356089045,13.579031329599466,-2.05622743541043,-2.108785720892145,-4.323379042496277,-4.4430877862627565,-0.07739549392099686,-0.007302572571985651,-0.051798956510079326,-0.0015147658755706,731.8090072822567,1548.7953550465884,293.1572826718921,1110.143630436224,-1048.7402543896399,-396.85680024795744,-321.3799765871794,-42.02906812723644,362.88294257548245,1374.2294109263698,348.8889661337435,1540.4235706037705,-47924.84717777016
35.82863888927948,1.4303830005245255,0.09999930237061863,0.05796418124636889,21.757219160019506,-1.2319440134636652,0.5258617853988286,25.157095433185162,6.370342819282601,-2.3667998072782392,-0.0038105874668221537,-0.07868494264173653,-0.009193493572114674,-0.053494914633030646,0.002887919437237013,-13.728605727147405,13.624713559881506,-1.827436763171624,-1.885074095239444,-4.135976502690938,-4.252184644170604,-0.07868494264173653,-0.009193493572114674,-0.053494914633030646,0.002887919437237013,753.9970464554781,1573.7318788185971,252.46012264677626,1072.1949550098952,-1090.2582664857623,-519.8369006240429,-288.0255554343959,80.03109754918569,329.8406003738951,1275.0965020619362,289.75703498989327,1469.8007498368158,-46993.28684292319
37.539089087733466,1.5109922606419677,0.09184787210362913,0.03374193567849757,20.468894598414376,-0.8899694103754694,0.2666168909614506,23.89999380095813,5.218737194106549,-2.33480082004327,-0.026857186190830707,-0.07860255714296509,-0.03517973898887295,-0.06413756001755846,-0.008608791691468255,-16.733019159210546,11.125801015190854,-0.29456932253643514,-0.34953202218582313,-2.960256443912242,-3.0489002123312545,-0.07860255714296509,-0.03517973898887295,-0.06413756001755846,-0.008608791691468255,870.0273021196491,1539.4143384055124,223.4685697212485,892.8556060071116,-1291.0233467261016,-1739.0983474953205,-305.4747190205815,-236.96148086871983,62.627848203634066,208.54351611873878,183.61524881455972,1038.0913195515777,-79258.22512261958
39.24953928618744,1.5974328376550277,0.07112779779012654,0.006167994387496403,19.009522479340212,-0.37035565640595924,-0.008271087037488835,22.688314150852797,4.015985499044787,-2.323737965943808,-0.044289081853649395,-0.07188961012333578,-0.059803767963320265,-0.07470598128996501,-0.04974715711173233,-16.3202851710617,5.69588838704039,1.4182154604712667,1.3820240348464727,-1.081709381605109,-1.1166840045423079,-0.07188961012333578,-0.059803767963320265,-0.07470598128996501,-0.04974715711173233,991.4031129883502,1334.0978853656566,361.73707800303816,704.4318503803444,-1410.7402710147742,-1791.1368072695955,-554.0329112169239,-936.5815913927041,-357.1406140072533,-518.8635819962573,104.46920677019581,264.5110014857551,-94928.56688521858
39.74727079877661,1.6239051445781694,0.06456950932491717,-0.001085944080010438,18.586456065609195,-0.22123644167300419,-0.11311537002696986,22.342722670067573,3.658294870715241,-2.3250271473608146,-0.04722074614955832,-0.0687586844968368,-0.06078654466857531,-0.0763524566715021,-0.06510557465996393,-15.354839057177319,3.787570561682542,1.7448921148698069,1.7131110334548036,-0.4340624582324601,-0.44842462549654216,-0.0687586844968368,-0.06078654466857531,-0.0763524566715021,-0.06510557465996393,1017.031527665431,1244.911806087323,432.41302015315506,660.293298575047,-1415.6247770950372,-1660.8709117199621,-667.4835509352683,-976.8162402906004,-459.56096416090526,-589.712273551999,49.387013030882365,85.99296798176887,-93318.98277988014
40.24500231136577,1.6509749024129654,0.058062142530375,-0.009127203634030747,18.17622003659397,-0.05068809190065734,-0.24193135485526082,21.998490517153936,3.299099071402482,-2.3295719421529566,-0.049116326457327095,-0.07726154172971204,-0.06765126571412224,-0.06721318798188436,-0.06867594004951502,-14.20808101536033,2.182944329718678,2.0237372319813223,1.9969861407236464,0.3609899409608335,0.37320859703521675,-0.07726154172971204,-0.06765126571412224,-0.06721318798188436,-0.06867594004951502,1029.6849921000696,1161.022469127772,498.7514078174672,630.0888848451696,-1426.574529944296,-1566.18180178798,-751.6228948322498,-944.339063019199,-484.17083664655917,-589.7979962433426,-51.90799826259294,-65.906543617925,-90529.62545768014
41.95545250981976,1.7482681320476816,0.04185972869200989,-0.04210267899908542,17.079583823345146,0.5788462947559798,-0.5804418234057832,20.818229545661566,2.0601910084833044,-2.3719371761053583,-0.06034840121148381,-0.0567881152250448,-0.08637730431554008,-0.02221017033626307,-0.06043842532192474,-8.348634530782753,-4.321771908374518,3.7504422321636626,3.7609982856671005,3.2262131849942524,3.3422947885409204,-0.0567881152250448,-0.08637730431554008,-0.02221017033626307,-0.06043842532192474,1064.8198890320032,804.799232065338,809.980821574343,549.9601646076778,-1194.643909795885,-1040.9242421033937,-514.1790696552257,-694.8183920805398,-1010.4453186897613,-603.6895588821801,-931.5826982119353,-496.7284498763118,-64086.966711850735
43.665902708273734,1.8505947836387728,0.02580953045300738,-0.06709392151991249,16.41225475120433,0.9096577270482965,-0.6768964488890961,19.606836634641013,0.8511778411634996,-2.438171870750444,-0.0821182863500149,-0.007062311263791163,-0.07504679705609824,0.0007269878753482655,-0.0431254057338211,-3.964316860618624,-10.901234602447632,5.864134742690054,5.9076521267979,4.710287422667365,4.886340642344353,-0.007062311263791163,-0.07504679705609824,0.0007269878753482655,-0.0431254057338211,1146.295892216896,490.4199591109556,1098.3501917679914,442.47425866205117,-158.07346016715545,-537.2650398734073,19.123813808452805,-400.1333515148787,-1678.988763968465,-569.9959608213951,-1554.937352554225,-587.730962052329,-23903.813919872387
44.1636342208629,1.8810201561111521,0.019403640724706867,-0.06981235917778106,16.288223482927762,0.8810574405777636,-0.6443418716725804,19.241849855375225,0.5119119722503196,-2.458629639337707,-0.0910390735806999,0.003936416474391259,-0.061873820861071994,-0.004844316391040554,-0.040645434549696574,-3.800978028410585,-12.555691805064784,6.380068584847755,6.424105499607956,4.5700751423035815,4.742260886200425,0.003936416474391259,-0.061873820861071994,-0.004844316391040554,-0.040645434549696574,1189.9274130070828,434.5105837436808,1149.5395347037484,394.12270544034635,83.5035022882623,-415.4382694140555,-135.4309870354236,-349.0141109713594,-1746.5239558315566,-578.234787178721,-1598.4871117681255,-526.6405410543244,-19893.735475031794
44.661365733452065,1.911678208671084,0.010776536074336882,-0.06981272709309784,16.16108331144287,0.8035824577223158,-0.7003002760330101,18.869335406765906,0.18142451878759844,-2.4788802880969514,-0.09901112806953544,0.001444149167122643,-0.05162343809705183,-0.005399236888592346,-0.03611319294055508,-3.439178459828909,-13.70500620117956,6.4119051910336085,6.440093869353122,4.470956685060537,4.640790861547161,0.001444149167122643,-0.05162343809705183,-0.005399236888592346,-0.03611319294055508,1213.6177819386378,389.0521195866773,1190.1968197223714,365.6311573704109,30.97744230787062,-334.1661597482696,-158.131155708228,-300.5160954368706,-1775.360762583316,-554.7644481784805,-1634.3921241047715,-497.7943297870932,-19112.91142687659
46.37181593190605,2.0186875377884723,-0.034251554182005414,-0.06981299224522373,15.78803795044439,0.6309194828366226,-0.9716859503167203,17.522938168579426,-0.8720281493021641,-2.568409184037891,-0.12168983103252232,0.0026782300909297583,-0.02628497099557845,-0.004420065370100262,-0.02686211221896171,-2.348307828784425,-15.964824814897675,6.297830712532527,6.271482012373058,4.6265267086137385,4.806448139304576,0.0026782300909297583,-0.02628497099557845,-0.004420065370100262,-0.02686211221896171,1249.0732414669706,288.5449385541184,1276.8338795762193,316.3055766633671,59.861635891622164,-148.80626244637165,-134.13218052433407,-200.20743247570238,-1812.5469215785677,-465.3857397448173,-1753.312660622204,-460.95068386366415,-13930.603028177666
48.082266130360026,2.1274865772871165,-0.08202819345068836,-0.06981259182918959,15.526466609887319,0.7195007291652139,-1.2448635750841408,16.077936206709467,-1.7727464103096637,-2.688967369902348,-0.12946128148513375,0.0043103571771931455,-0.009984070669698052,-0.006137547362279167,-0.015979358382713128,-0.936544166507385,-16.859769580922887,6.217928230497209,6.170268571253692,5.698028458383522,5.922888639507559,0.0043103571771931455,-0.009984070669698052,-0.006137547362279167,-0.015979358382713128,1237.9424141395746,223.5695005104949,1332.277068209727,317.9041545806474,96.89401602192771,-46.700623251461664,-159.49850315903754,-107.53879739595067,-1797.4178953308638,-376.5483385673315,-1883.7633671705214,-518.0740334096686,-10482.075790148898
48.57999764294919,2.1593377701012173,-0.09248766410928547,-0.06981251603239962,15.473642452030017,0.8161885604526218,-1.3020166131003765,15.639685275644469,-2.0014109257175434,-2.7299042119439356,-0.1274951676337189,0.0020834539782287054,-0.005758732422739814,-0.008490236866944948,-0.010359334697134792,-0.3608159104373346,-17.099168078575715,6.277106876342402,6.236128016512711,6.206172456681591,6.45161711510597,0.0020834539782287054,-0.005758732422739814,-0.008490236866944948,-0.010359334697134792,1230.5769674910111,201.80057400314956,1352.1402904876882,323.3638969998268,46.20804646628473,-24.27374464553749,-203.52285587674467,-66.64763730772566,-1792.1587101284688,-343.2096322355298,-1911.811653157025,-542.7594387833805,-10768.264066403965
49.07772915553835,2.191203567327032,-0.09999976181201453,-0.06928411676025917,15.429537990366507,0.9204699186353671,-1.3673107271809184,15.19474036756338,-2.214929944127759,-2.772023350539605,-0.12329888138725581,0.001883996303507767,0.004949978936801426,-0.0069418363946757095,-0.008841832269828905,0.1918925760881139,-17.236301702909614,6.212776154237068,6.17871679174608,6.760527219183161,7.028258905303366,0.001883996303507767,0.004949978936801426,-0.0069418363946757095,-0.008841832269828905,1220.8343829975297,183.80730533486837,1368.5474049864167,331.5203273237555,41.985806391547094,19.20090000248825,-152.86624185641168,-53.88608029347509,-1780.296018575661,-312.77342631168904,-1934.157938973327,-564.6414048873658,-8924.934946714884
50.788179353992334,2.3008417384069197,-0.08878825568204624,-0.06980583480829658,15.500443022666646,1.4086707303764645,-1.3789586118679031,13.612989893048502,-2.822782131213915,-2.927175400288514,-0.09655058699266578,0.004838832423017654,-0.004512441011358713,-0.004861709522055528,0.023031557711194892,4.807189034754896,-17.434073709022407,6.418286999025447,6.453564623294792,8.497948697032033,8.831002624734909,0.004838832423017654,-0.004512441011358713,-0.004861709522055528,0.023031557711194892,1118.564785196424,69.63869757920804,1485.2682227456778,436.3421351284619,97.05025135317487,-6.469480505437156,-84.83780695445094,138.55217875893942,-1663.618739109915,-121.41921565576432,-1999.74999042814,-722.0886370920814,-3174.4812647054896
52.49862955244631,2.4082195156156874,-0.0363670861612055,-0.055943975325457224,16.161434528159933,1.5333760712497913,-0.8657510049009464,11.962745280562782,-3.233506951611919,-3.052861786862745,-0.05914073008857,0.010823166898867862,-0.04498370540563848,0.03830193229871473,0.07954086611006138,11.436363273880389,-16.877561732057742,6.178951802517502,6.285225740005991,7.376393403970509,7.654518091304753,0.010823166898867862,-0.04498370540563848,0.03830193229871473,0.07954086611006138,956.3139812050999,-59.12940234349816,1638.3915527853082,622.9481692367102,196.646607416872,49.6061816153135,773.7911295110106,574.9340828899493,-1448.5246078887953,92.19329120565996,-1987.9726975446042,-765.1915792541649,21371.94096880805
52.99636106503548,2.438578383594087,-0.01640607493668617,-0.04582652436606553,16.51072104862518,1.395327115520689,-0.5811414578788594,11.472137613834448,-3.315607725563364,-3.0753371500086253,-0.04783673550243629,0.01264337479504047,-0.054947557010176985,0.06723934273641738,0.09748231414926241,13.33165694737831,-16.511839367673325,5.820889172133037,5.935623326610371,6.099785163678442,6.325657376628251,0.01264337479504047,-0.054947557010176985,0.06723934273641738,0.09748231414926241,906.7430251433168,-86.69656656463223,1679.239366298225,685.7997745902758,231.31845966770243,87.03433082241531,1361.2901036235528,753.5435079418962,-1367.326517858188,125.4188212166523,-1650.6258385532528,-677.7755154834891,35878.9887746024
53.49409257762464,2.468293704372741,0.0022229970393268616,-0.027504889801414273,16.931797164401303,1.0684219380896784,-0.21674539546430466,10.978361432245753,-3.382274718684328,-3.085387203304535,-0.03604318588977745,0.026677614046477085,-0.02205997100567542,0.06949499788354463,0.09334667916157542,14.575232659466941,-15.771927919896939,5.006184249918878,5.112986470116979,4.043005543116694,4.189581837400644,0.026677614046477085,-0.02205997100567542,0.06949499788354463,0.09334667916157542,862.8612986044732,-86.0613068240371,1694.9918544571551,746.069249028645,502.28786544438896,45.22160453879713,1775.3895598947138,950.3715240369733,-1202.1605330235798,136.26640039722858,-1340.0252028056366,-575.6615191350514,51198.21624916625
55.204542776078625,2.5652992555828225,0.05289403630459805,0.03805270216218052,18.340751770221566,-0.25477793957944833,0.31735055287184427,9.272369262979815,-3.519581710403372,-3.0765422266189226,0.005648513822894983,0.06506357305003135,0.04472231411470721,0.06242463906517521,0.0720894007399648,14.441164475674617,-7.511737890556118,-0.2832371395818674,-0.2818821649469006,-1.4563802141842386,-1.5052048601831522,0.06506357305003135,0.04472231411470721,0.06242463906517521,0.0720894007399648,645.3131228029318,193.36723980087766,1473.3986806836228,1021.4527976815688,957.1082474204024,250.49033967387388,1957.6812868237798,1444.1842192245488,53.261505935937876,20.04767424150711,573.1673104042347,386.9890753030372,79998.49131936005
56.9149929745326,2.6554866425828183,0.08657538347313873,0.06981293712664642,19.55288634865814,-1.0594232615360628,0.24676089029961626,7.562571453596741,-3.5905068653952084,-3.0459970646544794,0.04079936457727378,0.06829277377097111,0.030065023604857598,0.07761502860636489,0.07259792379162998,12.335437188938139,2.7171069975148643,-4.79209756155398,-4.869137526504192,-3.5444620388827017,-3.6555597107061355,0.06829277377097111,0.030065023604857598,0.07761502860636489,0.07259792379162998,413.19399667823245,576.6695251237549,1143.5499803870673,1307.0255088325896,489.82836314778086,390.0736507547399,1410.460702247209,1539.7214951208032,454.9189678347872,810.2110394608643,843.6007998434515,1008.0637647697524,68371.51625547138
57.41272448712177,2.680656520554747,0.09387799405133143,0.06560300035854513,19.84274911284513,-1.0406254018253993,0.20803321210858702,7.066258178596614,-3.6129193006980294,-3.0415803277644993,0.04823234821773692,0.05888917416733138,0.0086595591892044,0.09471118265986483,0.08297282311946011,12.26457349906399,4.769455017778037,-5.222158301104802,-5.298184494587418,-3.364505297068926,-3.468425714367623,0.05888917416733138,0.0086595591892044,0.09471118265986483,0.08297282311946011,359.51319287401554,646.4688336130579,1087.0399146154414,1373.9955553544837,383.9485956780172,127.14239690289149,1380.3752211355973,1649.2618784755266,449.13833357721876,994.7154092841877,657.0188049424427,907.3933731043646,63122.27042464662
57.91045599971093,2.705467164143469,0.09999961305398011,0.05987467928695876,20.140468083454483,-1.0134587936923642,0.24647126387920296,6.570241727898843,-3.6381711229908418,-3.035876225211399,0.05424846750428903,0.058853683530365505,0.005035813329634557,0.09181226596175038,0.08444601993846962,12.344925694994242,6.285127085067884,-5.364279912854754,-5.433009089096547,-3.3138974365742198,-3.414725994599517,0.058853683530365505,0.005035813329634557,0.09181226596175038,0.08444601993846962,318.6617901513639,696.80827923644,1050.5534723283401,1428.6999614134163,336.95550439431935,78.05979438970128,1348.375615981938,1705.7767823496729,406.0053193276222,1077.4253009200606,649.2918103085191,909.0642750854729,62233.614096149046
59.62090619816492,2.7879604019240505,0.09999945524730168,0.030563011315699162,21.16153512256631,-0.8539216297560108,0.3273105448950167,4.8697315033605495,-3.7609470433632888,-3.0118439756209634,0.0669037370722563,0.06063505035129364,0.007930953387554859,0.08693136882376824,0.08284519582688966,12.908594686432517,9.352705465916983,-5.3747411467328865,-5.419426834225957,-2.880538170899197,-2.963939049588031,0.06063505035129364,0.007930953387554859,0.08693136882376824,0.08284519582688966,236.5717798765167,799.2800095614393,997.1595398139341,1559.8677694988567,256.47632328636,139.22697948858396,1326.659184671682,1880.85718050418,301.37331676471507,1214.930863481839,580.8043725485284,880.2804989032682,67120.64111274887
61.331356396618894,2.8666493790171397,0.0661521264473861,-0.0008827519290006155,22.168692932410266,-0.6469320551964912,0.3458319185905553,3.1740900732434953,-3.9450177750620035,-2.9849240665891656,0.0701377050735413,0.05989458852483775,0.0161529556510428,0.08210421667232344,0.07240418400371451,13.152751073956686,10.35082099965666,-4.92358676984139,-4.948621973306577,-2.2574342343930094,-2.3198262407959813,0.05989458852483775,0.0161529556510428,0.08210421667232344,0.07240418400371451,225.1335727930279,847.893712276503,999.3323265167767,1622.0924660002518,253.82060246589435,315.40734419376156,1375.8134266751015,2026.7783936859896,275.16026310549876,1226.5388460306099,494.35709505047805,830.4458492426082,77678.31080267952
61.829087909208056,2.8889238488141977,0.0497089647878766,-0.0080338031828805,22.45713908350769,-0.5881305066480111,0.34272469881432094,2.681319485493211,-4.011132804905658,-2.977294857741821,0.06987295664897185,0.05817787878961579,0.016080451261851373,0.07924112996523376,0.06798392234832713,13.020094867277521,10.486851168873553,-4.755554542464551,-4.776091223676476,-2.075638006169328,-2.1322680076570895,0.05817787878961579,0.016080451261851373,0.07924112996523376,0.06798392234832713,231.377531984242,862.3219659462211,999.8840368096592,1630.8284707716382,260.94496048720976,327.3494274958218,1388.2551550470666,2055.3396340831855,280.38023380801474,1230.719880099679,472.82497685889956,817.3565789411682,79818.89411930124
62.32681942179722,2.910931483038226,0.0316501299376107,-0.014359308101632285,22.73796158906574,-0.5238835393144994,0.35350411764127,2.1888944773217016,-4.08213680450474,-2.9699785404868564,0.06910563231183264,0.05541038970500696,0.012766486891469716,0.0780298475758118,0.06035327066406885,12.872831692657494,10.532458549222232,-4.5200511056396175,-4.53516706770119,-1.9092801026966153,-1.960726544605798,0.05541038970500696,0.012766486891469716,0.0780298475758118,0.06035327066406885,240.58728558170668,874.2757007745815,1002.700385871977,1636.3888010648518,270.11536904086245,275.70432054354546,1402.1960652884568,2056.7035812743643,288.259244209007,1234.1748921405233,444.9420645941572,836.2360459707384,79998.64159315018
64.0372696202512,2.9846950798724317,-0.033528859342572916,-0.020099091355802075,23.657521095233065,-0.38635556516954705,0.3803905521165831,0.5010456002719639,-4.365531273601155,-2.9416734617917597,0.06252545571547886,0.03872259119618196,0.013892391346982804,0.05192158519406226,0.04448770381134322,12.41063696123378,10.893538376888484,-3.7383848544997518,-3.742424350720441,-1.5518434332757753,-1.592022724948504,0.03872259119618196,0.013892391346982804,0.05192158519406226,0.04448770381134322,264.51701644312527,919.9299039121184,1006.6957228000956,1662.1086102690888,254.5880139224671,352.42980752567536,1316.985752029174,1963.76040733786,315.24945293546824,1183.4169624210303,493.09466544936845,857.9522679645061,79999.57564916594
65.74771981870518,3.0557655939499764,-0.08498596089807903,-0.015189854865111922,24.518132479377563,-0.15040918871482825,0.19328226698118206,-1.1771116702057414,-4.705382002189005,-2.9199129349257786,0.052279387628714855,0.019494845702353793,0.032377737278166126,0.016161160749691397,0.04899879483642912,12.00680122788641,10.24548935877597,-2.965912613855929,-2.9651761716145955,-0.655368146145952,-0.6717402908354936,0.019494845702353793,0.032377737278166126,0.016161160749691397,0.04899879483642912,316.7481890673591,933.1710199094175,1041.704282187137,1658.1271130291955,185.87415777134055,827.0850516766122,626.8131516277026,2134.3063257189456,356.78004988488664,944.3272558067333,309.1485435373438,357.6207353140409,79999.41959028218
66.24545133129435,3.0759778396695605,-0.09389687059855999,-0.014416013287290409,24.759656236920378,-0.020549953174805034,0.06139853940098788,-1.6630756073292328,-4.814023508115705,-2.9169596522235555,0.04906813563130209,0.015034058627742803,0.040636733891564615,0.008515103651855134,0.05495258173737847,11.898444051983931,9.618344175272131,-2.7398742344606175,-2.7381049411369807,-0.1439378524451366,-0.1474984471352565,0.015034058627742803,0.040636733891564615,0.008515103651855134,0.05495258173737847,344.83220822655477,923.5226676974733,1065.2033037519116,1643.89376322283,162.51550057330877,979.0580903788799,354.3500349441922,2197.9435349340097,372.3271833681489,826.0348768264582,72.61039285053508,72.65794029293632,78813.21793530967
66.74318284388352,3.095989853038116,-0.09999852490587796,-0.015861594618807536,24.997124933224416,0.16966798444022008,-0.04164035818887686,-2.148124546237829,-4.926429671438672,-2.9171566872771053,0.04597051284785912,0.011841304246776761,0.04704750019019717,0.006894586972276938,0.059664586395817225,11.794130139596142,8.550096338589338,-2.3292897211010306,-2.3218267169058393,0.4493755674419429,0.46038446742924793,0.011841304246776761,0.04704750019019717,0.006894586972276938,0.059664586395817225,386.04179881985215,900.4608181994422,1102.0156484721215,1616.4346678517118,150.59789530010366,1076.633645513656,297.54976992521154,2183.8304798843164,370.7577878403289,667.301667623491,-234.76199240229957,-209.19427982015725,79999.36392992808
68.45363304233749,3.1633436683283507,-0.09999843415794347,-0.02216789468800956,25.775163813646472,0.7684177371325106,-0.15435991444281322,-3.8093488782653053,-5.333205935481397,-2.924753103139462,0.03673325357613878,0.004783605148690497,0.05896959818101641,0.010439426039576932,0.06984661442582744,11.46063554502492,3.3989671758877864,-0.7029588905225497,-0.6696808868626122,1.9218523087717871,1.9674626715724242,0.004783605148690497,0.05896959818101641,0.010439426039576932,0.06984661442582744,570.975934870339,775.4757781799512,1272.9720890906851,1477.4719324002976,102.36170699677156,1107.5896017809334,468.8800844396273,1926.707792123997,185.8170779944841,159.26416472304143,-1044.7181194534112,-690.7470689611994,79999.5600829795
70.16408324079147,3.228708269789281,-0.07881925629026752,-0.02368785782880909,26.506894807790534,1.0444172616826237,-0.07728822041807622,-5.4668514826270265,-5.7534533284873515,-2.933415620040276,0.029586830284136438,0.0006649027833838582,0.061338683730664936,0.017829759835138254,0.07282946217909664,11.158482707625163,-1.8796887044848027,0.39649894107232186,0.44474715537264436,2.344866182785575,2.3989412847694727,0.0006649027833838582,0.061338683730664936,0.017829759835138254,0.07282946217909664,758.3069479114099,645.214933294473,1447.7538226543206,1334.6618080373837,19.391380086835348,942.0632533417421,835.3099471450074,1731.364896760875,-141.77625612887152,-86.9669487686132,-1329.2785306229332,-732.8601560198694,79999.21645818376
70.66181475338064,3.2473941406049653,-0.07080151918442444,-0.021942547874724546,26.713491579909224,1.0194683805361973,-0.05379961782215879,-5.949419269758451,-5.87484024445247,-2.934323389119462,0.02788309815383874,-0.0005685204423957833,0.06138077506851699,0.01877290630773427,0.07274201331970802,11.075063300018337,-3.0329543529482974,0.4672925538199971,0.5145505962372013,2.239771453264044,2.291024127640209,-0.0005685204423957833,0.06138077506851699,0.01877290630773427,0.07274201331970802,801.1202790040445,618.6417030580642,1487.12267038566,1304.64409443968,-17.54844534601957,903.9315912635931,910.1366303929768,1711.3493213429438,-176.57242431171292,-96.55390409632909,-1311.4717101599704,-692.278876172701,79890.31250054642
71.15954626596981,3.265937331359952,-0.06259566404290237,-0.019832147545686893,26.917399498671738,0.9724740674428656,-0.032290762876650676,-6.432245995763792,-5.99521896352224,-2.9350665936981755,0.026284754052406236,-0.0018511911420764607,0.061161710099389484,0.01956502002065315,0.07236652741322651,10.993343354264145,-3.9806674565412212,0.4827948430773457,0.5279659739247331,2.0930018045268444,2.140535376994702,-0.0018511911420764607,0.061161710099389484,0.01956502002065315,0.07236652741322651,837.6765670218113,598.1785580662734,1520.3123100123369,1280.814301056799,-59.86600398469553,874.0209702062623,982.4964479287995,1700.6519816508992,-190.8753495613722,-96.16370482677897,-1266.780293257975,-645.2916410270473,79999.16939330418
72.86999646442378,3.3286460271441602,-0.03599145420716768,-0.01077305722811208,27.59694790307919,0.7068994048359847,-0.02735782332812011,-8.09469894890454,-6.396243845246408,-2.936505186609222,0.02169087454824282,-0.006864222925640396,0.05916535200052155,0.020389065747442446,0.06999507485935312,10.723517456815792,-5.441712100345516,0.1612164511721841,0.192324468427398,1.4901991010094182,1.5232149846972636,-0.006864222925640396,0.05916535200052155,0.020389065747442446,0.06999507485935312,908.7205451065588,581.3183625403162,1580.2837846462633,1252.8816020800207,-241.67295851574508,844.992719044594,1132.2625593909565,1720.9207861069112,-69.21002562364325,-34.939085356581735,-991.1551834037506,-477.2599740709423,79999.42107779579
74.58044666287776,3.389886963888623,-0.011842472341501136,-0.0035273959455328755,28.243694878437353,0.4782807951276967,-0.10810877110083668,-9.76210652381601,-6.777083184424781,-2.940191874262915,0.01817921645471745,-0.011824971056006252,0.05587669820857703,0.020604797128024772,0.06707239815052184,10.461667072726813,-5.095090308039381,-0.2648627072486302,-0.2480465967459653,1.1097152540738284,1.1337372886639057,-0.011824971056006252,0.05587669820857703,0.020604797128024772,0.06707239815052184,924.6763047820525,618.1287226124102,1585.5019844621097,1278.9544022924674,-416.7191375210655,880.1000166218687,1184.6093670022574,1773.823562594799,113.84206579887069,49.48369955782818,-762.4582989430877,-379.67559418421996,79998.97046355154
75.07817817546693,3.4074516486171103,-0.005273435846691107,-0.002625948306492276,28.42573517783365,0.4559238506334261,-0.14372250770282657,-10.24823633100183,-6.8840048751306835,-2.9424338086700565,0.017302353293710285,-0.01307278598688821,0.054796102777398416,0.020991367943472318,0.06632942947406834,10.385264135878858,-4.837692454225348,-0.3240813585680757,-0.3097280612745597,1.1071574154577537,1.1309689750051004,-0.01307278598688821,0.054796102777398416,0.020991367943472318,0.06632942947406834,924.5074512258353,633.4462853848391,1582.1898063560448,1291.1286405150486,-457.65595456506327,894.6422963428482,1200.4077789705927,1786.7287341016263,138.42300680080993,63.95601001594599,-756.8923400045151,-385.27365188121655,80349.87462194113
75.5759096880561,3.4249053892823524,0.0013416117367322981,-0.0023146533359213253,28.605047473572984,0.4533627096634958,-0.17816077148454107,-10.73469586448239,-6.989500395971909,-2.9452299676033795,0.016475124973648274,-0.014459152617395379,0.053592433822982864,0.02117037692559668,0.06553034415918355,10.307425311686204,-4.624570558220859,-0.34351869004964103,-0.33068462290312833,1.1423482002967638,1.166760547322797,-0.014459152617395379,0.053592433822982864,0.02117037692559668,0.06553034415918355,925.65442330816,647.4157979871034,1580.1211743113395,1301.8825489902829,-503.3099755667687,906.2118926556362,1203.883211265507,1794.9196774298582,145.93686321219752,70.61057872020574,-776.8546483815691,-403.6704428319701,79998.87290759571
77.28635988651007,3.4840836567878277,0.025378141548124965,-0.005338522522002476,29.200095392045064,0.5741549485682526,-0.26674430352333417,-12.408771263848086,-7.341849618151866,-2.958676778857481,0.013927367427513215,-0.017485382057510646,0.049385165991084855,0.023780359230872187,0.06301586551132222,10.027048910505352,-4.603859542898321,-0.12031775652343274,-0.10613159318828909,1.4725503834508942,1.5033656922819016,-0.017485382057510646,0.049385165991084855,0.023780359230872187,0.06301586551132222,950.8941155468669,673.9015744534804,1593.6647086866683,1316.6721675932818,-617.5772922105074,913.0496295444392,1295.8036387756003,1776.2019070524884,51.85317016038468,24.658292462320407,-962.341950758487,-534.0383732443224,79999.1849214252
78.99681008496405,3.542101379473951,0.04950171748650229,-0.012334001883484135,29.761502659129683,0.7729432585105551,-0.2942372454463234,-14.08647847890876,-7.677562641435258,-2.9752524450561073,0.011898111794614138,-0.017838782248912475,0.04358732052604636,0.028321830150746866,0.05859182515055867,9.696431232811923,-5.551972728771406,0.31783955180768797,0.33836306040407327,1.8597592618660832,1.897925514583758,-0.017838782248912475,0.04358732052604636,0.028321830150746866,0.05859182515055867,1005.7464028937178,671.7103577246613,1634.3777606914086,1300.341715522352,-665.7479212414581,854.9005358943667,1455.4168917954926,1691.7437406879333,-144.47310389201726,-83.0019283379184,-1151.5472434438282,-688.411837801217,79998.39068197506
79.49454159755322,3.5587814235929556,0.05617479582124882,-0.014670447029846854,29.918387853944015,0.8223794982323219,-0.2879484491508352,-14.575359222852628,-7.771967363012101,-2.9801345072857774,0.011416551416709435,-0.017443262713610668,0.041323266482870435,0.029788498209270656,0.056519698693739,9.58509822427754,-5.9847336335639945,0.44400052935382806,0.46642752851318475,1.9355086003588393,1.9750166040501604,-0.017443262713610668,0.041323266482870435,0.029788498209270656,0.056519698693739,1026.6351856136114,666.5619554289345,1650.4222276789058,1290.3489974942288,-665.2825572428636,822.1986131598275,1509.2765830680269,1655.620326036747,-206.08968295383198,-115.89896453938914,-1183.1529418013636,-725.4064597493374,79809.4794343055
79.99227311014239,3.5753747075324367,0.06233673677578841,-0.016984454388802733,30.072192963744584,0.8615804203466975,-0.27668165248785387,-15.064556881528013,-7.864721113428552,-2.9848183463761653,0.01099241129269801,-0.016562762890031082,0.03897405978914801,0.03117936335695915,0.05433800924586286,9.461910855257827,-6.411515760906984,0.5545937935123583,0.5786571708366244,1.9849108809094578,2.025216336673416,-0.016562762890031082,0.03897405978914801,0.03117936335695915,0.05433800924586286,1047.5492293091886,661.7985289835452,1665.9234099701168,1280.1727096444736,-646.9072995077456,786.8602235682408,1561.7338280142665,1618.7205713675546,-263.3780487639775,-145.69426566880696,-1200.8724786684456,-754.876841866418,79998.28614152013
81.70272330859636,3.6317644850160704,0.07654190729910837,-0.023523283827248262,30.58135791655318,0.8498097220655993,-0.16303032412498278,-16.748303088156188,-8.168566427758643,-2.997823812901003,0.01003244633160776,-0.011772207649938386,0.02699082639260582,0.03611772411699827,0.0406332000858561,8.942645783485565,-7.770451543626192,0.7461707179966243,0.7725556586267353,1.7849114470086669,1.820551887651074,-0.011772207649938386,0.02699082639260582,0.03611772411699827,0.0406332000858561,1117.9941837453443,650.4827189718013,1713.1789183168576,1245.6674535433149,-501.90432527534904,593.0006444293224,1792.9380979799284,1413.308432918769,-385.3988677824289,-210.33347403299297,-1071.7885650528262,-780.2701960328474,79998.64638250555
83.41317350705035,3.687254784682477,0.07454982365601287,-0.02346904950710499,31.05409148866919,0.5028790479195563,0.08076307864112522,-18.435939256784035,-8.448458077746809,-3.0007371112281724,0.009670570474706127,-0.0031548576186851657,0.012663995024290685,0.04202022191486664,0.02329107183098874,8.161231919981784,-7.69155137457167,0.48926727580623725,0.5097892472581891,0.8168858311115827,0.8329548195509734,-0.0031548576186851657,0.012663995024290685,0.04202022191486664,0.02329107183098874,1150.4266122324452,687.6621989524306,1709.9077921872674,1247.1433789072528,-143.6031071556663,323.6835846429909,2068.7602889221207,1031.892746703011,-268.989498809252,-160.4046613333399,-486.78779789781424,-446.8557454510592,79997.68161035777
83.91090501963951,3.7032484167438025,0.06991359516627543,-0.021387681027001657,31.183609011341346,0.31863998612396777,0.17879125823959813,-18.927730223459193,-8.525242718601966,-2.998692838186779,0.009645156420153768,0.0002768387323347919,0.008752389682719587,0.044053845087774615,0.01868450298653881,7.863278689807715,-7.159776200732168,0.30182049102302594,0.3185576424352515,0.35509484298806654,0.36205141686416176,0.0002768387323347919,0.008752389682719587,0.044053845087774615,0.01868450298653881,1145.9976829288794,715.2276768021835,1691.723155041725,1260.953148915029,12.630246870402084,237.2520947307319,2117.522109846953,882.8877243088004,-166.29460173530896,-106.10178296332465,-206.94917452653903,-206.41049711725537,79149.64317207014
84.40863653222868,3.7191799783989614,0.06347595985190256,-0.018060167065984175,31.306808493580398,0.09364586380042096,0.28155775823168644,-19.4197849443218,-8.600322395737827,-2.995037700458055,0.009634046239017478,0.004815226496122739,0.005670084825245096,0.046785747516297035,0.015462759187917412,7.51362786204662,-6.2819944528333975,0.048602484449490155,0.06032121981578173,-0.1827846979952068,-0.1863514271129363,0.004815226496122739,0.005670084825245096,0.046785747516297035,0.015462759187917412,1132.1836232313663,754.2256098708112,1661.684685439203,1283.7266720786479,216.37772544665597,164.18443742638897,2131.126724447014,763.5234047374179,-26.39217389047945,-21.42003574648011,101.36405627386947,110.7743874655091,79997.34226325694
86.11908673068265,3.773484111308683,0.027882699874925556,0.0009864175393252581,31.665337709964433,-0.8328686041667704,0.5488212924544343,-21.112342554773154,-8.848461660698339,-2.9718073368108637,0.009330715500901761,0.01828547199522665,0.0029550550831272736,0.053963681172896474,0.014747007760576929,5.901934616375735,-0.571122446067142,-1.1968813738971067,-1.2096556314093463,-2.1711625761434,-2.2130038056367822,0.01828547199522665,0.0029550550831272736,0.053963681172896474,0.014747007760576929,1011.2158543739068,976.8541072055697,1465.3305840923742,1430.9688369240373,660.5117322065227,108.79883282068893,1796.841526756613,707.1954811615321,527.6042240464723,542.5335000050246,901.4251355824863,1281.7327453576092,79997.70291682442
87.82953692913664,3.827276110896433,-0.018883988677686477,0.026032689543854952,31.872913813954153,-1.7278047519547093,0.6581617209752954,-22.805381990973686,-9.09603714043893,-2.9386257346293316,0.008430803587651959,0.02427354310639768,0.011073649522799501,0.05385950471863366,0.024051733405102842,3.1900065162071565,6.770453257313955,-2.5694154664446156,-2.6093612076121673,-3.8803799621007546,-3.954507946397258,0.02427354310639768,0.011073649522799501,0.05385950471863366,0.024051733405102842,862.038143468462,1269.3844220903266,1188.1489943813222,1595.4952730031864,636.2616154059982,454.3199964832471,1263.8966507191499,920.0189091437096,834.7535967167141,1303.3902092688222,1161.9114323160122,1868.5136855263386,79993.32018632544
88.3272684417258,3.8428662503369404,-0.03277057637581612,0.03335999510435263,31.89547788793029,-1.9317466608254217,0.6556461504994591,-23.2977579290024,-9.170740960761501,-2.928336437877711,0.008021972623092935,0.023823814611563708,0.01521376078651837,0.05173666707324788,0.02751030765439235,2.1068657854475905,8.73537080295596,-2.9106455187210347,-2.9575232328412335,-4.235686351075017,-4.316495302726615,0.023823814611563708,0.01521376078651837,0.05173666707324788,0.02751030765439235,829.4168833475015,1354.9829944674966,1104.2249124452387,1629.791023565234,580.525178863052,621.9342560270965,1117.2699649228375,982.9494214997227,882.2293084440782,1475.2380066005342,1171.3602320303933,1920.2141543830087,80886.85174175957
88.82499995431498,3.8584481016151346,-0.046030272028656095,0.040330326363825796,31.898794686240336,-2.1060660543095224,0.6387410398915263,-23.78981460071599,-9.247576709609959,-2.918154425460303,0.007596152408204325,0.02205565749442006,0.018342695842133428,0.0484096356525029,0.029520102568604198,0.8222469497647023,10.56749035235791,-3.220855614691625,-3.2741078668985923,-4.522953288359649,-4.60918828545287,0.02205565749442006,0.018342695842133428,0.0484096356525029,0.029520102568604198,804.8827002816812,1440.6788140433805,1018.7753339152515,1654.5714476769508,508.2424145717877,744.2123052523878,970.4063543574509,1000.5277469310778,925.7664004420537,1625.2681603873455,1163.268627329,1957.5101081228922,78346.24670786729
90.53545015276895,3.912068051074432,-0.08238944803652302,0.05898221984726445,31.73668202689384,-2.392414676364001,0.529876057667932,-25.477412093830303,-9.533735225866735,-2.8867713421583074,0.006041417843776105,0.0031329221444121235,0.019542280430141272,0.028017533910840123,0.02627576432452068,-4.2213521976141655,15.708948758843208,-3.820254942642848,-3.8869510562920655,-4.920771148381905,-5.01500063283877,0.0031329221444121235,0.019542280430141272,0.028017533910840123,0.02627576432452068,764.0521088771563,1709.1855548637561,738.2632126823826,1683.3966586689824,67.26851071957945,820.7573017676572,459.84891215505826,856.0873415447087,1025.9460624720414,2004.4782337626393,1032.0415596241742,2058.403539815673,45870.0874119092
92.24590035122293,3.966191187359861,-0.099530467630372,0.06857414644134778,31.310303334820716,-2.2491261901497737,0.4104978906582356,-27.1573885708206,-9.862942525592373,-2.8612916108003357,0.004355186407827174,-0.025129118003547887,0.010106183147645534,0.0018648342717630263,0.014782612912318846,-9.27991345725025,18.979688006901974,-3.6936309494873987,-3.7606629704193133,-4.580502130527556,-4.669481856254976,-0.025129118003547887,0.010106183147645534,0.0018648342717630263,0.014782612912318846,770.5988571921064,1912.5172761197625,503.64769059162495,1645.566109519281,-514.2953161264095,494.30700614893857,24.086102366185504,532.7396345522315,949.647358295392,2235.484271897389,751.4954552484414,2094.3527664863595,-6186.304648781524
92.74363186381208,3.98210849652214,-0.0999780590072,0.06950449977458403,31.137442777979647,-2.1370208447880694,0.3865839901929009,-27.644364565118156,-9.968477463420069,-2.855045166345607,0.003841701611924749,-0.03312347831932627,0.006144663622924863,-0.005302595747258223,0.011293199047785123,-10.574507034437952,19.564661450686234,-3.5161759879967076,-3.5806999084209608,-4.372611822533788,-4.458062539483628,-0.03312347831932627,0.006144663622924863,-0.005302595747258223,0.011293199047785123,777.670517545472,1954.7840329256026,448.81854095198764,1625.9320563321182,-663.2840642890515,320.41112040153325,-62.824631202389675,424.4708549124948,886.6510293012625,2257.257143434424,657.5569360644175,2075.255739654012,-21980.365166940912
93.24136337640125,3.9981237930853952,-0.09853779682840276,0.06980016087570837,30.945636640041894,-2.0046277852867758,0.377483217887018,-28.130344123490918,-10.078545185824117,-2.849079647551667,0.003314229982856401,-0.04045182543857821,0.0014502244702850925,-0.011973489900110273,0.007736057500066947,-11.757952327338074,19.965848725092915,-3.2781900335786034,-3.3390420379210437,-4.146479476880669,-4.2280511033261305,-0.04045182543857821,0.0014502244702850925,-0.011973489900110273,0.007736057500066947,787.0134400447009,1988.2645038354153,401.4802331527542,1602.7312969434686,-793.5003355168294,81.08196496513106,-129.44452462289254,302.9221343852391,811.8439340685135,2243.7801861686416,568.8635869163087,2040.8675806495808,-38772.521699374935
94.95181357485522,4.054062745856136,-0.07825921527835548,0.06981092531667966,30.155245158370384,-1.567654651807656,0.42770664661504526,-29.791566769770682,-10.49456352634249,-2.826673262410401,0.0013901295224751072,-0.059737645344193506,-0.011130370790553292,-0.030613544373955612,0.0009099973712959202,-14.873006708634797,19.842433872805717,-2.3481974113299837,-2.39412264466789,-3.5004089159128964,-3.5711669347577204,-0.059737645344193506,-0.011130370790553292,-0.030613544373955612,0.0009099973712959202,837.6176615533701,2031.4434350577144,302.0996057331389,1495.925379237483,-1107.7435359562414,-745.7508926996504,-248.2629179994975,38.22112359417772,554.9942538420152,1900.1216784438889,361.38492356406186,1832.2785751938563,-82483.98542815044
96.6622637733092,4.111683333961382,-0.03972119908848082,0.06963736137904551,29.198656453471287,-1.26197536746507,0.5021583794728636,-31.43695004054125,-10.968897446262964,-2.799980032676276,-0.0006535541024850269,-0.06995942083259363,-0.02044202104528747,-0.0426925470840523,-0.0015323040563905753,-16.8362085870844,17.98899188715187,-1.589696569002058,-1.6237452241240717,-3.12152602869401,-3.186748221110217,-0.06995942083259363,-0.02044202104528747,-0.0426925470840523,-0.0015323040563905753,908.2124172542756,1990.5253175721734,276.9431730758009,1359.256073393699,-1290.3384671702245,-1418.621000024006,-301.89131903211813,-62.856746065883776,376.18014516001625,1331.2127099508261,282.36783866450577,1594.808434001432,-108012.36520654109
97.15999528589838,4.128819720747638,-0.026107980483131895,0.06981013689443281,28.896052166715116,-1.217111540721464,0.5092098099201746,-31.912370015241187,-11.117842221601741,-2.7911566174870943,-0.0012607478412726058,-0.0712450716737021,-0.02295716352719111,-0.04498940672773858,-0.0021669398033857443,-17.251752211419763,17.23682773931409,-1.47212079795342,-1.5047809115670678,-3.0755655818171213,-3.1405113780315035,-0.0712450716737021,-0.02295716352719111,-0.04498940672773858,-0.0021669398033857443,930.8734127037053,1967.9321394988012,279.07796611974436,1316.1366929148403,-1328.9135378964936,-1559.2528073420906,-315.73872364011316,-86.80944797033497,352.55275644108247,1209.2180699805576,276.45432751759995,1536.0867509962818,-112765.53945779406
97.65772679848754,4.146137280894367,-0.012042939195864754,0.06967670104769244,28.582655823061526,-1.1795591910264023,0.5246881665137515,-32.386248112649994,-11.271340770949895,-2.782302283282563,-0.0018114453011283873,-0.07193925676206109,-0.02661001353262126,-0.04687998361848205,-0.00426393794448297,-17.56867000451505,16.478084932413203,-1.35697725108122,-1.3882135647510725,-3.0557435076949995,-3.120987426634902,-0.07193925676206109,-0.02661001353262126,-0.04687998361848205,-0.00426393794448297,951.1511806642116,1942.5599270110556,283.48683191459577,1274.8955782614398,-1362.3559308643814,-1736.8735399698141,-329.30904502828685,-165.8438546613139,329.9633368971685,1075.050226818235,275.23701698706145,1483.8800798966001,-119827.1771673739
99.36817699694151,4.207127295031211,0.035544413324110374,0.06981271112920087,27.4593518439045,-1.1975581744471617,0.57267457481013,-34.00229737006171,-11.83209582987175,-2.7484608591393007,-0.005861425336378357,-0.07346731423655067,-0.036635748448905034,-0.05119111636498224,-0.007986076877308073,-17.897576928613184,14.124854430851508,-1.1375764490020186,-1.1703861353610465,-3.2843571529797266,-3.3573604633904175,-0.07346731423655067,-0.036635748448905034,-0.05119111636498224,-0.007986076877308073,994.5769596152996,1844.4029121491758,308.3832121419682,1158.2091646758442,-1430.8917149537176,-2043.4376286987465,-368.9544419380005,-271.53308307637883,284.6189787104623,783.4460890175591,304.8866935858212,1404.9705452109788,-128034.68143197951
101.0786271953955,4.2706604316274435,0.0742746211287167,0.06863730906792759,26.275567874932673,-1.3285628476782594,0.5522975474891513,-35.59893362951149,-12.440941449463295,-2.7123889563535686,-0.01396675566797644,-0.07528380350819781,-0.04296564775422622,-0.05398875830776447,-0.004429711258292228,-17.892128249069884,12.395339936472926,-1.0579882650048242,-1.101241147168328,-3.6814008832061926,-3.766908983917887,-0.07528380350819781,-0.04296564775422622,-0.05398875830776447,-0.004429711258292228,1010.9432773466286,1756.7124900534295,322.0468723426085,1067.8160850494096,-1456.8467322816293,-2108.0775270989407,-382.6446777124027,-131.81766682357525,263.52147204310614,654.6914398361045,337.81314923274766,1389.4574108621227,-120175.58954864132
101.57635870798467,4.289673406747095,0.08243489927240467,0.06762959845933265,25.9218515380692,-1.366347624523422,0.522200280337823,-36.059869728278976,-12.626500372591238,-2.702047636387388,-0.017221019992064296,-0.07617027646132846,-0.04415460735234797,-0.05487034132936259,-0.0016743730314954864,-17.986142306404194,12.052407801027433,-1.034487388511564,-1.0821764654490935,-3.76788925333802,-3.8566023830351543,-0.07617027646132846,-0.04415460735234797,-0.05487034132936259,-0.0016743730314954864,1013.1754951483705,1738.3120967308478,318.9608563285814,1044.0974579110584,-1461.0774389898352,-2112.359372186386,-379.34716731191384,-48.22009759409933,255.6976734980524,628.4925642943788,337.7848091504916,1378.9240979269944,-116107.23823483863
102.07409022057384,4.308948018202438,0.08915418519534808,0.06605816902174723,25.56128861440167,-1.3897430381446632,0.48483994322956686,-36.519204048563395,-12.815759488325588,-2.692272384131543,-0.020496313105505693,-0.07674123702980157,-0.04668694318582896,-0.0557614792930427,-7.774131488508877e-05,-18.155799269849876,11.721847126342722,-0.9965160248631194,-1.0484612517900302,-3.8149443978186643,-3.9060406089737967,-0.07674123702980157,-0.04668694318582896,-0.0557614792930427,-7.774131488508877e-05,1016.7735278813227,1722.0218508546702,313.64851390827636,1018.8968368816238,-1467.313283539096,-2140.0939023536985,-374.7050427393102,-2.1722577217308077,245.6780550412304,585.4914750969267,332.8436309148253,1356.7920295741885,-113664.04604882617
103.7845404190278,4.3773619241797626,0.09999878846808896,0.056113679317635036,24.24856007014847,-1.3247148147925192,0.33096024389700285,-38.085277826127104,-13.494473633576288,-2.664418799371717,-0.031455812185396996,-0.07700977235289522,-0.05702235255395398,-0.06049846461155971,-0.003915215254607435,-19.050706619049777,10.373120798622415,-0.6357042253162226,-0.6972231716555247,-3.620233227240837,-3.7114463297486426,-0.07700977235289522,-0.05702235255395398,-0.06049846461155971,-0.003915215254607435,1042.0429662545607,1666.1447795931654,293.43168485406284,917.5334981926677,-1511.0959967950264,-2214.359480101801,-371.0157608591072,-101.77315983959805,160.6937752345907,334.6305475992491,289.1239535256509,1200.0564149835357,-111858.5540005669
105.49499061748179,4.449805950054121,0.09636195966176797,0.04203652792337465,22.821655399148963,-1.0793190611827665,0.1807511367274152,-39.6330039168289,-14.214872648407272,-2.6459759901887145,-0.040065317318042394,-0.07550659999678491,-0.06462851800079504,-0.06750074899210266,-0.023199816992142148,-19.659063306024045,8.352275207374802,0.0006252811666253908,-0.0609622585876726,-2.9809429099303877,-3.060878669960116,-0.07550659999678491,-0.06462851800079504,-0.06750074899210266,-0.023199816992142148,1079.743316955205,1582.2603707542844,299.15316206026216,801.6702158593413,-1567.7392974191894,-2167.659916017525,-412.91554455922204,-539.3401156584716,-0.1666792797387501,25.58436804306943,237.9471073334335,886.7875547510647,-115624.72212879524
105.99272213007096,4.4717673081074825,0.09342695753200339,0.037709990692357025,22.38497505765054,-0.9824694546322678,0.1458378610611427,-40.080106445872,-14.431921677195133,-2.6424745883174157,-0.041773947799986506,-0.07489642211245531,-0.06534135788675337,-0.06990208633046668,-0.03190127047407333,-19.63768649465262,7.573635023671879,0.22428454556438138,0.164913815804662,-2.7334956635677155,-2.808267751783772,-0.07489642211245531,-0.06534135788675337,-0.06990208633046668,-0.03190127047407333,1091.632719939905,1547.3026618599981,311.13746046094406,766.8074023810373,-1581.802023723959,-2127.7918163257477,-440.1739342479186,-688.0453640925076,-60.75286597531908,-67.31968364887514,224.7667712097538,757.4426782027741,-116585.97411300654
106.49045364266013,4.494163096928851,0.09011718853827763,0.0335183036068733,21.946670404432503,-0.8859899592816121,0.111368546199648,-40.52592982624892,-14.651833192538472,-2.639663736659223,-0.04315997917883175,-0.07455043516203011,-0.06628636776247541,-0.07147666511637839,-0.041289369186816326,-19.440914986822705,6.6970693526038145,0.43428203455881353,0.37734889982025877,-2.47814799964397,-2.5473274329110045,-0.07455043516203011,-0.06628636776247541,-0.07147666511637839,-0.041289369186816326,1102.4819947253816,1505.4131094936113,330.41445832361245,733.345573091842,-1592.50731230817,-2076.436687156155,-476.1597700323111,-806.4643808087917,-118.92374649120569,-148.5466544490928,215.5401894856756,625.6105258820179,-116618.2266436654
108.2009038411141,4.574866148255894,0.07818084708646528,0.019292875339115938,20.416921572612164,-0.5328883282221699,-0.05212017496846011,-42.04882997401203,-15.427331313117456,-2.636652137887606,-0.043838541815816735,-0.07376914894544541,-0.06947404296374327,-0.07838487310529246,-0.06790519954967,-18.080800441168986,3.6509348047148844,0.9168896030417399,0.8689449896524807,-1.3737856072853192,-1.415089667176529,-0.07376914894544541,-0.06947404296374327,-0.07838487310529246,-0.06790519954967,1125.6644596185538,1345.324008199747,415.08597821718377,634.7455267983769,-1606.8211273489212,-1872.6568807573021,-631.4437160677605,-926.0625811017055,-255.87960688714773,-296.98601938532875,144.71286746991342,248.18807131226686,-109521.58780965078
109.91135403956808,4.661734540565499,0.06801500634070815,-0.001690667226233491,18.981500420788407,-0.058101109723136646,-0.307705087741677,-43.56283413467111,-16.2223920237893,-2.6518359226890893,-0.04193054578997408,-0.07706997156416576,-0.07624042729953073,-0.07057503321909413,-0.07656102137682522,-14.790212304603138,0.5309786654638223,1.45805483568,1.427472525431138,0.4588740938396101,0.47373604396560903,-0.07706997156416576,-0.07624042729953073,-0.07057503321909413,-0.07656102137682522,1109.8994174329653,1141.8459024294664,552.7501482041682,584.6966332006693,-1561.0134697737828,-1601.369193424142,-836.2107419399148,-890.2732735551285,-381.00123067129095,-386.10589800228126,-70.10622271304652,-71.50520272730823,-98382.28283105486
110.40908555215725,4.68824055670857,0.0658855711510191,-0.010387763843445301,18.606080887568076,0.1195021105872476,-0.4035718636732444,-44.00272685697863,-16.4553452658612,-2.6611553267462953,-0.04159220472693419,-0.07944539050394384,-0.07957124326493249,-0.06233758008826418,-0.0739757810657692,-13.306458402831787,-0.39480139984567464,1.7127797571539776,1.690626721807654,1.2066367632346302,1.2465081196950536,-0.07944539050394384,-0.07957124326493249,-0.06233758008826418,-0.0739757810657692,1094.6820797721234,1070.9287393516565,607.2455044247062,583.492164004239,-1526.8236579086729,-1499.6661528638385,-876.5850174825583,-871.6658208884097,-426.72315393940414,-413.2328717806267,-216.82581237001676,-190.3581560274753,-94174.59819817376
110.90681706474642,4.715259822816022,0.06450210378471072,-0.020955793877432745,18.27070038311205,0.3332794179371862,-0.47823755383147304,-44.442696315650004,-16.6880800751323,-2.673667650977533,-0.0427731407953065,-0.07391180000985603,-0.08737132365914299,-0.0419966712352394,-0.06996046794160536,-11.30828457787515,-1.5689519390855902,2.233323852620781,2.2260040243482746,2.0463132371692154,2.1151522572685058,-0.07391180000985603,-0.08737132365914299,-0.0419966712352394,-0.06996046794160536,1075.711600715387,981.3151534712291,682.4661171633694,588.0696699192116,-1460.725326769163,-1354.8873927494965,-790.4438845833514,-840.0668277167443,-569.5761912632636,-454.5219800147638,-483.67265373041937,-328.7530178445544,-86469.658120408
112.61726726320039,4.811277866685303,0.05635025694522395,-0.05331144137028363,17.422709127635347,0.7802510554230123,-0.5621355658368836,-45.96328388091408,-17.47437349061299,-2.723905018904386,-0.06147611530721925,-0.03144188015322486,-0.08972275795593666,-0.0023170540516493335,-0.053265600189106,-6.2545187523108625,-7.5754308132230745,4.510281242613409,4.545186761857702,3.771805698416923,3.904689789667931,-0.03144188015322486,-0.08972275795593666,-0.0023170540516493335,-0.053265600189106,1119.6530900554226,663.8751039375384,964.682131819088,508.9041457012038,-779.9841038550496,-832.4779771945605,-62.70275775135894,-578.8073073249553,-1413.7617091805016,-568.7232333320146,-1268.7273137052264,-548.0116555244172,-45226.472212921566
114.32771746165437,4.91113881532724,0.029205838081255965,-0.06981296733071389,16.88687191314981,0.7590290567435187,-0.6171647384106281,-47.51506028187533,-18.197167115986655,-2.7830181577742024,-0.09154489962829386,0.0004980506140297192,-0.061547015210707504,-0.002017475650241839,-0.03962040735843338,-3.9674773376364465,-13.03902083554182,6.038350838517577,6.067283432494621,3.9447287548110754,4.088153583567872,0.0004980506140297192,-0.061547015210707504,-0.002017475650241839,-0.03962040735843338,1219.5094039156802,435.0129437277093,1172.1495043264908,387.65304413852016,11.427433792352607,-430.94854055765336,-63.77759142740675,-362.864543953111,-1775.543804790595,-566.7903294486384,-1544.773321471899,-480.66653914255465,-21414.80426477844
114.82544897424354,4.9407200179497925,0.015160656031960061,-0.06981158300975425,16.75959410268788,0.6606772733165772,-0.6725845356144127,-47.97582229767812,-18.38756873185306,-2.8014476626340796,-0.10030304223610738,-0.0009883516181334738,-0.04899564424356938,-0.007929925985338716,-0.03763821084882065,-3.8137864532730505,-13.851245473569247,6.0587298210569305,6.070191569117458,3.7732606146691565,3.911551205161126,-0.0009883516181334738,-0.04899564424356938,-0.007929925985338716,-0.03763821084882065,1237.9065668053017,404.5423763293998,1197.6363722546723,364.2721817787705,-22.864432501017394,-349.4320185927185,-260.81488599231443,-335.3342100426371,-1796.6087123019208,-572.1427331401857,-1533.7194957326233,-446.31879540412893,-23634.695620028386
115.32318048683271,4.970534211715822,-0.001209291373257752,-0.06981271712945131,16.63794197491526,0.5919304975390268,-0.7730374685755532,-48.44070338753641,-18.566608379631468,-2.8226973478111397,-0.10858573920542301,0.0007939757136896652,-0.042062847809640334,-0.004998539230736662,-0.03445738581229913,-3.483337472983373,-14.533134188125521,6.016187122426709,6.008582964566336,3.8024366572700696,3.9428275523716168,0.0007939757136896652,-0.042062847809640334,-0.004998539230736662,-0.03445738581229913,1248.3140031772496,373.92378094953216,1223.526789491171,349.13656726345374,18.62450343108182,-292.6464657474292,-167.73247998014267,-299.90611976783293,-1807.2605151881419,-549.7130732939107,-1575.7444076179706,-438.96536132177704,-19947.915090582268
117.03363068528668,5.074295482516568,-0.060468873034340925,-0.06981305325860555,16.284255654620075,0.6194355297607822,-1.1183776630902953,-50.06826969353636,-19.08266500945058,-2.9218524307188924,-0.12461275153241813,0.0014470840622050896,-0.022354782091141997,-0.0062844882852338075,-0.02531281225317127,-2.146479694559685,-16.207057360451564,6.018126726295378,5.975676990386718,4.797004162638841,4.9777020988644995,0.0014470840622050896,-0.022354782091141997,-0.0062844882852338075,-0.02531281225317127,1260.4642444148453,285.36195033147817,1298.5377627328958,323.43546864952873,34.186286394363655,-132.03461008997314,-187.36125732410454,-190.0504964281419,-1820.5725643124404,-460.1723023905448,-1790.7553412043108,-481.4468178382603,-15516.96341596117
118.74408088374066,5.179396399197828,-0.09806925039996299,-0.06978807140744148,16.05477176292307,0.9769807946804508,-1.3570781558353593,-51.73212413010702,-19.42809398487628,-3.0528433722201185,-0.11900644119495245,0.002673049733940568,-0.008025795577114567,-0.006044120847403237,-0.015021884113632977,-0.15982180175620808,-17.15821576552108,6.227558888194229,6.204861563391789,6.675278997742618,6.929210364833222,0.002673049733940568,-0.008025795577114567,-0.006044120847403237,-0.015021884113632977,1237.8217504424588,205.49273578961981,1369.770455848809,337.44144119597,60.04465443739122,-34.50055475644134,-135.26753092365547,-93.4575311940449,-1799.0254335250982,-348.1735960264864,-1937.2760376848016,-568.0115737442422,-10399.315494882618
119.24181239632983,5.210103690217533,-0.09999972827487341,-0.06977232687359293,16.015921254215886,1.128260840701509,-1.3864379542833807,-52.22119730701239,-19.493381863059067,-3.095316963126159,-0.11286692305462746,0.004837281947910412,-0.004679051946166079,-0.0020951897645826965,-0.011076822690171132,0.6038272547866669,-17.35826130190632,6.318493721361201,6.312783617487127,7.284474034139182,7.561755330831192,0.004837281947910412,-0.004679051946166079,-0.0020951897645826965,-0.011076822690171132,1225.0349732268264,180.67016101295826,1393.1430414887648,348.7782292748966,105.98970638519395,-17.528598100740467,-42.87728858054593,-65.61654966076449,-1784.0471282220221,-309.1810003042488,-1957.2067221221632,-595.3706211355732,-7125.245773288991
119.739543908919,5.240835807495051,-0.09791744064073771,-0.06915825721046495,15.985021287117494,1.2695767586112539,-1.4008005851500527,-52.711935660067674,-19.542954408706457,-3.1376032456478353,-0.10555368744915283,0.004287324344904691,0.0019030279731334647,-0.004603248904728576,-0.0070545106727476535,1.2490919326415533,-17.464374304794468,6.353653449468562,6.365453077704667,7.820950538287471,8.118717720949368,0.004287324344904691,0.0019030279731334647,-0.004603248904728576,-0.0070545106727476535,1212.3733832158491,161.62425148937177,1411.0382023439747,360.28907061749726,92.67218369571364,6.353604936492778,-86.80747709831344,-40.092738229428434,-1771.079561614629,-278.0972419967301,-1958.9492210666199,-618.2992839126135,-6907.610016642932
121.44999410737297,5.34643898925587,-0.054701671267065044,-0.06980918656589342,16.155866255551313,1.7315077219646688,-1.2431084071721672,-54.41043172738246,-19.584303010397658,-3.2820876421786735,-0.07484004989239221,0.0071191008791523245,0.012175389573743527,0.003498662846967812,0.030432442524558984,6.345150367922874,-17.58375245029841,6.660926907611109,6.75137283129773,8.943741146357876,9.27922364522956,0.0071191008791523245,0.012175389573743527,0.003498662846967812,0.030432442524558984,1098.1872839592484,40.255731577657684,1538.797000258618,480.8654478770276,134.91630524182824,9.647763227812561,58.122813520721735,185.18682905178312,-1639.4932128516668,-70.57728903699875,-2024.427911596474,-774.9709395298538,1094.7682173568796
123.16044430582696,5.449503332335515,0.015356762162745091,-0.04768954388156298,16.948677262434387,1.5129456069941876,-0.4972360882123633,-56.111300962569366,-19.42974127349288,-3.3775248632612973,-0.04033693099855986,0.023362676896211,0.02026091463803419,0.045770534829251995,0.07497401931756587,12.55012264769296,-16.76791508653298,5.936947537027515,6.068355605071465,6.142006216480039,6.363436016042214,0.023362676896211,0.02026091463803419,0.045770534829251995,0.07497401931756587,941.1648458553584,-67.6816155492707,1677.277718475365,668.4312570707358,419.51646060510876,-29.2305421298915,1087.7826398286363,679.5132947368935,-1375.513562648027,114.92688034179682,-1909.7257007306887,-780.6499078524026,32122.753342978114
123.65817581841611,5.478542890492245,0.0353341591676392,-0.03189509285859565,17.33242132096882,1.200599472688001,-0.11947862509108835,-56.603621427539366,-19.34870692674294,-3.3871130288174953,-0.030497374501703967,0.03175391894841264,0.02538510353312081,0.06604244917616466,0.08369941373212285,13.934663221873695,-16.250551083241533,5.315768474231256,5.442193139709795,4.161549307753742,4.308843995896778,0.03175391894841264,0.02538510353312081,0.06604244917616466,0.08369941373212285,900.1175429756008,-77.60156352025359,1702.5069930916184,724.7878865957641,577.9446611121792,-44.55925037222034,1735.231791700638,907.671295711141,-1242.1659658580693,124.74145232954704,-1414.092006033388,-623.8351036652194,50630.84187757791
124.15590733100528,5.50695703808761,0.052442660196077094,-0.006487787130780777,17.743236828163507,0.6664920182686794,0.2170464236264929,-57.0937318255264,-19.25360338128402,-3.3827303934007267,-0.01975748457285808,0.043158705627792074,0.043108169824633,0.06786197445103472,0.0812634643884215,13.88356689496158,-14.67692116583557,3.8279608432001067,3.9213348176615495,1.6396698664667957,1.6965155303290003,0.043158705627792074,0.043108169824633,0.06786197445103472,0.0812634643884215,862.039474865807,-21.00173246711006,1662.6763623091317,779.6351549762146,847.1274067554274,-21.768737891688296,2152.900340123639,1131.4362173555173,-954.3515693681379,25.677275404894456,-656.7718094937298,-308.4382348861902,68485.21352517056
125.86635752945925,5.600253328833295,0.08905292726332098,0.056866531681162305,18.908640579779043,-0.8339752103001641,0.43351804713198494,-58.75982327962678,-18.85910249206208,-3.3495453511166935,0.014872652823166946,0.06509621841028262,0.05264721982325196,0.0726855503065862,0.07030176287630276,11.224778296492941,-4.1020957127609305,-2.247573004239208,-2.292928266467466,-3.3764502656312714,-3.4859729272615034,0.06509621841028262,0.05264721982325196,0.0726855503065862,0.07030176287630276,630.8297287061058,384.0259535912333,1307.3573677382335,1060.5535926233608,876.227444580101,499.5039635758489,1578.9161407491017,1307.9482448507438,389.3856455322971,278.20719116658444,950.9527547714557,841.6804054419823,75440.28864917748
127.57680772791323,5.688442326080294,0.09999959915034122,0.06981247515013768,19.718368512445224,-1.3566168387710265,0.23215677246743927,-60.41442304374854,-18.43184955507079,-3.3168164642339875,0.042305989779152425,0.06353237752099684,0.017214574706832856,0.08853856230816003,0.05598148644508476,7.764356865471302,6.506735550694888,-5.741704869191085,-5.844844384647817,-4.333017413919774,-4.467496207745439,0.06353237752099684,0.017214574706832856,0.08853856230816003,0.05598148644508476,411.21776778679373,802.6973943079408,925.0849642844373,1316.5645908055844,430.14839215330045,278.43544743413156,1127.6044670655972,1304.7588749757085,517.6333713159894,1217.690812630357,740.2481470500501,1339.7064115933504,54839.58529267693
128.07453924050242,5.7134516113431975,0.09999903672529666,0.061614197315974124,19.892066807006994,-1.2388405597916954,0.290126555738329,-60.896872315083115,-18.314911311098957,-3.3127379324181008,0.04824801274797199,0.059269595085858696,0.0049565109216529865,0.09771104501371158,0.051306487155317146,7.178838650190504,8.103036008354984,-5.582020434546382,-5.668892185344866,-4.076518659822974,-4.201972765479655,0.059269595085858696,0.0049565109216529865,0.09771104501371158,0.051306487155317146,380.92474578940426,868.4462510854727,867.3430159726197,1354.8645212686881,392.17243555591136,90.49648930754914,1092.004338056644,1322.984126758434,489.2482936511385,1324.7951062119268,617.3299988179089,1381.1855955574954,50103.547895576005
128.57227075309157,5.738251333836464,0.09900568391402796,0.055238634311405715,20.05037406764929,-1.1669366619136043,0.3428474381228035,-61.380310384463485,-18.202681743147544,-3.305214589595155,0.053893274601884665,0.05874039652829084,0.003529239241005652,0.09746767995968474,0.04038946348874085,6.536962151214719,9.619074488476407,-5.556563386177577,-5.632097243156539,-3.945501559316809,-4.0659773558441605,0.05874039652829084,0.003529239241005652,0.09746767995968474,0.04038946348874085,354.071471720373,932.8058706964744,810.3419952225626,1389.0763941986638,364.96936720796424,69.1148331092205,1038.9768782820859,1197.2845800366167,457.1393035993079,1409.2222114273281,569.2647448468906,1516.1034507331142,45588.47342610826
130.28272095154557,5.8222108702524356,0.09029394714935134,0.04197960458606869,20.50958901113625,-0.9982001136910092,0.592390422910982,-63.052393524589924,-17.867193608047366,-3.2657311555954065,0.06800465090407974,0.057804122217308344,0.004388762723018141,0.0950363240898297,0.018475874772190662,5.52969501871995,13.254753338463829,-5.267321129530615,-5.308350689235649,-3.8686732148479037,-3.9841336250044246,0.057804122217308344,0.004388762723018141,0.0950363240898297,0.018475874772190662,278.9906590442987,1076.4667276725359,688.3568445133719,1485.832913141609,296.4278712030799,102.53745533556925,904.5303541107133,684.1849073437426,356.5936672041108,1572.4096811267216,496.8978016079933,1822.0864723367113,31718.19251926341
131.99317114999954,5.904478393495839,0.07859592403392783,0.04183020563714,20.896458355983047,-1.0085580458948142,0.8018898258357886,-64.7398700294636,-17.62161753400771,-3.2081131164341126,0.07460884087834388,0.057283179013972924,0.008192083066050123,0.0921441266446232,0.01718591549878783,5.425804869055708,15.222524236821478,-5.170835805060268,-5.197155443428879,-4.215349200640469,-4.338719666444848,0.057283179013972924,0.008192083066050123,0.0921441266446232,0.01718591549878783,231.20655321583598,1147.0741271336904,636.3912425757144,1552.2588164935687,248.18805374697527,204.85231463337527,822.7950287915968,623.4027785202334,295.53765652592796,1643.4060644361755,507.74927589874085,1951.6096033556,29934.241800443808
132.4909026625887,5.928150107207389,0.07561171365549446,0.04419439648351044,21.00653521753189,-1.0560504683009888,0.827914986978015,-65.23357034200875,-17.569329340096633,-3.1885000368367997,0.07524931184696923,0.057030867861503055,0.008727342626082444,0.09159353387369527,0.02001797812764305,5.386179691966931,15.62662408252305,-5.2715061910250585,-5.2995542822146255,-4.368704629199621,-4.495848123161127,0.057030867861503055,0.008727342626082444,0.09159353387369527,0.02001797812764305,222.56637749883652,1162.7467355217111,626.0864892758821,1566.2668472987568,236.13226769072938,216.78524151155852,801.7502537610782,701.7886764900957,288.2151000833738,1667.2546439178006,516.2205204054571,1962.0718011331803,31170.106886214246
132.98863417517785,5.95169460303904,0.07272291478449894,0.04640671125544636,21.110741806836447,-1.099894581344781,0.8448382007867238,-65.72806068805428,-17.525576878216857,-3.1687353796404523,0.07544035948894254,0.056709483619843064,0.009231843265793757,0.09087256621715867,0.021024518441582558,5.299213280892046,15.964640616209483,-5.356842826782996,-5.3869119895995405,-4.495235914078414,-4.62537583026934,0.056709483619843064,0.009231843265793757,0.09087256621715867,0.021024518441582558,216.91184992588666,1177.429070471383,616.511734128746,1577.0289546742424,227.5472075273987,228.13879358801756,782.9193054083646,720.4474667617224,284.04644334234007,1688.3401490688368,522.9774650539852,1978.414386470255,31276.357975122406
134.69908437363185,6.031759483686403,0.06496546327992433,0.05477019062398034,21.43919979276952,-1.2409889047770992,0.8583738267437357,-67.43219736299076,-17.44384499650947,-3.100288336924317,0.07370333090240913,0.05460131787883479,0.011193520568728115,0.08607015497741913,0.023222737188860282,4.8388736611582654,16.857592411192734,-5.583256530806347,-5.622179271871341,-4.821482924113659,-4.958810573862609,0.05460131787883479,0.011193520568728115,0.08607015497741913,0.023222737188860282,208.77261518467031,1223.0145387671755,587.1906823568781,1601.4326059393832,209.34626099615383,273.14802501924345,724.9573622797134,750.0237113346003,283.1693241139906,1746.8412600444933,547.0533578303041,2013.4692150261478,31490.914131695758
136.40953457208582,6.1107211672328745,0.0636666778678736,0.06306929034248411,21.701820777121906,-1.3286389209853946,0.831374994095879,-69.13840967900157,-17.46981918200812,-3.0333017504186364,0.06920744321672241,0.05019749786886872,0.013271219941339561,0.0766700770355801,0.022797821156544686,3.920035151579604,17.480888740933942,-5.596814923747313,-5.642915113340487,-4.942585541641031,-5.081600298973598,0.05019749786886872,0.013271219941339561,0.0766700770355801,0.022797821156544686,218.13974825836544,1269.8824758120772,553.5077270809228,1605.2504546346345,206.8252776062335,330.9513909061486,661.1621567975407,723.0603634508615,304.05597704244576,1792.2581461205789,568.9753664729564,2030.538695455345,31024.593748099756
136.907266084675,6.133530198330592,0.06508365639189391,0.0652386853477332,21.762136032039315,-1.3368534958798373,0.821275235501341,-69.63428378576324,-17.497870764932355,-3.0145107306959233,0.0675592514592601,0.048345677447903475,0.01385306862750226,0.0728839982443104,0.022055604950755297,3.527402813941459,17.639134964458997,-5.5413595419563455,-5.588427177722459,-4.932332713738618,-5.070672245171077,0.048345677447903475,0.01385306862750226,0.0728839982443104,0.022055604950755297,224.1543054183229,1285.4179627841204,541.0230568587195,1602.2867142245173,208.38195600931405,351.5327425021767,637.5947426140835,702.4643643441126,314.2860582136865,1804.26978868603,573.6916988947282,2033.5333460384006,30632.12669232318
137.40499759726416,6.156281176917574,0.06746042726800809,0.06683151393579533,21.81239436698593,-1.332567607880003,0.8059271350108915,-70.12951266825208,-17.53510763277899,-2.996226077345712,0.06571850341978805,0.04605313252942222,0.014342264203928016,0.06888560244288186,0.02088201977546209,3.016528865591163,17.778591857943532,-5.454545882462732,-5.502027264862935,-4.882889127370196,-5.019536028442879,0.04605313252942222,0.014342264203928016,0.06888560244288186,0.02088201977546209,233.29693326905488,1302.9510549701204,526.0385577892247,1595.6926794902902,211.57987280773025,372.85191803532746,611.3937310790699,672.9059690242527,328.8525789030237,1816.7917665290288,573.640409139761,2033.5948530898095,30032.70335793205
139.11544779571815,6.234164766655479,0.08119512665583373,0.06980994811163078,21.89157695973629,-1.3267419983739106,0.843308177010028,-71.82364519197445,-17.73336712704951,-2.9322419470268937,0.05800212009636391,0.03573005141878636,0.010406268074032783,0.05222783009558816,0.01231649430254126,1.201457510985975,18.2850065080228,-4.909973894197396,-4.954414866305356,-4.916796377969104,-5.053877951406565,0.03573005141878636,0.010406268074032783,0.05222783009558816,0.01231649430254126,263.0371604631134,1363.1598660697748,469.85701268142134,1569.9797182880827,209.51302941790507,311.6614104885604,478.0596669558142,402.1619759260454,372.92806694018765,1862.378502790566,587.3605908410306,2069.7843995991475,20111.738658341375
140.82589799417212,6.311952243552549,0.09566141273850756,0.06981172430295098,21.82475729221202,-1.3795732248201753,0.9171583741216348,-73.49979191707483,-18.04101406239837,-2.8640028030383577,0.04638930375004568,0.017252830617883713,0.007772941655441246,0.02878167205601428,0.006190329966691425,-0.5357817514421047,18.71069600423532,-4.224773450247282,-4.268795708451809,-5.19836393480212,-5.3436577627311985,0.017252830617883713,0.007772941655441246,0.02878167205601428,0.006190329966691425,289.79533350144925,1415.529770781062,414.0876651368735,1539.8221024164864,131.91678164266375,272.7317217368041,262.59283324375065,191.18063394463854,411.96112888424756,1854.8982168164848,612.3704664835254,2079.9390072548076,8790.381852047682
141.32362950676128,6.334639146912302,0.09852590807785384,0.06942011423466954,21.777680786975523,-1.4143918941219111,0.9261230437061649,-73.98303026714895,-18.151175890963884,-2.8428814739083323,0.04195093369531086,0.009524192572557894,0.009130583706069454,0.02025768579306556,0.006642985549445525,-0.9947676383409993,18.796336128475335,-4.044468547418932,-4.090668493472257,-5.31491051947103,-5.463748688431244,0.009524192572557894,0.009130583706069454,0.02025768579306556,0.006642985549445525,296.95653686049343,1427.8435369869435,399.38512702268656,1530.2721271491368,77.89101082689109,332.06613076246646,182.15130503831045,199.61877368525398,420.30570306950216,1837.0537549765302,616.0461113554913,2074.628720535221,7581.016429219422
141.82136101935043,6.3573606594618965,0.09999670176482155,0.06980751619331108,21.73804820780108,-1.4769906557998669,0.8833676173632616,-74.46419933167641,-18.26999971243641,-2.820893975666717,0.03701244013365871,9.700757566600768e-05,0.01600503530965216,0.01200648912194055,0.010854995648303384,-1.2399490028689086,18.7856516807478,-4.020780759189854,-4.074369124224419,-5.409616441937645,-5.561354065585801,9.700757566600768e-05,0.01600503530965216,0.01200648912194055,0.010854995648303384,302.1286418279044,1432.3728090662846,392.8488044745161,1523.0929717128963,0.8171326250591704,572.1464345495673,107.33286594059135,316.92022367522685,429.89759869033696,1801.6291225548855,622.8811250802879,2057.618527753544,12323.9503206047
143.53181121780443,6.436188240957573,0.09874387502257154,0.044611719526146294,21.324525611572053,-1.0131915911501566,0.3475314278813607,-76.09688603035177,-18.75327663345381,-2.7729885889913515,0.015988420875387016,-0.03511486187173939,0.024221823489698577,-0.018226319252394808,0.011806113444674348,-7.51130096686998,18.173234862498845,-2.822277983870903,-2.877095173091311,-3.3164840964975246,-3.4117080043901713,-0.03511486187173939,0.024221823489698577,-0.018226319252394808,0.011806113444674348,459.319370877927,1552.7173031009982,251.78100998906405,1345.178942212135,-446.1107951237331,1076.1882814901346,-134.04246297686242,453.0930200949347,453.2544288125857,1556.137896219777,308.98445325357176,1605.2812198137412,12425.616765905901
145.2422614162584,6.517575751658064,0.09217961492007937,-0.006117680118934408,20.48432072443095,0.03798088434199333,-0.09334227354914287,-77.6973008729413,-19.339884515285316,-2.7634924775798932,-0.008222585802804877,-0.055149601217289755,-0.013343785479172606,-0.036127188621362834,-0.018393381075291912,-12.631514234886252,11.802388067389865,0.35859629867152953,0.3552231424839629,0.2824054599819379,0.2908711188926457,-0.055149601217289755,-0.013343785479172606,-0.036127188621362834,-0.018393381075291912,752.7662270117773,1462.8603190001925,300.75778756105524,1010.8518795494704,-1059.7122878062312,-768.7656561880991,-340.7336731628317,-688.0263119308584,-86.90196113803246,-244.48798802550215,-33.527695891257025,-132.51574609601096,-64900.72744302349
145.73999292884756,6.542003883677529,0.09010945303355221,-0.022752680145570223,20.160233284648438,0.3669643965589989,-0.07278937452444868,-78.15695536674484,-19.52759564396723,-2.767111162847547,-0.01528573764440387,-0.05445869947961162,-0.03699093197486832,-0.03615709262224298,-0.03494844585399221,-12.109269802090958,7.95275030175563,1.7311807134780572,1.757237046461372,1.1681233610896746,1.2037019324513059,-0.05445869947961162,-0.03699093197486832,-0.03615709262224298,-0.03494844585399221,848.83124745838,1327.3107697458263,420.97796859309506,899.4574908805414,-1129.4339124644755,-1431.4295513767695,-467.1395635514508,-976.5546229759025,-453.2278648046335,-832.721147934128,-189.54970721691691,-415.73206133727064,-87145.51390055897
146.2377244414367,6.566818555518017,0.0877607375680799,-0.035781213809399706,19.88066311294348,0.5677305908979209,-0.10615474744750815,-78.61486864891772,-19.719972503595564,-2.7695677309931637,-0.02225538242763066,-0.04470046035574142,-0.05494654229389023,-0.02617062181701075,-0.0443491658634375,-10.516734912940684,4.286824825314854,2.632139375079694,2.674056653273708,1.8192157802912226,1.875393234643679,-0.04470046035574142,-0.05494654229389023,-0.02617062181701075,-0.0443491658634375,915.0945329241059,1173.0125885298262,562.2488526819707,820.1669082876908,-1036.2637387206505,-1425.8702488428298,-471.83329730484945,-986.8162641360295,-766.2160432875731,-875.500172795677,-408.9306684560121,-522.4918666277,-84437.34706855769
147.9481746398907,6.6545328400528865,0.06143166642413474,-0.06276952729215497,19.12248436630425,0.756559390697902,-0.2516750473416135,-80.18848598808404,-20.389008925404564,-2.7841547032846052,-0.050894598245862746,-0.014316163962389146,-0.06636252860194827,-0.005796371263497532,-0.0479058054659104,-6.874894952205407,-5.668478180608046,4.520449919580097,4.57199788453849,2.7422172806339318,2.830229357774885,-0.014316163962389146,-0.06636252860194827,-0.005796371263497532,-0.0479058054659104,1111.6975711131006,770.6519417343686,930.1958322207834,589.1502028420514,-383.6458173102937,-879.7883313950038,-173.80714892728676,-694.2087670485236,-1518.656325655131,-795.0184455522891,-1012.7181763033976,-521.5170979999618,-48117.59840274368
149.65862483834468,6.745389361137166,0.009397017470265783,-0.0698129529939966,18.569741713813745,0.6048959921116394,-0.5488687146666809,-81.77859019309074,-21.022378641231725,-2.8194732872097674,-0.0791304603687356,-0.003421709939378363,-0.044516306680830835,-0.006622475742689808,-0.03673037513391088,-5.06492838429874,-11.621334937023049,4.963467763863257,4.977696115097502,2.984786163771868,3.0834527676166608,-0.003421709939378363,-0.044516306680830835,-0.006622475742689808,-0.03673037513391088,1236.2169367561999,537.0159587270443,1139.5861301639923,440.3851521348368,-95.40138427237817,-486.27891627825363,-234.78307275026594,-431.5250763695967,-1739.2399509542354,-705.1304432172856,-1297.4999201878018,-459.52083194562425,-31435.686550335166
150.15635635093386,6.772298857343922,-0.010088749868489165,-0.06954489480388362,18.427128938207918,0.5786673875263982,-0.6833496658770484,-82.24749471915715,-21.190977696872146,-2.835750929777862,-0.08583120268838955,-0.006656699062402439,-0.04029711151373575,-0.010769574959261211,-0.036309715187041174,-4.693642423700861,-12.618962913791897,4.923119110008167,4.92329774928598,3.2108036404740448,3.3177446806809425,-0.006656699062402439,-0.04029711151373575,-0.010769574959261211,-0.036309715187041174,1254.4764887700974,495.2529349485681,1175.208945455021,415.9853916334918,-188.53122923007356,-422.49047924074387,-376.66078861119666,-395.51258573561785,-1751.203800373638,-667.5055344242634,-1379.8847696529963,-459.45742108833167,-33866.62356339906
150.65408786352302,6.799404481039872,-0.02936452319787531,-0.06981258360621484,18.29309055672063,0.5924037160794444,-0.8001508111240478,-82.71866712969808,-21.351428794763635,-2.8557826108027604,-0.09110614206585738,-0.002707540755384281,-0.0378149927160465,-0.007033782481921867,-0.03395553892476669,-4.301872334070612,-13.516381805668837,4.963884718323835,4.95527204111266,3.5237993013877547,3.641986283132166,-0.002707540755384281,-0.0378149927160465,-0.007033782481921867,-0.03395553892476669,1269.4336553085361,456.21663427325376,1208.5173631396854,395.300342104403,-77.21562338413965,-371.12872690903623,-243.1566227911781,-345.9677992772556,-1778.0086514087095,-628.6175546462521,-1499.9074296639083,-472.67694235457685,-27449.201396950324
152.36453806197702,6.893639308082297,-0.08189392124870566,-0.06981292935884048,17.889407155849934,0.8481093767954518,-1.1071097375272028,-84.35710120072612,-21.82445955240644,-2.9471623969371987,-0.09658090347717731,-0.0012482216015044915,-0.03171386446225223,-0.006058395739081366,-0.028234011488066556,-2.9245341687910194,-15.905412346923175,5.261034362897293,5.251655336371324,5.066444537454454,5.239779082401896,-0.0012482216015044915,-0.03171386446225223,-0.006058395739081366,-0.028234011488066556,1300.4816386463458,343.5279040546043,1304.2080423066689,347.25430771492734,-34.4915437917379,-236.51873918646424,-172.9815738089397,-216.7812100525751,-1834.4642477537116,-507.4414001818751,-1819.6364165271948,-520.2694412721695,-20046.237625681817
154.07498826043098,6.989447086683559,-0.09999957329614963,-0.06892031095271063,17.54686172200112,1.261711564777305,-1.2317342801027324,-86.02304211142847,-22.15930056103428,-3.060634627695471,-0.08430035573128518,0.0039531473222865175,-0.03369133311331322,-0.0020275305163335935,-0.026940874872492113,-1.7996682680509186,-17.25783896942418,5.542053453529798,5.567030403469287,6.749751824235729,6.984259799623041,0.0039531473222865175,-0.03369133311331322,-0.0020275305163335935,-0.026940874872492113,1307.7112796007755,269.3884060684775,1364.2213235652066,325.8984500329085,104.28484504614109,-188.91458573376522,-44.78596183400182,-155.6838255791549,-1854.549192123907,-406.94726347066825,-1935.8201253242264,-534.21074098692,-12309.458757786864
154.57271977302014,7.017601344752057,-0.0963261826232782,-0.06859269031587145,17.453581985195072,1.3807122448409146,-1.226979169464648,-86.51255241508552,-22.22762515958244,-3.0953946051362564,-0.07773842233727823,0.010397005475912168,-0.036594945585527436,0.003745247614277278,-0.02753895915763472,-1.5762130214469952,-17.46418858213222,5.566668295163668,5.605903988074378,7.15277898906005,7.402340010539801,0.010397005475912168,-0.036594945585527436,0.003745247614277278,-0.02753895915763472,1306.7962128146387,256.05825514585706,1373.7520260417243,323.0140683729428,270.47668427960025,-191.42167649763775,77.5639009513955,-149.01819936637006,-1839.6485613877453,-383.13756555095335,-1939.657591498126,-533.5885095961161,-6792.256440643867
155.0704512856093,7.045958696197059,-0.08954881482891232,-0.06888264427041488,17.358683165830925,1.5045153469190031,-1.231553880569825,-87.00380567067835,-22.283012234088527,-3.130686499692645,-0.07053002318250394,0.006090114993972972,-0.037865718978125684,-0.0002611120959759098,-0.02682367193072855,-1.194283943933845,-17.55993076237704,5.548536352259659,5.60198155680367,7.595878902559566,7.861999634388688,0.006090114993972972,-0.037865718978125684,-0.0002611120959759098,-0.02682367193072855,1298.7741560774718,242.2758424402416,1383.6898243664268,327.19151072919647,159.27087905225127,-186.4565940917201,-5.051443127013935,-138.63390750229934,-1841.54072369741,-360.74498362080357,-1941.960925409988,-544.8965134099653,-9503.445832489497
156.7809014840633,7.144347947220675,-0.04421851994647855,-0.06028116587691684,17.070559535758562,1.5862253220887532,-0.8671469714480904,-88.70456464529757,-22.36259320080187,-3.2375702481493156,-0.039447190395285006,0.025954129035050195,-0.0517500610744766,0.011859297826634304,-0.030672397992628563,-2.1260665412750073,-17.75115542920378,5.074807081835642,5.176188789879803,7.169094666731179,7.424922397653987,0.025954129035050195,-0.0517500610744766,0.011859297826634304,-0.030672397992628563,1321.0811472654086,253.07774623562705,1361.3436620972104,293.34026106742886,699.5894491333701,-255.06459892060101,241.1727220998671,-149.29690588550068,-1732.378215009776,-334.9936233874672,-1911.8492446055297,-482.3463014321531,4102.773255551921
158.49135168251726,7.245705698375487,0.009835143729136029,-0.017639376053669553,16.522353722111124,0.7487268399653423,-0.08434387948634578,-90.41086335519225,-22.272512392726867,-3.288740334612988,-0.0001255487335712165,0.022539674680929385,-0.06644152731255026,0.006218063675194121,-0.04444554736036187,-7.834859296692652,-15.556413211586491,2.3131903102443325,2.3991058091308304,2.746031560223082,2.84829280255114,0.022539674680929385,-0.06644152731255026,0.006218063675194121,-0.04444554736036187,1380.1450437612245,444.18894309717757,1148.8010426712958,212.84494200724885,979.4339832932529,-624.7533359304927,229.87324784843926,-244.16315399329866,-1221.5153994317,-292.15455849870153,-1241.3846354854572,-200.35659665389124,2305.767032652905
158.98908319510645,7.276042049907949,0.022428090718955882,0.0047642109449532654,16.25406678036358,0.25972430384798895,0.19001219796848484,-90.90580976763532,-22.21479161737404,-3.2868897878407077,0.012575389670866386,0.0027138052688581494,-0.068250383466297,-0.009629392084426012,-0.050346542337344535,-10.637603657897156,-14.06151080220194,0.7331184570899305,0.7882259212820539,0.44458717433491934,0.46144845358667513,0.0027138052688581494,-0.068250383466297,-0.009629392084426012,-0.050346542337344535,1396.7248569082153,550.7099921145776,1032.0465747659014,186.0317099722638,151.82081703426553,-824.1292639085747,-383.7659203345121,-256.17053978239693,-490.71872308925094,-122.46325152875059,-215.15917106317033,-29.9483649308883,-24359.385451807633
159.4868147076956,7.307008884312329,0.030055603724166248,0.026442134833902488,15.951904094033116,-0.19253995711246463,0.1756504168911558,-91.39886075587546,-22.14371566824589,-3.281654916830227,0.025060287159222927,-0.029425690585485883,-0.05362413374549493,-0.031088478427920025,-0.03942597791747893,-9.021626176214749,-9.180300528919974,-1.5918171648092376,-1.5978467953305615,-1.1062371539552747,-1.1489926092843004,-0.029425690585485883,-0.05362413374549493,-0.031088478427920025,-0.03942597791747893,1206.128911249533,653.7934744682323,917.6381259988798,365.3026892175789,-1135.0658200616026,-880.215557073965,-924.1955678280793,-429.50580479129235,749.7339943593917,332.26115619513365,405.0627080353883,157.7948664201634,-57147.58031944577
161.1972649061496,7.417059754661838,0.052333054338996876,0.06502639044628315,15.170001758643819,-0.7881329782363278,0.4001655502125494,-93.08699851099416,-21.86331943627649,-3.25254597806412,0.06846928669580493,-0.044957254352484294,-0.014709686933765106,-0.037800892149346,-0.012703762736656079,-5.21442189373757,5.316487552488594,-5.5900005638244945,-5.6577947084577955,-3.935893499112286,-4.095521550148786,-0.044957254352484294,-0.014709686933765106,-0.037800892149346,-0.012703762736656079,666.152465374884,986.0204767973383,557.0920926721691,876.9601040946235,-554.8295079645193,-295.49594344470813,-506.5288006181883,-293.7781583027384,900.1394404011996,1454.3323053183356,672.6230832354591,1186.5620568005397,-30019.42891235061
162.90771510460357,7.531489382937042,0.07984675533667306,0.06981295269248426,14.64722710994159,-0.7212877295324037,0.9057562492528921,-94.77683477187941,-21.63792582301478,-3.180295040908582,0.10247988665217189,-0.0176322930952247,-0.006636945038045278,-0.02136138724863648,-0.012622657707719072,-3.2540174868060303,13.60274298356661,-5.705345797778527,-5.698331110132867,-5.148329930716704,-5.3642235255360475,-0.0176322930952247,-0.006636945038045278,-0.02136138724863648,-0.012622657707719072,361.6849378167285,1180.0979041007363,344.87448956364324,1163.287455847651,-137.82668929600965,-156.51291290913306,-169.70122755958658,-307.71772697038995,577.7565251789646,1712.9353111339744,526.9292646650838,1659.4872450055857,-17023.612285687046
163.40544661719272,7.565375389291876,0.09096510193044711,0.06895908100398045,14.517816214735822,-0.7319264772743329,1.0787781786548625,-95.27101809729716,-21.60351828635839,-3.1462988376384784,0.10869918442038506,-0.02120077226673008,-0.012571831927916473,-0.027385861177373485,-0.01946283338911065,-2.869239922154038,14.34359815662822,-5.5366702504826515,-5.507250198122204,-5.691688833538933,-5.932232977962221,-0.02120077226673008,-0.012571831927916473,-0.027385861177373485,-0.01946283338911065,328.16537825870796,1191.1521103269183,329.4279715447717,1192.414703612982,-152.57935226435112,-305.184881829711,-189.23931205115323,-431.8239432120899,515.9808623234705,1700.0457421219767,511.48096339683997,1690.2183462007317,-21362.178796511078
163.90317812978188,7.599492087878451,0.09999936225379627,0.06841568668656602,14.402837290976013,-0.7887585964443624,1.2038216958268544,-95.76447267037217,-21.58436437335867,-3.107515892173913,0.1113763438508422,-0.021284895290371215,-0.004907185432055866,-0.025866175153398948,-0.012091167250451553,-2.231933393724841,15.097565406491292,-5.494804171885265,-5.456769813225715,-6.287738274723206,-6.555224377871844,-0.021284895290371215,-0.004907185432055866,-0.025866175153398948,-0.012091167250451553,288.51388006398474,1196.8632698099073,319.8470342028885,1228.1964239488111,-135.88483433132026,-122.21194326084506,-161.62841740071087,-252.55683903234987,454.3722152038259,1724.0745638837795,514.7819630424847,1774.5545278359036,-15343.035460695563
165.61362832823588,7.718191648606139,0.09999949713248807,0.06980755735974645,14.10870662147547,-1.158287711355438,1.389197002275133,-97.45634642364936,-21.658938817378882,-2.949085734429301,0.10079342718566424,-0.020089939570976836,0.005018384488056407,-0.021312230262865807,-0.0021129096153854445,-0.12837222427182476,16.45805627983508,-5.717224824446278,-5.714691312941247,-8.360364685703557,-8.721205989281676,-0.020089939570976836,0.005018384488056407,-0.021312230262865807,-0.0021129096153854445,193.0197373707765,1183.223454041846,323.7275034034491,1313.9312200745185,-84.42207192760681,118.48145045597178,-103.63974263422898,-32.999845375975305,312.5069837887405,1719.9591542749981,548.4924571710226,1842.6246762331125,-6399.306846933718
167.32407852668985,7.838592117341244,0.06446618566812623,0.06744135341982285,13.999344330594122,-1.341621700145458,1.1296841587610265,-99.12401924192599,-21.963963496367338,-2.793093588295137,0.06605655123225895,-0.015750592222104287,0.016891027339883208,-0.015263571886847025,0.008150471741381648,1.4774209283055473,16.71436444100615,-5.338323647505226,-5.406909712709714,-8.439356470246373,-8.806406649204543,-0.015750592222104287,0.016891027339883208,-0.015263571886847025,0.008150471741381648,145.5134523532488,1151.1380236799,352.23561183280844,1357.8601831594597,-53.276531917062606,400.35068352953067,-80.49112965571993,127.92740918066407,233.7619488818372,1629.879618143504,600.1956015440153,1874.7266307871164,1773.5874346779713
167.82181003927903,7.873842754599424,0.0498114817627729,0.06439257602700567,14.007544325913763,-1.2743237352347834,0.9581355759580938,-99.60133985833389,-22.09844307334643,-2.7559359839042012,0.0526310711372311,-0.013738454159426625,0.025853722456886857,-0.012747410205882029,0.015712220361174756,1.7828821121509846,16.73220988275406,-4.878362843964217,-4.960534113101001,-7.705358008564219,-8.041149104574943,-0.013738454159426625,0.025853722456886857,-0.012747410205882029,0.015712220361174756,137.8613908051493,1144.5596382964682,359.0812598004202,1365.779507291739,-46.93758401577316,630.7973293175522,-75.91886040346455,275.9976783697914,214.6037267358875,1534.0779386624556,611.4103225178857,1887.99247358803,7661.038169330675
168.31954155186818,7.909128024005721,0.03897213095432097,0.05336402482595082,14.023394698384891,-0.9767212992166934,0.5815737990406042,-100.07382895534465,-22.253161270231153,-2.7304373333841183,0.03694896460535777,-0.011271647808224004,0.03052419652029536,-0.00958167025673775,0.016429086086982275,0.6269255983786326,17.316157165512074,-4.058923318127575,-4.1444783370368485,-5.496105147752399,-5.73686405834108,-0.011271647808224004,0.03052419652029536,-0.00958167025673775,0.016429086086982275,147.95450588894846,1189.7861105577742,314.37184262333574,1356.2034472921614,-45.911514955957735,847.5637398207762,-68.5189189299011,420.5273008877406,211.0073711490473,1443.5851488749995,507.3877598552681,1873.5141862136404,13286.465515948834
170.02999175032218,8.031186596085902,0.031420557769405597,-0.011935529212578835,13.891136030575144,0.1845204835527696,-0.15589454912582168,-101.6419402017286,-22.922810791282934,-2.7085558471843716,-0.026645708987375963,0.0019333075685079137,0.005638348872070177,-0.0029751084874508355,-0.004282320490676778,-2.0336022739605113,6.061695093499337,1.7402552371502134,1.7497637247125968,1.179383079046766,1.231876322239294,0.0019333075685079137,0.005638348872070177,-0.0029751084874508355,-0.004282320490676778,547.5462140078217,912.2498526910878,587.6116068898709,952.315245573137,37.52226330253146,184.47753936689983,-64.37778783388887,-152.97296793806078,-418.76417104978754,-700.8292915864912,-315.360588483675,-536.6414320316961,-2321.026572432689
171.74044194877615,8.155640807850952,0.023203220141561582,-0.06480977005728991,13.55200246745143,0.649789929799986,-0.49994216131231495,-103.1820619783778,-23.668111037781998,-2.753501004421665,-0.09310954057600444,0.0036967127440449307,-0.016457115127911464,-0.001878341295859129,-0.021222601036872204,-2.8981560706732177,-8.99612243695489,6.276419384459292,6.319408072230502,4.108320245665525,4.295227934132568,0.0036967127440449307,-0.016457115127911464,-0.001878341295859129,-0.021222601036872204,1015.8278304050109,474.57352180144386,1014.4570453076074,473.2027367040403,70.18138706383569,-153.51296631086862,-50.63440000944904,-256.14943319653366,-1537.4914571025845,-768.5087340120667,-1380.5843372729378,-659.4199596423458,-10016.863708006716
172.2381734613653,8.19252317038049,0.011920026371157168,-0.06755477912913246,13.42993624304656,0.48341080813657944,-0.614223447576517,-103.6358914288986,-23.873263051631568,-2.772553449526273,-0.11070441910514099,-0.0014641810388823725,-0.009926385299007278,-0.0023857977318449733,-0.017991651290088947,-2.8567965340279473,-10.947745459824556,6.196253452148418,6.189495111057358,3.781633128435887,3.955374988020949,-0.0014641810388823725,-0.009926385299007278,-0.0023857977318449733,-0.017991651290088947,1071.717243193742,413.04297090016513,1072.1546885439939,413.48041625041714,-29.47178422172647,-83.79225645297313,-71.23498794286827,-201.21683277852637,-1605.7555404311897,-679.631222878229,-1399.4738133157507,-560.9651874867334,-10342.06371585432
172.73590497395446,8.22972319214627,-0.007187827887485029,-0.06981296489975769,13.326764030489207,0.3960530652405419,-0.8235839729367407,-104.09658042566512,-24.063243463481104,-2.798875507370013,-0.12747664125449135,0.0011108626954987055,-0.0065105331173462185,-0.010398842620679248,-0.016508182521543242,-2.426132289088107,-12.526808241236518,6.046034569701494,5.98762571286646,4.049750661799216,4.237198698357118,0.0011108626954987055,-0.0065105331173462185,-0.010398842620679248,-0.016508182521543242,1107.4650914504086,353.78605015948426,1128.1990215869678,374.5199802960432,23.55143059177063,-48.96352207250524,-308.0034399083267,-162.61722872872633,-1645.1134707654448,-584.4475443660918,-1491.4367821143642,-531.1121491976571,-12124.853958939959
174.44635517240846,8.359201028498868,-0.07394357428650175,-0.06981284767206261,13.034183627292123,0.48278655162815454,-1.3879202073267707,-105.72160316589012,-24.57339124115222,-2.946212539030774,-0.15477501815953826,0.0014858851969904697,0.005358042063939855,-0.010631342864983403,-0.008960917835058655,-0.7778440590457472,-15.595821887473397,5.910720579824179,5.770462321938585,6.168855792511646,6.459572983228835,0.0014858851969904697,0.005358042063939855,-0.010631342864983403,-0.008960917835058655,1156.3943819336127,218.06724688562628,1254.9421740827515,316.61503903476506,33.3798060483637,25.963012895745386,-241.5624371001744,-56.54253968984623,-1698.9434900645433,-362.7524711680066,-1802.1398654443908,-532.9908112373397,-8891.492178002838
176.15680537086243,8.489137307100963,-0.09999978173094722,-0.06515133935939268,13.036773059609247,0.9497809792500327,-1.5912461240507483,-107.39238498818678,-24.831964827355645,-3.143539774031295,-0.13391942317439662,0.004669332033686728,0.01427016642134837,-0.013632126081992225,0.009151823876245264,3.345741111707296,-16.40098874325579,5.98276942804537,5.902516257650203,8.732479280966798,9.140507019961014,0.004669332033686728,0.01427016642134837,-0.013632126081992225,0.009151823876245264,1082.8696016091476,96.09936978350976,1376.9886147577636,390.21838293212573,98.02447578784793,29.865642951280485,-216.92916039376513,48.74439749137746,-1610.9286285620203,-161.1128630907119,-1883.8012245427547,-663.3674536957241,-5253.3052078613355
176.6545368834516,8.526642957033069,-0.09197461001987525,-0.06430193107336793,13.130380737394692,1.1159305305101717,-1.5599331043002698,-107.88358003966766,-24.854229111560038,-3.20318863410154,-0.11858899739695448,0.009116658658204138,0.015715051387091068,-0.023490692952629615,0.017678943994670543,5.426603317120928,-16.470820331031423,5.937198828976203,5.896765350762006,9.273979995484215,9.703234402070228,0.009116658658204138,0.015715051387091068,-0.023490692952629615,0.017678943994670543,1036.9943569788566,46.022687475478165,1429.9158404315572,438.944170928179,184.96981070198365,15.782031769125693,-346.24814701632005,96.4488890004485,-1545.6409633136898,-77.3263727069527,-1880.3125145356535,-729.0411126052037,-4847.627857136906
177.15226839604077,8.563940592075808,-0.07803027152899183,-0.06479832667371757,13.304371728282947,1.2845276798073435,-1.4014471859189634,-108.377092974779,-24.855822314531004,-3.261978504282072,-0.10390146338885121,0.008428623085017942,0.0055344996355314825,0.022291806407962855,0.05287425072839184,7.9290780007366735,-16.395947632929705,6.379898852109577,6.399756955347857,9.399898096741921,9.828945066972173,0.008428623085017942,0.0055344996355314825,0.022291806407962855,0.05287425072839184,977.9691472780842,-8.497784686612249,1489.7888745560067,503.3219425913102,151.72666868124045,-0.9821214201703283,331.26161502220265,289.5786059252613,-1486.0286112724455,14.91397425593269,-1927.403386854117,-753.3491605253129,6493.81178393238
178.86271859449477,8.686386019770785,-0.013348514143744317,-0.014940361854900813,14.487169138501738,0.8133972349398237,-0.3698026633072844,-110.0691189225631,-24.680472084160545,-3.368258711315473,-0.0407894267768089,0.030119388889230596,0.03166169728365286,0.09104435091977452,0.09870018716938962,12.369159237185382,-14.108083714237551,4.277956404620099,4.360671361142477,4.133538707922043,4.309190509946623,0.030119388889230596,0.03166169728365286,0.09104435091977452,0.09870018716938962,822.2170938167446,-26.599843701018926,1546.1454472533637,697.3285097356002,589.1406569572225,-20.835945155160857,1703.4169593138458,889.9741991996043,-1059.7514314735643,37.12608589150299,-1036.9777710261483,-528.7168800169719,42958.252894068995
180.57316879294874,8.799477220643578,0.05135464585084621,0.05557512424464506,15.818997213045087,-0.38588077821619915,0.3450645632666108,-111.74275700763361,-24.314008482643523,-3.366939601653259,0.025862995446668285,0.059372706150745025,0.05613220963007595,0.06479508956217725,0.06627298560657144,10.076337047471055,-5.361853007218341,-1.8179034676921582,-1.831006479409905,-2.217420299748926,-2.3037877874554424,0.059372706150745025,0.05613220963007595,0.06479508956217725,0.06627298560657144,636.024400406379,313.4269632778704,1253.090619723769,930.4931825952605,879.7957074926786,432.1141078914936,1638.0681374889175,1257.9360978674122,343.7469246196385,180.7197034242251,712.2716117458566,560.4003819874224,63433.95182380289
181.0709003055379,8.830538704471525,0.06531325274795839,0.06885040949811488,16.092341980149698,-0.7027153411113638,0.29236561762272917,-112.22401136760243,-24.18819277151676,-3.353996594036712,0.04291078652906159,0.06372637154909334,0.044847201010717486,0.04724305167649714,0.049299533671082085,8.090209446978111,-0.9814024502319033,-4.051401787854511,-4.1123976524472186,-3.1583775604638302,-3.279134012193101,0.06372637154909334,0.044847201010717486,0.04724305167649714,0.049299533671082085,556.2191666804802,497.1728043855359,1079.4959342995494,1020.4495720046052,674.5822384523218,500.84871186162184,1180.6744420752268,1132.4160448114487,559.7159542755725,590.4782043014991,994.32152220301,953.1580572042986,52264.07553892179
181.56863181812705,8.86116930187266,0.07736935722129157,0.0698129846153204,16.29564993915335,-0.7863317621320776,0.3143422634592133,-112.70498669937756,-24.061574999750807,-3.346762136380724,0.05601738083560899,0.05776995162778042,0.02559771669761803,0.06773324031086576,0.035212388895656636,6.416219563823386,2.685176557664696,-5.007252256597035,-5.075209401839811,-3.4596844323277196,-3.5902236822256177,0.05776995162778042,0.02559771669761803,0.06773324031086576,0.035212388895656636,489.29292366004984,650.8473479559093,933.4843778698507,1095.0388021657102,520.5627323353012,370.1953275034234,1162.9601457421184,946.4076129844073,592.0650524793103,940.3990831853639,769.6817645687607,1208.3140565453998,44287.51790661354
183.27908201658104,8.96393448758517,0.09999974854706005,0.06144337421833133,16.862094919822447,-0.9438039606252207,0.6914405261607292,-114.36388670231904,-23.668082693942807,-3.2928680694646584,0.08385028699775512,0.05423078150126133,0.0053643021596098215,0.08936215415474533,0.0006005616449793633,6.265005305792001,10.968467636633095,-6.005965633897139,-6.049855674170109,-4.7339184633051605,-4.906041425444188,0.05423078150126133,0.0053643021596098215,0.08936215415474533,0.0006005616449793633,254.18706567766054,914.1080937329411,692.0812289848463,1352.002257040127,241.16668711618664,96.41634196649005,851.202678681463,18.239892500733692,354.7357062697885,1399.6009527355147,608.8050626041756,1866.6511655039437,14331.558120539486
184.989532215035,9.062665804662343,0.09827656796516558,0.0467614264127797,17.584366343976384,-0.9452813667653968,0.7795423394657442,-116.03966558032468,-23.37850782097648,-3.2177631168445093,0.09469463878761009,0.06106053810909783,0.011879300439564082,0.08755896418261006,0.02163480239323252,10.64574833365267,14.29536769561607,-6.3453432226623105,-6.377535400325456,-4.741941096278885,-4.907148996253774,0.06106053810909783,0.011879300439564082,0.08755896418261006,0.02163480239323252,64.1207961151859,924.2057285456406,710.9373388025429,1571.0222712329974,64.65553983681139,202.77351280516226,868.5952087559818,700.8631946633178,90.2713763572237,1410.279523491332,633.6922066704183,1995.627083453904,25788.144240840804
185.48726372762417,9.090607156306575,0.09409695783339009,0.04351577659094343,17.891558598636582,-0.9249012595507986,0.6088546857045611,-116.53189349547584,-23.32116833777162,-3.1963880687191297,0.09647553017929666,0.06201673601068857,0.010462091338439556,0.09242775027296876,0.044645036283760646,11.993063307759307,14.657686023522393,-6.821331528459395,-6.865813834530041,-4.22937936489377,-4.374299420497776,0.06201673601068857,0.010462091338439556,0.09242775027296876,0.044645036283760646,27.359527616574837,909.2434470483355,738.5820856033442,1620.466005035105,26.651117293147276,163.595116865586,938.8341213865401,1372.1199489822031,39.64873123567299,1402.626925226166,579.3338911364405,1700.7192629448323,38039.38202918582
185.98499524021332,9.118037924377525,0.08992645457853408,0.033233661038438986,18.22387608047046,-0.7633924739094129,0.43801529805698625,-117.0253750181813,-23.274400375297503,-3.183007322442677,0.09794042704302637,0.06399671970769717,0.013648216067242697,0.08967122826863498,0.055457914349640446,12.832762746844937,14.354790231401632,-6.82865737573588,-6.8697313391372035,-3.2929960922848167,-3.403905789758066,0.06399671970769717,0.013648216067242697,0.08967122826863498,0.055457914349640446,23.263543222915473,886.9236497072453,774.8689664152494,1638.5290728995792,23.07927616121202,207.67948404079797,1040.10684613262,1748.8883607902267,33.36281074401198,1366.9572621453178,509.1990317818383,1354.9754254321044,48067.63643416723
187.69544543866732,9.208559096922924,0.07177545573534316,-0.005666971337757516,19.443822039131213,-0.15511868451845243,0.28472157581244634,-118.72760242088142,-23.190274686927744,-3.152708186806624,0.10077738652411224,0.06714713872506198,0.021446088223764155,0.08116333572651596,0.06976491569651497,14.246349044300244,11.516692046205621,-5.526739893802904,-5.5189210185227395,-1.0206439390356723,-1.0528962936136235,0.06714713872506198,0.021446088223764155,0.08116333572651596,0.06976491569651497,100.78926641764315,793.6943746521633,921.5755286236314,1614.4806368581517,115.23450952451513,355.4691855767619,1343.4563325377724,2163.0675142579516,126.87138983164748,1174.2627963097666,219.55733354610558,412.47180905075487,69337.84613702205
189.4058956371213,9.293738401802356,0.04000223722747743,-0.02904670747033462,20.663572050452995,0.09298845249401679,0.49355959129039734,-120.43534781416712,-23.19719933850871,-3.122451872391608,0.09823174004534184,0.06558595326122363,0.02289592376883261,0.0742369315106859,0.06273147468545143,14.062205885725918,8.685027557843073,-4.235704301487229,-4.194343353994753,-0.6775296025285713,-0.6976594600091437,0.06558595326122363,0.02289592376883261,0.0742369315106859,0.06273147468545143,217.66714249512097,740.2043377108034,1031.9973727920067,1554.5345680076891,272.62149446571937,427.19129589524385,1496.3775521575926,2112.205265981124,231.88425327363055,988.4397510405669,175.28959028227027,293.5180384123588,79999.17199778317
189.90362714971047,9.317607924762655,0.026750254196171455,-0.02898155886042617,20.99575890072755,0.014386136549742367,0.5641413621244826,-120.93250799726285,-23.211131602668384,-3.109099673595844,0.09610823293583394,0.06442486730409673,0.02185002409000041,0.07253473505721136,0.059317391179372465,13.836752354125112,8.386420896944605,-4.186869206551704,-4.14829910476038,-1.0094991403165818,-1.0390070587378213,0.06442486730409673,0.02185002409000041,0.07253473505721136,0.059317391179372465,239.72656792827775,744.2980070171764,1044.0084695854162,1548.579908674315,298.5758860201551,414.4655955931166,1498.7096956651567,2067.4242589236,255.0756452265391,992.7914671234611,267.24932604180714,450.7966241491763,80458.58278409604
190.40135866229963,9.34112803016228,0.011704677734735101,-0.026943479404333285,21.318391718456006,-0.09433111209472708,0.605645855800322,-121.42987562847702,-23.229754904706425,-3.094865497276058,0.09339501581624285,0.06330398902335084,0.022348289789037606,0.06887204769536089,0.05390385919258894,13.648807041702174,8.416338550084294,-4.2462593823485575,-4.214460534353836,-1.358360424885769,-1.3974492604879443,0.06330398902335084,0.022348289789037606,0.06887204769536089,0.05390385919258894,250.90934985759202,757.2807932015066,1046.9131211793533,1553.2845645232678,308.22848103717934,426.03619289471146,1478.2463880637847,1997.2541351474495,271.5956583517303,1014.3521050621089,372.1402842955999,640.7623551632137,79999.40347961763
192.11180886075363,9.419507108961994,-0.043781889317094994,-0.015998040280494643,22.355080709748712,-0.34138166975778234,0.4766253287670225,-123.13863710036044,-23.330533474885154,-3.050921926199937,0.08209696781135016,0.062221536422315156,0.03492879603068365,0.04165902248721887,0.04669267234183928,13.070771790857233,9.615854531816233,-4.549533452451481,-4.545300944753746,-1.6953247691880986,-1.7418067709715983,0.062221536422315156,0.03492879603068365,0.04165902248721887,0.04669267234183928,253.82295837975192,832.3636277320013,1024.5200082994509,1603.0606776517004,301.05922472530136,646.4503984189079,1198.3351928688455,1914.9123713795364,289.6843494141917,1071.9167807672068,604.9589025814277,876.7514704508793,79999.71602278299
193.8222590592076,9.494482144610023,-0.0878031280699483,-0.011688750770785248,23.30774825879766,-0.14595057918313947,0.10539893178481574,-124.84367540700568,-23.487327854834025,-3.0274096288876104,0.0699243555742262,0.0647769248657539,0.05621262775436076,0.011401552103364423,0.054728700106490794,12.578909699581455,9.594648648779007,-4.144616687090816,-4.148252281999137,-0.5308448149468425,-0.5448043253800945,0.0647769248657539,0.05621262775436076,0.011401552103364423,0.054728700106490794,290.42452313460416,867.6893343999857,1039.8191668521354,1617.0839781175168,361.9520597482436,951.9563802667996,453.8518433339601,2151.6180152861975,304.16110162823185,906.1673182142495,256.6413255670664,264.0342974252112,79999.54375520407
194.31999057179675,9.515732887908516,-0.09520515233206682,-0.014074771057445172,23.574366781696924,0.04031993766418977,-0.014567154505283359,-125.33856092806094,-23.543295030052132,-3.0267963017436856,0.06662809563314752,0.0660812739479909,0.06251311044141865,0.005709234624372262,0.059479977863308005,12.44841316020461,8.810751725405916,-3.750268377785719,-3.7485202942188183,0.12089878358748016,0.12404178621398818,0.0660812739479909,0.06251311044141865,0.005709234624372262,0.059479977863308005,324.0830255270147,854.1844516506104,1067.8705059569834,1597.9719320805793,419.0125811090577,1021.1985933199518,240.09415028388892,2170.5603676051433,311.4841740246609,791.9104408840577,-61.60229695525419,-56.17915127658096,79344.96747717266
194.8177220843859,9.536738455489607,-0.09999857016372808,-0.017504716858006555,23.83432712987674,0.2476667660636821,-0.06469874245921306,-125.8329122488988,-23.60323219840381,-3.0281383939781885,0.06345024037171346,0.06717370650634086,0.06649060151549412,0.003442976186265842,0.06250595399618368,12.323631567832322,7.60756227511766,-3.1771937829136867,-3.1654130567980014,0.6939616875649878,0.7118015332543712,0.06717370650634086,0.06649060151549412,0.003442976186265842,0.06250595399618368,370.1215353735557,827.8327201905522,1108.5647353123652,1566.2759201293618,500.1090192816654,1064.72591578036,149.32154492757633,2124.1221763530725,308.5603106979652,655.2256969581795,-364.2605657100413,-302.080633810457,79999.51592857376
196.5281722828399,9.607226720322402,-0.09999573908420899,-0.022506591281332984,24.687286421700215,0.7024971783233056,-0.02362917204750861,-127.52857512951951,-23.82857484540101,-3.03172972062623,0.05375225671778127,0.06927473353657564,0.0738768020555831,-0.0010913209194551034,0.06844975495069408,11.929099016415098,2.9509808315495856,-1.5152422636620029,-1.4764452716255378,1.6476314518043365,1.6884867194947932,0.06927473353657564,0.0738768020555831,-0.0010913209194551034,0.06844975495069408,542.6782670812458,720.2248824009234,1264.336649120622,1441.8832644402996,797.808436146944,1053.968052319405,-51.10064315969827,1917.2165631671735,225.299877860417,272.4565197154118,-931.3386685868655,-599.915688986979,79999.65971470985
198.23862248129387,9.675354841157308,-0.08370781003237195,-0.016349693203689133,25.489249637143278,0.7209691678449304,0.10114291200528298,-129.2219304508203,-24.0677764909489,-3.0296072201364113,0.04573170998673069,0.06932294561517606,0.07559862767477797,-0.003494647064985314,0.06940127490970127,11.580152424075015,-0.6412487025337605,-0.8295094069060263,-0.7865241876812894,1.4461075122030629,1.480828548722564,0.06932294561517606,0.07559862767477797,-0.003494647064985314,0.06940127490970127,681.4946426548363,642.9137289817306,1388.4767955397078,1349.8958818666024,1011.439950775369,968.1291752837611,-184.13235465841586,1835.792719819148,155.48877124960825,130.50174295125746,-914.5313760118482,-497.79700089342174,79999.40406002014
198.73635399388306,9.69478697940646,-0.07764449588248783,-0.012340457336936984,25.715212601069464,0.637410381085757,0.10681299981207801,-129.71474339877807,-24.136952991667687,-3.0271400942790048,0.04367214600721764,0.06904683487243639,0.07579986880159062,-0.004340258196297917,0.06909906371224143,11.485761471087471,-1.1348702131655377,-0.9003667504322942,-0.8622517911278528,1.2410215253360166,1.2705569305747462,0.06904683487243639,0.07579986880159062,-0.004340258196297917,0.06909906371224143,705.0455856346885,636.7657909913403,1408.0896841824672,1339.8098895391192,1042.0451068148172,958.1954082938756,-236.17196185824568,1840.3704008787256,174.45462542940078,141.29723697654924,-809.1459063843289,-429.5128856705953,79786.88730612928
199.2340855064722,9.714050505938824,-0.07135167772887246,-0.008565569599875561,25.936781443743662,0.5553434042851565,0.09651415990463763,-130.20761885855484,-24.20571997851609,-3.0249928936473465,0.041716822628608104,0.06869152433346096,0.07575871753613508,-0.004857876738182241,0.06858114509460632,11.394456742665596,-1.4130782178645185,-0.9999066896872614,-0.9671074563631641,1.0669446182677829,1.092119771213132,0.06869152433346096,0.07575871753613508,-0.004857876738182241,0.06858114509460632,721.9728419775902,636.9545822581381,1421.2193978367984,1336.2011381173463,1062.0229079371484,956.2232041434199,-270.4555716965306,1847.6835550248788,198.3694708196542,158.26866377992653,-710.8975150430713,-372.93071943220014,79999.35579585463
200.9445357049262,9.779059871298855,-0.04853852563836955,-0.0007573371154260463,26.66943857988639,0.3854712099608175,-0.01331461108805123,-131.90214547490027,-24.437453809436658,-3.022206423286456,0.03577372185726055,0.06646801265992541,0.07423413427507548,-0.007054340234499361,0.06559111396899267,11.100623738152857,-1.5504605583161513,-1.254767049967465,-1.2365297825082293,0.8383239101833106,0.8575567487404387,0.06646801265992541,0.07423413427507548,-0.007054340234499361,0.06559111396899267,754.603173816401,661.3192658449829,1441.7083420660867,1348.4244340946686,1092.0887968779823,981.5466267357116,-402.8573477459995,1870.0016845196042,263.85097237692065,211.63904674616688,-572.2027996750152,-308.21787425941085,79999.54879648985
202.65498590338018,9.842362390413003,-0.02498426231954524,-0.001344837236843786,27.361563260745427,0.4118665517896021,-0.1352785664123572,-133.59776738499235,-24.6622655553466,-3.026829193240482,0.03081678973278818,0.0629454172808871,0.0709142429994486,-0.008945581251378159,0.06109113894333475,10.832106767780235,-1.5519469359921692,-1.1492095468387593,-1.1354274583238524,1.0464454860442687,1.069837056482893,0.0629454172808871,0.0709142429994486,-0.008945581251378159,0.06109113894333475,781.9048379240814,688.5315016098418,1458.0159223036853,1364.6425859894457,1120.2876169593276,1016.7159090591314,-506.97338090212327,1859.5114969035144,260.43001421922816,209.68033488287085,-709.1088603188948,-408.07818184164375,79999.20411717589
203.15271741596933,9.8604880194481,-0.01819737001371552,-0.003167104570360521,27.556110466563805,0.4606445990910836,-0.15366752920754245,-134.09137304060013,-24.726417818854564,-3.0296214861520987,0.029518912118762067,0.061724050938243076,0.06967621972428144,-0.009259718140303595,0.05956659105900339,10.757679395451763,-1.739557632174073,-1.0107694007817625,-0.9956636278878948,1.1655366795572242,1.1914029276599343,0.061724050938243076,0.06967621972428144,-0.009259718140303595,0.05956659105900339,795.2817136044357,690.620725486855,1468.3602964960576,1363.699308378477,1138.1159673809098,1020.9309041655894,-523.4640280452934,1841.032574196222,236.7974207318114,187.5483033852283,-787.9510340354414,-460.725289291319,80051.49543459482
203.6504489285585,9.878485905784515,-0.011501967704222585,-0.005155646257518208,27.747631524172597,0.5090909286399515,-0.16330018399594803,-134.58505826854451,-24.78999621422778,-3.0325593903289327,0.02827473460000233,0.06049371450856267,0.06837681847073207,-0.009515789440680093,0.05798427737946022,10.684501062844205,-1.9969751279929209,-0.8617961745174085,-0.8450838400871762,1.270078859847108,1.2980669800077371,0.06049371450856267,0.06837681847073207,-0.009515789440680093,0.05798427737946022,810.67741331884,690.5288271057121,1480.7784383847506,1360.6298521716226,1158.0516879349489,1021.4921560480749,-537.6596388550116,1818.4774300402905,209.15478509540532,161.98536132516722,-858.2217680634424,-508.555659347582,79999.15890341872
205.3608991270125,9.939417565508073,0.008662609707367597,-0.01189865891056769,28.385728102138014,0.6216968419531631,-0.14830344337393908,-136.2823784576762,-25.00244110450753,-3.042187711225056,0.024320557868017862,0.056183135839439104,0.06363392175021929,-0.009417122795500313,0.05233520043932187,10.44062793088833,-3.170344235507274,-0.4019773532330847,-0.3806220133449064,1.4459319627535387,1.477068176290365,0.056183135839439104,0.06363392175021929,-0.009417122795500313,0.05233520043932187,871.7667260810297,681.0220481100134,1531.9690022102377,1341.2243242392215,1226.9638697023267,1001.9063323086328,-543.3493257599932,1730.2059256718808,110.49101355499037,76.42472978478925,-996.6489252265673,-606.4918918364334,79999.392033766
207.07134932546646,9.999019999769919,0.02137963334032072,-0.016950675973447894,28.995951838812005,0.6215411008372063,-0.10622703152850105,-137.981144298436,-25.20276769992279,-3.0499159295480225,0.020775477819179256,0.05195417430359182,0.058723850627547716,-0.008578756903088933,0.0467082013224337,10.200058785648643,-4.255538657923006,-0.15036310929736008,-0.12844005711029566,1.358719771475315,1.3873572288466107,0.05195417430359182,0.058723850627547716,-0.008578756903088933,0.0467082013224337,929.6766952335272,673.6409809386553,1580.099547372638,1324.063833077766,1274.7485845638857,972.7729499102609,-518.0305846200846,1649.444636129872,46.14127426502957,26.986551322105687,-977.6467101720006,-604.5119131781413,79998.93138197827
207.56908083805564,10.01613173579852,0.02310999979738897,-0.01781188726715939,29.16889100222648,0.5948129940999616,-0.09780657216795371,-138.47579329413242,-25.25826723205299,-3.0515870986760834,0.019804031422516733,0.050778249296095535,0.057312999772559096,-0.008341695371977691,0.04514060619172394,10.129083110851864,-4.454173030342775,-0.13893455274521238,-0.11806926364386225,1.2875129004462225,1.3144880359795168,0.050778249296095535,0.057312999772559096,-0.008341695371977691,0.04514060619172394,942.9541596614752,674.9675508937444,1590.4791145326114,1322.492505764881,1281.5667874566955,967.4333156306932,-511.2626980701978,1631.096590464693,43.784446479814356,25.240073745481,-939.4981191890928,-584.8705615099832,79971.48267712235
208.0668123506448,10.033142915694812,0.023927943322715993,-0.01853683578976311,29.33962649593625,0.5637053975540969,-0.09269485560794968,-138.9705884869819,-25.312439002650418,-3.053171597358284,0.018858811173209943,0.049591932012497626,0.0558937966911813,-0.008059121170464444,0.04357854451784289,10.05646753087931,-4.587140023782678,-0.14228382129137052,-0.1227386820443973,1.2131777279698601,1.2384469730918561,0.049591932012497626,0.0558937966911813,-0.008059121170464444,0.04357854451784289,954.2562413774072,678.2696349878377,1598.8022885115276,1322.8156821219584,1284.6740387954185,964.0678338983769,-500.70551471844396,1613.0812789626066,45.95308022852399,26.76922149916678,-896.6862286370433,-563.3443854446967,79998.84356170303
209.7772625490988,10.090872291846596,0.019996791697101255,-0.020298197823976016,29.910048615751684,0.457841326151916,-0.09887543511775469,-140.67207618130183,-25.488141827665434,-3.058624972062429,0.01577364926572749,0.04566861731678039,0.05114515356565944,-0.007107617814156042,0.038644802936450326,9.792560333696196,-4.624730270463463,-0.1938440397028777,-0.17933908425640452,0.9976827506091579,1.0180651302914159,0.04566861731678039,0.05114515356565944,-0.007107617814156042,0.038644802936450326,980.5243663754821,702.2761319211514,1614.127428867676,1335.879194413345,1273.3707936007381,964.5889403185406,-455.83370455844897,1552.0791039088408,67.07567134572905,42.54077310128245,-759.8569240517313,-499.36583935221364,79999.17046779399
211.48771274755276,10.147538878232668,0.0078009685140852875,-0.021731459874173818,30.453761128292562,0.3880663014864889,-0.12120940429981722,-142.37510285708314,-25.648460371744942,-3.0647805846171536,0.012900009870156793,0.04194460494430021,0.04662200938235269,-0.0059365869684167615,0.03441124332298788,9.478747388793087,-4.3443477600023765,-0.20683584043713635,-0.19615600058347846,0.8788312300711341,0.8964625648146053,0.04194460494430021,0.04662200938235269,-0.0059365869684167615,0.03441124332298788,997.8648408036205,736.4859011935602,1618.1125847387211,1356.7336451286606,1243.0548552041832,970.1917152450336,-386.4319957114356,1483.5521492842795,75.77202044279299,51.07733740220913,-678.8176197875126,-469.7272186859179,79998.49964108011
211.98544426014192,10.163841531618473,0.003109131001144803,-0.02223767507410079,30.60669021715261,0.3810180694317928,-0.12686661418798478,-142.87092403757347,-25.692375955052004,-3.066833241866405,0.012095804628791153,0.04089115587619363,0.04535313892911824,-0.0055076611072829166,0.03331596962772688,9.372861310340525,-4.265332915347695,-0.18530841675216256,-0.1751725142344257,0.8686635556579019,0.8860030222816911,0.04089115587619363,0.04535313892911824,-0.0055076611072829166,0.03331596962772688,1003.2149411439407,746.5899525180628,1618.8755368711647,1362.2505482452868,1233.363153042233,970.4447325333182,-359.36143373025936,1460.911465561204,69.01592518031832,46.835177838380545,-672.4694297417433,-471.6633979534261,80044.75416647767
212.48317577273107,10.180063690408137,-0.0019331018591794765,-0.022740222391897956,30.75687743859774,0.3769771726703577,-0.13114432935735498,-143.3668401037814,-25.73515281624837,-3.0689326189084927,0.011305146540629757,0.03987091236581563,0.04410999947822567,-0.005094290093940362,0.032266816460615716,9.255830078700335,-4.204875776736607,-0.15657740179827626,-0.14682061676010463,0.8624607541976568,0.8795915452359406,0.03987091236581563,0.04410999947822567,-0.005094290093940362,0.032266816460615716,1009.3195045278862,756.3319371341465,1619.8586998640926,1366.8711324703527,1224.2762111150894,969.5206700168496,-333.0992166079035,1436.859210712405,59.303153023666745,40.26759154482913,-669.01558543826,-475.0353422637679,79998.38289241615
214.19362597118507,10.235224315175945,-0.02157405737963997,-0.024236745492975643,31.25224357729383,0.3726729020239895,-0.1295849080195346,-145.07171253226085,-25.873693945621135,-3.076228398369116,0.008691808212293822,0.03654449254676528,0.03984425773568065,-0.0031344502704066467,0.028603313618064927,8.763111172367486,-4.1712996553818,-0.01997887372290732,-0.01063496921695655,0.8391540242442216,0.8555552407247171,0.03654449254676528,0.03984425773568065,-0.0031344502704066467,0.028603313618064927,1037.1521028112434,786.184652470917,1625.7531479542117,1374.785697613885,1197.2945641799595,953.7100504641257,-206.90415853270594,1333.7323430427928,8.04449891956397,3.1624831616246274,-656.7994430028347,-482.3574314133754,79998.79414894205
215.90407616963904,10.289548190105661,-0.04347396109794633,-0.02411984361518334,31.70708300840262,0.34855086754611303,-0.10474224391732245,-146.77745666132992,-25.99940749150066,-3.0827024183263245,0.006237768473650156,0.03355651525193328,0.03548603859262253,-0.0004534000719708616,0.024536206280910244,8.02580290274757,-4.232519901473256,0.10819960477950748,0.11716879727454246,0.753352599396062,0.76786399304015,0.03355651525193328,0.03548603859262253,-0.0004534000719708616,0.024536206280910244,1072.474106759262,817.8233226045074,1627.4400700348856,1372.789285880131,1174.0222531255747,924.2050043923846,-30.194446751274903,1193.4316229119302,-46.36568693030246,-37.75323452965083,-594.6058630230502,-450.3464703354621,79997.73381078505
216.4018076822282,10.305212515669924,-0.05002215942350119,-0.023546774280400494,31.830252424789528,0.33129812823033866,-0.09349779724376475,-147.27395386126415,-26.033632630368174,-3.084253955699467,0.0055533094452835975,0.032761900091034156,0.03418124754138785,0.00044077785797307865,0.023217983450729788,7.745712095582656,-4.235260341159674,0.13179634558500777,0.14043080065377525,0.7058596380418196,0.7194032809930307,0.032761900091034156,0.03418124754138785,0.00044077785797307865,0.023217983450729788,1083.5699626430508,828.7542991418737,1625.6164340274238,1370.8007705262469,1167.8040875736347,913.9139095401969,29.396370610928187,1143.5556939317376,-57.486957642601325,-46.39553319670663,-557.8932672375036,-426.9063237636241,79911.07731424506
216.89953919481735,10.320818808426406,-0.05652182854450656,-0.02269507430386707,31.947665793217013,0.30927542959139226,-0.08090487483459059,-147.7705033416057,-26.066819093682312,-3.085634730952818,0.004880707272916235,0.031997167197528494,0.03287329686233677,0.001454505711591476,0.02188987703253296,7.418421962904078,-4.213068654551946,0.14845911426183694,0.15664338116802728,0.648718132553425,0.6611193935834122,0.031997167197528494,0.03287329686233677,0.001454505711591476,0.02188987703253296,1094.8465343262255,841.3660400688852,1621.7192955689488,1368.2388013116088,1161.6862275932185,903.8606651512061,96.98743479598421,1091.1049637336484,-65.89495692581457,-53.15174056630776,-512.6595694693922,-396.7410817260714,79997.4505620826
218.60998939327135,10.374029927654355,-0.07767304533586508,-0.017341775409004764,32.306054527506724,0.1936621691464495,-0.03801459829020464,-149.47720410701913,-26.17301292100807,-3.0887320992583875,0.0026357037402238823,0.029454106196980957,0.028560433267963318,0.004875893363011387,0.017665829143348136,5.9155716462635075,-3.7891458050127302,0.13287123617454438,0.13823776922632858,0.3864122349814199,0.3937168020720834,0.029454106196980957,0.028560433267963318,0.004875893363011387,0.017665829143348136,1130.5947714238205,902.619718031319,1587.2642309111502,1359.2891775186486,1134.0537598860437,878.4345122145213,318.90652407812223,911.6712549151109,-62.36008620056804,-52.224911421139076,-299.8729576440868,-244.11775728510233,79998.04264127543
220.32043959172532,10.426732902235699,-0.0940370185617384,-0.009114513034740764,32.556399674859094,0.055223151080764796,-0.011051930720474732,-151.1842404780824,-26.268689306356507,-3.089954333668202,0.00043073443033164255,0.02682357940875619,0.02497074390957482,0.007958045535792501,0.014783994276624527,3.422014292715659,-2.8890438391737114,0.055343160745908046,0.05684417329419975,0.10960358808845916,0.11165946366053034,0.02682357940875619,0.02497074390957482,0.007958045535792501,0.014783994276624527,1171.71848188165,997.8983236239259,1510.8825985807155,1337.0624403229915,1099.6899312988633,879.4928767459966,489.83491184125353,767.1510901133144,-27.571130496976668,-24.460944971417963,-80.31642695566191,-69.5865254086156,79995.97230546564
220.8181711043145,10.442000431894435,-0.09734519197242025,-0.006346837405272849,32.60178398532831,0.017983280694656715,-0.009077414294404517,-151.68101369552366,-26.294864141685746,-3.090085019657714,-0.00021517826016898326,0.026000535990132346,0.024144909387847004,0.008745616403651702,0.014350696540068484,2.4342528020988885,-2.5493994083661113,0.03029832297620071,0.030634911065407194,0.04223230321248908,0.04302335895041264,0.026000535990132346,0.024144909387847004,0.008745616403651702,0.014350696540068484,1186.5760872500398,1033.1907344161116,1479.031581850407,1325.6462290164789,1088.4457259020126,888.0401466007615,524.0130277543378,739.8126305305254,-15.397022937735331,-13.742602152996847,-30.168812613752507,-26.645538073057136,80170.75750531683
221.31590261690366,10.457255123219744,-0.09984167329042608,-0.0035266182563721124,32.632476722273005,-0.014056174202214633,-0.010088147314087456,-152.17780389199916,-26.320428667276325,-3.0902284016869177,-0.0008666768620427968,0.024977905552314095,0.02322668499567622,0.009488817635335295,0.014085026739035958,1.3764336141966487,-2.205941785337375,0.0103873492232784,0.009652486421312778,-0.012330368159999393,-0.0125611098201017,0.024977905552314095,0.02322668499567622,0.009488817635335295,0.014085026739035958,1202.446854588733,1069.7257289915751,1444.8266684767264,1312.1055428795685,1070.2580509875907,892.7516317199292,552.0053689786404,719.0791742534694,-5.396714288721616,-4.516980429705499,8.565285746895933,7.707556663654314,79995.22641786243
223.02635281535765,10.509643259914212,-0.09985469443393426,0.006335407455712673,32.56102451814803,-0.07029611576350481,-0.02899655677015283,-153.88506946088572,-26.405037702951123,-3.0911493079968593,-0.003145036041798086,0.022132976349420328,0.021367399351121825,0.011496760443666086,0.01343687875229042,-4.524323934073038,-1.1911714551814312,0.01496011950327523,0.011861156992946837,-0.08763731574978854,-0.08928092753251717,0.022132976349420328,0.021367399351121825,0.011496760443666086,0.01343687875229042,1309.2445568333524,1237.577381678635,1271.5540130115,1199.8868378567827,1064.3366780087342,973.3856613861142,574.4726194986958,623.8784673667695,-8.67500043076072,-6.5311978789691825,52.68182628671446,50.036581766413065,79994.41391175977
224.73680301381162,10.562459092349256,-0.08476268232291859,0.01488421669531889,32.11288205143523,-0.03758978714630752,-0.07079832722471793,-155.59263595578932,-26.48606535859031,-3.0936906243516678,-0.00548861100937696,0.011693598967192473,0.011451934831734498,0.006209138937568524,0.005442411807936736,-12.79893548982702,-0.7787733306499204,0.14238398036977898,0.13911102267426334,0.019998335089750123,0.020378682351812918,0.011693598967192473,0.011451934831734498,0.006209138937568524,0.005442411807936736,1476.8673592420544,1430.0122365384889,1045.3900475709895,998.534924867424,689.7150465232788,652.176569555829,254.94638595464482,212.957393185791,-100.20510456440249,-94.7012538175468,-9.958206571402876,-9.687416747295334,33742.48512515609
225.23453452640078,10.577998914168274,-0.07718914147124176,0.01682895819590059,31.892447946654677,-0.010331728590853902,-0.08707130091006735,-156.08962676960945,-26.509242297490466,-3.0949142797441134,-0.006183586803133165,0.005608003076484805,0.005162924523008399,0.0020886306262998732,0.00027919603516543014,-15.439324016052128,-0.8368971780374699,0.2050848956767457,0.2022273152288774,0.08864932406857917,0.09034710315587628,0.005608003076484805,0.005162924523008399,0.0020886306262998732,0.00027919603516543014,1533.347085150596,1482.9949243562758,975.9880603237281,925.6358995294075,353.26559139935324,313.35104607094246,80.08576288888978,10.117421301618284,-153.612947635579,-146.237193423856,-41.322653225153864,-39.87740830317184,234.84597355961
225.73226603898993,10.593656234907117,-0.06839249121846087,0.018398286161498845,31.62872998278631,0.023298845575381956,-0.10766323996504995,-156.58667621785733,-26.532141580558832,-3.096425612305557,-0.006899072936805404,-0.0029469081257479553,-0.0038807891417210133,-0.0033826247552539864,-0.006403900988370377,-17.697152834681688,-0.9878115520878775,0.2739974856334755,0.2716550244745387,0.17524863738727944,0.1786331731301174,-0.0029469081257479553,-0.0038807891417210133,-0.0033826247552539864,-0.006403900988370377,1582.0701990007253,1522.6382312387439,916.849990838318,857.4180230763366,-193.2591281948167,-243.12633522797762,-120.99909836839409,-212.05571666767335,-213.18415361819885,-202.42744164254552,-76.39030739672727,-72.2643895542504,-47682.65024559828
227.44271623744393,10.648664557694113,-0.028876927617549543,0.019352239017652182,30.5560676333269,0.21155563690910484,-0.2114894170292343,-158.29539916419745,-26.60892816805388,-3.1050179800671067,-0.009369250538135919,-0.03135544262279768,-0.03582088553436884,-0.021925994480435584,-0.030345386071124685,-20.37155953000738,-1.9949285431119523,0.598101104463318,0.5993266069562684,0.664012166004836,0.6772896184270537,-0.03135544262279768,-0.03582088553436884,-0.021925994480435584,-0.030345386071124685,1638.5256386370133,1518.5001857952361,843.3620812507501,723.3366284089731,-1718.5269797667554,-1720.9733099877935,-655.9220115861721,-725.0002823020473,-393.1360557106134,-348.14977994934804,-243.88846781449928,-200.3268417611663,-168469.86028360762
229.1531664358979,10.70570511833788,0.01877290494738237,0.010553404313241636,29.433247571218114,0.5321378693966899,-0.3564757337824432,-160.00498914428388,-26.67950666283645,-3.1210609900620656,-0.012313772857418682,-0.04918392806678572,-0.06140924261234291,-0.0308127324236554,-0.04906473709732199,-17.998099715849207,-3.691151754569804,1.1509698178898449,1.160220573372189,1.4994527835085656,1.5305794066139207,-0.04918392806678572,-0.06140924261234291,-0.0308127324236554,-0.04906473709732199,1595.6440878298272,1373.5648748276108,909.9104430098926,687.8312300076761,-2021.2494816544913,-1864.850121421213,-889.7830042055123,-892.6968935394108,-580.3267386806119,-441.7964644518477,-534.214235217427,-350.84947899223164,-185947.86933449094
229.65089794848708,10.72271726431456,0.032992401176177064,0.0056208739051306226,29.136091132250137,0.6539854043321673,-0.4045077659634422,-160.50261661502913,-26.698267217429805,-3.127539417445779,-0.013345488803059082,-0.050685473233644036,-0.06621846340062316,-0.029846233283901413,-0.05226641141648646,-16.89068419482284,-4.301470275576061,1.3727912776629811,1.3855507960636329,1.8160495490685937,1.854128432500596,-0.050685473233644036,-0.06621846340062316,-0.029846233283901413,-0.05226641141648646,1578.0215281008336,1319.2223247438606,943.9987900318606,685.1995866748875,-1994.047711425143,-1800.9955208854578,-881.1786808635661,-898.7454587510069,-665.0095352517369,-476.7496164281478,-661.4388192824089,-403.52666668649016,-181046.3233523032
230.14862946107624,10.739892122421955,0.04681684442098661,-0.00031425401694516844,28.84888498292145,0.7875810743317495,-0.4482798363475637,-161.00028970842052,-26.7157934281227,-3.1348333667066175,-0.014485502689860142,-0.05332492013768929,-0.07119727824216862,-0.026970902369261335,-0.05482172637854148,-15.624431601804236,-4.997968225218867,1.6340151511636616,1.65105367938125,2.1555418190219964,2.2011809881889195,-0.05332492013768929,-0.07119727824216862,-0.026970902369261335,-0.05482172637854148,1559.6442068257265,1258.9400028621449,984.900436374781,684.1962324111995,-1968.6327800951549,-1719.6432226058944,-825.4146137153269,-895.9270475405318,-746.9254744518001,-509.360873241286,-813.0899287140761,-457.326109130397,-174222.39091114065
231.85907965953024,10.800064658630598,0.08544793819749696,-0.027169410722641188,28.022423841617666,1.234604869741615,-0.5183616204327697,-162.71068150074282,-26.76408032295287,-3.164684050825122,-0.020337659235259067,-0.04019315652085994,-0.0840378204503212,-0.008798187521239228,-0.05711673254091528,-11.118015370298107,-8.376020792470149,2.776968518467982,2.812125575030867,3.2182583506791573,3.2883458094320672,-0.04019315652085994,-0.0840378204503212,-0.008798187521239228,-0.05711673254091528,1528.1474373360543,1024.2017235411558,1164.9402233839357,660.9945095890375,-1536.64817896301,-1362.3957419863998,-306.5173125522858,-811.2689048235594,-1308.9289156893688,-599.4281501628683,-1377.6673557821437,-600.2015363450173,-129805.54968544724
233.5695298579842,10.861779185752669,0.09999640005747562,-0.053725889767578854,27.39115146270011,1.440885957852972,-0.44313742591483707,-164.42144948251683,-26.782451477027596,-3.195065586379998,-0.02948953042552162,-0.011508682963083746,-0.08582584519968697,0.004701811064872218,-0.053124530129692975,-8.291026087832302,-12.31448090169723,3.8955858045694662,3.944803558634103,3.6095760185502974,3.689972258748754,-0.011508682963083746,-0.08582584519968697,0.004701811064872218,-0.053124530129692975,1560.0489127690098,819.1446072784656,1329.2881316457224,588.3838261551782,-464.0193994201869,-1042.693570062438,175.77761502891747,-677.3179285847473,-1928.6600945481891,-638.832768607066,-1657.26900745144,-605.3501092876294,-72168.93571703641
234.06726137057336,10.879982037802336,0.0977657553579307,-0.05946189924914908,27.234071154962216,1.4139864896535483,-0.39003884389686594,-164.9193733688759,-26.78003386055018,-3.2027134365984145,-0.03282935407556509,-0.0037796565731643868,-0.08343631506870784,0.004461997804905215,-0.05148837270935055,-8.144391460840568,-13.3845838793239,4.136763206092646,4.18738367285336,3.4983366171534636,3.5767226665811727,-0.0037796565731643868,-0.08343631506870784,0.004461997804905215,-0.05148837270935055,1583.9701479573437,778.6827872839717,1359.7643403261163,554.4769796527445,-150.06374634461724,-975.8457656092323,173.54824761237884,-636.6485040565008,-2020.9382942110155,-652.5525707353651,-1667.0562253260662,-568.0503855567775,-60495.09282275603
234.56499288316252,10.898294603716163,0.09261952149115367,-0.06351773178052433,27.077203402569047,1.3395691153536038,-0.35330892302119987,-165.41726802993244,-26.77326867708485,-3.2093720241556714,-0.03623155747870993,-0.0018744105470669978,-0.07952229537250394,0.0023901000593920143,-0.04994431380440996,-8.096563616738631,-14.292422047449522,4.253905066312752,4.303069796307219,3.3102491549566935,3.38487539632712,-0.0018744105470669978,-0.07952229537250394,0.0023901000593920143,-0.04994431380440996,1605.3870648241868,745.4793581677195,1383.0529830334233,523.145276376956,-73.69266035951415,-922.4407853589771,97.62650308315584,-603.0709213850696,-2060.987472081447,-662.8743746772483,-1651.0362114842985,-523.7520044964192,-57903.94585508668
236.27544308161652,10.962118423889212,0.050811177742325034,-0.06981293464721759,26.530924503876715,0.983098889554671,-0.40556969965714296,-167.12841699462172,-26.712119220639863,-3.232514786379516,-0.04816237366190795,-0.000995535286627109,-0.06511882530702967,-0.0019068688731793482,-0.0456353634153801,-8.132164985338095,-16.12592117614486,4.127282970355028,4.158820600148746,2.6953436341532835,2.75742111294164,-0.000995535286627109,-0.06511882530702967,-0.0019068688731793482,-0.0456353634153801,1645.0292005359188,674.8084884505088,1419.6434467161262,449.42273463071615,-40.89984844182889,-805.7834871544572,-88.05414520237238,-522.2430946660877,-2083.044451121348,-672.0440485807989,-1506.938913767631,-401.7209598881288,-55874.07929494832
237.98589328007048,11.027295033699165,-0.012845860015148107,-0.06981150410268701,25.9790182889604,0.7842118721240937,-0.6548073704719931,-168.8357311196294,-26.58611322713228,-3.2660607907738584,-0.05641896665321226,-0.004815169231783809,-0.05276715222906847,-0.0059784790812831504,-0.04124473636810428,-7.875113286312671,-16.755985495724683,3.737007032158901,3.7488921394919403,2.693725627657634,2.7570994161613918,-0.004815169231783809,-0.05276715222906847,-0.0059784790812831504,-0.04124473636810428,1641.6991004265928,633.570386303653,1427.1554177730063,419.02670365006645,-211.99261892012993,-719.6997337780356,-276.03526141076355,-458.04515607174886,-2008.202851795079,-657.4775671871234,-1506.037865615292,-388.8554212941046,-60028.77949764306
238.48362479265967,11.04650945937092,-0.03255788988768825,-0.06966958102657966,25.818398992417894,0.8148499700697185,-0.7493953790489312,-169.33106922089806,-26.53611035229187,-3.2796548731114443,-0.057371687928427936,-0.006042262676084142,-0.05022099719120654,-0.007900137677151317,-0.03964622635766635,-7.632183397127471,-16.861533791106613,3.68674384810028,3.696218022233457,2.9202760371489993,2.989393704577868,-0.006042262676084142,-0.05022099719120654,-0.007900137677151317,-0.03964622635766635,1634.466224857243,619.987167012151,1431.056627239098,416.57756939400554,-266.98679354873866,-690.4450533132486,-351.6213533774693,-434.7425360877057,-1987.4632214268458,-651.795429122914,-1578.2406755127108,-416.5656165307092,-61538.1434189364
238.98135630524882,11.065838621534626,-0.05124177008801119,-0.06981301012373417,25.659678997611625,0.8875753815948613,-0.8611678541883249,-169.8254167958093,-26.480208044018255,-3.2950831861018677,-0.05719987089073007,-0.009930974942459246,-0.04854842921014612,-0.009842434576268079,-0.03821632709180569,-7.137104715050537,-16.983562957577327,3.6315904391217226,3.6400429793686246,3.2680121914519757,3.3458090098804205,-0.009930974942459246,-0.04854842921014612,-0.009842434576268079,-0.03821632709180569,1621.8331110297327,600.0121330862371,1441.523125099386,419.70214715589066,-436.25249353320834,-660.4751977073252,-414.7919110427831,-412.7999023627942,-1946.7711433404859,-634.2071228195764,-1679.8215310023393,-460.0802208105946,-65535.20591539341
240.69180650370282,11.132883978776022,-0.09532534952426831,-0.06981235385584526,25.167628442507812,1.371684241973246,-1.0052893470064137,-171.51415323308728,-26.239958562899567,-3.36034510761577,-0.04656735298661133,0.00023417187720792176,-0.05673756652024127,-0.0031235794989485912,-0.037433782305912745,-5.785642791001419,-17.923443473302175,3.844381894919122,3.8729936488866414,4.637570985323605,4.749898750654965,0.00023417187720792176,-0.05673756652024127,-0.0031235794989485912,-0.037433782305912745,1604.08914087335,525.7199798350042,1486.7103507176698,408.341189679324,9.943911785604657,-618.0652638721749,-107.41570241314045,-339.3655913122832,-1997.3666827334207,-546.2776856764149,-1983.7030303557992,-555.6808737641917,-41229.794687040194
242.4022567021568,11.20113912971441,-0.09999968531188566,-0.054980029280866476,24.63902567461058,1.6264730891209358,-0.6819705060628047,-173.186872075056,-25.9210912576603,-3.420469397594119,-0.02524082361048321,0.024827858208071058,-0.07215233151528817,0.007192278731012215,-0.0431194251555285,-7.57501734962525,-18.51877737527961,3.8584849866477446,3.9183804609643023,4.807177561629343,4.926101831649717,0.024827858208071058,-0.07215233151528817,0.007192278731012215,-0.0431194251555285,1649.7236486883924,535.536051233553,1446.2551446998536,332.0675472450142,986.7486591906542,-686.8666819657147,233.39044691646296,-302.16006797068275,-1890.1093219068582,-490.73123035010246,-1948.7074837233502,-448.62246530797586,-6782.5355732093585
242.89998821474595,11.22127482100943,-0.0924107364131154,-0.04523567950662767,24.455937537942,1.5463184918256139,-0.48211609202773237,-173.67054125309426,-25.812777066639608,-3.4324726228941707,-0.017939665591445705,0.03055817228249327,-0.07529684865752886,0.007647983933656338,-0.04600165098000695,-9.173829655996943,-18.41110879925203,3.662550289882796,3.7284478290607934,4.340831331757626,4.449130064483979,0.03055817228249327,-0.07529684865752886,0.007647983933656338,-0.04600165098000695,1679.3768062558247,571.6671198214875,1399.6634702790125,291.9537838446753,1220.0045451028498,-748.999248701901,262.4980903047405,-293.58398019214843,-1802.9227098598847,-488.58336192595533,-1847.8830043814633,-368.17576371668014,-999.3013692862304
243.3977197273351,11.24158697173595,-0.08203305609689594,-0.0306458792626112,24.230273081616495,1.3209514882079887,-0.2640330292172261,-174.1529628053897,-25.697597938259854,-3.4387722479028184,-0.010153700472252263,0.024663592565626155,-0.0772441580515005,0.008167168940969798,-0.049492785891638816,-11.881669991461688,-18.284880691253115,3.1445081609494188,3.2092159778405556,3.506617675381215,3.5950508181140943,0.024663592565626155,-0.0772441580515005,0.008167168940969798,-0.049492785891638816,1733.6543132174588,633.539177413139,1325.0055855751598,224.89044977083984,1153.928078557532,-859.1805439317209,307.63888040810116,-258.4308358259404,-1789.3937903222986,-468.9551575478983,-1620.960019353689,-242.49947985636425,-2677.7559897511783
245.1081699257891,11.313578135410626,-0.02928349249998803,0.019066842747674718,23.171896200012835,0.38662653291128857,-0.014185454026871977,-175.7998263853634,-25.245899573268648,-3.4480475417248386,0.013804991397325574,-0.019078880216758715,-0.07498328376338348,-0.017878292618971812,-0.06139964198592234,-16.091956097425943,-13.174770750631978,0.12339311499038925,0.1475778730148345,0.967493954912645,0.9930835299439882,-0.019078880216758715,-0.07498328376338348,-0.017878292618971812,-0.06139964198592234,1651.7440965962944,859.0802035004197,1041.0799666650576,248.41607356918286,-1213.38747450284,-1275.8520641378404,-676.4292226308885,-366.6106983432239,-93.22968725578923,-32.348340698664934,-445.8135450112574,-76.31163901289912,-90948.70190524115
246.81862012424307,11.3893426215001,0.03269544140029785,0.052894270213522485,21.993278510687112,-0.4042911385972015,0.13054816677911754,-177.4315684904622,-24.73008661938002,-3.4429663181344003,0.030222665632740665,-0.057017876797475664,-0.05839046014840406,-0.05126417750527874,-0.05269739508550643,-14.081883034309428,-4.177601593397362,-2.4873055319463266,-2.5083802642306834,-1.2704761662645585,-1.3059002299535165,-0.057017876797475664,-0.05839046014840406,-0.05126417750527874,-0.05269739508550643,1303.684218064787,1052.3376098008796,785.8732689152387,534.5266606513312,-1609.2395163049423,-1339.6079221338061,-1048.5021872493146,-727.7384661820038,884.0545447301326,729.8281751513324,326.8384154583996,228.7226112775606,-112782.24730827808
247.31635163683222,11.412170320503138,0.049226035252102715,0.05689387409458024,21.687453515880208,-0.5340532863560219,0.278555260000048,-177.90390905950758,-24.572164431735295,-3.43969493153474,0.032981285662492296,-0.05904347237989752,-0.050783136657800695,-0.05563860804887549,-0.04244912800067196,-12.642817257053657,-1.460000674322779,-2.6683941423111825,-2.690421593744885,-1.8921495108413284,-1.9456395832992608,-0.05904347237989752,-0.050783136657800695,-0.05563860804887549,-0.04244912800067196,1180.3443703827397,1092.503007497865,730.1617310561672,642.3203681712927,-1469.2360928931453,-1294.1469124319276,-977.359486232541,-754.7463165937546,841.6675240706858,862.7132462517322,421.69324886935385,434.8401030309217,-106179.44128218864
247.81408314942138,11.43527891400504,0.06475433188616272,0.062181257612939814,21.40873418118805,-0.7087872476034708,0.38904228870999036,-178.3759119043504,-24.41377528353549,-3.431912822204662,0.03603296797309663,-0.06099724479224846,-0.041846525061931115,-0.05250829040185826,-0.031730903455673774,-11.206349638568668,1.0754433990687229,-3.0681452580720716,-3.0969070434738146,-2.577922949624729,-2.65171385719847,-0.06099724479224846,-0.041846525061931115,-0.05250829040185826,-0.031730903455673774,1063.2982823051163,1128.0026454887554,680.6834297526902,745.3877929363291,-1308.515239923695,-1156.1150095632138,-852.0089946810289,-677.1728458366882,841.1017603055876,1070.4840278911806,531.9389009680084,707.1920123370595,-94154.60409068651
249.52453334787538,11.516522762855299,0.0999996320695343,0.06981286034328223,20.60597008248399,-1.2080378146796789,0.6677362440097417,-179.9986757908693,-23.882388543416653,-3.388025263126964,0.04071596222854769,-0.06261092494376475,-0.022990023747442884,-0.04444361226454389,-0.013361712253963348,-7.788182032292306,8.742410042416457,-4.097884306274435,-4.150443678644241,-4.564662281667773,-4.700078841177818,-0.06261092494376475,-0.022990023747442884,-0.04444361226454389,-0.013361712253963348,732.7590245160291,1258.7486535143084,510.68658252375366,1036.676211522033,-860.686536798677,-701.9491584041638,-485.89219947899807,-327.9259336503542,732.6040576309406,1580.4130255909113,644.3507063321367,1451.924603026484,-57313.33919850182
251.23498354632935,11.600399732817012,0.09999904857803726,0.06424800543775876,19.946467282937515,-1.5276888481510087,0.8215550092685331,-181.63342413349898,-23.40427834939281,-3.32470892301422,0.036156020682482505,-0.07033044468345614,-0.013072659312060236,-0.044127384664379106,-0.006805376768195461,-6.149792611326331,13.803185977055385,-4.43037069689409,-4.50293121491812,-5.907423251388524,-6.0880154410544,-0.07033044468345614,-0.013072659312060236,-0.044127384664379106,-0.006805376768195461,526.7263429648269,1357.199019931465,381.11236710792906,1211.5850440745673,-642.6747157159192,-419.14514048058936,-312.6103296276386,-153.40943507479435,534.1782590290305,1799.4736443821832,550.2635380672727,1761.382695148206,-37976.69917645505
251.73271505891853,11.625263740393212,0.09203008942885148,0.06073775053220771,19.76325548101706,-1.5826897869952057,0.8487919112845022,-182.11341661574886,-23.28140689858966,-3.3039742929941087,0.03304574579207599,-0.07635477682125713,-0.010095472302260992,-0.04616270070879487,-0.0039623893671589284,-5.899843783048259,14.601169577974352,-4.3649041497941115,-4.441639569363927,-6.1693924905073025,-6.359639798458046,-0.07635477682125713,-0.010095472302260992,-0.04616270070879487,-0.0039623893671589284,492.7297836537786,1371.213374791409,358.631393671844,1237.1149848094744,-622.5702738140972,-332.76520029818454,-295.41744904695247,-86.92946482469118,472.5640730745492,1820.9089838461425,521.7424246664762,1799.0380068518336,-33597.87924401295
252.23044657150768,11.650383401646677,0.08092147475686712,0.05738510602988197,19.590110435179206,-1.637164787297889,0.8358247431498758,-182.59545945803794,-23.16663324884363,-3.2821953352582214,0.029767109295367668,-0.08052029894261395,-0.0029762322294776206,-0.047198078251301484,-0.0016985481919867887,-5.737558877247513,15.266017271159848,-4.3865866533476,-4.470555584873689,-6.352202118893278,-6.5497481106237,-0.08052029894261395,-0.0029762322294776206,-0.047198078251301484,-0.0016985481919867887,465.07487596058445,1383.5592208700366,338.35594089121787,1256.84028580067,-596.5709437707766,-99.47322473447424,-277.8606789746206,-36.55911131194653,433.76821594897996,1856.7837280908166,495.84567912764277,1824.0444677031944,-26650.413286836032
253.94089676996168,11.738734427657821,0.02229764340549328,0.03963637951434914,18.865406647973785,-1.499064855187664,0.6867585133828238,-184.2719090957881,-22.845618777774895,-3.2157864123552162,0.016462456245384345,-0.08783032066198741,0.003482268320568579,-0.05107529147013532,0.001596808749693136,-8.509513766183073,16.396846751795767,-3.6889611491853556,-3.7783059985570646,-5.87821235630942,-6.0683871202468795,-0.08783032066198741,0.003482268320568579,-0.05107529147013532,0.001596808749693136,481.2213404561069,1467.7423681674557,221.7404090848794,1208.2614367962283,-656.2648325030941,138.4212330537972,-206.08049996585993,36.177246207012196,368.833935739467,1842.0429274587184,313.9388177562986,1763.2039907617118,-18594.88852443875
255.65134696841565,11.831775022222633,-0.04434778228968977,0.028612276858635207,17.809311347249746,-1.1379939778521022,0.6431371866915081,-185.9722267953136,-22.647970880247772,-3.154712741334121,0.002113631524410399,-0.08695582958075909,-0.024946414016328796,-0.05559218291316658,0.000172779005821571,-12.579836350187822,15.09638226220756,-2.0027582500983594,-2.0677352838428655,-4.992664319515646,-5.164283204775584,-0.08695582958075909,-0.024946414016328796,-0.05559218291316658,0.000172779005821571,595.2280624371358,1503.5062679649957,140.90214739439494,1049.180352922255,-873.35307400828,-1191.0353340152787,-152.8466810396467,4.050925839961299,265.7341685320947,1193.9322898863536,180.76300539700281,1531.942142089383,-43621.87523255608
256.14907848100484,11.860021062511866,-0.060804126524213686,0.029742714929522008,17.41523862573279,-1.0438216813378929,0.7004666206073713,-186.47018167878605,-22.615441612862796,-3.1364906181861714,-0.0018611194196250325,-0.08566500983504799,-0.04108529586817447,-0.057054012605138094,-0.0007096376093739453,-13.283129907766533,14.140367308576963,-1.356193923935653,-1.4078867563259325,-4.928003236827447,-5.101323068840983,-0.08566500983504799,-0.04108529586817447,-0.057054012605138094,-0.0007096376093739453,632.9110246364189,1483.6703139458427,144.58404777943412,995.3433370888581,-945.0805216384026,-1730.7763403697668,-160.11330214195831,-16.04839794044988,196.72433578263258,724.1155816521419,182.1968215439649,1459.6919437398249,-53520.836661360285
256.646809993594,11.888972884329018,-0.07472131602543913,0.034489915959894896,17.006822062043177,-1.010456605099183,0.6974602920172801,-186.96876576358736,-22.59384241813009,-3.115689275636151,-0.00525123642849326,-0.0844151414655618,-0.05308726268429628,-0.05857743653337156,-0.003681112181365669,-13.48457473170502,12.876512345856472,-1.0944788808885162,-1.1449949254504328,-4.927257480603563,-5.104787191103736,-0.0844151414655618,-0.05308726268429628,-0.05857743653337156,-0.003681112181365669,667.8549566747636,1442.5740465742276,169.31968952720837,944.0387794266724,-1000.2012734583848,-1888.806443202241,-189.7460494795665,-79.26599731883421,170.00380157979197,504.3051082746883,210.44358874236013,1392.475866844968,-57262.38670238115
258.357260192048,11.994242828209787,-0.09999841894215811,0.05449501296042883,15.511619926418888,-0.9220300357965684,0.567704493215558,-188.6831965266055,-22.593630353373065,-3.049434866839076,-0.011391020930002643,-0.08330138023869853,-0.07670165232587432,-0.06273330587266557,-0.012815459665362508,-13.505265559439819,9.68794116821726,-0.9510252528855172,-1.014782452939191,-4.750433060158381,-4.9384826364787955,-0.08330138023869853,-0.07670165232587432,-0.06273330587266557,-0.012815459665362508,737.1062089402246,1319.9839916230483,235.32630638007663,818.2040890629003,-1098.9799358843932,-1835.2532235154492,-275.62934561725206,-244.92944151477406,163.99442578289387,311.53491915209617,275.40960857646667,1197.5328077507213,-56245.65417558278
260.067710390502,12.110619586092023,-0.09229898386886705,0.06882910635386057,13.938674002576313,-0.7705505341446449,0.4651461123596559,-190.39429878413029,-22.704858774445725,-2.989706299675545,0.0001612836819320867,-0.08444978982200417,-0.07948533038625345,-0.06355470360312544,-0.01748387278231496,-12.53110599322969,8.341285497436465,-1.52907297119643,-1.5964700316544818,-4.384209307233353,-4.57791541716203,-0.08444978982200417,-0.07948533038625345,-0.06355470360312544,-0.01748387278231496,728.6401513773778,1230.496006099175,270.90506299650013,772.7609177182974,-1070.3892074993544,-1693.8380396255807,-328.68355829793023,-329.44903373067314,254.19175090999752,439.9586712651252,298.19342601660315,1091.664391142294,-49695.17018169715
260.5654419030911,12.146975950576811,-0.08423181471008577,0.06979563831283198,13.478428246741156,-0.6951501696730612,0.4802713957334439,-190.89066386526912,-22.757553236932797,-2.973255518214551,0.00856589274869327,-0.08470803532596385,-0.07760015614824262,-0.06285514645880279,-0.01747805777627709,-12.06931722120488,8.305374205954909,-1.6949947152033111,-1.7502708605460366,-4.261569494348298,-4.456477217338457,-0.08470803532596385,-0.07760015614824262,-0.06285514645880279,-0.01747805777627709,711.7211441648524,1211.4163856470982,275.29978194086925,774.9950234231151,-1041.6966851787736,-1661.3487217510751,-335.8447982091497,-336.0599993791925,273.72512596606066,483.7301586579999,298.91154298204464,1082.636333251089,-47374.85893111392
261.06317341568024,12.184559285198825,-0.07404915835819005,0.06981020115329682,13.018737316555393,-0.6238726761302944,0.5056644468945588,-191.38512515102428,-22.821641476999645,-2.9553455843537915,0.019897672423343934,-0.08421029832593063,-0.07379318913360333,-0.061551469828153835,-0.018071010084784497,-11.480863322399298,8.270123824582697,-1.987156931103058,-2.0274532652658896,-4.178225252197848,-4.376257730759169,-0.08421029832593063,-0.07379318913360333,-0.061551469828153835,-0.018071010084784497,692.0233215941304,1189.5977136847257,282.94338924848216,780.5177813390776,-1003.8456974173664,-1610.8482843487934,-344.19252245886196,-353.0257205231595,311.3556507280122,569.2757999841182,306.0738865160288,1079.1510678623285,-44960.070393583424
262.77362361413424,12.32442835191373,-0.02913749409570742,0.0698128273685017,11.587731120683209,-0.4653615461467284,0.780263942778151,-193.07316262385942,-23.132667009439295,-2.866377830095162,0.07579243011331681,-0.08333938732320513,-0.050046505842363614,-0.056160798189164474,-0.013622997568024209,-8.335802600923694,9.762193726313722,-3.4108421604300125,-3.3609008994072385,-4.8281279638572165,-5.085640274916235,-0.08333938732320513,-0.050046505842363614,-0.056160798189164474,-0.013622997568024209,552.8885433301634,1140.2337526488734,291.3293750523866,878.6745843710966,-755.8151247102153,-1248.7041607654141,-318.0434809373593,-271.11393870526655,410.464904200674,1060.2323490480192,358.7108140645021,1285.5450124993113,-32422.187984858923
264.48407381258824,12.479747741392694,0.02502400529545917,0.06980466605675109,10.492605340295423,-0.3875416505304875,1.1571432424525367,-194.701399495804,-23.648237741397246,-2.7166506059754596,0.14160643089587555,-0.07947902523480256,-0.021289685345157763,-0.051017153402818684,-0.008640233659354209,-4.972517387735677,12.514888192589552,-4.988397886402505,-4.8032602600132135,-6.274032357934003,-6.643292429273447,-0.07947902523480256,-0.021289685345157763,-0.051017153402818684,-0.008640233659354209,376.8180729936114,1129.7799411097433,273.64284378540617,1026.604711901538,-464.6602027253481,-538.3094301774993,-241.48455785752057,-155.20175268561485,391.387918764111,1532.5876423298507,394.7178792477315,1550.6493600251038,-18278.896146748644
264.9818053251774,12.52763129119074,0.04137321839981095,0.06981203721257888,10.256834687099246,-0.3700583132326033,1.2507228294741803,-195.1559937142986,-23.848689447809612,-2.6582343588739823,0.15955103929891679,-0.0769883208443179,-0.01414262685987432,-0.049878161340598734,-0.008876685039921796,-4.238580494455139,13.320054187580535,-5.425269266650744,-5.200091177659376,-6.665522935360283,-7.066656709435609,-0.0769883208443179,-0.01414262685987432,-0.049878161340598734,-0.008876685039921796,332.4597122624096,1133.8646253664288,263.86496764655504,1065.2698807505742,-393.45323793004667,-345.3162973304874,-219.48262252088287,-153.48277005842624,372.94612034512795,1608.218238247453,391.5491241286135,1599.8651101203493,-15328.151955986743
265.47953683776655,12.576386426380765,0.05939548074699829,0.06869417098594158,10.044863225029644,-0.34777769513743917,1.3355293587618398,-195.59496260396799,-24.07559346686315,-2.594730470230593,0.17599245970074645,-0.07485807822790785,-0.006925046772874887,-0.04861606906809001,-0.0067044803166987545,-3.630328017399348,13.93768068449501,-5.774152350051682,-5.507637751307829,-6.998901407109395,-7.428817471744848,-0.07485807822790785,-0.006925046772874887,-0.04861606906809001,-0.0067044803166987545,297.05229849808535,1135.6168884412564,257.104645411361,1095.669235354532,-338.92392545724204,-163.3095375252726,-202.1750446099645,-112.15388419063248,352.3363580210514,1651.1855075722053,389.97150021305816,1637.739800287363,-12392.878364575392
267.18998703622054,12.749553555071175,0.09999642410484631,0.03658981943063878,9.470356494878935,-0.22873493533156364,1.5139724473001517,-196.94751529899648,-25.07934142850669,-2.346752655582479,0.2238747448923369,-0.0564209690723257,0.009590943427151685,-0.04133660013988929,-0.0036358011180908367,-2.278223955819976,15.142749326334576,-6.697987777118741,-6.2969068448643775,-7.430205756163076,-7.914510782214992,-0.0564209690723257,0.009590943427151685,-0.04133660013988929,-0.0036358011180908367,222.47490935412344,1133.5428027071462,246.1312024708903,1157.199095823913,-201.49664198834833,197.2351725085823,-162.49495600880917,-58.842572713720386,321.07581051525267,1670.5634222199224,392.03328978013485,1703.6148381545127,-6947.222120298437
268.90043723467454,12.930490206031584,0.09624315625502591,-0.009954858079376837,9.09903388933258,-0.07679774404576707,1.6204633872200982,-197.96241467313962,-26.403522436285236,-2.0621257749591657,0.26030288397924173,-0.025868241101723775,0.0173452897127984,-0.030205943588925643,-0.0025476151389606915,-1.4217214516430015,15.579846629482596,-7.093750581702329,-6.563225033504655,-7.2506422226705185,-7.743461265008267,-0.025868241101723775,0.0173452897127984,-0.030205943588925643,-0.0025476151389606915,185.16364058633513,1122.5296196163627,249.12005650438294,1186.4860355344103,-85.64213343114562,333.24954407227665,-128.7428762739337,-43.167409335221855,311.76236554107265,1638.1105163586733,411.5219102566926,1739.0148534426157,-4507.131759655974
269.3981687472637,12.984425022734927,0.0846959444637676,-0.02069960827582276,9.022518510332537,-0.032587504963988476,1.6573018174288465,-198.17628134888525,-26.844048486095424,-1.9741891756656413,0.2691082069779475,-0.01566091927530047,0.018721773856877944,-0.02637639290124159,-0.0016957392287228219,-1.1438700128554722,15.685492233936033,-7.081370621546644,-6.511897649770839,-7.196040890957885,-7.689523240069714,-0.01566091927530047,0.018721773856877944,-0.02637639290124159,-0.0016957392287228219,174.6222094287059,1118.3443868093202,251.6916598040699,1195.4138371846843,-50.391351591457735,360.1886142997767,-115.88653955673335,-29.148001515661697,301.57803720365035,1626.7678314835687,420.04721533812096,1749.8888766033826,-3779.6552820692914
269.89590025985285,13.038967262293605,0.07055288027441535,-0.026614286364657416,8.966167830289496,0.0028673684892825506,1.6876938863757054,-198.35069589577557,-27.302562246048133,-1.8827978278673256,0.2766586902399863,-0.006838265240646951,0.02038614493459346,-0.022063207959479542,-0.001548726127135938,-0.8758404543029542,15.748000145054252,-7.09462374021304,-6.493595993316739,-7.1513338830373225,-7.6450078844196945,-0.006838265240646951,0.02038614493459346,-0.022063207959479542,-0.001548726127135938,165.81968737444822,1113.302671308291,255.55371136322765,1203.0366952970705,-21.152712874193444,389.94878263105494,-100.26555215823876,-26.93737504579374,290.1541583443793,1613.3190644508513,430.85116190194043,1758.8455217695644,-3151.0645205711935
271.60635045830685,13.228884288601336,0.04267788842840223,-0.016636708818773355,8.89835514305139,0.09642608539920135,1.7438583738444813,-198.58774515939834,-28.971163264805316,-1.5562416878235024,0.2931409685932535,0.020018969280399625,0.024251238251257027,-0.005135620593416511,0.0003353068268052613,-0.04344755718262057,15.882324252813563,-7.120263773247843,-6.4535050609302775,-6.867584446436553,-7.345835287215343,0.020018969280399625,0.024251238251257027,-0.005135620593416511,0.0003353068268052613,141.36332355093992,1096.9279562822026,270.51861156591025,1226.0832442971728,51.58237223854124,455.1664401780184,-26.416136887214485,6.207840093072258,243.3286735868387,1574.7477030942891,464.77573354772534,1788.025330275033,-1055.5870106507555
273.31680065676085,13.418706666898995,0.053920246143818344,0.00457588943477176,9.004637705743798,0.13884750282953642,1.7583432699670156,-198.26531446519363,-30.628110264367532,-1.2232023116771096,0.2958325481408115,0.03865039656589319,0.025361804379876587,0.015520291041355227,0.0016721788268531065,0.7355192482823568,15.905861844010508,-7.0560930500005625,-6.383244706730683,-6.59304989065321,-7.0469584115878385,0.03865039656589319,0.025361804379876587,0.015520291041355227,0.0016721788268531065,123.24622478145665,1080.2270034954774,289.43391987589183,1246.4146985899126,82.03478909303763,473.30451856716735,87.16684718752336,32.908294138483896,199.9595794814583,1547.7857607711308,485.9064696189789,1812.3276257752075,739.845648012506
273.81453216935,13.473185807784278,0.06585541499541883,0.006151225151044487,9.064350525654422,0.14021084329641834,1.7609489446830449,-198.0667423735321,-31.078854678190247,-1.1274888064770792,0.2941892321990438,0.041989179110178056,0.02518982399889608,0.022319025495589777,0.001454417959177756,0.9679314123979716,15.894512077420476,-7.002617093371584,-6.336971478287749,-6.554021760942106,-7.002222900475933,0.041989179110178056,0.02518982399889608,0.022319025495589777,0.001454417959177756,118.67908521524078,1074.977001939382,295.9395497740535,1252.2374664981949,85.05840933310262,471.9374852567014,126.43240156900885,28.93712700589448,189.6074893696374,1541.2723320248492,487.80385457909256,1818.9154388009194,1143.4973655812528
274.31226368193916,13.527007690515774,0.07707872979705954,0.005443169421020723,9.153913273082871,0.1399910880128347,1.7397003084054938,-197.82914815367266,-31.509540355541333,-1.0338042790161277,0.2914773307243763,0.04544998091865086,0.026078190960037665,0.027071726714167167,0.003218789261604662,1.3708697400261356,15.87434361414925,-7.045648449936749,-6.39942899826767,-6.405987066857666,-6.839823315826271,0.04544998091865086,0.026078190960037665,0.027071726714167167,0.003218789261604662,110.64224149896773,1065.7267167965426,307.08869990915167,1262.1731752067265,84.00525885067111,478.799712440428,159.421459573999,66.1457473212787,174.52091928344828,1527.7441399641725,495.3985240838055,1829.2199717574747,1957.7368790645985
276.02271388039316,13.707907179539468,0.0999844962492008,-0.0016712520042922916,9.46760488537734,0.07874609147918231,1.7413510454562466,-196.73971775716973,-32.77919263608479,-0.7191546240222484,0.2753646371257495,0.05555515767876814,0.02449819859124126,0.05400392678441254,0.004041036041940608,1.9537140770236858,15.750606573135503,-6.7689439098832,-6.185011777671116,-6.563266761524241,-6.9923580189364705,0.05555515767876814,0.02449819859124126,0.05400392678441254,0.004041036041940608,103.80639812051902,1051.446198553796,328.1671637578205,1275.8069641910974,93.90419062135149,462.76761035555296,288.87675160212297,81.55703204454474,153.80555588332513,1512.560972443935,469.0796118401879,1842.1879031361605,3665.572475683001
277.73316407884715,13.881119275695283,0.09999843425376549,0.009174529124305046,9.977012523454006,-0.15572964956484223,1.757934242202262,-195.32786233142497,-33.68376496701176,-0.41634017105434784,0.23896248642690227,0.06354914979770308,0.01967670388903254,0.09510016534637689,0.0004994755127940882,4.3547494581917965,15.430576425706171,-6.328103494143202,-5.873157695511379,-7.5914755248270405,-8.060153280996314,0.06354914979770308,0.01967670388903254,0.09510016534637689,0.0004994755127940882,62.030212017542,990.4153060600293,400.7252753768836,1329.1103694193707,64.1165884951465,377.78362438509816,415.159167457036,8.721401863012728,85.93204876228562,1450.301604463547,464.9537003547056,1877.8632135158862,4154.856098026823
278.23089559143625,13.929816229848177,0.0959605300903551,0.02043994176355485,10.19705262140391,-0.2714365678553408,1.7466405790548847,-194.8753180920708,-33.87106401128517,-0.330545778277381,0.22272428021875423,0.06560249517872095,0.01840406929456589,0.1092955588927669,-0.0006453580577673164,5.9698151486003335,15.279545891491205,-6.22403966262889,-5.828108577408624,-8.012378163674898,-8.495345656387116,0.06560249517872095,0.01840406929456589,0.1092955588927669,-0.0006453580577673164,30.75466684934679,950.0529651142723,446.25362275371083,1365.5519210186362,32.81153947931031,344.8177626553662,459.0014519433571,-10.707600971621728,41.93350144015298,1403.540257702962,481.2824707975398,1898.4095415285224,4291.768692202461
278.7286271040254,13.977532589012013,0.09305297678084513,0.0304071452382714,10.47265129073456,-0.3588785803263355,1.5685156149932813,-194.4079048841869,-34.02634011279747,-0.2513377116853372,0.2040298477334979,0.06669144307398484,0.014861383988522598,0.12037035519641485,0.04410838842858176,7.235487670145786,14.973767776582688,-6.570617111121545,-6.267837629178728,-7.624130743917897,-8.071860739839911,0.06669144307398484,0.014861383988522598,0.12037035519641485,0.04410838842858176,13.122028196586143,914.0230977298257,488.91284193063547,1389.813911463875,13.686195866320057,253.99444141451238,520.9308169112667,707.1595494202606,18.253702166739153,1386.2991608076422,475.6130308228455,1754.1522236097533,11781.942139433744
280.4390773024794,14.129407769780396,0.0945994918858692,0.03626107856919412,11.890443081549048,-0.38550241879675257,0.944517254712613,-192.7481043903443,-34.33163240659866,-0.05957613896688164,0.13695031844150954,0.07074628484586633,0.017729905623538877,0.11367513356530516,0.11632124402059575,12.16022265897019,12.390553968116324,-5.911827097019858,-5.810892508157244,-4.8655911965213825,-5.118304890026344,0.07074628484586633,0.017729905623538877,0.11367513356530516,0.11632124402059575,-8.238968306512902,737.2422952297421,702.5917482014379,1448.073011737693,-9.44550311128806,266.59157192917723,861.7973120627164,1492.1389790800938,-10.647350443426022,1126.1923425869531,514.1277025125246,922.9081539878905,27971.80740830966
282.1495275009334,14.262859098469505,0.0999985279978351,0.005042438633100211,13.681253676337901,-0.05930275071225434,0.3276824189996067,-191.04817931586942,-34.38040513658718,0.02611940375688907,0.06658774923837386,0.07327798939475921,0.04933419856666694,0.0824605645776493,0.09119554599733384,14.666770637390208,8.273259339613645,-2.9247474666486637,-2.8844873577967967,-1.1702318534169693,-1.2231351252070455,0.07327798939475921,0.04933419856666694,0.0824605645776493,0.09119554599733384,81.76204565018676,579.5250869095863,913.6018002248187,1411.3648414842182,118.21942660288366,690.9055435452084,1327.4124407270485,1885.3110193630678,62.164188589127754,514.6282284360774,245.40212885304757,331.9300464346953,52592.12754933142
282.64725901352256,14.298292889580475,0.09965932202628626,-0.009705406736861015,14.205531548318117,0.08847090785336144,0.15433313798310985,-190.55401638756385,-34.364668195557684,0.034616783685810025,0.04570462347901907,0.0733515124746973,0.06494869413269816,0.0771891293102664,0.07105692340683233,14.320318485332727,6.944760678014235,-1.7547848655437783,-1.71719781890609,-0.07161840065394276,-0.07473492125763612,0.0733515124746973,0.06494869413269816,0.0771891293102664,0.07105692340683233,138.10931074280145,555.9428457506001,954.1985602955415,1372.0320953033402,210.22035310860272,797.8960724327185,1404.5065064943099,1927.8496940390542,65.82149852195745,271.18683922864534,16.80835589204964,25.725328216235916,59318.05954451141
283.1449905261117,14.332528915945083,0.09743761082580425,-0.02517667918724017,14.700823699333291,0.23595399650038756,0.09047417666037137,-190.0589315399645,-34.34036784153645,0.038249229212174926,0.024014798864699018,0.06609046119216616,0.07295431636693835,0.08435647474970831,0.07813843746793595,13.73738891931521,4.883067971532729,-0.18334447363514617,-0.13324816293141298,0.6623883645251241,0.6902184773096525,0.06609046119216616,0.07295431636693835,0.08435647474970831,0.07813843746793595,221.95122249088985,515.7424194558344,1011.0605010886616,1304.851698053606,339.3118158235194,788.0613206063196,1465.3342457621482,1830.1679926122185,12.16510162453786,18.622183546941102,-149.89742855754122,-207.74725842650867,62669.12743816777
284.8554407245657,14.44373548182479,0.05931487297397544,-0.05933951347239438,15.936967198214312,0.41414523962097904,-0.12630413283344336,-188.353938365003,-34.23301990868212,0.038161815676839295,-0.04187681164736866,0.03515290356507768,0.06524271270265951,0.06584034556053342,0.07770293891819542,8.279094186890898,-1.8655308610839578,3.4841975948913277,3.526166239505903,1.768432885948106,1.8368191385967654,0.03515290356507768,0.06524271270265951,0.06584034556053342,0.07770293891819542,575.5570974542735,463.3168935807924,1107.5603886155186,995.3201847420374,521.0835540888686,598.5361066310527,1515.6064812707252,1397.5991486156854,-654.3948254116847,-421.55106867102216,-517.9129492766168,-428.1415936186241,60562.37678640934
286.5658909230197,14.54888753727511,-0.009452432551446737,-0.06981231955905626,16.478529200547225,0.4103965547615689,-0.5290820890348836,-186.6446326681407,-34.14603963283304,0.0053591395041549155,-0.08650884822516614,0.013295468114112079,0.03781963948891946,0.016314196419299962,0.04692345967403747,2.2024356875872124,-8.255369364282936,4.8327189267919275,4.828085900381801,2.647149052894005,2.746006313750453,0.013295468114112079,0.03781963948891946,0.016314196419299962,0.04692345967403747,921.6845225163676,424.99783679752625,1166.3090779711872,669.622392252346,287.5526990102596,352.14707396747934,598.6517200065667,782.1005310829662,-1321.3974775435966,-580.5794341544931,-1189.0320582392335,-579.9757950824558,27257.85747420702
287.06362243560886,14.579087223353449,-0.032103855534324405,-0.06949023987710722,16.510767020530317,0.4365863580885939,-0.7169408148293727,-186.1466728059407,-34.13531771681526,-0.01281859006104606,-0.09402562354997276,0.012087831615662804,0.03268428202351879,0.002808195224036085,0.03377565327219607,1.2072636103167675,-10.077888517819312,4.812432204974973,4.7909768442639455,3.172162964063804,3.290313633716276,0.012087831615662804,0.03268428202351879,0.002808195224036085,0.03377565327219607,1000.7036601149905,394.3645823486714,1198.1799840280808,591.8409062617616,283.3528086995127,293.36371367245334,102.25835574974711,530.5954741025364,-1422.9402205903973,-553.8437152809458,-1416.05565643728,-652.9475331837616,13556.385281593844
287.561353948198,14.60915460765987,-0.053648866909506085,-0.0698128331788865,16.526876245785065,0.4937841142944422,-0.8730945422084441,-185.6494275006776,-34.132932206915385,-0.03618013254562489,-0.09904029093151234,0.007505875116298699,0.02893554550436148,-0.0015926987738059469,0.028917376494200644,0.8179081908558289,-11.679226681610524,4.846244485450352,4.815360285056554,3.7290461228470946,3.867686155328283,0.007505875116298699,0.02893554550436148,-0.0015926987738059469,0.028917376494200644,1058.4063633013047,355.72231171349773,1237.4416150251193,534.7575634373122,185.7210635475942,239.08038948712104,-54.82091656030292,398.32260413258575,-1510.1313365744206,-512.0410444428999,-1582.5271524812272,-675.844431583977,6040.837055089368
289.271804146652,14.711963998240993,-0.0999995710778097,-0.06981274595070082,16.57704188799316,0.9311709249560557,-1.210664836848187,-183.94998350990136,-34.21411676665683,-0.1479118800489333,-0.0939763258213008,0.0026649623942265905,0.025611426220323037,-0.0064376323383083895,0.019359384829312154,2.19704770215307,-15.404094469977602,5.07578987305848,5.064315828719641,5.977595642109594,6.198111573970051,0.0026649623942265905,0.025611426220323037,-0.0064376323383083895,0.019359384829312154,1138.6838678362242,211.89206832021625,1383.2044739686544,456.41267445264646,68.01243929331321,125.55348265044375,-163.78844299607118,175.66355160762905,-1633.977951418061,-320.9371902594672,-1944.4019283587334,-732.7281278688922,-2997.714236270379
290.982254345106,14.813430172629626,-0.09761530037626673,-0.05506758343653504,16.843619424608182,1.2203020668497944,-0.9975600263112089,-182.27062569863102,-34.45228013623244,-0.264728861299458,-0.06270880801886827,0.012340592624332113,0.03638035961806479,0.00787974634677595,0.0233425096969363,5.91867401125832,-16.927412924846653,4.856252892014122,4.902442995448054,6.354196819050373,6.584599455281112,0.012340592624332113,0.03638035961806479,0.00787974634677595,0.0233425096969363,1101.233747302158,82.79105231964843,1522.6735686352094,504.2308736527001,312.42116172196387,67.92935403833108,200.2795762902467,217.62078686006942,-1548.7351006180845,-119.03950903049578,-2079.6232188399254,-804.845637723326,8160.104150002712
291.4799858576951,14.842602079474373,-0.086670328504884,-0.04556012654766086,17.004003246134197,1.1786627105437257,-0.7865970169057989,-181.786771179705,-34.554547166221965,-0.2914805596155144,-0.05025444027226043,0.017436331426419753,0.042026991553427574,0.016253727181991775,0.027511643940615935,7.09097645700272,-17.061051532972506,4.582455589963129,4.644110376659442,5.6822541949759096,5.886669317553689,0.017436331426419753,0.042026991553427574,0.016253727181991775,0.027511643940615935,1080.4871480840775,54.004047587880336,1557.7781195037683,531.2950190075711,446.15388965096815,50.94408732676689,464.89673892025615,291.87652101513635,-1473.8334702696645,-73.29804066666574,-2067.480589639536,-811.5616467763415,16375.043831334147
291.97771737028427,14.87150336449933,-0.07400853063951039,-0.028005355956016713,17.226728240565773,0.9373808349299741,-0.4601223391511478,-181.30511221326762,-34.67073796731391,-0.30756052953402807,-0.03696015521053883,0.021996224172028345,0.053923883032773325,0.01857267476064775,0.04420321714406807,8.14755879546014,-17.22922067124766,3.911276409905029,3.9753496240446284,4.095772821037416,4.2416615387848635,0.021996224172028345,0.053923883032773325,0.01857267476064775,0.04420321714406807,1064.7497968314233,28.148751486935794,1592.5058915492882,555.9048462048007,602.6269006805799,33.31963566993831,713.6516759528408,544.2061101102054,-1337.411747160449,-32.07227367148821,-1943.0033053871618,-671.1595308206556,27987.34310384356
293.68816756873827,14.968467822228085,-0.02551822180281063,0.034915773604709203,17.909403365629537,-0.08831903329015028,0.043166052872788754,-179.67394874968926,-35.16986487671535,-0.3256864532083628,0.013888468129977967,0.024969292539766343,0.05662972012277557,0.01698228180709433,0.057242416154349676,5.788502996846401,-9.480729919584116,-0.9589559214087372,-0.9645638627163586,-0.3716580666513955,-0.3844284266356861,0.024969292539766343,0.05662972012277557,0.01698228180709433,0.057242416154349676,900.9947249909304,330.5838670192578,1317.9851387530393,747.5742807813667,773.072429991665,472.5098785673376,851.8327985708926,1065.0696050092608,364.5165161518388,102.8945423003653,224.28115390438347,90.42415311024557,52297.68438768863
295.39861776719226,15.062966701237285,0.026837468279745386,0.06981295069512945,18.228562161231675,-0.7123172367888124,0.2493020346211412,-178.06315093842753,-35.747773182896715,-0.309412266891689,0.06101708339388921,0.019786825301898115,0.020090870262838276,0.015864962992648085,0.016775772320453484,0.5471960350589123,3.319152992452596,-5.047284306497778,-5.0996121007145945,-2.732762690354433,-2.8248457753127667,0.019786825301898115,0.020090870262838276,0.015864962992648085,0.016775772320453484,646.6721214721207,846.3699213486076,815.6214854660687,1015.3192853425556,292.5779789887223,377.57571478768995,404.8535615621913,523.8037160431219,953.7189270095712,1220.8540790769525,863.8770992463551,1086.8694471257702,22252.223835346373
295.8963492797814,15.09022426711586,0.04207618697568991,0.06868508630656986,18.208942936022154,-0.6857980025882568,0.37767510552540373,-177.59506907353438,-35.91648491517524,-0.30255883014953,0.07183136307120717,0.018909694310435876,0.0058246371088909515,0.018499293330708835,-0.002203216372212931,-0.3177224019328391,6.5185786277595765,-5.251241092717891,-5.289598923277752,-2.9275626779146737,-3.026294555129627,0.018909694310435876,0.0058246371088909515,0.018499293330708835,-0.002203216372212931,570.5357255353042,962.7278942137318,698.4315760998268,1090.6237447782541,242.21670795003203,123.65334962157604,390.98187587267495,-74.81884737426495,862.995525774472,1426.4144919305425,771.1771990328397,1262.0928458065014,4972.476619041421
296.3940807923706,15.117534754441724,0.0577936939253005,0.06981292707645514,18.187729461226212,-0.7230705698270102,0.6029628995791666,-177.1254680620782,-36.08029541250814,-0.2886008057121744,0.0802979624159311,0.01791163555247729,0.002612452388173484,0.016172723605015704,-0.0060031470712477945,-0.4207503239323926,9.05890020623874,-5.26388895387897,-5.286319187305843,-3.526723890521195,-3.6457051588185125,0.01791163555247729,0.002612452388173484,0.016172723605015704,-0.0060031470712477945,496.12797694316384,1041.1593281945525,619.1016108690445,1164.1329621204331,201.24135613851053,59.59265012390108,285.3745212405076,-196.95553738890925,759.8127567317655,1529.0554040669851,781.0182286633898,1476.6560748872685,-1424.3663338781253
298.10453099082457,15.21137003909491,0.09666980212745975,0.06981234200798168,18.096919241784658,-1.0118318900537788,1.0206227501394087,-175.49676193992002,-36.58181847978905,-0.2096222390741151,0.09380187803314204,0.013719597038436192,0.005371036929277293,0.0059872311905776925,-0.0025419554961994277,0.08086593449282724,14.762582190198698,-5.842076238368073,-5.8579743946945015,-5.3307651820632085,-5.510910544236092,0.013719597038436192,0.005371036929277293,0.0059872311905776925,-0.0025419554961994277,310.81053786715745,1199.0055655088645,457.42079762446326,1345.6158252661703,91.82327045722516,125.04964914240747,63.24874989741664,-69.01812714396135,507.4537932794029,1742.910609693139,722.9831502064194,1895.8076620924405,-4367.514923031596
299.81498118927857,15.305268259361766,0.09999961637856844,0.06134103665171487,18.03286592936996,-1.317831195166152,1.0794778444667743,-173.84088113594893,-36.960996388793426,-0.10821699408399746,0.09226019797081632,0.017037749242753288,0.010802627063454326,0.009373979712880636,0.0036516037793838637,1.1364680132239011,17.19412058773573,-6.556120964379232,-6.599441265941253,-6.421109089064602,-6.638288107093278,0.017037749242753288,0.010802627063454326,0.009373979712880636,0.0036516037793838637,211.33883524304804,1245.8280739101237,407.9051012478694,1442.394339914945,70.63037941451292,226.95839336249762,75.73527132073184,85.43080942476614,357.01896469425026,1797.786487399827,677.0798572429618,2011.4295542101095,359.8986966504321
300.3127127018677,15.3326207037634,0.09201959402747863,0.056821730563071174,18.029490392591914,-1.3665957523286414,1.0655624676986193,-173.35316366995067,-37.0432434472753,-0.07930785074526926,0.09069640019584908,0.021046484297033482,0.009372446071452333,0.01609557061168146,0.0016732515473722833,1.4027639714282507,17.553013108599604,-6.65577765297474,-6.705557546789858,-6.54309104264201,-6.764362974789601,0.021046484297033482,0.009372446071452333,0.01609557061168146,0.0016732515473722833,194.15963020133745,1250.2417411980741,403.3497708934525,1459.4318818901893,78.43125732296626,194.41167330819218,124.8949348268405,38.63273030501554,326.70440148390685,1806.740490666328,664.7353833228128,2027.8532802984091,55.84861236188922
300.8104442144569,15.359971978270783,0.08097508186177996,0.05221069289286023,18.03408182893649,-1.4004622523239807,1.06402485389937,-172.86326738745683,-37.11323811988531,-0.050590777123447124,0.08902931544548658,0.024524052441386023,0.009102122548987882,0.02199443313910731,0.0022041783383563874,1.7783847946697642,17.793662388672704,-6.669696675366523,-6.723192140286678,-6.64261893449229,-6.867135399537912,0.024524052441386023,0.009102122548987882,0.02199443313910731,0.0022041783383563874,178.10552848046416,1248.6663730220948,405.1178369795249,1475.6786815211553,82.94840438792706,188.14505441521584,166.35423889518188,50.34922260128598,297.60487395400554,1805.7269951398205,659.8492177915293,2041.2269236360628,1094.1219407856368
302.5208944129109,15.454076222349647,0.026030693149770773,0.04841602602786313,18.13780852722759,-1.5458672340721513,1.0764925728573784,-171.1638522871448,-37.250899402589305,0.05123085358538434,0.08253456042047344,0.035255000309538785,0.00782347637839062,0.048708505935459966,0.0023868261299930162,3.895329417536395,18.130708561820295,-6.70743592762919,-6.774495256681773,-7.077337643034531,-7.314853147695134,0.035255000309538785,0.00782347637839062,0.048708505935459966,0.0023868261299930162,119.86229080678413,1210.7016158485344,447.44897339723366,1538.288298438984,77.14261427659135,156.90823551287315,339.1096514391802,51.80526994136331,194.73635648053227,1767.2429339311527,659.7672815103703,2086.466085219211,4001.588044422917
304.2313446113649,15.547267426874924,-0.03551817267413517,0.05367404901472266,18.511326111117324,-1.6050454455607115,0.9454012287321829,-169.45281513987675,-37.22836138735375,0.14660884772775004,0.07546491337625424,0.04255557127164709,0.0087444491956553,0.07493555523521696,0.012795974157070318,7.65983221770572,17.947171396267073,-6.779629251460563,-6.861120088276681,-6.844043408443351,-7.0691768569089914,0.04255557127164709,0.0087444491956553,0.07493555523521696,0.012795974157070318,43.76131180080529,1123.558070187783,550.5232047860632,1630.3199631730408,32.85694993879445,163.0174243063284,544.1798171155493,296.65417983160654,69.85090680909704,1667.607401240294,677.2473962772375,2145.9897673294236,12093.380951236311
304.72907612395403,15.574010008346576,-0.05096566958109846,0.05509813791241609,18.69577813786097,-1.5814274320496433,0.8481575728774632,-168.95517082607873,-37.19155652800405,0.17103016363859513,0.07341456727975426,0.04374622147863664,0.009940538331765468,0.08050973543157902,0.02014456777168154,9.133825159149028,17.840765117206278,-6.814363826035233,-6.9000235716324605,-6.508076043996,-6.720215481527656,0.04374622147863664,0.009940538331765468,0.08050973543157902,0.02014456777168154,15.842606465199992,1089.2374002938095,592.8306045658056,1666.2253983944152,12.147121920386867,179.4025567529209,618.8319530854415,493.60711841840435,25.286359412787622,1625.4456675320123,682.3712741939424,2144.7757663964353,17302.713274468173
305.2268076365432,15.60048559377465,-0.06490464120031039,0.05443016103080581,18.930524949800336,-1.505699467033593,0.6705607171241877,-168.45823063652375,-37.14226252221676,0.19198777395526317,0.07135159969786328,0.04479921655180912,0.01467958726120708,0.08366410676831343,0.03365177858583569,10.673516652318057,17.67245573625501,-6.8849583059446475,-6.975641683902107,-5.845023292552192,-6.033479153738367,0.04479921655180912,0.01467958726120708,0.08366410676831343,0.03365177858583569,-10.67153237072705,1052.5968788684177,639.750127892379,1703.0185391315235,-8.294211016855488,252.54300166405636,713.2412352669982,886.7133107842379,-17.065563154978825,1570.6149935186293,676.4824478485456,2055.3538236341365,27817.0726458192
306.9372578349972,15.688626817883438,-0.09290474918499354,0.0233776832388872,19.951706610808007,-0.6455302957841029,0.1282458382731937,-166.76371517115481,-36.878884363638534,0.22373094767739496,0.06455949286569096,0.048944402267138136,0.02061435021559513,0.08285802674897488,0.05754960929255847,12.968859612431045,15.172271531415884,-5.218447605493088,-5.265208890148291,-2.0757843581236783,-2.139639338511501,0.048944402267138136,0.02061435021559513,0.08285802674897488,0.05754960929255847,32.2900100585407,945.134115419761,793.4205414709646,1706.264646832185,31.96272768956152,416.20287569750144,1131.9948926477814,2077.2123392190297,44.845561097846364,1355.328042401662,371.68785162508345,962.8621878378137,65312.422197296684
308.6477080334512,15.772358330851327,-0.09999652962908874,-0.014315737514980088,21.02153002233529,0.2890768726999052,0.12454909251692864,-165.09001633491332,-36.504868978585215,0.23026073127052119,0.05596825088024659,0.04756679165077078,0.016132271940552403,0.07062067012211677,0.05141523428608838,11.866626388293385,9.961347268558931,-2.1476117685531952,-2.116692192830209,0.5455465250575323,0.5614755920465474,0.04756679165077078,0.016132271940552403,0.07062067012211677,0.05141523428608838,239.67178441958043,838.9991242138699,950.5674988996652,1549.8948386939546,300.28992808421356,451.60088023994035,1388.5897297497575,2041.5752076317374,173.1810611744586,730.3212625029132,-137.1895629004658,-274.0737254244765,79998.21877552307
309.1454395460403,15.795894108852124,-0.09999661622124201,-0.019411009704556205,21.2887046679544,0.41443016920563547,0.30603099216013846,-164.60695389810977,-36.38181682181451,0.23440941483451874,0.05270585986284085,0.04493792250281232,0.013926760050373493,0.0661541903871714,0.0449009746247806,11.141267091961977,7.985877848929094,-1.235025269910547,-1.1836069867444197,0.538782073194556,0.5543133760267153,0.04493792250281232,0.013926760050373493,0.0661541903871714,0.0449009746247806,322.6143698624228,803.0870206079089,999.6348908109235,1480.1075415564096,409.21944877819243,404.95153827821457,1443.3703573011921,1871.466487003686,142.53263546113865,422.6365140006391,-149.30470437409315,-282.30487534982666,80151.8609882614
309.64317105862943,15.819177719899072,-0.09999762228478862,-0.017985357806302834,21.54207644465661,0.378490978835888,0.4193418949352396,-164.12494656192086,-36.25458746768699,0.24358374369493624,0.04891606673312691,0.0380304750266333,0.014318695832380865,0.057908200663511995,0.04153362714141905,10.339011428899326,6.45046143366787,-0.8820885505652122,-0.8274239370118778,0.23299102363787308,0.23962759422590638,0.0380304750266333,0.014318695832380865,0.057908200663511995,0.04153362714141905,393.8899188819938,781.9837968745732,1033.3672588462475,1421.461136838827,456.7371329641514,411.3833153783746,1456.1252523128273,1752.2495514040797,133.2244794261689,291.90468551780555,-73.56255257440422,-123.23982078161944,79998.32368539297
311.35362125708343,15.897316086054053,-0.09998963473583565,-0.0004779753073369132,22.20025147003635,0.05191684277392274,0.39291929928001074,-162.4753210050311,-35.79650746451769,0.27755972181435257,0.03363045314032772,0.018858767672384327,0.03054808813339407,0.03656373201346642,0.044096279753274306,5.704636056054793,4.522221485086497,-0.9501688476853921,-0.9231892174284057,-0.5588463390549127,-0.5742853532259973,0.018858767672384327,0.03054808813339407,0.03656373201346642,0.044096279753274306,577.8752188677631,849.9559825985871,998.8995610575184,1270.9803247883424,384.84789390980035,851.306704457014,1144.9459811350175,1604.1018829083548,240.21971435147861,317.33911068710574,215.45649485810355,256.68702375550885,79998.8381699672
313.06407145553743,15.973980576733272,-0.08872235120425823,0.013697311067666243,22.343868349102678,-0.021222044811607024,0.016917742111640835,-160.83468545801642,-35.311256727204224,0.29551435523468583,0.01721232905750266,0.0006383390887212059,0.04009657213924925,0.0202947747125198,0.04476214843889221,-2.5409593736537452,4.316725494442283,-1.0037505920342542,-1.0042324876487292,-0.083257827827745,-0.08554311752410568,0.0006383390887212059,0.04009657213924925,0.0202947747125198,0.04476214843889221,783.1613385210323,1042.8783765337582,813.422010414607,1073.139048427333,18.84772052671807,1241.656759034112,597.4736915545866,1379.2982813287347,363.41639616551964,383.85456468630883,30.090207172881247,32.5892461967179,63842.69898093141
313.5618029681266,15.9962816041297,-0.08121715994605509,0.012901565549944457,22.254201361595946,0.11179559713626878,-0.10282399612201898,-160.3586714617441,-35.16591355031389,0.29400778762904767,0.012667528934438095,-0.005634922540400625,0.03603456905781792,0.015432459221592986,0.04013027833803905,-5.750695074625747,3.929805051139158,-0.6623287065982482,-0.6605795117285912,0.4643702790053197,0.47716797509532893,-0.005634922540400625,0.03603456905781792,0.015432459221592986,0.04013027833803905,868.6807038174395,1105.1185614396964,746.5280188649651,982.965876487222,-187.46237885209905,1252.76496227435,424.953268376964,1191.3675523408021,269.19530073949124,281.6903249208719,-157.1684762463955,-174.9757535484378,51419.475961173695
314.05953448071574,16.018698946609895,-0.07108456824797357,0.010167131364684327,22.07051186037591,0.2924023782435185,-0.23407354549289655,-159.88332816902843,-35.01842460640347,0.2897519647132382,0.008382806332617803,-0.01603338265908682,0.02083249668671851,0.005313516903151712,0.026991396853579323,-9.313855020239913,3.0071174913488403,-0.23756093015681548,-0.23081456020682029,1.1627313615564274,1.1950379974723953,-0.01603338265908682,0.02083249668671851,0.005313516903151712,0.026991396853579323,976.3839501463133,1157.3080438406898,684.8633020446142,865.7873957389908,-586.7708378291758,885.6257082702047,134.5380758662459,779.9116253321869,105.9395253278452,118.9521755916392,-362.55879623695205,-425.21434249776905,18834.640713753895
315.76998467916974,16.097851607362134,-0.018153588719410026,-0.006734074538259066,21.137074948063223,0.9074486178954156,-0.45145122310237173,-158.25173697260183,-34.503683209790516,0.2616184564210098,-0.005399061004850176,-0.048819111534371684,-0.04264758129790542,-0.017829235490606984,-0.023482779543186262,-12.505218624702586,-2.7587237397375084,1.715591082345971,1.7564089600475354,3.254959235852796,3.349265474150455,-0.048819111534371684,-0.04264758129790542,-0.017829235490606984,-0.023482779543186262,1202.984433710132,1037.0050219308835,758.2304751718652,592.2510633926167,-1503.9287944477476,-1222.653345062932,-394.20909430155893,-391.77525472904733,-657.0113256234138,-625.1890820132289,-897.7378006383153,-702.5014691524161,-81331.86491360258
317.48043487762374,16.180620509527415,0.04482717597408705,-0.028922725483944704,20.17156732973794,1.2937727587754422,-0.5337779747207707,-156.61443610405274,-34.00420754613673,0.21994227397152002,-0.021027657062834427,-0.05946279976590107,-0.08670675559055394,-0.013484500204576602,-0.05349976229909085,-8.647852826719184,-8.690774662014315,3.5629291821765143,3.634647976554113,4.642194116396764,4.782899730418871,-0.05946279976590107,-0.08670675559055394,-0.013484500204576602,-0.05349976229909085,1267.6860331919556,744.8030617914249,1004.0176527948485,481.1346813943177,-1437.7955142910525,-980.8066887844827,-324.409109268086,-502.98730063790526,-1100.808418738603,-547.6047844922439,-1405.5815917127306,-586.4918162759029,-72197.85901847569
317.9781663902129,16.205448679616293,0.06165962444879099,-0.035182123031033005,19.966497357842822,1.321898140701445,-0.5749935734309308,-156.13528636325526,-33.86689575753239,0.20665800161753597,-0.026543532144998914,-0.05509989945541694,-0.08896155883366978,-0.0052784507364918385,-0.05300051468964327,-7.511859837369299,-9.724268682598273,3.8839717852736264,3.9565919498898463,4.847828372874659,4.99623719066325,-0.05509989945541694,-0.08896155883366978,-0.0052784507364918385,-0.05300051468964327,1267.2401623989472,682.1767243054313,1057.0650339266099,472.00159583309403,-1346.7610744937456,-889.0013960220289,-130.8292105143883,-480.13681325257477,-1211.5561840212852,-529.8560178908415,-1512.8315547821821,-591.5931623585524,-63596.779786944826
318.47589790280205,16.230485866976984,0.07644457931694529,-0.042455113729324,19.775333101380873,1.3610587167548482,-0.5865123118996833,-155.6545912407266,-33.735304305387444,0.19169657355792047,-0.032645118989910155,-0.041553751548657585,-0.09247784094954661,-0.00022310698758769195,-0.053206238165831116,-6.3703169072018575,-10.957923712246457,4.339891037084596,4.416515147603239,5.027214297726717,5.182566608109903,-0.041553751548657585,-0.09247784094954661,-0.00022310698758769195,-0.053206238165831116,1273.038149764105,613.751499969442,1116.648996431684,457.3623466370211,-1092.3463258734262,-785.522436429081,-5.64892966508488,-457.7111416942057,-1445.1220839551959,-507.23110810121955,-1604.8205982480254,-584.222351661108,-53223.00860791244
320.18634810125604,16.318143201085032,0.09999455204520277,-0.06158934575713909,19.258068281321343,1.199005088618391,-0.5504965742953019,-153.98771774871537,-33.3383965098391,0.14235009261478956,-0.05753337351446371,-0.005960154925240974,-0.082348862680356,0.0018984082722625112,-0.046969752065591466,-4.240857503169849,-14.395517367786216,5.446133487942412,5.514677836083715,4.6158759784002585,4.762532450966295,-0.005960154925240974,-0.082348862680356,0.0018984082722625112,-0.046969752065591466,1314.6749590252311,448.56449259974625,1258.3391868340047,392.22872040851985,-160.2532769898112,-528.7869199210687,57.10709589099964,-383.0345349038736,-1854.3880218071772,-478.92967857357246,-1734.0706112788487,-504.6273917155149,-27357.7989427082
321.89679829971004,16.408008184796024,0.07626190979009312,-0.06981286146895928,18.864007565757174,0.7719592895449906,-0.5776436695112428,-152.2985780005578,-33.0483113647913,0.0921116065469502,-0.08427898780096091,0.006545993122853946,-0.05729653365675426,-0.0012556317374972084,-0.039271209061059215,-3.6616547469242566,-16.121593496552258,5.678598903435774,5.70629222761731,3.4961081898889255,3.6097649453000917,0.006545993122853946,-0.05729653365675426,-0.0012556317374972084,-0.039271209061059215,1344.473533588526,374.5131975976131,1314.9081493042854,344.9478133133726,171.81328686875537,-373.6259018723123,-47.49346628649849,-338.2196090091949,-1895.2319040162904,-492.85235921919235,-1621.8010671096667,-397.6664488592058,-19795.64153084723
322.39452981229914,16.434517138558665,0.05952512133600261,-0.06981204128992032,18.754979378958783,0.6344584183070971,-0.631270963193543,-151.80303870726476,-32.98793501298002,0.07655550840419553,-0.0916188144871679,0.004700508646065563,-0.050863915269690266,0.00028267516500033086,-0.03850222793438528,-3.5536162486144196,-16.214236841684627,5.554551183574902,5.564556829300827,3.215077329239219,3.3202577145356647,0.004700508646065563,-0.050863915269690266,0.00028267516500033086,-0.03850222793438528,1342.407420525811,366.87317087734715,1317.7750205617936,342.24077091332987,126.21152330333392,-345.98476678080607,11.21320827441069,-340.47235955457893,-1891.5995650562734,-498.01903132404976,-1558.3834960125193,-374.50603944380725,-19228.996722514497
322.8922613248883,16.461180883314974,0.03995552887762343,-0.06937947244637152,18.650249372015484,0.5217429987067845,-0.6969777152338218,-151.3064415379076,-32.93860956580207,0.059511634690996275,-0.09875873817768634,0.005559869962877171,-0.043915541218373266,-0.0005134663955466809,-0.035738172528922287,-3.521885027016928,-16.211219861726427,5.456881015234505,5.450234162931413,3.0298735136554718,3.129585341682741,0.005559869962877171,-0.043915541218373266,-0.0005134663955466809,-0.035738172528922287,1339.3759205704055,364.023188393807,1316.0660707628392,340.71333858624075,151.4837894890036,-314.8164786931873,-20.940084252986175,-327.05558526758114,-1882.4717689376096,-510.86225608619134,-1506.6128584216956,-364.17812983787036,-18690.673443012747
324.6027115233423,16.553806079083667,-0.03511048267692776,-0.06981308923869657,18.32205091170529,0.5027791145831074,-1.035331402280775,-149.59690598901042,-32.858056471241134,-0.02149175931702277,-0.11212852125291423,0.0013799343759494055,-0.02563392389150707,-0.005961584735075906,-0.02768563564569143,-2.5321072166297682,-16.5454050769013,5.282394397230332,5.2440595063824285,3.7414755179067036,3.8667193132237343,0.0013799343759494055,-0.02563392389150707,-0.005961584735075906,-0.02768563564569143,1319.1799498188639,323.72086750612436,1342.2471558538173,346.7880735410778,38.425108455199926,-185.92764902695774,-219.52150924150516,-251.50662363191418,-1856.3132175877374,-491.5978249528923,-1694.8027494684834,-447.48422966457326,-20650.024206463397
326.3131617217963,16.647348719950582,-0.09129316836484998,-0.06980565316907728,18.11065598554768,0.9110569141290475,-1.2835963131159642,-147.89427421443565,-32.92062082745471,-0.13062608592621078,-0.10121363322212823,-0.0002043874547505482,-0.0174912159117204,-0.006309414004385817,-0.019457128777860634,-0.14765799638367358,-17.279732419284862,5.261996342497813,5.243749791530726,5.576193264533641,5.764379376509845,-0.0002043874547505482,-0.0174912159117204,-0.006309414004385817,-0.019457128777860634,1280.425003654761,240.78490437877895,1416.2202779602226,376.58017868424054,-5.577014586663814,-97.89006256849291,-175.51120175134497,-155.9933035328022,-1812.391087846316,-378.9015813577539,-1966.7897284839364,-599.3346282098679,-16243.976820225054
326.81089323438545,16.674624094772362,-0.09827387691214326,-0.06907904908423218,18.08379500137275,1.0831692836418123,-1.2892438810150664,-147.4022795612933,-32.9667070141264,-0.1664239147068561,-0.09216377617530401,0.0023853830328795975,-0.01730211475845637,-0.003705362851453286,-0.016575760049330975,0.8138541651197791,-17.543476857465777,5.264159637000199,5.26360035390714,6.1270720098481695,6.333875927571119,0.0023853830328795975,-0.01730211475845637,-0.003705362851453286,-0.016575760049330975,1265.0153732955714,209.5070136067211,1446.3667493654148,390.85838967656434,64.38746313893313,-84.29148028532751,-95.06817213866917,-128.36775072049025,-1794.2179237051096,-331.3603599398565,-2014.361802439988,-640.4731545167584,-12283.272092650863
327.3086247469746,16.701915344355275,-0.09999975759272282,-0.06981277349887761,18.065469726497493,1.3033254925393034,-1.2686197049384238,-146.9116756450501,-33.02410799515162,-0.20409061155517688,-0.08267778361842176,0.007940023431414816,-0.019769418283256603,0.0004327042566208883,-0.024478341482024348,1.8321315469808412,-17.572627575840087,5.461651126686088,5.486326644842911,6.7673273930397615,6.9955731576917906,0.007940023431414816,-0.019769418283256603,0.0004327042566208883,-0.024478341482024348,1241.3754890069836,184.11326791511692,1470.9895744407663,413.7273533488998,202.78090211716855,-81.79127674893282,10.040336921591315,-178.57013729999784,-1769.2692874983757,-294.4446381025266,-2038.9085812422134,-674.262089125324,-8278.644438512263
329.0190749454286,16.795337078974434,-0.06991747506294155,-0.029580571630160618,18.276214116511493,1.089795246611618,-0.5240918947642424,-145.24031390265742,-33.33111248875708,-0.2876046455672817,-0.031945307368540815,0.02252590735098765,0.004706484862137367,0.01203926193885963,-0.004164590708924823,4.255593949444117,-18.19180242191114,3.825859193081168,3.8929720954462548,4.468232518074673,4.6179944170070355,0.02252590735098765,0.004706484862137367,0.01203926193885963,-0.004164590708924823,1206.8116904948342,112.29663568894046,1551.7191421419675,457.20408733607394,698.4826445932565,15.007139713758157,434.5670172782678,-48.65162120223902,-1474.1473448801648,-158.2248858957316,-2000.9286197575695,-686.4376265809518,14646.533989606934
330.7295251438826,16.887830110220975,-0.008609768809344961,0.04115965947888188,18.62714686385068,-0.04595081002896261,0.19123858923010512,-143.59431482002603,-33.78356628016668,-0.3028821139326074,0.029523736838509288,0.016584280942943227,0.0352017748888407,0.007535502631349533,0.034716090786011414,3.243002156777469,-11.060708937929748,-1.3419906663883054,-1.3304488484507258,-0.5388981337328934,-0.5566891003384401,0.016584280942943227,0.0352017748888407,0.007535502631349533,0.034716090786011414,1023.5356920672746,358.0649394381128,1321.0220966464215,655.5513440172597,606.9335468268793,387.04763912948965,395.28403847457395,723.853176245133,599.0599698923048,184.077132051281,339.2997934041605,144.36762613090485,34172.32170160907
331.22725665647175,16.914502224222133,0.010481299659285775,0.0607646212244535,18.70228049385886,-0.44060514160673586,0.19239788118685983,-143.12061934362353,-33.93793345972796,-0.29505776701640857,0.04616744136683774,0.008453914456400273,0.03674739595158006,0.0009333584129244857,0.039191463167875855,1.9705767418852465,-5.9230141029357455,-3.48378000752666,-3.511349061908105,-1.7284809114109607,-1.7852785992748208,0.008453914456400273,0.03674739595158006,0.0009333584129244857,0.039191463167875855,900.720422616291,544.3605658446197,1137.990434492476,781.6305777208047,221.39149290893639,508.51168443242125,38.782055319095775,882.1348103093917,1133.1560356285836,616.9220653021573,871.5404856382165,501.36443226868886,24540.936838224014
331.7249881690609,16.941094216683545,0.02974000826412203,0.06981285819092985,18.73623508605661,-0.5936749812553354,0.18632032364317433,-142.64806892667596,-34.096254020783725,-0.2917113256838242,0.05905074963667205,0.009311552609494378,0.027247318195551748,0.0036408250225192637,0.024347803812269763,0.96981928433767,-1.303984299554902,-4.696368561697822,-4.739446011504175,-2.1728991723556756,-2.2441425331323033,0.009311552609494378,0.027247318195551748,0.0036408250225192637,0.024347803812269763,786.2092050661087,707.7546124978468,976.0757579286286,897.6211653603667,179.28830411782073,442.65092598733617,122.90903061878114,686.5580539646852,1143.4427022008713,981.7772877515945,897.9709234779049,781.5902866259391,19614.593303811012
333.4354383675149,17.032196788787793,0.08514828729594044,0.06981308132270403,18.736369898242444,-0.8652608515202413,0.6441293496412481,-141.02387297557843,-34.62601776615839,-0.2544385570510152,0.08589832847928311,0.018760127767672545,0.0012774520978044816,0.016990618102531534,-0.008577056193363904,0.14892135500976492,9.745394221766238,-5.888910954522296,-5.920651347043359,-3.9367043129853645,-4.065480646750353,0.018760127767672545,0.0012774520978044816,0.016990618102531534,-0.008577056193363904,473.2837436201306,1059.6182058883805,624.2180435282017,1210.5525057964514,184.2643844172219,26.656421570885797,285.8733955849863,-271.29781750377094,749.945879778287,1583.0436510172387,834.8382980934986,1595.3690400418436,-4374.150260549538
335.1458885659689,17.122872986488787,0.09999986097981624,0.0560802174925036,18.74413940780842,-1.2276896058860807,1.173326243829397,-139.38550575597637,-35.084109803077446,-0.17259967679196223,0.08792893775024353,0.02344303836785552,-0.0004487090929155975,0.024058606447667826,-0.011541760094088525,2.476569786520143,15.14454959808712,-5.751189312817268,-5.774585153016538,-6.107931779324683,-6.30672048688218,0.02344303836785552,-0.0004487090929155975,0.024058606447667826,-0.011541760094088525,255.82918466813607,1167.0053918918902,517.1697475477861,1428.3459547715402,127.7466125947019,-10.393662457363845,244.76946417420015,-281.37443712630613,407.79520507584726,1706.9505809523541,809.0918835653774,1980.0639981163265,-6816.3091526200105
335.64362007855806,17.14918072934802,0.0922207660193574,0.05597306315099682,18.78318379825957,-1.4413213682686357,1.2148405984124278,-138.90350782669233,-35.194649225162784,-0.13954249437521488,0.08426759963897738,0.021123566815619485,0.006213683089074179,0.022578203234011954,-0.006411982046421962,3.5748432361980864,15.9967639714678,-6.075902797136118,-6.116735815348576,-6.813743587693317,-7.03460430338962,0.021123566815619485,0.006213683089074179,0.022578203234011954,-0.006411982046421962,204.96705256728666,1167.4169840737793,518.4633184772908,1480.9132499837835,89.55210278494602,135.430868398456,209.72967689279474,-142.21070741650527,336.617591645166,1712.669702545578,832.3433058609847,2038.2810127256666,-2631.42043090922
336.1413515911472,17.1754298575359,0.0791935615454147,0.05595512712302745,18.82947077944013,-1.6384147048107602,1.2368815277140761,-138.4190447041336,-35.295733400010256,-0.106246399451585,0.07925443743001795,0.020982695086398696,0.003093003468460615,0.030388432112166762,-0.0023119464492390497,4.71815232931236,16.618349006701443,-6.319797886154774,-6.377847284296032,-7.4235074971336115,-7.663086991897107,0.020982695086398696,0.003093003468460615,0.030388432112166762,-0.0023119464492390497,160.12894571524083,1159.9767206638899,527.9296429801827,1527.777417928832,67.66748375191418,64.3631938171491,256.9726251519093,-47.09479779338352,267.38220100741694,1712.9843424254861,835.8633940082705,2067.1507049934544,-1428.9310343392867
337.8518017896012,17.26465936734007,0.010275913477519088,0.05193704407643993,19.33759967177769,-1.8862466346674742,0.8135684088592359,-136.73156185155594,-35.55197339844942,-0.01205149563827155,0.06009334206472467,0.009378189400091845,0.020894328758224407,0.05683127064448511,0.02342737751172962,10.136526239544171,17.72426038020689,-6.937724966460931,-7.048507638244254,-7.105504536659059,-7.328923369079879,0.009378189400091845,0.020894328758224407,0.05683127064448511,0.02342737751172962,9.205754337374287,1075.591006964698,634.8848812257858,1701.2701338531097,1.6710594003665722,355.86517536237375,516.4881637192581,517.4481102703694,16.350338384800406,1576.0324788092366,868.9641105663306,2140.8214860303287,19731.026665482463
339.5622519880552,17.350980576171917,-0.06010302650421313,0.02408294418330403,20.312489490950902,-1.1471837232576614,-0.0001312662078559758,-135.02277794415366,-35.670606289018316,0.026432576606687037,0.04175127923000258,-0.0060113128830708365,0.035149427981881504,0.07528508802250859,0.05692186201642607,13.956723627140782,16.29107307264759,-5.577593797003182,-5.673697273885476,-3.1848625646655186,-3.2809492707480814,-0.0060113128830708365,0.035149427981881504,0.07528508802250859,0.05692186201642607,-16.677492245908013,963.4796314637983,791.9803941573412,1772.1375178670476,2.3280225782443535,632.4172615323379,1050.2504222227149,1895.2557850249439,-28.092472721069655,1319.336275076434,580.850283550302,1377.1694964797598,65457.890213883395
340.0599835006443,17.3752908370449,-0.07410442558738034,0.008174330257635686,20.66995042335521,-0.6863471656221004,-0.23834804104770985,-134.52411411837844,-35.67995239195224,0.022588117151413803,0.037284138708090525,-0.0086755156768622,0.029664597650530134,0.07776930279780014,0.06619200464276087,14.03458170516492,15.219925653838057,-4.559586968601141,-4.631481476253936,-1.4249898242135697,-1.4672998517921054,-0.0086755156768622,0.029664597650530134,0.07776930279780014,0.06619200464276087,21.882457044203193,937.5936864652037,834.9148358087825,1750.626065229783,-4.973021806587636,624.8751543573825,1214.235356460327,2259.5450025018604,33.60949949955733,1237.9374334092138,288.59041320791505,629.2037867047818,77136.69338202535
340.55771501323346,17.399214515036864,-0.08451077559342801,-0.007291529502513282,21.00612120433171,-0.21704242554851996,-0.2506305073217907,-134.0254025181634,-35.680470685909164,0.016859419773948916,0.032275003457972955,-0.012081990337074477,0.02274700772002561,0.08272682015266783,0.0733264779776505,13.836244962229069,13.346829556866592,-3.0016102358879984,-3.0352757701120594,-0.11809275320636954,-0.12154364248251187,-0.012081990337074477,0.02274700772002561,0.08272682015266783,0.0733264779776505,90.75951192596432,893.7753728680204,895.0376099014171,1698.0534708434734,-33.78370447593458,591.4028723325162,1323.9699770547552,2286.4922077992233,106.44148811820511,980.3320920510214,24.59338166147729,48.01019823446487,79999.65796241078
342.26816521168746,17.478656070826155,-0.0999996292613772,-0.04643193153376972,22.070785158627935,0.9709172578349932,-0.2883061084510087,-132.31407501948738,-35.636849455767916,-0.004984025770103389,0.015191104709811309,-0.0043541246860412,0.03772071305768648,0.09203465909242413,0.08823569397034602,13.234876233101577,4.679009175905627,0.9920517376833118,1.0437759878116541,2.993694240175443,3.076739463502399,-0.0043541246860412,0.03772071305768648,0.09203465909242413,0.08823569397034602,391.3896954360888,672.9036359368571,1169.2817491250776,1450.795689625846,-62.457723800783015,772.6429040236346,1499.9572055783435,1765.9228180986074,-177.0127733560163,-266.57551742478574,-648.9770585963274,-813.6028250236313,79999.72607447712
343.97861541014146,17.554358112689687,-0.09983768629244147,-0.06386820521428861,23.026607920041016,1.4876910713109368,-0.2526339113748465,-130.60535143426145,-35.56587932837679,-0.02596443556766411,0.0009814493401270794,0.01067180988911578,0.05872325336513115,0.09142506251548578,0.09181506375800287,12.73027391973019,-3.4484785452910796,3.0705709751598476,3.1536462618094703,4.075436226713247,4.183559173180863,0.01067180988911578,0.05872325336513115,0.09142506251548578,0.09181506375800287,671.930351206433,464.4516420352011,1427.8973203577593,1220.4186111865274,219.86051445006942,593.2058943873185,1619.7661999685683,1429.9219746321496,-788.3762148198422,-411.24467920500405,-968.051254252873,-875.3429100663393,79999.41943980203
344.4763469227306,17.5757887813978,-0.09981017187389914,-0.0648646460739459,23.29021790576207,1.5095385647794715,-0.21601784551200703,-130.10837577634638,-35.548165024167076,-0.031117775780801302,-0.002111523657672251,0.012130714511652648,0.055824886747815806,0.08977095619255696,0.09139630628953337,12.596448120631731,-4.961352869086387,3.3406593330568155,3.42521075623995,4.0217255818599265,4.1272098756448425,0.012130714511652648,0.055824886747815806,0.08977095619255696,0.09139630628953337,727.4353407009171,428.9341102302651,1477.623748321143,1179.122517850491,260.3107263131792,525.3290539283531,1666.4175988352056,1398.1575484654645,-894.3235026332684,-416.1641384563486,-997.864599394445,-847.3778154920373,80322.29920937931
344.97407843531977,17.596972297963838,-0.09999788042918348,-0.0635599222379983,23.549408776548468,1.4857096802812488,-0.18547982978859137,-129.6114330717794,-35.53266886345096,-0.035295573083012025,-0.005188429119122289,0.010014802486735946,0.056158524168737,0.08860494527247466,0.0909963442353406,12.468076338665785,-6.348037655010132,3.4867148225394002,3.5695417815319344,3.8707576952224914,3.9711757907444256,0.010014802486735946,0.056158524168737,0.08860494527247466,0.0909963442353406,778.9762414371633,397.0447197142396,1523.6415335582037,1141.71001183528,226.80281617407923,482.9327664439718,1723.1556315220928,1378.9883901848373,-984.5700138894765,-397.18507098374744,-1002.7515583077028,-806.1464828582018,79999.4274966274
346.68452863377377,17.668076029714648,-0.09998911874722065,-0.04756019761601345,24.405354263352717,1.1975503001226642,-0.15590695649523512,-127.90400085942848,-35.50677753090202,-0.04691933713720171,-0.013778891189554499,-9.847587457996212e-05,0.05468499207127116,0.08005350815576465,0.08607880536553143,12.062112178363819,-9.265463526636005,3.259748931878045,3.321675026421887,3.0239571473114495,3.0997145634754313,-9.847587457996212e-05,0.05468499207127116,0.08005350815576465,0.08607880536553143,899.2955653813384,341.8362722085275,1626.61803512408,1069.158741951269,-2.681424596200543,420.92675065494967,1929.4820543349038,1387.7403961073474,-1099.1389774663835,-330.12718177786616,-949.4798841624646,-660.0852195726045,79999.61218061505
348.39497883222776,17.736818648383338,-0.09189146010700669,-0.023815817521073698,25.2098171126396,0.8256218365424756,-0.21865866228093622,-126.1971951989925,-35.52715866760679,-0.05922787506538099,-0.019462702401936285,-0.009321787054815178,0.05043165599167452,0.06651671816108949,0.07678708624533537,11.702352493757354,-10.106182209455053,2.5544353149495698,2.589380841592465,2.192322303655377,2.245520056739181,-0.009321787054815178,0.05043165599167452,0.06651671816108949,0.07678708624533537,955.4134316896134,347.3720557819044,1667.5316594829678,1059.4902835752587,-291.4406910304616,434.2685079804971,2077.566994943536,1444.752404957213,-981.7958863897263,-285.3671632998901,-866.2325888107392,-547.5588747664251,79999.35053261927
348.8927103448169,17.756428089561275,-0.08668657069012353,-0.017347990036489472,25.43468622508105,0.7459468964298488,-0.24967036594355863,-125.70067019570207,-35.542510819726445,-0.06386218828358477,-0.020601840624686042,-0.010844387625678095,0.04891209075784178,0.06202713865569701,0.07347100402421793,11.604783695588399,-10.108395536174244,2.3715997263304636,2.400266602414091,2.0436782933953785,2.092831947985516,-0.010844387625678095,0.04891209075784178,0.06202713865569701,0.07347100402421793,964.1552495538332,355.98070820384544,1672.176239541046,1064.0016981910585,-347.8788268377034,443.5528105531301,2088.1587266454235,1457.6460991956485,-933.9827670025315,-277.85646832588606,-863.270848133302,-535.1234424325455,79890.49072837633
349.3904418574061,17.775868914008154,-0.08008199429874077,-0.011355500110018188,25.65573571155399,0.6799116427635503,-0.27858874146634216,-125.20421003389654,-35.561668376798664,-0.06896046818867718,-0.021522558846513034,-0.011458404877587479,0.04729505996922458,0.05763149767094799,0.06993115608824692,11.509947078892838,-10.0629930000609,2.2146403610066203,2.2380567004493943,1.924745824880725,1.9706399188072885,-0.011458404877587479,0.04729505996922458,0.05763149767094799,0.06993115608824692,971.3468711002658,365.9039864685025,1675.3957853226607,1069.9529006908974,-376.02580515474796,452.39069408172924,2083.8469208224806,1466.8241112951678,-891.1275365151008,-272.6077519765159,-866.6799186468746,-529.7323279828776,79999.31172832957
351.1008920558601,17.841506432554837,-0.045388926478570374,0.0030981464315361683,26.388267549722787,0.5664629916280859,-0.3441126521703177,-123.49832118996285,-35.656507736982945,-0.08982334287587324,-0.02333545319294068,-0.009342016967054122,0.041055097946406334,0.046153363219972,0.05630167821023642,11.201661510839289,-9.979020370346827,1.9293622492928215,1.9430991860444022,1.7257273802394528,1.7657266486805787,-0.009342016967054122,0.041055097946406334,0.046153363219972,0.05630167821023642,997.4272420584608,397.0365949830483,1688.6298530678591,1088.2392059924464,-326.7505465930679,459.75597212851096,1998.2907458258942,1437.84886607221,-824.8049285739235,-275.17356994359824,-914.3627267243172,-567.1587990092653,79999.52345300888
352.81134225431407,17.90546072072617,0.0007824892820046184,0.009590161651610835,27.083567501419374,0.5129520291295359,-0.3264996719472251,-121.79357649176299,-35.79437880504901,-0.11173054580811684,-0.023625661877893406,-0.0035660385313088395,0.03408105808410855,0.040229498030040056,0.041002813074088644,10.912517092753033,-10.016073853935541,1.850116097794079,1.8613309501187725,1.5446411706393146,1.5795180377381626,-0.0035660385313088395,0.03408105808410855,0.040229498030040056,0.041002813074088644,1026.166662557694,423.5466819242166,1705.3867858636181,1102.766805230141,-131.096315393002,434.39894468298854,1930.4603395258414,1285.890049017338,-829.4525348025753,-298.3585803070909,-899.0519566303849,-612.3118713598665,79999.13406734038
353.3090737669032,17.923779391589463,0.015039297633657195,0.01027489736376234,27.279795730244153,0.4868752345545127,-0.29999345351862977,-121.2978790937799,-35.84222416737571,-0.1175250445432409,-0.02353125632540377,-0.0017403287664102603,0.03197464206917161,0.03953670321932033,0.036350040299359385,10.830441242702324,-10.05135539335738,1.8334921549156458,1.844373962281431,1.4415180711841777,1.4738318359702736,-0.0017403287664102603,0.03197464206917161,0.03953670321932033,0.036350040299359385,1035.1332544949191,430.39054983672287,1710.9573682671044,1106.2146636089083,-64.77488393665519,421.581521499572,1936.6102453250435,1211.083576067223,-831.7963955340111,-305.37532957888936,-855.0319995476775,-604.207824567583,79948.00899713126
353.8068052794924,17.941969416537624,0.028965657731425933,0.010775891494587544,27.47349487828689,0.44814146842646196,-0.26611238435385715,-120.80244113207841,-35.893379832408804,-0.12278836393423061,-0.02337648654753229,0.00016586403187815167,0.029933688425115883,0.039127626743145606,0.031838620850254226,10.748382227378851,-10.04090894518754,1.800346823931549,1.8106105562240609,1.3033674479708353,1.3323783898939217,0.00016586403187815167,0.029933688425115883,0.039127626743145606,0.031838620850254226,1042.6892171565935,438.5750260742355,1715.1152355384838,1111.0010444561258,6.243882780275257,409.3894108453046,1951.968766844941,1125.7058373991272,-825.6709181899975,-310.51012580199506,-786.2084262680205,-577.2367034208359,79999.08180996803
355.5172554779464,18.003535134817923,0.06916137595444483,0.012954148150364253,28.12262015593594,0.18232191021254815,-0.12501693001884884,-119.10276788431544,-36.094446489108364,-0.13468338651962058,-0.022604406409672848,0.0065141660311400194,0.023636400681009896,0.03940876221062919,0.018277335847032283,10.465267960660887,-9.060672964378794,1.4498933650794141,1.4532587998086015,0.5415500609008745,0.5533263447847577,0.0065141660311400194,0.023636400681009896,0.03940876221062919,0.018277335847032283,1040.0739436596446,494.9359339019783,1700.7527194593167,1155.61470970165,250.39719936131945,390.11528638891895,2023.3068289129296,784.388880785402,-678.1455862691486,-298.94701122982326,-335.333532763863,-287.712924225499,79999.34187738488
357.2277056764004,18.063714648355838,0.0939492941402981,0.015291130444436914,28.743162944396083,-0.17843237422097669,-0.016927570099219143,-117.40762083169682,-36.32816226939794,-0.138793809107349,-0.021699528992408616,0.012589424267086893,0.019688093588380553,0.04084117749867675,0.010785799395321783,10.160770078717183,-6.533602310422654,0.8631289665630021,0.8550422496054614,-0.3289088980964928,-0.335905407693989,0.012589424267086893,0.019688093588380553,0.04084117749867675,0.010785799395321783,990.9853238037904,597.8892509122454,1638.8654070137356,1245.769334122191,467.4349752061178,415.70519468311807,1994.0512939916593,526.7997105900569,-390.32061878549416,-223.52088608291268,194.28728019236033,197.5780399068475,79998.82517264984
357.7254371889895,18.08098053680907,0.09760378754662308,0.01589794166745941,28.91780709964618,-0.2804559578287687,-0.005050563878031908,-116.91520033342479,-36.401084016824356,-0.13886739516656424,-0.021456227694933924,0.014313587889831975,0.019213127045309236,0.04119962090287797,0.01032087898055755,10.064455319909877,-5.491932746821208,0.6710845663289594,0.6592821567250584,-0.5430670750883237,-0.5545481776089843,0.014313587889831975,0.019213127045309236,0.04119962090287797,0.01032087898055755,967.558281148514,637.1345588604279,1611.339237762241,1280.915515474155,518.0057563203495,437.2739257983877,1959.1000271391683,517.5892684584469,-296.06234542873,-185.4146398252962,312.954120039232,334.5202124846986,81166.01300741923
358.22316870157863,18.098141463568236,0.09998538890308423,0.01618558129704225,29.089507784993366,-0.36762942963248274,-3.305053668468998e-05,-116.42304871316801,-36.475613063761045,-0.1388259536852841,-0.02122535125310098,0.0153480734471296,0.01841383918012797,0.041044919720976895,0.009269402816208408,9.961299292716792,-4.412562397700883,0.4994619113856289,0.4844018677956668,-0.7165626880235626,-0.7316206541608548,0.0153480734471296,0.01841383918012797,0.041044919720976895,0.009269402816208408,943.097739761742,677.6146467430441,1582.4499785247554,1316.9668855060577,540.5501120555522,450.84566598415756,1910.7423398422522,477.78732891947203,-214.63727721539803,-146.27049996481918,404.7531461937737,453.0336528551601,79998.63969916152
359.9336189000326,18.156355004971502,0.09995333230743389,0.01372781055826207,29.65871653778975,-0.4978981815815763,-0.03240993420831287,-114.73310273353059,-36.73858909298984,-0.13963913089200947,-0.0205728746930761,0.01738974206180506,0.01760057983575142,0.0395421826151424,0.009044473382027796,9.551301850503677,-1.1020148458043215,0.17437006228209714,0.15367546592663558,-0.9092587100571077,-0.9279943087045179,0.01738974206180506,0.01760057983575142,0.0395421826151424,0.009044473382027796,871.909715102677,805.6066731402352,1493.373756195771,1427.070714233329,560.4129055085302,521.3353194476706,1760.4919575003003,504.4063565050564,-68.77020432706543,-55.84735868680675,492.13160243940945,619.3289429544462,79999.0213263189
361.6440690984866,18.213490723516053,0.09133254284231282,0.006679712125161883,30.19040408310548,-0.39778669875693395,-0.09180442477343356,-113.04394887946454,-37.00556428991169,-0.14305124506136618,-0.020088542182873908,0.01735944753968001,0.01719439918907478,0.03633295184570781,0.009558837292402261,8.979009606379599,0.783759501583202,0.25799236047318447,0.2399190669601325,-0.6282572743087871,-0.6409735976856071,0.01735944753968001,0.01719439918907478,0.03633295184570781,0.009558837292402261,846.5268332312588,893.681950351306,1442.3302050122065,1489.4853221322537,541.8705964419195,568.9962625942335,1646.0502664076598,566.947290253347,-98.65250374244584,-97.0815655219193,345.22454327379444,453.4731581558339,79998.08181975185
362.1418006110758,18.229933101702727,0.08798832228579342,0.0039071332918647,30.33709063013221,-0.3313733473781571,-0.10479864936108134,-112.55232534292192,-37.08275944864373,-0.1447424282218402,-0.01996976177425607,0.017012624339110608,0.0166664971223601,0.03504058822140662,0.009000223357756491,8.767657044579195,0.9132810476975075,0.35911705873104094,0.3433051592143053,-0.4842859670356471,-0.49404067401994534,0.017012624339110608,0.0166664971223601,0.03504058822140662,0.009000223357756491,852.6019296812112,907.5497480881356,1438.7948421814851,1493.7426605884095,535.2751433450579,561.4115640700854,1615.6984747893591,540.0229021220619,-138.38082669529805,-141.32110282874507,270.47298781287395,353.37452778201634,77971.02493853043
362.63953212366494,18.24629907288788,0.08436529465282434,0.0010170213341900334,30.478774825557522,-0.2595302093365447,-0.11316057230039733,-112.06066816709937,-37.15977598260437,-0.14656449659235338,-0.019846352956426658,0.017374976973429337,0.01689553658385978,0.03453365114483847,0.009694631405701532,8.522789517171981,0.8779029687323952,0.4762274500689729,0.46297866363353696,-0.3375853161555085,-0.34435335653061294,0.017374976973429337,0.01689553658385978,0.03453365114483847,0.009694631405701532,864.2860854709971,917.105371523657,1439.26684165286,1492.0861277055196,552.0373516237589,573.2627500838058,1607.9797548572565,581.9292818671372,-185.27241327975491,-191.9402187480803,190.26162126834836,246.40507531207837,79998.22780445458
364.34998232211893,18.30199103872762,0.06984168709684797,-0.007835326010557716,30.926813022355066,-0.056956187413735516,-0.08961447227920964,-110.37076087386455,-37.42299829086792,-0.1524959324644623,-0.019375705825959818,0.019179857934262433,0.015590982126094267,0.033487982788411794,0.008788708092728702,7.414299165639703,-0.20086102026658675,0.8668452152417592,0.8620387239177615,0.00907251024165514,0.009251742624687176,0.019179857934262433,0.015590982126094267,0.033487982788411794,0.008788708092728702,938.3924149528674,926.3075535682332,1462.0818064605803,1449.996945075946,648.3719670199047,531.0810657360781,1609.5609805191548,514.8050653872062,-358.3176427577053,-358.7925552304259,-5.2679527587572545,-6.46878997503188,79998.39461902488
366.06043252057293,18.356963974948968,0.050610554033512396,-0.012502043814311616,31.287610289739266,-0.015608426642439305,-0.003979112282362129,-108.68079500583893,-37.686905769682,-0.15536146252453137,-0.018771902663659842,0.02319920546238731,0.013465768824234984,0.03447354756162881,0.006049684106497831,5.5855713571173204,-1.5818185055171852,1.0411488095460701,1.0404770859612524,-0.02332424999799675,-0.02377966776194513,0.02319920546238731,0.013465768824234984,0.03447354756162881,0.006049684106497831,1035.8393191247144,940.6687511894656,1473.8430652671086,1378.6724973318596,838.0169616473042,466.961053134639,1650.809647932535,337.67622741172465,-459.23409969622566,-440.59524260722435,13.49899489336281,15.883075041227244,79997.45270643724
366.5581640331621,18.372850593055183,0.04384917606230375,-0.012601736077990387,31.371133865555663,-0.05124946270183519,0.029051804762095186,-108.18909878015577,-37.76437908400966,-0.15513959368701785,-0.018559723157941653,0.02503786914156721,0.013147702389672132,0.0353207659048231,0.005522025038937502,4.860545525050026,-1.8186589153167092,1.0150547592546786,1.0141134452886433,-0.12900816810743232,-0.13152033747060596,0.02503786914156721,0.013147702389672132,0.0353207659048231,0.005522025038937502,1063.080323232467,953.6601835340733,1466.9420980282782,1357.5219583298847,916.8677213097596,463.9294903872865,1665.2777788809697,303.1135396340685,-453.8043070815521,-436.6838178855589,73.5866837436536,86.46105272602362,81849.66136787449
367.05589554575124,18.388705302188203,0.03650441395231482,-0.012166583453946611,31.439685372859522,-0.10414259110319904,0.06319450838350248,-107.69745700503857,-37.8422782566616,-0.15443604553532247,-0.018344782614467457,0.02617063414695296,0.011621411966040324,0.0357446536646573,0.004260308363227008,3.9947507040002295,-1.942544602833542,0.9594001427493054,0.9576188125508871,-0.2667719788384707,-0.27195531973000886,0.02617063414695296,0.011621411966040324,0.0357446536646573,0.004260308363227008,1089.7432389956132,972.8694810730661,1452.743647697726,1335.8698897751788,976.6383723567092,422.870195404362,1657.6175194598648,229.81851792619912,-436.87408961305425,-424.69994555509965,149.8182143477325,175.8452911424246,79994.85457423641
368.76634574420524,18.44296968412735,0.006675166777400424,-0.006800484926681731,31.55726350017067,-0.3846382716209634,0.1458691738390791,-106.00843773798212,-38.11373853419085,-0.1484078869413381,-0.017708886029247334,0.029637352514220255,0.0113493913816335,0.03591050546781349,0.002548846841397749,-0.11692825976837133,-1.1821809119449251,0.5444014883071511,0.5352993861610437,-0.8728589907456274,-0.8897522748902724,0.029637352514220255,0.0113493913816335,0.03591050546781349,0.002548846841397749,1168.5087769545817,1097.3825204342588,1336.85057822259,1265.7243217022672,1170.027524516498,478.8919528866595,1501.027389724125,126.74295212101815,-261.7745028554755,-273.7152916115882,444.25156204095026,532.3822244109408,79997.38189183372
370.47679594265924,18.49729503800941,-0.027064711207357196,0.0011226297207621526,31.365841913137768,-0.6641902880562957,0.14874285359469225,-104.31980002914976,-38.38814132105758,-0.14004334179905634,-0.017323857256699146,0.027830281458229075,0.013588087016368966,0.031036035667857592,0.004697995390180224,-7.254874281973331,0.7794816732406741,0.018193096427738368,-0.0007807042190122245,-1.3873013405392514,-1.414310014257088,0.027830281458229075,0.013588087016368966,0.031036035667857592,0.004697995390180224,1272.033178853745,1318.9309191941757,1101.2849960989163,1148.1827364393469,1231.6589047575635,699.6607661329263,1092.2079908260894,201.93764171996258,-9.753695471468932,0.48295170305824625,598.2480254188887,736.4263140024609,78474.51715027579
370.97452745524834,18.513190395104363,-0.037016560523908316,0.00326245975825861,31.228393610878896,-0.7164543070693716,0.12968490008279054,-103.82841262618183,-38.46800216660115,-0.13778220261516252,-0.017276161921672886,0.02544718684810915,0.013735607405498671,0.028099709025617033,0.006010018761544215,-10.13818047531404,1.4564619152551643,-0.11295302535869725,-0.134521589250505,-1.46435163773277,-1.4929857532748694,0.02544718684810915,0.013735607405498671,0.028099709025617033,0.006010018761544215,1315.234787163987,1402.8632395859506,1007.3403858607733,1094.968838282737,1193.304366426731,756.2944052616442,923.132852765719,243.37695990197014,63.97129632220576,88.69391714381631,590.516857975184,734.2344633609738,75000.41312648155
371.4722589678375,18.52916855372571,-0.0467148558525204,0.0050788091104858385,31.035719417905266,-0.7480132764304614,0.11787200413991854,-103.33697477419221,-38.54753041686651,-0.13585912310011278,-0.01727415691182408,0.018193523170598757,0.008423037766549018,0.021687911734782177,0.002313899968172077,-13.536802161004763,2.102159697380535,-0.19574917504747008,-0.2190792450005976,-1.5161026009064862,-1.5459335550339435,0.018193523170598757,0.008423037766549018,0.021687911734782177,0.002313899968172077,1369.7018631912551,1496.1789094468772,900.0635706551765,1026.5406169107987,946.7385882029166,511.1288165229279,664.6850284452686,87.60270936970161,122.33399642577835,158.39007756173757,570.8075456112769,712.5783432763366,46765.33570332129
373.1827091662915,18.585122482434926,-0.07565579168853899,0.011402251400196461,30.037633024805324,-0.7760328502127912,0.11701200936326187,-101.64752807404021,-38.8163531895705,-0.12941226070236506,-0.017556496688388285,-0.015675893810375114,-0.018206578264895704,-0.006798716100020926,-0.016529909485648562,-21.00066646819215,3.760687618832846,-0.2728177754180836,-0.2988263248185889,-1.6177044970045054,-1.6506007749169544,-0.015675893810375114,-0.018206578264895704,-0.006798716100020926,-0.016529909485648562,1462.7519306018712,1689.0147889911532,636.2895851204808,862.5524435097627,-891.6277696613016,-1192.6284347092271,-154.42596125175606,-494.9816374329209,185.50716160850928,232.14042543773297,454.08538996062447,607.2301555815553,-101802.68079656218
374.8931593647455,18.64328873406209,-0.09473502882217873,0.018665788139818767,28.723408151484534,-0.7514337871262332,0.14123433505465663,-99.95665453050572,-39.07519083573567,-0.12200923179602179,-0.017936913320267714,-0.0469500966168447,-0.044063427959351475,-0.035272004037744276,-0.03581613510303555,-23.127079845859488,4.384066144117354,-0.22001996539536683,-0.2465719036512959,-1.6753920852133315,-1.7110354205358993,-0.0469500966168447,-0.044063427959351475,-0.035272004037744276,-0.03581613510303555,1451.2854424110544,1715.0540500901814,520.379472039858,784.148079718985,-1879.5513013793186,-2148.8863787747478,-553.2791327861829,-839.5180138790453,107.91655670732447,145.67692363005816,329.47499763843894,498.95351366890515,-172984.95860515814
375.39089087733464,18.660741774628722,-0.09785885834920488,0.02110886712532045,28.31997497169698,-0.7479136652413974,0.14614298609048548,-99.46426544959436,-39.148062334975094,-0.11944870794190822,-0.018000292880629043,-0.05247361751135225,-0.04886082004030851,-0.04167490806385933,-0.03980719800545193,-22.967400911870172,4.339664328797522,-0.2186349033203477,-0.24561762673320844,-1.698734012280575,-1.735393714088754,-0.05247361751135225,-0.04886082004030851,-0.04167490806385933,-0.03980719800545193,1435.9794733315002,1697.076632948409,511.5752853167321,772.6724449336409,-1926.2858147749184,-2199.2251643736863,-605.5415897330934,-883.4456965027915,99.04720568572742,134.8323330242382,310.8892987706501,480.76114771437557,-175558.51765090984
375.8886223899238,18.678437761559817,-0.09999424009465054,0.023546248061997666,27.913533659817627,-0.7457629310926996,0.1542097623559864,-98.97170581280605,-39.219793419141915,-0.1167807095108245,-0.01799961022333581,-0.057351687226605,-0.053219205547633326,-0.04740345429997829,-0.04327273065184815,-22.739982823509987,4.303232157380787,-0.21848586465897352,-0.24586165765186893,-1.7301301952162393,-1.7680161925756184,-0.057351687226605,-0.053219205547633326,-0.04740345429997829,-0.04327273065184815,1418.9154536217973,1677.8206611071867,504.23302819619494,763.1382356815845,-1944.0209274586018,-2221.918940401249,-640.643456220573,-914.1066601175218,92.02676239997015,126.01275887255971,295.9201918325661,467.7055153945172,-175541.99615934942
377.5990725883778,18.741294053571654,-0.09968314899484472,0.03230508486908517,26.511487860022832,-0.7738782228683667,0.19146733380843062,-97.2776484492338,-39.45753500728649,-0.10602073824979519,-0.017567929153964244,-0.06791501861847155,-0.0634030031401084,-0.061062460329990596,-0.04993888708185658,-21.50493596465946,4.1772191144705255,-0.3014138437137863,-0.33159604171248347,-1.9354800685582763,-1.9801229138440064,-0.06791501861847155,-0.0634030031401084,-0.061062460329990596,-0.04993888708185658,1350.7944146838715,1602.1180109925115,491.13413693503935,742.4577332436793,-1897.7183413701007,-2183.6162041183675,-688.0800217310988,-944.2442304924527,106.4116268473961,142.59947827585674,279.8999791778766,472.4337962050907,-165040.7980892149
379.3095227868318,18.807541194687037,-0.09069227624003806,0.04139752401941619,25.134839112391912,-0.8653791708839896,0.2486058320610598,-95.58125728986148,-39.68044386727388,-0.09152649406282741,-0.01599070319995529,-0.0732036368439357,-0.06928217516473202,-0.06713843618164599,-0.049042751393642815,-19.615323703981336,4.384311975960574,-0.5599261953072628,-0.5958731414646276,-2.3347092593271173,-2.391525435198355,-0.0732036368439357,-0.06928217516473202,-0.06713843618164599,-0.049042751393642815,1260.039648922461,1523.8230471455438,486.6878125277368,750.4712107508193,-1784.846468967555,-2091.5702168329494,-686.5614168849409,-918.6955986615603,174.2079278285504,227.13296182575036,309.04871659866575,566.1494553932148,-149278.43251796867
379.80725429942095,18.827497747687143,-0.08704113688214973,0.04405730651825574,24.745329168621776,-0.9054855408952622,0.2699265595266839,-95.0871417892064,-39.74228646600253,-0.08636898034778462,-0.015226323952903792,-0.07456523111492014,-0.07077081029348917,-0.06781162896552696,-0.0474667559612242,-18.951528681069398,4.569950407477375,-0.6771977411881205,-0.7155335283756146,-2.4961777633765894,-2.557881174926929,-0.07456523111492014,-0.07077081029348917,-0.06781162896552696,-0.0474667559612242,1227.8614071862717,1502.8137953386295,485.0867732647032,760.039161417061,-1741.9450182448297,-2062.3154962912404,-679.8297153430879,-902.6518515814021,202.44487386204236,264.0627273877858,324.4855666021562,614.4012717532844,-144246.99942624758
380.3049858120101,18.847761487722174,-0.08314045741239706,0.046720785031868876,24.362787342474796,-0.9496988136652955,0.2939242888285183,-94.59280257073573,-39.802462126163114,-0.08072433491150247,-0.014265468893801574,-0.0757068170034008,-0.07178527544728407,-0.0681341237625491,-0.045477256889319015,-18.229812450941154,4.807149034046413,-0.8118701685062334,-0.8528143034520338,-2.6757602166704584,-2.742941163645849,-0.0757068170034008,-0.07178527544728407,-0.0681341237625491,-0.045477256889319015,1193.1177234608383,1482.3412355918952,483.697231914504,772.9207440455609,-1694.5240862720582,-2031.8583536188019,-671.4514587261741,-882.2385025155617,233.1416935207147,306.40707478901265,342.42438796479286,671.6727235436894,-139068.94079319862
382.0154360104641,18.919834297226775,-0.07000827974528834,0.05658200110922327,23.12893440988413,-1.1311288721641433,0.37115425489949344,-92.89213157492574,-39.99566816887618,-0.056456316800829985,-0.008748957681266706,-0.08161709179681305,-0.07745122195868928,-0.06656929103765669,-0.03200639091958073,-15.25620002559169,6.218766266301566,-1.4975942750973683,-1.550528418075021,-3.388841128740468,-3.478442488168979,-0.08161709179681305,-0.07745122195868928,-0.06656929103765669,-0.03200639091958073,1047.4054855237737,1421.5593567524961,476.2859208201146,850.439792048837,-1481.5869616824589,-1911.2050434373512,-625.344600075609,-706.7197402849437,353.4333166011789,491.8702951065891,414.8604753528526,964.3276115132708,-118200.82537294646
383.7258862089181,18.995539915587663,-0.05628387317315372,0.06521534229100294,22.064649364260625,-1.2538801469002625,0.40574994789255997,-91.18809736921537,-40.158137298397925,-0.026789518550833672,0.0024434368902742924,-0.08815516658321143,-0.07547967872124858,-0.06167506610784383,-0.012890795760468036,-11.885878769408272,8.334906751522903,-2.473164710001102,-2.537953344339298,-3.9237457097229345,-4.032473033276665,-0.08815516658321143,-0.07547967872124858,-0.06167506610784383,-0.012890795760468036,876.9567381380311,1378.4288137668473,463.44142087014137,964.9134964989573,-1213.9070484546478,-1764.0425162783529,-566.5995930004406,-328.95770260930647,450.1010126441441,765.6059399480479,469.68236456460164,1285.3362927194528,-93428.39562367757
384.22361772150725,19.01822552819354,-0.05198837443338369,0.06706023754089954,21.79515279609173,-1.2589742304951426,0.4013248284757884,-90.69151601081101,-40.197821683097565,-0.01754568635500221,0.007188214188713947,-0.08971528580034946,-0.0714024840424795,-0.05977796610158562,-0.007138143895646544,-10.899689985390705,9.04178754673606,-2.796298666161461,-2.8633379853273015,-3.9767037393802718,-4.088270187935287,-0.08971528580034946,-0.0714024840424795,-0.05977796610158562,-0.007138143895646544,825.7033606420639,1369.705123784531,458.4095088555205,1002.4112719979878,-1131.8479367375885,-1705.4799516508372,-550.5452047525379,-189.78667431114164,468.4665518586963,880.1045811720907,476.6230934119476,1355.757231217581,-85795.01231390976
384.7213492340964,19.04117884212117,-0.04725374183810252,0.06815050224802845,21.545777474988697,-1.2430332449222712,0.404252526430029,-90.19468113086442,-40.23305385612528,-0.008377453420252675,0.012751108855060358,-0.09021828985535867,-0.059474349889246825,-0.05769818358533333,-0.0035295220446477055,-9.890423967299302,9.784690355644747,-3.0940107691808763,-3.16124057183908,-3.985622594182792,-4.098749992831862,-0.09021828985535867,-0.059474349889246825,-0.05769818358533333,-0.0035295220446477055,773.3843587386384,1362.0830842683388,453.45355402992465,1042.1522795596252,-1050.6949656091558,-1589.1536093687653,-535.5588736570961,-97.59083085184751,480.04164977022424,1072.9326996914278,480.5930475207049,1411.7160898819889,-78292.77407839631
386.4317994325504,19.12193207519679,-0.023285663083287677,0.06981257580170554,20.816957660318756,-1.0905886484818406,0.49058612587132644,-88.48466834792968,-40.31295979844368,0.027187150496359756,0.0362570791713737,-0.08183779541578441,-0.023526651383946422,-0.050542270653038866,-0.0023866766318267783,-7.331718073812348,12.533426968412984,-3.911813899519193,-3.9658753513864577,-3.8721347134576054,-3.985966526991935,-0.08183779541578441,-0.023526651383946422,-0.050542270653038866,-0.0023866766318267783,612.7729270123716,1366.850185938376,412.7559029635367,1166.833161889541,-800.8070731360016,-792.0017729257225,-461.4467919953582,-74.6182657067893,508.66772641958556,1656.931119446537,456.3019461663426,1544.8604553034315,-52559.430760146766
388.1422496310044,19.2052538112398,0.012507738856966771,0.06981282133682691,20.22849388048872,-0.9200189459466779,0.6608530505540894,-86.77398171032814,-40.31146246669005,0.07462627485248853,0.05982661012321849,-0.06730210336473999,-0.007571885519213693,-0.04431910451397606,-0.005782849969389867,-5.829184395254913,14.806649995292332,-4.438203001899023,-4.468874149712773,-3.835664168168653,-3.9517603722175694,-0.06730210336473999,-0.007571885519213693,-0.04431910451397606,-0.005782849969389867,495.2659607352488,1386.1123406173,365.3848082708684,1256.2311881529197,-596.7401327514987,-252.02604817619263,-379.7390519697515,-193.71589651251335,517.8799469439643,1849.3206672894837,422.47367624973884,1636.9905509150308,-37685.59985604944
388.6399811435935,19.229919460479003,0.025125920242541063,0.06979520069825193,20.07268924927893,-0.8919945563106506,0.7197362986693068,-86.27669759393694,-40.29242579033638,0.09171085474691565,0.06543187854658587,-0.06370164234543568,-0.008972373126359413,-0.0428611531932115,-0.005200240618647031,-5.524033187116515,15.232543746941754,-4.548543041700985,-4.573007899637593,-3.900313076638384,-4.019283608805919,-0.06370164234543568,-0.008972373126359413,-0.0428611531932115,-0.005200240618647031,471.7102800223248,1388.180680664771,356.0091528264138,1272.47955346886,-551.76808583459,-292.71700596810405,-359.77724397740553,-174.38879230642567,517.4030903572734,1858.6018954483766,420.7629250635378,1667.6065204397491,-36699.71109881987
389.13771265618266,19.25476712496962,0.037946169882924964,0.06981237992919184,19.923271520424684,-0.8804135724722943,0.7813434021847266,-85.78018805813251,-40.26433321178455,0.11029919401535437,0.07025631214028866,-0.06077612609114311,-0.006293127413183116,-0.041404876364646445,-0.005048291753422598,-5.200526858356157,15.629051462667357,-4.65075074124301,-4.67003188031443,-4.016359371371079,-4.139778326902807,-0.06077612609114311,-0.006293127413183116,-0.041404876364646445,-0.005048291753422598,448.7726062832053,1389.0990083345969,348.1361322395061,1288.4625342908976,-510.2258487382747,-202.8934510456797,-339.69122104862424,-167.7593057055131,512.0521169960504,1877.9382139272645,423.5967931151149,1704.4172465473678,-33437.882197190076
390.84816285463666,19.341373049240662,0.07770502668392237,0.06981291603768225,19.446183679399866,-0.9797067249718474,0.9757842675811821,-84.08282981443696,-40.09283909270275,0.18682560769851145,0.07895532094017474,-0.0524807504614552,-0.003252563954520819,-0.036809472215531484,-0.004984023895031616,-4.2143501977747855,16.768119378458284,-4.976105702713256,-4.99039908711297,-4.786710005296465,-4.937248560930242,-0.0524807504614552,-0.003252563954520819,-0.036809472215531484,-0.004984023895031616,380.6288639408489,1389.4876166282565,325.889170339423,1334.747923026831,-389.7850357071891,-99.36390629733705,-268.12133574377344,-148.55473539652792,483.4759484133397,1911.7846526091466,450.70763783890294,1845.6548807462755,-26663.955886459913
392.55861305309065,19.429771184676692,0.09929310968468251,0.06980215408776576,19.012630111816225,-1.245298983619124,1.1158300954651783,-82.40699631507408,-39.79699680068714,0.2796794060042073,0.07500521743246932,-0.0508910723931409,-0.0017280593208574746,-0.03459839362275977,-0.004357125016271239,-3.2868906902764237,17.54805932169351,-5.196989338341125,-5.2260702141689706,-5.958796421527539,-6.150022917804428,-0.0508910723931409,-0.0017280593208574746,-0.03459839362275977,-0.004357125016271239,325.858959423227,1381.6430243978448,314.3294463630276,1370.1135113376454,-321.69681546281186,-50.41663744549062,-213.53689647722643,-107.00591041941215,430.67137694648244,1920.4412582180962,481.68088724062534,1937.4560987324915,-21550.40414818875
393.0563445656798,19.455813656610623,0.09999951012490821,0.06981180127976767,18.892235231922744,-1.3445840705459156,1.1411738406389584,-81.92483660882466,-39.686005440179414,0.3091526683543385,0.07139690948777772,-0.052436021179764015,-5.951949101380363e-05,-0.03473166716509017,-0.003830088804133869,-3.002529130238066,17.705148389048635,-5.228310871192348,-5.265322628211935,-6.340493416323518,-6.545081150822804,-0.052436021179764015,-5.951949101380363e-05,-0.03473166716509017,-0.003830088804133869,311.84093821413524,1377.076312365161,313.58532509268946,1378.820699243715,-313.066058182812,-1.7203721662652836,-203.66334417478112,-88.23422184429947,409.9406567927473,1918.3720169463957,489.46750185992477,1949.5457455164171,-19540.405583182408
393.55407607826896,19.48203599906854,0.09831762054656915,0.06939541645740886,18.768527961399244,-1.4365385951184728,1.1397969596096502,-81.44557140364351,-39.56366210906042,0.3387083683091078,0.06688176636277872,-0.05464004378485947,0.0023489768035336598,-0.03526899643887197,-0.001218687604306839,-2.9065365775157956,17.814970367852034,-5.25660274133,-5.3032551710541425,-6.651167255771891,-6.867030262298678,-0.05464004378485947,0.0023489768035336598,-0.03526899643887197,-0.001218687604306839,303.65842991952957,1375.5012751919494,309.7385554968198,1381.5814007692397,-311.8528088818667,67.33589893725136,-195.98065235146964,-26.624978333648077,394.8575773839058,1917.7895141927881,488.7826155153904,1952.4931858650891,-16517.127844549093
395.26452627672296,19.573305782297588,0.06952950755161864,0.06652667118034881,18.368190358192567,-1.6848197782141718,1.035428993638596,-79.82290707522704,-39.05208427196108,0.4403587758493711,0.0463898997268803,-0.06475629166650529,0.010774586228416327,-0.03775300900692729,0.002365288495584168,-2.8185004584348476,17.974535824527518,-5.144099421980441,-5.227248171794401,-7.324975391952154,-7.567483081133922,-0.06475629166650529,0.010774586228416327,-0.03775300900692729,0.002365288495584168,288.46581546757955,1369.9089625961774,298.0291352280693,1379.4722823566672,-328.45231217685574,308.4662971175884,-183.61953883899767,45.862946614852994,346.02370618268657,1887.6374568559563,476.3288186824457,1938.0245060476582,-9354.647843097944
396.97497647517696,19.66710245376811,0.019708902448497843,0.05085046845964151,17.863010422607783,-1.47557947489945,0.6304404342993243,-78.24725369223974,-38.398279433688714,0.5205979169621961,0.018783496360622032,-0.07592242381434353,0.02243790861224041,-0.0460995210051886,0.007467564240057868,-5.571269956606697,17.46735001275521,-4.048900922855392,-4.151123505120938,-6.005567904551928,-6.21088310073118,-0.07592242381434353,0.02243790861224041,-0.0460995210051886,0.007467564240057868,358.7764966884098,1409.7046627450873,236.9329980105116,1287.8611640671888,-471.9113025327663,757.0704826169858,-201.83932397723325,172.69320098311107,333.6653298292485,1740.6162494922778,347.3273484272756,1846.602931078608,-313.0718481093151
397.4727079877661,19.69500938838699,0.004005351464711805,0.041895778674851114,17.669408263832192,-1.262519675198392,0.42864982435787014,-77.79932911734463,-38.18111810178766,0.5358794392986731,0.009525328748716403,-0.07882636926356723,0.02700488021274882,-0.05054518323244103,0.011091165202940033,-7.36914781538629,17.132671145926736,-3.414644338785903,-3.514410033035536,-4.956563271561353,-5.12832657182448,-0.07882636926356723,0.02700488021274882,-0.05054518323244103,0.011091165202940033,407.63554325766086,1438.4276584836664,200.20438800982947,1230.996503235835,-562.3139740564316,996.9073178197254,-204.57873476324093,296.00848918273806,322.1568136812448,1600.366822212072,262.8006968018493,1727.2441387678957,4915.949520202823
397.97043950035527,19.723291033272837,-0.009780863047376262,0.028596733398490195,17.373397052384746,-0.9053583695105065,0.2334986210391971,-77.35646507997737,-37.95255042940246,0.5443750483062202,-0.0007501413108726451,-0.07980781384010924,0.017086251271992432,-0.06382923720418567,-0.002801146345713212,-11.099339465545494,16.639213119395194,-2.251486217578955,-2.3327115161681,-3.453312905385133,-3.5753877522307214,-0.07980781384010924,0.017086251271992432,-0.06382923720418567,-0.002801146345713212,505.1410315754309,1506.2441018993734,120.31629223208193,1121.4193625560245,-737.5378845962468,837.5751491034018,-159.94059090210226,-90.0512384509554,273.10223019824,1380.343782549775,113.26888252175723,1419.0352382285362,-6437.9371751109775
399.68088969880927,19.82567424163526,-0.03136709142461621,-0.019764426293857974,16.098301488542397,0.24467533072315184,-0.1684949047438219,-75.88277340991857,-37.08393301071693,0.5466436648945774,-0.03515774096748532,-0.07018735937723622,-0.04765461838565968,-0.06595273282420296,-0.05597972651866058,-12.270605740545319,6.374845412429697,2.372200268467216,2.3859044616650715,1.2611617167779516,1.3094493632989228,-0.07018735937723622,-0.04765461838565968,-0.06595273282420296,-0.05597972651866058,817.8541781107602,1201.3985963131422,375.49339664898537,759.0378148513672,-1126.6776081668984,-1409.81482782971,-557.5348821564041,-1046.5006744525706,-491.62067424877944,-880.6411310052407,-137.5259333710749,-309.6422058955133,-70473.13771773009
401.39133989726326,19.935707883074972,-0.03502584541527013,-0.05802237466543381,15.013424959111399,0.8341246437571292,-0.48941777788186047,-74.44141024611474,-36.16211116884598,0.5096058149209794,-0.06834318621869127,-0.035198009984631275,-0.07820587515872858,-0.02269426950233856,-0.05892313869236662,-6.03382272785044,-6.320709508560468,5.490064598833238,5.554773951211308,4.3765485469230825,4.555795217845413,-0.035198009984631275,-0.07820587515872858,-0.02269426950233856,-0.05892313869236662,1033.0209147318728,652.7335988449288,884.8790597821601,504.5917438952162,-689.8040457406729,-730.8280756126885,-488.3895905038847,-566.8334812767333,-1385.3049676052312,-698.1614042663014,-1188.1273307082536,-572.7122600620471,-41744.67509815027
401.88907140985236,19.969089816679,-0.03686041033630085,-0.06458594572794656,14.844226437271503,0.8175630246452287,-0.6305218794372138,-74.02009854625071,-35.89807388100379,0.4918971128872223,-0.07780388667467585,-0.019266857941351922,-0.06533142884309617,-0.005723684179495345,-0.039325338241525655,-4.825314852879838,-8.434959011108477,5.536709624267475,5.581584251287688,4.7293391776761515,4.925151910365543,-0.019266857941351922,-0.06533142884309617,-0.005723684179495345,-0.039325338241525655,1065.1433800024613,557.6516312349429,974.0819131188596,466.5901643513412,-415.54648799835076,-588.7172463000416,-134.32085175690293,-391.9641716538861,-1525.363893286587,-668.4789714270654,-1397.4222482765329,-634.7768525658944,-27610.05387466769
402.3868029224415,20.002727332236702,-0.0429535564751121,-0.0698057544770568,14.673940059846176,0.8064184219476982,-0.6867347511981896,-73.59345160551773,-35.64335059026998,0.4704572451066575,-0.0882918526242288,-0.010898626576198982,-0.05770780158195296,-0.006058853596540976,-0.03819882379316442,-4.259879714917762,-10.649428126036392,5.9257593305201,5.962252127205117,4.888025595218825,5.092738253626372,-0.010898626576198982,-0.05770780158195296,-0.006058853596540976,-0.03819882379316442,1115.544277082463,474.818353466389,1051.0655530526628,410.3396294365888,-234.6715080828939,-456.20898106294857,-148.2985544410766,-332.3312139291998,-1635.7145074539662,-625.7257728655483,-1507.6113685089772,-574.2756252738216,-22399.624249354045
404.0972531208955,20.12075727340909,-0.07604367657607365,-0.0698129319595696,14.199827143167514,0.7028361423968471,-0.9978863923959114,-72.07786492320413,-34.86369668714313,0.3705116731426024,-0.11912822786119842,-0.0012247994400308264,-0.031655060702870906,-0.007849731495714945,-0.029445544260238814,-2.57099652343692,-14.95788850772617,6.27391609692847,6.249903222014875,5.4832117459713245,5.720365025915912,-0.0012247994400308264,-0.031655060702870906,-0.007849731495714945,-0.029445544260238814,1197.4581595287138,297.5124707994037,1212.4403662306268,312.49467750131646,-26.61268900650434,-181.05433298435537,-195.9634231891668,-190.90300284992412,-1755.2612672921587,-469.4373757177404,-1737.6646242530328,-483.05907345874976,-14280.218411159862
405.8077033193495,20.241581459209304,-0.09999741273286576,-0.05537049729582662,13.885615248591419,0.7105903770140776,-1.2707263302215495,-70.48827885463083,-34.274868471380486,0.2330837239863014,-0.13553733819852648,0.004938559102151586,-0.015397198983947768,-0.0040516756832342325,-0.020871648754781518,-1.064084084123094,-16.36261083005637,6.303285224302845,6.238177707378818,6.38760880919288,6.6696073944971745,0.004938559102151586,-0.015397198983947768,-0.0040516756832342325,-0.020871648754781518,1199.052450107832,214.59123653088665,1285.0917626997539,300.63054912280853,106.68009441080255,-67.86314109077267,-91.0616292895937,-118.70424408584293,-1754.5299873673555,-359.46298734650503,-1851.4483923309867,-498.9353002677588,-8312.887651745392
406.30543483193867,20.277081804518875,-0.09999963624223068,-0.050957231280766284,13.821929552567786,0.7736701170952676,-1.301398066401135,-70.0122989897247,-34.14736230555611,0.18665560474423878,-0.13640712754831832,0.010966478071314054,-0.014303491162910442,-0.0006608892925100704,-0.019864723658065787,-0.6199627809390245,-16.64125457207789,6.497281693176694,6.438310636611552,6.753500506794151,7.052742985908266,0.010966478071314054,-0.014303491162910442,-0.0006608892925100704,-0.019864723658065787,1195.917493439299,194.69159852419932,1302.9378773930166,301.71198247791665,227.0610698826862,-55.9376077263517,-14.117676919698544,-107.95951015222848,-1741.5329238594607,-330.10073573289225,-1873.686390805906,-506.8017728833844,-5178.689774187596
406.8031663445278,20.312666123015887,-0.09563978483814221,-0.04481012647209398,13.776587140509598,0.8135941754871887,-1.2922239476052018,-69.53203150288996,-34.039023120385245,0.1407035378968105,-0.13615567394262848,0.011502921929623952,-0.008749861076767564,-0.00014789107834930958,-0.015997205319920875,-0.22737840497342043,-16.788270518741715,6.672534947114874,6.621873082760217,6.909793175510304,7.216847800633223,0.011502921929623952,-0.008749861076767564,-0.00014789107834930958,-0.015997205319920875,1190.331606503174,180.26045463177127,1315.9127239513423,305.8415720799395,230.31467402147393,-31.243296955842524,-3.09900840960514,-86.92361644821047,-1735.6279970983892,-310.5534882196748,-1886.3973195572096,-519.214885561304,-4271.178712430206
408.5136165429818,20.43638218721846,-0.04777380357507592,-0.027687153153851306,13.666061497040086,0.9107481162852893,-1.295943870209428,-67.84817588814731,-33.8301615532581,-0.019433759608687606,-0.1314932328811905,0.010524649961097591,0.01637498013944452,-0.00014940070076607437,0.009716317798609373,0.9768105584400002,-17.045817832838882,6.7819837400565275,6.747941915396599,7.366608775927438,7.696200394771428,0.010524649961097591,0.01637498013944452,-0.00014940070076607437,0.009716317798609373,1167.8296515721613,142.26309105094583,1350.38029832263,324.81373780141473,204.29082051671423,44.97673991018341,-2.953078206319125,52.9038182434286,-1713.7395359735374,-244.32769938203765,-1914.9251693799722,-558.1544010663091,-1324.7107039414147
410.2240667414358,20.56073080665889,0.0256257832145932,-0.02887590614368244,13.80364168892685,1.0045334603473148,-1.2960971513050676,-66.14130947173217,-33.88172156355148,-0.18062854735098097,-0.12147648034981137,0.008460642551283232,0.015334490148712873,-0.004992445412710959,0.05236516223308717,4.038861777596699,-16.941388454274925,6.595770893664655,6.5794457559609745,7.670432915152478,8.009785846975191,0.008460642551283232,0.015334490148712873,-0.004992445412710959,0.05236516223308717,1094.1877416884045,74.90420493533446,1422.1373297256857,402.8537929726156,161.31179783439845,22.898413593323422,-96.97670802856703,290.04591239209634,-1631.6683516312653,-129.32714820091107,-1972.7805358032435,-603.7692175164426,310.3175194708415
410.721798254025,20.596736828647796,0.04700803830308367,-0.03493661887372596,13.923703167106165,1.0422117875818522,-1.2845452715034087,-65.64570145044905,-33.9469967633276,-0.2272856076896063,-0.11765548576416063,0.008273262782067787,0.0034445660968932717,-0.007707137258235612,0.0675228947818638,5.670020990724488,-16.847086605831322,6.570941840690799,6.563381240294691,7.7239432992282415,8.062593332749294,0.008273262782067787,0.0034445660968932717,-0.007707137258235612,0.0675228947818638,1054.530206716637,40.92036795257036,1459.9952741768925,446.3854354128258,153.75726251697873,2.8703982021413297,-150.56476377875106,374.9974295970521,-1584.2861533336495,-71.90729263713978,-2001.1096868197185,-616.4599866605018,599.727542792396
411.21952976661413,20.63243530117863,0.06653606588570933,-0.04505608355496342,14.117720944423331,1.1176726850196563,-1.2134732256571523,-65.15223363826993,-34.033093171783,-0.27542131296110073,-0.11316749034513761,0.007722166912179362,-0.022046324508533447,0.009091973079284747,0.08098958657216487,8.082384977442576,-16.728068468800007,6.854319597424543,6.870535295878382,7.724150445941542,8.058057146400534,0.007722166912179362,-0.022046324508533447,0.009091973079284747,0.08098958657216487,996.7836653994048,-9.665412723438749,1516.9124772018777,510.46339907903416,131.06842937546267,4.062739448899753,181.5930516104845,466.41294930125565,-1517.7983199110008,16.78047527979203,-2046.9874347115563,-646.1375049562058,6582.752016810889
412.9299799650681,20.749315995738563,0.09999783970088459,-0.03465007802830271,15.323397458972128,0.642917609532344,-0.47061385897675523,-63.495843017842276,-34.48635426329031,-0.3713592646170204,-0.09849553869864777,0.01804436036437966,-0.02780156977711376,0.059195093835063654,0.09206830474989591,13.650791029394036,-14.742942362620973,6.543859933008996,6.580122396638648,3.5448341432305996,3.6872239279892227,0.01804436036437966,-0.02780156977711376,0.059195093835063654,0.09206830474989591,824.8485577998574,-62.164833934693775,1610.7209095813498,723.7075178467987,268.31799646859076,33.72961625845616,1736.371326096109,955.9414936896421,-1267.638865229117,105.69885329330583,-1321.8758472954435,-513.7731427615009,41465.92173953042
414.6404301635221,20.85619433008326,0.09950759996772361,0.009964665676251856,16.914078731581263,-0.262549913094406,-0.07488933615873558,-61.89699968807777,-35.11608355146104,-0.3974157302824438,-0.08298549934087829,0.043866714131048534,0.032952381040981304,0.07419406808216564,0.0792067378366939,15.624470596510545,-9.276426681436968,3.6706883876451,3.6312174660604257,-0.7015623158340174,-0.7271107865247656,0.043866714131048534,0.032952381040981304,0.07419406808216564,0.0792067378366939,642.243501317038,84.12460676446648,1524.108044790282,965.9891502377106,660.9335428152718,72.97855876606846,2083.1417026528316,1410.3608834119073,-705.1550277700209,-103.18883694688327,250.73080696277358,167.55673332855136,66770.21939557392
415.1381616761113,20.885224562470583,0.09640095185145843,0.022651026446943664,17.364766347605308,-0.47423064708289464,-0.23524051955406333,-61.44189673634068,-35.31982542435872,-0.39896377822694057,-0.07793877878100204,0.053649058470805824,0.051800954493338165,0.06759041408056805,0.07671323956637288,15.64035026000533,-6.836482161068985,2.284590447172876,2.207335370049591,-1.0108773601984318,-1.0467135765136297,0.053649058470805824,0.051800954493338165,0.06759041408056805,0.07671323956637288,577.0967971711913,165.7778704556357,1460.4336141640492,1049.1146874484934,749.6159559825321,217.1777480779656,1995.484053964738,1506.3675574192648,-406.62722897927296,-118.85991761620426,376.7271452419101,264.9005716320109,72987.02587907235
415.63589318870044,20.913565798937775,0.0946823190362319,0.025972145777058232,17.80866665218018,-0.4827546694760248,-0.34269679568275097,-60.98883323731804,-35.528591682932806,-0.40748061188682766,-0.07237818799250015,0.051802746912593726,0.05256066471711713,0.06097349020966188,0.07140017892485888,15.352084861254864,-5.02698016139157,1.7059324242783387,1.6216795144015272,-0.7783049975356997,-0.8051991527756954,0.051802746912593726,0.05256066471711713,0.06097349020966188,0.07140017892485888,538.2196310813288,235.76991558603424,1408.6117768907282,1106.1620613954335,713.8842982992039,319.84310967970214,1930.243989316818,1584.5492922218993,-298.35402881437466,-126.27589105990896,308.10652014451125,228.19632019233953,76256.76196205415
417.34634338715443,21.00611782975062,0.0999976578105265,0.010412956369357218,19.1806885380929,-0.11443559237226453,-0.45203965097613685,-59.44201251304689,-36.26392590022311,-0.4466565361445963,-0.05189006869594198,0.044415760547182326,0.04356206858577336,0.04666921783099012,0.05890337899203376,13.892833122039667,-3.238766685054937,1.5145644548048678,1.4678436554644565,0.5816983399029767,0.6003390128425876,0.044415760547182326,0.04356206858577336,0.04666921783099012,0.05890337899203376,547.378259589817,352.51692515014804,1350.9253182404154,1156.0639838007464,678.5413060380071,434.66903425650855,1740.615158174103,1613.657549556307,-291.5068851396772,-185.41527311782812,-266.6698437744889,-206.22301338725626,79999.63350568661
419.05679358560843,21.09272427617298,0.09999740697632553,-0.016708319140193745,20.283906581865793,0.18987734993876765,-0.20698835290823778,-57.90957405611661,-37.02475597133044,-0.478073939449745,-0.031157125473434223,0.046942333339618406,0.027278982670186292,0.05372825874527027,0.03928691999436359,11.369019736778176,-4.489085099454072,1.8272748828900207,1.8285496667489587,0.9263154443263648,0.9543574499119942,0.046942333339618406,0.027278982670186292,0.05372825874527027,0.03928691999436359,669.1595836479851,399.07248014364086,1355.037172922047,1084.9500694177027,836.4734836611974,345.384402280731,1807.4720202830226,1279.4135315876692,-410.2323030995141,-290.32877812488425,-386.60484394478163,-382.78792407963346,79998.50637488418
419.55452509819753,21.11710178971316,0.09473504775543519,-0.021095257211312494,20.5486043250141,0.13868257101715248,-0.07818186012940183,-57.46609873532117,-37.2505194657825,-0.48141842580788524,-0.025433318734299184,0.051705061219971246,0.023182366371136333,0.061353543736331964,0.029227419976286133,10.371046573996825,-4.705271026933828,1.6569288250858956,1.6628964619469688,0.5294599116541102,0.5452804458551168,0.051705061219971246,0.023182366371136333,0.061353543736331964,0.029227419976286133,705.3658215844575,422.2718292201742,1344.4159521126696,1061.3219597483865,930.2491755288407,322.54239087780115,1865.4977674797624,1048.8621619733128,-376.53735738602086,-289.23278372857254,-201.58862162879194,-239.19617425743155,78895.65193006865
420.0522566107867,21.14116846277651,0.08601722567142597,-0.0226796783668562,20.80136515703698,0.024668870667967323,0.03479859552544112,-57.02399171175993,-37.47896914913175,-0.4812831865146944,-0.019774458221851827,0.054580606935104255,0.021993018576881976,0.0654592741147739,0.026710710975970667,9.535566291833414,-4.363137433205324,1.279729218079856,1.2840599340332082,0.0017151405560501371,0.0017657609210222198,0.054580606935104255,0.021993018576881976,0.0654592741147739,0.026710710975970667,720.7238720291107,458.2144462957656,1320.636445855536,1058.1270201221907,987.9270081631946,342.2699911813439,1859.2772058529622,985.3905080420237,-292.83629430813113,-249.07878315566208,-0.6135879053645105,-0.7948290728414187,79999.07845467051
421.7627068092407,21.22228007815876,0.03217701117618383,-0.017995167512616733,21.275828245569613,-0.43850787506881994,0.2381934235571774,-55.511959836321914,-38.279657212876785,-0.47024961747882144,-0.0018870842918740373,0.048812745907867654,0.014862807446739124,0.06179787622446339,0.03135731881957748,1.9685437110051478,-0.8066360346303822,-0.5222430172698544,-0.5404250966824486,-1.6008036850033132,-1.6469556497527742,0.048812745907867654,0.014862807446739124,0.06179787622446339,0.03135731881957748,804.3263298307781,755.7948394827683,1046.2892451110622,997.7577547630524,1075.5669582125772,414.97672323242585,1434.8082016515177,978.2575649948405,144.04023334982807,185.38904865042937,470.6151846727647,632.739607006275,75987.1039005606
423.4731570076947,21.302872295168516,-0.03634951503253192,0.0016319481352577187,21.071411580866837,-0.848980993541794,0.4330927374170439,-54.000457664901745,-39.083194831870614,-0.4430667234144485,0.013077098743343826,0.004180150305976654,-0.009776828119681367,0.02256223011839579,0.01880546206701059,-6.69849596452131,5.272175187097732,-2.044710000049463,-2.0824330496737926,-3.074796329128878,-3.164185947919903,0.004180150305976654,-0.009776828119681367,0.02256223011839579,0.01880546206701059,822.1486905548535,1139.3506356959401,652.6594685235337,969.8614136646205,119.76715423139734,-385.53722353129814,429.4917272416667,532.1711268697527,720.5356900545556,999.6591916099101,732.5453175442424,1109.3782231758858,7313.418507018181
423.97088852028384,21.326592702650167,-0.0548582115921903,0.010009263508804028,20.87158591073277,-0.9278589423817706,0.540409516957307,-53.55870377735238,-39.31354421871904,-0.4321652674355907,0.01678716532595126,-0.01885412702865999,-0.022639125538120843,0.002951795019666269,0.00482311000257929,-8.267320976483527,7.295848662928356,-2.2377935312090935,-2.275310458837034,-3.516403199040622,-3.6195603720645613,-0.01885412702865999,-0.022639125538120843,0.002951795019666269,0.00482311000257929,793.7915578134696,1232.748402988002,549.5079778088616,988.464822983394,-486.35737927514185,-883.3783646104924,47.794284567472324,136.32192673003067,713.7586619560377,1083.8741932447367,714.3322243706072,1268.7296502283966,-32054.273893945752
424.468620032873,21.350556817255207,-0.07095054939129296,0.020321477459913907,20.657823872190036,-1.0146159094973108,0.5809046101550612,-53.115209139369725,-39.54028157199214,-0.4185908994697342,0.020418780996779066,-0.038692310947294604,-0.029184941621574784,-0.013632870222446178,0.0008565325581526377,-8.14422668914146,8.859232584265616,-2.602496346761989,-2.645057058259512,-3.8644766085572235,-3.9789727638501313,-0.038692310947294604,-0.029184941621574784,-0.013632870222446178,0.0008565325581526377,738.8829344011629,1271.9012254214413,500.02406798124525,1033.0423590015237,-775.7823246026019,-1067.371656992845,-188.617052558621,23.969901869660436,654.9920531856833,1188.125329752964,675.0349796252386,1385.02336813667,-48725.7453195605
426.179070231327,21.43476840583986,-0.09999622884348829,0.051846207549844446,19.97753963546936,-1.146833521456968,0.6384463851038078,-51.57095843884486,-40.280958539344155,-0.3667539433894607,0.035486045481855605,-0.07847508918320069,-0.02348898917172499,-0.04485207002413712,0.0014710431173970539,-6.690453393155968,12.673388957872556,-3.7499340298588084,-3.8026898480024656,-4.476882889371771,-4.613959766871896,-0.07847508918320069,-0.02348898917172499,-0.04485207002413712,0.0014710431173970539,574.227467907139,1336.7255804138515,403.02947669185295,1165.5275891985655,-757.5547404699272,-796.0726415414283,-393.5268596677018,41.42594208280819,478.70974896221975,1596.7385673029376,507.91115006676847,1625.7997069512107,-45383.46075326636
427.889520429781,21.521753622424242,-0.09088646973698791,0.06904523508676152,19.39089599637763,-1.0335670245554986,0.6306965641412992,-49.98955451316345,-40.94132359254383,-0.31110682375100707,0.05480111428679976,-0.08251986401500239,-0.006672286564808388,-0.049001499036024534,0.0015836710526216603,-5.412890771041997,14.844668496146488,-4.597459491755933,-4.643636275053818,-4.266634103075016,-4.401340319553077,-0.08251986401500239,-0.006672286564808388,-0.049001499036024534,0.0015836710526216603,465.7133387400498,1358.8471127230782,354.0308561043133,1247.1646300873417,-590.8213563975705,-212.10894084596586,-375.60082818637835,49.05287214077217,441.16632196213635,1841.535846871864,423.7013916337824,1697.0767606473808,-29661.67074647257
428.38725194237014,21.547566822362406,-0.08154184849696007,0.06980698066919575,19.23956102292085,-0.9566679190969538,0.6276639267315494,-49.521291058409716,-41.114519669715335,-0.2949923467463634,0.06126459950420598,-0.07853271233090074,-0.005804269210217771,-0.047539650418267985,-0.0027174948078182064,-5.407270266280937,15.312801193928404,-4.761240219343194,-4.801194918843004,-4.069181190245389,-4.198725360964452,-0.07853271233090074,-0.005804269210217771,-0.047539650418267985,-0.0027174948078182064,448.2317347787149,1369.530847934077,336.5436764136997,1257.8427895690616,-555.7746148666636,-180.81714122333693,-358.0307669506104,-87.72765981964174,450.3988066999956,1870.3803890041129,395.9827799018299,1681.7404389740034,-30689.583154670512
428.8849834549593,21.573587043571578,-0.07047267039064127,0.0698122307587041,19.08687307581755,-0.8786147781955432,0.6798966073338979,-49.049860151578244,-41.278406006648225,-0.27803598859996004,0.0676371309323383,-0.07429749026685693,-0.006392359546224685,-0.04624177211965696,-0.004408359876829816,-5.0929882629241705,15.611228041476396,-4.775381324533591,-4.804365044827867,-3.977700001462573,-4.105381018909343,-0.07429749026685693,-0.006392359546224685,-0.04624177211965696,-0.004408359876829816,428.53266668003545,1367.7867174399378,331.4775598967066,1270.7316106566088,-523.3981373120098,-198.65372073429734,-349.8892226515624,-145.66837582177004,447.8123818604245,1867.3841842054042,388.23137921664386,1680.460380376488,-31306.275233390978
430.5954336534133,21.664471792839425,-0.02308610811766771,0.06981283077910488,18.61969474888061,-0.7398862282432478,0.8476436621792114,-47.4057341883161,-41.762858794545515,-0.2082637052539049,0.08696643255974927,-0.06161093738830765,-0.0010880563149185775,-0.041290470125717425,-0.0034674216590817237,-4.014528814612333,16.325017974517174,-5.056279074937203,-5.058705643915612,-4.00671285418661,-4.138598351252156,-0.06161093738830765,-0.0010880563149185775,-0.041290470125717425,-0.0034674216590817237,371.6459608377271,1353.8453893871902,324.9186272329715,1307.1180557824346,-412.4840318746868,-32.191047965612235,-317.25475812994665,-116.92125846767979,446.72774294453416,1880.064700617147,395.90346567925747,1727.9350815975865,-24840.30804827728
432.3058838518673,21.757300026438422,0.02785714012090777,0.06980983957720155,18.22713609493232,-0.7612433437820921,0.9746414417000259,-45.73192205743569,-42.11466004981511,-0.12336764728035553,0.10024412657184457,-0.049731439705386106,0.00378074525936177,-0.03570259597314257,-0.0019785014753878664,-3.1187800629892575,16.871162543580944,-5.553100863216076,-5.546672203899151,-4.426741005908179,-4.575530128422024,-0.049731439705386106,0.00378074525936177,-0.03570259597314257,-0.0019785014753878664,325.8953863301975,1340.9537608530843,320.9771446441469,1336.0355191670337,-304.7525905565343,101.6499395461264,-268.9702841139377,-63.06636224495323,447.57130158345325,1891.0158562788197,429.2144845191313,1817.32009866717,-18452.146674078915
432.8036153644564,21.784615903868346,0.041297442204294585,0.06981269551850709,18.124194596488106,-0.789913979874774,0.9997079387527079,-45.240700372192,-42.19011203166282,-0.09632877271562246,0.10258225292309972,-0.04603425443842739,0.0029023204853376875,-0.03398033623544129,-0.0033040452337689654,-2.926305190758327,17.057825815144252,-5.709347484211719,-5.703638085121491,-4.593469354348829,-4.748704147570561,-0.04603425443842739,0.0029023204853376875,-0.03398033623544129,-0.0033040452337689654,313.62552151505986,1339.9145457650611,317.6615368813692,1343.9505611313707,-273.6987947208926,75.89583450415677,-251.20587205856583,-102.56392465900066,446.23270651056885,1896.8766058614133,437.42702682072814,1842.0692116545642,-18702.547403543103
433.30134687704555,21.812063421400445,0.05390880211543843,0.0698102858689445,18.025297044909973,-0.8255377102672319,1.0350938293199228,-44.74818639148342,-42.25307301577227,-0.06833937067884413,0.10429349093219299,-0.042935698629137556,0.004079546291056179,-0.03248163196187943,-0.002486849537451281,-2.6609658155686953,17.221530415053834,-5.824459517276557,-5.819300803362231,-4.804660137625889,-4.967868618902835,-0.042935698629137556,0.004079546291056179,-0.03248163196187943,-0.002486849537451281,300.41171865446813,1336.5500775106,316.8654869166385,1353.0038457727703,-246.2997922992311,104.24564392613338,-235.6294408201268,-74.69771998006182,439.04785483784275,1895.637488471052,449.6561769113916,1871.5267036721293,-16826.084424308207
435.01179707549954,21.907274566176792,0.0863481366074659,0.06981265089088626,17.71709167278561,-0.9937620732582559,1.1114343628876187,-43.04932028897366,-42.36938649619615,0.03424035172958342,0.10556546328443192,-0.032786830580310976,0.006918074514796111,-0.027203238664381884,-0.0009009638359673734,-1.8735110086394884,17.706983732630935,-6.2247160020385035,-6.230839348706318,-5.58314912065735,-5.775823600182288,-0.032786830580310976,0.006918074514796111,-0.027203238664381884,-0.0009009638359673734,260.98126811072575,1326.3270662392647,314.26863259235904,1379.6144307208979,-164.9055148335017,163.1240122748888,-182.28962910208816,-23.801628214986668,411.453580363497,1888.8690467109739,485.9722090204257,1942.2786482408264,-12064.62654599597
436.72224727395354,22.00379894815837,0.09994778926214398,0.0697712101804799,17.45135819297407,-1.1852558967236217,1.1403912712175308,-41.350476213551325,-42.32452319949739,0.14329441842291155,0.10149510191652146,-0.022431326970739445,0.008730069020411926,-0.0214704828117424,0.0002477781039139761,-1.194458347767417,18.02484026982986,-6.533201640543581,-6.558527935409493,-6.34124682859188,-6.5630427213030575,-0.022431326970739445,0.008730069020411926,-0.0214704828117424,0.0002477781039139761,230.09632626875975,1314.5660548998458,315.15389445977803,1399.623623090864,-99.83097162415753,192.85823442415614,-133.31518130581335,5.758022106025681,382.3026999702805,1875.6042562865612,515.5057771513356,1972.2549322369532,-8509.737061262374
437.2199787865427,22.0321219571606,0.0999993612817215,0.06973959670935183,17.38077523627114,-1.23639260076564,1.144188078292889,-40.857976917567676,-42.28003299885841,0.17560004998295706,0.09964478411218171,-0.01919501412095294,0.00922293901404767,-0.019668870168085884,0.0007735446258299578,-1.0013870699492067,18.076813682820642,-6.58532402262921,-6.616354747945575,-6.538337046084806,-6.767846189433805,-0.01919501412095294,0.00922293901404767,-0.019668870168085884,0.0007735446258299578,222.58111199116445,1310.1778360484727,316.68096996980955,1404.2776940271178,-82.9154760821017,201.1166334888374,-120.11261877139432,17.388079313104384,373.96745721535194,1870.089713524296,523.8970108946082,1975.6542252558263,-7480.435201144296
437.71771029913185,22.06055359938393,0.09852717279258152,0.06976943372876748,17.313641257180837,-1.284758299212061,1.1390323576902588,-40.36701060299032,-42.22124641076194,0.20805386444662888,0.09757924181560193,-0.01604596382114804,0.01025256283609958,-0.017800027386957164,0.001705553547168038,-0.850269722395418,18.11713311337534,-6.641731124746491,-6.679095709825923,-6.706816214376662,-6.943054785962874,-0.01604596382114804,0.01025256283609958,-0.017800027386957164,0.001705553547168038,216.4836208479229,1306.5061751071999,317.64205439926536,1407.6646086585422,-67.47537470144854,220.4023852657315,-107.07401212076698,37.25401770752549,367.1994731612222,1863.818636447688,530.3501529080587,1976.7675011176211,-6151.561084693478
439.42816049758585,22.15906658809481,0.08345224183305183,0.06931124821855465,17.102204006124555,-1.4185880158495456,1.1322935580852302,-38.69664622407602,-41.90808284941308,0.3197942602648304,0.08952924390861147,-0.003549677381031817,0.009963114116538318,-0.008793443696863076,0.002261155998372745,-0.37078086248005726,18.18136381738958,-6.652319274857216,-6.707127248962353,-7.206464702098336,-7.463112223455429,-0.003549677381031817,0.009963114116538318,-0.008793443696863076,0.002261155998372745,199.1162859755642,1293.0032991209873,322.6765640268537,1416.5635771722768,-13.97561526725561,211.64907182299262,-50.953420101028115,45.40795941627554,343.88238974392345,1850.5859168319855,551.9939716566674,1975.2366311300893,-3759.8713690165396
441.13861069603985,22.258798157702607,0.0527133910846288,0.06765519080575919,16.922495697603328,-1.5326227439057551,1.1418722579142735,-37.06562143320243,-41.42197533914988,0.4330651184118563,0.07952322551753103,0.007132833570228027,0.008934526350303989,0.0012331291416910885,0.0025297745989469158,0.12512746435575478,18.153232012128715,-6.446994601670126,-6.515765132130978,-7.6753718456721725,-7.951258315910365,0.007132833570228027,0.008934526350303989,0.0012331291416910885,0.0025297745989469158,184.78734329000258,1276.9817982346065,331.58229082984394,1423.7767457744478,26.769034602536173,194.51841864134602,6.905875992398913,47.01659722346138,316.94033649183103,1835.3336679277297,571.9437600253077,1968.1639738841677,-1809.8173157673643
441.636342208629,22.28804218719053,0.04079858940289315,0.06688644655678636,16.876514346869712,-1.567791783297992,1.1475948702676904,-36.60088151065218,-41.2478927851105,0.4665392410947443,0.07615366956489115,0.00907270021079536,0.00947139080790718,0.0037819646884598808,0.003270460953197972,0.28719112318984524,18.13197643649999,-6.360056284945644,-6.432881992699541,-7.823771423577891,-8.105632159751652,0.00907270021079536,0.00947139080790718,0.0037819646884598808,0.003270460953197972,180.71556039357642,1271.6311674821711,335.1243096198194,1426.0399167084142,33.63007814334427,208.2894433222274,20.94525176311015,59.32201079166789,308.54691928403344,1827.545745702512,577.9076959689289,1964.7715763359108,-850.049413807472
442.13407372121816,22.317421061907435,0.027748874790281923,0.0660617343070824,16.82414697257851,-1.5977286800435229,1.1492793923169047,-36.141440669423645,-41.05943507056234,0.49986802308653017,0.07242813305985346,0.010549983521809577,0.009271498630342876,0.005912092678044063,0.0042735251861511355,0.31143911010278874,18.096266093395275,-6.247970745213722,-6.324729373209123,-7.9494755785804125,-8.236649485748158,0.010549983521809577,0.009271498630342876,0.005912092678044063,0.0042735251861511355,180.22899509176068,1268.9960790580221,335.70559441876924,1424.4726783850306,39.51080633592999,207.4039309105744,32.195437983256,75.81118446574669,305.8570480615323,1823.8665449485022,578.6067318768046,1958.2189783118947,-132.6791291049629
443.84452391967216,22.418958059398783,-0.028965028113576166,0.06591946356567857,16.70524925006609,-1.6906470552503283,1.0624948666688285,-34.60828388439243,-40.300474638363,0.6148048624561667,0.057213029169174485,0.008660880907091509,0.015655825311793693,0.006733224085060273,0.011375758748939584,0.5694576873954303,17.9843797873146,-5.949732822211029,-6.048123974231705,-8.113224078709354,-8.408269172035178,0.008660880907091509,0.015655825311793693,0.006733224085060273,0.011375758748939584,175.24944758525157,1257.2848595823618,342.77744439746584,1424.812856394576,32.93380266273036,359.41991037228917,36.547239373315634,195.11989406312568,294.52902772072093,1783.3818345813927,590.1298915848639,1941.6638359446677,5002.338575493557
445.55497411812615,22.52187696107922,-0.0827498065288367,0.05848103812176225,16.49039923857042,-1.3805060966695024,0.669521287147879,-33.162226625772405,-39.37697082632936,0.7064249216277206,0.03782870012980791,-0.010168623014023903,0.03154630771298826,-0.008277896222707772,0.021678680554829202,-2.408310151960928,17.59863865118383,-4.9468435664112755,-5.050548294858052,-6.263003471681507,-6.4951098144054,-0.010168623014023903,0.03154630771298826,-0.008277896222707772,0.021678680554829202,253.4824441920316,1312.3096291558193,279.45271037064356,1338.2798953344313,-63.33888122784013,822.4627760036697,-47.6152574971288,475.1321472742649,395.72996231764154,1672.8090779111508,470.04129240647916,1847.176778033307,14973.204332444484
446.0527056307153,22.552177105255492,-0.09384677148238293,0.05279222273704988,16.374063671623716,-1.1417367708899444,0.46707977328184347,-32.76085213548463,-39.078817525224956,0.7242091834874509,0.03132368019231175,-0.01998494057394126,0.03768385268191979,-0.016702602709646432,0.024815536949849813,-4.541253109480653,17.380358421379032,-4.360862161724892,-4.45732602057627,-5.0182831148702745,-5.206172586306334,-0.01998494057394126,0.03768385268191979,-0.016702602709646432,0.024815536949849813,308.4924257354834,1354.1867175341558,233.12624972202264,1278.8205415206953,-158.23204803027082,1057.1974570540563,-93.4530777506182,641.5258517419873,441.09007759736227,1579.508419014176,361.55702016553596,1708.3762302288271,19423.80091619208
446.55043714330446,22.582785392406127,-0.09999654035804363,0.04142356768283377,16.132700722441815,-0.7264421583639403,0.2686685210877683,-32.36852024228086,-38.76833574697925,0.7333605868723697,0.023641004499583368,-0.03371552429128508,0.027215302648366017,-0.02818134900271887,0.014094687100278912,-9.280966655277448,17.151202030675062,-3.095746812607881,-3.162249438175656,-3.1762106468131743,-3.2973364140425483,-0.03371552429128508,0.027215302648366017,-0.02818134900271887,0.014094687100278912,423.3978304699833,1455.304861737045,122.87740620105922,1154.7844374681208,-389.24507878698233,1068.5230782511474,-97.88624594369517,473.01444780268116,452.7995327911364,1523.8812719362827,140.6280276646313,1363.1848846665496,13167.445088638566
448.26088734175846,22.69380865217257,-0.06725290082937196,0.011243892242209615,14.719337287916552,0.3659053899580442,-0.0230077907771447,-31.09971314862155,-37.61687258678937,0.7478982621582247,-0.00442523328428643,-0.06412898495925165,-0.03938196268575435,-0.05943747325277063,-0.04515549791806584,-14.255588497625249,6.401763125802767,1.5748497286728713,1.6302770390210404,1.4559280663807275,1.5169978525248993,-0.06412898495925165,-0.03938196268575435,-0.05943747325277063,-0.04515549791806584,840.3765224310162,1225.5404526446043,301.8963308203515,687.0602610339396,-1183.626798920111,-1387.8691753306096,-432.9217224069283,-856.3463904128291,-370.7363502914099,-706.7129165262957,-136.2207749898027,-361.2066353498952,-59241.669556045155
449.97133754021246,22.816743757515795,0.004064108961767746,-0.016819566265706302,13.132506655466923,0.7666001070993701,-0.4075958106048467,-29.885313926882617,-36.408802235221664,0.7216308613550697,-0.035300848091459225,-0.07339487795565633,-0.08553742251634545,-0.046944823835209135,-0.07128576322551317,-10.094791023488282,-5.511282722254939,3.823763668096928,3.9086381797876952,4.460959329370948,4.670406461321944,-0.07339487795565633,-0.08553742251634545,-0.046944823835209135,-0.07128576322551317,1075.3980048304165,743.8100856732598,732.1934175930242,400.6054984358675,-1297.0978305285078,-959.9066482941306,-713.8702318902153,-488.6629455900146,-883.2719335729214,-584.6993095641199,-872.8701970976257,-424.5680565868349,-47759.0065811123
450.46906905280156,22.85529327505093,0.023629920261085825,-0.026777410031450313,12.77549890766876,0.7207928321716027,-0.6679482014407817,-29.5292539482924,-36.06058232939069,0.7035788806806478,-0.044856441799722965,-0.07302708322529222,-0.0823781022142131,-0.02925772101653939,-0.059926666601152465,-8.744225024961896,-6.5161770750825365,3.2573463959130047,3.290678386363353,5.165182317476321,5.414263645478241,-0.07302708322529222,-0.0823781022142131,-0.02925772101653939,-0.059926666601152465,1068.43474171656,676.3870631496106,788.8524989108848,396.8048203439355,-1351.213681699618,-915.5627171264094,-489.95745721064293,-417.3778145844891,-783.1460398418212,-483.53130099342513,-1108.6760196846642,-498.71133417655705,-42779.94592029152
450.9668005653907,22.89471919204035,0.03731570494174383,-0.041757859057792904,12.449420838557616,0.7792517465706725,-0.7144527209816132,-29.165989532547087,-35.72108717700189,0.6760055227038023,-0.05686213316191138,-0.058226263781811956,-0.09027014730586135,-0.013593508091392146,-0.05851660647332172,-7.146779626895738,-8.257129860829533,4.04903588127566,4.088431430340603,5.699775383997711,5.981653306257027,-0.058226263781811956,-0.09027014730586135,-0.013593508091392146,-0.05851660647332172,1078.3317670497236,581.539160546922,874.1282166401311,377.3356101373293,-1182.170074959524,-763.4835086490426,-244.87213294385697,-369.7408617238439,-1057.907070202996,-465.08529029868373,-1316.658615114469,-502.7628401909747,-34330.425241574616
452.6772507638447,23.03761883249403,0.037990070142069426,-0.06980667241826215,11.577651488523454,0.6020036188051291,-0.9167004627832673,-27.832830788199843,-34.640960750453395,0.561164530037189,-0.11537839498239619,-0.012801212296512708,-0.07729904290421448,-0.0051479542135167995,-0.04760416810962932,-4.23874209077798,-12.947005323728963,5.78161296432634,5.737132820600752,5.935885269200838,6.251933176443042,-0.012801212296512708,-0.07729904290421448,-0.0051479542135167995,-0.04760416810962932,1138.7558253256634,359.7955050219703,1071.495888758554,292.535568454861,-285.9378266382833,-413.0589296503584,-107.91508154298677,-246.06678634979954,-1651.5328082829233,-413.76510221551257,-1594.959739621283,-428.2977077267945,-16030.584074477332
454.3877009622987,23.189604337642542,-0.01681092781784193,-0.06981283349696285,10.985576348883061,0.2820131492928919,-1.2704970152489572,-26.353675160585528,-33.787224183272606,0.39660475249184374,-0.17583054864958153,-0.00020541623368510578,-0.03878158667830271,-0.009448358347079426,-0.03495664622194216,-2.847106479491128,-15.23037380127362,6.06796214318751,5.841876294128384,5.8653458507383,6.194995580662481,-0.00020541623368510578,-0.03878158667830271,-0.009448358347079426,-0.03495664622194216,1166.9828305057029,250.64298527205023,1165.1017253087703,248.76188007511763,-4.52798126312498,-190.79382595186615,-213.4917884736529,-166.744764825209,-1716.1085560347924,-377.1003560452781,-1695.6018777123934,-388.68985239655495,-11286.639036871158
454.88543247488786,23.235087497761835,-0.04010871857734192,-0.06609818100212637,10.845961086701084,0.24531050252749848,-1.4180340752324785,-25.8930794893288,-33.598655603795585,0.3358855379291763,-0.18912683457623694,-0.007290767071852541,-0.02964273055377427,-0.002281450762890795,-0.03238986374478153,-2.2605956979789004,-15.3669885967841,5.956046374677546,5.677487447036319,6.269616841182282,6.626263454128352,-0.007290767071852541,-0.02964273055377427,-0.002281450762890795,-0.03238986374478153,1155.4818048093268,230.9224908871097,1181.2750912798056,256.7157773575883,-161.69245221654538,-143.8589617413872,-49.0630895157321,-152.625464102573,-1692.3705060182722,-359.24937917832506,-1736.2503427559564,-412.51506398401693,-10563.538666451203
455.383163987477,23.280801576329466,-0.06180312099731772,-0.06259564236333505,10.757145970451438,0.2574625662728292,-1.4800310308968898,-25.42494026040078,-33.439533665437644,0.269407010856106,-0.1977350001464051,0.006966559658413237,-0.030672692892922914,-0.0059539075794105435,-0.03102707471193211,-1.5248576696788203,-15.590864892418626,6.203652298811104,5.9087501393144946,6.600765618308585,6.979079750618619,0.006966559658413237,-0.030672692892922914,-0.0059539075794105435,-0.03102707471193211,1143.6980027387826,205.66910673210816,1204.2956087165885,266.2667127099139,147.08130088399832,-128.52273283785726,-122.66148037846966,-145.56962672156018,-1685.8726823478162,-324.0311750353423,-1762.4630488193502,-434.40587006162,-7851.954060588292
457.093614185931,23.43976318987579,-0.09999945837398663,-0.04152684534430176,10.522519594238904,0.3525779927396547,-1.6148571555696347,-23.766322482902684,-33.14594691303313,0.02248254042144606,-0.20794625481468074,0.014451068306992346,0.004241378572163911,-0.0017660403077690147,-0.012385884721836798,-0.24684209414665587,-16.089950464951315,6.5800299590610996,6.266230988189666,7.723082708610562,8.17426078200173,0.014451068306992346,0.004241378572163911,-0.0017660403077690147,-0.012385884721836798,1125.6168177765371,157.56029393483783,1246.5940844738784,278.5375606321791,279.5032629425274,13.981646833156917,-31.125202308801793,-54.4077405095596,-1652.4035608195882,-269.9934128641021,-1803.2548645617537,-482.2368166040479,-2910.873631811517
458.804064384385,23.599588083496673,-0.09423120956676673,-0.03947922385000733,10.572901387309894,0.5580134763756411,-1.6841067571266433,-22.09100495460223,-33.25631885137425,-0.24198157287083025,-0.18788356470782092,0.011718928071781804,0.01723336920019645,-0.010854987029334733,0.03207923626162349,2.6311358671678136,-16.09498922720765,6.2236753243840255,5.957381668620053,8.993917261251022,9.514299356019135,0.011718928071781804,0.01723336920019645,-0.010854987029334733,0.03207923626162349,1058.1155779716244,89.75589554127981,1315.635345617871,347.2756631875265,229.73413024015332,33.231667452770964,-161.8061475817821,139.8174294944415,-1573.80872745482,-150.04673882877722,-1825.4720273834937,-571.7461838018554,-1774.085157469305
459.30179589697417,23.645877682113984,-0.08661588786414995,-0.0486574688943752,10.674091717249253,0.6437122449004123,-1.7023860307138956,-21.61173255847261,-33.366502706846696,-0.32015319518231183,-0.1763091004278986,0.019165155546187834,0.0015886863030116366,-0.023378653174659314,0.05065797929004961,4.4335154859894335,-15.989500982657919,5.966897647709142,5.726611360256006,9.412564226367168,9.950940559178289,0.019165155546187834,0.0015886863030116366,-0.023378653174659314,0.05065797929004961,1013.4027293138904,51.38977763000884,1356.503514673816,394.4905629899344,370.33498512598374,1.8549951846552413,-327.09724846272434,221.2987639093444,-1484.5843494203143,-86.97032931222475,-1814.9476585926038,-608.6242199924243,-1054.2537220764932
459.7995274095633,23.691806745876704,-0.08065945877471502,-0.06466108618977523,10.879030857361023,0.7789737137101654,-1.5964574175491495,-21.138536753096414,-33.508724472607405,-0.40056498921311784,-0.16086643369447085,0.011115547889650013,-0.056237509161212805,0.012738722127144017,0.07852192714674358,7.152987668142876,-15.819198268191245,6.30468552490158,6.138408419274487,9.552732551038835,10.088239532521765,0.011115547889650013,-0.056237509161212805,0.012738722127144017,0.07852192714674358,946.2591438727284,-5.507495734150098,1418.5411630343124,466.7745234274339,196.0977058582439,5.444112765071968,182.79003672328994,346.08874240443305,-1438.491484124328,7.943159076558963,-1891.1844386766854,-635.3364983946816,4478.818997360199
461.5099776080173,23.838289555632578,-0.08846938057933895,-0.04780251703628486,12.31089823647514,0.45510390612723395,-0.6646243935672858,-19.60779929704379,-34.22298213787063,-0.564777676091143,-0.10094666495439489,0.024796202170955836,-0.060758122309524605,0.08296351265652359,0.10069632607443638,13.201480375714198,-13.466164942345154,5.302307186722577,5.278049127380196,4.145433356118796,4.353502331813416,0.024796202170955836,-0.060758122309524605,0.08296351265652359,0.10069632607443638,750.591882260279,-59.60382666759483,1511.2796998263655,701.0839908984915,397.69530914848764,67.50840954685378,1669.1963064221975,891.7830717545286,-1090.5383119646929,78.01012581091358,-1105.2280071238781,-526.1664331399865,34598.323302315686
463.2204278064713,23.96750441823786,-0.09999751046231131,0.02772256723581986,14.095361055047853,-0.3567807057983325,-0.01090368167651606,-18.191134824785504,-35.16572065364889,-0.6057188497413523,-0.031547982336866474,0.06894299015513762,0.057164129069667766,0.07516664580232336,0.077953621019177,13.437618224455058,-6.246994568768864,0.35145102150765883,0.28761034927401635,-1.3895520116127809,-1.4504768166940607,0.06894299015513762,0.057164129069667766,0.07516664580232336,0.077953621019177,554.1423085862342,178.29007337435533,1328.2228494336207,952.3706142217418,835.946485849594,260.22877693710285,1822.1702512273714,1365.5800073751357,-54.835486321975935,-16.796672857563173,431.75544891895447,329.0489175485269,58285.605981997156
463.7181593190604,24.0019215172335,-0.09651988675844192,0.05082996001949611,14.535363821465342,-0.54686243988367,-0.09038327657249717,-17.793987675272177,-35.4602629864196,-0.6039496349536141,-0.009786039685136897,0.0812041383005171,0.08096650995711276,0.059269582848406874,0.07587283288723613,12.282187167388193,-2.8326004891487098,-1.8442272710921572,-1.9463263123362777,-1.8699430250882783,-1.9493690968984845,0.0812041383005171,0.08096650995711276,0.059269582848406874,0.07587283288723613,485.8644700861453,315.44024230926414,1205.7331353460115,1035.3089075691303,724.4286869187185,476.60545290392446,1589.9174147142764,1437.3680656774072,215.97987014463834,150.8536448966048,631.8773975184337,477.3473190237317,59254.33291908275
464.2158908316496,24.03550854083345,-0.08644029321570215,0.06064587565928064,14.930064133039572,-0.5161162054750538,-0.11429557238868426,-17.397117828779006,-35.758173886017715,-0.609442853498326,0.013969252703595211,0.07766548455113312,0.06074834711090273,0.07482002131309742,0.07092096596809123,10.695950352691117,-0.47688213246326155,-3.103411892241659,-3.198556924340135,-1.6439079329270532,-1.7118607552988707,0.07766548455113312,0.06074834711090273,0.07482002131309742,0.07092096596809123,459.10975429035364,430.4180028495888,1104.2898031260663,1075.5980516853017,640.5100455683964,557.0497296213128,1541.217547974365,1495.7104329510105,337.0395125544911,379.75779818297866,435.8814095702361,462.5951608404549,60623.84799033775
465.9263410301036,24.14662750657039,-0.019443409912311527,0.06981289006403654,15.794505340565525,-0.3606469755916691,0.341380269019991,-16.020146569602115,-36.77492967677494,-0.598880711140911,0.08027698129343232,0.05738199770729078,0.012262573747162284,0.0791000457617448,0.028700384353927327,5.241644264852075,6.213529508152975,-4.857363791950313,-4.867432525580661,-2.1220569257492072,-2.2048480884380472,0.05738199770729078,0.012262573747162284,0.0791000457617448,0.028700384353927327,402.0205588829997,775.8593590429473,789.7571627387845,1163.595962898732,437.33575085713915,225.84220277647188,1122.6364008266257,1016.2931937264176,485.46100716430004,1137.1510431337022,392.8846288360628,958.1158300882104,39272.96591943549
467.63679122855757,24.25337968046601,0.05649775373256502,0.06758944915795752,16.151088723197265,-0.5005462237076099,0.9857582581232083,-14.603621403576255,-37.732674287750896,-0.5297519427979861,0.11412269797457586,0.0406661533462951,0.008402546620384872,0.04940573800005073,0.002023811354331242,2.517015911948377,11.65676788709009,-5.3839085052750715,-5.3398364615020855,-4.107106455382069,-4.263322592767991,0.0406661533462951,0.008402546620384872,0.04940573800005073,0.002023811354331242,309.2467949120163,1010.5796066311558,568.2935032756108,1269.6263149947504,256.2683571485645,183.97359557420532,604.097345145712,65.179811882534,442.75350497286337,1485.552636739283,647.005666427017,1704.7408640928927,11230.479539900705
468.1345227411467,24.28405550950506,0.0725402008362955,0.06981172792385205,16.207217151508676,-0.6667123079652102,1.0876473941033826,-14.180382285850424,-37.99124440082812,-0.49620074401902425,0.11623664909084562,0.03950592791880883,0.017934881265483465,0.04230662165784692,0.00743461684489814,2.7505642538748534,13.181037402656129,-5.787008445711691,-5.753811004925257,-4.909037123993442,-5.09480720864292,0.03950592791880883,0.017934881265483465,0.04230662165784692,0.00743461684489814,258.86906297230865,1051.909990999884,529.0767459228937,1322.117673950469,201.06844360160406,371.3914267283819,466.6041962319627,213.151707188795,386.30385826888136,1527.1152709142473,700.5439762154072,1838.1321067398308,13506.748571014139
468.6322542537359,24.314505659940703,0.08502799442335165,0.06908064143283943,16.26625258284286,-0.7842946172068221,1.0816968035363863,-13.75201173863339,-38.239423850934415,-0.46297871210246033,0.11695986423716458,0.038566602465883164,0.01682737506101881,0.03842195621889336,0.008794558188542459,2.7331793940779683,14.314593326824083,-6.255477079423936,-6.238581503654041,-5.280938451804937,-5.479881111386743,0.038566602465883164,0.01682737506101881,0.03842195621889336,0.008794558188542459,226.25184013681962,1087.4934882300372,495.7242567021027,1356.9659047953205,163.5387687207062,332.5070717013135,390.5579793588522,239.9630756109485,349.9614068926253,1592.2088310704937,696.3901322369867,1894.474588210569,11419.96855090482
470.3427044521899,24.418213240662805,0.09999951755095224,0.05702958345723598,16.466586962511755,-0.9588448865163263,1.0238495916046766,-12.231593111702523,-38.99665389335878,-0.35388229024230483,0.116332040674974,0.042388571946367276,0.015604446694451865,0.04636042231247001,0.009488573972086774,3.143558697432631,16.471457946207895,-6.988079803891694,-7.000159349638022,-5.673922962023848,-5.884826453478401,0.042388571946367276,0.015604446694451865,0.04636042231247001,0.009488573972086774,155.299204976343,1146.309236781248,444.5398140269754,1435.5498458318805,111.78060686168034,285.37918791369856,385.3254475453382,251.06911861070432,246.21775455984394,1675.7654983342038,618.588601834742,1987.2127662681087,10019.779455717642
472.0531546506439,24.52041424097588,0.08852695654091505,0.045337682603616286,16.748992503215526,-0.931047145674677,0.9767280510403746,-10.642023855091907,-39.595184938378544,-0.251738589052891,0.11523106298861563,0.05092342959960813,0.013351940212295212,0.06942987957133503,0.00840741980208507,4.468599894550004,16.97141682918508,-6.9599221611163244,-6.973078895236534,-5.3796239744540895,-5.576293229333455,0.05092342959960813,0.013351940212295212,0.06942987957133503,0.00840741980208507,114.07776250045038,1135.1679651158834,466.5973675485526,1487.6875701639856,95.06931818267113,244.56298546213463,523.1552768229039,241.810225721482,174.5224979836188,1670.1502252435296,540.1381536537463,2032.712150116806,11457.371347604134
472.55088616323303,24.54986000447216,0.08338536070287933,0.044846034193926104,16.862742041906284,-0.9137307814821861,0.9779279080516492,-10.167552888088368,-39.73756505688175,-0.22315170425015424,0.11563884205215595,0.05312602959518692,0.011558048597437401,0.07563254157590703,0.008583914510032035,5.060989630594925,17.000368929081947,-6.919736610636586,-6.930481457843552,-5.289620494244746,-5.481711142225217,0.05312602959518692,0.011558048597437401,0.07563254157590703,0.008583914510032035,101.29496479036158,1124.127078870664,482.0876416281042,1504.9197557084067,87.49406055852192,212.2425810438843,561.7150853217728,253.22638762870048,153.23375159829496,1662.2654523740391,526.1598137238528,2045.3569673667025,11706.16359014057
473.0486176758222,24.57912078355227,0.07865289593935737,0.04705346958049289,16.987679647873883,-0.9283525435738615,1.004917555408574,-9.688991850880344,-39.86653766361149,-0.19301180599046722,0.11574633343717776,0.05520512877774203,0.011118421275022904,0.08233415842692408,0.005963504606422403,5.946224652308773,16.96975479770362,-6.896716329716308,-6.906322747844877,-5.3609021049781065,-5.554092546945912,0.05520512877774203,0.011118421275022904,0.08233415842692408,0.005963504606422403,83.58645234899444,1104.5766583595926,506.5597827545226,1527.5499887651208,74.4669273807471,202.3118192975567,599.6426640018533,176.16288889009462,125.25394547638298,1640.7029112914322,526.9487094013133,2076.8590315039646,10781.709583460994
474.7590678742762,24.677364670085705,0.0760607588373402,0.048740940390584124,17.712583794602125,-0.796369675280056,0.7724397258926674,-8.019156715699786,-40.20036242886873,-0.1047630050106008,0.11653282719282794,0.061217679700192686,0.011313160708027613,0.09108356806178644,0.023242860458634745,10.265497507024932,16.568810027809235,-7.1355695261115315,-7.15150959495041,-4.222104513683627,-4.36826414033503,0.061217679700192686,0.011313160708027613,0.09108356806178644,0.023242860458634745,7.274708832355827,1004.1419567864984,636.2678764357848,1633.1351243899276,6.825811993896597,183.4240858280645,821.4877504511861,846.2539611523508,10.797509776137119,1521.8326298313457,513.0196808334337,1976.5507316048656,25646.188834253375
476.4695180727302,24.77086556814434,0.08931378164258856,0.030552761591243788,18.80241316077321,-0.36656745785393047,0.41963226544787396,-6.324731335367739,-40.38278069634199,-0.0478002427340907,0.11720075767497458,0.06588099544709335,0.016129545186287557,0.08476234801123518,0.056082720360941175,13.745737411901814,14.350831827672197,-6.751977733282208,-6.753183374798799,-1.967860448536624,-2.032162001717128,0.06588099544709335,0.016129545186287557,0.08476234801123518,0.056082720360941175,13.69874609107552,877.120694070031,809.6007053828403,1673.0226533617956,13.940344332851106,246.16884971638677,1158.306162904409,2051.4744273821875,19.368495459715156,1345.9930142988503,353.09321317490384,924.5222750229241,57321.13057625415
476.96724958531934,24.796964354907907,0.09514475681724356,0.01950976390485615,19.170634246369353,-0.18264298719072464,0.3664021588522066,-5.829776801392046,-40.410815637882386,-0.038517703609974335,0.11722920687766059,0.06706060451261506,0.018771014560709873,0.08141687840530974,0.06383597982406093,14.07161713372281,13.108862076132077,-6.34398049376193,-6.332028408506807,-1.2818499346576437,-1.322937615804872,0.06706060451261506,0.018771014560709873,0.08141687840530974,0.06383597982406093,51.14339072551007,839.8418693556055,863.1516374030355,1651.850116033131,54.41131929444412,292.1627986372745,1258.0185111550795,2170.9430576459954,69.4973595758773,1279.4408180749663,257.94086359557593,563.4960718731422,64130.7897843749
477.4649810979085,24.82258290354522,0.09999442400037545,0.009154126572261391,19.53484682925711,-0.04274299030775591,0.38899226629803463,-5.334293077363517,-40.42994721191281,-0.02926015639059365,0.11692180234158767,0.06850487046425734,0.0252385540848769,0.0800600528111265,0.06727182873295179,14.262663614149565,11.871183071643195,-5.874108561851296,-5.848159331268704,-0.8994501015555046,-0.9277396107068175,0.06850487046425734,0.0252385540848769,0.0800600528111265,0.06727182873295179,91.72029253878736,805.9534558574854,913.4454616902665,1627.6786250089647,102.60375968815772,397.96934688215345,1336.9182250189444,2186.2827446749893,118.26904738426984,1191.3549072238156,194.8613266878874,379.16843002081737,70073.40812251606
479.1754312963625,24.90721459660472,0.09534836235646796,-0.01400429175545316,20.737691157834096,0.03273579800484376,0.5448629738355938,-3.630381384255167,-40.44504322637095,0.010613379198827905,0.11375324439444014,0.06786567620877043,0.03152188304618064,0.07574549853110121,0.06259045422701512,14.049496741479011,9.304521835747193,-5.176028565560343,-5.136325946769267,-0.9356715451482739,-0.9633676958358512,0.06786567620877043,0.03152188304618064,0.07574549853110121,0.06259045422701512,201.0466264762727,760.8558741146164,1014.9169483519195,1574.726195990263,235.65042510154998,506.5903732192833,1466.8889053902403,2116.8345497132564,239.39042606736535,1059.444773841723,233.283790658655,407.2138562903405,79998.77127172562
480.8858814948165,24.987358014259204,0.0575772984809929,-0.020138977988277396,21.834757925303954,-0.2553746465563149,0.6329778392982937,-1.9246203037509673,-40.393565466105194,0.05828615490157531,0.10788376897250465,0.06385653348449334,0.031503762000304185,0.07042225838008814,0.053226967816783564,13.338267667717924,9.289551615026172,-5.459171682756922,-5.438884379486447,-1.7920180046484118,-1.8423347872424574,0.06385653348449334,0.031503762000304185,0.07042225838008814,0.053226967816783564,244.45190980204876,803.3604697804831,1026.765085912413,1585.6736458908474,269.6470932110781,509.928873495052,1428.7618991189609,1965.587769938693,306.68528314096875,1133.935856868896,466.15362392673006,843.0509353903645,79999.4712727847
481.3836130074056,25.009984379293154,0.04034363084307963,-0.019145460590945303,22.128452134120273,-0.3578674715891849,0.6103973853608814,-1.4279036547918644,-40.368314523652984,0.07274319552983995,0.10577575278657299,0.06305416712360878,0.033770334853017725,0.06839297553857963,0.05354140878947779,13.197272680750974,9.752999953987256,-5.6583086330125605,-5.647160376823087,-1.990289120160828,-2.045412300901811,0.06305416712360878,0.033770334853017725,0.06839297553857963,0.05354140878947779,241.06612037682254,827.8581837241552,1017.2934096211704,1604.0854729685032,259.1742920630542,538.5702822460569,1396.7321865045956,1955.7836437639937,309.8918071818958,1164.6899936523032,520.4150091490915,927.3812955541057,80330.95477496815
481.88134451999474,25.03232415282134,0.02188935054585747,-0.018117884389268056,22.41572157286251,-0.4358047354448074,0.5701824762563251,-0.9311345595883078,-40.33787582117463,0.0861453435411346,0.10373215579351941,0.06187890089844642,0.03572277215048333,0.06317427649980728,0.05119827121806479,13.041982169084543,10.186513414949037,-5.8284839826537045,-5.825339520350109,-2.091484986439314,-2.1486534177201166,0.06187890089844642,0.03572277215048333,0.06317427649980728,0.05119827121806479,238.8552940532084,851.7298201757621,1008.3133273885871,1621.1878535111407,250.00154876248968,563.5781419804352,1356.3004398669184,1928.717211287336,314.06268188008266,1192.738657727369,571.5803099699823,1002.1082363520437,79999.2223878426
483.59179471844874,25.107102764141136,-0.040865119021412606,-0.01581458149847266,23.35722659180552,-0.4211224712192784,0.3646376129433364,0.7743750297463484,-40.19235099603931,0.12116184955234756,0.09687606870150113,0.05702561111438505,0.04072887300915649,0.03883179903071403,0.04441783953295526,12.555586033298253,11.328896922657862,-5.824908479476595,-5.832106956501827,-1.6293275348554666,-1.6720602356600018,0.05702561111438505,0.04072887300915649,0.03883179903071403,0.04441783953295526,240.09658541965365,921.7029457250194,988.4925439134076,1670.0989042187734,239.97797744173076,667.2287221374488,1116.737967018849,1958.0845647278395,325.62597096617316,1243.1298652815558,580.3084436487088,900.1583867220534,79999.70591862506
485.30224491690274,25.179040274865528,-0.08733855161695132,-0.015783074925529782,24.238647308606915,-0.06596798210075255,0.15831228306714568,2.474260107138165,-39.98670100577736,0.14001450266245882,0.09019300968201843,0.05372165836932413,0.05154357374802962,0.013352703546531631,0.049493490686889935,12.131735811585925,10.675850700349637,-5.009652974766861,-5.005658754839193,-0.40931478116241804,-0.4196600841044935,0.05372165836932413,0.05154357374802962,0.013352703546531631,0.049493490686889935,293.22723486352135,935.5428803060452,1023.4742368687243,1665.7898823112482,306.31143388433,880.9565869538387,519.625405862279,2163.912192861277,374.7110502193047,1109.30742103651,193.63593368864716,224.21582124823172,79999.45615892584
485.7999764294919,25.19948598133007,-0.09493880726635262,-0.016270029602420865,24.48586054592138,0.08307623730562316,0.11757706292045406,2.9672795277131647,-39.91617885988121,0.14264074873968563,0.08826476473732182,0.05357928350349536,0.05736841096562851,0.007376259164366434,0.05505440834150637,12.01814257596879,9.912411007966712,-4.635745799888615,-4.62520258232541,0.004298927908089597,0.00440647505271927,0.05357928350349536,0.05736841096562851,0.007376259164366434,0.05505440834150637,325.61572533218003,921.9988008528219,1051.0360846144054,1647.4191601350472,351.71351787406644,962.7278968171872,303.74013163934194,2203.8662090727717,397.3626579335527,1007.2184243740338,-2.1466578025396315,-2.1724889204419897,79638.8441503203
486.29770794208105,25.21972229283947,-0.09999862472066301,-0.016703261479822866,24.72821250479372,0.22858687445368012,0.09886615021646386,3.459665019980279,-39.8416222788664,0.14455504949643758,0.08645369094193259,0.053456940239179754,0.06000658191334152,0.004892468062090721,0.057144457291986604,11.908700096015783,8.967901164858619,-4.239171136995013,-4.221481490712447,0.3669136211990134,0.3760014398081121,0.053456940239179754,0.06000658191334152,0.004892468062090721,0.057144457291986604,363.2868208213241,902.8431884260411,1084.0718910966616,1623.6282587013789,406.17906087970516,1007.5510315835176,208.7556304257482,2182.808099693179,418.60751523303804,918.1363775207769,-189.58708897432444,-177.58256110018337,79999.48150369708
488.00815814053504,25.2877928261311,-0.09879666213223527,-0.0124228042996349,25.53019587816847,0.5213919547249124,0.14115184586184315,5.147484375750267,-39.56213567512393,0.1525906852638567,0.0806740489626862,0.05236492613628476,0.06672546523525552,-0.000818960752052951,0.06265932493728517,11.559579032192712,5.707641590796043,-3.2018422613032183,-3.167792282000998,0.9400882026917797,0.962628810223237,0.05236492613628476,0.06672546523525552,-0.000818960752052951,0.06265932493728517,492.158042175057,835.559949456009,1198.2617122549818,1541.6636195359338,592.4857204694082,1074.5522411993877,-38.27961656710492,2079.8678753434674,464.82876555970745,659.5466908009162,-530.2089265673535,-399.66103501124525,79999.59628574368
489.71860833898904,25.353796712457243,-0.07561666262203783,-0.0016934107276307408,26.288754265403785,0.5239198742816706,0.20634336239189188,6.830783825825945,-39.25734529083604,0.16391841883525307,0.0755295411807475,0.05082594708478318,0.069872667767006,-0.003690915305657473,0.06513950880905227,11.246302999344303,3.439128352784815,-2.823630318490148,-2.788633968932619,0.8217154187316765,0.8408435031080302,0.05082594708478318,0.069872667767006,-0.003690915305657473,0.06513950880905227,589.7870263440869,796.7031784785783,1282.8628182335938,1489.778970368085,717.0954915272088,1070.0842948788334,-186.71082077622088,2035.7274617065132,507.8295383848214,552.9319342774214,-499.78535958961186,-330.1058815605926,79999.33525569557
490.2163398515782,25.37265525932295,-0.066024455461835,0.0021726483228447367,26.50215623351648,0.47591240428674475,0.20290299694434796,7.320156047630186,-39.165919522790915,0.16802745146132306,0.07414189018356332,0.05040562718806312,0.07012971818794328,-0.004281723567573761,0.06520643524384481,11.160757206707725,3.155782733710946,-2.8648488687832514,-2.8329216769231294,0.7176540086814652,0.7342242139052196,0.05040562718806312,0.07012971818794328,-0.004281723567573761,0.06520643524384481,606.6324008568648,796.5009818603004,1296.1754548383772,1486.0440358418125,731.2085252214227,1067.4194710814277,-220.0287820439529,2037.687231437919,529.5156715734662,558.6176602825362,-443.0758224937554,-288.1886603232356,79890.88365043902
490.71407136416735,25.391363567431245,-0.05558461192244462,0.005622241867101475,26.711851020151876,0.43145849001441466,0.19269256107579488,7.8093372191799055,-39.07336567789946,0.17181668223831625,0.0728007229262559,0.04977169991948036,0.07024591195513817,-0.0046764946452507086,0.06523001111153193,11.077427905667514,2.9862924137245277,-2.9112456082547964,-2.8823920604772217,0.6327694719868473,0.647264085090103,0.04977169991948036,0.07024591195513817,-0.0046764946452507086,0.06523001111153193,619.9403849849637,799.6115318602906,1306.050841843605,1485.721988718932,738.8910513916688,1067.9148413008936,-243.0941193809475,2041.7525021268207,550.3810677818597,567.9548247014411,-394.96913827811863,-254.42407296476588,79999.19562086728
492.42452156262135,25.454586658420865,-0.015058166976374915,0.01236630989258729,27.407459388378168,0.34489079741089557,0.12363814254895149,9.489183255210174,-38.74815439112213,0.18183810177631732,0.06852785843214593,0.04737152321229949,0.06918988670092319,-0.006348984261247739,0.06452775848718442,10.805389665259664,2.8621075256413984,-2.997480870996976,-2.976751485018264,0.5365263613648434,0.548501248649791,0.04737152321229949,0.06918988670092319,-0.006348984261247739,0.06452775848718442,651.1561033532965,823.3556305158535,1326.1170955428117,1498.3166227053687,748.6824524199748,1085.6506017213615,-335.6595225465333,2059.2696311720615,601.9892432731903,604.8167212226309,-340.3299093290171,-219.48222319821414,79999.45686687938
494.13497176107535,25.516260083508396,0.027551385638088174,0.011049004296679639,28.067714944218697,0.3694799623154901,0.05237402053037971,11.166855259551124,-38.41249011774099,0.18728510674973498,0.06465407615334413,0.04440194764993884,0.06656064497077319,-0.008099461447037755,0.06297715032310378,10.548619653867732,2.847064274050997,-2.8689743183518712,-2.8507730262372584,0.6730989192123985,0.6877642530516727,0.04440194764993884,0.06656064497077319,-0.008099461447037755,0.06297715032310378,678.157807238107,849.4522528173737,1342.6460662561428,1513.9405118354096,759.0816558998068,1116.6952668695499,-429.47646475979616,2066.7930523375776,620.6595978255415,616.4916186080967,-428.1770366839491,-282.360806441881,79998.95731534473
494.63270327366445,25.533935281015275,0.0393799676230742,0.009124348760007398,28.253841189263554,0.3991306197152353,0.04069044900067417,11.654587076641288,-38.31296761511364,0.18802472781700572,0.06357896370624211,0.043388421144569526,0.06562802775401133,-0.008546224237910021,0.06243515583096874,10.475469172171454,2.7503350450597273,-2.7731276079168916,-2.7543065813888834,0.7443846900073094,0.760494843799329,0.043388421144569526,0.06562802775401133,-0.008546224237910021,0.06243515583096874,688.6580805803954,854.1327841178733,1350.1650328242579,1515.639736361736,766.5546018121917,1126.1465724230338,-453.74222744195123,2062.9550127697926,618.8457588399102,608.0348757414736,-474.10213835786465,-314.1455637973591,80054.52145410923
495.1304347862536,25.55149269566631,0.05068788302999183,0.006838599363774771,28.437350166846322,0.4292949071769126,0.03286494158919551,12.142108550352557,-38.21264240806851,0.18863643158695137,0.06252055130094877,0.04259902745049712,0.06477046807335725,-0.009092161345393935,0.06198369273626619,10.402209884485163,2.622209189209935,-2.6710840439828756,-2.6514959513408294,0.8105311179240523,0.8279580378672747,0.04259902745049712,0.06477046807335725,-0.009092161345393935,0.06198369273626619,700.0609758252153,857.8269501842924,1358.5777566663553,1516.3437310254324,777.3102693951415,1135.0580213390601,-483.42480734987396,2058.0210888033594,614.5914810206087,596.6793949204722,-516.9479555614679,-343.5174408539285,79998.99575019917
496.8408849847076,25.610971828046175,0.08238249413738119,-0.0032301184250420243,29.04944484391908,0.518090639875012,0.026748704803931093,13.815852603756342,-37.8627473176663,0.19034716450619643,0.05894836392212088,0.0396191107780784,0.06194897454134897,-0.01040519711924334,0.06022757417342987,10.14796033941371,2.0015313116775486,-2.3222040590236968,-2.2999999169719105,0.9751659815590296,0.9956849575245365,0.0396191107780784,0.06194897454134897,-0.01040519711924334,0.06022757417342987,744.417377558831,864.8400878812488,1392.5139105985563,1512.9366209209743,812.987227133086,1157.3206559186317,-559.9697845069268,2034.7293807768299,597.2867101486509,548.5372749692549,-629.1703484659323,-419.54474641381773,79999.1261784632
498.5513351831616,25.669214419164977,0.09878540711114053,-0.015020513447892158,29.63351265720728,0.5652911397738233,0.033722616842501565,15.487691698214586,-37.50680234507009,0.1920419870383703,0.05550605508177536,0.036906587418426576,0.059216131859207786,-0.011187210633584679,0.05814047535875499,9.871912958066165,1.3166378054176782,-2.0439876650408944,-2.0205564510687237,1.037238106750818,1.0586280156484642,0.036906587418426576,0.059216131859207786,-0.011187210633584679,0.05814047535875499,790.7127132549924,869.9286076635933,1427.3127203475674,1506.5286147561683,842.6970434078723,1168.8521695050495,-613.864757119819,2010.8461364853736,582.012606292288,506.6322100903197,-681.6901681223904,-455.4781253052294,79998.6512322165
499.04906669575075,25.685947472975272,0.09989885709563813,-0.01845404766681369,29.798337058933644,0.5677252720359747,0.03462387531357944,15.973943199295478,-37.40244388322893,0.19264308388360166,0.05453422836880355,0.0362954559328654,0.05841767274513173,-0.011379132901396541,0.05746835876282669,9.784121779529134,1.1457015304162275,-1.9884471922048244,-1.965149804246442,1.0350068572214162,1.0562315037894903,0.0362954559328654,0.05841767274513173,-0.011379132901396541,0.05746835876282669,803.4086963908707,872.3401603696321,1436.3010520876787,1505.23251606644,850.2935329214868,1170.8716740404484,-628.2455581386898,2005.2946557811167,580.2557034625967,499.70092931866554,-684.2021284648205,-458.0696836789109,79970.02439343426
499.5467982083399,25.70258883296413,0.0994086980449759,-0.021845541838379695,29.96062741132381,0.5679846393654366,0.03504529579593548,16.46013717315868,-37.29781156778732,0.19322754373169443,0.05357622744589302,0.03549649501073162,0.05746468499095317,-0.011401578460692624,0.056540956020092806,9.69006034298945,0.9933302252921127,-1.93848468060293,-1.9154151994902724,1.0293976310603659,1.050391789590941,0.03549649501073162,0.05746468499095317,-0.011401578460692624,0.056540956020092806,815.640412736063,875.4044130676876,1444.5231999741077,1504.2872003057323,853.5934594625579,1172.0283756761166,-633.6263186748371,1998.3502050829904,579.9442316268884,494.92067812288366,-684.7375420446677,-460.81059955203733,79998.31355637645
501.2572484067939,25.75912190336227,0.08454188359258749,-0.032072842031094,30.499658724674788,0.5533522928151487,0.03447614973953194,18.13098149647481,-36.9367926800866,0.1951931159279144,0.05044560654561909,0.033072721416269026,0.053789077163205475,-0.011320133262350813,0.05295374481503061,9.315444122710078,0.6252312210464106,-1.80700558994094,-1.7853066894772576,0.9849085236181588,1.0046371588761738,0.033072721416269026,0.053789077163205475,-0.011320133262350813,0.05295374481503061,853.8019786920917,891.4191959583551,1466.4350149684433,1504.0522322347065,859.2576969429863,1173.94821516777,-641.8352942623683,1971.9909332002085,582.00487561109,491.1303685703236,-667.6992541049037,-462.0600668165213,79998.91636496456
502.9676986052479,25.814718487573153,0.05372111943997125,-0.038457588835855504,31.00484270146483,0.5244839053601917,0.03382266363444046,19.802191787856444,-36.57409936567171,0.19709214702869346,0.047489192751755165,0.030703258876583893,0.049735714672924,-0.0108410282698691,0.04904133153243547,8.794727396353135,0.4739436394138709,-1.7089163410006394,-1.6889785165067726,0.9170267642143439,0.9350939077418577,0.030703258876583893,0.049735714672924,-0.0108410282698691,0.04904133153243547,888.0573599626305,916.5723161191013,1477.4408741903226,1505.9558303467934,853.4113455959691,1174.720352265934,-623.9757155576484,1936.4682316338253,587.0200804209567,500.15597424849517,-630.5838654478848,-453.5952539791484,79997.83599292758
503.46543011783706,25.83073552343714,0.042594993922490366,-0.0392873807487863,31.144568162814352,0.515252578753207,0.03418785741767118,20.28862974042996,-36.468350765753954,0.1976322461464921,0.04664732989978458,0.029940505324301727,0.0485308904770562,-0.010598367299738575,0.04789712740467959,8.603265622428395,0.46611328269853,-1.6814293527563864,-1.66198859534038,0.8956783688513844,0.913245106532882,0.029940505324301727,0.0485308904770562,-0.010598367299738575,0.04789712740467959,897.6839202863663,925.7277607660795,1478.3912659225007,1506.435106402214,848.5352647653675,1175.156242840122,-611.9567695889411,1923.700326995274,588.3679795237555,503.77311496457827,-617.7650862759315,-449.912225262234,80021.86896414819
503.9631616304262,25.84668413411439,0.030979378522564025,-0.03968138741078731,31.28000373281811,0.5050401099226208,0.034811399604051635,20.775085579543124,-36.36250725802553,0.19818976333261534,0.04580815504420404,0.029363066205374922,0.04755640826896268,-0.010553142110464793,0.04705205882702906,8.382552593027633,0.46960947756508065,-1.6551651110241619,-1.6362351841499374,0.8725341600518461,0.8895723034421817,0.029363066205374922,0.04755640826896268,-0.010553142110464793,0.04705205882702906,907.5352798053458,935.7894698605011,1478.1684899043514,1506.4226799595065,847.1438127123445,1178.3498574948965,-610.2450773379106,1913.6971994719872,589.1268376864768,506.8170404705859,-602.6431463177353,-443.3092162202492,79998.07847806928
505.6736118288802,25.900988923679087,-0.009100476371313731,-0.03795300991685552,31.711857229257546,0.48386186616314525,0.018490960934991182,22.446707298010715,-35.99804941610379,0.19975522306453639,0.042843601177750455,0.02684416915690832,0.045647864599046156,-0.010943229531251616,0.046286714778414804,7.389050014821932,0.5506517350731678,-1.560928948402134,-1.543715080138726,0.8430432164737767,0.8592793142077855,0.02684416915690832,0.045647864599046156,-0.010943229531251616,0.046286714778414804,943.8523322203268,976.9824531404315,1468.633295100476,1501.7634160205807,828.4888738219532,1211.395703346102,-628.2438898936439,1899.2730523915081,592.4930822990007,510.35750971872335,-578.3021411383388,-431.6295499438565,79998.21539285853
507.3840620273342,25.954616826633405,-0.04453739626794959,-0.03414862443919967,32.067671257825,0.5143081321280751,-0.02412967922384247,24.1179024015397,-35.63243450022654,0.19972534402343867,0.03976652891114601,0.0243911621711542,0.04555325309369864,-0.012328463088741524,0.04753014340783085,5.774307654812588,0.5271094286404093,-1.4042459534826384,-1.3875984095150475,0.9397525147158322,0.9576477552180706,0.0243911621711542,0.04555325309369864,-0.012328463088741524,0.04753014340783085,995.5281793862732,1027.241870630093,1444.7836139284568,1476.4973051722764,819.4577629182379,1281.5140772711559,-686.2272160652227,1879.65139698641,578.041469024883,485.19727871970315,-626.0481095142851,-464.8078270610592,79997.2387503225
507.88179353992336,25.97011417957037,-0.053057721669714716,-0.03315862577871794,32.15241384924741,0.5385120031137589,-0.041039604697310855,24.60407383069378,-35.52581960986108,0.19921930202754917,0.03885234178879818,0.023857649760702357,0.04578805899531776,-0.01294666865726979,0.0480242566155338,5.139434770876052,0.46088258087972916,-1.3366270243352425,-1.3197344290147806,1.000631262045281,1.0196346194911956,0.023857649760702357,0.04578805899531776,-0.01294666865726979,0.0480242566155338,1015.6154239756424,1043.3445577674147,1435.0142596154362,1462.7433934072085,825.3021997039989,1308.7542526928323,-710.1154558305005,1864.9883477593974,565.8079831745463,468.6049528203859,-657.3873273735552,-486.5770989731887,79973.11652593443
508.3795250525125,25.98557763571212,-0.0608005829044235,-0.03229410196772044,32.224300711834275,0.5686630740262995,-0.05777090835926622,25.090205680860837,-35.41913613011731,0.19849103457577422,0.03793395410692372,0.022959076395031287,0.0458591881103335,-0.013278240185996278,0.048422910622381514,4.383682917682898,0.3612548505189034,-1.2577505615755036,-1.2403986297760679,1.071865069328098,1.0921747867056693,0.022959076395031287,0.0458591881103335,-0.013278240185996278,0.048422910622381514,1039.1190130494772,1060.8540156261517,1422.890450595622,1444.6254531722966,823.0174980673354,1336.270874561637,-716.7463261820789,1842.596036747687,550.8476450186961,448.64821181413765,-693.6030966236478,-511.3547792887383,79995.24289992377
510.0899752509665,26.038482728299574,-0.08096556168839074,-0.031166522678329242,32.37118640282595,0.7131336273950872,-0.10098259445819774,26.760558553190037,-35.05223035054784,0.19406790935000945,0.03493478323338074,0.021126117113132697,0.044786811276215005,-0.014136691461385645,0.047554022826426345,0.8450209607153014,-0.36581670408332956,-0.9007180336441617,-0.8799540120066957,1.3725900232152701,1.3984747828981978,0.021126117113132697,0.044786811276215005,-0.014136691461385645,0.047554022826426345,1150.2048777608554,1128.1954099449329,1366.5908940510358,1344.5814262351132,871.4432195013566,1425.2007768442386,-710.1355920432454,1684.184618154162,451.14793463986706,346.07714800767815,-829.7231087290764,-611.3865499309298,79997.1199492813
511.8004254494205,26.09134666957611,-0.0927675026858115,-0.030900938898672795,32.26182790308753,0.8400023839101098,-0.09280918297624717,28.430993501605894,-34.686519904480676,0.18871892276161661,0.032252964564153115,0.020181008268240028,0.03946757850725136,-0.01255234170956972,0.041373357093942915,-5.236912574546084,-1.4322748140290709,-0.5081101741247235,-0.48275592195002803,1.5903420661752306,1.6204318331865804,0.020181008268240028,0.03946757850725136,-0.01255234170956972,0.041373357093942915,1322.5615279278807,1236.388299447454,1250.1724223184146,1163.999193837988,988.9300828345051,1483.0071278083956,-567.1561439197546,1357.5584006558804,299.95298954881207,222.09160190332565,-869.1075254403037,-656.4036652280491,79983.92764235925
512.2981569620097,26.10678269151057,-0.09493500539615593,-0.030611078760831762,32.16288530518763,0.8584189235868066,-0.07528375491761444,28.91718006916403,-34.5806333137384,0.18737341440142272,0.031546145018488854,0.01987433519390622,0.0367074703323703,-0.011255379220159336,0.038230825809771746,-7.688178813268433,-1.7581602479522358,-0.4049500561024871,-0.3783285678625026,1.6063152155287062,1.636801255327718,0.01987433519390622,0.0367074703323703,-0.011255379220159336,0.038230825809771746,1386.9320591955448,1281.151839318749,1197.9907343874802,1092.2105145106843,1030.8206595506333,1480.041276656644,-488.23249933227686,1219.3488267171901,252.3162060282659,186.00002978674738,-844.1967023999022,-644.1805537070984,79332.40983941266
512.7958884745989,26.122275361645166,-0.09668198166518455,-0.02980072443121289,32.02367278917403,0.8555311367396949,-0.05392823730098291,29.403439337419623,-34.47511638407283,0.1865343126167996,0.03089203614577932,0.016545541692486544,0.03218495770842496,-0.01319905651281239,0.03331912866018825,-10.615278758651298,-2.0366649131906085,-0.3346140051724481,-0.3072497881771336,1.581989413001966,1.61214602926243,0.016545541692486544,0.03218495770842496,-0.01319905651281239,0.03331912866018825,1459.7301656786071,1337.1936320585442,1131.5501694457398,1009.0136358256768,932.1573556987895,1429.214583294295,-535.8066818158633,1034.6657785352645,225.48209340763393,165.41902157071794,-780.2798750121402,-616.9836042682933,67034.40441153476
514.5063386730528,26.176298447757024,-0.09984483929329163,-0.027031192867140525,31.186355270052452,0.8194057405263366,-0.04929811764473788,31.075188074266652,-34.11591285941263,0.18372430753171376,0.02893517712172299,-0.007595721972694424,0.0036968137585293467,-0.028027435218848623,0.007844890891865464,-19.518526683704103,-2.510161572829897,-0.24292540952425917,-0.21521903587063498,1.5525370372101446,1.5829351725681344,-0.007595721972694424,0.0036968137585293467,-0.028027435218848623,0.007844890891865464,1655.5351303955922,1504.5105332864878,902.6396303795915,751.6150332704868,-519.3323676007616,228.74011355452973,-819.2589546609753,211.73013922264073,196.55647940416085,158.50150730930883,-559.2620193009557,-525.7867894103468,-50619.334084168666
516.2167888715068,26.232175064047645,-0.09981978300054922,-0.024525867400995698,29.946719065071395,0.753711397874191,-0.040091592232457215,32.74820240124434,-33.76244623812303,0.18120926470437665,0.02723315695828889,-0.036933903228938116,-0.03089914032161788,-0.04686053028804528,-0.022133470287577197,-24.034702857664133,-2.5261801835247537,-0.19709034352618487,-0.16927889926911352,1.4797489693614954,1.509934882676354,-0.036933903228938116,-0.03089914032161788,-0.04686053028804528,-0.022133470287577197,1720.7784450561865,1568.7900836011434,750.1678788384958,598.1795173834527,-1999.6054933036494,-1645.060337071634,-952.8760633451612,-445.57878710483243,128.18864095009343,108.2365896338926,-377.6016201202392,-377.3985483248092,-170916.6899766568
516.714520384096,26.248903420968063,-0.09944148332234479,-0.023891650469995158,29.53929409181811,0.7311109800678868,-0.015685137445135177,33.235305396253686,-33.660753910704486,0.18056680442491918,0.02674894065932748,-0.04372730845773296,-0.039493526365731,-0.05147401848947195,-0.030047916377907317,-24.03708830231847,-2.49969948280017,-0.15457032269004548,-0.12606591081770588,1.4242308685001985,1.4536901069654824,-0.04372730845773296,-0.039493526365731,-0.05147401848947195,-0.030047916377907317,1706.500124066212,1556.1049816299703,734.6482341917285,584.2530917554868,-2135.068569280236,-1872.0548376076713,-977.1525129583554,-560.1808977675139,91.40938082296913,72.37019367169326,-340.81423386372165,-337.76488622912035,-182811.08842519973
517.2122518966852,26.265859511317718,-0.09896265051978889,-0.022771967059671924,29.132360287863897,0.6914417993834487,0.0010383849941368575,33.72251474717422,-33.55952824833903,0.18049604035478156,0.026273092139849973,-0.04930684623558026,-0.046118210654277014,-0.05586713139974641,-0.03706534615309686,-23.942217138475733,-2.4631995397418063,-0.15796851794374556,-0.1297044744703617,1.3442684132894362,1.3724674578346059,-0.04930684623558026,-0.046118210654277014,-0.05586713139974641,-0.03706534615309686,1689.8155528088753,1541.6164400045748,721.3516865478225,573.152573743522,-2198.0994420406323,-1978.4994230266195,-994.4231569955155,-640.9445130574926,85.95030756420006,67.92216678661907,-302.96248826985254,-297.0334829841645,-187564.55771399726
518.9227020951391,26.326022751486665,-0.09755708642891717,-0.01765809362146764,27.717943231704435,0.5058964231510287,0.060334194183296525,35.397767581067455,-33.21600619861911,0.18216821585609036,0.024593924107177537,-0.06209588074219768,-0.061164627221363545,-0.0673815126710976,-0.05500967534930003,-22.94872341885535,-2.0321901624615757,-0.2706731225905867,-0.24555668669613084,0.949144741956372,0.9700863701077347,-0.06209588074219768,-0.061164627221363545,-0.0673815126710976,-0.05500967534930003,1608.3735338134145,1486.1062248653132,683.28471886377,561.0174099156686,-2189.151447462909,-2044.0500001947335,-1006.2258430278765,-785.41443177339,118.88787109873464,102.36322224014984,-181.7178108430029,-175.74880447842315,-182763.5649851325
520.6331522935931,26.38932834420535,-0.09726218647946552,-0.008958451474046778,26.324911739379814,0.22686314701322655,0.15414069808573733,37.0743144134151,-32.87814719716428,0.18881701378793686,0.023168903954595588,-0.06931632734107333,-0.06886609257168823,-0.07325176853803028,-0.06250193076172461,-21.002126518749783,-1.0724812330716116,-0.5593562604800799,-0.5415001998099452,0.2590496129673127,0.26507222172970835,-0.06931632734107333,-0.06886609257168823,-0.07325176853803028,-0.06250193076172461,1491.2893010839057,1426.7631574743077,655.0167307734345,590.4905871638367,-2056.2592280132067,-1982.3388899232377,-989.1150258195945,-870.7485369167082,209.6255753849534,197.00441422587312,-45.145264690757166,-47.13253938428577,-168904.68302973188
521.1308838061822,26.408379336254818,-0.09752379643785625,-0.005448255590912469,25.932234977982127,0.12486869972519977,0.1938713503338635,37.562386429971895,-32.78069690030883,0.1920639980048242,0.022862487355178384,-0.07118347318042609,-0.07059414271572631,-0.07388213117869236,-0.06255131134772841,-20.271853234583567,-0.6835149219400894,-0.6797780048274784,-0.6649043905385199,-0.019760393376510362,-0.020226845215409007,-0.07118347318042609,-0.07059414271572631,-0.07388213117869236,-0.06255131134772841,1450.8083707432886,1409.684497753835,648.2150459930441,607.0911730035908,-2005.0949295204782,-1958.4113194247384,-981.0667476160796,-895.4258628668816,242.8416602126418,233.88088865687195,3.3893776130345783,3.6939146571725594,-164517.5882780957
521.6286153187714,26.427711160005078,-0.09787192674680097,-0.0015909567219227145,25.546144465589432,0.016258731912502544,0.23640192458729342,38.050485223869316,-32.68326390218579,0.1959197492183771,0.022645410370636315,-0.07277141742537743,-0.07161302750562369,-0.07414023019318837,-0.0624177152127754,-19.4809971248632,-0.2503821438017795,-0.8190672857982438,-0.8076018285028205,-0.32591451841304525,-0.3337253508179382,-0.07277141742537743,-0.07161302750562369,-0.07414023019318837,-0.0624177152127754,1407.9223892368207,1392.8580751303996,641.9115720694115,626.8472579629904,-1949.07788917665,-1932.5323789665952,-971.1095681898815,-921.5180720949927,279.2097722545065,276.9467010297284,55.17427029848418,62.82628510091566,-160059.3945442233
523.3390655172253,26.496368766945178,-0.09999693842554103,0.019841923431743146,24.336647064476914,-0.5090943086059325,0.42709845713525046,39.72813088583905,-32.3488156589745,0.2193362790586632,0.02355035706814954,-0.08189743508264619,-0.07765586572213211,-0.07058615664154,-0.045294977020019604,-15.460777463160728,2.1015759347115677,-1.694692049137993,-1.703385298117931,-1.8692175626157506,-1.9162358263015935,-0.08189743508264619,-0.07765586572213211,-0.07058615664154,-0.045294977020019604,1208.1343005568829,1334.5762245626697,629.9807696965677,756.4226937023545,-1659.2924933003537,-1803.7442898984477,-908.8572759583383,-919.9743644004818,445.9871099993213,509.79186968332664,311.12346412137026,488.702367741434,-139904.93955535194
525.0495157156793,26.56813428796546,-0.09998623578148608,0.04669892508653101,23.368110016425206,-1.0559579725906598,0.5233454019383622,41.40423277673884,-32.00396608748367,0.25398566725983496,0.02936732961551588,-0.09254221094684038,-0.07195666621409745,-0.062065490863489274,-0.012995865004457019,-10.683860064137134,5.886391544334085,-3.1688056989196705,-3.207769346155225,-3.4269318886936846,-3.516595988880283,-0.09254221094684038,-0.07195666621409745,-0.062065490863489274,-0.012995865004457019,955.1908428453945,1309.347292785495,601.4400005941413,955.5964505342417,-1256.003741281256,-1601.2434447564071,-758.5697873931234,-354.11374689837436,574.1357956692243,922.987502697476,542.20317107329,1189.8429417657712,-103147.28853287673
525.5472472282685,26.589538054435817,-0.0989105565419007,0.05417230495626877,23.14265973940636,-1.178908356047552,0.502909584361895,41.89130238992292,-31.899598870507578,0.2653299907139781,0.03242493653087587,-0.09514266066307529,-0.06514752585429939,-0.05901252839371699,-0.002744686320966089,-9.388538796202669,7.274762676545178,-3.7006178410509594,-3.7493958545149093,-3.7247329902163777,-3.823106490725452,-0.09514266066307529,-0.06514752585429939,-0.05901252839371699,-0.002744686320966089,876.8511496281485,1314.539350332685,584.0450165757877,1021.7332172803242,-1129.6251131246406,-1495.05470909406,-704.5672601297736,-77.80256988845018,591.4188293630133,1108.9297617929572,575.6255237645387,1345.8028607215135,-89202.1630124988
526.0449787408577,26.611132264303045,-0.0969081142517204,0.06016577587749316,22.941552635628206,-1.2561307303738394,0.4858123092750876,42.377699120767524,-31.792078585079736,0.2761359490715909,0.03615199118270583,-0.0956774578175855,-0.04903828864322176,-0.056136930790691576,0.0026219774772304914,-8.284483216977932,8.704312589347749,-4.155758264048294,-4.211410120483888,-3.917384643925935,-4.021732711018062,-0.0956774578175855,-0.04903828864322176,-0.056136930790691576,0.0026219774772304914,802.488617697662,1326.186102412138,561.6127895344891,1085.3102742489652,-1016.0302140072467,-1268.673524723646,-651.8445747100055,76.2440318472709,597.0028273059286,1386.3011419391805,588.4921105600616,1453.5557875773682,-76104.8752602553
527.7554289393116,26.68667441167506,-0.0792617550351443,0.06981199917559953,22.360345323487458,-1.226160314921243,0.4741302877116005,44.04236401243172,-31.3884715407369,0.31147386998843646,0.05256922020241848,-0.08093833509895368,-0.012397318856781466,-0.04720598796385626,0.0008850454936266936,-6.103277226735782,13.004326565541588,-5.099036452969886,-5.156226846597545,-3.921813770555545,-4.029031270422512,-0.08093833509895368,-0.012397318856781466,-0.04720598796385626,0.0008850454936266936,606.70129015203,1389.1103595499042,468.0472342245964,1250.4563036224706,-719.9412857254621,-361.92180639892524,-497.91617071961116,29.272093682586863,609.0115333073294,1896.4685729639793,532.1312271073751,1649.3362403975211,-45797.388736533234
529.4658791377656,26.76403566435471,-0.04577123480234086,0.06981294167062246,21.894978358885364,-1.0045853439841463,0.6033448419211815,45.688479420901444,-30.91449637186579,0.3522888756954304,0.07015289508378063,-0.059742294331935515,-0.002486881102978975,-0.0406186200973644,-0.005903325811191459,-4.910521426039863,15.785564347644332,-5.297486683644155,-5.3332831788913895,-3.6637547938163975,-3.7661181762742775,-0.059742294331935515,-0.002486881102978975,-0.0406186200973644,-0.005903325811191459,483.24571272646284,1432.9887577748161,400.2014447250219,1349.9444897733752,-507.96894563414446,-73.18112392040608,-398.2883037443198,-217.61215497849813,594.1113238268447,1979.4272666551983,459.53938189244724,1708.0622765186736,-37842.53418709527
529.9636106503548,26.786842611093668,-0.03320601850134223,0.06937622538979117,21.77109815346629,-0.9540713479874329,0.6801786173497524,46.16250982961639,-30.760064003419064,0.3667462239131418,0.07465758031004358,-0.05597247945418811,-0.004197998580326485,-0.039305405801234594,-0.003904288227137776,-4.4654326398459405,16.2025967977195,-5.263383666999079,-5.291158982776854,-3.6908745144807544,-3.7945861930769325,-0.05597247945418811,-0.004197998580326485,-0.039305405801234594,-0.003904288227137776,457.12405540893354,1431.9579784452806,394.93707841237045,1369.7710014487175,-467.01819134387347,-124.26396448431956,-383.19386950903845,-145.50987332726407,577.3441330685619,1974.0742994080447,460.0477371809436,1739.369620492378,-36075.15559387475
530.461342162944,26.809772661471538,-0.020131674450064422,0.06954490580590562,21.658017449586133,-0.9300529627555179,0.729889018496695,46.633720395820724,-30.597957404867156,0.3829766296637174,0.07877446377165585,-0.053149784509568636,-0.0002666137042416123,-0.038009523048532015,-0.0025258788636046184,-4.113537897816065,16.597193265701343,-5.332221168025841,-5.355413708157086,-3.736636213891707,-3.8421820788898993,-0.053149784509568636,-0.0002666137042416123,-0.038009523048532015,-0.0025258788636046184,434.165663348177,1432.7405970201257,388.43928945132876,1387.0142231232776,-428.3333933659594,-7.818099005598327,-366.34892490704664,-94.53231226016527,564.2737705651853,1981.391497154117,460.33998258808083,1768.8481406453145,-31204.27604074063
532.1717923613979,26.88934745944802,0.025764211844014742,0.06981299276700907,21.31026862767866,-0.9310998134518257,0.8616824944500341,48.22788922531879,-29.97771968730992,0.44653184984388217,0.08908400331279012,-0.04234214533113323,0.004761797712104968,-0.03268565198140087,-0.0012846919334755654,-3.190844408680351,17.616986967848973,-5.643934765112135,-5.659479306443425,-4.039558041694232,-4.1554908913132875,-0.04234214533113323,0.004761797712104968,-0.03268565198140087,-0.0012846919334755654,373.26071685941633,1433.1918336027268,370.5991015272,1430.5302182705104,-306.86190738562874,131.88146537872854,-301.75714874134223,-46.76739836282575,535.4601120303141,1989.966827923967,476.7691580652351,1867.9574999760719,-23042.20897186548
533.8822425598519,26.96996785385157,0.06621726652561485,0.06981212069389461,21.01205940576406,-1.040207057935984,0.9616908718891559,49.775023241601694,-29.256205826606507,0.5202468995422905,0.0931658172133108,-0.031963929933024465,0.005747727067433115,-0.027180693547213166,-0.0009711376700267539,-2.44633497207653,18.310300892058734,-5.95167997766852,-5.969606031131037,-4.5721340481745525,-4.705111140109956,-0.031963929933024465,0.005747727067433115,-0.027180693547213166,-0.0009711376700267539,327.69914435922385,1429.3436938979644,359.75965895057834,1461.404208489319,-208.1822043363568,150.12564767853272,-236.06850196196476,-32.56901299239614,506.87716058867784,1992.1810370251603,509.21284963675527,1965.8495981776996,-18562.889571059335
534.3799740724411,26.993594968514127,0.07566305616857333,0.06980149508719705,20.93200510187913,-1.0882289352293015,0.9902112073599532,50.21487726566256,-29.026581799290447,0.5432505249716949,0.09313088358118062,-0.029427517508622703,0.00698412390283904,-0.025764085883139505,-0.00021115008428041957,-2.2132295984012464,18.487244174748646,-6.016589060392259,-6.036546436948348,-4.77081196391706,-4.9100508904323155,-0.029427517508622703,0.00698412390283904,-0.025764085883139505,-0.00021115008428041957,314.9728432847078,1427.263236608428,357.93247313122515,1470.2228664549455,-185.0585573005353,179.80739909406626,-218.70480334081512,-6.852824237744993,494.69567704068373,1988.7360734869533,520.1772680035631,1992.488414812548,-16405.991262515814
534.8777055850303,27.017296335120676,0.08387924966354679,0.06981268277916763,20.85545579814285,-1.1429138403651045,1.0107298082156346,50.64967306323952,-28.788117614608538,0.5669257077694587,0.09267103228717115,-0.026658950921434752,0.006718258746861752,-0.02405920365324697,-0.00042028851470455626,-2.0120050712467767,18.642330488249506,-6.093863602792388,-6.116944503146939,-4.973110720803358,-5.118733321944791,-0.026658950921434752,0.006718258746861752,-0.02405920365324697,-0.00042028851470455626,303.7488779128679,1425.370084148045,356.10302088502783,1477.724227120205,-162.1012325766763,170.40446384462774,-199.55833847707783,-13.177362652872429,484.49285512364565,1988.623432946431,530.7193396387872,2014.4200641119585,-15704.465131456529
536.5881557834842,27.099267097803402,0.09999961089002392,0.06981230970619302,20.61542876955455,-1.3683567303626765,1.0680792783698463,52.10176348184805,-27.899998597425345,0.6524031185308439,0.0880731967628034,-0.01736579395654943,0.007133589317698067,-0.018473952651265228,1.1341014295751742e-06,-1.2104230396661677,19.05792069718466,-6.324149614295294,-6.362198134831608,-5.749480947425937,-5.919524836864171,-0.01736579395654943,0.007133589317698067,-0.018473952651265228,1.1341014295751742e-06,266.67824722777175,1413.3035585955763,356.58542393098605,1503.2107352987905,-93.04316037849574,172.14767331283292,-141.2435514539173,0.031081427195157687,443.33445112094574,1978.041758439559,569.9983145612257,2068.7721127335994,-12117.11607419624
538.2986059819382,27.181996339973995,0.09478740695117802,0.06890173867253917,20.41861874323891,-1.6141761709106026,1.086088393563434,53.482000706293896,-26.905715508475918,0.7417778106832073,0.08022731318577164,-0.007344595396164278,0.008732142399860917,-0.011262252850942674,0.0018471304577698465,-0.31593772481195725,19.29352959577871,-6.5239104100676775,-6.581826662984224,-6.509606331384184,-6.703629083654878,-0.007344595396164278,0.008732142399860917,-0.011262252850942674,0.0018471304577698465,233.868056176114,1394.668845079164,365.82179489134444,1526.6225837943944,-34.3242339131654,200.5037933371344,-80.77947457904169,44.405563199941895,399.4962900905983,1956.5729187811658,610.737798293536,2089.5893623649285,-7472.876681546734
538.7963374945274,27.206203359572434,0.08878189033593606,0.06830612772405684,20.370880774351047,-1.6824454430799742,1.0803800911120327,53.86889437442902,-26.59647527594982,0.7680511810749561,0.07760209652331942,-0.0040906677453097446,0.009255092251434647,-0.008473071422156243,0.0025877078541498033,-0.05277767547508473,19.328628369052154,-6.580251430529258,-6.644522093878215,-6.700423126394898,-6.90050071799175,-0.0040906677453097446,0.009255092251434647,-0.008473071422156243,0.0025877078541498033,225.48407425825224,1388.3965910078364,369.8279858168513,1532.7405025664357,-18.357150887548116,209.40150694261789,-60.02732982039833,60.22276165590556,387.17346406261015,1949.0475380762286,622.3560581164242,2091.30175091554,-6018.656203813832
539.2940690071166,27.23046625138961,0.08101371507257742,0.06734682503540593,20.326940656541424,-1.7409701293277011,1.072091782432532,54.24878255556311,-26.278444903468777,0.7939890037158445,0.07489034046934666,-0.00050891547593076,0.00922725454716888,-0.005319612479104255,0.0027404769090816003,0.19287853625840112,19.35295809357714,-6.6111245235269545,-6.681145474376366,-6.859160988986365,-7.064333705557708,-0.00050891547593076,0.00922725454716888,-0.005319612479104255,0.0027404769090816003,217.92791284833868,1382.3042345114923,373.8392465124981,1538.2155681756517,-2.2024672415798507,206.82902764148082,-37.34980975517499,62.11007968155499,375.29936444107915,1943.0553510396628,632.6546100191592,2092.505855851186,-5047.941132278853
541.0045192055705,27.314254377728986,0.0385045617532854,0.06408057557740446,20.229144035895988,-1.9216127569923713,1.0353966750885477,55.498199102245025,-25.11830218723811,0.8829507773773845,0.06522040432333749,0.011072319035285915,0.009766992996780566,0.008888662483342493,0.005065412948053032,1.3540046326214272,19.361902124396003,-6.657428215657253,-6.745940215005316,-7.3182563648686765,-7.537930538486662,0.011072319035285915,0.009766992996780566,0.008888662483342493,0.005065412948053032,187.9091112188231,1352.82355308331,398.70420679631434,1563.6186486608012,40.848076999963766,213.06002985742552,61.97422305304548,106.72235996832397,322.8078514504811,1912.2570216567217,675.0537554604149,2098.1077352221755,-493.1679680791873
542.7149694040245,27.39845577466352,-0.01976522000749076,0.060114073202981635,20.225005210360703,-1.9579614598352557,0.9028366345140025,56.65417907430099,-23.85832339309022,0.9652205015380133,0.05517351516496168,0.01793844972435656,0.015015865112187254,0.022702519394413694,0.013419500882780983,2.3322227185486244,19.267261403260527,-6.4949641500040745,-6.595963648189487,-7.1680458636563795,-7.383355660854741,0.01793844972435656,0.015015865112187254,0.022702519394413694,0.013419500882780983,167.46579372610415,1326.68614922806,424.64676088661304,1583.867116388569,59.57543440939298,327.8888750963654,166.68485224991895,289.3848020506234,283.3740400361075,1868.4587605669828,696.6534881994837,2099.3789026963564,8567.879559568904
543.2127009166137,27.42299418021078,-0.03804048089850557,0.058687935236716435,20.2435036226245,-1.9202901962017904,0.8306383703474601,56.97177620568441,-23.473735635331007,0.9866969578449601,0.052210457102744405,0.018376799445638196,0.018127449851784813,0.025593032969882,0.017591704534883793,2.455940256658225,19.222534626482606,-6.386901067260665,-6.489665575072283,-6.921202803783813,-7.129059320070551,0.018376799445638196,0.018127449851784813,0.025593032969882,0.017591704534883793,166.29570527553926,1322.825061315154,429.3790357270782,1585.908391766693,61.41352812024341,398.784834558999,194.57275226028793,392.84910627343385,280.03725907085146,1849.9889220972334,694.5967174840314,2089.9098385072703,12847.16342819388
543.7104324292029,27.447553635022388,-0.05622299717357369,0.05748966720766454,20.277837706392482,-1.8712549953128357,0.7353645994077246,57.28110662882183,-23.081925797013657,1.007027032897602,0.04923170691844879,0.01903283628711206,0.022309017156239543,0.02774589339792556,0.02262596730764484,2.7572723649179345,19.089497477452273,-6.297683163740377,-6.4027194859028596,-6.594457773199306,-6.7923473933046745,0.01903283628711206,0.022309017156239543,0.02774589339792556,0.02262596730764484,163.92937886443724,1312.4545163508221,441.3686631561329,1589.8938006425178,63.345523843649104,488.3375976474695,224.49724967406337,528.0173469535081,274.7300872587208,1816.0711905401056,701.4371497157499,2069.5965808307533,18217.852191757578
545.4208826276569,27.531729037598655,-0.0999994137972038,0.03723289122108922,20.276982925552332,-1.051949072811592,0.22970124369888004,58.27093279522458,-21.68141252432599,1.0460455137535236,0.03877743767704559,0.004750557900783268,0.03407688296289779,0.01782871962630195,0.03336197369662076,-2.1788178487574994,18.392530738469663,-4.609244864661852,-4.681470296662891,-3.366621090694968,-3.468346200742337,0.004750557900783268,0.03407688296289779,0.01782871962630195,0.03336197369662076,301.92787724177686,1408.5198092753235,345.2630282750316,1451.8549603085785,37.00974880296794,979.2739873236789,178.8334202250306,1188.5015826280599,458.62177544152036,1699.2354326001198,426.7687030696671,1529.835832350245,40493.13197615333
547.1313328261108,27.617275355284093,-0.0997391106388106,0.006836215657920415,19.695981977435512,0.19704184311243272,-0.037211224141908535,59.15466349965446,-20.212380601518486,1.0524724337195015,0.02781208809826666,-0.02862180445830459,0.009910987415391483,-0.011289111918910372,0.011741752432189926,-11.994605764673764,13.193266401657116,-1.119006195569612,-1.1042040787294098,0.6381411197546779,0.6580468768302024,-0.02862180445830459,0.009910987415391483,-0.011289111918910372,0.011741752432189926,678.1276515265017,1471.9043408162852,254.85118210576144,1048.627871395545,-638.7208474034453,562.9792341296894,-104.20019190225646,468.9489010237285,309.67285811283875,749.8886341522316,-73.62847889900593,-319.18276508695476,-503.39453825632626
547.6290643387,27.642748753501774,-0.08856381372586314,-0.0011219854221938663,19.34355194968569,0.5325337062832434,0.026682263497059003,59.39326361480991,-19.77489166312122,1.05107480151218,0.024492617689053836,-0.04069249026533679,-0.009863286182930187,-0.021936690006592645,-0.004794803230653543,-14.946405457907947,10.058697520740143,0.21502447739330785,0.2664163422928161,1.4989891130523354,1.5465943993853544,-0.04069249026533679,-0.009863286182930187,-0.021936690006592645,-0.004794803230653543,834.7352353236847,1439.9196811996208,270.82414991301175,876.0085957889478,-1023.8381672091656,-569.2418331688924,-198.24448462870856,-153.1751921043634,-67.15617422017867,-183.67369286559673,-170.0155169584151,-605.0107606089498,-42805.271764883604
548.1267958512892,27.668746219819933,-0.07327501408672485,-0.004300722847123438,18.947594130116315,0.70408520199842,0.047112428668863664,59.6258600795536,-19.334104771907374,1.052839473157973,0.02115975935725732,-0.049657668344732495,-0.03066143412080429,-0.030715109249111663,-0.022120392386694488,-15.427469077523053,6.233350413737148,1.0005512140750432,1.0722815086738908,1.9979619665005557,2.0627371387033393,-0.049657668344732495,-0.03066143412080429,-0.030715109249111663,-0.022120392386694488,952.7501116080809,1327.7814422858203,365.31798522738546,740.3493159051247,-1259.9449840863456,-1334.9187603567834,-343.3377909653983,-530.3455961154726,-317.03016682034536,-566.6835823615298,-281.0396274135953,-612.6965514731228,-70355.10367381902
549.8372460497432,27.7626335922051,-0.010521949697922231,-0.01516801603064895,17.507629299159827,0.926394512655026,-0.16828611963575485,60.4048077122213,-17.809647824478933,1.0479037270473714,0.00947278387629889,-0.0681039424541467,-0.06995595134956589,-0.044601516328468704,-0.05639084576985458,-14.68723771858977,-2.4734067489318163,1.9788011960331429,2.067348334944842,3.3503789500697745,3.4679087909695268,-0.0681039424541467,-0.06995595134956589,-0.044601516328468704,-0.05639084576985458,1167.795741898645,1018.9825094009291,613.0267467279466,464.21351423023066,-1577.261488446706,-1397.4113023137065,-659.9926322719106,-567.4975827183737,-584.8693166436531,-530.0521305796882,-631.0255849259656,-450.6667292351485,-77326.96784663982
551.5476962481971,27.864341395481564,0.04620069910196375,-0.0339053183317284,16.13031788098915,0.9642114212027915,-0.4806865641074868,61.194956615264765,-16.29130063241579,1.0153745152381015,-0.006335749836658559,-0.07701525753767514,-0.08497059085712716,-0.03291497202330099,-0.06409480288569254,-11.475751085430549,-6.68372545902989,2.3091904827414687,2.3835203808714898,4.5102406291088055,4.6818869568126695,-0.07701525753767514,-0.08497059085712716,-0.03291497202330099,-0.06409480288569254,1192.4182424673959,790.2899669158453,787.802834647626,385.6745590960755,-1591.8050385287966,-1112.1666087350297,-589.5282335005467,-451.29487484644824,-617.8503532281968,-410.75688894305,-1028.5123401486946,-434.2332659866253,-63593.6975651136
552.0454277607862,27.895552482393903,0.057469221681824355,-0.042330728501693934,15.776129003276964,1.0127679821787403,-0.5249243297137578,61.435020593592235,-15.854586911445455,0.9987435430847816,-0.01241631365645445,-0.07962379626648033,-0.08958215364753437,-0.024644757009470147,-0.06370939453018538,-10.309311188895016,-7.5114469309856355,2.740311973271575,2.8195696179143805,4.8891581895061345,5.079336985589504,-0.07962379626648033,-0.08958215364753437,-0.024644757009470147,-0.06370939453018538,1183.3454023979602,731.4170250626261,833.5243441016266,381.59596676629235,-1541.9153899279866,-1014.945434102365,-461.9326060394054,-428.90831294696517,-691.7763311474034,-424.63157943700764,-1166.392978839679,-452.1732903766201,-57492.90531235565
552.5431592733754,27.927419230416366,0.06754965361712506,-0.04882206705852514,15.447037234156697,1.0260881639451371,-0.5442824677191267,61.680324347945174,-15.421017354206837,0.9818292810445527,-0.01966033517762147,-0.07351222146259725,-0.09469135898172865,-0.014462231945022951,-0.06232286543347853,-9.151296806679158,-8.424812500538298,3.18673924094544,3.2689690778713993,5.0871619789648035,5.289255273330451,-0.07351222146259725,-0.09469135898172865,-0.014462231945022951,-0.06232286543347853,1177.6216727188207,670.7403916946981,882.2431122062984,375.36183118217593,-1475.9656909299238,-915.8567365256129,-288.13249488279615,-409.17224905178296,-830.220499944822,-424.660053643664,-1287.5722439425476,-459.70489120996814,-50800.884061218734
554.2536094718293,28.04177382739679,0.08061114082215608,-0.06419710972921013,14.54251122355641,0.8955898022810631,-0.6748178100478033,62.586639871117775,-13.964918371558221,0.9126285247115316,-0.0573945839975737,-0.033769032153456426,-0.09187215627203157,-0.0020567319273282784,-0.05305924654829454,-5.784405857888976,-11.78129249727697,4.546013152383113,4.599422826140655,5.2410279033616485,5.462378206617086,-0.033769032153456426,-0.09187215627203157,-0.0020567319273282784,-0.05305924654829454,1183.6004211292066,474.7755502186582,1046.6396910711455,337.8148201605972,-860.539919016443,-612.479616744773,-47.4954319365747,-332.06446880142664,-1465.1265647313055,-415.3995739232213,-1533.3459444526566,-450.1922393475211,-30735.13080859782
555.9640596702833,28.162465417653593,0.056823943924710525,-0.0698126994122429,13.906034091224804,0.6172307547784754,-0.8643391488623431,63.62244314954085,-12.597973152143776,0.8202391518517823,-0.10380742684089808,-0.0038553379612274136,-0.06652690570922985,-0.00453686369666448,-0.042503084750020424,-3.8324704676694714,-14.432433187481896,5.494133811016969,5.473961612529936,4.8846774817653476,5.100795531524663,-0.0038553379612274136,-0.06652690570922985,-0.00453686369666448,-0.042503084750020424,1206.952321836046,338.62080444044074,1161.7225918598235,293.3910744642183,-96.15239672592942,-375.7766292680323,-121.47341802205553,-260.0050393238248,-1739.0749401220517,-411.9131140895247,-1644.0332429783805,-406.4440456533549,-16908.171823149663
556.4617911828725,28.198556827860287,0.04233858645836015,-0.06979773597730592,13.755641574283644,0.531977145985862,-0.9230212845249536,63.95407207406071,-12.223839437061256,0.787865812127067,-0.11683717771097987,-0.0042967599019521465,-0.05661874580802095,-0.004278093156904505,-0.0402548603779201,-3.6177597911673867,-14.875572552678722,5.686546852384766,5.641238181832705,4.75571946794054,4.968540781997871,-0.0042967599019521465,-0.05661874580802095,-0.004278093156904505,-0.0402548603779201,1212.8677784733036,317.8746529898232,1177.6274164312638,282.6342909477835,-104.06569248799353,-319.4630227165408,-118.47804026860675,-244.61190650637985,-1753.9951346241398,-421.3478276730838,-1651.5631309065695,-392.208668096314,-16181.988628092078
556.9595226954617,28.235023537829107,0.025421970323429303,-0.06981257560778939,13.615548616866501,0.4693543784817704,-1.0224247674597096,64.29912138583798,-11.863130896405904,0.7523748808754527,-0.12859660803256612,-0.0017437763562486676,-0.05028685705430081,-0.006538434348464098,-0.03708064967425896,-3.1549109878359767,-15.21371920891314,5.747225250761849,5.673610478744586,4.828055705948898,5.046354048857259,-0.0017437763562486676,-0.05028685705430081,-0.006538434348464098,-0.03708064967425896,1209.9224683231537,294.5846514563132,1196.4550058095815,281.11718894274105,-41.77624614399115,-274.79575593897823,-180.8393054383792,-226.51029272025568,-1755.2623289457401,-408.7213891253971,-1676.2719988554932,-400.0559526594306,-15454.721250417033
558.6699728939157,28.362460954734654,-0.037700358707610286,-0.06981287638030449,13.23705274187211,0.450862708245102,-1.2735433686196687,65.59106354852538,-10.744424656622893,0.6045134602907438,-0.15376945378277745,0.005793487277367334,-0.028736729196118728,-0.004107400765592933,-0.028555451577536587,-1.7710727084730662,-16.09845527425025,6.170230582345602,6.046929230760279,5.6125678183586105,5.8732951112148895,0.005793487277367334,-0.028736729196118728,-0.004107400765592933,-0.028555451577536587,1198.0448342015975,229.47661604835923,1249.7351530591632,281.1669349059247,127.80100285604186,-132.79303683148007,-103.22706296661417,-164.519658601737,-1749.660750321442,-365.8972888749754,-1793.0365437015134,-441.684588284711,-9603.401876784888
560.3804230923696,28.492030383943103,-0.08722772218220115,-0.0665158645466435,13.00666303810348,0.6090240999808698,-1.3902568424683528,67.03013198078969,-9.843635841478344,0.43053875239103767,-0.1579028391788203,0.010730501220488667,-0.010024050203056635,-0.002344211976525729,-0.01648219601995324,-0.3927549074408326,-16.61811407402681,6.617598446264644,6.502045655632002,6.724955812299255,7.042069352747431,0.010730501220488667,-0.010024050203056635,-0.002344211976525729,-0.01648219601995324,1177.6155527453366,177.78191258901273,1294.3934959523376,294.5598557960138,215.29774594273434,-35.825138226064134,-50.05693964682277,-88.37635916971243,-1722.9967689233877,-304.7717397617476,-1864.1425076952053,-498.7857994327518,-5259.859766906044
560.8781546049588,28.529918435447165,-0.09508102794616623,-0.06433249577300953,12.965307528170165,0.6641700404584018,-1.4000569071955915,67.47326547228482,-9.628205583915292,0.37763896292942445,-0.15563596259762744,0.011549984972529041,-0.005583794026083101,-0.005049783030621294,-0.010942613675718091,0.06641357700346331,-16.712875886554183,6.682229028131012,6.575559240834114,7.009265683855831,7.3405817183555016,0.011549984972529041,-0.005583794026083101,-0.005049783030621294,-0.010942613675718091,1168.977830006184,163.442817988709,1307.4826251966963,301.94761317922126,227.6592778703747,-18.284744761138324,-103.38030631682983,-58.25665254726628,-1711.6956137009402,-282.6121846741886,-1873.7849081114691,-517.9284021456623,-5023.8037051886195
561.375886117548,28.567793776382462,-0.09999940300593599,-0.06034789851719398,12.938399416130205,0.6966370435472393,-1.3810600250081762,67.92558365479037,-9.433967830185093,0.32626795872590036,-0.15301250288124557,0.012998915637649685,0.011195570898542246,0.0014566429349849343,-0.006614316725097065,0.2777647227114041,-16.780058416984403,6.7369774211660856,6.63986954451594,7.105810527059474,7.442304566666274,0.012998915637649685,0.011195570898542246,0.0014566429349849343,-0.006614316725097065,1165.597658148689,156.02058975491656,1314.0936965815554,304.5166281877828,252.67097441498376,34.49487697347424,29.499712653622822,-35.17708623437626,-1704.1960296469322,-268.96219611009997,-1882.4301375607315,-525.075829066307,-1884.456971193858
563.086336316002,28.698654847039396,-0.09740428626944928,-0.06133872047920283,12.957816183590271,0.8835451692122814,-1.406634777248694,69.54301895983876,-8.944152723409465,0.1412495911772999,-0.13761915785603093,0.009052070176628697,0.012772835415075344,-0.004779976077370021,0.03288245647169219,2.808037551374532,-16.80743758646896,6.571665293573635,6.508903622840788,7.9642476098947155,8.339750986470438,0.009052070176628697,0.012772835415075344,-0.004779976077370021,0.03288245647169219,1106.7009137148002,95.47656966939479,1375.2228743688825,363.9985303234769,174.70897126700598,24.605809884087225,-86.58617737055594,173.18995009420522,-1644.919461887981,-164.76098299024426,-1921.7739680117556,-594.6398344385277,-1135.5891201160305
564.7967865144559,28.826973549101844,-0.08689486849404557,-0.06920860065363833,13.498360953765197,0.9735438187717921,-1.1832279897206766,71.22318705168104,-8.730622575996714,-0.02784735485126554,-0.11186721726590654,0.008945595804340182,-0.04712942998667198,0.011259507060002904,0.0872293125345679,8.747163165900156,-16.383704921697568,6.304085815795474,6.2992518333554655,7.393632116386544,7.728604411128925,0.008945595804340182,-0.04712942998667198,0.011259507060002904,0.0872293125345679,961.1057181053083,-24.6246275968266,1511.966567341704,526.236221639569,160.49960991481296,21.265676414789475,236.5253800119936,510.45846652657724,-1461.9667270385278,37.843188195672646,-2046.7098863278368,-630.6967277663734,8567.559507336735
565.2945180270451,28.863153977640792,-0.08653704286120394,-0.06981004220610715,13.818871510201799,0.9414045044569415,-0.9982434143542367,71.71732709204913,-8.72057479517509,-0.06860407804143333,-0.102338027172918,0.012954773861949133,-0.07133641834090025,0.0326166677920944,0.10145766472924658,11.231082835516426,-16.150146229290467,6.263742663342009,6.281655364346921,6.588161743360013,6.880284322223867,0.012954773861949133,-0.07133641834090025,0.0326166677920944,0.10145766472924658,900.0683866487433,-71.60983276641889,1569.1409406891685,597.4627212740064,219.581115198083,80.34107789324612,749.1939564678355,642.9336485722542,-1373.4580125054772,95.91709694272083,-1977.6572240470189,-610.8228160709702,19617.424759247835
565.7922495396343,28.89841381306609,-0.08930517811495343,-0.06072691940485977,14.232888634769692,0.7663742186112228,-0.67965853084617,72.21224829242097,-8.731730143509536,-0.09674376337889942,-0.09424763979426544,0.014266536604568166,-0.053542049219962126,0.05408498816365405,0.09910052412948464,12.977352905818629,-15.598969910049593,6.159034525431554,6.191995722731563,4.859796488933755,5.069781335809258,0.014266536604568166,-0.053542049219962126,0.05408498816365405,0.09910052412948464,848.5651527302206,-89.95138400664769,1600.9981786146016,662.4816418777334,232.82653055239535,86.51775191064971,1409.1446117814924,807.27088079111,-1299.3112592557557,133.72551874868785,-1631.6499758905218,-566.1799486195864,32390.619564520086
567.5026997380883,29.01155194245102,-0.09998815158396418,0.004249671153008065,15.83181812187169,-0.09227556490910045,-0.11292937966193432,73.90242431721545,-8.899491415496783,-0.13791905390684694,-0.05561969042094705,0.041339256709519386,0.03842768394968898,0.073177309414058,0.07972162815160792,15.196594559472388,-9.687676665764682,2.5205466003794976,2.4945937870825725,-0.050673830393923945,-0.05264800918363285,0.041339256709519386,0.03842768394968898,0.073177309414058,0.07972162815160792,644.9648074593779,62.10293864312246,1504.8868850518616,922.025016235606,713.9953464656965,66.68031838173955,2079.643133366774,1361.6080763111054,-548.6401698401047,-55.32163975592961,18.290387160498,11.645997397984242,63373.495897736946
569.2131499365422,29.11427840772152,-0.08088636222040227,0.06305222891874934,17.345903551908492,-0.6085854104894438,-0.08319012301505854,75.5842094288737,-9.181761400536253,-0.14266953104687274,-0.0017883858117189169,0.07220897824278354,0.0693007505652585,0.0733357220356632,0.07940616767727243,13.317341293550008,-1.664712935084192,-2.1002419121596314,-2.178351637307917,-1.7886438186783369,-1.8520929266081652,0.07220897824278354,0.0693007505652585,0.0733357220356632,0.07940616767727243,476.2368999330802,376.07896466520486,1249.3705659596653,1149.2126306917899,692.1172787419009,544.3158858836255,1699.7346104351982,1581.5656244102515,261.79357401105176,222.30990690434234,531.6405734480157,478.15097656864003,74543.15518923198
569.7108814491314,29.14259713373716,-0.06379798891910327,0.06801932985857909,17.70335797176625,-0.5553890710418434,-0.12259850253189737,76.07353668715467,-9.2692558909055,-0.1465260074590576,0.01643757172420689,0.07605207527094453,0.04636400865014231,0.08218143665469033,0.08975798407987122,12.331281417468105,0.2942437084204161,-3.0375082430968092,-3.110304138717309,-1.4974698888557143,-1.5495095655770728,0.07605207527094453,0.04636400865014231,0.08218143665469033,0.08975798407987122,447.68751893567725,465.3907767646081,1174.6388113811684,1192.3420692100992,625.4943381952455,529.29586903343,1633.1532271435183,1636.495338236704,328.28441803826064,453.2811110949248,386.5191656586911,371.2117578768127,74019.16970926084
570.2086129617206,29.170430466059493,-0.042987707821642324,0.06981272688646577,18.039071423171627,-0.47962250784834687,-0.01631907121749398,76.56379356074889,-9.356861256106892,-0.1490091386647764,0.03313822869575742,0.0720836079075684,0.027717634349478732,0.08620346943281985,0.09687878798517302,11.395384767638681,1.6991056529183806,-3.439602997659538,-3.4921376662553554,-1.4627244064176663,-1.5125955964351223,0.0720836079075684,0.027717634349478732,0.08620346943281985,0.09687878798517302,434.321566981102,536.5487500657781,1117.4449237609438,1219.67210684562,584.272869616011,403.0280963299845,1562.3719681375364,1647.4537389431391,365.8775650436905,641.4278389178468,346.6274935957636,341.63593414172954,70785.95601163383
571.9190631601746,29.2629548668613,0.032228450033352715,0.06784464142166005,18.899106502299784,-0.499330316112328,0.44329272883735066,78.25157485623502,-9.64151414731342,-0.1288431710712295,0.07223021735191025,0.058776521993870276,0.0024956380319385565,0.08479654719393694,0.06794701308876784,7.4958157370478995,6.160962285044778,-4.511711125978769,-4.523852762461374,-2.402231910529722,-2.4802872187282334,0.058776521993870276,0.0024956380319385565,0.08479654719393694,0.06794701308876784,410.3146612289594,780.9907392052072,909.9730944834008,1280.6491724596485,467.262934516812,49.42397280618566,1258.953923532381,1650.8100495504152,469.1571821115299,1129.5768911602158,468.79793095934514,770.1410627441157,57589.40617842687
573.6295133586285,29.351945549317865,0.08748222205559818,0.062486833181478386,19.394938748055665,-0.8248431193955288,0.8100056529943351,79.94314406856834,-9.874302131504274,-0.07234624447799662,0.08826208413073337,0.04895423820890484,0.010599868126662002,0.06776393441449508,0.019257824088244755,4.692564827106045,10.897573088810327,-5.467167648583529,-5.480163069589006,-4.020192290252689,-4.14714620485294,0.04895423820890484,0.010599868126662002,0.06776393441449508,0.019257824088244755,344.90573997983233,1000.5613770586688,712.4990695125986,1368.1547065914351,321.5767581288791,224.0202257221388,869.5300400108501,644.4676502507715,471.46676626304105,1475.8509530188683,674.2799014780167,1723.472947491361,31213.038432781592
574.1272448712177,29.377423069410003,0.09498424593122613,0.06202041502578103,19.487850310546175,-0.9529465528815118,0.8543525003768321,80.43592622006061,-9.927330892028545,-0.050608736350591293,0.08958932651739741,0.04730897226468377,0.014170978100840788,0.061368840165585234,0.013207018590801221,4.487546924375896,12.48560448106773,-5.803747649265392,-5.824894396590961,-4.458439847022335,-4.598440607045235,0.04730897226468377,0.014170978100840788,0.061368840165585234,0.013207018590801221,304.0132505259775,1055.213255667904,662.051424776025,1413.2514299179513,267.8078387573854,294.0361304269353,751.0057463637291,430.4348812432999,432.82545567728727,1549.10763864894,712.1545124847746,1869.0319099531387,25033.569153727607
574.6249763838069,29.40274968375255,0.09999866965523858,0.06102728048106958,19.578052231707485,-1.0513750028351758,0.8750049879662889,80.92927630772456,-9.972540997054264,-0.028479818411930567,0.09051494610755595,0.04689528328235472,0.015152636827309324,0.05943797713716983,0.014126830562468417,4.414858170195017,13.696434116512135,-6.087115921946955,-6.115390319152414,-4.760987365524859,-4.909700637803115,0.04689528328235472,0.015152636827309324,0.05943797713716983,0.014126830562468417,271.28039268471616,1095.3303130831323,626.0352122587818,1450.0851326571978,230.76770016394676,308.60682474864194,681.5836631226318,443.4206555460722,396.0874156515304,1604.1896358984388,714.0440663482458,1931.9786171122444,23486.563274486456
576.3354265822609,29.488916188244946,0.09999916818943606,0.05599611759557317,19.87186940016109,-1.229263697978567,0.8620729461305042,82.62937306044894,-10.056115432382166,0.04662322528184402,0.09188185613789916,0.04863273726962019,0.015772010414272848,0.06274187957143086,0.01563363308891515,4.497470794785777,16.30241514936665,-6.688308414201023,-6.7323091403894315,-5.168253628968494,-5.327128045736583,0.04863273726962019,0.015772010414272848,0.06274187957143086,0.01563363308891515,197.40133736834224,1178.2408604046168,556.6137659810352,1537.4532890173095,162.32628611929962,307.4895223319549,601.7393065549838,473.4026269088999,298.08328845103864,1709.0391183742677,653.9775331766502,2037.2208709868194,21234.527110062878
578.0458767807148,29.57380470696569,0.08572117274790278,0.050964203784934915,20.18563084961564,-1.2197001434654107,0.8117634053730014,84.33183545484144,-10.020804289590176,0.11794306283110596,0.09240842021887463,0.05273781022572942,0.013669084741589737,0.07408991473545534,0.01559009650222313,5.06429243025508,17.295724089771326,-6.788657594654435,-6.834096494613275,-4.966548166002012,-5.116878822397591,0.05273781022572942,0.013669084741589737,0.07408991473545534,0.01559009650222313,161.0994985482415,1201.7017413047315,547.7794761877246,1588.3817189442145,139.3283229150686,267.35600920163773,646.4873267065831,502.35869012617223,240.53767523728985,1742.71562639638,577.0940574468904,2072.392004169313,21624.94149189934
578.543608293304,29.59827933079378,0.08121660048809463,0.049970568623462185,20.2891289581109,-1.1931604269813758,0.8074975603479785,84.82676263695069,-9.98675734253596,0.13754984334009165,0.09277380917612127,0.05390253388929617,0.012835877294960501,0.0775218068602155,0.015476349065131147,5.314409683326558,17.431438996915837,-6.738302667813909,-6.781351227119167,-4.860262791149183,-5.00664722483613,0.05390253388929617,0.012835877294960501,0.0775218068602155,0.015476349065131147,153.42572552029742,1202.1932949215147,552.1629424050022,1600.9305118062196,135.567459343517,253.7395259244668,666.5663636603574,512.0576357596973,227.3457984191432,1745.5851463732452,557.9264314935054,2077.131638061603,21930.947718643543
579.0413398058932,29.622628170624544,0.07690032819022384,0.04942264808266811,20.396915540220505,-1.164138272323301,0.8049547706331038,85.32097979668438,-9.942539896750171,0.15702559598410434,0.09307976478162595,0.05500625280641477,0.012144715901726973,0.08067955183680371,0.015005207193168276,5.5822769551357165,17.499314011325538,-6.674079220649549,-6.7144384448593275,-4.750474488009567,-4.892816886798845,0.05500625280641477,0.012144715901726973,0.08067955183680371,0.015005207193168276,147.48152370533592,1200.332812981782,559.1269448552201,1611.9782341316659,133.12425987732402,242.764087305718,687.7106292866636,510.44586609453694,216.69194416405756,1745.1889559309816,541.8652282688523,2081.7113397429616,22116.064427996822
580.7517900043472,29.70526434462119,0.0704849827020377,0.05205994530457634,20.855097084396338,-1.0850200529190885,0.7911412613668929,87.01059318976019,-9.711083146278991,0.22354592287426872,0.09394006029706296,0.05817264953341412,0.009286946174267651,0.0891657735718414,0.016221035997960778,7.432094306040546,17.537234990813445,-6.511749071898751,-6.544985208795831,-4.409457510018304,-4.53872263081406,0.05817264953341412,0.009286946174267651,0.0891657735718414,0.016221035997960778,113.03343353575781,1168.1662495119717,613.2894433205589,1668.422259296773,108.10502881409533,187.83002889454576,782.3589069833346,601.9596690160206,162.45534408140566,1715.0586025339087,520.9701084260878,2091.398562723119,24674.85536539854
582.4622402028011,29.785820390071887,0.07722360601449266,0.052528247815820085,21.487918693262525,-0.961011028483682,0.690823841159707,88.68048947760772,-9.362696613859384,0.2838659680451579,0.09409991308682536,0.06010408356154857,0.006834289313285486,0.09244624357705984,0.027972898469162108,9.956729354991701,17.113806401208738,-6.38477418208912,-6.413132708935891,-3.7761247782054626,-3.8836355646680754,0.06010408356154857,0.006834289313285486,0.09244624357705984,0.027972898469162108,80.8717264385748,1110.5288388418776,702.1102048259362,1731.7673172292389,80.28907078100704,136.13572426356566,925.3603323105955,1124.397209863956,114.53665133030496,1651.2519937743125,507.94545945541546,1926.1835206986932,37817.39113395158
582.9599717153902,29.80878247753866,0.08167664625038253,0.05053433080124963,21.712131985165676,-0.9020616704714759,0.6306117774841813,89.16156190052247,-9.24052598010797,0.29920819954298705,0.09393890687521353,0.06038449401275719,0.006413203164370054,0.09213348740043517,0.034525779041471784,10.674475092165071,16.87411503622335,-6.344320216680883,-6.371499817693305,-3.477141950468376,-3.575148742132451,0.06038449401275719,0.006413203164370054,0.09213348740043517,0.034525779041471784,76.47273097653039,1091.7087430732745,732.2024128551104,1747.4384249518546,76.49296896126594,126.91823559105488,978.6413108764112,1393.3035503210492,107.90424771417804,1628.8459292868258,494.8603390088967,1780.2506382544057,44836.842212501324
583.4577032279794,29.831507139121477,0.08651562904260672,0.04653993139726236,21.95016346151562,-0.812046426876414,0.5640821311477496,89.6403594295818,-9.109642478468677,0.3125341553123103,0.0937104259603915,0.06052556968881918,0.005933212453613042,0.09112801243722544,0.041857560313511934,11.195843132063862,16.4819975031821,-6.233812352489101,-6.2579719735842225,-3.091079787709981,-3.177293416669516,0.06052556968881918,0.005933212453613042,0.09112801243722544,0.041857560313511934,81.71080809506526,1073.3549553939556,762.6510550362129,1754.2952023351033,82.7193091555868,118.03995344051812,1037.9283906850733,1670.5845028521244,114.24747925626401,1605.1761552172466,469.6431475595436,1566.763590542815,52534.84064824356
585.1681534264334,29.907649531292442,0.09863219167272236,0.025614438471822206,22.813710368972586,-0.510264849390744,0.4929233075162436,91.26701621055648,-8.600440507138282,0.35189622402618437,0.09178964481183798,0.0600803179188402,0.0072958060475905645,0.0868356776816605,0.05807825995973765,11.963525696684664,14.571146189468026,-5.4924315039808596,-5.498700689433049,-2.1077202617922683,-2.1643131281434824,0.0600803179188402,0.0072958060475905645,0.0868356776816605,0.05807825995973765,142.5830165910354,1019.2602418747317,861.7313450305319,1738.4085703142282,153.7353108114591,157.09455654482798,1216.576982218179,2107.3475036927166,186.70515058721415,1507.8502147660818,388.84192182042995,979.5416183727934,70621.65376009188
586.8786036248873,29.981001205959352,0.0928309061509696,0.004976975892655734,23.662696893765855,-0.38880411210895305,0.5715673174264955,92.86702402116217,-8.012104870791381,0.3899537801710738,0.08763798412576985,0.056564716598677026,0.011123189427651697,0.08080367473394656,0.05879076948779788,11.387607387033599,12.937799980289311,-4.797172900950465,-4.791368649946325,-1.8727913673295808,-1.9212584390403795,0.056564716598677026,0.011123189427651697,0.08080367473394656,0.05879076948779788,227.4164968840716,1005.8229750370153,921.087677226092,1699.4941553790356,251.70329881737146,263.4405137511614,1304.4782797224573,2116.388076182366,280.3578199072651,1430.453168589777,394.0100854250865,862.3551116328862,79808.34742403921
587.3763351374765,30.001865389206095,0.08572465684194815,0.00117459671951753,23.89102144833998,-0.4190027619831431,0.6049062267845685,93.3280555699754,-7.828465592474412,0.4024100608944071,0.085922250185938,0.05465889257461617,0.012286391907617088,0.07863842097597076,0.05578375734772767,11.013241510751138,12.730685850271616,-4.705843791826692,-4.700274618821016,-1.9810430935133314,-2.0318109668601534,0.05465889257461617,0.012286391907617088,0.07863842097597076,0.05578375734772767,248.58960951606377,1014.5350061274471,925.0112730497194,1690.9566696611028,271.7770123219884,296.6443188176609,1301.9972157803418,2066.6904972959046,306.4382683340111,1428.7133433354284,426.3870807802859,935.4885927277717,80431.1160054847
587.8740666500657,30.022553664078945,0.07648593464066501,-0.0016447076765493743,24.10743599425105,-0.46705808914482894,0.6313510879272126,93.7871876181882,-7.639484011582641,0.415290817496259,0.08399710193853535,0.05222092683244449,0.0131329828587338,0.07584415464136003,0.05236333689540806,10.579682744749514,12.670986599240006,-4.657857904222673,-4.653923107162305,-2.1189691352003748,-2.172771541117824,0.05222092683244449,0.0131329828587338,0.07584415464136003,0.05236333689540806,266.46914728028025,1028.8227211849685,922.812086029962,1685.1656599346502,284.5801917574276,322.6924462823405,1287.4750981836642,2001.2312182162607,331.52116076568245,1438.5273660041496,466.21234164917706,1028.5117731580178,79992.68912215656
589.5845168485197,30.09241252314939,0.030216059739680435,-0.00533109827636311,24.761644183867354,-0.6468054450070025,0.6166637364129391,95.3507647738142,-6.951152413058326,0.4596269595589367,0.07615836190757327,0.04058980908225712,0.022817442234954396,0.06119596703554774,0.04481067181492893,8.582580533745423,13.274444144605505,-4.65201131575033,-4.659146211838098,-2.4508113912396143,-2.5113558399068743,0.04058980908225712,0.022817442234954396,0.06119596703554774,0.04481067181492893,313.53229280391076,1112.1930644793497,876.6474731743365,1675.3082448497753,282.2326559213629,578.0104157535723,1155.80745521211,1812.814498332859,418.5914866402783,1487.615182857661,590.8693240528723,1250.9263303775026,79996.97392772196
591.2949670469736,30.160828811297662,-0.02522726877877178,-0.005495862726644285,25.206486022191996,-0.6599161770794136,0.47112504598182997,96.88964527378144,-6.203140513479669,0.49761255545725924,0.06733697747890657,0.02396437252860473,0.03380490001630113,0.04122006364007992,0.04234572019698427,4.865925404597854,14.126020502926243,-4.4469634155390505,-4.461267175357397,-2.212088012006934,-2.2657715846794044,0.02396437252860473,0.03380490001630113,0.04122006364007992,0.04234572019698427,388.4654997768068,1238.3616093743528,776.3466642424726,1626.2427738400186,231.34901275775695,906.1261448500405,875.5859072684719,1768.5373612719789,548.6586059490247,1509.0082810046629,588.7399957422869,1160.1623803302589,79994.63629452173
591.7926985595628,30.180555372222372,-0.04058162672503341,-0.005967416356356153,25.28332300057525,-0.596880421714591,0.41033568117991615,97.33231288488832,-5.974372065218327,0.5062596146162074,0.06475673296636744,0.01819686091745631,0.03552015657083527,0.0348739867790321,0.04231710871968758,3.285998026500566,14.231733793864777,-4.27112807672492,-4.28470990639214,-1.9705732229423538,-2.0182587009943473,0.01819686091745631,0.03552015657083527,0.0348739867790321,0.04231710871968758,424.91782324725716,1281.1742035723446,738.0488199736177,1594.3052002987051,200.7746370300136,992.9292479426695,762.027749925025,1781.936826423413,599.3867370318642,1508.2102871699483,536.8536516378178,1040.3722989998073,79109.86479477784
592.290430072152,30.20023199616167,-0.0548420016683378,-0.0069135802565705095,25.339931079402124,-0.506036014530296,0.348282051358219,97.77247494207144,-5.740661657042686,0.513704127181296,0.062185903044106386,0.013579975623112436,0.038260088881065864,0.03007223199412134,0.043633972080490746,1.566396107538582,14.16496706917712,-4.036673507425026,-4.04811894456157,-1.6677685665127513,-1.7080446369472906,0.013579975623112436,0.038260088881065864,0.03007223199412134,0.043633972080490746,469.304645475006,1321.5439864965717,701.0139781513521,1553.253319172918,172.7620532691215,1111.1623004025776,664.5279352603253,1815.078807414929,650.0155858530516,1477.4839809887656,457.9862572623541,869.8564114424721,79995.16585758433
594.000880270606,30.267978886790242,-0.0898005640173021,-0.01009110593202318,25.11320312353794,-0.08730545198232978,0.294530136646449,99.26494115944516,-4.901125739843094,0.5340280507252491,0.053617205190233636,-0.010545076346533453,0.021449122799190545,0.008331410551631646,0.03425338715338687,-7.7174224028571405,13.14768101272553,-2.708303109953304,-2.6994337486473285,-0.6554274710661605,-0.6714083866475348,-0.010545076346533453,0.021449122799190545,0.008331410551631646,0.03425338715338687,713.6678835814566,1504.7019147603153,504.5437553853281,1295.5777865641867,-240.7281486570805,969.5427018263089,155.92670046426758,1425.399223681117,767.2523917146045,1481.9184393644182,151.93751592981354,340.0128068873345,43320.57708040951
595.7113304690599,30.337136122263868,-0.09999819298610091,-0.0024517914134405978,24.322764444935707,0.10924295722274534,0.48937199954571586,100.72673015705888,-4.009557410295975,0.5598089200727918,0.04583280548785453,-0.04453961782360874,-0.02363259067200513,-0.021906622260319922,0.009080786011334666,-14.735518495986572,10.715660966571832,-1.4107482834009326,-1.3801485003001868,-0.5323139575183343,-0.5457205837193009,-0.04453961782360874,-0.02363259067200513,-0.021906622260319922,0.009080786011334666,931.4241728300007,1576.1350144551488,387.63584329110665,1032.346684916255,-1151.4243549010657,-1285.6859811401482,-295.769059356302,361.6620432634107,454.19388700511763,900.482498300002,89.65082659929276,263.93771802289893,-69698.06434668733
596.2090619816491,30.35775297609984,-0.09775127900929492,0.0038132714823685553,24.003565375270526,0.05196592884511343,0.5930475547980428,101.14644073440189,-3.7411587272219786,0.5708913965069397,0.04378484099992252,-0.05573616278957224,-0.03973982328798815,-0.03237318462487197,-0.00013036143782775328,-14.944638803437696,9.705738248749427,-1.2061789163696437,-1.1729426152929057,-0.8430890792985687,-0.8646067798019746,-0.05573616278957224,-0.03973982328798815,-0.03237318462487197,-0.00013036143782775328,958.1474562273302,1542.0960054082875,403.72317124779875,987.6717204287561,-1309.79654103052,-1794.124508710282,-419.0644184303706,-4.961838725074629,356.48457974025973,643.6527302014842,136.74701539179972,400.2789112771361,-95827.87760375987
596.7067934942384,30.378640886568192,-0.09392022553214306,0.012472260131595444,23.69428764695888,-0.07876427638263539,0.6579442414715917,101.56383888233363,-3.4691759335642676,0.5844042497871279,0.04179235380742282,-0.06416751068398462,-0.05059896263022407,-0.04057809572398317,-0.0038633359467664065,-14.519273573645014,8.921432117131925,-1.256473566791898,-1.2270472665197338,-1.2729763346086505,-1.3058890544208865,-0.06416751068398462,-0.05059896263022407,-0.04057809572398317,-0.0038633359467664065,963.4142199502718,1500.1747638570523,428.47690822688185,965.2374521336623,-1361.3945945274595,-1921.3033836459772,-510.30307402143393,-139.3688001399961,338.65396166491206,574.3258184407407,201.65480786397794,574.3569548902011,-103787.87770919593
598.4172436926923,30.452507600098112,-0.07089082763748275,0.043318014772418395,22.683745381505066,-0.5924695022018063,0.6506654152853844,102.9826833839208,-2.510918268425984,0.633565521591652,0.03710320276649941,-0.08643474481111248,-0.07486444276381497,-0.05599266681660984,0.002259632270922492,-12.363088759947862,8.350327729219721,-2.2334018819704555,-2.2363089623828523,-2.5953178346127936,-2.6653734851176223,-0.08643474481111248,-0.07486444276381497,-0.05599266681660984,0.002259632270922492,903.2842889710412,1405.6841721835997,468.42607221662365,970.8259554291822,-1260.9616052671893,-1826.8450364018186,-610.9712494834894,71.71129687747938,428.8664985828923,701.8614853168763,363.16885173011,1039.4201645971184,-91757.5959685315
600.1276938911462,30.529506100929105,-0.036885899718376164,0.06427357346037615,21.78297337540699,-0.9219882650269429,0.5162389596711995,104.37412646998084,-1.5134988974536223,0.6792239067699141,0.03765291156092172,-0.09466331517933534,-0.06583662400419754,-0.056609854332878344,0.012381235097580991,-10.13685944713141,9.800428011297075,-3.4183661645318386,-3.4538707687875037,-3.3132912468280313,-3.406393730166238,-0.09466331517933534,-0.06583662400419754,-0.056609854332878344,0.012381235097580991,784.4956972636614,1374.1412833978989,453.35568156160764,1043.001267695845,-1043.747897329938,-1599.1417846642141,-563.0233163958444,373.4609940883927,506.24815891515044,1077.7468073545056,425.17117435951997,1270.8613748743348,-70554.23752890153
600.6254254037354,30.552481869598157,-0.02573782622492668,0.06633909814102625,21.54687581999915,-0.9299274949253354,0.49637056005942926,104.77325700756106,-1.2154082999065232,0.6904015022992603,0.03915299759198579,-0.09373555390114435,-0.05450023075096121,-0.05494984304775074,0.011314016994622067,-9.664797884592515,10.363591659672606,-3.5827081430349934,-3.6208374160410886,-3.3338944142702513,-3.428614109928183,-0.09373555390114435,-0.05450023075096121,-0.05494984304775074,0.011314016994622067,750.6455640008857,1374.1740539382126,441.417665346655,1064.946155283982,-994.1954670822963,-1476.2807872851608,-540.1787651838491,348.2127349377383,510.5385892880674,1244.7180036706202,422.39449951091035,1304.314418968086,-66159.50626976113
601.1231569163247,30.57570241919353,-0.014029420315305992,0.06771555116399933,21.31856142936508,-0.9287443892383919,0.5109798030319874,105.16893021569267,-0.9129733421214635,0.7019042714028412,0.04110826743844747,-0.09007338075959716,-0.04146200881978871,-0.053350865748099906,0.006961742399203238,-9.133673142664298,11.040192795258145,-3.6730750648302273,-3.7109956698522333,-3.3925437549098905,-3.489968607002974,-0.09007338075959716,-0.04146200881978871,-0.053350865748099906,0.006961742399203238,712.2299585546614,1376.466351525565,427.73598369918165,1091.9723766700852,-942.4274001782793,-1268.8728610038854,-513.8122976532726,219.84697843628274,514.4062562251547,1423.1282267929228,420.8278875025189,1360.9908931928437,-62187.677397062915
602.8336071147786,30.65729071555549,0.029172523180364306,0.06981289237497733,20.58562276112355,-0.9149626487583834,0.6465838459827934,106.49851635441479,0.1632308218459664,0.7488437516374724,0.048289819250463877,-0.07676469621798833,-0.016399345725662526,-0.04822301441893806,-0.00384163701674976,-7.885564239129794,13.27190515680578,-3.779090878844729,-3.8092785613949296,-3.7295452733251304,-3.8404611298743707,-0.07676469621798833,-0.016399345725662526,-0.04822301441893806,-0.00384163701674976,598.3409072822453,1396.8489200222957,371.6109322468557,1170.118944986906,-781.6782991302329,-598.9989793476939,-411.1342925317271,-123.1363362718793,507.8340075258412,1715.7258652789108,409.4900957600452,1522.9940061192044,-48008.58252792106
604.5440573132325,30.741595623301233,0.06954537149040461,0.06980814004539382,19.8960271059925,-0.9730682652475936,0.8262937367108494,107.76840684530302,1.3046008682656338,0.8106727695597967,0.05035842044187476,-0.0696103996126037,-0.011729748778631222,-0.04502312019991398,-0.00680202287930016,-7.182376075615085,14.898616236678293,-3.6666840910357568,-3.6908073793843834,-4.370782235884718,-4.505193934538554,-0.0696103996126037,-0.011729748778631222,-0.04502312019991398,-0.00680202287930016,517.1363246019704,1413.5158799988135,322.456762344716,1218.836317741559,-671.0189899522207,-449.7643507421091,-321.50034013051845,-201.82777111718758,462.83479984000024,1738.5510609733376,403.8445472458794,1668.657492250438,-40676.496744423275
605.0417888258218,30.766627247152435,0.07936771394293868,0.06978319737465917,19.696608057432062,-1.0198100642067947,0.8703068782015739,108.12428295487864,1.6504797476855195,0.8321018971218391,0.048905056541266055,-0.07005115176187253,-0.012286904278855254,-0.04470944764035495,-0.005925635105783935,-7.014531827033389,15.171883184480409,-3.6186538282893865,-3.644124070439382,-4.63382919036183,-4.77772257682957,-0.07005115176187253,-0.012286904278855254,-0.04470944764035495,-0.005925635105783935,500.52514124379235,1413.345881599308,313.43834278731555,1226.2590831428313,-654.338872900143,-473.89908099362776,-302.63162453588126,-168.96240103425092,442.76735379130434,1725.776469587998,406.9302889884116,1707.5678888208206,-39189.188061437926
605.539520338411,30.791921326108664,0.08758122919625243,0.06981279754595747,19.503578789836208,-1.0807814768987214,0.901810529789794,108.47362082490812,2.0024483210716566,0.8546969818476973,0.046482031795405554,-0.07053949305081983,-0.009651230402423995,-0.04441824918303512,-0.004878190281863623,-6.727634280273626,15.415700321081463,-3.587198732836052,-3.6163065999695676,-4.916448269200601,-5.0705635697997025,-0.07053949305081983,-0.009651230402423995,-0.04441824918303512,-0.004878190281863623,482.1603683971411,1409.6504373018772,308.3279429533299,1235.818011858066,-634.4246648045907,-376.2319216818831,-287.4202646436848,-133.31062745080663,422.8545386868816,1729.202685268664,413.94945919099075,1744.9500658860522,-35299.1019518851
607.2499705368649,30.880623834612088,0.09999947642936653,0.0619477125822235,18.753284713944666,-1.1594312301218204,0.8057756999468575,109.616247237681,3.263841602566109,0.9322653429128592,0.02672080888568955,-0.07799720318188799,0.0005313280171432785,-0.04787387503125973,-0.00016704700955454582,-8.642105453050222,15.826155017407059,-2.971381643447255,-3.0185910994227205,-5.1457494732222,-5.313527685987286,-0.07799720318188799,0.0005313280171432785,-0.04787387503125973,-0.00016704700955454582,499.17734283228754,1451.362537268018,233.21168163257437,1185.3968760683051,-699.4147597736921,23.83978044997868,-224.72939660772536,-4.2395946304084005,350.48474401730414,1644.1933549434677,316.2790820200188,1706.4115616047322,-22805.585509105254
608.9604207353188,30.973794718774638,0.08852460038334015,0.03644399624869887,17.6921806349739,-0.8861028664860927,0.48077107350984355,110.6648281836963,4.604114712187316,0.9936214211031303,-0.005891035207249246,-0.07966754933807889,-0.014150311965024549,-0.05542769732996256,0.002022437915725488,-13.025366772989239,13.856286668669233,-1.1911199268152362,-1.2442762906729308,-3.8728751172395572,-4.007183733002095,-0.07966754933807889,-0.014150311965024549,-0.05542769732996256,0.002022437915725488,640.775603800509,1474.4430992377984,165.12607699061164,998.7935724279012,-959.3217541067324,-779.5954085609968,-198.06731212510172,54.57954320007116,186.99212923715666,821.0009252732766,180.261414535779,1346.8716293127763,-37268.60349577618
609.4581522479081,31.002067714836922,0.08080936678389349,0.024714508840136668,17.291944698658547,-0.7124222012721342,0.35962819403534463,110.95146907588729,5.008669837657957,1.0054083172457273,-0.01688114074192499,-0.07629764797710796,-0.028090770356416685,-0.05786862983962819,0.0013887771749597757,-14.384329324337749,12.51322177522799,-0.3638072761722272,-0.4111875907264116,-3.125827711678671,-3.2369068791989744,-0.07629764797710796,-0.028090770356416685,-0.05786862983962819,0.0013887771749597757,705.5826455173471,1458.4442531508992,164.83020711238123,917.6918147459332,-1063.141618803229,-1423.9588837191418,-214.38699013690888,38.684198680722844,65.61984439387513,250.8889683455653,150.2986830846106,1115.6463959310463,-49746.841072299576
609.9558837604973,31.031073674744903,0.07208127000546513,0.013889875837666786,16.836161726334147,-0.5583238043239571,0.287712867404754,111.23104947981713,5.418592818580433,1.0160947481860936,-0.025478862800079088,-0.08464896120680947,-0.04324034222896947,-0.06912452629820956,-0.01840608446337975,-14.953218601327508,10.432196643716878,0.4054713138854863,0.36689933114918954,-2.5292676658175886,-2.62169181118584,-0.08464896120680947,-0.04324034222896947,-0.06912452629820956,-0.01840608446337975,772.9866299529228,1400.6427585996905,204.52955902491522,832.1856876716829,-1156.5793607787336,-1755.2051650332164,-294.4982865081216,-479.43769275829413,-72.43877569198055,-182.0260900251033,140.72284848126137,845.469682200173,-65654.27296899719
611.6663339589512,31.13718958534327,0.031012385962814016,-0.0313142318887009,15.474757855509564,0.04981873384185512,-0.19787005024388055,112.1430361071626,6.862892657970761,1.0195638558153066,-0.057735823424839024,-0.05735361580594415,-0.07629643515758766,-0.04726303307625002,-0.06305632669877766,-10.457933798766712,2.244848686041376,2.8822910707958482,2.865315610321462,0.6772421578613989,0.7042447987393716,-0.05735361580594415,-0.07629643515758766,-0.04726303307625002,-0.06305632669877766,888.1136097831549,1023.1755803152311,530.8054567713635,665.8674273034397,-1106.9724212693886,-1348.331725244262,-701.3410475790752,-973.5667159261668,-709.2633030843135,-659.0381132356204,-126.65942326097374,-138.68834988669283,-67796.24441247704
613.3767841574052,31.25124176645019,-0.021534930324448365,-0.06600018057413684,14.59299494095206,0.4870471939696801,-0.6055056053449308,113.03947538320962,8.319977011146317,0.9730042971106926,-0.09699715897491296,-0.006913161333013044,-0.05742385450250414,-0.005782439395769786,-0.04553232631125078,-4.581079230666138,-6.9235121063700165,5.4646329625363546,5.460700104025799,3.4779759979161975,3.6248343685698594,-0.006913161333013044,-0.05742385450250414,-0.005782439395769786,-0.04553232631125078,1009.7522556302558,593.1971470817127,929.9298176104542,513.3747090619108,-148.5512567654626,-590.9513342060328,-157.0944881731459,-548.5100860833356,-1494.7633186943244,-740.1107692610267,-1172.0454740222367,-558.8776479523169,-26480.30377867952
613.8745156699943,31.285538573363837,-0.03791531526595098,-0.06981270754931893,14.456972606139031,0.5272028722258664,-0.6254560236104657,113.30869088627375,8.738423001258942,0.9503382838285066,-0.1102644643166097,0.00016559815199605188,-0.037954310652589085,-0.003958935548670627,-0.023877692867640455,-4.228921997296033,-9.658545794371735,6.314436146947612,6.314297038880862,3.7184962534805326,3.8769599075731436,0.00016559815199605188,-0.037954310652589085,-0.003958935548670627,-0.023877692867640455,1081.4711957558195,500.36199424320586,1018.1664770144982,437.0572755018846,3.2940188981249676,-342.1056951758401,-113.52259085781519,-277.4090555692563,-1620.3959417800197,-748.3962598628399,-1322.683768158117,-571.5794521467407,-16509.40530099613
614.3722471825835,31.320068490612783,-0.05525602919079155,-0.06981303917044576,14.309120048514476,0.5157512676354382,-0.8296797256140488,113.58702703141492,9.149995996338129,0.9253792980819823,-0.12003463075849803,-0.005467814579219259,-0.026758517113146547,-0.01340265099868232,-0.026718241017826747,-3.654355468113212,-11.569769597417402,6.153241185249622,6.121962057076389,4.261784724161974,4.445145063360662,-0.005467814579219259,-0.026758517113146547,-0.01340265099868232,-0.026718241017826747,1122.9651579101846,426.8666234539971,1086.7122556959603,390.6137212397727,-114.88708530859135,-224.4468983312432,-367.7906288743131,-255.97335253877063,-1662.715254709972,-670.3825913161178,-1461.0695893082818,-544.8532813856413,-19897.242331082856
616.0826973810374,31.440564172351266,-0.09999969649737882,-0.06981208188677286,13.9135747504211,0.7493841125749043,-1.3305666146312423,114.63596618799632,10.486680095727813,0.7912886656778055,-0.13090372760942343,-0.002297005713965154,-0.015336494048612408,-0.010498080604260603,-0.02353274733551599,-1.4052661914817444,-15.357366715038227,5.993443835968532,5.926501344966206,6.693911996225661,6.988569687342226,-0.002297005713965154,-0.015336494048612408,-0.010498080604260603,-0.02353274733551599,1177.336793769301,253.3563831455133,1247.2311425224896,323.2507318987018,-51.614999194243545,-82.89067754533546,-217.40746577471222,-136.37598754320032,-1725.412137596291,-416.7663303101497,-1800.6692751139199,-535.4550914049846,-12648.05398729958
617.7931475794913,31.56279769159898,-0.09999838683628898,-0.06736858248070722,13.74997163365705,1.1881731354853133,-1.4647315774630465,115.84221392041493,11.67098019841617,0.6168208755498223,-0.10898075463504871,0.006179193752480052,-0.0029691914200191305,-0.003746105659258139,-0.008872690756483614,1.5568801841923077,-16.500180131688154,6.04669212013269,6.037809062371887,8.89752835882142,9.290992756071715,0.006179193752480052,-0.0029691914200191305,-0.003746105659258139,-0.008872690756483614,1138.945079375783,146.2069689733881,1349.1136075909292,356.3754971885342,133.58648485329607,-9.382723223402015,-57.90747622056169,-42.58903276244037,-1677.6907892112288,-248.6758973493129,-1868.1520332866132,-609.2330291034198,-4475.774336460029
618.2908790920806,31.5984861671874,-0.08750911611601143,-0.0657405526869055,13.756747196918695,1.3134923162088465,-1.4244739953430363,116.22542244944754,11.980963862361131,0.5649437846540928,-0.09688954119340354,0.0040827080887254705,0.008856788495462878,-0.010624884742216005,-0.004063530308855468,2.6068181127368564,-16.648214800753216,6.003225445738088,6.023543505605244,9.280783785921876,9.690367129439327,0.0040827080887254705,0.008856788495462878,-0.010624884742216005,-0.004063530308855468,1118.604911083737,116.9602519970972,1378.5772167436219,376.932557656982,87.77531001722915,22.37453262371821,-156.34858270580511,-19.563241632273844,-1655.1793537013955,-198.50504841217187,-1871.8891687652563,-641.2830413599423,-5292.189058089947
618.7886106046698,31.63429799618455,-0.06849289343343555,-0.06981112933017257,13.77387291544036,1.5272468218701145,-1.4384929133856184,116.62035075179486,12.278358970944193,0.5082737761389811,-0.08546378106130754,0.005474575686112531,0.012063098471010624,0.003922929682245423,0.01581870284776209,4.099858111977813,-16.45589389320213,6.169709130694575,6.226859228022279,10.153262099519294,10.599128055090867,0.005474575686112531,0.012063098471010624,0.003922929682245423,0.01581870284776209,1077.6777716132947,87.60415555948026,1408.4819999523238,418.4083838985094,110.92016185220089,22.174221668896045,51.74130638380027,73.96033456831807,-1608.9332301994116,-149.85287809669612,-1868.9479604573519,-692.5509006008435,-430.61572669840524
620.4990608031237,31.75503968928959,0.0049460486428835855,-0.03302450516473015,14.417485582639982,1.0802742704780262,-0.5061239646469498,118.08373496058826,13.15160764330481,0.39138721186309283,-0.02712372192657537,0.021233929790235785,0.04222474998050044,0.02962552223778073,0.06267239191333847,8.203467549551567,-16.68431536442934,4.0940539925365895,4.202771323010333,5.548228984074836,5.784458719188344,0.021233929790235785,0.04222474998050044,0.02962552223778073,0.06267239191333847,997.3743605845634,-6.4422993579623835,1523.6439019571662,519.8272420146405,535.4113250829682,-6.401976095645457,805.8833258551483,529.2943381481658,-1293.1727520075785,8.274982117161194,-1928.0485082082241,-649.5495048212422,24168.975912231042
622.2095110015777,31.87044322731963,0.06180327472747463,0.04113265513129744,15.294016852493233,-0.3089391670797699,0.36482134269002675,119.65544709156883,13.836013831345232,0.3831442539249543,0.03801818732081399,0.039342688061765115,0.04793211093259183,0.03265495744481342,0.050250098018208296,6.3571855948509475,-7.571764376339564,-2.1817310698557715,-2.181870242611598,-2.0597952220334115,-2.1428446491606015,0.039342688061765115,0.04793211093259183,0.03265495744481342,0.050250098018208296,781.573920918082,326.0165270358337,1221.4926877540752,765.9352938718271,858.6141417036741,408.1129038544215,1186.705278316307,965.0913338421891,595.5056532384976,236.86252340457878,918.4199669937777,519.6386766876954,49155.722621130815
622.7072425141669,31.902696286266764,0.06976502008223186,0.061975769241753874,15.466421639450639,-0.7233452521956418,0.3098533303796514,120.12259400870752,14.007513950381483,0.39890331630167514,0.05397851419468152,0.04230082510408956,0.034835560536540626,0.03208733363693979,0.030615009201021476,3.883631332575651,-1.1521284959104714,-4.770020334052238,-4.8368987153217144,-3.401919708413759,-3.537309185649577,0.04230082510408956,0.034835560536540626,0.03208733363693979,0.030615009201021476,650.0729602268661,580.7548160101039,972.9260522955806,903.6079080788184,575.4825489979485,444.4655620154567,811.5095466347734,717.8776125047112,836.3832499392548,793.2003104664029,1075.9769080489434,1039.722357789098,35327.01519986865
623.2049740267561,31.93471147093645,0.07796496555841323,0.06981297836693313,15.550821513570973,-0.8317877066900135,0.40072710497535347,120.58984828553933,14.17838180187153,0.4092015628262768,0.06528679802565765,0.038138411805043855,0.018591996093161263,0.040323839060101965,0.014842252532926118,2.524500686088612,3.4587744468125936,-5.523557149851093,-5.594247885982255,-4.00006516906804,-4.158227610725501,0.038138411805043855,0.018591996093161263,0.040323839060101965,0.014842252532926118,545.0566849661184,753.1548500305455,803.5725428624581,1011.6707079268853,411.78015957179855,293.551523712522,744.0247900911265,385.82575249128706,775.3185603084798,1134.773780655991,938.3708173404533,1351.5337193822827,23813.295031813806
624.91542422521,32.04361475095764,0.09999970965574603,0.06981204316295676,15.675443518653005,-0.9848621044576635,0.8512162984078991,122.1709156679318,14.814293439746859,0.4787592179926389,0.08877090907778434,0.033860511184290745,0.003848524370840058,0.04286636790739332,-0.004884062138059303,1.311169768831085,12.725140485922262,-6.040768266455947,-6.078327787730357,-5.621982111067777,-5.841732935613614,0.033860511184290745,0.003848524370840058,0.04286636790739332,-0.004884062138059303,297.2458158440602,1062.8575740053336,498.3985284578331,1264.0102866191064,196.69354080541768,78.35662131157645,408.3904741674114,-118.9706988382375,460.0347235996189,1590.311593960674,699.8502803028116,1816.3993813690088,3150.9351390137845
626.625874423664,32.151466229424905,0.0938335925221608,0.05276042261188272,15.73788916264865,-1.0955611830889647,1.1351846036717501,123.68869016244975,15.572893775930641,0.5874171168717677,0.09385710643376304,0.03826671368933744,0.010888854719152755,0.04622361888189738,0.0036916886746202904,2.3222114947512615,15.825836640906289,-5.867614641311104,-5.886819382482155,-6.683714430955801,-6.943177244644114,0.03826671368933744,0.010888854719152755,0.04622361888189738,0.0036916886746202904,181.0892480639265,1133.255287285396,430.2836571901075,1382.449696411577,137.02524839768353,239.0504299832511,330.1164829074903,79.57068326632472,276.00019768384686,1655.2411525352068,634.6765267190458,1950.9581928253485,6626.709550681217
627.1236059362532,32.18278021305863,0.08323296384439674,0.04923050817233014,15.780838129378044,-1.1757534248257693,1.115044452821655,124.11374918069849,15.82555409295964,0.6237821925382134,0.09290011446730713,0.03989370247415824,0.009167824989529288,0.05500327238986801,0.006786975662301579,2.4459959437160212,16.326292994212263,-6.157679948121257,-6.1903084423227215,-6.898852994934953,-7.165756450988279,0.03989370247415824,0.009167824989529288,0.05500327238986801,0.006786975662301579,163.85502786333984,1146.1311683415656,418.98314074981374,1401.2592812280395,124.01591981520987,193.72794012628302,354.3503065119041,141.83090537130676,252.65103164506175,1683.8550591795558,596.418245597951,1961.8572069197128,7099.346644556818
627.6213374488424,32.21399277258789,0.06879943189451905,0.043987192361140036,15.819291141299054,-1.2073866888177367,1.1431474515072102,124.53160416355142,16.090584194524947,0.6583588000722341,0.09103708273910985,0.04298611807801439,0.008813567629554427,0.0652507431410335,0.0031904200417871382,2.7129559427466026,16.57333648824462,-6.077040899739041,-6.110605892328753,-7.0612951973095255,-7.333673300727238,0.04298611807801439,0.008813567629554427,0.0652507431410335,0.0031904200417871382,150.77155509824706,1147.9111388537913,418.61726630930025,1415.7568500648445,122.21779058869318,189.06503234081669,385.90470531568315,65.42859377470609,228.2752274741819,1684.7550510847482,566.186583995307,1976.7858501577855,6382.7222149873
629.3317876472963,32.320928637111976,0.0033806314996165277,0.04974933492930089,16.042263951219304,-1.4632205751162886,1.2123008255097658,125.90068918348575,17.108770281564333,0.7868899666533968,0.07980442461813755,0.048104650782436635,0.006543418284632593,0.09604522922031408,0.00997475646842282,4.936875161517489,16.81017111787583,-6.1135590414537475,-6.172765142452067,-8.01207039010593,-8.315807081524659,0.048104650782436635,0.006543418284632593,0.09604522922031408,0.00997475646842282,94.87879696182063,1106.2676047150112,468.528383567026,1479.9171913202167,83.70793437979016,135.23314326010455,463.4690503570615,178.01691024405326,141.17753766637077,1641.7424748355265,545.6819695246666,1994.5402543580149,8477.388924501067
631.0422378457503,32.42581235367469,-0.06112922902489845,0.06722545677982307,16.55761717958738,-1.6292241616351761,0.98155485966527,127.15281554781059,18.278709616433428,0.9047384834502081,0.06386766404693117,0.04482638998952013,0.011276004461120752,0.10679860500088997,0.03790346593056733,8.652183195512906,16.42287958200899,-6.377807305505821,-6.478825404055961,-7.792278516380754,-8.078538480220011,0.04482638998952013,0.011276004461120752,0.10679860500088997,0.03790346593056733,27.811865672878014,1015.8991661441628,578.4483504631237,1566.5356509344085,22.802877905244177,205.31385890817396,586.5930299113728,671.6780481756359,43.14409388767561,1529.2299641125396,609.3142356247903,1936.3382037033305,19605.268925300148
631.5399693583395,32.45565681456302,-0.07495680106118455,0.06979146049020712,16.79099047047359,-1.6009705591073666,0.8097249651194562,127.4926980935904,18.6449085498852,0.9321933244613273,0.05886856401857775,0.04232094326181708,0.015590237448752547,0.10368533555291898,0.048403159000392104,9.91340240469318,16.253838965709296,-6.444881260340159,-6.557370522244244,-7.202899473384066,-7.464261773069354,0.04232094326181708,0.015590237448752547,0.10368533555291898,0.048403159000392104,7.3367174306731044,985.2536403262409,618.150963513693,1596.0678864092606,5.726506411985573,270.8489292857978,648.1600509615754,901.0524202368704,11.593005189168741,1480.8366473268668,634.6734467392644,1869.9804646735167,25694.889921094924
632.0377008709287,32.48509570103779,-0.0861902502449196,0.0659884825900403,17.090113632341883,-1.4475465572760757,0.520794893823378,127.8223096192945,19.02095200941216,0.9514854697030822,0.053971488675614875,0.04222291480511124,0.026954372976946774,0.09494033775500679,0.04820561579208655,11.51749829521545,16.1694200923895,-6.408802153428577,-6.52804106649433,-5.932379134033852,-6.144565675161461,0.04222291480511124,0.026954372976946774,0.09494033775500679,0.04820561579208655,-22.501034587275456,950.3368023763244,664.8619689645245,1637.6998059281243,-17.664140125685833,439.9763952716749,753.8510050453141,1109.7087167721918,-35.640199776516155,1390.6791961238616,648.2330920753311,1854.5612801817556,34137.26554102482
633.7481510693826,32.58213890501309,-0.09999659393138492,0.015605595735624048,18.185473560027066,-0.28426542582867287,-0.15414584280554414,128.8720849476474,20.377759795408195,0.9660210892290029,0.037496499352076024,0.030006181065647036,0.0623150472617466,0.08161285250489002,0.0667271487356347,10.493814052331148,12.060194336957908,-3.4324471640902114,-3.4758728271731063,-0.5509667978726343,-0.5696053821281657,0.030006181065647036,0.0623150472617466,0.08161285250489002,0.0667271487356347,146.97433636516172,872.5794171341997,787.5860311768938,1513.1911119459319,120.26725415504153,1066.0250646536847,1175.9445927542229,2079.1773031037515,175.7204254205859,766.5290357519526,103.36384046883593,223.23784613759605,75691.29915665054
635.4586012678366,32.67450127452874,-0.09470804256624804,-0.04734478663959556,18.840239034530562,0.9632718322393392,-0.3307351044053563,129.8355557304252,21.795961570508776,0.9394735368213274,0.02490914937814254,0.009455970214133013,0.059259220146003135,0.06874150838975875,0.07639898557772996,2.4841158304234616,3.6441029615130223,0.6193539140665004,0.6860855657401963,3.5623403272873904,3.6782871636953463,0.009455970214133013,0.059259220146003135,0.06874150838975875,0.07639898557772996,603.6316683534649,822.8801771122648,865.4982466422975,1084.7467554010977,212.72022884006572,1173.2259109565225,1082.488979905049,1332.5475832821785,-171.97637952178087,-171.84580494050348,-729.1824881862105,-840.5069173878106,66849.39877679228
635.9563327804258,32.700819604697045,-0.09321156171558154,-0.0595260948869647,18.845632560944377,1.172866585151038,-0.28743085901536203,130.10763089241243,22.212934356105414,0.9313769007740175,0.02260383360158319,0.003802290349393923,0.04501235474050182,0.06030060468183681,0.07030164496845576,-0.5691309317365305,0.6884403415176867,1.486099286529847,1.5766911058153192,4.096590595858953,4.229771092730981,0.003802290349393923,0.04501235474050182,0.06030060468183681,0.07030164496845576,765.062082007153,806.4822942902007,882.1326729912996,923.5528852743473,106.07615590537473,996.8230728275638,1001.8481046614396,1086.6275143844166,-509.57885414055374,-436.946047840927,-880.9305336720007,-856.4696228799743,55621.854464674
636.454064293015,32.727179507425646,-0.09208241633286246,-0.06964093074172159,18.782802885468598,1.3237352531656663,-0.32675450947853,130.37840227015369,22.630647799885388,0.9225538784726438,0.020908658435183344,0.003187202724796546,0.024026776902288046,0.042784154862270836,0.05027492460914319,-3.698100683516729,-2.357479604608497,1.9446748507278153,2.0473412084421936,4.641382101551624,4.792632979240972,0.003187202724796546,0.024026776902288046,0.042784154862270836,0.05027492460914319,929.5691476914106,787.7307053645524,898.1329446631929,756.2945023363346,104.7960994381662,606.5258168230052,791.597743099353,737.4222918469569,-782.92059712096,-639.7577263451748,-1100.4773042838206,-910.3525986597812,37765.21515793273
638.1645144914689,32.81964596857152,-0.0962919198749462,-0.06981190751498742,17.969816606355092,1.1845725967763234,-0.19942034985155482,131.33049319925004,24.048853417977544,0.8973801022445358,0.02346681609219541,-0.010354905109435876,-0.04287238518843941,0.007568930898849704,-0.01590869978099395,-12.070516829274537,-9.167617488446558,1.838667548423552,1.9474379376167872,4.139139272065632,4.2803619382916525,-0.010354905109435876,-0.04287238518843941,0.007568930898849704,-0.01590869978099395,1316.2835631196785,764.7112051371087,886.38032180574,334.8079638231701,-486.1665005623435,-900.3412331077817,177.8270381795493,-139.88673271789185,-1042.5357540466687,-512.4514470881307,-1217.44634920665,-479.5395132539309,-27835.972697596593
639.8749646899229,32.91796017508719,-0.09999908974545081,-0.02579607188158344,16.620175244814718,0.4506255087575758,0.024777805965554015,132.33490987888032,25.426514390102174,0.8883148676687929,0.0368483322431435,-0.04922777888836678,-0.07877696600640634,-0.026176243283587676,-0.057015807012898385,-14.139981306590713,-7.84295017227077,-0.5151411208103366,-0.45599537407926743,1.4674325704199058,1.5218145008116886,-0.04922777888836678,-0.07877696600640634,-0.026176243283587676,-0.057015807012898385,1299.4302837547802,827.5569180181587,769.206006521511,297.3326407848894,-1713.4496701647683,-1231.7899814309403,-663.8296664660218,-418.6789505911514,221.33154356248883,92.40164238084162,-460.07637044153705,-143.27541178875563,-70475.12935300416
640.3726962025121,32.948218574728955,-0.09853505524834558,-0.006453032798560412,16.199575514387686,0.20497122235259924,0.050030152962475406,132.64056509031076,25.817198069903778,0.8902308731356618,0.04236872940603432,-0.06673004380942982,-0.07909948966277981,-0.042712659915831216,-0.060324849266722554,-13.066983279409824,-5.4656666517210555,-1.5692952791646446,-1.5366375682296831,0.5916586695482163,0.6141739163076081,-0.06673004380942982,-0.07909948966277981,-0.042712659915831216,-0.060324849266722554,1194.7600229499092,865.9166078711548,714.7819368962839,385.93852181752953,-1640.068270505888,-1250.6957202457118,-895.5901133699176,-567.0697482786989,489.9276415370784,315.69490358434444,-154.8943319421927,-73.92011862945027,-74158.99844811807
640.8704277151013,32.97920908450197,-0.09444722929100502,0.013365819229325513,15.836506554392013,-0.004302009458156304,0.1504762658367701,132.9494995782297,26.2050933595535,0.8944329162844775,0.04822460395913778,-0.08336497520346614,-0.061760392154452545,-0.05751588591699851,-0.04110691454272108,-10.824110603495747,-3.197302345448813,-2.327339567036136,-2.3103700562966694,-0.38427423318556825,-0.3992400133278529,-0.08336497520346614,-0.061760392154452545,-0.05751588591699851,-0.04110691454272108,1066.8383414542513,874.4717210008021,692.6908902464947,500.32426979304546,-1449.6873280931422,-1167.3933070776025,-991.0190108358289,-615.9823878046892,529.6307438927763,557.3064146968289,83.84799045222817,75.08405220221165,-70595.51247094666
642.5808779135552,33.090723817345626,-0.04901952513430442,0.05793515783169303,14.89986767802883,-0.303495115143654,0.3896483278009844,134.02185485787484,27.5377144266157,0.9226394592471622,0.08553882650424335,-0.0773161450527462,-0.011506206696155916,-0.05596237123964692,-0.003957876426261499,-6.3730131415387605,5.134146507201405,-4.805039392676242,-4.801061591465958,-2.157205508322323,-2.246522892229898,-0.0773161450527462,-0.011506206696155916,-0.05596237123964692,-0.003957876426261499,694.5744018528208,1003.4718115422938,530.1877370852028,839.0851467746759,-824.2819227104457,-271.2712876681283,-708.7213941311088,-113.49071419924411,682.3904285617463,1427.2249909077705,348.91263661710485,792.7843118801081,-33631.508096418096
644.2913281120092,33.208272390612315,0.02581232835833343,0.06981306616495174,14.266885087197412,-0.3186513757249281,0.8411929437908293,135.0426995657023,28.910720262466004,0.993130393468312,0.12608675209796003,-0.033746638768268694,-0.00509169748059666,-0.033394998076530784,-0.012422214670178506,-4.397299306341257,11.724527058273214,-5.684891236799755,-5.618233866219376,-3.5337087323170535,-3.686391469952252,-0.033746638768268694,-0.00509169748059666,-0.033394998076530784,-0.012422214670178506,439.15462281780754,1144.56418467094,367.6101570728059,1073.0197189259384,-298.323609750414,-118.88874762285496,-321.68744423026635,-369.3494837383646,654.2304098839015,1670.350387323196,433.35690585763376,1359.0376780477468,-22068.94494803277
644.7890596245983,33.243285460667344,0.049502920539632275,0.06783763134676515,14.106253650889569,-0.33856671079953465,1.0832207593488776,135.31729367240933,29.325538731307756,1.0255220307894373,0.13409842868347085,-0.025367786073133246,-0.016979050800760905,-0.03418898508718834,-0.02361319751976137,-3.8046823816001565,12.832179163493187,-5.394284624454535,-5.294074991976194,-4.313452450465478,-4.50174440414846,-0.025367786073133246,-0.016979050800760905,-0.03418898508718834,-0.02361319751976137,389.23469719008517,1161.2864683490143,345.58394541457585,1117.6357165735049,-215.88696663317324,-412.8588716265054,-283.10023168145324,-613.0937126127944,593.5927306735837,1633.8342686250362,458.51186778554137,1470.1620270699182,-27695.5149342877
645.2867911371875,33.278587254613136,0.07113821488522008,0.06981240781527537,13.978639174038312,-0.44991825033347094,1.2477628799480203,135.5779331121431,29.74719545296042,1.0671205523047933,0.13722367012975517,-0.02823012937256707,-0.006940049548328045,-0.03207281950683838,-0.013894528823605163,-2.8622412747397066,13.859764669783061,-5.442520922827956,-5.33560966332526,-5.248243877839884,-5.479030596640148,-0.02823012937256707,-0.006940049548328045,-0.03207281950683838,-0.013894528823605163,333.9717228672716,1167.848473247608,334.85101523996644,1168.7277656203028,-203.3809272082328,-172.4601127134508,-233.01128199980386,-332.4978662660772,508.45887008949484,1679.7061407872504,494.15115126815203,1667.6016835643072,-19301.207654663172
646.9972413356414,33.401240651902555,0.09999961586702281,0.06632908543682726,13.649799527412647,-0.955367366248788,1.4569963032841247,136.34657671583784,31.256605836518997,1.237560817881543,0.12364154137920978,-0.028527469668086277,0.006004102019492474,-0.026722884978250278,-0.0023072112713871094,-0.4870412393532561,15.94045305286143,-5.956210539664388,-5.90509836614046,-8.003706632265313,-8.361474621725772,-0.028527469668086277,0.006004102019492474,-0.026722884978250278,-0.0023072112713871094,209.98008879168805,1169.042057591946,323.0843827405468,1282.146351540805,-122.38968097158562,135.78689870766874,-134.00048674802238,-37.47570357976269,334.3015945402823,1708.8667939384832,539.3704919910103,1823.253397240269,-7467.827111422738
648.7076915340954,33.525675285376835,0.05971206198930894,0.04852640492076565,13.5320904060967,-1.2512263121852092,1.2328145925348295,136.8944589125554,32.85812507368014,1.4092879015007533,0.08436323623821218,-0.01841619893392025,0.013618201894714632,-0.018308058920897385,0.0038207629666374074,1.5890827218837014,16.550388295014333,-5.705054709867852,-5.7448977714954195,-8.642543565494742,-9.031398749099043,-0.01841619893392025,0.013618201894714632,-0.018308058920897385,0.0038207629666374074,140.6124868438459,1136.3713859157829,352.031570679741,1347.7904697516778,-57.02311708805105,304.9091060837035,-93.4126996904913,57.83362169864035,229.86429843605313,1644.271217899394,597.0328546097286,1862.0477820790381,-1097.2723637655054
649.2054230466846,33.562164570112515,0.035248053095218966,0.04095494263086679,13.545229612785244,-1.2228510717332148,1.1084132904103705,137.00792408097092,33.3411876977345,1.4517443017110823,0.07035769342419491,-0.014339468213563897,0.020103835352081944,-0.014148632321370865,0.009899869453331283,2.3321397793111593,16.597471707353886,-5.218812356525987,-5.2730523209755775,-8.171624072401167,-8.53956173013527,-0.014339468213563897,0.020103835352081944,-0.014148632321370865,0.009899869453331283,121.77445309632037,1120.3661392908352,368.45084988406745,1367.0425360785825,-41.43521181936465,470.5678677730511,-80.837195387013,162.33513027404948,194.9964833404745,1568.8328765797542,626.7497390088294,1889.1794889690593,3396.052403910318
649.7031545592738,33.59868656946566,0.01026803901433985,0.028467009951651558,13.620263965130945,-1.0149107460108266,0.7490638785750076,137.10090523272754,33.8309113231255,1.4846176655969232,0.05446562840878724,-0.009936946940260137,0.028382412911549287,-0.009848417564940603,0.016002435551086915,2.620989599442894,17.163671213522523,-4.694398821819353,-4.765852639167735,-6.280645389358653,-6.563526629411259,-0.009936946940260137,0.028382412911549287,-0.009848417564940603,0.016002435551086915,99.03069586114884,1131.6879391210166,359.5011742999027,1392.1584175597704,-25.210785999575435,696.9992262726332,-71.88935903479238,362.814113468758,153.0954057792544,1481.3676802719235,597.6536336899198,1929.213178695088,10029.798105420216
651.4136047577277,33.72351990506076,-0.04647073105055031,-0.02989245469519613,13.732351951595838,0.10903804129892783,-0.09141358842421746,137.25679328292586,35.53353993241941,1.5221534415119427,-0.009298121475126311,0.0009723292780315284,0.016490478953619443,4.4244794503673055e-05,0.009273280219091764,-0.28389830795215243,7.981733833693052,0.6628168199438417,0.6686764664855438,0.7028794667339714,0.7345400159690647,0.0009723292780315284,0.016490478953619443,4.4244794503673055e-05,0.009273280219091764,445.84490492160364,926.0682297917311,568.6888243383261,1048.9121492084537,16.179662852520632,563.1611203551306,0.9462236414858685,372.8849229986366,-136.83077313124542,-278.9856101837156,-185.6716067193618,-358.58900838847813,11132.490564624999
653.1240549561817,33.84883542890685,-0.07021664658053368,-0.06968488406519052,13.491434934725223,0.8421685800666133,-0.5745397659090004,137.30317542396202,37.24446433089957,1.4765157979418024,-0.073041885678974,-0.0016620534821920776,-0.010794974695960625,-0.006130861730811057,-0.01456445625287929,-3.2629553830342313,-7.035832580366243,5.668002113693186,5.735997877075793,5.132785914529769,5.366891033198246,-0.0016620534821920776,-0.010794974695960625,-0.006130861730811057,-0.01456445625287929,964.5927816360397,541.2798792801202,945.8445185357141,522.5316161797946,-33.35215864728228,-125.40044288073094,-131.33293289774628,-171.09334774511305,-1453.1767768253774,-859.3665122223163,-1393.7381220075697,-809.9225069010963,-10298.03639060177
653.6217864687709,33.88567888709397,-0.0732014243048083,-0.0697947932265036,13.331132618180575,0.7895634067609568,-0.6956549847347366,137.32315263627706,37.73971848241472,1.4539402155042023,-0.08892062690767118,-0.006288638194565152,-0.012778743597593449,-0.012542492897553454,-0.0198676109151076,-3.0235516746938544,-10.360052430350835,5.944706638470721,5.984167862165606,5.3222229333450315,5.567847805997911,-0.006288638194565152,-0.012778743597593449,-0.012542492897553454,-0.0198676109151076,1056.5152174804432,433.1996662990043,1048.92093269919,425.6053815177511,-129.94551190828594,-115.6030174336954,-282.03598971399816,-183.73885357108583,-1575.2898117305172,-702.2652363640691,-1520.4955070262008,-665.5177040063622,-13907.459207698526
654.1195179813601,33.922963495416255,-0.07936287588554468,-0.06981281222053878,13.206337233999381,0.7496150773742931,-0.879056687039746,137.35835916722678,38.23375780072648,1.42437610430884,-0.10238412986167425,-0.0051621529429158215,-0.009604379020179453,-0.01341569056699373,-0.017569410701917233,-2.5543166023650548,-12.373235669557143,5.897869792532426,5.899355547519077,5.7355373042466855,6.002529730048079,-0.0051621529429158215,-0.009604379020179453,-0.01341569056699373,-0.017569410701917233,1104.1000099230414,359.6607068290248,1118.6058387479607,374.16653565394404,-111.63950995737524,-73.99926151179885,-297.09827324385424,-136.26054304331694,-1633.1202879811226,-589.3833590310034,-1623.7216866967542,-605.3625843639533,-12854.607798581896
655.829968179814,34.053113408477614,-0.09999956018703365,-0.06828899342659721,12.856167964325119,0.7676797381116593,-1.298403019882243,137.62616584384043,39.90875698332517,1.2795102926273108,-0.12812377679402245,0.002285690484372838,-0.006202621602297956,-0.0071915879000996425,-0.01566865414592826,-1.1277890363087861,-15.773779195749901,5.91090144444105,5.842013504276227,7.209539534426269,7.553068716668881,0.002285690484372838,-0.006202621602297956,-0.0071915879000996425,-0.01566865414592826,1167.4716529965185,218.4376650208219,1249.208162417654,300.17417444195735,51.73022318994616,-29.792259151059863,-137.52063932762778,-79.94847963346676,-1711.4912683042905,-364.39091073040385,-1808.2815668735307,-512.8647524825803,-7487.886419849183
657.540418378268,34.185514330191715,-0.09999921331443148,-0.06475586213999691,12.663067834514429,0.9638863878323354,-1.4466014433718204,138.1469224383055,41.51509294192897,1.094883722346163,-0.12145837583867264,0.006685347019682808,0.005102052526764826,-0.003810550851897561,-0.004718828330810857,0.6491658161585522,-16.380719384485165,5.821704241735986,5.766051226781589,8.609803581352638,9.024441335876466,0.006685347019682808,0.005102052526764826,-0.003810550851897561,-0.004718828330810857,1140.8398066198058,155.2890866276403,1306.6220510970966,321.0713311049312,150.18677498495822,17.718763512921587,-60.28634415441299,-21.33107281762223,-1671.7312148475953,-260.08769085235144,-1838.4686403337234,-554.7413986253931,-3379.362792731032
658.0381498908572,34.22429961094914,-0.09240264411244037,-0.06343433947225956,12.642985210242276,1.0426993844345442,-1.4492378727748831,138.35076224782273,41.96335677757742,1.0388124387510538,-0.11331851353421031,0.005779707676679685,0.01354502824496636,-0.006579125600465833,0.003612084721798483,1.3520190794280684,-16.531500398719807,5.692431796811087,5.653204862334132,8.971491801761598,9.40364734196808,0.005779707676679685,0.01354502824496636,-0.006579125600465833,0.003612084721798483,1128.4248021104072,133.80229878247144,1327.5174072795073,332.8949039515717,131.62859134160692,40.69994821998856,-99.36722149574373,16.078962470753805,-1653.391346070014,-220.67530295973097,-1843.356291313758,-572.7150735073976,-3052.8174986088325
658.5358814034464,34.26332229029123,-0.07916785619893654,-0.06981225263304972,12.608285162036006,1.237779404279356,-1.5216007594343772,138.5726431633506,42.40429298441287,0.9753242202504128,-0.10524652857564452,0.005899068838978016,0.015466502649518692,-0.0013515682314643963,0.007785830841903457,2.2309354181767294,-16.261454279342168,5.822352598177814,5.812134896318253,10.052957306639987,10.536382593499312,0.005899068838978016,0.015466502649518692,-0.0013515682314643963,0.007785830841903457,1098.969588809855,120.59448836678894,1339.7055163220102,361.33041587894434,128.59408332163707,40.89663389590064,-17.553919510029175,32.305776751899465,-1623.1302513100945,-200.17437468880348,-1816.332886508529,-609.6340113135574,-1577.0416444571872
660.2463316019004,34.39568893507543,-0.0290212459285017,-0.039183049533379255,13.052364727778258,0.8895529682479895,-0.7419991030338507,139.52136798473686,43.81178015865344,0.8241221064199169,-0.04498271499534353,0.017557259870854727,0.04330345693939707,0.015284143597841977,0.041883197038995644,6.090360129978965,-16.718318342949058,3.706027963234258,3.7595719434520514,5.993365435852502,6.2755412394156265,0.017557259870854727,0.04330345693939707,0.015284143597841977,0.041883197038995644,1027.5588134304667,21.696354449729824,1451.8650123788334,446.00255339809644,490.0042844698021,22.84303540511932,394.7348509579238,333.4808212740883,-1286.462025731728,-25.661333105597866,-1982.459183294668,-658.687070091978,13787.520205451427
661.9567818003543,34.52332110463584,0.012353685291746477,0.03619300093866005,13.758449452142123,-0.25676101858316375,0.1756087555070765,140.68152658994464,45.06814129775906,0.7856659974493576,0.03783112373199419,0.028767290406730837,0.04553819691182766,0.023177537755760643,0.044647360976903694,4.63235355317586,-7.2719648658826905,-2.6096869559369362,-2.6295646124760483,-1.540165624611049,-1.6093781835487866,0.028767290406730837,0.04553819691182766,0.023177537755760643,0.044647360976903694,788.5364389294108,351.016569312667,1144.5754070193038,707.05553740256,666.3914805788203,413.29653726632637,897.9465621464448,871.0971233845197,752.9551073229056,304.31569868177417,727.281546270926,394.004589518361,36719.08918672612
662.4545133129435,34.55918746716205,0.01974068717179262,0.05964631935944919,13.898419509683581,-0.5937393659382109,0.195250003607851,141.04436336135336,45.40832681450453,0.7973417821886736,0.06093645878858459,0.028587877905028765,0.030391528438081444,0.022576883343836947,0.027932305590885904,1.966315699520956,-0.399773719389539,-5.221338668086896,-5.298268513147499,-2.9371071578336725,-3.0675601362085323,0.028587877905028765,0.030391528438081444,0.022576883343836947,0.027932305590885904,647.1858722459529,623.1333707818549,876.9636372072946,852.9111357431966,397.31553300993755,399.83146032434223,583.6204466188503,668.555500768074,932.9481853558941,898.2955808979771,942.7538269037622,915.8516038202316,24938.57170231134
662.9522448255327,34.59490269214106,0.030829202902221995,0.0698129703877375,13.927027939303343,-0.6220312478778064,0.344801664009041,141.40740975713842,45.74886318320443,0.8056933382034507,0.07901885134734582,0.026053006783747983,0.01517422386443406,0.023902053828902245,0.00895560230717426,0.5988840419427577,4.324150034614213,-5.859721709148013,-5.918858824467384,-3.4594339876197813,-3.6126526611493017,0.026053006783747983,0.01517422386443406,0.023902053828902245,0.00895560230717426,537.948814364718,798.1125519844824,702.9108502952784,963.0745879150427,282.40090672348043,242.81472207686278,464.1659228161524,245.3143446819714,824.458127966053,1220.7509116580206,843.0043515631988,1228.7577022661446,12938.946293331284
664.6626950239867,34.71749081484986,0.07894078456550109,0.06981283403031355,13.86612674712788,-0.6106140914908905,0.9398767179278805,142.5984379921817,46.9701239519593,0.8873023956597373,0.12203899297818985,0.020518949913795843,0.0031744981800576172,0.013552352006974773,-0.008621479258808736,-0.3772546077961489,13.30197900090632,-6.252836353939393,-6.219855823808565,-5.08121632036681,-5.306595380782755,0.020518949913795843,0.0031744981800576172,0.013552352006974773,-0.008621479258808736,290.07399180618404,1090.3914060755892,408.66219076274024,1208.9796050321454,119.3627992229076,64.51529535250563,131.19695005031372,-221.00758030859154,475.6952526996101,1627.9150616504055,630.9537616089777,1721.7664231713193,-4225.062933347623
666.3731452224406,34.83996843624232,0.09999954189224353,0.040753434490627224,13.798867364231855,-0.6528970892537107,1.2521219545368987,143.64339090373605,48.302747434681585,1.0244347011688624,0.1392497321415911,0.022772469938550866,0.012527363431743752,0.010320042216303569,0.0008153771926716138,1.0987774214980635,15.922163149936223,-6.336526139727075,-6.2629679851676805,-6.143380598358166,-6.416521029042032,0.022772469938550866,0.012527363431743752,0.010320042216303569,0.0008153771926716138,175.21084759741927,1133.1723990977143,363.71577270066336,1321.6773242009585,79.60402826468297,257.594763322155,77.59730736442526,18.645795790426018,290.75019516058626,1661.3616075240782,601.0125913154134,1892.6239270051083,265.96099261203756
666.8708767350298,34.875609993677095,0.0930528413983151,0.031547243397407256,13.823237000037894,-0.7169890739597966,1.213120403398208,143.90905375052827,48.717525612693066,1.069801755885531,0.1401258563887237,0.02542931674707483,0.01154511948213805,0.01639014072220636,-0.00015203407939783195,1.3661262166086086,16.407657025765175,-6.782826202227954,-6.727100439354539,-6.281792944927399,-6.560479954799806,0.02542931674707483,0.01154511948213805,0.01639014072220636,-0.00015203407939783195,154.64218731371432,1141.8136182853714,355.85792091366716,1343.029351885324,73.58427977442824,221.79943707907486,116.93834059462175,-3.4317167375466924,259.49577242353564,1681.3009721806236,585.0701548409488,1915.3619431748575,-76.25947552641907
667.368608247619,34.91114724973341,0.07980446038908477,0.019134810554018326,13.853797904434701,-0.7145751728073925,1.195863987959272,144.15933159382809,49.1422011820832,1.112082328436413,0.14031695861019597,0.030573445054729392,0.01368053667238779,0.02383690204443488,0.0032502527658656013,1.7856485947210967,16.61321934765369,-6.845637018917367,-6.792350048275259,-6.21101097956438,-6.485989586992824,0.030573445054729392,0.01368053667238779,0.02383690204443488,0.0032502527658656013,138.98252948490028,1138.5216770131556,360.1342029204844,1359.6733504487397,77.57224908384305,258.40539798393456,169.8682788341852,74.91603924896883,230.33956607357598,1671.9830142323538,578.5040773166226,1930.747163848336,2359.855207606996
669.079058446073,35.03341653392805,0.0044977839662626775,0.00029396894100910546,14.049324359767807,-0.7132176645891554,1.1940531804954164,144.8780513963704,50.686414501895705,1.2589362681114558,0.13920269286879228,0.045469538511764954,0.013543154705035278,0.058249330249403694,0.0035509812969265996,3.454922156258837,16.783100411880106,-6.798739046691514,-6.746955043736125,-6.116746788291437,-6.383769718025041,0.045469538511764954,0.013543154705035278,0.058249330249403694,0.0035509812969265996,97.3355902541553,1107.0956811507438,397.9093843908982,1407.6694752874866,76.20951836422553,252.1466032567815,382.0767730198959,85.40462963623472,152.24937403225988,1635.9236776293192,534.3629672742554,1978.2698880566315,5612.270230232165
670.7895086445269,35.153480088103215,-0.07407022098047904,0.012602056300885739,14.566720046788777,-0.7051306420699354,1.1161261990335407,145.37064971879556,52.32918185602168,1.3984519393341583,0.1355665552515273,0.05391234004142658,0.011935985687220511,0.08916264710221515,0.007114227317630592,7.2130378908127595,16.420135929279464,-6.853623582756876,-6.814874078002691,-5.669284699049161,-5.908074068251256,0.05391234004142658,0.011935985687220511,0.08916264710221515,0.007114227317630592,27.407518978639928,1015.3297467898342,506.9055893975824,1494.8278172087767,24.3284561412982,205.6797979901833,596.1975443030015,193.68783559106043,41.60630480691933,1531.838857466803,517.157580006335,2051.904417348058,9456.282862758253
671.2872401571161,35.18754685747986,-0.08949282100565588,0.02095557610608735,14.811860438977485,-0.6982303980502087,1.0481256675959234,145.47017990868375,52.81956011495406,1.4358403329168128,0.13407640955575856,0.05475427373083184,0.013091544843828736,0.09427666752300544,0.012691525822656025,9.025121717602703,16.270467886616597,-6.974495952458958,-6.944997557809102,-5.375561907873119,-5.598312218998836,0.05475427373083184,0.013091544843828736,0.09427666752300544,0.012691525822656025,-7.037689296507779,971.8797174354661,558.7368028107188,1537.6542095426926,-6.259962297150562,212.78388482300954,673.7908665965751,368.9531728876348,-10.752986491856904,1476.8299573434567,525.4635799068759,2064.702481072403,13185.280849625742
671.7849716697053,35.22100148497747,-0.09998737317842071,0.025502241199435415,15.13067436663679,-0.6138454174357987,0.8402846518058198,145.55134532357553,53.31370208770024,1.466926267772861,0.13267396906269605,0.05642225627857588,0.012968441487485891,0.09275213857222753,0.028797581886973407,10.852148145939362,16.030226726270374,-7.246880172417618,-7.23240524870222,-4.424927413230548,-4.604706308133839,0.05642225627857588,0.012968441487485891,0.09275213857222753,0.028797581886973407,-37.80307636928973,926.6601514592091,615.0656393167219,1579.5288671452208,-33.46777252093296,193.87963593086297,786.7825832079494,948.4909068986017,-58.24555478114763,1422.4369725387894,507.71137476204416,1901.156654978534,23385.130759856373
673.4954218681593,35.329768962771595,-0.09998564523571696,0.01672682886557189,16.49515149457644,-0.0956519526122747,0.4387350337816859,145.70609619608464,55.02341706184539,1.5334505130964908,0.12688247332533972,0.06511453409393908,0.02247636243901577,0.08281196857736879,0.06392789911288745,14.409979940305979,12.417735093826908,-6.3327599660601335,-6.297755059829005,-1.3597147977633137,-1.4104971611400716,0.06511453409393908,0.02247636243901577,0.08281196857736879,0.06392789911288745,10.607204267398686,757.72382809434,834.2209359729405,1581.337559799882,11.18191495172229,317.37920207648705,1216.9339745193683,2086.591345311786,14.664398157696482,1156.5187938521196,260.9035025700979,577.7051230521489,54124.795442662755
675.2058720666132,35.42938369794756,-0.07667321375989442,-0.00031083392240426744,18.00237816918571,0.22352379561462046,0.4630041163792984,145.7234624089023,56.739588359123005,1.5743186666512252,0.1180421083518818,0.07258940733483661,0.04094979458475217,0.07604653084242813,0.07019730653125746,15.217469569181679,8.109236432461827,-4.840868376675006,-4.775208970916485,-0.30141268739141813,-0.31171508243198,0.07258940733483661,0.04094979458475217,0.07604653084242813,0.07019730653125746,150.11469054811377,638.0092461540817,1014.4453938257614,1502.3399494317293,187.34476756057444,552.3970115090563,1481.7022818814235,2076.2433347369974,166.7227788542604,829.6619203643261,75.55476510679354,116.56630719178744,70875.26002617109
675.7036035792023,35.456736497033006,-0.07162729691057997,-0.001272335798464642,18.416358461291424,0.1752302984979451,0.5390422343370247,145.71303805066628,57.23803454729077,1.5883005403280088,0.11460708836808477,0.07344578683293684,0.04680369869121366,0.07663849006492884,0.06706275605721214,15.210934553857722,7.4049905861678464,-4.637922489592863,-4.57355925098388,-0.6033133267988531,-0.6234623313392332,0.07344578683293684,0.04680369869121366,0.07663849006492884,0.06706275605721214,179.87704588460497,625.4004464408193,1044.5996324410814,1490.1230329972957,228.43042390486184,607.6956839389629,1515.1937170012511,2050.7891908529286,192.21844907116483,766.5223240114981,153.56316882611966,240.059970905793,74359.7579427082
676.2013350917915,35.483507794340134,-0.06850593306451806,-0.0004260695252720576,18.824479644979085,0.08984955788532034,0.5495196067716778,145.6969029986532,57.73647119444736,1.6031097088441166,0.11103436328616946,0.07392912077778607,0.050182052013014386,0.07612085599960013,0.06794670481305905,15.07442749648163,7.074376316935862,-4.703386529925682,-4.649247947236562,-0.8678372939080478,-0.8961796901762782,0.07392912077778607,0.050182052013014386,0.07612085599960013,0.06794670481305905,201.54987344871557,627.1817708643609,1060.5058823416891,1486.1377797573343,254.50204897564794,630.531323784346,1527.5553058197063,2032.594465781928,215.9281688564238,756.771665025822,224.1088440953811,338.299824833168,76643.80187797637
677.9117852902455,35.5714888088656,-0.06989369499927256,0.0046604708556588215,20.119159751062643,-0.1917783877168622,0.5062586727045794,145.60564002326106,59.447279077049366,1.6498069707986065,0.09916415073937455,0.06958824835144503,0.044952100628491753,0.07527969865608193,0.06552702080916656,14.397935054507055,7.345727815258013,-5.02062463008698,-5.000444285624644,-1.5188317729597232,-1.5651787820163787,0.06958824835144503,0.044952100628491753,0.07527969865608193,0.06552702080916656,237.59317174588935,679.5510105481898,1066.812400003877,1508.7702388061775,284.159713663643,607.7393643647936,1503.798889587696,1996.1342622554662,272.9515194331493,875.0910532603306,390.811420247073,601.0553090162645,79999.3854876817
679.6222354886994,35.654221300704734,-0.08143717971280846,0.008764684270069592,21.269748282874072,-0.3461466753752609,0.4294870064701676,145.45916617615225,61.15401582746321,1.6887866823411586,0.08752454189047887,0.0590656093628707,0.031042350003845767,0.06958653494889025,0.056912631778920114,13.665356160073955,8.599186650880663,-4.971103554983847,-4.969843042885493,-1.7068083922435784,-1.7560271355544004,0.0590656093628707,0.031042350003845767,0.06958653494889025,0.056912631778920114,243.8591458585019,761.2316980767766,1040.5513528828033,1557.9239051010777,271.120765031938,512.0413762615959,1449.7548836267633,1981.8058951052217,300.76291918026857,1049.4556128288082,455.0972198060751,761.5112926645646,79999.41706481336
680.1199670012886,35.677493582887585,-0.08508629771926743,0.008956065898915438,21.581808417046958,-0.34668764402536323,0.41762389079327783,145.4062238763279,61.64973838649431,1.6984508172493067,0.08410555260716293,0.055427765599564346,0.02863417049889755,0.0658342299744458,0.053666777183864305,13.49145813439217,8.923310606515669,-4.803470708941819,-4.803032177402913,-1.6624635071282123,-1.7097019653110679,0.055427765599564346,0.02863417049889755,0.0658342299744458,0.053666777183864305,245.7020915620664,782.5756553259844,1034.7693661567166,1571.6429299206345,268.21305209212954,502.4208322624832,1433.9337910829295,1974.5372516673085,304.91774490171565,1074.5956522461888,461.10078172142255,779.4238127675704,80244.37246015978
680.6176985138778,35.700426063337495,-0.08850008731612763,0.009142539807236786,21.88580915902738,-0.3437405347689517,0.40266606134335386,145.348402024256,62.144925994517884,1.7078811829274598,0.08061647924329024,0.05150933267671904,0.026582063945405313,0.06027467964086188,0.05026167872401291,13.318984990486236,9.238133309623432,-4.628771662989027,-4.629045973324433,-1.6054358901888521,-1.650413184336889,0.05150933267671904,0.026582063945405313,0.06027467964086188,0.05026167872401291,247.70275437559786,803.5177171364128,1029.205315625758,1585.020278386573,263.6257382645954,495.0457967449866,1404.7488958031802,1959.5008583813883,309.25357710097353,1095.0823426650225,473.0751387149083,793.1046958034626,79999.43093936132
682.3281487123318,35.77696756682646,-0.09746232651620977,0.007023940735146699,22.875947539216966,-0.24367591478123807,0.3352871073630504,145.1121337693441,63.84177463995324,1.7362362581539617,0.06852363067896008,0.03882968473476791,0.023665339362671838,0.040368107892098125,0.0449040149279109,12.780854324013069,9.764474857452244,-3.8287459418745016,-3.8261362868172695,-1.1746892655385446,-1.2061634031708868,0.03882968473476791,0.023665339362671838,0.040368107892098125,0.0449040149279109,269.3872303615561,856.8696845950467,1027.4311360119952,1614.9135902454857,257.35644126780613,530.9320878176367,1218.3096489018878,1973.019004816625,325.7205322620797,1076.7550896218436,438.18569759705986,646.6213932207805,79999.64951545942
684.0385989107857,35.85036345255273,-0.09999783611229482,0.0030411475963858644,23.7927471926667,-0.04998385610391283,0.2528994014539383,144.82203977695718,65.52999264244764,1.7579344345059467,0.05674431986845968,0.028414105154223414,0.023269527327975693,0.024927987375467198,0.046548559592830364,12.307502785413375,9.08122350907287,-2.862369550976764,-2.852355109986097,-0.5342344135568516,-0.5479929898166959,0.028414105154223414,0.023269527327975693,0.024927987375467198,0.046548559592830364,325.0661629518407,871.4406021753987,1062.6522434057674,1609.0266826293255,267.5432903364138,601.244820252804,931.1521974386686,2051.099362402273,340.88950423808006,914.8823881078555,243.33303526666023,294.50312337244475,79999.35206937917
684.5363304233749,35.87119885449413,-0.0991271393064902,0.0019848254602600375,24.04785545015388,0.015381545612240045,0.22793573738480818,144.72833409990173,66.0194264885105,1.7629268676010867,0.05346427167380672,0.026005051138982476,0.02289802913984165,0.022346071196638447,0.047811600106993236,12.178215726756408,8.58965094804183,-2.5743033579908245,-2.5618455587031446,-0.3342718842691576,-0.3427884855292474,0.026005051138982476,0.02289802913984165,0.022346071196638447,0.047811600106993236,349.73724754884324,866.5360814475584,1081.7597891532446,1598.5586230519598,274.406587802546,609.1774357744423,872.5562388891781,2066.075448698897,342.3222264056369,844.0241615289023,158.8044273505345,180.93248708876163,80139.62797805057
685.0340619359641,35.89181034409484,-0.09747868418801481,0.0010833144878777123,24.29772422460546,0.07932334391357793,0.213534002007849,144.63107976859817,66.50811955949422,1.7673833544278057,0.050269840147962326,0.02386143150205544,0.02197805304500851,0.020635355114878323,0.04849063386651195,12.051234536668458,8.001375007696941,-2.2756462726195505,-2.260403343831781,-0.1587849965527943,-0.16278847705338315,0.02386143150205544,0.02197805304500851,0.020635355114878323,0.04849063386651195,377.1932099958917,858.5982517812945,1103.7557778722376,1585.1608196576403,282.14706451038506,601.1323289876418,835.9226927501072,2063.6672049567965,337.93094507641854,763.8569295317565,78.12542470252639,84.71022449538042,79999.31525504429
686.7445121344181,35.961074154155085,-0.08369570455044437,0.00312926173239427,25.120024952676204,0.2193534617103966,0.1737554794914049,144.27428610647945,68.18204164548327,1.7810148659508942,0.03968276063707278,0.017397909988899334,0.020597879109589316,0.017309867548632077,0.051704558446835795,11.627805564846279,5.745891022673252,-1.4487382684174706,-1.4286313710167864,0.22386720739032293,0.2293245699384648,0.017397909988899334,0.020597879109589316,0.017309867548632077,0.051704558446835795,477.78446460867576,823.4876600224054,1186.1568068814483,1531.860002295178,287.0439915687249,583.7789216969594,774.7543943803279,2035.1656320629736,297.45432179183473,498.34412448,-121.16474861666735,-110.99912478725501,79999.48424633728
688.454962332872,36.028147892219344,-0.056538304420044636,0.00871059038058722,25.887816060543024,0.29194220175864644,0.09591338966904368,143.8917777290215,69.84969996289459,1.7902923819345589,0.029502037539518976,0.011488935889391162,0.02332255828643204,0.014766414520074506,0.05638100490537752,11.190343257872403,3.4413032893419118,-0.8745780136047961,-0.8552908318092134,0.49372335189727706,0.5053975212606668,0.011488935889391162,0.02332255828643204,0.014766414520074506,0.05638100490537752,579.362914083461,786.409921905024,1268.8109130674488,1475.857920889012,243.87139227399817,638.0723010193243,718.133577651791,1998.3792809434299,229.5252158131648,288.1672884416885,-289.2654338348074,-222.07959460556035,79999.05788976714
688.9526938454612,36.0472993338227,-0.04597356897301628,0.010166000343989156,26.101345088191962,0.3109230815609385,0.0561359427548062,143.77738025415826,70.33421718815977,1.791846205068327,0.0265785102892317,0.009715014528229394,0.02513915093310683,0.013577054796773486,0.05803505325037479,11.054006511016649,2.820291516791915,-0.7453467183629471,-0.7271163736853886,0.5905328617890574,0.6043802329432384,0.009715014528229394,0.02513915093310683,0.013577054796773486,0.05803505325037479,607.4787197741949,777.162374668783,1290.9774760179594,1460.6611309125474,218.9401737559153,673.5035238392101,675.1977078093418,1986.3148489909572,207.35392663383757,240.10379664524496,-353.42281423398583,-257.1836585388199,79374.41844201967
689.4504253580504,36.06629617289017,-0.034567676440727925,0.010872916943742282,26.30996653359082,0.340387966240407,0.010621918163303871,143.66203119085003,70.81853303632639,1.7925432147112745,0.023665300522247502,0.008313706828475336,0.02779689413298832,0.013190387287218778,0.059935858075472484,10.907689963487114,2.1841884092680406,-0.6038141247031813,-0.5863202502343271,0.7170105870591893,0.7336882793847552,0.008313706828475336,0.02779689413298832,0.013190387287218778,0.059935858075472484,636.1918411807767,767.604168614424,1313.260268395277,1444.6725958289246,198.28295517031975,722.9404533406421,666.2358414819253,1970.8632604980896,177.51089723333556,188.2086889396069,-435.52505647263837,-300.9672370172559,79998.95150627226
691.1608755565044,36.130480209614795,0.00799669833789716,0.004981538355349506,26.990720689666023,0.5238566985185216,-0.15045643943160902,143.26167424910736,72.48201744929365,1.7879128669301314,0.013862831988379426,0.0041181153266662595,0.03693609878268294,0.012975897770396497,0.06603055824306563,10.326619762323833,-0.4460283877930883,0.038720077476834286,0.05760079817991141,1.317655883858263,1.347515167007307,0.0041181153266662595,0.03693609878268294,0.012975897770396497,0.06603055824306563,749.3634558754148,722.5280289073679,1400.5626862383617,1373.7272592703146,118.74318298445387,836.784411331912,676.5326546276875,1867.0155298157833,-13.692370839950428,-16.211348829645303,-825.1078851119862,-481.30535540791425,79999.19338976688
692.8713257549583,36.19312157912986,0.04352974825247837,-0.012317060967200274,27.603901150681697,0.7706421429619605,-0.27877880358488755,142.86409382784356,74.14590065116323,1.7743034719575055,0.004670871455109424,0.0028147749030872043,0.04384971249213286,0.015891028383329852,0.06999118393258844,9.487731878618586,-3.6513068592355515,0.8312561389522838,0.8556011307123154,1.9768191200106588,2.0205895817567048,0.0028147749030872043,0.04384971249213286,0.015891028383329852,0.06999118393258844,884.3794474187229,664.6975140696749,1497.351309660051,1277.669376311003,95.20031791475596,839.1966989388623,816.6083831528869,1704.578326382271,-343.31591209327814,-205.05663376999013,-1222.1151533314714,-628.6447242434745,79998.3970229784
693.3690572675475,36.211089973390926,0.05024809087540419,-0.019214958190218498,27.767473466040844,0.8423181690849789,-0.30245549921530046,142.75059577818777,74.63048235859794,1.769014450139463,0.002164667021857248,0.0033416345888198184,0.045023728398517864,0.01759077429361223,0.07046927243897252,9.169536876061063,-4.670784416346986,1.073909311085672,1.1002895601797296,2.1447637418764067,2.191963130786357,0.0033416345888198184,0.045023728398517864,0.01759077429361223,0.07046927243897252,927.6528648448958,646.6337693820359,1525.9553987202892,1244.936303257429,117.38141888779802,821.048849472789,892.7250496652935,1651.5057659510842,-460.1979059751902,-251.81204002454564,-1310.9910503167025,-657.798958746233,81011.35949195703
693.8667887801367,36.2289554382134,0.054855302176627305,-0.026332458812315093,27.92213817881335,0.9061926781796645,-0.3229075943928269,142.63862799004187,75.11536058403216,1.7633984680023411,-0.0002313061374833269,0.0032599461153005513,0.045643190511405994,0.018340027680247364,0.07041390062056399,8.791027510139266,-5.687868709950366,1.2991952881888695,1.327353704871023,2.2911288416352544,2.3412600907576047,0.0032599461153005513,0.045643190511405994,0.018340027680247364,0.07041390062056399,972.0365206468045,629.8242544613609,1552.7885458434523,1210.5762796580086,118.62623121983898,798.0020660627581,924.2554870274669,1597.3945773857827,-576.2058425764137,-291.7561546010041,-1391.8271137070462,-681.1595281213347,79997.98437954306
695.5772389785907,36.28964223091857,0.048575019809193605,-0.050065494660739944,28.38790693269639,1.0625977870458676,-0.3808181618298673,142.2698382305189,76.78555401209245,1.7420412526845097,-0.007854283878811982,0.004913847455501573,0.04686604107112213,0.021996698643540223,0.06977847049114204,7.03144769703177,-8.912518723015529,1.9296765932143876,1.9615359448233478,2.645486207100863,2.7023901894365343,0.004913847455501573,0.04686604107112213,0.021996698643540223,0.06977847049114204,1125.418720785408,589.194453813895,1623.9405525337186,1087.7162855622057,196.91492343893526,731.9179713712151,1072.0488385627484,1419.9340594139592,-940.1722454593736,-387.0498127724625,-1559.7451842792748,-707.9682752669356,79998.42830216873
697.2876891770446,36.349514456505474,0.014308458965130914,-0.0664946060743874,28.695767676438066,1.145284410345952,-0.43645735252649526,141.9330792570643,78.46298295237368,1.7175639678609598,-0.013948006861673605,0.007651937990301782,0.044898657775349335,0.024984218166098818,0.06597588351967634,3.930628393123308,-11.579352948025843,2.333634527493463,2.3663147260592967,2.8562056267425273,2.9169612663926374,0.007651937990301782,0.044898657775349335,0.024984218166098818,0.06597588351967634,1288.9917134144353,592.3165938968473,1641.2699484092032,944.5948288916152,334.3003807431463,698.7005281039075,1163.8052382369465,1219.8860214783795,-1236.429276430494,-465.55824752126983,-1616.0064751426348,-693.9067319368448,79992.88203100102
697.7854206896338,36.36683687658241,0.00025815128193466103,-0.06874282373996571,28.745160382449633,1.1600132623965578,-0.45539519654374644,141.84246532629714,78.95268485262177,1.7098679393866907,-0.015324476848702829,0.00829304231318197,0.04339129731791146,0.025287370592244424,0.0638090738065719,2.6579593666675256,-12.224560049592654,2.4074100925738744,2.439925423392427,2.9060734647812723,2.9677788040435598,0.00829304231318197,0.04339129731791146,0.025287370592244424,0.0638090738065719,1340.1653410270876,604.671149613579,1632.2171409855114,896.7229495720027,372.54194248855913,694.975157121424,1160.413662221021,1149.152716064304,-1310.2099301138119,-493.54828810132926,-1621.5622968550365,-686.7578894046009,78819.19076593658
698.283152202223,36.38413808438714,-0.014372118474345464,-0.0698120776530742,28.769642490073906,1.169526744808152,-0.49002050302025724,141.75542666550476,79.44294149121029,1.7020475868414544,-0.016442821356319783,0.006461647145457796,0.041011097320844576,0.022347067259843915,0.06018730022597122,1.2525790424830134,-12.814554781423649,2.431363812033057,2.462999689792498,2.9693436133264157,3.032333251618268,0.006461647145457796,0.041011097320844576,0.022347067259843915,0.06018730022597122,1392.0267809788397,621.035385865086,1617.4915620164215,846.5001669026678,302.0233092251689,687.9974372762533,1029.9869767016578,1064.6583024783647,-1374.205997532404,-520.7396805314579,-1663.0504768038654,-687.431373954594,70342.3939596301
699.993602400677,36.443567543122505,-0.06063155431209677,-0.06981137623339366,28.656347221478935,1.3184673246306637,-0.6199565332537069,141.48667022459153,81.13127922371828,1.6679688665002623,-0.016990924747588745,0.007316234266817721,0.01730330255639046,0.013740651636562707,0.03425958881958894,-3.7079307020691914,-15.045002950917747,2.546177402307272,2.5797168154641135,3.451712131183527,3.525179218156348,0.007316234266817721,0.01730330255639046,0.013740651636562707,0.03425958881958894,1573.1205859090478,667.9336315067236,1563.0218507290065,657.8348963266823,378.9287093009329,365.33975397260514,595.3898908276353,578.9669515149877,-1586.9051734462605,-677.4634482787661,-1824.9808408879628,-753.1024004745026,36579.085801927686
701.7040525991309,36.50347725712047,-0.09203697669366571,-0.060500480854866694,28.22552883248366,1.3743789529580244,-0.5301506309311375,141.27031069605195,82.8247315032143,1.632443341962172,-0.013374606483003567,0.014654098259532171,-0.020063077180772708,0.009523668463494873,-0.0015197675300410232,-9.120702138019382,-16.782635032452085,2.6270414925093846,2.667328169414594,3.491460273025137,3.5669154673484056,0.014654098259532171,-0.020063077180772708,0.009523668463494873,-0.0015197675300410232,1740.0592086381557,730.3271174294682,1472.109788695662,462.3776974869745,801.2554763303285,-452.61555653880157,394.4172259729208,-20.62920215759113,-1724.6563097497876,-748.133672831468,-1767.4428580670713,-609.2460456042257,2928.8220988532435
702.2017841117201,36.52109863510024,-0.09676457081249096,-0.05536293879541085,28.038328859841037,1.321873134372851,-0.41828131570363514,141.2182033101752,83.31839783979477,1.6236584532856686,-0.011716669886717747,0.01714488767271101,-0.031549000492979,0.009509653431236588,-0.011709304406140224,-10.827590256469222,-17.044085705643226,2.6290244801079927,2.671693537042031,3.2530079196597907,3.3238081920513234,0.01714488767271101,-0.031549000492979,0.009509653431236588,-0.011709304406140224,1782.5168740710606,757.0545274836003,1433.1250739791071,407.6627273916466,944.4510666440227,-683.2352258978249,399.99296766723097,-142.11466937702573,-1738.6276851703037,-722.8271834194734,-1668.8193762511264,-507.9543975242759,-2455.649570406333
702.6995156243094,36.538846194028594,-0.09999466754119199,-0.047219331013322895,27.824101533089227,1.1776829056933844,-0.27680816495792215,141.1710622080177,83.81253104489923,1.6178833101210017,-0.009994325203986992,0.016987838209762067,-0.04122104015046689,0.008250006859243385,-0.020616807168882728,-12.905868171473637,-17.12561073489456,2.4948782865494765,2.5371017402563374,2.786319686929627,2.8474708836879445,0.016987838209762067,-0.04122104015046689,0.008250006859243385,-0.020616807168882728,1827.5673936936041,797.200070139617,1379.0526335117902,348.68530995780316,980.0134167103383,-874.1560511587834,361.2944210020477,-217.76517335107795,-1722.3872636352673,-675.2492869573955,-1481.975569065675,-378.92905299465787,-9560.466859773423
704.4099658227633,36.60121999456714,-0.09999401480945382,-0.01237716304321754,26.792079888665977,0.45216513627624916,-0.08815977979836509,141.0498975479558,85.51402083988431,1.6077908173850497,-0.0044396720125580574,-0.0031065508703193748,-0.062373562027560545,-0.010140570745337276,-0.046622916642241816,-19.23823045926318,-14.474518609529824,1.053106197566857,1.0713461197511207,1.084820531139412,1.1095908057179396,-0.0031065508703193748,-0.062373562027560545,-0.010140570745337276,-0.046622916642241816,1866.4915521888981,995.6279532023102,1115.029887012908,244.16628802632005,-236.4247486760938,-1404.7873172561465,-426.21348339840296,-317.9158539429775,-941.7805098651495,-305.4249439352197,-552.7694771461933,-96.19043071727296,-78191.52824485043
706.1204160212172,36.66656345202543,-0.08607621700717213,0.01767314258564286,25.420902760807863,-0.15986467731560322,-0.12758704100455334,140.98368586398558,87.21980146455456,1.6018892583197553,-0.0011220588782479034,-0.03667771006975071,-0.06916510884507446,-0.040935041185916135,-0.06537140511727232,-22.178253560526514,-8.455811839509309,-0.5316917399155652,-0.5460454213167978,-0.1597783239846967,-0.16362671225705472,-0.03667771006975071,-0.06916510884507446,-0.040935041185916135,-0.06537140511727232,1715.1587588560865,1206.4123936360224,820.9288047007426,312.18243948067834,-1971.3066960281003,-1716.2475271213866,-1010.6907255168194,-473.5146065323716,343.4742028261538,172.05239175837235,48.998642356187844,15.273879910713532,-143530.28531695137
706.6181475338065,36.6862907822336,-0.08002821702217743,0.02262217547356756,24.980571778432783,-0.22839626877821562,-0.13816432116933688,140.97318007922237,87.71679522278245,1.5989080709355252,-0.0008910742335963255,-0.04581927294559959,-0.06926316512950914,-0.05046394964857482,-0.0694404938811291,-21.994972017846777,-6.292260438990106,-0.7308201760905807,-0.7499859144377664,-0.30130583958614643,-0.30869241943005904,-0.04581927294559959,-0.06926316512950914,-0.05046394964857482,-0.0694404938811291,1633.3299960609606,1254.754326673787,746.75938294795,368.1837135607767,-2056.174526460422,-1768.9600394498761,-1017.6684168304931,-563.7303775544303,399.56472879487086,243.13418780797326,76.283114392905,32.39711216440457,-146501.57184494505
707.1158790463957,36.706375316884085,-0.07275512130775467,0.02662712042354124,24.541109812560975,-0.2663375876412089,-0.12442821198143077,140.96504604479964,88.21399462601445,1.5961072425857394,-0.0009197427076123097,-0.052154541578778364,-0.06958213491820514,-0.057444580172548824,-0.07270243256483584,-21.82257814265883,-4.586738258031312,-0.8037513799366268,-0.8251251888929314,-0.4160159923432131,-0.4263994465692448,-0.052154541578778364,-0.06958213491820514,-0.057444580172548824,-0.07270243256483584,1565.7785877636761,1289.8161537267506,686.3709862041951,410.4085521672698,-2052.5091449413803,-1808.6445105345617,-981.5081727874098,-630.8031124792409,389.33722348488476,272.2378209541297,90.0256435083247,47.96578921262956,-145173.43551252916
708.8263292448496,36.778311426013026,-0.040506175066937176,0.035360640877637774,23.000439302639396,-0.3238474402581366,-0.012852666032865005,140.94848821719515,89.9238333445918,1.5911415695311104,-0.0027380584642280425,-0.06583069189951077,-0.07043029443968607,-0.07284757410965147,-0.0787957603322689,-21.019780163789257,-0.7389608649734387,-0.6659992842355561,-0.6879294819708182,-0.7743799257172694,-0.7950179447320999,-0.06583069189951077,-0.07043029443968607,-0.07284757410965147,-0.0787957603322689,1390.07509542069,1345.6153012305526,545.3319659625794,500.8721717724419,-1929.7866919707517,-1882.188909333513,-825.2287724306873,-766.618123017862,245.8739141105813,233.32637395034274,113.49095512521069,100.88951046129739,-133203.04177307014
710.5367794433035,36.85536246995573,-0.002228843681477967,0.04062683239044204,21.417830588737445,-0.38170523254780675,0.10787995258064968,140.93898177506784,91.63462930208674,1.594816618433411,-0.0066594160192107,-0.07138945841047376,-0.07126438548490137,-0.07846619171743734,-0.0784674408255296,-20.007585790612175,0.9650771592723839,-0.3850407046563642,-0.40700264357661775,-1.2032890690599263,-1.237755333402871,-0.07138945841047376,-0.07126438548490137,-0.07846619171743734,-0.0784674408255296,1275.542841039846,1333.6069874820193,475.53244738802476,533.596593830198,-1807.7671089991682,-1877.3107409946826,-722.7982079688135,-805.7781899692318,124.01510066930877,136.20383174054626,144.72198565665929,165.79600586917005,-118847.57172196389
711.0345109558926,36.878856961148685,0.009063175462706014,0.04232022471288752,20.950409820212037,-0.4198785111926282,0.12772077687852193,140.93554866429648,92.13246686459705,1.5977762713882435,-0.008090112358804635,-0.07231313783713954,-0.07157397628942024,-0.07892390468853344,-0.07744828132645472,-19.695594319219207,1.241439761023152,-0.3776675319029167,-0.40231156657031947,-1.369532242866857,-1.409644653920697,-0.07231313783713954,-0.07157397628942024,-0.07892390468853344,-0.07744828132645472,1248.768358407122,1323.4599407232258,462.6328271418158,537.3244094579195,-1775.5385505504025,-1865.3335030221638,-701.1266147841997,-806.1012183924103,118.16406546306065,133.28211092124803,159.05527362995926,191.23029890463664,-114568.41585237907
711.5322424684819,36.90289209787084,0.020006966029183344,0.04375489581267707,20.47952202687688,-0.45629126606989484,0.15048264476611004,140.93174823352902,92.63027383152927,1.6011556515448904,-0.009613675836287241,-0.07299015217566267,-0.07181376116942806,-0.07894153003256955,-0.07602314830405588,-19.374502219931156,1.5016118484355572,-0.35682912983404697,-0.38403996647048266,-1.5441935089950418,-1.59047210257586,-0.07299015217566267,-0.07181376116942806,-0.07894153003256955,-0.07602314830405588,1222.4298798505213,1312.7747910621813,450.61455356323273,540.9594647748927,-1743.728487207114,-1852.9583010699373,-679.9777391521521,-804.7527181181445,108.78503971231451,126.02955731417279,174.0337064434554,219.18188661620047,-110328.52205705327
713.2426926669358,36.98988326177368,0.05328912010299628,0.04914616036821339,18.83684610775884,-0.6014438576367006,0.21335599277042444,140.9133129968051,94.34054093757943,1.617085312214762,-0.015273777032325315,-0.07479289859549713,-0.07259432433450673,-0.07731898284138972,-0.06882438980759409,-18.18514273025186,2.361663565824936,-0.3859363840359283,-0.42708607078867894,-2.240533246977948,-2.313590739962969,-0.07479289859549713,-0.07259432433450673,-0.07731898284138972,-0.06882438980759409,1132.2768948359515,1274.3670663996334,413.8625886860661,555.9527602497482,-1631.0996779748264,-1805.703821553323,-607.9515635168647,-785.2762707959371,107.86841194341272,135.37243608430214,230.89032168968996,341.8314106327226,-95817.63136061312
714.9531428653897,37.084877290598506,0.07818907411255915,0.05485832557962442,17.156322456665148,-0.7410860102008286,0.26673333727205606,140.87954488831224,96.04966766658332,1.6400037229244797,-0.02008821057195784,-0.07640313841379047,-0.07324290344394266,-0.07444884906291713,-0.05931483705108048,-16.87899669792056,3.360856396631474,-0.541589514043413,-0.6023098940871122,-3.033886203357374,-3.1425787988888554,-0.07640313841379047,-0.07324290344394266,-0.07444884906291713,-0.05931483705108048,1037.457181912815,1239.6640791646923,378.17339786120135,580.3802951130784,-1507.4493409522431,-1758.8024582089436,-530.055804967653,-737.6621819081844,137.5273262233449,184.65328262001535,283.6522960960671,503.5523086455662,-81375.50230847765
715.450874377979,37.114247670601955,0.08354473130286977,0.056506930449997064,16.660202842012872,-0.7738251390763097,0.2831645361578555,140.865522543032,96.54671438215125,1.6480422697743558,-0.021047995611836744,-0.07695181501795278,-0.07339469895352192,-0.07363475001542467,-0.05634917452198035,-16.48004690353115,3.713789226321985,-0.5997384992223473,-0.66647677280995,-3.2709056855621084,-3.391604818359835,-0.07695181501795278,-0.07339469895352192,-0.07363475001542467,-0.05634917452198035,1008.0079355166873,1231.4491385549027,366.8640564252973,590.3052594635126,-1468.195274367344,-1746.7157642400903,-505.6809412474537,-718.3062670329454,147.47501487003308,202.6027557625011,295.24733979717456,556.4614120306611,-77217.15102024708
715.9486058905682,37.14453285260252,0.08819614262900789,0.0580847036230245,16.160842397096346,-0.8017610471913044,0.30135384587495156,140.84849088092597,97.04348177345886,1.6569996301873766,-0.021530868682114197,-0.07739843316090113,-0.07351366031791505,-0.07286650306610945,-0.05367891154406138,-16.07346380097384,4.074191289223709,-0.6705361451495935,-0.7431239545984085,-3.5103336989818015,-3.6438996498076373,-0.07739843316090113,-0.07351366031791505,-0.07286650306610945,-0.05367891154406138,978.3694464300198,1223.494343831248,355.74553357113405,600.8704309723622,-1428.0821986629674,-1734.295350592759,-481.6138198151069,-697.5921746256623,159.65723958414796,224.04276184320025,305.29887343668196,609.216930842776,-73120.56918715092
717.6590560890221,37.25606980099478,0.09811092761858713,0.06165146544386232,14.416730822343105,-0.842976751487506,0.36904890221954056,140.76475620347634,98.74883955863453,1.6940523909813525,-0.01952635942127074,-0.07916014398017339,-0.07365178220165546,-0.07014555225168156,-0.044268078158446106,-14.635072303376942,5.344802375300486,-0.9488692847541962,-1.037416111212599,-4.265754993817371,-4.447885864316484,-0.07916014398017339,-0.07365178220165546,-0.07014555225168156,-0.044268078158446106,876.2464877116662,1197.818068638836,319.3582073602,640.9297882873698,-1286.5203685089753,-1690.156115836014,-404.8419403332002,-608.5640331401596,199.96653607253808,304.6860742397224,325.2508310933237,786.3617563046544,-59576.06702657119
719.369506287476,37.38215342908307,0.09977753258636103,0.06160121357164111,12.628546234659535,-0.7934523649971981,0.46994018902460943,140.61598438118423,100.44719210016649,1.7468398084273522,-0.005960678836177612,-0.0810482922435159,-0.0732360755204269,-0.06726785032188859,-0.0349656568558016,-13.071914144888872,6.658370497263831,-1.4156773461990824,-1.5018679355048097,-4.941705384003099,-5.182968979850181,-0.0810482922435159,-0.0732360755204269,-0.06726785032188859,-0.0349656568558016,772.6481763630777,1173.2509633058935,287.644096170193,688.2468831130086,-1133.2775792306008,-1632.4902685577565,-339.5245451885605,-499.3293979591537,258.1544509395182,429.1705117459404,330.8675253189685,953.7088852530134,-46949.066661122844
719.8672378000653,37.42213639754761,0.09893015723129553,0.06076764428262915,12.099803781122777,-0.760894879254519,0.5102603190486918,140.55559462251637,100.93928932904485,1.7662869399417205,0.001263895643044742,-0.08157920201584434,-0.07298581784150734,-0.06639510262899659,-0.0323676685998631,-12.582153268404102,7.04741058408993,-1.5970773846093378,-1.6752266613957754,-5.12970490539888,-5.391258510579787,-0.08157920201584434,-0.07298581784150734,-0.06639510262899659,-0.0323676685998631,742.0272930945363,1166.0367893935008,279.6423220881212,703.6518183870858,-1085.6342058513821,-1611.1185384272146,-322.8573407168173,-465.50755885096936,277.6967426306806,474.35131596978215,331.29132755405016,1000.1563572405107,-43482.748556948674
720.3649693126545,37.46383756615713,0.0977960457251874,0.05951870858542585,11.574062872988511,-0.7216931204417285,0.5583572062693414,140.4829822359199,101.42814034078813,1.7890399596209965,0.010034846881836266,-0.0818331630316883,-0.07103745930591163,-0.06523767740959,-0.0304680118086328,-12.053251551316837,7.435380921841467,-1.7822920067332342,-1.8470749684705015,-5.326895847910056,-5.611037891565712,-0.0818331630316883,-0.07103745930591163,-0.06523767740959,-0.0304680118086328,710.8615706565687,1158.2134145491793,272.981291853479,720.3331357460896,-1036.7008234462292,-1585.0371789042554,-307.0837047778389,-438.60662554208125,295.4858823257019,527.772201016287,333.3947231641376,1043.8358613155108,-40208.494379185795
722.0754195111084,37.62364115472167,0.09157215734141341,0.051972510018366905,9.751252704695766,-0.5466823172211565,0.7976646982247787,140.13758711676473,103.09448475302261,1.8950023117631711,0.06450407727567273,-0.08489189428398297,-0.06671319156863388,-0.062366446248789516,-0.021428441455795453,-9.673037364006559,8.99099722525358,-2.973531691294655,-2.927289695545515,-6.23087848721104,-6.62639654400531,-0.08489189428398297,-0.06671319156863388,-0.062366446248789516,-0.021428441455795453,585.9077537470798,1126.8537025061382,259.1037114793478,800.0496602384062,-820.4516581155866,-1426.4513437989563,-260.5968083993146,-303.42482580258155,380.74055025153524,803.614572802666,348.93798381407004,1225.7275222250646,-28790.41259296533
723.7858697095623,37.81306112626804,0.08595161752818678,0.03376969930813069,8.18412500125956,-0.2933945542304161,1.1980353079808705,139.53729909630374,104.66960901829772,2.083387851100339,0.17035772017686443,-0.08515143791641709,-0.03967655636710644,-0.05772131061056787,-0.012492437642120682,-6.040715501739772,11.258010986451161,-4.924547164949932,-4.555281194627671,-7.52423747283143,-8.094417322892452,-0.08515143791641709,-0.03967655636710644,-0.05772131061056787,-0.012492437642120682,415.87486099470544,1093.2163484439986,260.03151255067786,937.372999999971,-521.5231678735587,-903.5834324877286,-216.91253560942562,-165.60943669100044,406.8715943566929,1320.106493367748,383.89769696360787,1434.0487456388976,-17424.102629590132
724.2836012221516,37.87450655019875,0.08521973840244346,0.025416355515475813,7.828839069696304,-0.20200815557084567,1.3535076070686227,139.29475810883665,105.09764659873466,2.1610896622429423,0.21338494642055947,-0.08353927385235396,-0.022586619522010836,-0.05538128240621379,-0.010661825210332068,-4.677075334681487,12.120246296059673,-5.62701414620426,-5.1018049339236375,-7.959634198550901,-8.59026633861757,-0.08353927385235396,-0.022586619522010836,-0.05538128240621379,-0.010661825210332068,354.422082722872,1083.640206981669,262.98686979062893,992.2049940494259,-421.5709313517233,-522.5880301009333,-203.01074967761133,-137.72051687216182,385.2708969519989,1498.7247850220426,397.870248450769,1496.3707080878664,-13367.723136624498
724.7813327347408,37.938106154670585,0.08662570953851502,0.014921065866813368,7.542701114198404,-0.07458774044524372,1.476342579770986,139.01929694591178,105.50083746106075,2.248597035246011,0.25956276932342787,-0.07326152505303786,-0.006758837722701275,-0.05186179837687033,-0.008030560537523488,-3.9304840755458197,13.081789745970129,-6.376558969577949,-5.6783479075270415,-7.941269274756237,-8.595313917322224,-0.07326152505303786,-0.006758837722701275,-0.05186179837687033,-0.008030560537523488,305.33519354859214,1092.4048576036546,249.10360318554416,1036.1732672406065,-325.8118438020552,-149.99551724837832,-184.26514521678857,-107.47324980820039,384.1939930109977,1607.8091873179735,383.8041041824684,1550.9534077993505,-9840.861863468075
726.4917829331947,38.170136607056776,0.09999727595601669,-0.03530669863351506,6.950497118642374,0.2979128911884837,1.9649492464924612,137.72563524333756,106.53566868271001,2.654196348894649,0.38869306704722606,-0.016768296470826664,0.018888744229560165,-0.0338683137209759,-0.008863032995496595,-1.7257107354287728,14.823144662805362,-7.171855675228404,-5.868814030451307,-8.309887650435979,-9.054110580053857,-0.016768296470826664,0.018888744229560165,-0.0338683137209759,-0.008863032995496595,195.87363475440145,1087.7124210785591,243.80765503733392,1135.6464413614915,-59.493027033610915,393.6736309042535,-121.9677191644611,-118.56912353936609,337.2098628235787,1570.6003858725608,405.40748930666734,1648.6789920795964,-4794.539052269582
728.2022331316487,38.408646395172696,0.09998400128890568,-0.06980340583858088,7.025906274726866,0.4132257731447161,2.2212306520207274,136.1253945027495,106.85018848439405,3.157060200745464,0.42627505112252645,0.038466680876597235,0.030784458035365784,0.0007618487340209617,-0.0034551332398929276,0.9344083634140925,15.260754707312726,-7.081330151877958,-5.626317474754287,-8.697600929557906,-9.466650288961288,0.038466680876597235,0.030784458035365784,0.0007618487340209617,-0.0034551332398929276,120.21755442798127,1038.3852756613421,294.36133335308335,1212.529054586444,79.49458533290449,608.8600997146998,3.31654723639901,-45.72196873417909,195.4444863046834,1431.9009056448879,512.1737193159308,1719.4890515722877,-876.9050865831413
728.6999646442379,38.47656555679764,0.09246674503523537,-0.0698113239570683,7.184843753655972,0.3691876884853215,2.1891821172609505,135.64554731448195,106.77317173340994,3.3094105992166494,0.41142066492639606,0.04790559551938856,0.03744432773703816,0.015372451296099434,0.0033363795753001816,1.9845634617003103,15.353134909004593,-7.07581897688867,-5.7143813008640505,-8.679553642516774,-9.42937606207447,0.04790559551938856,0.03744432773703816,0.015372451296099434,0.0033363795753001816,93.79747851727825,1017.5232813069763,317.8517976439016,1241.5776004335996,74.00666094749161,692.0478281102706,71.2591925770394,45.11116051102793,146.79219914447535,1366.9829104486334,544.8243008834714,1749.1220775536017,1258.6524510455254
729.1976961568271,38.54347995549008,0.08069673431441493,-0.0698122863172701,7.376048866343669,0.35078193447895645,2.0857079199279918,135.17567157986278,106.63405542656463,3.4534586933773026,0.39430210952386174,0.05935757318534107,0.03682987009099108,0.04279219977595836,0.008928651171706586,2.5896455167459997,15.330874024425873,-7.215321214102006,-5.970097428194215,-8.078802966433416,-8.759478262815772,0.05935757318534107,0.03682987009099108,0.04279219977595836,0.008928651171706586,81.67382701218958,1004.06029724211,334.5547980004652,1256.9412682303855,73.73941669021893,651.2391071941931,206.8778388907502,134.0156628345983,121.52109993471922,1371.6638907916545,529.2361289323964,1780.298239851041,2925.5209860728096
730.908146355281,38.75751526710197,0.056171992944131346,-0.0580635742000264,8.416175952457266,0.4379628465443908,1.6722162454065037,133.78081260009026,105.72915664679374,3.85515734139598,0.3356884880018568,0.07678313073548265,0.030633243184278708,0.08885183850694946,0.01701908457644883,5.723810048354281,14.707000264618452,-7.25542094181656,-6.390906331672751,-4.702057052931762,-5.050916899770182,0.07678313073548265,0.030633243184278708,0.08885183850694946,0.01701908457644883,35.2955626516607,920.1464876634157,437.58427289157487,1322.43519790333,36.90512757554703,488.8150588176101,560.8149820739249,479.60468285375197,47.97098576999074,1330.6435857010063,401.138735289436,1794.3656584539024,8673.64632370609
732.618596553735,38.9438590832529,0.0631029504436399,-0.03399315794926462,9.907396766435813,0.48668352258219666,1.339053774793245,132.74120828181051,104.38515032542308,4.135196044818848,0.27950358473999926,0.07702431923621651,0.02530176015284653,0.08753783407534159,0.028334860877871185,9.014788374372596,12.74647461758989,-7.013880716842947,-6.457107450418611,-2.4579584543239457,-2.6125738997638144,0.07702431923621651,0.02530176015284653,0.08753783407534159,0.028334860877871185,31.49668327620833,798.3920156402944,591.13762367238,1358.0329560364662,33.747261152759755,361.7697895636046,850.9135092847222,1115.0082253635846,42.16645196041682,1204.5481369223783,316.61178883168435,1258.3217639706754,19121.304830631794
733.1163280663242,38.99231248497135,0.0723034056360141,-0.025779650887120985,10.39933103103347,0.44263761122407885,1.28913238006577,132.50816898818638,103.95329565751119,4.1981375092489595,0.26400417484422956,0.07702005086923051,0.025264065090319546,0.08337515378013456,0.03607736107206433,9.724412959024969,11.833112474863727,-6.984920702691566,-6.5042181054632096,-2.396211446819613,-2.5396092534081776,0.07702005086923051,0.025264065090319546,0.08337515378013456,0.03607736107206433,47.725629015092125,759.6682638663974,641.4867435915996,1353.4293784429049,51.14559354771048,343.4631867960153,918.7767428472466,1328.2686813592168,63.61670133079345,1155.0373851682807,347.6786622068472,1150.6249523290464,23195.5967906023
733.6140595789134,39.03865502813497,0.08071316768405876,-0.017431105915647657,10.884186326969784,0.3630324162948432,1.199428334694893,132.29490832251417,103.50723078573401,4.2557148413052746,0.24847135700749415,0.07666151569682912,0.024629678283668154,0.08434167616496885,0.041421225536723325,10.195431581447751,11.37314075758918,-7.225779933523584,-6.829287650659432,-2.382676580087553,-2.5187336272752745,0.07666151569682912,0.024629678283668154,0.08434167616496885,0.041421225536723325,56.157794320173366,740.4260977519854,672.7381418382428,1357.0064452700549,58.64781283345388,312.9962931279436,960.9561986376651,1448.5343558735708,75.99824797259515,1139.6199455859694,357.70382000196946,1088.9772629351805,25944.648015181665
735.3245097773673,39.1840082390914,0.0999897923705554,-0.005300665133183367,12.516077530877649,0.14443110739002002,0.9218687241183168,131.70740193647822,101.91683201148729,4.409913526613161,0.2036467134646218,0.07593951770119549,0.023865222202864748,0.08333689998435162,0.05466728820822837,11.743693992695182,10.272049392056493,-7.550883146968128,-7.347690687824758,-2.1995974831595198,-2.3084395270937903,0.07593951770119549,0.023865222202864748,0.08333689998435162,0.05466728820822837,73.89812041208188,691.9189433391173,765.6850506390996,1383.7058735661349,74.29454693051858,265.88884189573054,1090.1504347848118,1697.6734649471766,101.87832231529036,1084.386862486849,377.7557896934576,897.2694469609775,34618.5387185365
737.0349599758213,39.31168424894191,0.09999849074084549,-0.00862200745648801,14.116255386588225,0.0260590738177761,0.7053149063883453,131.3017299840954,100.26613356894683,4.513133782391188,0.1703278102234613,0.07656687385599789,0.029607185434502067,0.08005528535356747,0.06232296764769269,13.204705289696406,9.444687475039306,-7.290857704545221,-7.182900262975785,-1.8317962476378498,-1.9119649919349055,0.07656687385599789,0.029607185434502067,0.08005528535356747,0.06232296764769269,87.94743512026156,656.1897889903951,851.0091212293096,1419.2514750994433,90.782400309279,315.79684991056877,1217.4943230018223,1845.8375422959493,118.90328280003473,1014.7651588683669,362.9948468343357,713.2969489741005,44118.9755031796
737.5326914884105,39.34624199136822,0.09556296857808572,-0.010574651222193948,14.579968450393006,0.013273395776926092,0.6562813895818703,131.20969227419187,99.77986891830706,4.536725494760927,0.16246548592120028,0.07710790811722044,0.03331041150281114,0.0795039154382904,0.06393990995765785,13.617556502621712,9.167202056775075,-7.1254570614251,-7.03304325978021,-1.6936601057513596,-1.765383544521496,0.07710790811722044,0.03331041150281114,0.0795039154382904,0.06393990995765785,93.93802918355027,645.4853925994391,877.1993222673834,1428.7466856832723,98.71316837330743,352.08116221870273,1257.9231368393018,1880.9063214329055,125.28333788628937,984.0568151070049,348.5450657141645,654.8933621466299,47355.83736565149
738.0304230009997,39.37970076569924,0.08985130683725266,-0.012265630363503038,15.042117976767546,0.001663257066749382,0.61096179940953,131.12872327579998,99.29080793190737,4.557889635752894,0.155088138468299,0.0777053543596335,0.03740094079200842,0.0784787211460728,0.06477072092012036,13.984595190226717,8.892155912158042,-6.954440163659652,-6.87522560568009,-1.5691990812212468,-1.633573963588915,0.0777053543596335,0.03740094079200842,0.0784787211460728,0.06477072092012036,101.15556672507188,636.1546992912749,902.4615589766386,1437.4606915428417,108.2551082711422,391.1988184818306,1296.1021222508753,1908.153880000183,132.86730123928402,951.7523349422299,336.2903951420031,607.02500002243,50599.76400622598
739.7408731994536,39.48758488556523,0.06694865493546694,-0.012856696979543444,16.603022747223065,-0.01903085119138131,0.48671490815560997,130.91726862576326,97.59851701371191,4.616816900009329,0.13366979102197937,0.08004134763950299,0.05124429343772632,0.0763889427748679,0.06680138632989813,14.884795889020175,7.946196142148511,-6.330811011235886,-6.281543902196653,-1.203757215863695,-1.2484212285609906,0.08004134763950299,0.05124429343772632,0.0763889427748679,0.06680138632989813,135.85783508743629,613.943024466289,982.1567245399797,1460.2419139188323,154.90469504200962,517.1494007551128,1414.418206366191,1975.853311731058,167.17950845587853,839.5403810829847,287.60704864671555,466.0209410710357,61755.815084266105
741.4513233979076,39.58607443150747,0.04440706921735817,-0.009568046156533385,18.086132501715873,-0.038502231600204224,0.4163557670383771,130.79095831646617,95.8948216578864,4.66081023256627,0.1176141166333513,0.08057342915310584,0.05941696717218534,0.07596167439846842,0.06833184342702922,15.136017873682645,7.198885340227417,-5.763616104223205,-5.730447213495901,-1.0159646633554258,-1.050520209931995,0.08057342915310584,0.05941696717218534,0.07596167439846842,0.06833184342702922,181.12035902955074,614.2433778465391,1041.728776950485,1474.8517957674735,216.02543806375164,603.2218148660254,1498.1011946146634,2009.9643882920589,209.63116675938647,769.9827094310208,257.9716861315752,390.4606183229054,71734.62072934273
741.9490549104967,39.61327015655596,0.038936118265642986,-0.008672547005142158,18.496418684115262,-0.04929721841084243,0.4069613436238276,130.76675221190064,95.39815771306657,4.672018419091904,0.11381188455224427,0.07996826755134104,0.059727043853876685,0.07604482010278768,0.06882918218106056,15.070404085200305,7.056271841002664,-5.624102827760393,-5.5942854361472465,-1.0069150304201564,-1.0403906031869108,0.07996826755134104,0.059727043853876685,0.07604482010278768,0.06882918218106056,195.35067681724567,619.8933132015381,1053.545932239162,1478.0885686234546,234.70888438600267,619.2261613263677,1513.4570795420452,2014.7937846206157,223.45014866888104,766.4606329049687,257.98283511209763,385.0807557542228,74222.14025845722
742.4467864230859,39.639866204983996,0.033505224535138364,-0.008047267691102726,18.895695347802032,-0.0636040961959733,0.4046095555602516,130.74796610409769,94.90111702953381,4.682702077750303,0.11050596677674003,0.07836229961775579,0.05675976081046876,0.07601436888986719,0.0687915865084054,14.9479609827138,6.967967348616547,-5.501949568473159,-5.474960059555863,-1.0238158964619726,-1.0571221819028311,0.07836229961775579,0.05675976081046876,0.07601436888986719,0.0687915865084054,209.250431707115,628.4802027643751,1062.3335957259224,1481.5633667831826,251.8137445814044,618.0310968385651,1523.8492631693678,2017.4802289364698,238.6270049794518,784.4643300553955,264.1816886203585,391.9880393443114,76161.20031814293
744.1572366215398,39.72738851227727,0.01067465674849247,-0.007554554300507209,20.170816344905997,-0.15984506854353647,0.4346868303744745,130.71894467198865,93.19164890031517,4.719288580740244,0.10042008432516229,0.07002967424472017,0.04152917094285221,0.07519622070595103,0.06667609237118757,14.239712910849967,7.281553855636476,-5.1739771627448246,-5.156327128314831,-1.2874146365527481,-1.3266032428662156,0.07002967424472017,0.04152917094285221,0.07519622070595103,0.06667609237118757,244.43825433803366,682.5350482969886,1066.2504087162015,1504.3472026751565,288.8496994776256,566.3865202016984,1516.0667283807863,2017.8913514018498,284.66038382518343,909.7944341914084,333.9862437586717,506.3814700317071,79999.40474917127
745.8676868199938,39.80985005144316,-0.02007937350007627,-0.006326392330284923,21.300823563501478,-0.3053200117776156,0.4831663863014093,130.74406104779368,91.48103260187015,4.756983168578012,0.09088211917537999,0.059795189426598415,0.027029935687877215,0.07189200027522676,0.06478146923067882,13.337264054421837,8.303485496590353,-4.935070597647416,-4.92723122142769,-1.6944240488779705,-1.7432137959771064,0.059795189426598415,0.027029935687877215,0.07189200027522676,0.06478146923067882,261.27375092103273,760.8553576580392,1042.4672094095406,1542.048816146547,292.8102617013156,458.0605283648258,1458.0552409761913,2009.0048542937648,318.5273467013659,1066.077170480907,441.1335105861655,681.0923553601949,79999.1092358276
746.365418332583,39.83307225445289,-0.030792575538529498,-0.005210813963160967,21.60335770818258,-0.3524495368204237,0.4930827856463076,130.76136681193339,90.98322647218637,4.768405550468292,0.08794147960107258,0.056921315196288985,0.024550222386230277,0.07020416756443414,0.06489112088916299,13.08535376222579,8.687411093493528,-4.871712875689814,-4.866970674299277,-1.8120911735741005,-1.8635235075710839,0.056921315196288985,0.024550222386230277,0.07020416756443414,0.06489112088916299,262.94850853256486,785.6291098601096,1032.7989086814168,1555.4795100089614,288.8119631511008,437.4517652936178,1434.2555735390129,2008.2606366847758,324.7935600192092,1104.4846035951762,474.51736819654457,727.1502332996823,79876.56338006229
746.8631498451722,39.855974501092284,-0.04167291207902536,-0.003828379315579072,21.894987226982813,-0.3957906859577509,0.49952376924842123,130.78343116179116,90.48551107119823,4.779694309370134,0.08502047669458553,0.05426141269339747,0.022721765568619275,0.06974378720469447,0.06575522255066948,12.803491165901384,9.047013069298057,-4.804380332864354,-4.802504857469444,-1.9115264260128633,-1.9650440760517598,0.05426141269339747,0.022721765568619275,0.06974378720469447,0.06575522255066948,265.90070313169355,810.216861350618,1022.9737930725425,1567.289951291467,286.14938598600617,423.9477888203269,1413.6744714960014,2009.7950616903843,331.9404930159193,1138.708141914104,496.68682294270656,758.6610493792549,79999.14090853474
748.5736000436261,39.93253622157781,-0.07673482820766496,0.0040484946562923865,22.819239487093842,-0.4980440814659052,0.46616662216469285,130.89679401242878,88.77676698092537,4.81753589610977,0.07491103078226467,0.04191696008600924,0.021471654578524922,0.05276034815276032,0.06718588841912589,11.68387314279842,10.310524850599629,-4.550994913372547,-4.557951373653022,-2.0312338177491256,-2.08576325938186,0.04191696008600924,0.021471654578524922,0.05276034815276032,0.06718588841912589,277.526214872963,897.8619248925111,983.4232877403119,1603.75899775986,259.32519660406115,458.7580228713315,1258.091107268134,2033.7219029177356,364.5462096265745,1230.4549373830753,609.3129638352466,799.5375320553546,79999.31070094426
750.2840502420801,40.00626629569425,-0.09818798165613243,0.010111952090656013,23.60659779598278,-0.3805077090026706,0.29006706179084935,131.0687014285953,87.07288430424272,4.846367430132822,0.06469562599569946,0.028185076533008495,0.031823603878544035,0.02574387064619692,0.06714036082548291,9.925484232901576,10.870809454357074,-4.031780772311657,-4.040217763050031,-1.3917276853945828,-1.4278436982130975,0.028185076533008495,0.031823603878544035,0.02574387064619692,0.06714036082548291,322.7876079955647,976.833003265974,946.9916577286629,1601.037052999072,233.5175905374672,744.9199697008593,813.7630007874254,2112.868711220918,426.5560449897849,1191.2516294050254,540.2694227010828,566.503155995849,79998.88240951514
750.7817817546693,40.02728077808755,-0.09999580974318019,0.010285442379899359,23.806964680634923,-0.2773223461590713,0.2013464365328858,131.1297954888055,86.57840984564794,4.851649487223604,0.06170398383971609,0.024600220066375248,0.03772985392100866,0.018594797983371048,0.06702033351225643,9.217774378714576,10.76159331179884,-3.7904589998968934,-3.797024612538616,-0.9894759974574061,-1.0149396417596717,0.024600220066375248,0.03772985392100866,0.018594797983371048,0.06702033351225643,348.1620536628556,995.6364281248025,939.2439833263898,1586.7183577883366,230.0348820112754,887.469854118403,627.8371693252953,2135.1884916372487,450.59949552809275,1125.8339211657503,408.55282751857646,406.89241421094295,80101.2961355652
751.2795132672585,40.048138547192906,-0.09956573740124099,0.008709631540593264,23.98761660265311,-0.12402677066752603,0.1045858015997935,131.19549730841223,86.08455493759524,4.8545654434239065,0.058698308075484526,0.020499061469524838,0.04453108761399605,0.012601011381482514,0.0677271420021982,8.365526731048739,10.335266746711811,-3.4474472744023967,-3.4496000938702145,-0.4629524220326096,-0.4747772974800456,0.020499061469524838,0.04453108761399605,0.012601011381482514,0.0677271420021982,386.0197898820764,1007.8441032379608,937.0843386455936,1558.908652001478,225.05431918902758,1040.1724856748576,447.176250037607,2135.425186603617,478.4902066363199,1017.1797681530865,200.35653191706777,188.38477603950057,79998.29565112699
752.9899634657124,40.118710739884115,-0.07996403633406517,-0.0009056270464088938,24.442645697693884,0.4712953432981062,-0.05258639878927293,131.45248718998386,84.39249358723852,4.85555929776032,0.04925464647890584,0.015899028995412512,0.05794632900598952,0.005435876592332502,0.06970900406935553,3.8900953060345045,6.945116607940347,-1.8337244877431371,-1.8089593256463825,1.1751953748727026,1.204639532370836,0.015899028995412512,0.05794632900598952,0.005435876592332502,0.06970900406935553,606.4419339902133,1024.2968836249715,946.2773246531372,1364.1322742878954,328.06070068390056,1368.2701204635919,193.20468484766852,1874.1959752710382,469.33433572713335,539.2177261497601,-509.447710674915,-411.16254572708203,79998.28343936564
754.7004136641664,40.18858106469953,-0.040089234020346684,-0.010232380542661762,24.441945668150034,0.9163035777609521,-0.05798292606282872,131.74227661747494,82.70596445160857,4.850793053166773,0.0419550040941518,0.012102956826735175,0.04901275164119527,0.0049865392500784795,0.05765692017498019,-4.45490982137813,2.2692154982403143,-0.39631380694946844,-0.3460423437890789,2.213340419984958,2.268755476591149,0.012102956826735175,0.04901275164119527,0.0049865392500784795,0.05765692017498019,944.9743592006787,1081.5023660369554,889.0320179501786,1025.5600247864554,434.9873327679001,1440.3736088056044,152.01627785916463,1327.054050520681,173.62190720677611,126.26225654061757,-828.8450368723401,-660.8851003178007,70908.71519049234
755.1981451767556,40.20897092188767,-0.026143760847378947,-0.011615854654801677,24.318778173778437,0.9693899002506403,-0.053559778918914155,131.82984480102786,82.21579768670698,4.849868943413764,0.04037867447113662,0.0085377717668414,0.040914772829657484,0.003469950946120585,0.04900776469056681,-7.886873270642907,0.985721619200897,-0.16391095598154043,-0.1098121448475135,2.340643259417636,2.3995389066114745,0.0085377717668414,0.040914772829657484,0.003469950946120585,0.04900776469056681,1061.6138130034994,1120.9200393488097,842.6251691595992,901.9313955049095,353.90081206338846,1378.1626906542222,98.98446178400077,1093.062135097823,82.37448711789042,45.499218110886325,-822.1033367638939,-673.7582381559881,60380.00311644355
755.6958766893448,40.22950040083536,-0.011827796621626642,-0.013387931406445633,24.104380394667455,1.0175751000681412,-0.08420649077373218,131.91798991197206,81.72572410187281,4.848250081579094,0.03909276852189553,-0.0007730401048358586,0.025788405633811313,-0.0026519173675535945,0.036580525280868414,-11.949619863800365,-0.18319625883329763,-0.01906844485141177,0.03732108288344245,2.5236965855043736,2.5877581875039177,-0.0007730401048358586,0.025788405633811313,-0.0026519173675535945,0.036580525280868414,1187.3200232230556,1176.297967319697,775.165400893155,764.1433449897963,-36.77860372441942,1071.7844462638352,-68.16846472209528,773.147561723758,10.936508145330015,-18.834143788798773,-801.5619816889578,-684.941610969066,31635.849072087796
757.4063268877987,40.30208231187225,0.035719796316531806,-0.01981483786838673,22.938788426164326,1.0486349073550754,-0.11124465151971781,132.21895264473673,80.04126346226239,4.841049889365867,0.036109847063952955,-0.036388950451865396,-0.030293513252491078,-0.028430535659979786,-0.011155882441199442,-18.781113512753898,-3.2776753563762715,0.28335879865369373,0.3461552736341491,2.7724270831980355,2.8464054563513357,-0.036388950451865396,-0.030293513252491078,-0.028430535659979786,-0.011155882441199442,1411.7779807705606,1214.5756948662693,673.0756069619404,475.873321057649,-1626.3552570315867,-1242.28112805739,-555.5798700748355,-166.81514048762514,-153.6747158760435,-172.63498890054785,-677.8581484248946,-532.8172648820483,-90932.3191497067
759.1167770862527,40.37908846304619,0.0735677884268513,-0.026327587353023273,21.426784198235076,0.9389233405383721,-0.12254233967668683,132.50750468258272,78.35476520594526,4.8319480262484165,0.03385601736061982,-0.061472124287308624,-0.06554380660057775,-0.050685772967821716,-0.04932507356070061,-19.270049121632123,-4.513164959444532,0.26206801204107705,0.32506502235362605,2.696955452973219,2.7740773420584257,-0.061472124287308624,-0.06554380660057775,-0.050685772967821716,-0.04932507356070061,1423.0676697432173,1151.531794497298,658.0540711069176,386.5181958609986,-1969.3219817606127,-1643.8811900956664,-803.7045577472968,-470.09568867233713,-104.92105187613556,-103.09120407721942,-543.662997110263,-338.138146520595,-111747.86653658604
759.6145085988419,40.40256743541854,0.081417352100711,-0.028156892786464185,20.98144491284,0.8932609576201134,-0.14269540313882711,132.58737599691435,77.86333320997318,4.829061383810925,0.03305617258111831,-0.06376111181792836,-0.0667824234376135,-0.0544587206251064,-0.055374168568687925,-19.104423688072707,-4.4427565078289195,0.18543730284253904,0.24621864793773388,2.6680433039099816,2.745983963123399,-0.06376111181792836,-0.0667824234376135,-0.0544587206251064,-0.055374168568687925,1406.47231482353,1139.1725844351456,648.4346399611451,381.1349095727604,-1958.2716236931933,-1632.5397721753145,-821.063252089633,-492.224850664223,-71.43113599786409,-76.25223717343887,-513.2110830857384,-313.78838903016225,-109540.33292028673
760.1122401114311,40.4265389654716,0.08785336023545195,-0.03045162210838657,20.524254960529028,0.8613280994703574,-0.15415335550846015,132.66516238857545,77.37156935122178,4.825439000828591,0.03210519802473882,-0.0664431020697864,-0.06999496720256071,-0.05755308941786573,-0.06099305353498155,-18.831721352178636,-4.35673959199661,0.17121774342927237,0.23132312327671223,2.6605949291940973,2.7400757820513477,-0.0664431020697864,-0.06999496720256071,-0.05755308941786573,-0.06099305353498155,1386.8180237737422,1124.6935260073344,640.8303912533521,378.70589348694443,-1940.8673356368804,-1620.3531658541372,-831.0929595536971,-509.5019332503135,-63.00137379259388,-68.16293344383624,-491.73775490265547,-295.80317901014473,-106836.64833368079
761.822690309885,40.51324474284143,0.09999525259305751,-0.0389547039402914,18.92754156102153,0.7969101804853124,-0.19902460087748736,132.91714763221012,75.67909538951544,4.810371717718833,0.027746228588025678,-0.07150480207706153,-0.07548327694441131,-0.060234646740652424,-0.07120644124784765,-17.604785705146668,-4.099787382676686,0.2833453809682561,0.3441436951323915,2.781811169215173,2.8720242407413545,-0.07150480207706153,-0.07548327694441131,-0.060234646740652424,-0.07120644124784765,1314.8054528524533,1068.1405590847983,624.0750075472617,377.4101137796065,-1857.2806102013033,-1550.3653100508545,-817.1772498927346,-528.7711147153551,-93.54705330731669,-90.78047627988144,-484.9453079405116,-278.7800899478049,-94836.14476768763
763.533140508339,40.60764022627579,0.09998640073663058,-0.0488361061148194,17.33329917954533,0.8000580486499511,-0.2758943450332067,133.14111922513635,73.98215622804703,4.788112929535784,0.019995293019120793,-0.07322118415007184,-0.07789779852692366,-0.05288919998205716,-0.07179515927309309,-15.737747323579743,-4.419563362541738,0.6962444796154583,0.7616280821517322,3.2150214776783437,3.3289790329445927,-0.07322118415007184,-0.07789779852692366,-0.05288919998205716,-0.07179515927309309,1247.859549286046,981.9552411926259,642.9856031533,377.0812950598797,-1765.5957748609376,-1430.3475300160515,-768.0754616511673,-513.7976218254045,-214.34324764537104,-180.61867444501974,-597.4090988779482,-312.5899235900371,-81295.01854362075
764.0308720209282,40.63673822703851,0.09832191272868314,-0.05204971566515721,16.87775657258854,0.8131690485999834,-0.30868462992730117,133.20022984965834,73.48741556945419,4.779696209837919,0.01678300770794678,-0.07367296244575326,-0.07906115018564529,-0.04929889938722848,-0.0709975977809729,-15.038309831329007,-4.718031906166075,0.8805521253078703,0.9477419820401682,3.418935531398676,3.543414949666366,-0.07367296244575326,-0.07906115018564529,-0.04929889938722848,-0.0709975977809729,1231.5467088857913,947.6849545313365,659.1193191009515,375.25756474649666,-1738.4740722300737,-1380.2215163791839,-744.2306236307796,-502.0888117146564,-265.65891165482174,-214.25598069436114,-659.2181757154801,-329.0572121210704,-77062.02884781989
764.5286035335174,40.666603221668026,0.09602496511136042,-0.05567684715341906,16.430124996853344,0.8332884411708387,-0.3459956622475696,133.25533990519713,72.99225772459886,4.769691347566004,0.013282753681096085,-0.07585903750804965,-0.07974973166775996,-0.04496299640772765,-0.06990066647611465,-14.27374098962467,-5.090155978673392,1.0914205323465613,1.1608614408317581,3.666700761350379,3.803854154986023,-0.07585903750804965,-0.07974973166775996,-0.04496299640772765,-0.06990066647611465,1216.28215691093,910.031450094878,679.421707281099,373.17100046504686,-1709.873840082495,-1323.8290007087428,-708.2303224385445,-487.3723234713907,-315.833266080544,-250.0877047703395,-736.3843679840029,-348.6089777692354,-72620.06190075952
766.2390537319714,40.77569097241028,0.08465501487060433,-0.06570932226521646,15.017221206878343,0.8603353261838552,-0.46778981891341614,133.41243230886883,71.28568200430152,4.725862052922498,-0.009358519414779018,-0.0741716309456371,-0.08616399190188245,-0.024000130835895937,-0.06360635929202411,-10.906044535141298,-7.16134977110795,2.2762800811332715,2.3477770849615816,4.417374739916899,4.598232803267525,-0.0741716309456371,-0.08616399190188245,-0.024000130835895937,-0.06360635929202411,1173.9100051110945,743.0453246675747,794.7000058508638,363.83532540734404,-1570.680533909017,-1054.1428167248794,-461.7547225548651,-428.7037395623921,-621.507393834616,-378.9435118005302,-1075.5333607138882,-407.8430699028169,-55417.8174251295
767.9495039304253,40.89437447826159,0.06620152638767399,-0.06981183697748151,13.894044437431996,0.7867044300717757,-0.6543935651685291,133.48055682058558,69.57254706792835,4.659699382861241,-0.05081023356969586,-0.04588347219764459,-0.08653088852051252,-0.008800198641969301,-0.05465435242228509,-7.081330094560212,-10.22312914827567,3.8564662599716106,3.8985341386516263,4.986744517029701,5.207524681021007,-0.04588347219764459,-0.08653088852051252,-0.008800198641969301,-0.05465435242228509,1157.180497310489,542.1029750010105,957.8525279266282,342.7750056171497,-1140.6052089896725,-721.8513654587385,-194.3436994938607,-352.31223569596074,-1213.7005274308333,-434.91875490892284,-1393.0495687676657,-441.301784523252,-36573.67208958804
768.4472354430145,40.930636642963776,0.059182219942235034,-0.06948566153272175,13.639564208715889,0.7397053018925664,-0.7349109905483081,133.4763549481543,69.07301641235574,4.634805603644155,-0.06685078163590774,-0.03033571246955428,-0.08318789425896553,-0.008306251247738473,-0.05178562132699446,-6.0120825954573816,-11.25564361060509,4.320350051450222,4.3425800986574385,5.112432574678059,5.343031008294626,-0.03033571246955428,-0.08318789425896553,-0.008306251247738473,-0.05178562132699446,1158.971841781058,481.7727881843218,1010.028598927215,332.8295453304788,-803.2507835726053,-622.8609360678786,-188.62276811829142,-326.6857790697287,-1439.366254927097,-435.0280013390782,-1469.7667193497336,-442.86308427072225,-30009.549793119655
768.9449669556037,40.96750977599386,0.05104438307888008,-0.06981230412685813,13.415560753566693,0.6943594258578876,-0.8246245213779245,133.45769012965647,68.57439741354067,4.605994091965937,-0.08267566634882875,-0.022293739588215414,-0.0774788974137216,-0.00818125019806547,-0.04850009687357398,-5.140862352783983,-12.300319103054221,4.729325865066084,4.7289732578238315,5.264315709959186,5.505736734559708,-0.022293739588215414,-0.0774788974137216,-0.00818125019806547,-0.04850009687357398,1166.3535258260958,426.3012690472964,1058.4472793023124,318.3950225235127,-583.505497735495,-529.598914563364,-188.85061405569536,-294.64528194280695,-1559.8460236684275,-431.55621087177775,-1540.7639135658026,-439.3416275405255,-25349.166177273008
770.6554171540577,41.09835931140154,0.01155201582813632,-0.06981281602506391,12.80696727001952,0.5487930199331393,-1.085924465895066,133.25308733826483,66.87218851354706,4.480250696895559,-0.12913571499629165,-0.0023671026929565206,-0.05635001448935447,-0.006155196958445894,-0.039714761817500256,-3.143533084163836,-14.785606510510513,5.790993481074922,5.71324080880321,5.658440576524227,5.930304718208394,-0.0023671026929565206,-0.05635001448935447,-0.006155196958445894,-0.039714761817500256,1184.8395465912913,295.2592540580967,1170.9171713420685,281.3368788088738,-55.32901430469031,-294.47690924840856,-145.28932893750135,-215.10417588343506,-1727.570638967406,-395.59552412809455,-1701.4401119048546,-421.932598585765,-14103.743268481545
772.3658673525116,41.23405658117454,-0.03797890274901942,-0.06961678314953851,12.391620519259714,0.49108885935745256,-1.299053177445996,132.79925807309246,65.2276074668858,4.317906817166244,-0.15805884587378063,0.004788727066676452,-0.031945266116337724,-0.004461710378017843,-0.02948395164744541,-1.8603819912148787,-15.969047727842153,6.324595343997401,6.188119601039143,6.241873805339029,6.551596424805764,0.004788727066676452,-0.031945266116337724,-0.004461710378017843,-0.02948395164744541,1184.1663784595523,223.38400276789207,1230.6124387519806,269.8300630603203,102.07979427512265,-139.29853303418594,-99.41795535281612,-148.97367533992895,-1738.1745248080097,-354.51725961604603,-1789.505590201244,-436.25832106162187,-9013.668006583082
772.8635988651007,41.2741615371148,-0.05280910716331575,-0.06981239589452069,12.29644821930208,0.5043178135554807,-1.3566525529648037,132.61444227207411,64.76740703695891,4.264694982382064,-0.16219245207338565,0.004316828524264736,-0.024052358971993978,-0.004558420434472517,-0.02523477711803747,-1.4652805323222684,-16.145825760208172,6.380240355435442,6.233589757269545,6.526742990594195,6.852908897082782,0.004316828524264736,-0.024052358971993978,-0.004558420434472517,-0.02523477711803747,1178.8026501199454,207.38437297684203,1243.8776979382692,272.4594207951657,90.87411956060791,-100.07012459713002,-97.58331542047097,-125.67395243558659,-1733.4682547068571,-339.93893323239854,-1807.4550185087933,-450.9025906985738,-8340.496636461261
773.3613303776899,41.314398997973385,-0.06689571310999187,-0.06959429165929522,12.22792560550901,0.5232389860111928,-1.389620618721186,132.4073519368653,64.31814827108302,4.210073202111148,-0.16470698455248858,0.009030801992715219,-0.016902618326127692,-0.003955126964449375,-0.023492584618222918,-1.0107320327564255,-16.292363330239557,6.467768926045182,6.317423500210168,6.750209055830205,7.089258641741163,0.009030801992715219,-0.016902618326127692,-0.003955126964449375,-0.023492584618222918,1171.4933049207839,191.25855248984175,1258.0478665795413,277.813114148599,185.48092152116425,-65.63200099892933,-82.27420492484048,-116.18043424215979,-1718.4511275058596,-321.2843928792002,-1824.258587535924,-464.4596649981916,-6414.381350754081
775.0717805761439,41.45406466016488,-0.0999992255521475,-0.06979165579790639,12.041297801435269,0.708597952784819,-1.5264359022593452,131.51790479049228,62.88063633243676,4.004822398056185,-0.159212725605514,0.008732450716902497,0.010607924059024915,-0.0040559639331206295,-0.0012972857849682697,0.5467093334401425,-16.547908323480428,6.431589631630543,6.2931383362411895,8.128212329470893,8.54109764616936,0.008732450716902497,0.010607924059024915,-0.0040559639331206295,-0.0012972857849682697,1139.7185404433906,144.10884957613808,1299.9265828033535,304.31689193610106,176.62799778886765,31.69074076099084,-68.94244104056985,-5.951636352365443,-1682.1128700236104,-246.0471860054901,-1846.1210373155766,-528.6904233519474,-3389.289640342328
776.7822307745978,41.593403346449605,-0.09999855037457456,-0.06980717054760822,12.192551237409642,1.0024375751414967,-1.5290812341915603,130.37608767431752,61.640277118782116,3.790396729126983,-0.12984799670167943,0.008665045599763005,0.030025287655887342,-0.007999280098013213,0.0475265879310152,4.680290113016802,-16.369143520293747,6.117118289863073,6.049845007245635,9.35584868976477,9.822845635883285,0.008665045599763005,0.030025287655887342,-0.007999280098013213,0.0475265879310152,1038.3672757568065,53.51302098210817,1394.788082249337,409.93382747463863,171.046114582512,32.76917649359593,-117.52953729905347,220.9500990362334,-1554.1152448362984,-86.76560609728796,-1886.8034878945132,-637.0579888062383,-197.64940335294372
777.279962287187,41.633422823370324,-0.09201569790809823,-0.06946783338644315,12.349282783648638,1.093679184652576,-1.4726026655439788,130.00075069257412,61.322453502900565,3.729658372273237,-0.11644888254287554,0.013532983173995641,0.03177957577622687,-0.009957639425470954,0.06702116368598234,6.852264888169375,-16.22614122604008,5.9947295165591665,5.960718208835327,9.472235076180388,9.938673828331556,0.013532983173995641,0.03177957577622687,-0.009957639425470954,0.06702116368598234,984.7092230584292,8.458742681802676,1444.318701176766,468.0682208001393,258.131174709719,5.524467429131867,-146.5806492058662,318.6818467471694,-1471.0317148639542,-13.622795357420909,-1920.3514159215474,-668.2851022531808,1844.7892211518629
777.7776937997762,41.672938567326185,-0.08097046078818561,-0.06589219261256982,12.60082175769525,1.13795201037174,-1.2236669325574814,129.6084950006668,61.022840519872645,3.6751266535773586,-0.10365460343193542,0.012058493086692667,0.030043861654950047,0.04417051069881311,0.09016228542595954,9.009106198533294,-15.955528979382743,6.404632368746922,6.427538772496746,8.737808663933022,9.160532488634729,0.012058493086692667,0.030043861654950047,0.04417051069881311,0.09016228542595954,928.9282782116027,-31.04073806861544,1491.121788131529,531.152771851311,205.77998299973117,-18.323511817286352,672.9664837573065,456.44570406719714,-1416.5515082756103,51.82457796864912,-1830.4886291769876,-660.6683618317029,13331.060131910672
779.4881439982302,41.800994648095354,-0.03195462456376996,-0.005665734140104172,13.956198179581293,0.5309042755795741,-0.32820502249757605,128.1536199508576,60.146252761123186,3.5782542013028085,-0.04618091463069202,0.030936127526317577,0.05942282177174026,0.11224244999280714,0.10436914577437281,12.716061111997835,-12.436311782971487,3.665779639040011,3.710957455037308,3.041455751999709,3.175953636211387,0.030936127526317577,0.05942282177174026,0.11224244999280714,0.10436914577437281,755.2632520964285,7.028956393680971,1494.9409940581108,746.7066983553635,600.952748175471,8.95836999358619,1738.397628547324,1006.1129882349896,-897.4319173275011,-7.324909585254103,-646.3535984046279,-416.12456970962876,44225.01294119073
781.1985941966841,41.91777613011056,0.025885528174617072,0.061565408749892664,15.354242276907136,-0.4194897280270732,0.1934436289282704,126.60026044916121,59.4272366234625,3.5741511261341192,0.021659691290990796,0.06095006685775058,0.061148239848088724,0.07529312897205004,0.06811668129140479,10.004370128911443,-3.8357312566039257,-2.1783971131237965,-2.2160679831814374,-2.023266271339188,-2.1045191011133406,0.06095006685775058,0.061148239848088724,0.07529312897205004,0.06811668129140479,583.7282488188243,352.95036825620787,1196.7069014200458,965.9290208574295,801.240625686666,491.78675721128235,1621.0753463557853,1323.89275362628,367.1611777713488,229.79566935009473,561.4460473729987,524.3815110196573,62207.48261253599
781.6963257092733,41.94977547489707,0.04281364297051072,0.06981083913545354,15.634226367913605,-0.6041144148508979,0.1931705228253969,126.14234845599566,59.23267138782704,3.581465658842145,0.041365248482223976,0.06689978003165299,0.04097683103318403,0.0594071055531667,0.05761825314379443,7.882114174908068,-0.17754345664236806,-3.9552444491548666,-4.017763238173015,-2.64974190321383,-2.754144517161608,0.06689978003165299,0.04097683103318403,0.0594071055531667,0.05761825314379443,528.85266320817,518.1707097837366,1041.5835786770967,1030.9016252526635,660.6977213015756,495.69632447713786,1319.7599614753776,1283.408002075499,511.2281577369826,622.2552865414577,748.4330817750105,779.2149887652662,55220.775633019824
782.1940572218625,41.98132625673853,0.05846058869731607,0.06981295748729788,15.83775614361292,-0.648541024730448,0.274756487131756,125.68417239022062,59.038491699278026,3.587428396224142,0.05752091172245516,0.059652282895266986,0.021903097499140052,0.07390734717114587,0.03911706317388391,5.9440907419814195,3.007566825991249,-4.774175382228464,-4.83172532458581,-2.973286786713072,-3.088857474284402,0.059652282895266986,0.021903097499140052,0.07390734717114587,0.03911706317388391,482.5712644558153,663.5223924989252,903.6862797606934,1084.6374078038034,534.9711390476773,339.1483612278635,1195.605204883051,1070.8907505560207,561.3811742390869,953.7559543178121,625.6562046130813,1056.5564739699905,45417.97106244091
783.9045074203165,42.08737655712716,0.09316573776885824,0.0601138438293531,16.274377697330205,-0.7838072984336715,0.7530019673116337,124.13133699233896,58.33313129043138,3.643494628915855,0.09151177159360849,0.048617068834290005,0.006912862335346532,0.07368743736437922,0.003756779302761141,3.604449690552597,10.926329913836359,-5.75506423565828,-5.7744505688831245,-4.497648009637373,-4.6672757508365,0.048617068834290005,0.006912862335346532,0.07368743736437922,0.003756779302761141,307.6667142114556,965.0525139860729,618.472922194326,1275.8587219689432,277.5803239858522,135.85593250560677,752.1440485548455,113.20012162161694,432.999572189166,1453.09126104071,607.6328412334443,1757.3983443591883,14810.059404190204
785.6149576187704,42.19065832385866,0.09999959802028181,0.05357953671943716,16.59432159025419,-0.952378875028854,1.0230974987830792,122.63402873670104,57.52869055331512,3.737075652894215,0.1025810918256218,0.050124577454737154,0.015104438303175392,0.06513005592686784,0.008786967900816092,4.771159887455451,14.909735371464222,-6.177996330930027,-6.18915637801456,-5.607846418731376,-5.814693240757729,0.050124577454737154,0.015104438303175392,0.06513005592686784,0.008786967900816092,166.04304586530947,1063.0915872228263,532.6720064233773,1429.720547780894,148.39066435606458,296.6516917045906,562.0537499654649,235.01474065712048,242.98971505840632,1568.243762051642,643.4413487449727,1981.769031062108,14136.71339771362
786.1126891313596,42.22036341659533,0.09706568453367473,0.055691526103300665,16.720066258757956,-1.0190090201697095,0.96591683061715,122.21287076575504,57.26845731258632,3.768048251133974,0.10345572863975962,0.05123889543930052,0.011485245523546291,0.07407198312435048,0.017212759577023992,5.170703953416578,15.471273900619673,-6.612614845599036,-6.637856415151416,-5.657134291814752,-5.864176785430678,0.05123889543930052,0.011485245523546291,0.07407198312435048,0.017212759577023992,142.0159865322488,1072.8496559249038,527.7890105927784,1458.6226799854333,123.12308815127217,213.06474803524708,585.8397433134272,453.6546278548967,212.4628896370756,1600.1380265690395,600.4856108805646,1975.5280220731256,16406.03033691576
786.6104206439488,42.24983202594295,0.09358799279628592,0.05699429602846655,16.841286204346826,-1.0586533603561843,0.9843929459587188,121.79826573542438,56.997786463980404,3.7978535056958362,0.10388538868368995,0.053569117365726476,0.010333855481223692,0.08224287295289451,0.00866462084754531,5.879506405386079,15.840991831453637,-6.712739669255331,-6.740557405782102,-5.790807458632527,-6.001120242182611,0.053569117365726476,0.010333855481223692,0.08224287295289451,0.00866462084754531,116.35836455473321,1069.4362201992167,535.9369366339945,1489.014792278478,103.19616399500357,188.44579010203887,607.9325248317961,230.80840830172548,173.4510000289227,1600.0012190183954,580.2338617018903,2043.8006709166696,12402.575793946711
788.3208708424028,42.3488251748946,0.09001752924815469,0.0541252643279361,17.552388269474744,-0.9308969885563425,0.7388882087212206,120.43619398248215,55.97816029078852,3.884102812568143,0.10490464887548645,0.05987968015248721,0.009619719878553923,0.09352891157400227,0.023312577385384198,10.161986387772432,16.28989812658181,-6.995943196439952,-7.030494805682447,-4.615030536864065,-4.776155881670414,0.05987968015248721,0.009619719878553923,0.09352891157400227,0.023312577385384198,14.964018566565016,995.0504513063634,638.7850198423732,1618.8714525821717,14.035919460748806,158.18625944773035,803.7074315380657,783.6906647774059,22.194114844585844,1513.6149115790547,537.7608282344219,2011.1287275638954,24071.55373634952
790.0313210408567,42.443065804524515,0.09595022011478785,0.028522303997505462,18.644024410142546,-0.4315190766153676,0.37232728957656946,119.16980743232295,54.83967252713121,3.937724211464067,0.10462518137507533,0.06436662689006023,0.014525421696380072,0.08662780877457063,0.06193437251788205,13.834783592818745,14.26559351720622,-6.348945938403891,-6.360634364611182,-2.081779677757068,-2.1503842894101375,0.06436662689006023,0.014525421696380072,0.08662780877457063,0.06193437251788205,10.838246822983479,869.1318071970437,810.6872810751786,1668.9808414492388,11.33515420395651,234.49971883434333,1153.7164160481211,2067.4133077218394,15.07023107914926,1331.6026593374502,365.1732485603894,901.4028517541207,57227.75074241208
790.5290525534459,42.469366067657596,0.09880796465390856,0.014669121502737829,19.018933739424668,-0.2234157233744194,0.3100992836467024,118.81899253718086,54.489760618214966,3.9457775273750038,0.10418902295753385,0.06548110478369433,0.017120589934388072,0.08267393765608833,0.06936879285150932,14.137130859894883,12.986504178370998,-5.855764881938495,-5.85208543758763,-1.2974874951677677,-1.3394131344891467,0.06548110478369433,0.017120589934388072,0.08267393765608833,0.06936879285150932,50.034509338430325,831.37128965695,864.8801748234087,1646.2169551419283,55.121290243612634,285.46879505709774,1259.4129690610787,2170.6761588106797,66.11323516175271,1256.4070691149038,257.8584712411903,529.6707418821618,64006.79988505606
791.0267840660351,42.49516980733879,0.09999482952373483,0.0011879316088774675,19.387640602892493,-0.05419751001665046,0.33505295238309807,118.47444158357507,54.13355407434368,3.9535300921881773,0.10332930811786992,0.06665568381031649,0.021745165437894193,0.08105130849988644,0.07179915358039174,14.33993069926735,11.687765375858376,-5.254961974528038,-5.233871588882554,-0.8311041355815495,-0.8574463090653258,0.06665568381031649,0.021745165437894193,0.08105130849988644,0.07179915358039174,92.20514736454999,795.4029319616491,917.3281257693357,1620.5259103664348,107.82909058013317,376.1944157819529,1343.6012107117454,2181.638313913325,113.36321222483728,1157.550744790956,178.95078738590493,330.0166800944325,69782.32332603412
792.7372342644891,42.58041782644821,0.07635180248410102,-0.028088511371162223,20.606578918323137,0.0643917335686577,0.5146753948578429,117.32585165691954,52.87412271717381,3.990398101028578,0.09568017836249344,0.06437468390511095,0.023706600623297044,0.07454439325341168,0.06330336836262555,14.129099093838901,8.835350156125024,-4.115210606626796,-4.074498418139087,-0.7976866214941496,-0.8214520547666294,0.06437468390511095,0.023706600623297044,0.07454439325341168,0.06330336836262555,210.24488726470378,741.8262850877632,1027.6381513892384,1559.2195492122978,264.1340358091617,448.6117113677271,1487.3516668611978,2111.6231189450373,221.9256130176627,972.8017838161034,204.4427056371605,342.7744834198889,79999.25808785971
794.447684462943,42.66113109910197,0.018708480515530836,-0.032016153996894246,21.719513234844264,-0.20273467556879646,0.580460869147835,116.22280501950608,51.56912626656626,4.035413768451778,0.08201116988866239,0.057442411986743803,0.025024671764993865,0.05620437519368581,0.048688418794592,13.397140778379379,8.605095810458744,-3.951404362504826,-3.9302913025505837,-1.5702527971090943,-1.614587036403107,0.057442411986743803,0.025024671764993865,0.05620437519368581,0.048688418794592,260.8422355575346,778.5703140710855,1045.7139166197064,1563.4419951332573,313.9237102055911,501.84639609037043,1400.732821099373,1920.6217530973831,281.40578480762764,992.4801600262506,492.1364960809792,783.7281622820237,79999.48666075159
794.9454159755322,42.68391167447934,-0.0027715179006005705,-0.028598143654549518,22.01755076570572,-0.29066023069286884,0.5295232257610617,115.90861625872826,51.182542993736455,4.04859810565348,0.07713820257002865,0.055516143004591505,0.029220337906029285,0.04669301082864977,0.0470393366232961,13.252522811064454,9.054464257324161,-4.018247491851707,-4.007063199573197,-1.6845728838733534,-1.73147835133525,0.055516143004591505,0.029220337906029285,0.04669301082864977,0.0470393366232961,258.0349325422359,802.7993936440533,1036.6546517830957,1581.419112884913,303.45705170839267,582.5509464763545,1284.7786272502217,1898.9380432373594,285.9363605684358,1008.4044162306283,577.470208315028,858.6836717482657,79506.21281783746
795.4431474881214,42.70639099831974,-0.02379644484863671,-0.025465565412434808,22.309757978153076,-0.32478191781604887,0.409228518148759,115.59806314228105,50.79276643752614,4.0596805337109405,0.07216049966036558,0.05421387878449341,0.03861393736508719,0.03222885749543378,0.05004570876707758,13.092762992980287,9.498542719542256,-4.08201966329482,-4.080577107984486,-1.5388263378733813,-1.5811089195037231,0.05421387878449341,0.03861393736508719,0.03222885749543378,0.05004570876707758,255.69973062312295,827.1823008567397,1027.3455182329417,1598.8280884665583,295.26312620509566,734.4499345062156,1034.9795944628056,1981.608541455872,289.2850607713136,985.9449776969388,607.9812850770095,770.8468783983722,79999.48888890579
797.1535976865754,42.78149725832595,-0.0781378098839796,-0.025241319972311736,23.27055218302978,0.05514217034598003,-0.015543417185210857,114.5606530755388,49.4312819448809,4.072949710247869,0.05574672766959582,0.05270197458108251,0.06448316768217525,0.006433843214343137,0.0640304741754181,12.59562823709239,8.02148388298739,-3.0919220635653857,-3.0892318355360255,0.1601221546362412,0.16433989927919543,0.05270197458108251,0.06448316768217525,0.006433843214343137,0.0640304741754181,336.3852358557259,819.0001339395955,1086.4921355339013,1569.1070336177706,414.39612453015377,1051.4945047339074,275.1700867249492,2150.6532824220058,312.87580009381253,649.3529194720837,-82.92344258737478,-69.02470907984599,79999.6746887513
798.8640478850293,42.85359582365732,-0.09999893222093677,-0.03013126004880734,24.160414671105457,0.6779210070600676,-0.1603073431721283,113.55678202882973,48.046405821717336,4.064845986915676,0.04183908960410425,0.05082114617111482,0.0762996281749943,0.0023172976675777043,0.07517223312295067,12.165043476524515,3.393969055987007,-1.1266054456787853,-1.0943959864803448,1.846504298551312,1.893295148492622,0.05082114617111482,0.0762996281749943,0.0023172976675777043,0.07517223312295067,509.3805807390926,713.5797107191373,1241.0309994324425,1445.2301294124873,687.8390119173371,1060.5601252751007,104.13727275608825,1905.5287547545436,193.08287488228922,197.15020435054066,-1003.8500017153616,-615.798846342703,79999.34936297908
799.3617793976185,42.874070017714466,-0.09937036403671577,-0.030408138817771716,24.405334072352098,0.8057024856382604,-0.09393004455306334,113.26858825907125,47.64103484516141,4.061679815060385,0.03853214264462658,0.04927293247997883,0.07632471441787285,0.002305456823911803,0.0762832676261935,12.049650321987018,1.7377435245747475,-0.5237376795086598,-0.48149341776464,2.01799224346865,2.0686019603915327,0.04927293247997883,0.07632471441787285,0.002305456823911803,0.0762832676261935,568.584959794435,673.1368016035603,1295.3163588107845,1399.8682006199097,768.0907672553521,1016.1919954173912,106.27605309357399,1839.7527151577026,102.93622462507679,83.0469645936777,-1124.409410596116,-642.3323846820934,80148.13255795665
799.8595109102077,42.89433664248139,-0.09689384315454816,-0.028405135207645968,24.64719342529287,0.8596422199595731,-0.045781018748455624,112.98084942113715,47.23531859514353,4.060256691411684,0.03550760767889341,0.04797549524664774,0.07667542555149114,0.0020684203637115622,0.07722613982822157,11.93772267949212,0.24315465188919275,-0.14974817025892048,-0.10294604426338107,2.045879345543363,2.096677507372322,0.04797549524664774,0.07667542555149114,0.0020684203637115622,0.07722613982822157,622.8274513392106,637.4569213041142,1344.8027509777335,1359.4322209426368,833.6183124012135,968.4198919582515,98.83162923031028,1794.3072604793444,32.70675666849512,16.858184695015872,-1179.663671535531,-628.5531890853558,79999.38741581544
801.5699611086617,42.96254270592198,-0.0786901886445472,-0.014722218274293323,25.44934612842337,0.7349096244109767,0.04216747559087529,111.9882188280142,45.843637120263445,4.060895496201023,0.027057459795374144,0.04365446838043425,0.07704500665871701,0.0007327833563794143,0.07770849709028681,11.577482705192708,-3.0133373871236087,0.16353200011774496,0.20473854791997528,1.5699165360065204,1.607667071512908,0.04365446838043425,0.07704500665871701,0.0007327833563794143,0.07770849709028681,751.781225179431,570.482909656622,1458.5421432148294,1277.2438276920204,958.4891420046049,872.0275102217482,40.31937193359865,1747.3251596636344,-44.792878395360255,-30.099301189960283,-1034.5365872480004,-465.95630785992836,79999.52145665236
803.2804113071156,43.028717068395515,-0.050891362807134584,0.00046594830738370236,26.205791364981152,0.45111752792975424,-0.013480437567074809,110.98481089545518,44.459264208534286,4.062681047307125,0.021206575578076592,0.04009969034703431,0.07628811006289772,-0.0012825809682229154,0.07580294991537576,11.244370678806265,-3.772047255098307,-0.26467512352233596,-0.2424823361736815,0.995085013691493,1.018321485830649,0.04009969034703431,0.07628811006289772,-0.0012825809682229154,0.07580294991537576,804.3313225828608,577.3850083918221,1497.1127409724795,1270.1664267814408,977.949930152019,881.2068835511774,-76.42878801161521,1777.647188937158,80.16897162544967,36.342291205010895,-707.1237850896092,-306.22086568064515,79999.20778948547
803.7781428197047,43.04762922585103,-0.042018061040025756,0.0034724516830590734,26.417179073540087,0.39901759496264855,-0.06106235009398767,110.6898871645636,44.05842033395031,4.062022421202929,0.01991488305649119,0.0393130856689122,0.07588783606115249,-0.0019727689732699466,0.07515388582608624,11.15052833492,-3.601448013758461,-0.39600013729899924,-0.3787417969852337,0.9459845820544184,0.9678961294256565,0.0393130856689122,0.07588783606115249,-0.0019727689732699466,0.07515388582608624,807.6383451798047,590.9561836908658,1496.4869451084392,1279.8047836195005,969.0781823119665,899.5318713486051,-117.84866694513447,1791.8435508690077,121.16629042844491,58.211934232927206,-673.8150773680345,-295.5328652372353,79931.24699605591
804.2758743322939,43.06639254259665,-0.032610220783121806,0.005444147675074518,26.624879123253006,0.3747343992745017,-0.10799610961699728,110.39397944992841,43.658259243506755,4.060444472659115,0.018794551536796395,0.03813869259616509,0.0752535075325848,-0.0024133778706720123,0.07436437624900528,11.056717221397895,-3.4443502029909805,-0.47351791952926525,-0.45965187415823905,0.9559967913570809,0.9779654358838656,0.03813869259616509,0.0752535075325848,-0.0024133778706720123,0.07436437624900528,811.2910095853745,604.0606833227766,1496.20329084374,1288.9729645811422,954.7521093017033,916.9982890268881,-143.97792093601493,1802.3868654503367,147.0064362065483,72.5565105151849,-680.0880616951591,-303.15623130257825,79999.04334063292
805.9863245307479,43.12981394450689,0.0029888080876203814,0.00471878945535457,27.311500573201112,0.4576684284157365,-0.22663249116265216,109.36968651961112,42.28816037149043,4.049438708989969,0.015937831046056176,0.03447521398134082,0.07224535153452831,-0.0034262955824515677,0.07181438260586574,10.732280573672128,-3.473635025846246,-0.36057633022141633,-0.3481990411006659,1.2742133297708316,1.302745903776199,0.03447521398134082,0.07224535153452831,-0.0034262955824515677,0.07181438260586574,840.5525786273777,631.5603225268762,1511.801823941033,1302.8095678405316,930.1467491858526,953.4973864921425,-201.33666575955672,1798.187599692421,120.20415193154702,59.27026085169191,-893.5506305972859,-416.0189769323574,79999.36582369177
807.6967747292018,43.191711293899225,0.03870525754824418,-0.003611385724364561,27.95646883152472,0.6503705257495513,-0.26436314838131664,108.33329982916788,40.92680668196909,4.033813807344704,0.014272916191667501,0.030825791916043788,0.06804385239989619,-0.0030293554665208468,0.06841048931127827,10.375450024108973,-4.399953349343868,0.048278459332199986,0.06722264086555553,1.6883986192575995,1.7253144918094245,0.030825791916043788,0.06804385239989619,-0.0030293554665208468,0.06841048931127827,896.7922367014759,632.0677707244232,1552.777508288802,1288.0530423117493,922.8969298146537,947.3898869369193,-175.66989895265047,1741.1433078829725,-17.780508025884583,-12.008520120300533,-1169.358771342739,-558.5910649276602,79998.7002303394
808.194506241791,43.20945857563287,0.048191378198402586,-0.006709567705681909,28.136400086821286,0.6992660421897906,-0.2573597583529992,108.02932960778196,40.53247571318881,4.029156433483473,0.013947121762873717,0.0296607698763148,0.06661396178027802,-0.0025300591454493937,0.0670517132998986,10.260042976028602,-4.840877872337955,0.17186004449769512,0.1929609906705491,1.7664055876661837,1.8047752064350373,0.0296607698763148,0.06661396178027802,-0.0025300591454493937,0.0670517132998986,918.4309725142389,627.1781550710957,1569.4126901368106,1278.1598726936675,919.3378576270148,936.3507064919138,-147.11054905414738,1718.4407382615268,-65.43469993087294,-34.7469718935666,-1226.5294457033272,-587.6365594231728,80086.53669797731
808.6922377543802,43.227092843912715,0.056867293817419194,-0.009756334946983143,28.31282085064266,0.7368723955648484,-0.2470855911951908,107.72411055965702,40.13912231560917,4.0246810034882134,0.013696791294357365,0.028793813925424332,0.06522808672864928,-0.002231057813643493,0.06579371120497328,10.134439200932645,-5.279888305258386,0.2728549103570808,0.29569335464480373,1.816551151176879,1.855760023918407,0.028793813925424332,0.06522808672864928,-0.002231057813643493,0.06579371120497328,940.1790481475438,622.513041021254,1585.6673747645777,1268.0013676382878,920.5136107154018,925.0997953654053,-130.3840448713498,1697.4614746209272,-107.02421223975632,-53.64789825647407,-1267.4241995359391,-607.5138768891259,79998.7448172717
810.4026879528342,43.28688192894859,0.07795047633821336,-0.01786010819758043,28.89460036144203,0.7596458843662812,-0.1959104041600435,106.6641950250583,38.79604048161093,4.011389632663469,0.013331983611168984,0.02591152715208299,0.05946675014104496,-0.0009184204231585852,0.05858125114480072,9.621352175276938,-6.550292554981352,0.4021136544471529,0.4267784087814342,1.755723256123532,1.7928498226028422,0.02591152715208299,0.05946675014104496,-0.0009184204231585852,0.05858125114480072,1009.1545666836281,615.0543204004524,1631.858145692263,1237.7578994090873,912.3798981107631,891.9388698277431,-55.81480748453367,1630.559951117048,-173.04207562382845,-81.39589548741559,-1270.9766061691203,-627.3214730721423,79998.9094926831
812.1131381512881,43.345529218587956,0.08583786721979172,-0.02098795934396446,29.43098458336732,0.6424626572637726,-0.1360520369652002,105.58601966504632,37.46747611590345,4.001607371627416,0.01362920170884686,0.023609366216724045,0.05262071931878386,0.0004031920167596727,0.04833373456567086,8.868820297549375,-7.036537180344469,0.2356728116580425,0.25678242440980725,1.4188154849904557,1.4482719264045498,0.023609366216724045,0.05262071931878386,0.0004031920167596727,0.04833373456567086,1059.1029048194075,635.747610001988,1647.5726858126404,1224.2173909952212,893.8616094404816,884.5979017614293,25.752381006941484,1548.5373105076767,-108.70488866078742,-54.47416464052225,-1076.331800673837,-575.3229660946951,79998.22983823821
812.6108696638773,43.362402289936746,0.08571658841266443,-0.02071744518245685,29.5771418212726,0.5867645333695358,-0.11998908303426091,105.26862739997918,37.08380103051764,3.9994713481579476,0.013820221760907999,0.023129160824488484,0.05051171477738388,0.0007081767148544755,0.04505236145810726,8.583586621072174,-6.9527745303583295,0.1389799613437565,0.15821313614519988,1.2838687480817728,1.3103924715096833,0.023129160824488484,0.05051171477738388,0.0007081767148544755,0.04505236145810726,1068.164576249075,649.8488854969376,1643.5081311929266,1225.1924404407891,887.86884844789,889.4224350562603,45.73096891248333,1516.1242203583138,-64.95690794790936,-35.07008174133681,-984.112087191745,-544.4901138794852,79780.6641470097
813.1086011764665,43.37919660787736,0.08490518288697775,-0.020158504584907144,29.716828910717528,0.5270159577121002,-0.10184184027482346,104.94974695243175,36.7013538100805,3.997571622432568,0.014055037340975587,0.022771300814818523,0.04813708293138871,0.0015107399071880123,0.04108657285961557,8.247859110403754,-6.7797097922100615,0.036419466135031914,0.05372944715561333,1.1399950492980384,1.16343632330405,0.022771300814818523,0.04813708293138871,0.0015107399071880123,0.04108657285961557,1075.5462184789687,667.6430177575699,1635.3528772346128,1227.4496765132142,883.4586190375016,894.4915458198724,98.27586472235272,1464.6034503053907,-17.19539478941119,-12.534753117385723,-879.944360730089,-509.70993743609733,79997.7219716513
814.8190513749205,43.43634150689151,0.07736721908264507,-0.015532693815486604,30.147427021743262,0.2934742064963408,-0.03881794703012712,103.8429963627291,35.396319214820124,3.9936653803074686,0.014946528424851571,0.021700290715288038,0.041244294113872024,0.0038882728274854408,0.030725021479610055,6.698463300794525,-5.32581352740172,-0.3658376922944622,-0.3558943240737712,0.602643922434506,0.6148594610980279,0.021700290715288038,0.041244294113872024,0.0038882728274854408,0.030725021479610055,1082.9498222459547,762.5207108452561,1570.4736747362113,1250.0445633355125,852.0492703508961,940.964687020574,249.64697385985437,1283.2557493810486,174.71458370401606,101.07643899017177,-459.5613501017178,-312.148221182697,79998.51697251931
816.5295015733744,43.4927888291504,0.06706836938597409,-0.008463548656823236,30.456104306161514,0.0855891847245288,-0.001199781064328983,102.72340429516721,34.10238068655346,3.9926571438186302,0.015741919794091924,0.02016471245807948,0.03668623507738022,0.005480674804524391,0.025948293907808853,4.057311342930945,-2.969644956948626,-0.74440126210226,-0.7412403131556552,0.16097517158577293,0.16420494968435548,0.02016471245807948,0.03668623507738022,0.005480674804524391,0.025948293907808853,1085.1503076118756,906.480759788851,1448.28381962584,1269.614271802815,793.2799948142633,1035.1070393102732,323.6854010850221,1166.2055630256436,356.16632526854954,258.40945516356044,-113.4376057529028,-89.31180256534567,79996.31277764998
817.0272330859636,43.50911809592079,0.06441637326539512,-0.006275718466444955,30.514510844534755,0.042945095363057656,1.0310175843104632e-05,102.39596286238024,33.72733084411211,3.9926894218507543,0.015912668897735748,0.019497140343290777,0.03586808975206826,0.005759817368018942,0.025705721181453315,2.9937464000929497,-2.1950653483705187,-0.8318683080944389,-0.8302690861282709,0.07983136225369672,0.08142999499659449,0.019497140343290777,0.03586808975206826,0.005759817368018942,0.025705721181453315,1089.058818343409,956.992076722439,1401.9167125370911,1269.8499709161213,770.6127918557778,1074.524742858256,327.8177626774655,1158.8406063892496,399.80270538165354,306.6913401387708,-54.31673930106461,-44.41753447540171,80434.29986708454
817.5249645985529,43.525427780413324,0.062167684798974325,-0.004329372887263635,30.556316782280803,0.014816865030870388,-0.004668074266784336,102.06807917977711,33.35268550020274,3.9926298631623363,0.016052538236061942,0.018643945979121158,0.03526643859148854,0.0054126466776700365,0.025837644690127694,1.8643203327461986,-1.4450657410186993,-0.8995497600079865,-0.8991459457883905,0.033497484526016974,0.03416734953930188,0.018643945979121158,0.03526643859148854,0.0054126466776700365,0.025837644690127694,1094.7055026501616,1007.7627043475491,1354.1172820567733,1267.1744837541607,742.8011270145118,1116.867155859306,296.51105112932817,1160.9441696851607,435.64342237113016,350.4291207709149,-21.97896640331153,-18.578816648123077,79996.58840001834
819.2354147970068,43.58140556186203,0.059530211246741765,5.6320150903166e-05,30.489096108325345,0.021317940233062556,-0.02886578963634403,100.94026380319028,32.0663082756631,3.9918245794412264,0.016354886384800243,0.015615991536676208,0.034604095562627675,0.00409022692330644,0.027185586011515266,-4.7611352054630895,0.6216280287077975,-0.942745346727489,-0.9428591662400383,0.076769340091381,0.07830794992066452,0.015615991536676208,0.034604095562627675,0.00409022692330644,0.027185586011515266,1187.3534451516987,1224.7538753086635,1132.3506469151037,1169.7510770720685,689.7259696737557,1340.2452749505255,184.04251292490028,1108.7173797131966,503.8941045445794,445.9647271545898,-41.739990733311195,-38.81951037317406,79993.64846105095
820.9458649954607,43.637929099781935,0.06473263897921888,-0.0006853185021788562,29.965276071680474,0.17999774229681453,-0.08058910762870129,99.81368684396406,30.779083886085495,3.988849879064857,0.01670801625919471,0.0009676865394021635,0.02288608327077044,-0.007854473980303273,0.017119379963101578,-14.154855013630046,1.6395204685258864,-0.7453631790420451,-0.7410405876116016,0.4460956376569162,0.4551937954760213,0.0009676865394021635,0.02288608327077044,-0.007854473980303273,0.017119379963101578,1361.7998573392474,1460.4420805695654,859.8097243284805,958.4519475587982,52.6610903096203,1208.2848475439378,-258.7606828241483,607.9553029760713,485.98995138818964,469.71751808859125,-179.5966614580222,-197.22160545412464,27988.399886025003
821.44359650805,43.6546026219219,0.06771055136927115,-0.0021571940504967442,29.702682434300215,0.25332199653900045,-0.10361789381986047,99.48662877293458,30.40387376548413,3.9873440426062623,0.016881740081291667,-0.0076324081946535435,0.014913985934859774,-0.015283165436816267,0.009641871891908425,-17.129790594281914,1.6903191892721028,-0.6505746057696958,-0.644058105851585,0.6203745656778415,0.6331396690088268,-0.0076324081946535435,0.014913985934859774,-0.015283165436816267,0.009641871891908425,1422.0650182386057,1523.7635611964643,778.2541126425073,879.952655600366,-432.6495826052858,881.5979709205645,-438.105323622374,322.0723294174551,440.9444786932498,454.19218917740886,-218.36599447865285,-258.3946190382075,-9823.05111093808
821.9413280206392,43.671441659096274,0.07115793694555464,-0.004482047577155571,29.387256081801848,0.34735395991451173,-0.12628821181205124,99.15991849132577,30.02837372946676,3.98517515216318,0.01709374576832049,-0.017143899252751674,0.003962861861255862,-0.022554995169317228,0.0009209916550755365,-19.59990764589395,1.6070920130415511,-0.5148352272275316,-0.5051721279773453,0.8386145948805408,0.8560562778787112,-0.017143899252751674,0.003962861861255862,-0.022554995169317228,0.0009209916550755365,1472.7319950806816,1569.4231509066528,710.9039408885964,807.5950967145674,-966.1561875604252,255.26381071339338,-559.3724882069802,28.287447908504884,347.0308847140348,386.4254847804055,-256.72530330987877,-322.0050172088035,-55517.358548076336
823.6517782190931,43.730924085561306,0.08479124532805385,-0.013340517249641205,28.08742969970279,0.599543428456796,-0.10072564664140969,98.04013176159748,28.73557419333307,3.9783636077020033,0.018200069729055177,-0.04444569705449998,-0.03285586175380341,-0.04554017291131726,-0.029719541708107595,-23.263284058818773,0.2376137204778786,-0.004539306455364603,0.01806280835636673,1.3501495320726244,1.3795369798410801,-0.04444569705449998,-0.03285586175380341,-0.04554017291131726,-0.029719541708107595,1559.0690761833844,1573.3651744071776,620.0215147720475,634.3176129958405,-1973.5791548568993,-1715.2749845431188,-784.0109180601038,-606.1438899203886,2.4541720831509264,-11.3410808912882,-292.3055841318109,-349.9340322091596,-158920.93835919222
825.362228417547,43.793417835603165,0.0964649403898817,-0.02140870266914748,26.620566923356456,0.7044167868928666,-0.06330690416334785,96.922130539032,27.441368336923645,3.97319414878076,0.01979384850675905,-0.06038167968286913,-0.05743545276235777,-0.06215420230366029,-0.05420142909147731,-22.958879073019737,-1.4534037127427486,0.25097471453296716,0.2828020934202992,1.5917427659351586,1.6283142875911853,-0.06038167968286913,-0.05743545276235777,-0.06215420230366029,-0.05420142909147731,1557.8937286170121,1470.4492738338122,629.5474975058854,542.1030427226852,-2125.5240245918926,-2005.9282599452447,-893.1385886793939,-735.8902905452851,-109.90215275843155,-122.59911205269879,-292.4899993407867,-281.06680009071096,-167068.84573003952
825.8599599301363,43.81226442182873,0.09860591708571753,-0.023206700027153394,26.193782974693214,0.7002380101975686,-0.0780731039505917,96.59661059553164,27.064930754055766,3.972119982030964,0.02033082407176732,-0.06231596062538115,-0.06022715509829176,-0.06517859980305657,-0.05881654534176794,-22.78380852548252,-1.7509903160779379,0.2065368327835399,0.2385697601841065,1.6303773129305124,1.668452950745778,-0.06231596062538115,-0.06022715509829176,-0.06517859980305657,-0.05881654534176794,1550.1033896368729,1444.7545507852417,629.0109268836088,523.6620880319774,-2123.9435818938928,-1990.6806756743176,-902.0506371160284,-732.513499403468,-87.83497266796348,-98.31983863931443,-289.55861141166616,-265.54018958941856,-163680.9582674203
826.3576914427255,43.83141913042709,0.09999474122098545,-0.025297587485757292,25.758681295683804,0.7038925570882139,-0.08406011193252796,96.27071217702232,26.688803818807283,3.9705834955874932,0.020873699228313843,-0.0642482334341727,-0.06334480386461187,-0.06773312754214073,-0.06306687995463026,-22.530878769489142,-1.986860417274269,0.1952435294485827,0.2282942336631045,1.6746941267057025,1.7144719807091557,-0.0642482334341727,-0.06334480386461187,-0.06773312754214073,-0.06306687995463026,1538.5742409271477,1419.0342092101503,628.4251600501254,508.885128333128,-2115.466807246891,-1971.5610769866616,-907.3497230495373,-727.0087714063518,-80.46751511245132,-89.04344974088079,-288.79337485484,-253.81222465311416,-159823.28163188518
828.0681416411794,43.89981544511615,0.09974010095540524,-0.03145087120400967,24.244603904183037,0.7153154186589787,-0.1085339087768187,95.14723991322815,25.398987766644165,3.963969132285239,0.022887726600737908,-0.06822254373597045,-0.0697167474776014,-0.07250963360491512,-0.07273626421920264,-21.603673482239724,-2.4528970836071604,0.1440712583664586,0.18083281938511303,1.843980838381941,1.8905435301212852,-0.06822254373597045,-0.0697167474776014,-0.07250963360491512,-0.07273626421920264,1488.3157481171943,1340.736485566284,618.6167169290247,471.0374543781145,-2062.766325061378,-1889.1632138417272,-898.4689615129437,-692.4264273536766,-54.91154494755385,-62.08312860129566,-296.076192936475,-233.9865047961739,-144768.06867758426
829.7785918396333,43.97269425080494,0.09455021024800374,-0.03599383509911711,22.699643428446304,0.7322327031878282,-0.1295789642973256,94.01684632028825,24.114762253223358,3.955263323590957,0.0250365012329379,-0.06991856781851584,-0.072209771367222,-0.07276228035034536,-0.07677284636556998,-20.626873327914076,-2.6383493402591363,0.11654952281861315,0.15842538139154277,2.045991968455368,2.1012101783923245,-0.06991856781851584,-0.072209771367222,-0.07276228035034536,-0.07677284636556998,1430.2178476400104,1271.4807964244192,603.469102032933,444.73205081734204,-1996.0169231815703,-1806.4467385243108,-870.0508460090472,-654.8501002683599,-42.09618355120509,-50.46460544741043,-317.5113863621152,-234.45802017573908,-129446.57855227301
830.2763233522226,43.99483728673642,0.09264886742205736,-0.0370111760089577,22.24395302661289,0.7395501987171959,-0.1332801447300726,93.68633368234836,23.742362343803048,3.952332540219464,0.02566920789600169,-0.07033198314780575,-0.07274147365129609,-0.0723009018778667,-0.07726797956629558,-20.340880327203184,-2.6871631683348562,0.12227721057772471,0.16617843997288353,2.1123663317759225,2.1705564446977985,-0.07033198314780575,-0.07274147365129609,-0.0723009018778667,-0.07726797956629558,1413.4641109314139,1251.7901616299446,599.32571144368,437.65176214221094,-1976.3951601318747,-1782.3739495606112,-860.6882440073349,-643.4119607716573,-43.51473820048271,-51.90689134449963,-326.31017216606057,-236.6874685063366,-125074.52460495087
830.7740548648118,44.01744928378163,0.09066962465919379,-0.03795131382058047,21.785235648993208,0.7458701944249613,-0.13775019746798817,93.35504814898295,23.37063137718687,3.949250710683913,0.026269457967101086,-0.07064616308281542,-0.07313399589049903,-0.0716490900851484,-0.07753096316090405,-20.050753428027488,-2.7375392799385256,0.12755091253425832,0.17350475767282747,2.1805635890246564,2.2419111406988,-0.07064616308281542,-0.07313399589049903,-0.0716490900851484,-0.07753096316090405,1396.8176569386317,1232.1128143109252,595.4988535824438,430.7940109547374,-1956.8012080536346,-1758.1778547047804,-851.167945953405,-631.9532518441749,-44.776785477383264,-53.222797249204895,-336.0355126186579,-239.48751073163345,-120757.14785743055
832.4845050632657,44.09895860439978,0.08520711484750101,-0.04061881308882345,20.182921217119308,0.7616030723768418,-0.15168917335506504,92.2102481439967,22.098691396098992,3.9374883987359306,0.02809348198171222,-0.0715879177361099,-0.07432051705379307,-0.06846374511075577,-0.07734141805501314,-19.040149195637454,-2.9466118225632405,0.16174734924391262,0.21561815073605453,2.421746939619497,2.4953536380050663,-0.0715879177361099,-0.07432051705379307,-0.06846374511075577,-0.07734141805501314,1341.5785769017514,1164.2948242715004,585.0590976601873,407.7753450299361,-1890.984717602348,-1673.6577228494857,-818.0872434637278,-591.8883692518483,-54.282625097246076,-62.14206722149956,-374.5947079345382,-250.6512949764166,-106350.7465847194
834.1949552617197,44.18733322353781,0.07990103988065611,-0.04469229304646996,18.538126305657872,0.7632383840718717,-0.17066399529304166,91.05335771491927,20.83770035137851,3.923262537384116,0.02864956858618757,-0.07249143906464606,-0.07548692367490684,-0.06388947784656042,-0.0760470535462285,-17.9441508639156,-3.2453169055166065,0.24072178147875456,0.3031207280894456,2.6776167845422263,2.7663158014866576,-0.07249143906464606,-0.07548692367490684,-0.06388947784656042,-0.0760470535462285,1288.9983997605952,1093.7429694121581,581.4938307962572,386.23840044782,-1826.839679637358,-1583.61612990669,-785.261805701583,-552.0341324288977,-77.255674724689,-81.62993009326439,-424.59227006713934,-263.68793709550965,-92586.67857853456
834.6926867743088,44.21452208626289,0.0780260870143577,-0.04656975131769506,18.051088608313147,0.7601600022750697,-0.178491278731557,90.71401189882633,20.473268675673896,3.9185383415793402,0.02840452705052976,-0.07278013011648343,-0.07586603621932286,-0.062311717860640256,-0.07557349087224108,-17.59709456518533,-3.355448044006041,0.27446615138648395,0.3392474506689209,2.7558151898665395,2.8496009759375025,-0.07278013011648343,-0.07586603621932286,-0.062311717860640256,-0.07557349087224108,1274.127131777861,1072.2456296260925,582.2527650601023,380.37126290833385,-1808.327515467672,-1555.7007251218556,-775.6984197520763,-540.70679315163,-86.91013347172677,-89.38583534313513,-442.0887529911972,-267.7407264120681,-88695.16578106087
835.190418286898,44.242465466668634,0.07567820638502953,-0.04877302232155031,17.56195001454533,0.756090783862487,-0.18958019941649015,90.37297959062653,20.110460682264563,3.9132844396331636,0.02772537593900397,-0.07285679967188775,-0.07622308903896315,-0.060936401238825766,-0.0750419532072541,-17.22385820400945,-3.484196011488509,0.3223868790814042,0.3893190610476618,2.84263709627324,2.9421086858523444,-0.07285679967188775,-0.07622308903896315,-0.060936401238825766,-0.0750419532072541,1259.4188738630037,1049.7912130065047,584.4349922682015,374.8073314117028,-1789.6613273207033,-1526.1643302249886,-767.638202845051,-529.4050216536508,-100.96715277407762,-100.2564034165104,-461.064902392742,-272.59445945116414,-84871.7496865773
836.9008684853519,44.34485933813436,0.059908732470435995,-0.05895810461053183,15.855842157224583,0.7352184133383223,-0.24065765539263667,89.18877912680867,18.87494021310115,3.8917438649237086,0.022702096755872897,-0.07414664508044479,-0.07796544684687946,-0.05248713856182427,-0.07248327601911084,-15.658529548210248,-4.078106936560336,0.5851536403190406,0.658455567664954,3.1931474224265166,3.31708354238176,-0.07414664508044479,-0.07796544684687946,-0.05248713856182427,-0.07248327601911084,1208.3178707132834,962.9573872574218,604.9183591292003,359.5578756733387,-1721.018683214282,-1408.2938563905436,-723.4802098334256,-492.46565157798824,-173.72252085532708,-153.64401139187288,-563.3384172177496,-295.987649093308,-71697.03345827085
838.6113186838058,44.45888942190564,0.03267783850524365,-0.06821917348621735,14.17516162851001,0.6963210374470029,-0.3430739354600284,87.97485763247167,17.66837238772235,3.8587399272245,0.0057988497150794375,-0.07519600426364176,-0.08100557286491021,-0.03799327866495381,-0.06774608188592326,-13.355935794718429,-5.2869276938211485,1.2767794368537246,1.3469113988229693,3.6884577491633856,3.8488414911180833,-0.07519600426364176,-0.08100557286491021,-0.03799327866495381,-0.06774608188592326,1161.8862212363952,843.7966872610399,665.3416601114228,347.25212613606766,-1634.2329199049113,-1230.1810407555568,-619.6192824569898,-448.4228579747824,-356.4529005218524,-266.37142144529275,-763.3894356345353,-334.3961011467073,-57784.81495181489
839.1090501963951,44.49459027718172,0.022689011175516194,-0.06980643554787525,13.702974587146295,0.6802351487896495,-0.38838873887245806,87.61401130392568,17.32486615683607,3.8458437832851504,-0.002800279968221308,-0.07511234966880596,-0.08222780449129337,-0.03258823056322661,-0.06576219959090668,-12.491189368414114,-5.825615549429603,1.6015398883144916,1.6665726542310542,3.87441685484989,4.048768466016868,-0.07511234966880596,-0.08222780449129337,-0.03258823056322661,-0.06576219959090668,1150.2320976917647,799.7322530649258,694.0868446488178,343.58700002197884,-1599.6175360124964,-1159.3504588425853,-563.0958206498449,-431.8860724286732,-438.7858307001276,-307.0931292403916,-847.6870106807905,-348.94884294709857,-53359.928414126996
839.6067817089843,44.53147142643027,0.01247479770685778,-0.06979862647494538,13.242979448031589,0.6526859761926362,-0.4361742884768607,87.24862505484349,16.98722689539274,3.8314475576435147,-0.014378097085961833,-0.07176821234338175,-0.08278621546827722,-0.026918075215522152,-0.0634043899386049,-11.625144933221263,-6.452017708892549,2.026800502803041,2.0830258869393274,4.028544427470532,4.21622491463632,-0.07176821234338175,-0.08278621546827722,-0.026918075215522152,-0.0634043899386049,1141.6152606703756,753.4277489287412,725.9666583704826,337.77914662884825,-1551.7408016364266,-1079.892366407257,-493.356590148601,-412.5855868483555,-562.5123458599231,-356.31262438391707,-932.8592649528655,-359.8137230387419,-48726.42466523376
841.3172319074382,44.66806773595233,-0.022711168788226006,-0.06981279465474381,11.873366246361401,0.5860219106798025,-0.7799838496022136,85.9428656575662,15.881276673524805,3.748488541592896,-0.07002908411936484,-0.04863543163163678,-0.08135438336569792,-0.016858129098697543,-0.05588469519708316,-7.806828018096461,-9.608829395939443,3.671310892566251,3.653478437928157,5.277955493615204,5.552239299358706,-0.04863543163163678,-0.08135438336569792,-0.016858129098697543,-0.05588469519708316,1126.819739623491,548.7017396033325,890.6600416777151,312.5420416575568,-1176.436352986514,-735.9692916079161,-326.5767232244916,-314.8900892232263,-1125.423635795775,-438.35868786836676,-1303.3663567083443,-413.49156108683076,-32796.89495399964
843.0276821058922,44.8180463006124,-0.05717607104661772,-0.0698107815598517,10.896671411371281,0.5449706664199034,-1.1720826062148628,84.52789595965503,14.93621252544815,3.6023479075778857,-0.13077164791171686,-0.017785600809925407,-0.0748114466187939,-0.009275966238351536,-0.05004042082583413,-4.183383256547726,-13.002824262758528,5.219457046101876,5.089789238384809,6.896664852646625,7.286391650174578,-0.017785600809925407,-0.0748114466187939,-0.009275966238351536,-0.05004042082583413,1130.5731322937181,348.2544493773372,1065.22625555507,282.9075726386892,-426.8268763096462,-419.36148266419923,-164.70733566913384,-218.8207759662781,-1589.0406300804018,-381.5519923736773,-1598.4278264232366,-428.8741266879876,-17072.11098141647
843.5254136184814,44.863848953286265,-0.06690957502414811,-0.06979218497046139,10.698621850043278,0.5344967079915128,-1.2520609528107964,84.0897028434835,14.70583064653232,3.545830603293319,-0.1457438495354234,-0.00929676341119019,-0.07196245449956117,-0.005257666394966118,-0.04879955808704743,-3.4472535904055754,-13.787348542069596,5.6309912188606415,5.472988091560775,7.2491740755213145,7.666156716612064,-0.00929676341119019,-0.07196245449956117,-0.005257666394966118,-0.04879955808704743,1134.3284954888045,304.8086823791624,1103.6947355400853,274.1749224304432,-213.77096348266588,-351.59308212353125,-91.125692921314,-199.37590849772565,-1650.275718756804,-358.1883740722784,-1649.7917167846924,-423.51841105224247,-13113.154346406252
844.0231451310706,44.910291343385715,-0.07702676044680418,-0.06764428893948322,10.522409598221998,0.5108380457761019,-1.3078490217535799,83.64096043080144,14.502113518131571,3.486150211412737,-0.15944699748926755,-0.002304967659043883,-0.0676232363163704,-0.005831759819741414,-0.04556045517430025,-2.9165413179445414,-14.396928918042882,5.998398503987088,5.813083826646977,7.443328557152386,7.878578328493817,-0.002304967659043883,-0.0676232363163704,-0.005831759819741414,-0.04556045517430025,1137.9924847208658,271.79709196588897,1132.354592526379,266.1591997714022,-50.346844566167846,-296.72713172904815,-99.90120935162707,-179.2769100090131,-1679.5378877329808,-341.7013294073588,-1680.521134228242,-419.6875660264571,-10776.486222997848
845.7335953295245,45.07455561134706,-0.09999348045043507,-0.04382198384033167,10.049484169317399,0.3658731683050184,-1.448921785480934,82.01946460092968,14.043389401282502,3.259314958184769,-0.19931680411928646,0.01055536489793137,-0.03695130584848803,-0.0031298525921751976,-0.03378298734906594,-1.6651345103500919,-15.550261951100126,6.685430214042282,6.393014390111884,7.520954662288164,7.98193972850473,0.01055536489793137,-0.03695130584848803,-0.0031298525921751976,-0.03378298734906594,1137.5781349707836,201.99212667318898,1190.8374670225298,255.25145872493533,203.9166010137413,-139.08584771871028,-55.08947868047588,-132.522476676946,-1678.604479246063,-317.878409259544,-1746.791831533111,-422.05008651707533,-5965.343255241005
847.4440455279785,45.24426788041741,-0.09999878001678143,-0.014840992222970781,9.791814170403114,0.2240884459213366,-1.569236266815187,80.34517631039998,14.006134484572048,3.0029197403054946,-0.2253275948301993,0.015187829693926142,-0.0012528729964214847,-0.003323798054032635,-0.01546946356071857,-0.4975243451866892,-15.923504453737044,6.687066159501466,6.293710678397584,7.383345030144253,7.848383185806794,0.015187829693926142,-0.0012528729964214847,-0.003323798054032635,-0.01546946356071857,1118.2624555426587,160.22020411120673,1226.6597091889375,268.61745775748557,286.74254047370476,-4.1882242260577565,-61.13609380336113,-68.22604199254013,-1642.9090505713402,-275.0495781891321,-1786.9753284211463,-462.8403505396314,-3455.9549063707286
847.9417770405677,45.29434227125616,-0.09480835181458105,-0.00925397184651967,9.759105538575369,0.20254988709752633,-1.6111854808292354,79.86123892394586,14.083396822930364,2.9235327053240385,-0.22979139883797264,0.016694380272085477,0.006437346776225447,-0.0058284599384236975,-0.007872990005895964,-0.02267650101301628,-16.013024476096763,6.602461644050068,6.186563667211389,7.4487279775045625,7.919403112485978,0.016694380272085477,0.006437346776225447,-0.0058284599384236975,-0.007872990005895964,1109.3380033692915,145.90975389834557,1240.2259600892194,276.7977106182733,316.29640681888446,19.851645237938005,-106.75858810571587,-35.765206463095794,-1626.0852856194035,-249.19779290193074,-1797.9676312422066,-480.96650369847094,-3048.3030217429728
848.4395085531569,45.34437742091301,-0.0883097712346286,-0.003048044424093424,9.764934155483118,0.16902015515664476,-1.601609152768865,79.38431348550871,14.1975921517714,2.8449579578239312,-0.23295335390093558,0.018545646203662777,0.022494170507229436,0.00020167646428542624,-0.0010145391365598022,0.389298882349102,-16.055813081524523,6.644514384108984,6.220237991580889,7.219714335327623,7.675980314249002,0.018545646203662777,0.022494170507229436,0.00020167646428542624,-0.0010145391365598022,1100.91944688885,134.91680859547364,1251.3513379866731,285.3486996932968,345.17039969275373,61.79044287487117,3.869257015721179,-4.923071494545627,-1609.8619752628722,-224.0751893207718,-1816.3391605122702,-495.85619032068587,-962.2254275376396
850.1499587516108,45.516973137245564,-0.06410131120305743,-0.007991461003135091,9.892078630137313,0.19605655241044131,-1.6689302203108909,77.85058651298444,14.889454693715834,2.5592243496167986,-0.22803891241016058,0.018216214201172084,0.03620825037325393,-0.0017072462757773662,0.04520841337272275,2.169430282350823,-16.00164258314769,6.280588129909291,5.856893508881621,7.537170146581242,8.006698011189657,0.018216214201172084,0.03620825037325393,-0.0017072462757773662,0.04520841337272275,1058.4730652379812,95.72961064859953,1293.4470736897838,330.7036191004021,348.3251951948521,69.9981091663953,-31.832773151827322,215.70456614208285,-1553.497372615941,-148.76518242273448,-1854.7805319235956,-517.8141979371143,1331.6397911277443
851.8604089500648,45.68369658563738,-0.05698975772752982,-0.03105681753628296,10.558547432446222,0.26474846626156606,-1.4806347658750432,76.54985707536693,15.972099546223411,2.292621213669988,-0.201195348812864,0.016810952325159022,-0.01129268929275907,0.008398996483081397,0.09158769614366354,7.227920120652865,-15.561805507250781,6.344155681839496,6.040198483887265,6.760444868357477,7.155220660463658,0.016810952325159022,-0.01129268929275907,0.008398996483081397,0.09158769614366354,932.9013900415468,-3.3791396508970593,1408.4173923199905,472.13686262754663,287.49680888839646,0.828513413784951,188.38089804133887,495.580408070159,-1406.3520213586085,5.797108100431985,-1970.1409550849523,-538.4789712992164,6384.149763858546
852.358140462654,45.729816890000365,-0.06188911485160636,-0.03693218341659417,10.923925601123772,0.25898907871890303,-1.3006474231627556,76.22826332686755,16.34681641543986,2.226800114343426,-0.18973788913814565,0.017944998341054723,-0.03604587858311342,0.022439243218404906,0.09855036718743852,9.825467796215198,-15.34748306099848,6.59674439493964,6.3542514203372,5.886231439010934,6.218955977117681,0.017944998341054723,-0.03604587858311342,0.022439243218404906,0.09855036718743852,869.2420117780212,-54.14374594155697,1468.3165361311871,544.9307784116091,277.0501510834892,37.78591031348512,580.8808223205842,621.1053952938122,-1327.2726602509106,88.24603929226988,-1952.6346740965262,-543.4179793316152,12997.076225923724
852.8558719752432,45.77420835893584,-0.07139780124153298,-0.027906477174269452,11.383667615129635,0.09545377826246287,-0.9612566641360765,75.93092531280095,16.742478040073106,2.1809764197208192,-0.17934432133382397,0.01967627566378825,-0.023412716103610565,0.04568077942514587,0.09364953894125466,11.061412136432832,-14.480171923857524,6.7691760541815595,6.578248557002278,3.7182186542584637,3.9206059557591733,0.01967627566378825,-0.023412716103610565,0.04568077942514587,0.09364953894125466,819.5714672506452,-51.632265027725,1477.7401701203507,606.5364378419804,279.9938151410736,23.92174009337856,1421.053105745116,804.1381010766266,-1260.3507720706523,88.84099948869492,-1453.0325689444035,-453.9872110261073,25271.810362966746
854.5663221736971,45.9131066545527,-0.09993756682051663,0.009260883922177212,13.09719122247624,-0.2686496800175046,-0.6301316624558169,75.05290055129984,18.192699303294997,2.0733303050724547,-0.14401238339521724,0.030210232038288955,0.03966763688214386,0.07393399361986906,0.08209272777164482,12.942278031100413,-9.52652545834857,4.831916997175507,4.670641635456978,0.7123878389634861,0.7460695447474448,0.030210232038288955,0.03966763688214386,0.07393399361986906,0.08209272777164482,649.3834888605511,76.21732905247177,1398.7081772997271,825.5420174916479,440.143979686245,68.59537433996896,1942.6889068161677,1223.628504349278,-901.1669412279465,-104.9936351277308,-238.64192404690868,-144.84187932436691,44521.437321911755
856.2767723721511,46.035741876605215,-0.09997725145039209,0.02524569517368357,14.604394151443955,-0.16420424695916858,-0.6772476117989537,74.32313038708905,19.730367314873977,1.9978801629743823,-0.10550094329038938,0.047186602107406925,0.0639368744987117,0.06371538011398895,0.07138053729492007,10.379693660291629,-6.38053120237246,3.2182962936690043,3.0989372693284305,1.1667662137622352,1.216108340429589,0.047186602107406925,0.0639368744987117,0.06371538011398895,0.07138053729492007,638.8337519518391,254.9472465529009,1268.5670457747367,884.6805403757986,718.74595511514,343.96932388433214,1748.5566510555288,1280.843353150471,-624.1583491329225,-217.13901578822012,-403.70405009598574,-280.2032510111757,56093.236032368535
856.7745038847403,46.06929129649777,-0.09048588387424653,0.020149701519381447,14.926589046530554,-0.015373619856739922,-0.5900174867878704,74.12462877121595,20.184326771745262,1.9735204500519685,-0.09298770737525341,0.05321282189321861,0.05069596006542355,0.06130903118699438,0.06704278951065949,8.65333782352501,-6.718321538253388,3.3966314472862797,3.3168029007095394,1.475160890320159,1.5361597801374862,0.05321282189321861,0.05069596006542355,0.06130903118699438,0.06704278951065949,695.2479967966574,291.03823813149484,1243.548823599867,839.3390649347045,815.700023173897,345.80163326725307,1683.6789505961042,1194.929878420476,-666.7247516181635,-291.4666978971361,-510.09262571182126,-350.3975411838611,56457.742140980336
857.2722353973295,46.102159357282034,-0.07974391044745638,0.017963726633061523,15.210621056094169,0.045047816623214505,-0.4882551135616068,73.93279594263319,20.64234796976257,1.9548618497599264,-0.08028558982966948,0.06702692086587654,0.03640460741341017,0.06831018993652273,0.05370535154224919,6.638001007887164,-6.999704136156759,3.2442142542354446,3.1892145858085694,1.411729229570723,1.4689952814350482,0.06702692086587654,0.03640460741341017,0.06831018993652273,0.05370535154224919,756.2847051558177,335.14548109613827,1209.4032019053127,788.2639778456332,976.7044946086352,324.34597861404626,1674.0329044341577,1061.3783214925163,-612.6279662189258,-361.66394535754597,-439.9599939514771,-366.3193541681046,57558.228473051735
858.9826855957834,46.21359645163928,-0.05028613339106344,0.03123447594511232,15.247155434323398,-0.28381107959457597,0.016349929871111144,73.32982191917247,22.2400737894096,1.9294459020255794,-0.03959768448329106,0.03880226497022935,-0.02272069121264348,0.04264442406840883,-0.0007055618634082258,-5.290673478561337,-4.855722981249529,1.2739840593276692,1.2337205839053544,-1.0872418221780635,-1.13124509123437,0.03880226497022935,-0.02272069121264348,0.04264442406840883,-0.0007055618634082258,975.2785608032758,683.1325830884281,862.7110696222804,570.5650919074327,1125.624566836449,-530.4470118515784,1060.9374438537966,-14.86591065463466,-457.127988262102,-356.29306317727855,336.58237517230737,294.6547564643452,21921.0135769406
860.6931357942374,46.32919676652946,-0.03984886215318698,0.05731940737354815,14.17468351350461,-0.8327631877298897,0.37961060602310526,72.7758406919352,23.858537246619033,1.9542960138060943,-0.0016754379454757243,-0.05216781715307398,-0.06139221358842923,-0.030523610274294212,-0.02956238791882612,-11.928213916499402,2.126012221526624,-1.930577882749713,-2.018883145342442,-4.325322389916723,-4.5131971746152875,-0.05216781715307398,-0.06139221358842923,-0.030523610274294212,-0.02956238791882612,905.021736768221,1032.9338770385832,476.18869630037443,604.1008365707366,-1166.239610136638,-1382.8951450218142,-352.29981455841,-420.9764515574268,543.3385007460395,577.0635986402657,637.7701281644217,820.009201805236,-49160.7464339398
861.1908673068266,46.36484030766898,-0.04178722593874106,0.06367622056481824,13.71937799036953,-0.9190705591949506,0.3871434010622201,72.61666972750136,24.330383536344595,1.9691481198572913,0.009182907061066257,-0.08018400233218687,-0.06204771540693072,-0.05519063050782534,-0.025863767653743486,-10.416128033130304,5.069798988869209,-2.944636545718097,-3.0535540376621695,-4.836679561225124,-5.053672087942871,-0.08018400233218687,-0.06204771540693072,-0.05519063050782534,-0.025863767653743486,773.5138172684095,1078.5397399045073,415.8028357256102,720.8287583617081,-1053.7514263914463,-1333.5938082891455,-443.10529633803117,-412.0060153460191,508.25291675049453,839.4096366635223,508.0390163141545,1029.8522891789105,-46550.86276722436
861.6885988194158,46.40156679412804,-0.04349710314138958,0.06603154146850476,13.339131365328292,-0.9035125809827103,0.4616022757619541,72.45196425261919,24.799918792165702,1.984491203339511,0.02093778182248597,-0.08599581019015827,-0.06132525654644649,-0.05713038582682638,-0.020118624806309684,-9.412286118516477,6.957657552407922,-3.356643491075791,-3.456643496850267,-5.120340503496285,-5.356611869595641,-0.08599581019015827,-0.06132525654644649,-0.05713038582682638,-0.020118624806309684,687.1701958865567,1105.7796750727523,376.58918519770094,795.1986643838966,-928.5569871136779,-1308.5981459739246,-398.9828337724651,-343.8682918532098,481.55219975287594,945.8770721440497,470.35690696192773,1171.8279319519895,-41887.29026360917
863.3990490178697,46.53572366124342,-0.033767641072122816,0.06981103126925084,12.237861779396141,-0.6872481140615989,0.7700587887636512,71.80269219049895,26.387013167659703,2.0672739130803093,0.07539521555477091,-0.08697624987348891,-0.035354176469592366,-0.053428096791109714,-0.007062855686885634,-6.246016393312603,11.479838520061795,-4.489454010995435,-4.498052189397211,-5.55281181018784,-5.832388144669556,-0.08697624987348891,-0.035354176469592366,-0.053428096791109714,-0.007062855686885634,460.31397654503274,1151.0017817189987,298.58754069015646,989.2753458641225,-595.1686307841696,-875.989975776385,-293.2554855311456,-140.4532026446188,413.45695625542606,1410.9650672884288,402.1386511318978,1486.050581125295,-26289.225335794305
865.1094992163237,46.68056338131214,0.006127954607916348,0.06981230568667673,11.435669712415777,-0.4133932559418909,1.0961277621188277,70.9642062698055,27.8765234194984,2.202409289109271,0.13828440799956254,-0.06706861946905086,-0.007997619735518187,-0.04437088755397197,-0.007377904963895831,-3.9693598688303,13.991436338669288,-5.425487251358397,-5.289946949441702,-5.69477466762792,-6.0020393218380095,-0.06706861946905086,-0.007997619735518187,-0.04437088755397197,-0.007377904963895831,320.1630917069473,1161.9619061326698,265.52696685387093,1107.3257812795937,-359.173640578851,-199.1135556542208,-227.35013947416599,-156.81265196923883,387.1483570551401,1667.5759666750212,383.37719609485276,1636.7877554136837,-15054.73284751747
865.6072307289128,46.72441176974004,0.024528833145782806,0.06964881633481641,11.254808100009043,-0.35944168359725165,1.182328277054214,70.67335822254115,28.281002592882615,2.2526541501169315,0.15566045523598673,-0.058955047268509746,-0.006351509770220526,-0.042740696072025575,-0.01054664104741817,-3.558593421364181,14.53890613617708,-5.755335450143462,-5.580978071892547,-5.8107303115855276,-6.129332054650798,-0.058955047268509746,-0.006351509770220526,-0.042740696072025575,-0.01054664104741817,291.6606987180214,1166.3981918698328,256.31484150221127,1131.0523346540226,-297.4141429428932,-151.38159936853563,-210.85158561722952,-222.2166799210504,385.71688793424374,1692.2845638257809,376.8306574929895,1661.2643230233134,-14537.82121596974
866.104962241502,46.76886573386002,0.04506019847784475,0.06981246682146168,11.091864693928883,-0.3249098280844025,1.2904663904448905,70.36226123409205,28.667644869509857,2.308203549507356,0.17022555386702345,-0.053192594702164586,-0.002282386042258962,-0.04020848702058105,-0.007815867456175615,-2.9730840891755728,14.91124619519486,-5.914392700573067,-5.699834451102157,-6.093007888243098,-6.431877564726581,-0.053192594702164586,-0.002282386042258962,-0.04020848702058105,-0.007815867456175615,264.54133603476856,1161.6807765390545,256.79476031547637,1153.9342008197623,-250.1029728234682,-53.316264959539694,-194.93691432871347,-159.84171102064226,368.5985310684474,1697.0601058616387,389.0990207258218,1700.392572144716,-12136.399408261814
867.8154124399559,46.92440192215967,0.0999981091666884,0.04768353044230744,10.691031622062644,-0.2928557437784749,1.4732613509412347,69.13168613073307,29.825169995090288,2.5252813055221597,0.2021907909766409,-0.03290779071572419,0.011625748078037599,-0.031299289785801036,-0.002950881996812928,-1.4316699363982668,15.7381694915812,-6.640877977526121,-6.3545172970151445,-6.798007278031517,-7.189873990117532,-0.03290779071572419,0.011625748078037599,-0.031299289785801036,-0.002950881996812928,198.23588818316807,1145.1274080072271,263.1870723690371,1210.078592193096,-120.14127371639302,237.89975888334888,-148.46732563211944,-55.46554819539062,320.7074683286444,1679.8090281043196,426.78605381886103,1771.4305217158042,-6140.05255797207
869.5258626384099,47.08341503466343,0.09999748248293633,0.002165596856907016,10.480719753535714,-0.2776238865976544,1.5017554378194822,67.68179028766234,30.666776578138442,2.7637908507117053,0.21577828529148302,-0.0012713137732417422,0.01798501578445787,-0.016143697520349717,0.000591972356737325,-0.4527336252325325,16.101379371720355,-7.116378275019299,-6.806402132786027,-6.952617842030206,-7.361477971143685,-0.0012713137732417422,0.01798501578445787,-0.016143697520349717,0.000591972356737325,161.60844832405934,1130.3525956474,272.78008932766903,1241.5242366510097,-3.8348139089490663,333.60287527081874,-81.4347751189062,11.032237824783095,283.8269507793631,1647.8343036878234,462.77711062548167,1804.2047897260968,-2542.6416726169195
870.0235941509991,47.130186948252764,0.08390315623326776,-0.013263417460611927,10.44479048301508,-0.25430684916820967,1.5070263021314265,67.22447947273864,30.84280649307748,2.833628109551956,0.21809155539266947,0.012058920763798176,0.017021561903168586,-0.009447225115124283,0.002441325210771604,-0.2422095207849688,16.164577153240003,-7.084726938621037,-6.7640432114769,-6.87225957789407,-7.277924587909423,0.012058920763798176,0.017021561903168586,-0.009447225115124283,0.002441325210771604,154.29508220173642,1126.8415423305566,275.41619080185677,1247.962650930677,34.581951774988966,317.9043444988462,-49.1977922559535,46.280416015009465,268.81148883471695,1647.079354421057,471.08676013573114,1811.4248089974444,-1603.2720725528109
870.5213256635883,47.17721824805336,0.061793851770451075,-0.025819184301657177,10.442346963205349,-0.2338798120841644,1.5115559244233834,66.75414948858395,30.987558358325284,2.904462194428896,0.21989063158038283,0.012388390812386893,0.017936285443307234,-0.0024557222968303026,-0.0009076914496587768,0.33754856783833553,16.201841030477908,-7.0584441528077475,-6.7301179396306505,-6.782870520172202,-7.1834639813522045,0.012388390812386893,0.017936285443307234,-0.0024557222968303026,-0.0009076914496587768,139.3975669256322,1114.1860190072784,288.0123184965547,1262.800770578201,32.25257184239697,333.0192359108097,-13.596249619498444,-17.634788099284933,243.10509802450866,1628.7544987629155,493.29807995154744,1828.6998015777694,-1704.1517455639985
872.2317758620422,47.34058185095471,-0.024063380595033632,-0.027435510673428844,10.507357910880728,-0.18909231334083182,1.5356965389747845,65.0658907786522,31.20959337551722,3.1536626401914636,0.22188346420237653,0.04142126765920718,0.019290618514588725,0.02820416905530745,0.002102259998769602,1.3276260686826171,16.19972811579676,-6.863709167260256,-6.519552145842897,-6.595459604694987,-6.98272081940812,0.04142126765920718,0.019290618514588725,0.02820416905530745,0.002102259998769602,116.7438606332069,1091.4051885918882,312.37813005673803,1287.0394580154193,84.17137266302305,362.9087389973237,163.97614443883182,42.80746606126971,186.0361292655084,1593.4863728653338,505.0776866039147,1855.4551215758768,1787.7359393740428
873.9422260604962,47.502136659320364,-0.07019541940249491,0.0204196274185239,10.855233240377519,-0.23587014657684086,1.5390203045883697,63.359870778947155,31.01018263637793,3.402308065920796,0.20937313328804036,0.019291982168983635,0.017299279452587597,0.06446434522537224,-0.002392156157054461,3.911806719689861,15.979534024854706,-6.551763088637558,-6.241665986944604,-6.640307122149743,-7.017309113070715,0.019291982168983635,0.017299279452587597,0.06446434522537224,-0.002392156157054461,66.2395341306489,1027.6528209152957,384.7789273128171,1346.1922140974639,25.351568095982003,325.6826990450819,370.55618040811817,-50.007363833701156,113.41398524918749,1519.034143585211,514.4550641201653,1915.3457231443265,2583.6366999993693
874.4399575730854,47.54796209609709,-0.06582126149329605,0.04084483688662827,11.041365975115392,-0.27648666414568973,1.5296720275884477,62.87769993494354,30.873970664071564,3.472772137442244,0.20150343378486693,-0.014486656007123561,0.015983554903871156,0.07518937125561759,-0.010744084553653145,5.554300241755142,15.871410451251993,-6.432641930158899,-6.146264993609499,-6.702541410939291,-7.0764175590504035,-0.014486656007123561,0.015983554903871156,0.07518937125561759,-0.010744084553653145,32.819816553947874,987.7278172573738,429.44699646422845,1384.3549971676543,-9.721391092277992,296.5884710441622,440.2048316084751,-224.9021313690288,56.74245501673236,1471.9745245304464,534.2161090966761,1938.2675441410381,1112.9591418157859
874.9376890856746,47.59290852589051,-0.05285821959442448,0.06208649214310084,11.349326149801737,-0.3208921769130798,1.4102177091585775,62.404156158316034,30.706752297298305,3.5415610353717137,0.190979059381381,-0.073083816681335,0.01622170593278677,0.0839508744728785,0.008780294306103168,8.415401174106082,15.857120294566379,-6.673694790637112,-6.440852804570481,-6.341907243118608,-6.6861694668191465,-0.073083816681335,0.01622170593278677,0.0839508744728785,0.008780294306103168,-30.744806381745263,923.3034229111743,501.8959608073358,1455.9441901002554,33.471304821994636,271.3103274956224,548.3411684457668,203.9608955292593,-41.65986262237944,1398.5866805625903,566.16044768479,2014.7751237423183,7936.549083973872
876.6481392841285,47.7345912045715,0.030556771937552817,0.05796115883523054,12.925371830793255,-0.05281216564781705,0.7348585142462488,60.87664526916704,29.939583148252012,3.691371509601711,0.15495402616535597,-0.07422961988802873,0.02484207233235741,0.08623821498758488,0.06457730896685673,13.94598556451315,12.804439006613762,-6.421227913969852,-6.303622139654875,-2.4259589851686143,-2.5420834133596717,-0.07422961988802873,0.02484207233235741,0.08623821498758488,0.06457730896685673,-48.68985412747105,721.6929224687951,748.029247048367,1518.4120236446333,54.780556700898686,332.71893743299336,1056.535826486446,1872.0748476940985,-64.48769490884557,1099.6203586812117,392.29890888260303,934.4418961793949,39149.88594683129
878.3585894825825,47.857887193956465,0.09781011213843542,-0.005726054331087272,14.81087684098755,0.31002488287219804,0.4142674465588786,59.46756836580979,28.979054116223175,3.7581271187936904,0.11778098189113567,0.042372901483600345,0.043666066537889445,0.07802537148389437,0.07619259840441509,15.782257091292681,7.592383369689153,-4.248710782148992,-4.144616058488124,0.09049130682056426,0.0942647919189518,0.042372901483600345,0.043666066537889445,0.07802537148389437,0.07619259840441509,93.7714171966065,550.5693587779043,980.0132534418171,1436.811195023115,92.3923364749323,540.7013669233496,1438.2984289294989,1997.8131181820129,120.10204652594396,658.7285557965482,-21.531209783575353,-31.578005289549775,56460.07643687484
878.8563209951717,47.89057583088583,0.09999871981657724,-0.024192318980246423,15.325143235142402,0.3287907282746432,0.5313252129456457,59.07298057971004,28.682929160794867,3.7715461066978127,0.10649126678218601,0.0622746238616041,0.050706636104112655,0.07978675202222392,0.06626249378204127,16.180482781225265,6.138510313688863,-3.2537985254415025,-3.139314566713038,-0.14013405491363376,-0.145777585355926,0.0622746238616041,0.050706636104112655,0.07978675202222392,0.06626249378204127,136.72164711244142,506.04689573768877,1042.5714469252794,1411.8966955505266,182.3000921731278,601.8281385641667,1518.041231096578,1970.8784931668208,124.29000390832394,477.00121879847393,34.46607021351565,54.57525873679681,61792.08977107149
879.3540525077609,47.92231567739168,0.09281356746525785,-0.03506236396288888,15.849321879631313,0.24343587554798912,0.5065116660677939,58.68092244148788,28.380534310062487,3.7883143614848622,0.09373163761631459,0.07800002669213763,0.058871848146722965,0.07380602381301568,0.06832503924216204,16.376306268394675,5.35352938259189,-2.991333764097354,-2.8988646281680066,-0.37756162422459233,-0.3922538732735136,0.07800002669213763,0.058871848146722965,0.07380602381301568,0.06832503924216204,164.82039400515515,486.9170378503532,1080.718130606038,1402.8147744512362,239.0429374073976,633.6226833633966,1565.4958878278499,1958.3342905110865,121.2514238132408,401.86925137695835,102.58775216332518,142.00720253134926,65918.45850356351
881.0645027062149,48.024674472014915,0.04060759481565866,-0.03717488808741997,17.52264497771125,0.019411917654458294,0.30423602994396814,57.35003328896845,27.310615614799566,3.8307616453053916,0.049276483959883134,0.061250177018893445,0.07573107299403764,0.0782236168166193,0.07106307417045833,16.096936312888253,4.025275636738014,-1.935407136092122,-1.904216567617496,-0.6130740255826658,-0.6346115890691661,0.061250177018893445,0.07573107299403764,0.0782236168166193,0.07106307417045833,242.59596590998743,484.7778389302581,1147.8435535833426,1390.0254266036134,345.55466585987654,715.8371934379053,1644.0836623816178,1936.8221369930375,140.96255713900703,234.78769455687512,165.98805686305548,219.5264251031825,77043.99422681505
882.7749529046688,48.11834847521562,-0.012260147968210832,-0.02327859611609779,18.991050834684245,0.054831891369655994,0.00451889549629556,56.04074648135331,26.20829882691024,3.846199858408401,0.008861560011440494,0.013686027005716885,0.07802958134030671,0.10255525914471224,0.07568546501254007,15.131231676983175,2.6560202873162213,-0.33356758698209316,-0.3279294996415159,0.15356350688521667,0.15853475670171593,0.013686027005716885,0.07802958134030671,0.10255525914471224,0.07568546501254007,336.63729908337234,496.4375279400839,1198.580560798638,1358.3807896553494,167.3075947475718,764.1136781953669,1638.9283953061197,1908.0906237305546,50.83534210345701,41.82442213682643,-32.80196358323539,-51.08561282486841,79999.75441517413
883.272684417258,48.14429846077309,-0.019886480409043863,-0.023476097034838054,19.37861798510186,0.1424396597154873,-0.0852556502641215,55.66308990640062,25.88430524776023,3.8449620660504347,-0.0012045826824384851,0.008868562942962108,0.0764876490488866,0.10985056381849681,0.07900424774851778,14.869498710553469,1.843704953840633,0.2741477691154242,0.28065342630536066,0.5860927760303226,0.6046793776613884,0.008868562942962108,0.0764876490488866,0.10985056381849681,0.07900424774851778,375.5873011906167,486.51434304152417,1225.809666204288,1336.7367080551958,123.27687425073638,748.5466218996423,1629.7596540769443,1868.461502350666,-47.40313981389399,-35.71048250500331,-117.63029338779714,-183.90237962789814,79334.68109366606
