sLap,u,Kt,aTheta,xi,yi
0.0,8.882667566400362e-14,1.4426653414705186e-05,0.00015803946707273862,-4.965561518921247,-0.0027952747969391062
0.6100920280800253,-2.163808176176875e-13,1.4426644779209581e-05,0.00016684102181108827,-4.355469498892378,-0.0026961713498388678
2.706668202403988,-1.086978188288992e-10,1.4426590388592891e-05,0.00019708762692025606,-2.2588933593582494,-0.0023146691576391657
4.8032443767279505,-5.593533712721499e-10,1.4425949861330002e-05,0.00022733350355528905,-0.1623172323221184,-0.0018697534187054193
5.413336404807976,-7.87774655053411e-10,1.4425550468070252e-05,0.00023613457264421534,0.4477747793747565,-0.0017283742737824823
6.023428432888001,-1.064783220045351e-09,1.4424983911780742e-05,0.00024493525895375053,1.0578667898038616,-0.0015816261331772913
8.120004607211964,-2.4575224246148986e-09,1.4421425274147986e-05,0.00027517525643691457,3.154442893152935,-0.00103639849672959
10.216580781535926,-4.61581500435523e-09,1.4414144132198594e-05,0.00030540389070827503,5.25101897905941,-0.000427782316376128
10.826672809615951,-5.403192486127693e-09,1.4411095906364645e-05,0.0003141970015432743,5.861110977860116,-0.00023877514650042813
11.436764837695977,-6.2642116500882175e-09,1.4407539640358169e-05,0.0003229879619524263,6.47120297497599,-4.440500027006074e-05
13.533341012019939,-9.81294338462432e-09,1.4390849444650105e-05,0.0003531784412490558,8.567779029397807,0.0006644198274053087
15.629917186343903,-1.4296309742643495e-08,1.4365739296196687e-05,0.0003833251017428614,10.664355061482219,0.001436495355982525
16.240009214423928,-1.5780418655592732e-08,1.4356569728359961e-05,0.00039208684961679704,11.274447043706488,0.0016730326361474575
16.850101242503953,-1.7344126297854735e-08,1.4346470546428744e-05,0.00040084257096345376,11.884539023836805,0.001914911793035844
18.946677416827917,-2.3330220395628445e-08,1.4303993775535157e-05,0.0004308788735944434,13.98111501678256,0.002786813485649615
21.043253591151878,-3.0241607074285866e-08,1.4247996729189223e-05,0.00046081194729592317,16.077690982644278,0.003721580355223556
21.653345619231903,-3.2422176437136996e-08,1.4228884030289764e-05,0.0004694988493562397,16.687782944718563,0.004005369630085388
22.263437647311928,-3.467649839399758e-08,1.4208422137795933e-05,0.00047817354157012244,17.29787490430858,0.0042944524485077525
24.360013821635892,-4.297028747587691e-08,1.4127165229797206e-05,0.0005078805843059369,19.394450823724327,0.005328154302470755
26.456589995959853,-5.206133431606593e-08,1.4027684005404096e-05,0.0005373981614106687,21.491026711614445,0.006423940611866092
27.066682024039878,-5.4847161445132936e-08,1.3995072568647332e-05,0.0005459465432038293,22.101118650187367,0.0067544130672433445
27.676774052119903,-5.7692278159468975e-08,1.396074918487032e-05,0.0005544743950446518,22.711210585919904,0.007090091337362675
29.773350226443867,-6.789852250896449e-08,1.3829198552334807e-05,0.0005836101145384416,24.807786420692523,0.008283183928016783
31.869926400767827,-7.870407346291431e-08,1.3675621505092795e-05,0.0006124469380821999,26.904362220007112,0.009537048434566939
32.480018428847856,-8.194872791355317e-08,1.362661384484477e-05,0.0006207755259563343,27.51445413210093,0.009913241315283629
33.09011045692788,-8.523469508175755e-08,1.3575620752505799e-05,0.000629073531410527,28.12454604105105,0.01029450233474521
35.186686631251845,-9.681016697964687e-08,1.3384849914099522e-05,0.0006573401795027866,30.221121781561678,0.011643108805760638
37.28326280557581,-1.0875550946477172e-07,1.3169422486175173e-05,0.0006851810147914256,32.31769748342216,0.013050532070498153
37.89335483365583,-1.1228805702446639e-07,1.310199166749081e-05,0.0006931951450432037,32.92778936660549,0.01347100428577445
38.50344686173585,-1.1584185648522793e-07,1.3032405991953242e-05,0.0007011674382717384,33.53788124641445,0.013896349037977132
40.60002303605982,-1.2818689172719254e-07,1.2776617663891172e-05,0.0007282272775958511,35.63445688514264,0.015394864825641404
42.69659921038378,-1.4066987538820399e-07,1.249480241938527e-05,0.0007547235534992243,37.73103248300234,0.016949522836011588
43.306691238463806,-1.4431564046166334e-07,1.2407865466218469e-05,0.0007623201377805988,38.34112433556559,0.01741229573668487
43.91678326654383,-1.4796402422270767e-07,1.2318709750054628e-05,0.0007698630006685913,38.9512161846154,0.017879682684904037
46.013359440867795,-1.604905418557208e-07,1.199534725648471e-05,0.0007953557115894086,41.04779171672876,0.019520605891234354
48.10993561519176,-1.7294124148021526e-07,1.1645801443613281e-05,0.0008201430207488303,43.14436720693911,0.02121423702697498
48.720027643271784,-1.7653907990224701e-07,1.153919018124842e-05,0.000827215615795892,43.754459028053525,0.021716762594801008
49.33011967135181,-1.801223481159285e-07,1.1430393720375998e-05,0.0008342225282373592,44.36455084562304,0.02222357894048042
51.42669584567577,-1.9230120572112735e-07,1.103994147408028e-05,0.000857782326836069,46.46112626948764,0.02399743491252356
53.52327201999974,-2.042220917036734e-07,1.062422575367786e-05,0.0008804970291590369,48.55770165176255,0.025819799874789256
54.133364048079756,-2.0763337883558616e-07,1.0498586976734293e-05,0.0008869405440833419,49.16779344160555,0.02635895554728369
54.74345607615978,-2.1101664817600435e-07,1.0370879773424163e-05,0.0008933068295237226,49.77788522799103,0.026902014896063992
56.840032250483745,-2.224074022784987e-07,9.916456439095351e-06,0.0009145779014099533,51.87446054554727,0.02879736941767209
58.93660842480771,-2.3339712798779814e-07,9.438571914394859e-06,0.0009348716460739954,53.971035823274875,0.030736295823108307
59.546700452887734,-2.365130450660862e-07,9.295223917503598e-06,0.0009405863800329161,54.58112758310786,0.03130840309444066
60.15679248096776,-2.3959024145435786e-07,9.149989735398667e-06,0.0009462131554108579,55.19121933969492,0.031883966486964725
62.25336865529172,-2.4985643904999426e-07,8.636820854701397e-06,0.0009648625256025235,57.287794556657914,0.033887515872856065
64.34994482961568,-2.5962035359199244e-07,8.102654646065719e-06,0.0009824139868967736,59.38436973702624,0.035929014141493
64.96003685769571,-2.6236269461117176e-07,7.943422245335173e-06,0.0009873088230097711,59.994461469216795,0.03652987678918077
65.57012888577574,-2.650598443792496e-07,7.782532347119555e-06,0.0009921060923043805,60.60455319849601,0.037133692843226325
67.6667050600997,-2.739728910677393e-07,7.217372444560016e-06,0.0010078334756240999,62.70112832435858,0.03923041565185997
69.76328123442366,-2.82323263804299e-07,6.63411550507351e-06,0.0010223569872492054,64.79770341828012,0.04135885009720306
70.37337326250369,-2.846452976044233e-07,6.46116091557324e-06,0.0010263516754140712,65.40779512626527,0.0419838072423882
70.98346529058372,-2.869182834658499e-07,6.286805331741804e-06,0.0010302405099012059,66.017886831789,0.042611166575233485
73.08004146490768,-2.9435274646091493e-07,5.6773634967778174e-06,0.0010427850215397165,68.11446187962356,0.04478452013742146
75.17661763923164,-3.0120146085896703e-07,5.052948777105799e-06,0.0010540360960507346,70.21103690146234,0.04698281831555082
75.78670966731165,-3.0308394765571807e-07,4.86861127013567e-06,0.0010570626391195404,70.82112858965547,0.047626807392356973
76.39680169539167,-3.04917188396027e-07,4.683140046848566e-06,0.0010599764665541111,71.43122027593868,0.04827260640917224
78.49337786971564,-3.108401142991607e-07,4.037548235228322e-06,0.0010691203241429987,73.52779526201194,0.050504751435171046
80.5899540440396,-3.161862906057599e-07,3.3801431580085996e-06,0.0010768982656157056,75.62437022913218,0.0527546353714142
81.20004607211963,-3.1763503161504566e-07,3.186796424321839e-06,0.0010789014823061548,76.23446190278,0.05341226032839233
81.81013810019965,-3.1903607475011944e-07,2.9925793611716025e-06,0.001080786563746347,76.84455357515219,0.05407106974527215
83.90671427452362,-3.234925713321378e-07,2.3189295677042572e-06,0.001086356088468335,78.94112851837943,0.05634310749297515
86.00329044884758,-3.274072238152334e-07,1.636504398396092e-06,0.001090504055961546,81.03770345054744,0.05862533196600116
86.61338247692761,-3.284470375510251e-07,1.4364370846853062e-06,0.0010914414325825523,81.64779511554673,0.0592909325330963
87.22347450500763,-3.2944333514518504e-07,1.2357470731761816e-06,0.0010922566421843799,82.25788677996493,0.05995706653686687
89.3200506793316,-3.325402950053465e-07,5.417123473320954e-07,0.0010941209768596028,84.3544617012401,0.06224927501464841
91.41662685365556,-3.351497602802827e-07,-1.5830435600139647e-07,0.001094523944028727,86.45103661991644,0.0645438602765226
92.02671888173559,-3.358210614842922e-07,-3.629823525034597e-07,0.0010943649086264874,87.06112828260206,0.06521157880302157
92.63681090981561,-3.3645369177559913e-07,-5.680600893250224e-07,0.0010940809515284774,87.6712199454362,0.06587916143471328
94.73338708413958,-3.383431634959369e-07,-1.275514970477531e-06,0.0010921489689542446,89.76779486687721,0.06817121954708076
96.82996325846354,-3.3981265610239477e-07,-1.9864910139190213e-06,0.001088730062139297,91.86436979444014,0.07045766838918657
97.44005528654357,-3.4016530031778146e-07,-2.1939161922665716e-06,0.0010874548222141428,92.4744614613555,0.0711215115073705
98.05014731462359,-3.40485701197502e-07,-2.4015488834308583e-06,0.0010860530317995077,93.08455312915783,0.07178453760981712
100.14672348894756,-3.4134904111741e-07,-3.1163684050398965e-06,0.0010802689178889316,95.1811280733065,0.07405572876396664
102.24329966327151,-3.418673394715846e-07,-3.832636281592421e-06,0.001072984612107174,97.2777030322439,0.07631322045741709
102.85339169135153,-3.41957712640816e-07,-4.04123454271903e-06,0.0010705826937784171,97.88779470990532,0.07696711358606428
103.46348371943157,-3.42021964629821e-07,-4.2498822491357074e-06,0.0010680535453005298,98.49788638917433,0.07761950241331718
105.56005989375552,-3.420555671245867e-07,-4.967039342462941e-06,0.0010583915194800947,100.594461378186,0.07984889168064147
107.65663606807948,-3.4182149838763474e-07,-5.683986289416609e-06,0.0010472261394784813,102.69103639028914,0.08205644783876762
108.26672809615951,-3.4170730288882774e-07,-5.892493898250907e-06,0.0010436947548798073,103.3011280849524,0.08269428125988838
108.87682012423954,-3.41573851876199e-07,-6.100928193979291e-06,0.0010400362206340965,103.91121978190037,0.08332992155849217
110.9733962985635,-3.409769450014347e-07,-6.816471605121496e-06,0.0010264948104974619,106.0077948367516,0.08549650287392589
113.06997247288746,-3.4018805716529686e-07,-7.530562304177005e-06,0.0010114547319541058,108.10436992233576,0.08763312257102611
113.68006450096749,-3.3992661884508537e-07,-7.73802812518092e-06,0.0010067970854372465,108.71446163977225,0.08824878845740747
114.29015652904752,-3.396517865266781e-07,-7.945332447106071e-06,0.0010020129400339346,109.32455336010263,0.08886157446385463
116.38673270337148,-3.386165283053377e-07,-8.656374213539147e-06,0.0009846091673027504,111.42112849983785,0.09094438644573495
118.48330887769544,-3.374600891100056e-07,-9.365118449679655e-06,0.0009657170498187481,113.51770367700762,0.09298914989670706
119.09340090577547,-3.3710446947560363e-07,-9.570891084743087e-06,0.0009599406745802234,114.12779542229423,0.09357657021588202
119.7034929338555,-3.3674151955265616e-07,-9.776446399552193e-06,0.0009540388397249893,114.73788717099328,0.0941604285510517
121.80006910817946,-3.3544541126832186e-07,-1.0481102017073644e-05,0.0009328026077252061,116.83446241202218,0.09613863927767874
123.89664528250341,-3.340916913638835e-07,-1.1182979851271772e-05,0.0009100919234637895,118.93103769599034,0.09807078099553644
124.50673731058345,-3.3369033369419973e-07,-1.1386683310531986e-05,0.0009032071204341323,119.54112947331545,0.09862392665819311
125.11682933866348,-3.332863028057482e-07,-1.159014270731204e-05,0.0008961981188573929,120.15122125446003,0.09917283452997633
127.21340551298744,-3.3188678444285304e-07,-1.2287436225942117e-05,0.000871167024144838,122.24779660991109,0.10102579699629065
129.3099816873114,-3.3048443079099696e-07,-1.2981792575517371e-05,0.0008446770794539422,124.34437201237341,0.10282475059122627
129.92007371539142,-3.3007850970990455e-07,-1.3183293859594194e-05,0.0008366955112249747,124.95446382485873,0.10333765254875692
130.53016574347146,-3.2967451082388853e-07,-1.3384549413804937e-05,0.0008285910804905067,125.56455564144,0.10384564799921471
132.6267419177954,-3.2830548107743e-07,-1.4074294618979994e-05,0.0007998058076628774,127.66113112056725,0.10555292900740357
134.72331809211937,-3.2697870265174906e-07,-1.476121384056291e-05,0.0007695773939166575,129.75770664912844,0.10719834669073741
135.3334101201994,-3.266028713129178e-07,-1.4960585405712215e-05,0.0007605108692364613,130.3677984986655,0.1076650999246251
135.94350214827944,-3.2623199094303486e-07,-1.5159730225674899e-05,0.0007513227691683627,130.9778903524267,0.10812628508560694
138.0400783226034,-3.250019376757198e-07,-1.5842397493458126e-05,0.0007188231715854722,133.0744659600635,0.10966767102810059
140.13665449692735,-3.23849162078636e-07,-1.6522566870129042e-05,0.0006848949285834519,135.171041617706,0.11113942147462078
140.74674652500738,-3.235298001555736e-07,-1.6720046429350174e-05,0.0006747543982359328,135.78113350480427,0.11155418297162019
141.3568385530874,-3.2321829457413345e-07,-1.691733428519134e-05,0.000664493431301695,136.39122539608994,0.11196272143516163
143.45341472741137,-3.2220968125984576e-07,-1.759391087508133e-05,0.000628315353400461,138.487801132138,0.11331820485277078
145.54999090173533,-3.213033392471285e-07,-1.8268480040114557e-05,0.0005907208855003208,140.58437691672188,0.1145963534047049
146.16008292981533,-3.210600145334017e-07,-1.8464429612717866e-05,0.0005795156585668117,141.19446884036466,0.11495333529112958
146.77017495789536,-3.2082588094279154e-07,-1.8660233990807705e-05,0.0005681909110677732,141.80456076797734,0.11530344477319615
148.86675113221932,-3.2009545357437154e-07,-1.9332083657138888e-05,0.0005283637710412575,143.90113662691905,0.1164531957680624
150.96332730654328,-3.194825518253626e-07,-2.0002525127559115e-05,0.00048712952320658173,145.99771253069892,0.11751797108755782
151.5734193346233,-3.193267686476928e-07,-2.0197390708374972e-05,0.000474866703835436,146.6078044882036,0.11781143011937706
152.18351136270334,-3.1918144032159285e-07,-2.0392164614252345e-05,0.00046248500720633807,147.21789644926423,0.11809737161358959
154.2800875370273,-3.187611380083754e-07,-2.106089064190119e-05,0.0004190301318664436,149.3144724196835,0.11902169822094319
156.37666371135126,-3.1846433709596255e-07,-2.1728864938781326e-05,0.00037417400950023937,151.41104842882967,0.1198534494695664
156.9867557394313,-3.184013430370654e-07,-2.1923137690812877e-05,0.00036085814818693444,152.0211404157081,0.12007767405795859
157.59684776751132,-3.183485670245683e-07,-2.2117375046501378e-05,0.0003474237538699909,152.6312324055161,0.12029373865521618
159.69342394183528,-3.1824678879689265e-07,-2.278468927983722e-05,0.0003003534395792043,154.7278084696154,0.12097304018135506
161.79000011615923,-3.182657475004503e-07,-2.345191669445253e-05,0.0002518841411770487,156.82438456372583,0.12155218867419032
162.40009214423927,-3.182934627754416e-07,-2.364609617099399e-05,0.00023751709078585878,157.4344765735411,0.12170148458257876
163.0101841723193,-3.1833118522110856e-07,-2.3840295285841252e-05,0.00022303154860519605,158.04456858543065,0.12184197908662049
165.10676034664326,-3.185342191810472e-07,-2.4507894517356994e-05,0.0001723488116819859,160.1411447185321,0.12225669624785553
167.2033365209672,-3.1884706099750533e-07,-2.5176034535303566e-05,0.00012026583521600949,162.23772087012486,0.12256368533761024
167.81342854904725,-3.189579886808517e-07,-2.537059417443803e-05,0.00010484680000683567,162.84781289434179,0.12263236112733165
168.42352057712728,-3.190773049497748e-07,-2.5565223475636074e-05,8.930902819537385e-05,163.4579049195314,0.12269159353624212
170.52009675145123,-3.1955093997276577e-07,-2.6234673952239953e-05,3.5008002971957086e-05,165.5544810895525,0.12282215901975703
172.6166729257752,-3.201156072632801e-07,-2.690521286878993e-05,-2.069771716922638e-05,167.65105726352957,0.12283740574272463
173.22676495385522,-3.202956117105518e-07,-2.7100567796618687e-05,-3.717195225919944e-05,168.2611492913563,0.12281975897793683
173.83685698193526,-3.204824039485128e-07,-2.7296033852608736e-05,-5.376541826614891e-05,168.8712413187894,0.12279202483463149
175.9334331562592,-3.211715946277017e-07,-2.796866064399048e-05,-0.00011169847469084437,170.96781748568716,0.12261881766918567
178.03000933058317,-3.2192632877170905e-07,-2.8642801084563117e-05,-0.00017104333116097772,173.0643936387657,0.12232266946561204
178.6401013586632,-3.221568166528821e-07,-2.883927624001374e-05,-0.0001885779971982191,173.6744856569858,0.12221297463022134
179.25019338674323,-3.2239137731035984e-07,-2.9035892341730065e-05,-0.00020623258213990243,174.28457767316155,0.12209254519030834
181.3467695610672,-3.2322642801635385e-07,-2.971267980481109e-05,-0.0002678176982972199,176.38115378834246,0.12159585216957645
183.44334573539115,-3.240957695020688e-07,-3.039125396192251e-05,-0.00033082362389478154,178.47772986845143,0.12096855184879907
184.05343776347118,-3.243531906793602e-07,-3.0589061192992406e-05,-0.0003494254151299608,179.0878218612458,0.1207610508755223
184.6635297915512,-3.2461217441640314e-07,-3.0787024865061346e-05,-0.000368147937227924,179.69791385004018,0.12054216397711824
186.76010596587517,-3.2550765355757444e-07,-3.146853819433909e-05,-0.0004334093748068029,181.79448985573728,0.11970215100180488
188.85668214019913,-3.264005090794166e-07,-3.215192621353991e-05,-0.0005001016222094429,183.8910658013837,0.11872381256360327
189.46677416827916,-3.266577437369065e-07,-3.235113967889087e-05,-0.0005197780175232466,184.5011577501442,0.11841270868994022
190.0768661963592,-3.26912835781521e-07,-3.255050820665789e-05,-0.0005395759949381389,185.11124969262283,0.11808956302802229
192.17344237068315,-3.2776959595119565e-07,-3.3236811700473645e-05,-0.0006085397529211517,187.20782552124672,0.11688625874842092
194.2700185450071,-3.285822856624011e-07,-3.392486525871162e-05,-0.0006789442330293392,189.30440126085875,0.11553685643233357
194.88011057308714,-3.2880799740136935e-07,-3.412540049609341e-05,-0.0006997026918610141,189.91449314399597,0.11511631207942483
195.49020260116717,-3.2902829377087455e-07,-3.4326070471194957e-05,-0.0007205835261021501,190.52458501822125,0.11468306557814818
197.58677877549113,-3.2973645505095977e-07,-3.501666121432007e-05,-0.0007932744425113856,192.62116059169549,0.1130963596758553
199.68335494981508,-3.303558733999487e-07,-3.5708643643355076e-05,-0.0008674146939066254,194.71773604295612,0.11135573245818578
200.29344697789512,-3.3051700781538946e-07,-3.591024140906318e-05,-0.0008892617514717637,195.3278278357055,0.11081987174665786
200.90353900597515,-3.306684793390458e-07,-3.6111933172856425e-05,-0.0009112318129810628,195.93791961654307,0.1102706446290027
203.0001151802991,-3.311110528385759e-07,-3.680569235750546e-05,-0.000987670353776441,198.0344948456405,0.10828030267812523
205.09669135462306,-3.314186363107691e-07,-3.7500237922771427e-05,-0.0010655642379025052,200.13106991482994,0.10612817596392654
205.70678338270307,-3.314801144828672e-07,-3.770245394030926e-05,-0.001088504528298927,200.74116158906202,0.10547109233739044
206.3168754107831,-3.3152840748053073e-07,-3.790470209906023e-05,-0.0011115681735995413,201.35125324799174,0.10479997534504368
208.41345158510705,-3.315858951892387e-07,-3.859986849657527e-05,-0.0011917670156087181,203.44782803169358,0.10238567166826858
210.510027759431,-3.31462667692088e-07,-3.9294965979853195e-05,-0.0012734232546821411,205.54440261306362,0.09980169735897283
211.12011978751104,-3.3139048388584533e-07,-3.94971681957794e-05,-0.001297458498025585,206.1544941371053,0.09901746661161223
211.73021181559108,-3.3130096405186993e-07,-3.969931983353766e-05,-0.0013216170555499186,206.76458564204455,0.09821853464909015
213.82678798991503,-3.308571485560461e-07,-4.039349131478868e-05,-0.001405577598818998,208.86115986694725,0.09535990393156114
215.923364164239,-3.3018999758436005e-07,-4.108649818312654e-05,-0.001490992304626719,210.95773384215482,0.09232371933395062
216.53345619231902,-3.2995158743314284e-07,-4.1287873412275995e-05,-0.0015161203038434792,211.56782518063042,0.0914064181180408
217.14354822039905,-3.296928648752161e-07,-4.148909592742441e-05,-0.0015413710752241567,212.17791649577754,0.09047374936865564
219.240124394723,-3.286418918345726e-07,-4.217926579158325e-05,-0.0016290800546334629,214.27449003557842,0.08715045696851749
221.33670056904697,-3.2733117339094676e-07,-4.286695992269355e-05,-0.0017182334324547383,216.37106327320953,0.0836417621127071
221.946792597127,-3.268992872310314e-07,-4.30665319491429e-05,-0.0017444471361100606,216.98115438690996,0.08258549172620704
222.55688462520703,-3.264439972672919e-07,-4.32658325710313e-05,-0.0017707824705636402,217.59124547261766,0.08151319200522525
224.653460799531,-3.246987850350429e-07,-4.394846782389102e-05,-0.0018622088744206873,219.6878181877091,0.0777050218786816
226.75003697385495,-3.2266721374979125e-07,-4.462714391958152e-05,-0.0019550623247473367,221.78439054292429,0.07370367371177725
227.36012900193498,-3.220210177507164e-07,-4.482380510335706e-05,-0.001982349023513983,222.39448138871424,0.0725025886305549
227.970221030015,-3.2135011826113545e-07,-4.502006414679253e-05,-0.002009755534166874,223.00457220140126,0.07128482039850514
230.06679720433897,-3.1885196998149987e-07,-4.569123263941441e-05,-0.0021048480758313415,225.10114393860619,0.0669717783284504
232.16337337866293,-3.160546474107815e-07,-4.635684995302792e-05,-0.002201341954131571,227.19771525293746,0.06245789894218218
232.77346540674296,-3.1518429839381174e-07,-4.654940821045778e-05,-0.0022296826892083026,227.80780578370852,0.06110623916599003
233.383557434823,-3.142884920564145e-07,-4.674142787748903e-05,-0.0022581406907865383,228.41789627581824,0.059737254223193384
235.48013360914695,-3.1101766736439574e-07,-4.739698023043666e-05,-0.0023568261144972253,230.514466868292,0.05489968261102037
237.5767097834709,-3.0745290516573525e-07,-4.8045366919078e-05,-0.002456878441971594,232.61103696961567,0.04985377716109911
238.18680181155094,-3.063611404905766e-07,-4.8232609476571684e-05,-0.0024862477127256155,233.2211271342918,0.04834590299313689
238.79689383963097,-3.05245683919152e-07,-4.84191795595329e-05,-0.0025157309687117296,233.83121725430436,0.046820077421925635
240.89347001395492,-3.0123247747154085e-07,-4.9054989925344715e-05,-0.0026179134982179885,235.9277865216233,0.041438776301197834
242.99004618827888,-2.9695292762497394e-07,-4.968210709352357e-05,-0.002721419939613077,238.02435522432205,0.03584185462224404
243.6001382163589,-2.956599087875786e-07,-4.98628817113961e-05,-0.0027517858035250747,238.63444496792093,0.03417228201221543
244.21023024443895,-2.943462162739697e-07,-5.004286277087288e-05,-0.00278226167623627,239.24453466042036,0.0324841514400357
246.3068064187629,-2.8968193851088927e-07,-5.0655129628486204e-05,-0.0028878239294987873,241.34110240886093,0.026540498653462596
248.40338259308686,-2.8480531233554666e-07,-5.125739487016009e-05,-0.0029946593622924614,243.43766951417507,0.020374192832097602
249.0134746211669,-2.833500542137627e-07,-5.1430708185677195e-05,-0.0030259840213577582,244.0477587779233,0.018537626903389906
249.62356664924692,-2.8188034878939307e-07,-5.160313174152242e-05,-0.003057414118839202,244.65784798371863,0.016681919650309483
251.72014282357088,-2.7672737102756484e-07,-5.2188736013624656e-05,-0.0031662198084388463,246.75441400671482,0.01015798138181571
253.81671899789484,-2.7144587503688953e-07,-5.2763401951196295e-05,-0.003276241795477178,248.85097930325935,0.003404649817493161
254.42681102597487,-2.6989049079328825e-07,-5.292853328402109e-05,-0.003308482757917745,249.46106802475327,0.0013960137005268676
255.0369030540549,-2.6832869271216565e-07,-5.3092717169651837e-05,-0.003340824165424571,250.0711566810433,-0.0006323211203658075
257.13347922837886,-2.629285718770797e-07,-5.364963001252602e-05,-0.003452722876736377,252.1677207597834,-0.007753699934375776
259.2300554027028,-2.5751596676203745e-07,-5.419520800359689e-05,-0.0035657773160556096,254.2642840241823,-0.015110893049781124
259.84014743078285,-2.559458458276104e-07,-5.435183532135872e-05,-0.0035988892089007167,254.87437213757795,-0.01729643740493739
260.4502394588629,-2.543809556558051e-07,-5.45075107255882e-05,-0.0036320963784493734,255.48446017814345,-0.01950221020623201
262.54681563318684,-2.4905944691684544e-07,-5.5035237438098226e-05,-0.003746930660650586,257.58102208223846,-0.027237347503406485
264.6433918075108,-2.438745271742099e-07,-5.555195038679232e-05,-0.003862859816506396,259.67758307979585,-0.03521438966449536
265.2534838355908,-2.4240069633328707e-07,-5.570028328181115e-05,-0.0038967969018247816,260.2876705160027,-0.03758143237506624
265.86357586367086,-2.4094565849954464e-07,-5.584772807920504e-05,-0.003930824249371826,260.89775787139763,-0.039969205542442585
267.9601520379948,-2.3611334306266185e-07,-5.6347767882722354e-05,-0.00404843916316886,262.9943173595207,-0.048333568757737616
270.0567282123188,-2.315984863154759e-07,-5.6838009156990406e-05,-0.004167092176822675,265.09087584481307,-0.05694560679596957
270.6668202403988,-2.303550876081978e-07,-5.6978921601551396e-05,-0.004201811590940903,265.700962531654,-0.059498496511970485
271.27691226847884,-2.2914744678657963e-07,-5.71190925278129e-05,-0.00423661681604422,266.3110491293598,-0.062072592869297435
273.3734884428028,-2.2529459188035192e-07,-5.759538675087699e-05,-0.004356871953015398,268.40760594971783,-0.07108084396110545
275.47006461712675,-2.219680371994906e-07,-5.806415488439803e-05,-0.004478117787596606,270.50416166695663,-0.08034225524046368
276.0801566452068,-2.211112631947832e-07,-5.819930841763078e-05,-0.004513583477773274,271.11424752924944,-0.08308512505615741
276.6902486732868,-2.2030845055171717e-07,-5.8333962474392244e-05,-0.004549131574423039,271.7243332937436,-0.08584965619788291
278.7868248476108,-2.1799278214665601e-07,-5.879329631795144e-05,-0.0046719153942354815,273.82088718421033,-0.09551576812513216
280.88340102193473,-2.1643330243759683e-07,-5.924856788990656e-05,-0.004795657984009458,275.917439867191,-0.10544030792913678
281.49349305001476,-2.161346155918652e-07,-5.93805137655986e-05,-0.004831845260633575,276.5275248266943,-0.10837712432203243
282.1035850780948,-2.1591032979111173e-07,-5.9512307188772e-05,-0.004868113130272651,277.13760967937725,-0.11133604234188138
284.20016125241875,-2.1573646873610744e-07,-5.996462324595229e-05,-0.0049933592542753735,279.23416036708437,-0.12167349866246178
286.2967374267427,-2.1655931600713565e-07,-6.0417619627651517e-05,-0.00511955440652293,281.33070973850755,-0.13227453459020397
286.90682945482274,-2.1699950242373698e-07,-6.054986660050416e-05,-0.005156454961658557,281.9407937136677,-0.13540917234816063
287.5169214829028,-2.1753397754700045e-07,-6.068241785040936e-05,-0.00519343647103613,282.55087757258366,-0.1385663478308323
289.61349765722673,-2.2012358203542748e-07,-6.114099352123848e-05,-0.005321141327392592,284.6474247727468,-0.14958843449060782
291.7100738315507,-2.2394682720065268e-07,-6.160629170596423e-05,-0.005449814669705868,286.74397054268576,-0.1608792755555539
292.32016585963066,-2.253037294417814e-07,-6.174332463180048e-05,-0.00548744183638798,287.3540534481187,-0.16421562064167244
292.9302578877107,-2.2677465285740905e-07,-6.188122648355114e-05,-0.005525153085603196,287.96413622740243,-0.1675749487265788
295.02683406203465,-2.3272663959596508e-07,-6.236266307130897e-05,-0.005655394029330829,290.06067964114817,-0.17929514310874467
297.1234102363586,-2.401275209257922e-07,-6.285809731159228e-05,-0.005786659015110188,292.1572215044283,-0.19128946665609892
297.73350226443864,-2.4256437406893377e-07,-6.30053309316932e-05,-0.005825052959026551,292.7673032500681,-0.19483154751779733
298.3435942925187,-2.45131349461313e-07,-6.315409596108314e-05,-0.005863537441873309,293.37738485905254,-0.19839708235011633
300.44017046684263,-2.549721536994454e-07,-6.367806535796308e-05,-0.005996490184120023,295.4739241700246,-0.21082953913114855
302.5367466411666,-2.6643358780998153e-07,-6.422436563753376e-05,-0.006130564877318608,297.57046180230185,-0.22354191255724798
303.1468386692466,-2.7008098311729634e-07,-6.438801792205081e-05,-0.006169797327466607,298.1805422921562,-0.22729405848627834
303.75693069732665,-2.7387078133521724e-07,-6.455394186742249e-05,-0.006209130581212739,298.79062263408076,-0.231070174419313
305.8535068716506,-2.879952509715637e-07,-6.514263817180257e-05,-0.0063450844714765305,300.8871575036309,-0.24423030067725282
307.95008304597457,-3.0384346738215387e-07,-6.576275448590585e-05,-0.006482305545607883,302.98369055599477,-0.2576767872294938
308.5601750740546,-3.087824301162371e-07,-6.594962510442629e-05,-0.006522483588599052,303.5937696864615,-0.26164381002539555
309.17026710213463,-3.138681964504321e-07,-6.613955385104472e-05,-0.0065627768491759745,304.20384865673697,-0.265635385534489
311.2668432764586,-3.324726153943739e-07,-6.681680284905718e-05,-0.006702146282193003,306.3003787175644,-0.2795404889219577
313.36341945078254,-3.5280771483423064e-07,-6.753487168031114e-05,-0.006842978410268251,308.396906809557,-0.293739317668509
313.9735114788626,-3.59047268165702e-07,-6.775201364909051e-05,-0.006884246800883982,309.00698446727563,-0.29792671008365734
314.5836035069426,-3.6542959364322927e-07,-6.797300230084123e-05,-0.006925649108988007,309.6170619512832,-0.30213932753441713
316.68017968126657,-3.884392472746606e-07,-6.876299227000396e-05,-0.007068979099324535,311.7135867994699,-0.31680931132832457
318.7767558555905,-4.1306156477735774e-07,-6.960291426707458e-05,-0.007214017706958381,313.8101095105104,-0.331781580932484
319.38684788367055,-4.205189995023953e-07,-6.98571909374305e-05,-0.007256559093260613,314.4201855697535,-0.3361957222567448
319.9969399117506,-4.2810244778752005e-07,-7.011604766925982e-05,-0.0072992572451179615,315.03026144018685,-0.3406358735181873
322.09351608607454,-4.550972830527452e-07,-7.104166106989267e-05,-0.007447221055648548,317.126780625692,-0.3560939413006671
324.1900922603985,-4.834334812194798e-07,-7.202527733372256e-05,-0.00759718628889204,319.2232974850236,-0.3718643158864321
324.80018428847853,-4.919111714389438e-07,-7.23228026410165e-05,-0.007641218722557987,319.8333718046742,-0.37651267168339764
325.41027631655857,-5.004849683204338e-07,-7.262551605369583e-05,-0.007685434435067976,320.443445918475,-0.38118795621520446
327.5068524908825,-5.306279700237428e-07,-7.370626379017269e-05,-0.007838821092000006,322.53995893430425,-0.39746127729901387
329.6034286652065,-5.616619861907905e-07,-7.485114266569107e-05,-0.007994540846795852,324.63646940974803,-0.4140586209922669
330.2135206932865,-5.708297927147725e-07,-7.519661017106468e-05,-0.008040311957881713,325.24654182995806,-0.418949920597036
330.82361272136654,-5.800467561262353e-07,-7.554766660548099e-05,-0.008086295631068136,325.85661402494884,-0.42386921924513227
332.9201888956905,-6.120208425076357e-07,-7.679725477790169e-05,-0.008245985240979001,327.9531202954038,-0.44098949438008933
335.01676507001446,-6.442358377738418e-07,-7.811413159993939e-05,-0.00840836524556967,330.0496237814119,-0.45844737977151556
335.6268570980945,-6.536134071085079e-07,-7.851004713410029e-05,-0.008456142515209287,330.65969412010463,-0.46359175192392427
336.2369491261745,-6.629766327488428e-07,-7.89116539450235e-05,-0.008504163034944666,331.2697642114866,-0.46876535645776596
338.3335253004985,-6.949368238441437e-07,-8.033524706784907e-05,-0.008671088070959693,333.3662630801393,-0.4867692126696885
340.43010147482244,-7.262752991143555e-07,-8.182519542855879e-05,-0.008841067337803358,335.46275888589867,-0.5051262283654109
341.04019350290247,-7.352240475379637e-07,-8.227103906473803e-05,-0.008891124011424485,336.07282693535143,-0.5105352725551187
341.6502855309825,-7.440758104669106e-07,-8.272228084756422e-05,-0.008941454151138296,336.68289471231697,-0.5159749482514809
343.74686170530646,-7.736243002783363e-07,-8.431356456635237e-05,-0.009116545325428377,338.7793854306449,-0.5349040828677295
345.8434378796304,-8.014741760556942e-07,-8.596501830800972e-05,-0.009295035822768027,340.8758727692922,-0.5542038575277718
346.45352990771045,-8.091935296285954e-07,-8.645637343941531e-05,-0.009347632177848212,341.48593829313694,-0.5598906265866624
347.0636219357905,-8.167165328276649e-07,-8.695234045776733e-05,-0.009400529336791625,342.0960035159434,-0.5656095832309022
349.16019811011444,-8.409087940769431e-07,-8.86905294619342e-05,-0.009584645348470925,344.19248523390564,-0.5855105713782361
351.2567742844384,-8.621240817188848e-07,-9.047631865867085e-05,-0.009772455504517644,346.28896321428795,-0.6058014273789765
351.8668663125184,-8.676624358463957e-07,-9.1004019138736e-05,-0.009827815426372661,346.8990259453741,-0.6117802959254866
352.47695834059846,-8.728882154283427e-07,-9.15349605021252e-05,-0.00988349768965254,347.5090883433381,-0.6177930418195825
354.5735345149224,-8.882803247058055e-07,-9.338194553253093e-05,-0.010077339051551748,349.605560103582,-0.6387167201936603
356.67011068924637,-8.992479042682958e-07,-9.525656311072878e-05,-0.010275081725130697,351.70202772641915,-0.6600508705933933
357.2802027173264,-9.015239973735936e-07,-9.580592617264598e-05,-0.010333364862863726,352.31208736611154,-0.6663372645045921
357.89029474540644,-9.033601765079135e-07,-9.635649771742333e-05,-0.01039198269741705,352.9221466371119,-0.6726593188407396
359.9868709197304,-9.061102387054771e-07,-9.825438972130781e-05,-0.010595991061215596,355.01860737494184,-0.6946596627876519
362.08344709405435,-9.028749793659861e-07,-0.0001001517730988084,-0.010803977966983938,357.1150635356983,-0.7170918722104703
362.6935391221344,-9.00720944142269e-07,-0.00010070200555932974,-0.010865248162850451,357.7251197553159,-0.7237018368638881
363.3036311502144,-8.979923051929488e-07,-0.00010125070177100172,-0.010926852496338785,358.3351755675235,-0.7303492786486575
365.40020732453837,-8.840249880012066e-07,-0.00010312009320060853,-0.011141098470196568,360.4316241192096,-0.7534817013999794
367.4967834988623,-8.624800017456027e-07,-0.00010495225750556371,-0.011359224740834848,362.5280676204102,-0.7770673466817279
368.10687552694236,-8.546995834203737e-07,-0.00010547613563413453,-0.0114234159388435,363.13812006562716,-0.7840169368201142
368.7169675550224,-8.462126388453975e-07,-0.00010599500700252873,-0.011487923888561966,363.74817206229574,-0.791005773958954
370.81354372934635,-8.114510355672288e-07,-0.00010773430482796705,-0.011711988178758579,365.8446071846657,-0.8153247979683732
372.9101199036703,-7.675960749392503e-07,-0.00010939118984600886,-0.011939612646971824,367.9410367606935,-0.8401172894336599
373.52021193175034,-7.530468921310668e-07,-0.00010985511934280529,-0.012006494048701369,368.5510850598006,-0.8474217715430776
374.13030395983037,-7.376701881788119e-07,-0.00011030988189954432,-0.012073654133292101,369.16113286802016,-0.854767122074907
376.2268801341543,-6.783359620398276e-07,-0.0001117960810296854,-0.012306508807080986,371.25755327244974,-0.8803234038545611
378.3234563084783,-6.086033451857009e-07,-0.0001131469809258691,-0.012542337577981255,373.35396762992536,-0.9063709636880259
378.9335483365583,-5.862943807566838e-07,-0.0001135115439933031,-0.012611480393979569,373.9640114068421,-0.9140438329223948
379.54364036463835,-5.630623152374384e-07,-0.00011386218772144203,-0.01268083964122517,374.5740546511358,-0.9217589218894934
381.6402165389623,-4.7604082672825066e-07,-0.00011495344765580565,-0.012920738298271688,376.6704590548771,-0.948595653948836
383.73679271328626,-3.776837750321687e-07,-0.00011585037747485649,-0.013162721150951715,378.766856931354,-0.9759374944768378
384.3468847413663,-3.4689466738832654e-07,-0.00011607146779278679,-0.013233469861952979,379.37689582413776,-0.9839893224230413
384.9569767694463,-3.151242621444239e-07,-0.00011627346345827095,-0.013304345787670018,379.98693414562,-0.9920843124645975
387.0535529437703,-1.983862509705787e-07,-0.0001168138197093491,-0.013548733319579231,382.0833213426941,-1.02023307872508
389.15012911809424,-6.991884457236628e-08,-0.0001170971300422788,-0.013793984291356245,384.17970158543534,-1.0488950800774444
389.7602211461743,-3.032884251221855e-08,-0.00011712776176233057,-0.013865435843651804,384.7897352706953,-1.0573322268469207
390.3703131742543,1.0245702692819684e-08,-0.00011713395007591894,-0.013936896777492564,385.3997683521493,-1.065812918102493
392.46688934857826,1.5718057073913912e-07,-0.0001169604297384775,-0.014182351036507551,387.4961373045851,-1.0952891415631325
394.5634655229022,3.155090461316884e-07,-0.00011646690547466173,-0.014427106040613423,389.5924989694106,-1.1252791938720577
395.17355755098225,3.6367932956754663e-07,-0.0001162597578373338,-0.01449810080451476,390.20252719245724,-1.134102437693153
395.7836495790623,4.127687944349498e-07,-0.00011602297904539006,-0.01456895842769085,390.8125547890775,-1.1429688925300532
397.88022575338624,5.883481065178664e-07,-0.00011497529200123451,-0.014811177335986742,392.9089047369531,-1.1737670841533137
399.9768019277102,7.740689645639338e-07,-0.00011354885829284307,-0.015050802652971528,395.0052472044599,-1.2050703319402236
400.58689395579023,8.299194600734372e-07,-0.00011305958172474193,-0.015119931215273535,395.61526981416745,-1.2142734908862216
401.19698598387026,8.865375596082597e-07,-0.00011253606677441618,-0.015188749394979911,396.2252917888334,-1.223518660563213
403.2935621581942,1.0867012622702777e-06,-0.00011046890671172484,-0.015422597601044587,398.3216223743113,-1.2556077534551557
405.3901383325182,1.2946644663829533e-06,-0.00010797391207461121,-0.015651663354685652,400.4179454771652,-1.2881820558391628
406.00023036059815,1.356482233551547e-06,-0.00010716517407467047,-0.015717293232776274,401.02796246341484,-1.2977506985108618
406.6103223886782,1.4188184918592246e-06,-0.00010631866948767935,-0.015782417225373244,401.63797882422597,-1.307359151072513
408.70689856300214,1.6365697198748363e-06,-0.00010311648024788422,-0.016002046134175597,403.7342902207043,-1.3406782800149553
410.8034747373261,1.8585439714838178e-06,-9.945333202617695e-05,-0.016214478191502697,405.83059437140463,-1.3744502753557608
411.41356676540613,1.923695578853741e-06,-9.829952145124426e-05,-0.01627480428311615,406.4406059016967,-1.384360638849654
412.02365879348616,1.9890063857879826e-06,-9.710605912311961e-05,-0.01633441406771459,407.0506168382097,-1.394307508876677
414.1202349678101,2.2140722266781663e-06,-9.26999023371594e-05,-0.016533467712877146,409.1469098712145,-1.428762666900347
416.2168111421341,2.438453825661076e-06,-8.78225951541747e-05,-0.016722789613353443,411.24319617524463,-1.4636248987677611
416.8269031702141,2.5033084713237993e-06,-8.631503256136696e-05,-0.016775911568161037,411.8532026257742,-1.4738431513572785
417.43699519829414,2.5678497934459356e-06,-8.476818345621296e-05,-0.016828102400840005,412.46320853910294,-1.4840934508958787
419.5335713726181,2.7864824619767735e-06,-7.915408654311216e-05,-0.017000018976597878,414.55948478131006,-1.5195555154477733
421.63014754694206,2.9981655426093175e-06,-7.308889475644511e-05,-0.017159692293145245,416.6557551166929,-1.5553651315408152
422.2402395750221,3.058073806132589e-06,-7.12413157355802e-05,-0.01720372095301719,417.2657570921386,-1.565847132106845
422.8503316031021,3.117082011187977e-06,-6.935768490907667e-05,-0.01724661314316206,417.87575861308363,-1.5763555760585883
424.9469077774261,3.312055633483001e-06,-6.26155615321208e-05,-0.017385027887200297,419.97202043284244,-1.6126602399236043
427.04348395175003,3.4925200382048376e-06,-5.547987094397551e-05,-0.017508894684183055,422.06827747488677,-1.6492398088887514
427.65357597983007,3.5418554315447643e-06,-5.333386197667897e-05,-0.017542088242957585,422.6782758106885,-1.6599315229072469
428.2636680079101,3.589602257371433e-06,-5.115849433606292e-05,-0.017573966603866672,423.2882737996658,-1.6706430290041017
430.36024418223406,3.740462462306148e-06,-4.347042384475059e-05,-0.01767321598540665,425.3845243417683,-1.7075931871366923
432.456820356558,3.868136478648487e-06,-3.5490369247406543e-05,-0.017756040658068014,427.4807715123962,-1.7447341815516912
433.06691238463804,3.9004258454135685e-06,-3.3120345536102634e-05,-0.01777696921305801,428.0907672537233,-1.7555729118368164
433.6770044127181,3.930354429641739e-06,-3.073162180797983e-05,-0.01779645060566534,428.7007627768187,-1.76642393249541
435.77358058704203,4.01397670433757e-06,-2.2397966176495135e-05,-0.017852170367316178,430.79700585712874,-1.80379505641589
437.870156761366,4.064928895299369e-06,-1.3923237735825333e-05,-0.017890270100179722,432.8932471826396,-1.8412645145386053
438.480248789446,4.073077423704847e-06,-1.1440465468245752e-05,-0.017898004806928842,433.5032415358684,-1.8521810913320211
439.09034081752606,4.078044258875487e-06,-8.953981514530039e-06,-0.017904229682182485,434.11323581309756,-1.8631019195604674
441.18691699185,4.069551282748103e-06,-4.0552877488441585e-07,-0.017914030250368557,436.2094757158009,-1.900650887017763
443.28349316617397,4.018558189877146e-06,8.080565427278163e-06,-0.017905973705925317,438.3057155857708,-1.938201682421318
443.893585194254,3.9951916138853996e-06,1.0525477022671862e-05,-0.017900293839426068,438.9157098411772,-1.949123729280602
444.50367722233403,3.967817042020335e-06,1.2954629766087474e-05,-0.017893134730377437,439.5257041660511,-1.9600418908909858
446.600253396658,3.841894517107425e-06,2.1150551965381105e-05,-0.017857327015135906,441.6219453436703,-1.9975196216650444
448.69682957098195,3.6639179368247234e-06,2.9027900352998982e-05,-0.017804669881816372,443.71818817644834,-2.034904630564035
449.306921599062,3.6018406613797943e-06,3.124467055529742e-05,-0.01778627782738239,444.32818360476125,-2.045760977591038
449.917013627142,3.534985887399574e-06,3.3421861978547985e-05,-0.017766554427313352,444.9381792382855,-2.0566057750529874
452.01358980146597,3.2676196487258564e-06,4.056353045422065e-05,-0.017688887395915395,447.0344259289858,-2.093773846910832
454.1101659757899,2.939708237671945e-06,4.708117646113004e-05,-0.017596901467866535,449.13067576413204,-2.130764101392893
454.72025800386996,2.832490015438259e-06,4.8842352905205056e-05,-0.017567632136696876,449.74067349395295,-2.1414903539376526
455.33035003195,2.7198523838384772e-06,5.0536274380156384e-05,-0.01753731905392666,450.35067154052655,-2.152198561651046
457.42692620627395,2.2904867149138518e-06,5.58002642825229e-05,-0.017425678172819672,452.44692733185497,-2.1888497385643952
459.5235023805979,1.79409111798021e-06,6.009378967833417e-05,-0.01730401826228272,454.54318738347854,-2.225256386147228
460.13359440867794,1.6367668677077478e-06,6.114073481558196e-05,-0.01726702582655918,455.1531882702484,-2.2358015743069415
460.74368643675797,1.4735973394862786e-06,6.208981738744617e-05,-0.01722943551211754,455.763189546442,-2.246324200065521
462.8402626110819,8.676848934447123e-07,6.455646057817679e-05,-0.01709643888121728,457.85945692519005,-2.282306495945641
464.9368387854059,1.9134380808695946e-07,6.567893266722006e-05,-0.01695967982352577,459.9557291377299,-2.3180060514685983
465.5469308134859,-1.8778146345302736e-08,6.573190117129267e-05,-0.016919581224556612,460.5657336364509,-2.3283401836557345
466.15702284156595,-2.3486185881501173e-07,6.565488647763626e-05,-0.016879501162751134,461.17573854482885,-2.33865010694305
468.2535990158899,-1.0229836413254756e-06,6.434845544635764e-05,-0.016742918776745545,463.2720184738921,-2.3738936346122133
470.35017519021386,-1.8806669622589785e-06,6.131674653134825e-05,-0.016610884011166078,465.3683031179825,-2.408855613600153
470.9602672182939,-2.1431250336773806e-06,6.0089546581871276e-05,-0.016573835696311327,465.97831116971156,-2.4189778377666507
471.5703592463739,-2.411246961876779e-06,5.870068692238602e-05,-0.016537596020810286,466.58831958716604,-2.429078014035848
473.6669354206979,-3.3752591103048715e-06,5.264580381083644e-05,-0.016420508125354116,468.6846111369153,-2.463623438399671
475.76351159502184,-4.402472989311329e-06,4.45035421758803e-05,-0.01631830292760741,470.7809064629897,-2.497939011446091
476.37360362310187,-4.712729404562968e-06,4.172309683412395e-05,-0.016291985050579334,471.3909173979939,-2.507885953503684
476.9836956511819,-5.027836644364523e-06,3.875227621012868e-05,-0.016267430637923366,472.00092858035464,-2.517817738231518
479.08027182550586,-6.146272505215472e-06,2.704735198221686e-05,-0.016198034801199895,474.0972286110182,-2.551844678250619
481.1768479998298,-7.3148545711861115e-06,1.294497410649203e-05,-0.016155692451833445,476.19353054052016,-2.585754499852327
481.78694002790985,-7.66339261440079e-06,8.375851050621382e-06,-0.016149173697415475,476.8035429887727,-2.595608205635231
482.3970320559899,-8.015352800901429e-06,3.593662981008324e-06,-0.016145513870118137,477.4135554807474,-2.6054592081497
484.49360823031384,-9.24856001519435e-06,-1.4498771220059161e-05,-0.01615648847094464,479.50985832501834,-2.639312434703377
486.5901844046378,-1.0511071818052988e-05,-3.520743793571025e-05,-0.016208137803630895,481.60616010736027,-2.673231300591008
487.2002764327178,-1.0882568396930763e-05,-4.173378101504572e-05,-0.01623159446424005,482.21617189138186,-2.6831260626614455
487.81036846079786,-1.125536164845438e-05,-4.848629231228122e-05,-0.016259104100228794,482.8261834150467,-2.6930367950544447
489.9069446351218,-1.2542834936721525e-05,-7.343369246668394e-05,-0.016386439798826476,484.92248045506693,-2.7272475788576998
492.0035208094458,-1.3830112601909882e-05,-0.00010108017337300298,-0.01656890903639771,487.01877216463396,-2.761783083735559
492.6136128375258,-1.4202775438047633e-05,-0.00010963207183818267,-0.01663317436503548,487.62878013466303,-2.771910296844959
493.22370486560584,-1.4573849365215741e-05,-0.00011840969905183356,-0.01670272284797249,488.23878741517433,-2.7820787473402833
495.3202810399298,-1.5832217098660043e-05,-0.00015029081107693058,-0.016983944571214802,490.33506640275345,-2.817378257630247
497.41685721425375,-1.7051694147508594e-05,-0.00018476941826914156,-0.017334730397580017,492.43133411552805,-2.8533401979507107
498.0269492423338,-1.7396840951612855e-05,-0.000195278708927535,-0.01745065494926561,493.0413338795025,-2.863950268466366
498.6370412704138,-1.773672926208311e-05,-0.0002059955490677198,-0.017573044359264524,493.6513323605996,-2.8746334130597444
500.7336174447378,-1.8858707350259764e-05,-0.0002443732839688745,-0.01804476556564353,495.74757632082435,-2.911954695407871
502.83019361906173,-1.989383151270741e-05,-0.00028501228346214873,-0.018599319073374643,497.8438008244253,-2.9503516333129287
503.44028564714176,-2.0175817206024973e-05,-0.00029723663333041305,-0.01877693001760828,498.45378633443937,-2.961751881610926
504.0503776752218,-2.044810584685628e-05,-0.00030962838770178896,-0.018962031536350742,499.0637697479997,-2.9732630660215804
506.14695384954575,-2.130274850154008e-05,-0.0003534203944186647,-0.01965681091270364,501.1599553674857,-3.0137278836764807
508.2435300238697,-2.2013822942921488e-05,-0.0003988537237152112,-0.020445124145872417,503.25611035563963,-3.0557471077204363
508.85362205194974,-2.2190399441551178e-05,-0.0004123396931397007,-0.020692581569158784,503.86607334831155,-3.0682945630571252
509.4637140800298,-2.2352147288138082e-05,-0.0004259269720407288,-0.02094826942530088,504.4760331415077,-3.080995653784487
511.56029025435373,-2.2786719558150902e-05,-0.0004732818153364834,-0.021890778160115094,506.5721287060627,-3.1258824130110163
513.6568664286777,-2.3013484948108398e-05,-0.0005213299310227761,-0.02293329668031018,508.66817861814184,-3.1728495514743984
514.2669584567577,-2.3036694874658394e-05,-0.0005353793915174958,-0.023255657726706163,509.27810797635357,-3.186937561692994
514.8770504848377,-2.3039385807083378e-05,-0.000549434697654364,-0.02358655314179986,509.8880326740212,-3.2012247958229665
516.9736266591617,-2.2883151965995513e-05,-0.0005976232372698026,-0.024789108370974845,511.98399590646886,-3.25191394555657
519.0702028334857,-2.2449377992948937e-05,-0.0006451932787223511,-0.02609204617992692,514.0798939057551,-3.305228762892843
519.6802948615657,-2.2267042170734758e-05,-0.0006588362527506255,-0.02648986331487199,514.6897751146479,-3.321266442091259
520.2903868896457,-2.2058147397303497e-05,-0.0006723577506297551,-0.026895916607447404,515.2996498033784,-3.3375490159523276
522.3869630639697,-2.1128257958386038e-05,-0.0007176906866959055,-0.028353492540053673,517.3954263519889,-3.395442768356058
524.4835392382937,-1.9848416220013405e-05,-0.0007607071878930717,-0.02990368413525052,519.4911133679037,-3.4564882549988303
525.0936312663737,-1.9406219913612013e-05,-0.0007726843958595445,-0.030371481202886297,520.1009283681699,-3.4748719850192575
525.7037232944537,-1.893133853227201e-05,-0.0007843797445358246,-0.030846437703989493,520.7107346200698,-3.493542625447886
527.8002994687777,-1.704063486809079e-05,-0.0008221623937170596,-0.032531326473580965,522.8062584055011,-3.5599566290924716
529.8968756431017,-1.4728341023717183e-05,-0.0008555390906797044,-0.034290810738025285,524.9016646164025,-3.6299794113819415
530.5069676711817,-1.3972399522248905e-05,-0.0008642971378769236,-0.03481549756903034,525.511392485282,-3.6510559042404895
531.1170596992616,-1.3177878996228766e-05,-0.0008725802561760775,-0.0353453098683783,526.1211091636511,-3.672452968190661
533.2136358735856,-1.0144248445711754e-05,-0.0008971139081636825,-0.037201659870352066,528.2163061887695,-3.7484786835381443
535.3102120479097,-6.622143644709613e-06,-0.0009147752608797027,-0.03910224239309435,530.3113566476568,-3.828440015990083
535.9203040759896,-5.50197361836604e-06,-0.0009184768463311323,-0.03966154303962131,530.9209756152047,-3.8524608246765553
536.5303961040696,-4.337914069214436e-06,-0.0009214799399872392,-0.04022280607575796,531.5305810718964,-3.876821862068993
538.6269722783936,5.093643904705469e-09,-0.0009261174214418854,-0.042161311280707145,533.6253784462068,-3.9631597907631058
540.7235484527176,4.8943486347539905e-06,-0.0009210768318864108,-0.044099393912236357,535.7200045379082,-4.053557886493891
541.3336404807976,6.422573035725695e-06,-0.0009176278782024363,-0.04466037523275967,536.3294958061933,-4.080625701910774
541.9437325088776,7.999034528656221e-06,-0.0009132305572637323,-0.045218872075782596,536.938971922368,-4.108032873440393
544.0403086832016,1.3790792143832168e-05,-0.0008904916981597311,-0.04711192230263831,539.0333135009341,-4.204798408671472
546.1368848575256,2.017297877955468e-05,-0.000854991038323738,-0.04894392073558715,541.1274712982396,-4.30546453864049
546.7469768856056,2.2143059619516248e-05,-0.0008420858502303719,-0.04946171638267212,541.7368248935733,-4.335472106662065
547.3570689136856,2.416439364530436e-05,-0.0008279623267651986,-0.04997117038404152,542.346163150517,-4.36579034748512
549.4536450880096,3.150573480072303e-05,-0.0007697117573919178,-0.05164879521302262,544.4400320517666,-4.4722957450462255
551.5502212623336,3.946387064523422e-05,-0.0006954229285398012,-0.05318748056976437,546.5337271243236,-4.582168276828884
552.1603132904136,4.189640113041732e-05,-0.0006706072320887364,-0.053604308256307506,547.1429494954718,-4.614731273799635
552.7704053184935,4.438153696757822e-05,-0.0006442912762737009,-0.05400543927701372,547.7521587091322,-4.647540596144696
554.8669814928176,5.332433112773242e-05,-0.0005419760321910662,-0.05525237883391466,549.8456047888448,-4.762058265568774
556.9635576671416,6.288901628615099e-05,-0.00042025961801537426,-0.056264468672316194,551.9389203688903,-4.878940449634783
557.5736496952215,6.578874612215477e-05,-0.00038100954880496666,-0.05650903321402275,552.5480425827723,-4.913326115074461
558.1837417233015,6.874053088319978e-05,-0.0003399750433324754,-0.05672900916676742,553.1571570332571,-4.947849894758837
560.2803178976255,7.927974522660857e-05,-0.00018491260870865653,-0.057283213731336456,555.2503239715132,-5.067363687432136
562.3768940719496,9.042255784693235e-05,-7.121163513231549e-06,-0.05748849153892529,557.3434454669878,-5.187672338466444
562.9869861000295,9.377674145925397e-05,4.9066015673664095e-05,-0.057475849653683124,557.9525296222847,-5.22272602372482
563.5970781281095,9.718038471678245e-05,0.00010731335006986477,-0.05742820681770968,558.5616150382302,-5.257757461669657
565.6936543024335,0.00010924947650138991,0.0003236134299715505,-0.05698099495901149,560.6547570231404,-5.377709703680238
567.7902304767575,0.00012187882142074688,0.0005658045868415264,-0.05605315219873737,562.7479807532083,-5.496222812188419
568.4003225048375,0.0001256559667681083,0.0006413126392165872,-0.05568508876171324,563.3571206659249,-5.530294827798321
569.0104145329175,0.00012947772466996062,0.0007191365612590438,-0.05527016810322269,563.9662739251222,-5.564123989390227
571.1069907072415,0.00014294314999607988,0.0010046268090467387,-0.053468189347129255,566.059746193917,-5.678166643092514
573.2035668815655,0.00015689685609162346,0.0013188602056640908,-0.05103752743901659,568.1534541965405,-5.787778539876904
573.8136589096455,0.00016104413450642526,0.0014158462269263188,-0.050203484679179844,568.7627646116232,-5.818653863523544
574.4237509377255,0.0001652285306405147,0.0015153706363397596,-0.0493094275514889,569.3721012028922,-5.848997891847818
576.5203271120495,0.0001798787923729276,0.0018770757517360208,-0.04575860285084674,571.4663023580018,-5.948757065777723
578.6169032863735,0.00019491127791524892,0.002269896937494625,-0.0414168172172535,573.5608787056254,-6.040251043204128
579.2269953144533,0.00019935048992261048,0.002390165393816293,-0.039995452800928456,574.1704654252367,-6.065084940526064
579.8370873425333,0.00020381618381734267,0.0025131459101118483,-0.03849983683260921,574.7800868617422,-6.089024592854578
581.9336635168573,0.00021934695979903185,0.0029567015711766185,-0.03277159305540492,576.8753246128266,-6.1638900783172765
584.0302396911814,0.0002351136708149695,0.0034330660150191056,-0.026079007991085517,578.9709827160317,-6.225741827625029
584.6403317192613,0.00023973665473253378,0.00357791905316647,-0.023940497831356163,579.5808843872841,-6.241005655850241
585.2504237473413,0.00024437183109353466,0.003725590575102959,-0.02171273186906237,580.1908161643989,-6.254932631603209
587.3469999216653,0.0002603703008565336,0.004254698000581229,-0.01335295881694698,582.2870631151378,-6.291889499342767
589.4435760959893,0.0002764130630263038,0.0048173938677926135,-0.0038486613795807815,584.3835493963509,-6.310121453231394
590.0536681240693,0.0002810777676584853,0.004987457684217841,-0.0008578791604530947,584.9936407271147,-6.311565153083736
590.6637601521493,0.0002857364181799261,0.005160358464292668,0.002237510841375886,585.603730560078,-6.311147046170425
592.7603363264733,0.0003016700148861253,0.0057761637798752295,0.013696336104904503,587.7002347064546,-6.294675495605201
594.8569125007973,0.0003174081530488705,0.006425170197820655,0.02648104844119321,589.7963739445358,-6.252792975716508
595.4670045288773,0.00032193649787467507,0.006620205046137387,0.03046036315819559,590.406220505302,-6.235434222587544
596.0770965569573,0.00032643648797522147,0.006817985506650012,0.03455945030651498,591.0159871814702,-6.215607538753519
598.1736727312813,0.000341648431266082,0.007518415120603559,0.04958264433732612,593.1107056069901,-6.127690692421791
600.2702489056053,0.0003563787212709347,0.008250232821024021,0.06610724616566525,595.2037602211268,-6.006745920377826
600.8803409336853,0.00036055760918080894,0.008468938672514586,0.07120727184566995,595.8124176897061,-5.964900619402305
601.4904329617652,0.0003646821892174875,0.008690167880343632,0.07644139471990054,596.4208438995319,-5.919907136781221
603.5870091360893,0.00037840063536358497,0.009469273687373972,0.09547284362153444,598.5096812842345,-5.740204019233349
605.6835853104133,0.00039131242779083655,0.01027629565625903,0.11616701137537713,600.5945146468565,-5.5190527004663394
606.2936773384932,0.0003948992386816175,0.01051613563865788,0.12250961348441354,601.2002715086279,-5.446427083699158
606.9037693665732,0.00039840297325760896,0.010758128173333506,0.12899903921010833,601.805540638038,-5.369914435991342
609.0003455408972,0.00040976443124332346,0.011605522945545581,0.1524386388198899,603.8814006884679,-5.076174647094521
611.0969217152212,0.00041996680151103633,0.012475522822029326,0.1776785627808549,605.9494672323879,-4.732008429001069
611.7070137433012,0.00042269781094169306,0.012732585426219387,0.1853682047406719,606.5495406907909,-4.6218781618288265
612.3171057713812,0.0004253152048463272,0.012991268743229449,0.19321495791991278,607.1487288654173,-4.507090494763102
614.4136819457052,0.0004333954254441593,0.013891711403531504,0.2213933853558295,609.2004301101422,-4.075902485089503
616.5102581200292,0.0004399500945121738,0.014807495644327186,0.25147574181574994,611.2386653339877,-3.5851522787969112
617.1203501481092,0.0004415504540635959,0.01507640668166632,0.26059178101099306,611.8288761613609,-3.4306564806518525
617.7304421761892,0.00044300614624376484,0.015346239250040177,0.2698718883234595,612.4176273831763,-3.2707430360940877
619.8270183505132,0.0004468569442808728,0.016279402236911367,0.30302360703585085,614.4287960434386,-2.6787104805624495
621.9235945248372,0.0004488183197073271,0.017218658055984916,0.3381381600766919,616.4185469944355,-2.0184099531195616
622.5336865529172,0.0004490143968137266,0.01749255251249367,0.34872682360812457,616.9930197434066,-1.8129845272876275
623.1437785809972,0.00044903586356093703,0.017766503388359216,0.35948227545199196,617.5652530425876,-1.601449550433939
625.2403547553212,0.00044773161144563874,0.01870696341036876,0.397717862108091,619.5133808079211,-0.8268669618337566
627.3369309296452,0.00044419880587875807,0.019642352802433153,0.43791987935827326,621.4295951526276,0.02347216026582734
627.9470229577252,0.0004427345703249132,0.019912923258335248,0.44998628493152926,621.9805528380567,0.28551149278578547
628.5571149858051,0.00044106916803927075,0.020182530837615106,0.4622170903203094,622.5282729393773,0.5542095877993725
630.6536911601291,0.000433771307379155,0.02110005421057351,0.5054962653591029,624.3842033199606,1.5291759916274419
632.7502673344532,0.00042396350074805833,0.02199964591628756,0.5506803004878709,626.1951649902416,2.5852101164493444
633.3603593625331,0.00042062480114842823,0.022257299050737835,0.5641810126033002,626.71290595136,2.9079533587921538
633.9704513906131,0.0004170651484687891,0.02251284279423158,0.577837857423782,627.2262065080963,3.2376760793805777
636.0670275649371,0.00040311828907293106,0.023373100785166582,0.6259451463512337,628.9543641547255,4.424414941317921
638.1636037392611,0.0003864843969146489,0.0242013013385509,0.6758224262563618,630.622294668885,5.694309332808007
638.7736957673411,0.00038113338906006,0.024435473457010835,0.6906592650619605,631.0954438039745,6.079469073098259
639.3837877954211,0.0003755528299276289,0.024666310657184234,0.7056375218340054,631.5627943711937,6.471613684580728
641.4803639697451,0.0003546143936025677,0.02543220845282657,0.7581633674008503,633.1224587052264,7.872384180560535
643.5769401440691,0.00033097330186096697,0.026151374060265298,0.812245987241825,634.6052538498282,9.354202765083453
644.1870321721491,0.00032359097245084257,0.026351056468302936,0.8282620935299555,635.0213582907595,9.800379435594657
644.7971242002291,0.0003159867079614923,0.026546173474540274,0.8443982158358508,635.4302404072398,10.253159578258305
646.8937003745531,0.00028817925926241666,0.0271799497750698,0.9007293141328341,636.7780459640742,11.858764474020795
648.9902765488771,0.0002578745137305252,0.027752807754668138,0.9583253127712359,638.0322496589336,13.538439728366722
649.6003685769571,0.00024860538468596407,0.02790731254695133,0.9753047019714097,638.3787305340966,14.040600110085984
650.210460605037,0.00023914260876574278,0.028056117056460154,0.9923762523835448,638.7166257071132,14.548559726452723
652.307036779361,0.00020519852127051335,0.02852226929748241,1.0516995064549162,639.8102242279961,16.336978648609144
654.4036129536851,0.00016922410772186874,0.028915126806788125,1.1119232502143117,640.7950485382486,18.187482203512044
655.013704981765,0.00015840778109937046,0.029015068161819233,1.1295951270851283,641.0604275708442,18.736831575043087
655.623797009845,0.00014744847958156373,0.02910838821021044,1.1473256908691518,641.3160642759741,19.290770913963218
657.720373184169,0.00010878423750220713,0.02937722202987721,1.2086498612981351,642.1185363930931,21.227346006472654
659.816949358493,6.881435353213344e-05,0.029563624631961945,1.270451250644882,642.8003745180952,23.209591026829504
660.427041386573,5.698462408718184e-05,0.029601990535298443,1.2884999603740799,642.9755885618132,23.79397698431457
661.037133414653,4.50821952121545e-05,0.02963314388782137,1.306569741428146,643.1402507284253,24.38141970751988
663.133709588977,3.7429206650350435e-06,0.029684394216290794,1.3687668234703532,643.6245102849313,26.420955581403348
665.230285763301,-3.798293353633822e-05,0.02964856835983457,1.4309800748028214,643.9810866634654,28.486642934232805
665.840377791381,-5.014308218086815e-05,0.02962167092240704,1.4490606353837274,644.060626711429,29.091519976735412
666.450469819461,-6.229378972008252e-05,0.029587386641998163,1.46712255065945,644.1292558215052,29.69773508607043
668.547045993785,-0.0001038445311158004,0.029413119190832494,1.5289871864292137,644.2815047629716,31.78843289665582
670.643622168109,-0.00014478497112411083,0.029152377216905032,1.590395807000848,644.3047237157801,33.88455795721354
671.253714196189,-0.00015652881107172016,0.029060443254654938,1.6081537121444829,644.2873328334173,34.49439123319674
671.863806224269,-0.0001681802693504211,0.0289614001998069,1.6258535336978541,644.2591637825648,35.10383141464555
673.960382398593,-0.00020738402126758084,0.02856742896567814,1.6861743956377884,644.0805660429992,37.192453000800796
676.056958572917,-0.0002450328820409546,0.0280928940531986,1.7455848129306049,643.77735782149,39.26669061555223
676.667050600997,-0.0002556477462237981,0.027940141879450004,1.762677671385896,643.666115116008,39.86654148273179
677.2771426290769,-0.0002660967504785443,0.027780986744579485,1.7796756938452585,643.5446882434005,40.46442942378767
679.373718803401,-0.00030062873679307674,0.027186489381490115,1.8373096680265317,643.0508527749788,42.5016965458382
681.470294977725,-0.00033283815874895226,0.026522027795190438,1.8936238905389333,642.4418255750044,44.50759706435308
682.0803870058049,-0.00034173878676459365,0.026316229844846356,1.9097420785523793,642.2436042146943,45.084573936385155
682.6904790338849,-0.0003504192198994765,0.026105083861107995,1.9257334916600646,642.0361607044206,45.658319957320046
684.7870552082089,-0.000378492524217149,0.025340479780287944,1.9796730280227695,641.2546084982188,47.60347901237169
686.8836313825329,-0.00040373502538328717,0.024519985375721743,2.031950924526264,640.3708996287604,49.50447472921141
687.4937234106129,-0.00041052825641714686,0.02427157917615259,2.046834577727807,640.095351676315,50.04877852467165
688.1038154386929,-0.0004170700649144335,0.024019112072846616,2.061565912905229,639.8117804369464,50.58896969393687
690.2003916130169,-0.00043759321734012377,0.0231226438259619,2.110991010967398,638.7780809470967,52.41272918909095
692.2969677873409,-0.00045505475205365566,0.022186356684054546,2.158494853388813,637.6572242871731,54.184334797508704
692.9070598154209,-0.0004595554820761696,0.021907343650733452,2.171945351472397,637.3155482677546,54.689756708949666
693.5171518435009,-0.0004637963145940628,0.021625663456136757,2.1852253003136646,636.9671460000055,55.19059186295129
695.6137280178249,-0.00047638302370110015,0.020639553989566833,2.229535478516749,635.7206488567832,56.87613534430802
697.7103041921489,-0.00048593240111022713,0.019630239527205606,2.2717538775862955,634.4023882822925,58.50624765078889
698.3203962202289,-0.00048814834582951296,0.019333089335414694,2.283639307005202,634.0061437270307,58.97012868820654
698.9304882483088,-0.0004901156724502072,0.019034656336666633,2.2953435236598927,633.6044479899674,59.4293241870256
701.0270644226329,-0.000495005350763415,0.018001475700345618,2.334169337106322,632.184453030415,60.97159611450614
703.1236405969569,-0.0004970904377852045,0.01696098350061316,2.370821344022043,630.707245580083,62.45924085645361
703.7337326250369,-0.000497188036878286,0.016657676126257452,2.3810763563229265,630.2674081824995,62.88201823158391
704.3438246531168,-0.0004970635065825545,0.01635436581945007,2.391146740679887,629.8232864564178,63.30031859524867
706.4404008274408,-0.0004949886201233672,0.015313986212996754,2.424343093204426,628.2661918224169,64.70410160816095
708.5369770017649,-0.0004904916121749906,0.014280495845160961,2.4553654325405923,626.6647994796803,66.05720823271145
709.1470690298448,-0.000488752334219799,0.013981778364098574,2.463986474771969,626.191145947774,66.44172433746829
709.7571610579248,-0.0004868275587527956,0.013684164721349864,2.472425958491574,625.7142181812434,66.82219527420067
711.8537372322488,-0.0004788595149362121,0.012671506005224691,2.500051018526884,624.0518249369532,68.09959053947416
713.9503134065728,-0.0004689428034498431,0.011677595665025397,2.5255726161243794,622.3560482892669,69.33239032170826
714.5604054346528,-0.00046571891620298224,0.011392480939560594,2.532609791552106,621.8568649204714,69.68313093641432
715.1704974627328,-0.00046235166293746735,0.011109361718404426,2.539473900396566,621.3552448668047,70.03039783848396
717.2670736370568,-0.00044975482498106503,0.010152960714752633,2.5617580627126895,619.6141070520927,71.19823430286965
719.3636498113808,-0.0004357234301692673,0.00922447377029391,2.582066319447171,617.8484715881556,72.32874640213458
719.9737418394608,-0.0004313998056668217,0.008959963921933111,2.5876131579038675,617.3305197683383,72.65113039412367
720.5838338675408,-0.00042697659490237446,0.008698107150918845,2.592999618982291,616.8108038960106,72.97067875005642
722.6804100418648,-0.0004110861191665025,0.007819415133018669,2.610308751472803,615.0123528011504,74.04820485069457
724.7769862161888,-0.00039427495121381714,0.006975003858627815,2.6258115753090543,613.1964491062332,75.0960929391387
725.3870782442688,-0.0003892379456381605,0.0067360009166197565,2.629993830617969,612.6650981672007,75.39588262027539
725.9971702723487,-0.00038414365408991145,0.006500074358184035,2.6340313196970357,612.1325119448721,75.69348394802168
728.0937464466728,-0.0003662661225218399,0.00571335173961148,2.646827879484892,610.2936454465831,76.70051923268336
730.1903226209968,-0.0003479479338776115,0.004964572663343721,2.658014791138228,608.4428235853097,77.68543804351818
730.8004146490767,-0.0003425598709452574,0.004753941799777858,2.660979181460945,607.902267120991,77.96829505537981
731.4105066771567,-0.0003371527823200642,0.004546591567349096,2.663816105389182,607.3608864948212,78.24957916273773
733.5070828514807,-0.0003184847781335786,0.0038592909316636104,2.672621049970808,605.4947572454709,79.20516909206356
735.6036590258047,-0.0002997962171972813,0.003211150738173625,2.6800260678400973,603.6209372909998,80.14560649872128
736.2137510538847,-0.00029437542407221337,0.003029907467208524,2.681929707293441,603.0744295280823,80.41678892430039
736.8238430819647,-0.00028896805133109797,0.0028519571071095847,2.6837237520157524,602.5274168241825,80.68695581985558
738.9204192562887,-0.0002705367448492609,0.002265491500499899,2.6890816203309185,600.6442314962885,81.60849134196117
741.0169954306127,-0.00025242942909212097,0.0017173288963046414,2.693250071409338,598.7566745704761,82.5210482724677
741.6270874586927,-0.00024723805016747,0.001564913871148652,2.694251171307149,598.2067474679639,82.78522944029011
742.2371794867727,-0.00024208581984646043,0.0014156463438237937,2.695160171361782,597.6565649608282,83.04888031307156
744.3337556610967,-0.00022471667414394525,0.0009264053736150795,2.697609061386756,595.7642873526922,83.95160543176242
746.4303318354207,-0.00020793433258535924,0.0004729650006610402,2.6990697497897,593.8702475047592,84.85063040437329
747.0404238635007,-0.0002031733050269689,0.00034756453817263045,2.699319948762977,593.3188901710917,85.11181451310136
747.6505158915807,-0.00019847022559806122,0.00022504566797905274,2.6994944125334337,592.7674749028286,85.37287671038654
749.7470920659047,-0.00018277699635703984,-0.00017447696478648062,2.699541815404104,590.8723906604705,86.26969753023303
751.8436682402287,-0.00016785238182361663,-0.0005419032766686775,2.698785234832637,588.9776247199529,87.16719018412226
752.4537602683087,-0.00016366171219977423,-0.0006430245996066979,2.6984237096416663,588.4264216529164,87.42870027076917
753.0638522963886,-0.00015954113848257027,-0.0007416137848449755,2.6980011320601087,587.8753192905803,87.69042202860423
755.1604284707126,-0.00014593200606259407,-0.001061684763224945,2.6961059308757442,585.9824632582425,88.59193624412708
757.2570046450367,-0.00013319790024937992,-0.001354140438787791,2.69356862529698,584.0916107529321,89.49764285938976
757.8670966731166,-0.0001296606776033505,-0.0014343194221479853,2.6927179781191533,583.5418440752803,89.76215955038464
758.4771887011966,-0.00012619967309019747,-0.0015123648344553236,2.691818921989685,582.9923076201865,90.02715329998315
760.5737648755206,-0.00011489459413950437,-0.0017649412378878595,2.6883793875592104,581.1057777150392,90.94183042941401
762.6703410498446,-0.00010450440560509759,-0.001994774750867971,2.6844341485602294,579.222639172303,91.8634665241639
763.2804330779246,-0.00010165332803613531,-0.0020576582362070257,2.6831979560517545,578.6753636254828,92.13309958397504
763.8905251060046,-9.887940058995375e-05,-0.002118825398442564,2.6819237772168356,578.128425907989,92.40341624799925
765.9871012803286,-8.99347391110818e-05,-0.0023165999467851315,2.6772710618622058,576.2516148506216,93.3378712050729
768.0836774546526,-8.188905757307245e-05,-0.002496563720946305,2.6722223679240282,574.3793598102268,94.28141836707121
768.6937694827326,-7.971445008746586e-05,-0.0025458570337275792,2.6706842033667413,573.8354594373807,94.5577965010451
769.3038615108126,-7.761369314565698e-05,-0.0025938444190493266,2.6691162246120124,573.2919882150593,94.83501660312564
771.4004376851366,-7.095090978641606e-05,-0.0027494363533353623,2.663512640083526,571.4277621749272,95.79433062206091
773.4970138594606,-6.512703212534877e-05,-0.0028919386696253766,2.657596566903307,569.5690936118224,96.76436568007594
774.1071058875406,-6.35855456489889e-05,-0.0029311996429497744,2.655820262380754,569.0293273741851,97.0487331415429
774.7171979156205,-6.211136243305387e-05,-0.002969537988666008,2.654020159594509,568.4900700353292,97.33406360532432
776.8137740899446,-5.754714129464332e-05,-0.003094844187304538,2.647661404798606,566.6409162584049,98.32211671609411
778.9103502642686,-5.3729196004105775e-05,-0.0032113634607309903,2.641049147241162,564.7982103374464,99.32214107151125
779.5204422923485,-5.275253002008602e-05,-0.0032438438563058363,2.6390800426138883,564.2632515692336,99.6154523650575
780.1305343204285,-5.183433732395822e-05,-0.0032757428823542625,2.637091188942574,563.7288740844486,99.90982058308182
782.2271104947525,-4.91101937529337e-05,-0.0033814513958660736,2.6301116493944354,561.8970314626195,100.92960884396204
784.3236866690766,-4.701814291443879e-05,-0.003482111150152927,2.622915776449593,560.0724636534305,101.96235436181904
784.9337786971565,-4.652134537333067e-05,-0.0035106443367180448,2.6207827005138067,559.5429360437387,102.26536075116113
785.5438707252365,-4.607279311209996e-05,-0.0035388854492529064,2.6186322146496117,559.0140586339022,102.56949988437405
787.6404468995605,-4.488271159661775e-05,-0.003634144568187837,2.6111124695278205,557.2016381057842,103.62341848619681
789.7370230738845,-4.4198901863343946e-05,-0.003727439309250056,2.603395065640804,555.3973003223437,104.69111382684765
790.3471151019645,-4.408786412358545e-05,-0.0037543708365364407,2.601112807266456,554.8738114089581,105.00443745261254
790.9572071300445,-4.401423082662688e-05,-0.003781242234302034,2.5988140657595213,554.3510417611011,105.3189589816044
793.0537833043685,-4.402919696314221e-05,-0.0038734711894975625,2.590789795453373,552.5601383451603,106.40903913785955
795.1503594786925,-4.442147145717013e-05,-0.003966127050194694,2.5825717125972254,550.7781475088278,107.51362677092764
795.7604515067725,-4.459937706521991e-05,-0.00399328305162802,2.5801437627236226,550.2613195807093,107.83781995112803
796.3705435348525,-4.4803882081808174e-05,-0.004020552016171373,2.577699160310059,549.745283421231,108.163271230091
798.4671197091765,-4.5692578863627824e-05,-0.004115374331679145,2.569170737346906,547.9780786623854,109.29136442295923
800.5636958835005,-4.683338057074294e-05,-0.004212324146275775,2.5604412819443128,546.2206747766311,110.43466377592432
801.1737879115805,-4.720595553752812e-05,-0.0042410114435450326,2.557862657904453,545.7111725325462,110.77025249495178
801.7838799396604,-4.759488001157257e-05,-0.004269927606390888,2.55526643105981,545.2025408692128,111.10715845542198
803.8804561139845,-4.904021686163918e-05,-0.004371205277165798,2.546208588726021,543.4613931329479,112.27506612571231
805.9770322883085,-5.062149007870827e-05,-0.004475655707218568,2.536935084074937,541.7310241073527,113.45888241578024
806.5871243163884,-5.1101038797420996e-05,-0.004506687042916325,2.534195082352095,541.2295782511317,113.8063941227687
807.1972163444684,-5.158761842490724e-05,-0.004538010039031974,2.531436046169566,540.7290904609137,114.15528335562088
809.2937925187924,-5.3299097791193463e-05,-0.0046479558511474325,2.5218071404346385,539.016610264955,115.36483359064233
811.3903686931164,-5.5043104449303185e-05,-0.004761524008097617,2.5119439276686233,537.3160007603958,116.59101498581963
812.0004607211963,-5.555136893800504e-05,-0.0047952619007697464,2.509028686798701,536.8234267644436,116.95099165877565
812.6105527492763,-5.605853654574582e-05,-0.004829306937651374,2.5060927708474976,536.3319087713242,117.31240791010447
814.7071289236003,-5.77807308940272e-05,-0.004948653030772031,2.495843272524396,534.6510166715982,118.56548324991307
816.8037050979243,-5.9447147375062134e-05,-0.005071551364257084,2.485339832254701,532.9832186738573,119.83593127140313
817.4137971260043,-5.9917129737971894e-05,-0.005107964561381638,2.482234621672433,532.5004300820607,120.20892931051945
818.0238891540843,-6.037922462121671e-05,-0.00514465995882373,2.4791071242658,532.0188070128776,120.58343001163352
820.1204653284083,-6.189690308356675e-05,-0.00527286287652241,2.4681870917224207,530.3727720726445,121.88195234143934
822.2170415027323,-6.328688946358174e-05,-0.0054041138646367965,2.456995076740408,528.7411954218115,123.19859203634611
822.8271335308123,-6.366385629193646e-05,-0.005442841309022688,2.4536862577080174,528.2692112122282,123.58517098086072
823.4372255588922,-6.402756428934363e-05,-0.005481793068366271,2.450353767762569,527.7985140667752,123.97331484679599
825.5338017332163,-6.516841787734132e-05,-0.005617259582851222,2.4387191475410694,526.1909714319928,125.31919464773603
827.6303779075403,-6.612665675773721e-05,-0.005754926550964636,2.4267982047435552,524.5993930069405,126.68391219956212
828.2404699356202,-6.636862161674313e-05,-0.005795345279393857,2.423274833080761,524.1393386679738,127.08461456608798
828.8505619637002,-6.659339856300177e-05,-0.0058359052628698185,2.419726791437071,523.6807046718367,127.48694058895128
830.9471381380242,-6.722913834909721e-05,-0.005976228360379596,2.407344464962384,522.1156512250484,128.88199874240877
833.0437143123482,-6.764436849762501e-05,-0.006117653177151801,2.39466678550557,520.5682019364763,130.2965549970654
833.6538063404282,-6.772213901883849e-05,-0.006158947640136041,2.3909218418737934,520.1213040458157,130.71187975406144
834.2638983685082,-6.77802182036025e-05,-0.006200282907565294,2.3871517293740463,519.6759704924066,131.12888012575263
836.3604745428322,-6.782622912385305e-05,-0.006342479794257308,2.3740032732033125,518.157738056229,132.57475112064242
838.4570507171562,-6.763034041670794e-05,-0.006484519565850785,2.3605568551297615,516.6588673507017,134.04068006225992
839.0671427452362,-6.752715318320812e-05,-0.006525750089881007,2.3565881013614667,516.2264416177255,134.4710523984361
839.6772347733162,-6.740312412904446e-05,-0.006566911120218344,2.3525942535758286,515.7957331830816,134.90314203127866
841.7738109476402,-6.68166601302525e-05,-0.006707655432002835,2.338678423371304,514.3289394012805,136.40116781195462
843.8703871219642,-6.598230119944285e-05,-0.006846910312036253,2.324469073349579,512.8833577162254,137.91966928853734
844.4804791500442,-6.569300885726732e-05,-0.00688707838787287,2.320279545685806,512.4667906794116,138.36540938531766
845.0905711781242,-6.538296019359222e-05,-0.006927063856371611,2.3160656065728102,512.0521004314287,138.81289473944372
847.1871473524482,-6.415978198757576e-05,-0.007062903945228484,2.301399597930846,510.6415783312812,140.36401847367097
849.2837235267722,-6.269635236268009e-05,-0.007195927695101329,2.2864517425296715,509.25417890258353,141.93585435253996
849.8938155548522,-6.222613608641877e-05,-0.007234035604277378,2.2820499055771997,508.8549037689,142.39714780309373
850.5039075829321,-6.173630284886254e-05,-0.007271851201680965,2.27762494541904,508.4576683944356,142.86019764647796
852.6004837572561,-5.9905588782291216e-05,-0.007399405637568464,2.2622445304971137,507.1083767172032,144.4648662854835
854.6970599315802,-5.785342800932902e-05,-0.007522889702017733,2.246600954905864,505.78413928169306,146.09026861220775
855.3071519596601,-5.721596363417883e-05,-0.0075579917184624935,2.242000554301486,505.4036067350429,146.56714091407096
855.9172439877401,-5.656084241606804e-05,-0.00759270022614983,2.2373788915759465,505.02527685083135,147.04576140777397
858.0138201620641,-5.4178225291869025e-05,-0.007708820657499454,2.2213375811322185,503.74219442480586,148.70384496835857
860.1103963363881,-5.16010859458709e-05,-0.007819741835226142,2.205058265674404,502.48607454027854,150.38244354185758
860.7204883644681,-5.081628324656066e-05,-0.007850984173831512,2.2002779329394713,502.12571968373203,150.87474071083676
861.3305803925481,-5.001635140746593e-05,-0.007881744052215403,2.195478715223409,501.7677264306693,151.36875681458443
863.4271565668721,-4.71561709608114e-05,-0.007983637162486821,2.178846147726274,500.5557349638268,153.0794908084886
865.5237327411961,-4.413393960307479e-05,-0.008079363810539907,2.162006417790697,499.3725436848299,154.81026588090896
866.1338247692761,-4.322597382325862e-05,-0.008106012714111571,2.1570690917823385,499.0337505569971,155.31764270366727
866.7439167973561,-4.230580740165873e-05,-0.008132105031376607,2.152115700300611,498.69746994396235,155.82668735305037
868.8404929716801,-3.905532650292223e-05,-0.008217416873191828,2.1349754776039767,497.5612304562148,157.58864282885605
870.9370691460041,-3.567930157489648e-05,-0.008295782227889336,2.1176636740520967,496.45550984331123,159.3699065761873
871.5471611740841,-3.467543913377038e-05,-0.008317243553742557,2.1125958953335364,496.1395751468386,159.8918234065873
872.157253202164,-3.3662607010652514e-05,-0.008338090869332003,2.107515227453257,495.8262918011575,160.41533529750518
874.253829376488,-3.0118771707600144e-05,-0.008404967120329615,2.0899623653883976,494.7701205300239,162.22641883763455
876.3504055508121,-2.6489130767643553e-05,-0.008464323501638133,2.0722771751588795,493.74602102769734,164.05582713561682
876.960497578892,-2.5419094886589503e-05,-0.008480157570768176,2.0671082885021588,493.45411886122054,164.5915555317699
877.570589606972,-2.4343571347362983e-05,-0.008495338397554337,2.061929951219675,493.16499099167015,165.12878574243882
879.667165781296,-2.0611216547303343e-05,-0.008542471551796169,2.0440680428951064,492.19274108146294,166.9862697039017
881.76374195562,-1.6835444497449272e-05,-0.00858173402610433,2.0261155670623445,491.2539072065017,168.86086372871983
882.3738339837,-1.573097612502644e-05,-0.008591667732934702,2.0208768514410633,490.9870566937817,169.40950064829212
882.98392601178,-1.4624692197521414e-05,-0.008600928361614451,2.0156322840775776,490.7230841657818,169.9595277525745
885.080502186104,-1.0814932011113895e-05,-0.008627596282331425,1.9975704315495144,489.83803969852914,171.86010907889664
887.177078360428,-7.005940408199667e-06,-0.0086462775563086,1.9794610400008892,488.98751059261184,173.77638432207235
887.787170388508,-5.900168869690154e-06,-0.008650213753828477,1.9741847799570271,488.74654830550196,174.33687403759026
888.397262416588,-4.7963467994840685e-06,-0.008653477228697444,1.9689063200068786,488.50854571645203,174.89862681060848
890.493838590912,-1.0238764602361394e-06,-0.008659570612575877,1.9507558846042399,487.7133344816498,176.83851086638035
892.590414765236,2.703452684779878e-06,-0.008657802045998846,1.932600915547143,486.95346551303686,178.79250932266882
893.200506793316,3.7771806254980295e-06,-0.00865582422056416,1.9273194331606878,486.7390244347793,179.3636716960313
893.810598821396,4.845288960720528e-06,-0.00865319425925622,1.9220393457974432,486.52760090702463,179.93595799600942
895.90717499572,8.467224211093043e-06,-0.008639223732550314,1.9039105992046128,485.82413155751834,181.9109621454794
898.003751170044,1.2002287896875049e-05,-0.008617750609119797,1.8858190077679842,485.15654213654943,183.89838179237356
898.613843198124,1.3012481855703872e-05,-0.008610118916662107,1.8805636905088727,484.9690385611525,184.47894509063426
899.2239352262039,1.4013771577284255e-05,-0.008601874656563546,1.8753131994398327,484.7845855944079,185.06048505422942
901.320511400528,1.7381795644872942e-05,-0.008568941753342493,1.85731202576723,484.1740133471038,187.06615525845353
903.417087574852,2.062788312286493e-05,-0.008529075355781039,1.8393871667343902,483.5995643166335,189.0824696599315
904.0271796029319,2.154788178471417e-05,-0.008516208766122203,1.8341875520918567,483.4391934944442,189.67110575502906
904.6372716310119,2.245641853839436e-05,-0.00850278512286006,1.828995935672778,483.28188160711704,190.26056712148693
906.7338478053359,2.5487451113163736e-05,-0.008452500472617846,1.811220828395426,482.76460433194615,192.29229986651234
908.8304239796599,2.8371599442905385e-05,-0.008396015008700018,1.7935576469568113,482.2834056768146,194.33288002722918
909.4405160077399,2.9182213366567073e-05,-0.008378457489654122,1.7884406477635562,482.1501462028465,194.92823967081455
910.0506080358199,2.9979742667002473e-05,-0.008360409805583174,1.7833344852297763,482.01993025903846,195.5242729249539
912.1471842101439,3.261847357604254e-05,-0.008294760862012886,1.7658741309854615,481.5956138144824,197.57743458091485
914.2437603844679,3.509706221812757e-05,-0.008223747493318948,1.7485570382150555,481.2070603539785,199.63766532980284
914.8538524125479,3.578783000725958e-05,-0.008202123525832225,1.743546383330547,481.1006863995379,200.23841131256
915.4639444406279,3.646488821492519e-05,-0.008180082361817116,1.73854902255734,480.9973186294496,200.8396824880763
917.5605206149519,3.868642555812278e-05,-0.00810127386370731,1.7214806866646002,480.6649473531124,202.90971898275916
919.6570967892759,4.0746149670970854e-05,-0.008017977370215095,1.704582283503425,480.367777380967,204.98510333732702
920.2671888173559,4.1315332391736754e-05,-0.00799294420927838,1.6996982112179257,480.287877147006,205.58993975276653
920.8772808454358,4.1871109557613964e-05,-0.007967567637106692,1.6948294910046855,480.2109261769357,206.19515917601086
922.9738570197599,4.3679624540244065e-05,-0.007877859043997857,1.6782182845858273,479.9688723246586,208.27769057208897
925.0704331940839,4.533487417672393e-05,-0.007784519427702069,1.6617989654242626,479.7612424695125,210.3639374924193
925.6805252221639,4.578847444516761e-05,-0.007756722173405739,1.6570581700492164,479.7072408308624,210.97163393183155
926.2906172502438,4.6229751121971764e-05,-0.007728651458117332,1.6523343937646773,479.65611466612563,211.5795798061391
928.3871934245678,4.765418386054012e-05,-0.007630210160957409,1.6362333853635402,479.50221959322886,213.67047657671318
930.4837695988919,4.894189917097623e-05,-0.007528925751307089,1.620341747041551,479.38178859548435,215.76356978711883
931.0938616269718,4.9292030895692175e-05,-0.007498959627691744,1.6157575508097757,479.35297181418196,216.37297995464726
931.7039536550518,4.9631488225329203e-05,-0.0074687825078163725,1.6111916808933633,479.3269426604886,216.9825163460157
933.8005298293758,5.071937574772922e-05,-0.0073635658234925926,1.595642729375129,479.25860258535505,219.07795637926156
935.8971060036998,5.169239550814831e-05,-0.007256188714615482,1.5803166373977104,479.22261708562263,221.17420408027994
936.5071980317798,5.195527432979801e-05,-0.007224571311704548,1.575899340508507,479.2181576488629,221.78427891682975
937.1172900598598,5.2209464722254264e-05,-0.007192795467028369,1.571501365066194,479.2163866604898,222.3943682891091
939.2138662341838,5.302013442032843e-05,-0.007082468795474855,1.5565364951445084,479.23063672998796,224.49087556122112
941.3104424085078,5.374073523918828e-05,-0.006970536911280211,1.5418046162190824,479.2760132901838,226.5869425715556
941.9205344365878,5.393487971216829e-05,-0.006937690924843272,1.5375619681076076,479.2949932956088,227.19673843598306
942.5306264646678,5.412242335686614e-05,-0.006904727787033898,1.5333393823370354,479.31655372154626,227.80644932508238
944.6272026389918,5.4719984323071635e-05,-0.006790618122014199,1.5189825075021863,479.4101455074731,229.90091654950245
946.7237788133158,5.5251920175700966e-05,-0.006675324418934821,1.504866113485269,479.5335446033418,231.99384155342915
947.3338708413958,5.539571374468133e-05,-0.006641571922418988,1.5008038482599835,479.5749765692401,232.60252429553265
947.9439628694757,5.553493323718104e-05,-0.00660773242543897,1.4967621930093045,479.618874228109,233.21103497853534
950.0405390437998,5.598162855247581e-05,-0.006490823453603683,1.4830309771468067,479.7883434082131,235.3007333046326
952.1371152181238,5.638546204368673e-05,-0.006373022882552743,1.4695458045020582,479.9862328227443,237.3879344180999
952.7472072462037,5.649610698679714e-05,-0.006338588986095617,1.465668178063211,480.0490773045641,237.99478029268232
953.3572992742837,5.66039706385228e-05,-0.006304087864744371,1.4618115746548304,480.1142678262476,238.6013794044296
955.4538754486077,5.695618557389815e-05,-0.006185040001373489,1.4487192459791096,480.3559905283797,240.68395843588314
957.5504516229317,5.728490828113335e-05,-0.006065278319183753,1.435877258505099,480.6246971959164,242.76323030995428
958.1605436510117,5.7377110447432195e-05,-0.006030301318619932,1.4321875492311908,480.7078770278692,243.36762465011307
958.7706356790917,5.74679881161332e-05,-0.005995268031990307,1.4285191937353046,480.79327972026357,243.97170965536387
960.8672118534157,5.7772360444401657e-05,-0.005874461441857403,1.4160761878159263,481.1035173326859,246.04519081397848
962.9637880277397,5.806811542870099e-05,-0.0057530257454119485,1.4038871215997737,481.43926786718947,248.11469612554936
963.5738800558197,5.815324820142252e-05,-0.005717573054573951,1.40038805923937,481.54167917430425,248.71613056610417
964.1839720838997,5.823810314958185e-05,-0.005682068219409917,1.3969106415852246,481.6461876944975,249.31720485981725
966.2805482582237,5.852909947563493e-05,-0.0055596627612292905,1.38512596210701,482.02112100308295,251.37997059774926
968.3771244325477,5.8821293769796735e-05,-0.005436645951268945,1.3735985558688106,482.42007211063867,253.43822818045467
968.9872164606277,5.890694736336184e-05,-0.005400733548251758,1.3702926537080073,482.54059249681154,254.03629703734975
969.5973084887077,5.899293925352662e-05,-0.005364768642760237,1.3670086779979564,482.66308275487864,254.633966256332
971.6938846630317,5.9291841756082973e-05,-0.005240773158178181,1.3558909042887892,483.0988370339281,256.6847469436021
973.7904608373557,5.959670965818391e-05,-0.005116144748273538,1.3450337600463946,483.55709763672473,258.73061811023535
974.4005528654357,5.968667848137837e-05,-0.005079757892566954,1.341923537314191,483.69459211062286,259.3250143154594
975.0106448935156,5.9777195277474814e-05,-0.0050433159659525936,1.3388355316890876,483.8339279792704,259.9189822380735
977.1072210678396,6.00926201134269e-05,-0.004917658972695929,1.328393443623789,484.32659107482345,261.95684184651077
979.2037972421637,6.041437657482839e-05,-0.0047913340298758825,1.3182155052202584,484.8402382543787,263.98951576646976
979.8138892702436,6.050911445455771e-05,-0.004754446803552597,1.315303599369666,484.9935635123605,264.58002656343143
980.4239812983236,6.0604289776148475e-05,-0.004717501720081246,1.3124142165639747,485.14860096208974,265.17009078251743
982.5205574726476,6.093439878750259e-05,-0.004590094794059287,1.3026570524343788,485.69423648432536,267.19441185743096
984.6171336469716,6.12681327295155e-05,-0.004461991969377563,1.2931677361325984,486.2593273048352,269.2133902761541
985.2272256750516,6.136572467154542e-05,-0.004424582953466364,1.2904569185454493,486.42733495341355,269.7998927244463
985.8373177031316,6.146345438142215e-05,-0.0043871144716418065,1.2877689422947158,486.5969251860843,270.38594012833136
987.9338938774556,6.179982490823912e-05,-0.004257898967852574,1.2787063545595487,487.19158268945756,272.3964080706337
990.0304700517796,6.213575743315526e-05,-0.004127978696783243,1.269915415770122,487.8041636089926,274.4014892700823
990.6405620798596,6.223319514176471e-05,-0.004090040370105282,1.267408538816548,487.98570278577057,274.9839455120646
991.2506541079396,6.23304234042975e-05,-0.004052042775419576,1.2649248254280072,488.16869480714394,275.5659475195156
993.3472302822636,6.266238593451142e-05,-0.003921013535803103,1.2565666446835546,488.8084183181118,277.56253395500556
995.4438064565876,6.298996070700085e-05,-0.003789292911089165,1.2484839014917817,489.464533295212,279.5537956999165
996.0538984846676,6.308426379771727e-05,-0.0037508343930051447,1.2461838131383598,489.6584529606732,280.13224791364786
996.6639905127475,6.317806498736461e-05,-0.003712318575763885,1.2439072045747395,489.8536958422703,280.7102553878598
998.7605666870716,6.349615112563878e-05,-0.0035795262476075044,1.2362631353143008,490.5345314247168,282.69320038124016
1000.8571428613956,6.380704579877716e-05,-0.003446074566359463,1.228898166477198,491.2302291604926,284.67098164702367
1001.4672348894755,6.389605267833392e-05,-0.0034071191803904262,1.226807624862467,491.4353801443089,285.2455466361707
1002.0773269175555,6.398439299255122e-05,-0.0033681097252831133,1.2247408648809657,491.6417250397612,285.81968443327395
1004.1739030918795,6.428267097958472e-05,-0.0032336474532646785,1.2178202137226104,492.35972748948836,287.7894774364267
1006.2704792662036,6.457272480827894e-05,-0.0030985684400125155,1.2111821194826013,493.0910677141636,289.7543588787038
1006.8805712942835,6.465558235027001e-05,-0.0030591478240827147,1.2093037307799965,493.3063044595809,290.3252223018897
1007.4906633223635,6.473777061242187e-05,-0.00301967683217379,1.2074494064148251,493.52260630684935,290.89568346270534
1009.5872394966875,6.501516186879761e-05,-0.002883657116883077,1.2012609114751722,494.27384465663727,292.8530430762906
1011.6838156710115,6.528533051336717e-05,-0.002747063401071193,1.1953581939477438,495.0369030346842,294.8058263949485
1012.2939076990915,6.536270370098155e-05,-0.002707209742148151,1.1936943878573876,495.26108490079184,295.373236692479
1012.9039997271715,6.543957873630932e-05,-0.002667308942844563,1.1920549096329338,495.4862036637553,295.9402763411584
1015.0005759014955,6.570028185199946e-05,-0.0025298358499071015,1.1866067099382294,496.2667649563904,297.88612915015074
1017.0971520758195,6.595675332184073e-05,-0.002391820609012642,1.181447301382032,497.057636023718,299.8278156668589
1017.7072441038995,6.603080725993586e-05,-0.0023515583777377193,1.1800003505832488,497.28962796980943,300.3920777873485
1018.3173361319795,6.610469015542507e-05,-0.002311250881810052,1.178577976958767,497.52242924190045,300.95600684327576
1020.4139123063035,6.635785384987573e-05,-0.0021723920538950603,1.1738777346648772,498.3284199572732,302.8914657181014
1022.5104884806275,6.661146948650652e-05,-0.002033001975244474,1.1694691773850048,499.1432174820956,304.82323459036735
1023.1205805087075,6.668565367678241e-05,-0.001992340312159741,1.168241260436534,499.3818899604859,305.3847036445878
1023.7306725367874,6.676011903344822e-05,-0.0019516331319109183,1.1670381652746986,499.6212447588249,305.9458824761879
1025.8272487111115,6.701890846789375e-05,-0.001811395277892967,1.163093331465527,500.44878932667086,307.87222478741427
1027.9238248854354,6.728403293848083e-05,-0.0016706082111696702,1.1594430927329633,501.28364356714303,309.7954113065316
1028.5339169135154,6.73627216525743e-05,-0.0016295348891172817,1.1584363942888654,501.52787148056586,310.35448627672537
1029.1440089415955,6.744221775675e-05,-0.001588413124830108,1.1574547706596277,501.7726550913344,310.9133184240012
1031.2405851159194,6.772241808234644e-05,-0.0014467238803833465,1.1542729677150985,502.6178910498972,312.831964591217
1033.3371612902433,6.801539986932037e-05,-0.0013044337759562017,1.151388856938993,503.4689425346718,314.7480389521741
1033.9472533183234,6.810341694774769e-05,-0.001262911438348771,1.15060569475537,503.7176031629143,315.3051565619439
1034.5573453464035,6.819278595021256e-05,-0.0012213348068117454,1.14984788412901,503.96669294890756,315.862082628865
1036.6539215207274,6.851106891144612e-05,-0.001078033112131463,1.147437364055156,504.82576249358846,317.7745753169375
1038.7504976950513,6.884839915761012e-05,-0.0009340441459360784,1.1453280073586503,505.6891521504846,319.6851221128487
1039.3605897231314,6.895046635002856e-05,-0.0008920093333889837,1.144770972317188,505.94112201128735,320.2407509183286
1039.9706817512115,6.905437879485909e-05,-0.0008499115345092001,1.144239605062743,506.1933941539773,320.7962426896725
1042.0672579255354,6.942631091262732e-05,-0.0007047481237926612,1.1426097331719722,507.0624320379603,322.70422679029036
1044.1638340998593,6.982254897746602e-05,-0.0005587794494247815,1.141285051577785,507.93428772368986,324.6109252867624
1044.7739261279394,6.994266538701015e-05,-0.00051614480811077,1.1409571445210616,508.18843840087703,325.16555998867545
1045.3840181560195,7.006499947112145e-05,-0.00047343611108469785,1.1406552752681534,508.44276361800985,325.72011476326435
1047.4805943303434,7.050285844970592e-05,-0.00032608533574644426,1.1398169810020535,509.3178816083587,327.6253180733886
1049.5771705046673,7.096839431265123e-05,-0.00017778754235781095,1.1392886116085355,510.1943013421706,329.52992307724975
1050.1872625327474,7.110917965300303e-05,-0.00013444749996481848,1.1391933589373477,510.44949438827854,330.08407898099625
1050.7973545608274,7.125235575437602e-05,-9.102082156087466e-05,1.139124578581989,510.70473274305897,330.6382140399097
1052.8939307351513,7.176283307436896e-05,5.889535985370145e-05,1.139090709678267,511.5820010991966,332.54242829082614
1054.9905069094752,7.230156971283909e-05,0.00020991141976181864,1.1393723044581652,512.4590335756106,334.44675116336714
1055.6005989375553,7.246358535986347e-05,0.00025407135049479,1.1395138332252193,512.7141146772418,335.0009586366967
1056.2106909656354,7.262789245076353e-05,0.00029833073095677566,1.1396823382218737,512.9691096769036,335.55520568732067
1058.3072671399593,7.320977339858127e-05,0.0004512062209486611,1.1404678511247806,513.8445364054736,337.4602673111341
1060.4038433142832,7.381682554244533e-05,0.0006053280553369891,1.1415751856656249,514.7181596581762,339.366156412685
1061.0139353423633,7.399791343070955e-05,0.0006504183320632697,1.1419582384209033,514.9719523405926,339.92095511513367
1061.6240273704434,7.418084603482211e-05,0.000695619425562307,1.1423688376142584,515.2255246113162,340.47585447730336
1063.7206035447673,7.482277216864113e-05,0.0008518150695692662,1.1439907563996004,516.0950335645474,342.3836242486702
1065.8171797190912,7.54822921288223e-05,0.0010093750040126486,1.145941581420111,516.9611329772104,344.2929438672539
1066.4272717471713,7.567695395050958e-05,0.001055485624469301,1.1465714514369112,517.2124322208882,344.8488764609011
1067.0373637752514,7.587260407547522e-05,0.0011017149285847815,1.14722949116419,517.4633731431262,345.40497069858077
1069.1339399495753,7.655103776339199e-05,0.001261497974046026,1.1497065697022344,518.3227823684131,347.31731118905856
1071.2305161238992,7.723429348617875e-05,0.001422708462294925,1.1525201419377222,519.1771295792643,349.2319178334817
1071.8406081519793,7.743315830105766e-05,0.0014698893949355073,1.153402510796629,519.4246958252113,349.789522840458
1072.4507001800594,7.763168978597514e-05,0.0015171910033828227,1.1543137004571467,519.6717616183895,350.3473495012557
1074.5472763543833,7.83092147585947e-05,0.0016806643860543236,1.1576657284927272,520.5167637335093,352.2660991668678
1076.6438525287072,7.897305950613109e-05,0.0018455439106239424,1.161361964969353,521.3549983558827,354.1878140304719
1077.2539445567872,7.916247084099308e-05,0.001893782947003335,1.1625026269238994,521.5975524872293,354.7476174899306
1077.8640365848673,7.934972838497812e-05,0.001942136158554396,1.1636727497902595,521.839459344076,355.3077006063037
1079.9606127591912,7.997383352253084e-05,0.0021091598281074916,1.1679194534993365,522.6656060987511,357.2346433345059
1082.0571889335151,8.055971862503613e-05,0.0022774519160148206,1.1725176647223958,523.4832225702961,359.1652197997318
1082.6672809615952,8.072149614565618e-05,0.002326650739802036,1.17392212593141,523.719442571722,359.7277254074537
1083.2773729896753,8.087878399856119e-05,0.002375945988942355,1.1753566237812305,523.9548635565376,360.2905654495228
1085.3739491639992,8.138128748520528e-05,0.0025460533115356492,1.1805161255477736,524.7575571322835,362.22739456063266
1087.4705253383231,8.181497800932722e-05,0.0027171420351576997,1.1860332990649503,525.549899392249,364.1684798575784
1088.0806173664032,8.192639055388405e-05,0.002767091551650521,1.1877062447485254,525.7784194998771,364.7341573568711
1088.6907093944833,8.203047779071696e-05,0.002817105733291956,1.1894096700193424,526.0059840352027,365.30021941915385
1090.7872855688072,8.23277535531289e-05,0.002989418875403839,1.1954964909545898,526.7804780051604,367.2484954893643
1092.883861743131,8.251990840074552e-05,0.0031622450817937048,1.2019451173572813,527.5427450502542,369.2015860817218
1093.4939537712112,8.25539150277148e-05,0.003212601306287126,1.20388974627306,527.762158302337,369.77085782543554
1094.1040457992913,8.257730422936534e-05,0.0032629738213394415,1.205865081937531,527.9804551637371,370.340557988868
1096.2006219736152,8.257146883611206e-05,0.0034361228899629473,1.2128876941645397,528.7218683406278,372.3016604703676
1098.297198147939,8.241923927968925e-05,0.003609106260982707,1.220273152904606,529.4491339765998,374.2680514479224
1098.9072901760192,8.234503237256005e-05,0.003659368310965856,1.2224903862444472,529.6579991440537,374.8412772753911
1099.5173822040992,8.22565444295942e-05,0.0037095794039881287,1.224738241455369,529.8655839469435,375.4149673183324
1101.6139583784231,8.183774764456702e-05,0.0038816309399946755,1.2326962052918973,530.5689305299295,377.39004079459903
1103.710534552747,8.122752759908696e-05,0.004052603769916309,1.2410137574848332,531.2561807501911,379.3707705116904
1104.3206265808271,8.101142414915245e-05,0.004102095725548637,1.2435013382666924,531.4530346445973,379.9482313818478
1104.9307186089072,8.077712544144291e-05,0.004151448900942268,1.2460190369277795,531.6484428183302,380.5261823190087
1107.0272947832311,7.982705683667377e-05,0.00431985002267229,1.2548997903677273,532.3086822284805,382.51607934075577
1109.123870957555,7.863848108874675e-05,0.0044860092290047015,1.264131259414019,532.9508735258879,384.51187173130273
1109.7339629856351,7.824517761893187e-05,0.004533867794133256,1.2668827684793345,533.1342496244586,385.09375291432985
1110.3440550137152,7.782968284783259e-05,0.004581478259789008,1.2696633580372167,533.3160158003008,385.6761382095031
1112.440631188039,7.62263723361864e-05,0.004743023249495559,1.2794387614550513,533.9281252735847,387.681361958724
1114.537207362363,7.433766908231159e-05,0.004900907602771506,1.2895490188478231,534.5202667270746,389.6925703105381
1115.147299390443,7.373191248305983e-05,0.004946077644140185,1.292552844388996,534.6887208897206,390.27894534077336
1115.7573914185232,7.310010492838895e-05,0.004990868889465907,1.2955840630601387,534.8554054510716,390.8658250416143
1117.853967592847,7.072429003897013e-05,0.005141695784671599,1.3062068404393543,535.4144777342552,392.88647646252804
1119.950543767171,6.801939394278033e-05,0.005287196631076761,1.3171402546599948,535.9517388037623,394.9130338179412
1120.560635795251,6.716819891692872e-05,0.0053284371772021255,1.3203785645587534,536.1038825559953,395.50385080844814
1121.1707278233312,6.628751875439828e-05,0.005369148345990926,1.3236418178646772,536.2541057803226,396.0951582453452
1123.267303997655,6.303101477910283e-05,0.005504775341444001,1.3350420823966656,536.7554730389624,398.1308935954248
1125.363880171979,5.9408672625753534e-05,0.005633191324446994,1.3467191400374672,537.2333175354253,400.17227617146557
1125.973972200059,5.8284100344520466e-05,0.005669095151602401,1.3501669220825987,537.3678589183008,400.76734842566975
1126.5840642281391,5.712736904890146e-05,0.0057043023286787045,1.353636335628327,537.500342646816,401.36288143986576
1128.680640402463,5.290312944303114e-05,0.005819714390880616,1.3657184441261896,537.939725833431,403.41288722045937
1130.777216576787,4.828738634211585e-05,0.005925859604520282,1.3780328084769398,538.3540704155721,405.468098049156
1131.387308604867,4.6869652716466815e-05,0.005954888882555082,1.3816570592579251,538.4698617411043,406.0671010954203
1131.9974006329471,4.541820382027474e-05,0.005983042629640387,1.3852986899823005,538.5834778293761,406.6665199294511
1134.093976807271,4.017116115378111e-05,0.0060728351642079185,1.3979387186732486,538.9571582640395,408.72951254234493
1136.190552981595,3.452218959963922e-05,0.006151205536870405,1.4107550305365475,539.304551113035,410.79709258229
1136.800645009675,3.28027881116816e-05,0.006171744509352341,1.414514183375822,539.4006421441949,411.39956970102116
1137.410737037755,3.104956158820867e-05,0.00619122442482736,1.4182854801481886,539.4944661151179,412.002403594109
1139.507313212079,2.4767007731012972e-05,0.006249805030006765,1.4313296365145822,539.799473090801,414.07666048045434
1141.603889386403,1.8090895099357378e-05,0.006294801219480397,1.4444823712009158,540.077285395487,416.1547333958216
1142.213981414483,1.6075296059577805e-05,0.006305224857818228,1.4483260535199078,540.1529795857451,416.760111308257
1142.824073442563,1.4027463319994207e-05,0.006314409835559681,1.4521756567331536,540.2263470231911,417.36577539574597
1144.920649616887,6.747383595671547e-06,0.006336251471995582,1.4654399276725913,540.4606522451057,419.44920254711826
1147.0172257912109,-8.967863193392472e-07,0.006342448195324733,1.4787335908905532,540.6672722423968,421.53555694297313
1147.627317819291,-3.1873458527149486e-06,0.006341203230995015,1.482602788956147,540.7221828634272,422.1431725267834
1148.237409847371,-5.506729780258062e-06,0.0063385535227967384,1.4864707447684693,540.7747452983581,422.7509957929617
1150.333986021695,-1.369109918131709e-05,0.0063184833818164836,1.4997420210869208,540.9374524455767,424.84123325315466
1152.4305621960189,-2.218863298939701e-05,0.006280925800430893,1.5129528869505244,541.0724695962961,426.9334423652495
1153.040654224099,-2.4716793188287382e-05,0.006266617798629054,1.5167805691262803,541.1065720335605,427.54258006602856
1153.650746252179,-2.72686117760404e-05,0.00625076225308565,1.520599005563502,541.1383485660315,428.15184386503773
1155.747322426503,-3.6209690435323556e-05,0.006184261079865364,1.5336378119486929,541.2298648609674,430.2464063183469
1157.8438986008268,-4.539330613192044e-05,0.006098760005468352,1.5465172761884836,541.2942309372888,432.34198026412685
1158.4539906289067,-4.810681607788259e-05,0.0060702378591404585,1.5502294845287703,541.3079073240164,432.9519183914496
1159.0640826569868,-5.0837248569186225e-05,0.0060400576700576185,1.553923754216166,541.3193281734208,433.5619035504758
1161.1606588313107,-6.033835705681411e-05,0.005923540546157723,1.5664685602268162,541.3415051450628,435.6583478159308
1163.2572350056346,-6.99936544235533e-05,0.005786941990207851,1.5787480280856048,541.3376600531809,437.754908151895
1163.8673270337147,-7.28268795009311e-05,0.005743374179758354,1.582265405671758,541.3317328602357,438.36497069126005
1164.4774190617948,-7.566884383097044e-05,0.005698078281844571,1.5857556594517008,541.3236715432674,438.97500966067406
1166.5739952361187,-8.548882142181405e-05,0.0055291472804944635,1.5975286324217073,541.2799043586729,441.07111569559373
1168.6705714104426,-9.53583614716518e-05,0.00533957599235966,1.6089257917124253,541.2118573001397,443.16657708444245
1169.2806634385227,-9.823336744102049e-05,0.005280519903256072,1.6121655030395077,541.1876094005454,443.776186289809
1169.8907554666027,-0.00010110755165263508,0.005219713615723731,1.6153686525907438,541.1614011708059,444.38571547555574
1171.9873316409266,-0.00011096314920050301,0.004997389980993287,1.6260827176615085,541.0566793249384,446.47966325246085
1174.0839078152505,-0.00012074751409680944,0.0047544780076003035,1.6363090817865529,540.9300395218547,448.5724033894857
1174.6939998433306,-0.0001235742098740496,0.004679946160959596,1.6391870973739737,540.8892193206375,449.18112748197865
1175.3040918714107,-0.00012638925479791752,0.004603697308090144,1.6420191401502646,540.8466645789667,449.7897340152748
1177.4006680457346,-0.00013595702416892196,0.004328646811657472,1.651386277023892,540.6875703912481,451.880256089888
1179.4972442200585,-0.00014531864325984529,0.004033752862802897,1.660155947925179,540.5095251148978,453.96925328030414
1180.1073362481386,-0.00014799625466365901,0.00394427504165217,1.662589680053242,540.4543363141385,454.5768432241351
1180.7174282762187,-0.00015065028747843738,0.0038531751339221307,1.6649683724089435,540.39768865625,455.1843001417602
1182.8140044505426,-0.0001595721130126149,0.003527911131578983,1.6727090807716753,540.1923431454993,457.2707893361046
1184.9105806248665,-0.00016814161819703367,0.0031843111756149163,1.6797486270149804,539.9715836507143,459.35570764786667
1185.5206726529466,-0.00017056077077863945,0.003080987298804261,1.6816598779577294,539.9046600034693,459.96211731043627
1186.1307646810267,-0.00017294367060403013,0.0029762030499225984,1.683507714960473,539.8365993316014,460.56840153775755
1188.2273408553506,-0.00018083601781707627,0.0026052518965211406,1.6893614863017428,539.5945574371001,462.6509552498069
1190.3239170296745,-0.00018822399671296927,0.002218282559291729,1.6944207386216668,539.3411553854145,464.7321602725433
1190.9340090577546,-0.00019027065099359104,0.002102819521191428,1.695738896276845,539.2655212754233,465.33754537365553
1191.5441010858347,-0.00019226821377187818,0.0019861272029722005,1.6969863286064462,539.1891128393174,465.9428340874446
1193.6406772601586,-0.00019873841592588424,0.0015761253806264779,1.700722845859011,538.921211106982,468.02222147796726
1195.7372534344825,-0.00020455480678353827,0.0011532436691948226,1.7035862612251222,538.6464486799487,470.1007154784097
1196.3473454625625,-0.00020611649536425724,0.0010279647582516374,1.7042516256304197,538.5654664473773,470.70540859881163
1196.9574374906426,-0.0002076169035856893,0.0009017557925733293,1.704840390308862,538.4841067236416,471.3100514951669
1199.0540136649665,-0.0002122870581469833,0.0004614373383635397,1.7062709753148904,538.2022664369997,473.3875971232953
1201.1505898392904,-0.00021616659012083875,1.2156349609982759e-05,1.7067690038225132,537.9184228055404,475.4648706277356
1201.7606818673705,-0.00021713991661731158,-0.00012002763909750446,1.7067360641686833,537.835727518593,476.0693321082982
1202.3707738954506,-0.00021804120572616845,-0.0002527800482258986,1.7066224426199454,537.7530775911258,476.67379973015267
1204.4673500697745,-0.00022057297660736932,-0.0007127325042897809,1.7056110686231598,537.4700653097829,478.7511867374355
1206.5639262440984,-0.00022219793266191099,-0.0011770424076819877,1.7036308014055423,537.1901608767528,480.8289937522368
1207.1740182721785,-0.0002224946785529949,-0.0013126997816959314,1.7028712510429154,537.1095828481602,481.433741379103
1207.7841103002586,-0.0002227106124239979,-0.001448510878754922,1.7020290427414408,537.0294895354349,482.03855275810696
1209.8806864745825,-0.0002228235546901081,-0.001915733268877988,1.6985022044066613,536.7586354436304,484.1175595721113
1211.9772626489064,-0.00022193926929039192,-0.0023821470691829795,1.6939966463757115,536.4961335496721,486.1976346930435
1212.5873546769865,-0.0002214903847175104,-0.0025174191063632527,1.6925019582767884,536.421608368844,486.80315827666556
1213.1974467050666,-0.00022095423044509667,-0.002652388834793756,1.6909249986344794,536.3480128101401,487.40879434626214
1215.2940228793905,-0.00021843706803379174,-0.003113182541726909,1.6848799028230461,536.1028854318159,489.49098972026
1217.3905990537144,-0.00021486078950337022,-0.0035675885671110226,1.6778754140348495,535.871349501853,491.5747358123742
1218.0006910817945,-0.00021361855781821192,-0.0036982998411754986,1.6756588590746966,535.8068149087227,492.18140569404795
1218.6107831098745,-0.00021228509148666882,-0.003828224492783673,1.6733629702552046,535.7436479130462,492.7882177978237
1220.7073592841984,-0.0002070016174658601,-0.004267948272848905,1.6648737137252034,535.5376827034692,494.87464833744514
1222.8039354585223,-0.00020062769149425456,-0.0046954517393748025,1.655475353203737,535.3503865007576,496.9628318471415
1223.4140274866024,-0.0001985672571955134,-0.004817229515290086,1.6525733950566,535.2996655096576,497.57081259763345
1224.0241195146825,-0.00019641435723946412,-0.0049377221400330375,1.6495977076294568,535.2507291402644,498.17893754636106
1226.1206956890064,-0.00018830982776456623,-0.005341213891337829,1.6388192535838721,535.0968097873249,500.26984835178484
1228.2172718633303,-0.00017911797511416624,-0.005726574051309666,1.6272138554771596,534.9663010625459,502.36234435308063
1228.8273638914104,-0.00017624019304111535,-0.0058349789484973096,1.6236868720092632,534.9329717785929,502.97152609905567
1229.4374559194905,-0.00017327187288599072,-0.0059416018242331,1.6200944657643297,534.9018078074547,503.58082025983055
1231.5340320938144,-0.00016238490451080491,-0.006293649186440975,1.6072642187942139,534.8118041119475,505.6754517169743
1233.6306082681383,-0.0001504541710302238,-0.006621777023617032,1.5937209522653997,534.7494286313744,507.7710813010482
1234.2407002962184,-0.00014679000747150206,-0.006712453549331604,1.5896531996479992,534.7366834701918,508.38104087977587
1234.8507923242985,-0.00014304094469687087,-0.006800871405704953,1.5855309748088267,534.7264317416965,508.9910453644489
1236.9473684986224,-0.0001295199772768592,-0.007086760251378053,1.5709676087007276,534.7107072492327,511.08754624148867
1239.0439446729463,-0.00011504615265554089,-0.0073433024900516446,1.5558356185488003,534.7261109010333,513.1840436001103
1239.6540367010264,-0.00011066185174670514,-0.007412155941758649,1.5513343110137403,534.7366112687137,513.7940457391708
1240.2641287291065,-0.00010620255798966909,-0.007478315945665894,1.5467919591843715,534.7498644385473,514.403992536602
1242.3607049034304,-9.03231987074272e-05,-0.007684472954032651,1.5308910233347945,534.8167792752049,516.4994801706474
1244.4572810777543,-7.363452678054211e-05,-0.007856489283260555,1.5145936528805335,534.9174186171517,518.5936146077713
1245.0673731058343,-6.863569126041045e-05,-0.007899888834408559,1.5097870113147072,534.9531547905111,519.202659273921
1245.6774651339144,-6.357632090511596e-05,-0.007940226003990684,1.5049549398868485,534.9918195586546,519.8115238849127
1247.7740413082383,-4.575239044061186e-05,-0.00805494083709672,1.4881807560755471,535.1472660481512,521.9023057196823
1249.8706174825622,-2.7316906231435343e-05,-0.008131645357752862,1.4712059096360433,535.3379686106099,523.9901646474324
1250.4807095106423,-2.18498333796925e-05,-0.008146642319035053,1.4662400631227146,535.4001374273944,524.5970806537441
1251.0908015387224,-1.634109542210073e-05,-0.008158298410556361,1.4612661643356848,535.4653150812989,525.2036805382421
1253.1873777130463,2.8763392447789687e-06,-0.008172477144934475,1.4441397005985157,535.7123314403989,527.285628394782
1255.2839538873702,2.2458888511348766e-05,-0.008145982318373072,1.4270261476740616,535.9949519765136,529.3630427105281
1255.8940459154503,2.821103620206729e-05,-0.008130522702601362,1.4220608560955073,536.0838657484275,529.9666202344963
1256.5041379435304,3.398232559248331e-05,-0.008111556227496526,1.4171061018356166,536.1757653421449,530.569750861864
1258.6007141178543,5.392484811544353e-05,-0.008019418562366652,1.4001888730583643,536.5142720646814,532.6387930619159
1260.6972902921782,7.394966391864317e-05,-0.007885383612593886,1.3835087383389553,536.8874862529548,534.7018600185119
1261.3073823202583,7.977581549588545e-05,-0.007838485614393782,1.3787120467842924,537.0025241571627,535.3010071502416
1261.9174743483384,8.559621019943757e-05,-0.007788043781700783,1.3739450373037945,537.120419142619,535.8996000048141
1264.0140505226623,0.00010551439873226303,-0.0075876663618799295,1.3578196077452123,537.547111305578,537.9522719380302
1266.1106266969862,0.00012521254194765503,-0.007345759613430356,1.3421578194113668,538.0063730119739,539.99790840269
1266.7207187250663,0.0001308862397729181,-0.007267631561651536,1.3376999040806925,538.1459810263875,540.591810944891
1267.3308107531464,0.00013652836472255946,-0.007186060623784872,1.333290644664661,538.2882146801531,541.1850922323646
1269.4273869274703,0.00015563606580868273,-0.006879696472711763,1.3185387759472735,538.7966225988401,543.2190692297339
1271.5239631017942,0.0001742191455285838,-0.006533821525123858,1.3044706417069922,539.3342875907666,545.2455159389706
1272.1340551298742,0.00017951152290074355,-0.006425910056247324,1.3005172052756968,539.4960259600248,545.8337770343553
1272.7441471579543,0.00018474708525442933,-0.00631479554960737,1.2966304747822477,539.6600637777906,546.4214036192111
1274.8407233322782,0.0002022665094377319,-0.005908951791688997,1.2838101975273604,540.2407694581401,548.4359358616166
1276.9372995066021,0.00021897308245205258,-0.005467229328637111,1.2718784138449961,540.8463638448682,550.4431346319923
1277.5473915346822,0.000223666744026417,-0.005332195685241476,1.2685840123998946,541.0269941335528,551.0258722354944
1278.1574835627623,0.00022828058225696194,-0.005194330237603132,1.2653727074643175,541.2095145830637,551.608023239704
1280.2540597370862,0.00024349236710961486,-0.0046995902772062085,1.2549956513156024,541.8504896285747,553.6042024545828
1282.35063591141,0.000257639572103261,-0.004174073637502294,1.2456881180066206,542.5110824546139,555.5939834555516
1282.9607279394902,0.00026154369042780134,-0.004015690403659285,1.2431898282975313,542.7066814244764,556.1718689838206
1283.5708199675703,0.0002653487091681774,-0.0038549615347401255,1.2407886958016137,542.9036919456964,556.7492771697581
1285.6673961418942,0.0002776404881205664,-0.0032855309991198715,1.2332991321518554,543.5907097408113,558.7300871581149
1287.763972316218,0.0002886648942150728,-0.0026916583844768895,1.2270290453362753,544.2913407012512,560.7061292891093
1288.3740643442982,0.0002916249977168603,-0.0025146347962092404,1.225440897396475,544.4974266660208,561.2803589034711
1288.9841563723783,0.00029447092173928263,-0.0023358446874761542,1.223961073718217,544.7043906275429,561.854274303145
1291.0807325467022,0.00030335827693847014,-0.0017088990321413372,1.2197180220239918,545.4214647936847,563.8244073423348
1293.177308721026,0.00031082372413519804,-0.0010648109288631659,1.2168073798773007,546.1455823645218,565.7919660482698
1293.7874007491062,0.0003127217094893137,-0.0008745925215011747,1.2162158292307306,546.3572419291735,566.3641652257734
1294.3974927771862,0.0003144943295608934,-0.0006832576574750225,1.2157404334206556,546.5692049408174,566.9362526739367
1296.4940689515101,0.0003196138620433618,-1.8261966946220972e-05,1.2150034440077204,547.2990187168595,568.9017050272579
1298.590645125834,0.00032320159824857656,0.0006558614496195982,1.2156702372020425,548.0289014880964,570.8671317965648
1299.2007371539141,0.00032395302080198696,0.0008532814643370964,1.2161306964634713,548.2409104965365,571.4392021887178
1299.8108291819942,0.00032457168559118095,0.0010511175331405559,1.216711476624531,548.4526207063112,572.011382586752
1301.9074053563181,0.000325675240783022,0.0017330424595302075,1.2196299664258543,549.1769353458602,573.978868860396
1304.003981530642,0.00032518293834014466,0.0024156081548948423,1.2239788354910055,549.8940947707445,575.9489706502522
1304.614073558722,0.0003247376980395261,0.0026138714030149563,1.2255132018279498,550.1010348374091,576.5228947257608
1305.2241655868022,0.00032415633370655553,0.002811821054912189,1.227168174615431,550.3070593860684,577.0971461535747
1307.320741761126,0.00032111668593270157,0.0034885345068345532,1.2337741707489964,551.0071149633475,579.0733923136662
1309.41731793545,0.0003164662263737781,0.004157186510850969,1.2417904974629004,551.6927010136138,581.0546969970702
1310.02740996353,0.00031481098751742764,0.004349761864144234,1.2443856906372732,551.8890792109307,581.6323207737593
1310.6375019916102,0.00031302054846580154,0.004541287245259903,1.2470977972910624,552.0839249177134,582.2104602081148
1312.734078165934,0.00030583963655396055,0.005190305920368999,1.2573022290533538,552.7408645628487,584.2014498088764
1314.830654340258,0.00029708521329127136,0.005822619773449699,1.2688498664406387,553.3761088313908,586.1994566151785
1315.440746368338,0.0002942457666724128,0.006003008606546433,1.2724574435110894,553.5564909537773,586.7822741865606
1316.0508383964182,0.0002912766594974337,0.006181628390084094,1.2761742904000155,553.7347397199029,587.3657438191635
1318.147414570742,0.0002800947632240315,0.006780848605746555,1.2897670674085413,554.3300931076103,589.376001834489
1320.243990745066,0.00026743411383733294,0.007355074964825912,1.3045899544822888,554.8968231412863,591.3945034568666
1320.854082773146,0.00026347917125348937,0.0075170321773081646,1.3091268747480285,555.0559896713904,591.9834688275039
1321.4641748012261,0.00025940527969655464,0.007676544959690431,1.313761634208296,555.2124573112629,592.5731525736029
1323.56075097555,0.00024451685043455434,0.00820503100386697,1.3304157963748238,555.7287093750907,594.6051550247888
1325.657327149874,0.00022830925153420712,0.00870091945216286,1.348143798118602,556.2099524596506,596.6457189552566
1326.267419177954,0.00022335591355170743,0.00883870050395802,1.3534944506303688,556.3430807800106,597.2411103542098
1326.8775112060341,0.00021830004055230437,0.00897343502197911,1.3589280400355288,556.4730019585594,597.8372055024467
1328.974087380358,0.00020017138005759745,0.009412304246640793,1.3782084318849261,556.8942487148072,599.8909984740295
1331.070663554682,0.00018095168578560639,0.00981202163592544,1.3983679040917758,557.2749146532531,601.9526863859927
1331.680755582762,0.00017516845693468032,0.009920654930361828,1.4043875470685694,557.3777819532668,602.554044827816
1332.290847610842,0.00016930476691090572,0.010025743959920695,1.410472233894365,557.4770145425039,603.1560099738737
1334.387423785166,0.00014857730897721892,0.010359115633215477,1.4318491783117375,557.7896740028392,605.2291051946427
1336.48399995949,0.00012705037604817787,0.010648192531938567,1.4538786281520264,558.0572710768504,607.3084873246816
1337.09409198757,0.00012065370269416692,0.010723751711782963,1.4603983185930982,558.1264620752041,607.9146437435857
1337.70418401565,0.00011420341710882655,0.010795401928298356,1.466962813828547,558.19169398068,608.5212362238051
1339.800760189974,9.167210679600288e-05,0.01101129925773144,1.4898308565366083,558.3852059841287,610.6088193595356
1341.8973363642979,6.868021535246484e-05,0.011179475157073853,1.5131015186349914,558.5305132674363,612.7003041961169
1342.507428392378,6.192287567998146e-05,0.01121931108686212,1.5199344267973203,558.5636086928178,613.3094978102363
1343.117520420458,5.514174969149717e-05,0.011255027741889342,1.5267903370699845,558.5925424760925,613.9189017795031
1345.214096594782,3.1704723293099154e-05,0.011346085385629649,1.550491418129497,558.6599688028631,616.0143452108528
1347.3106727691058,8.167415118744456e-06,0.011387900394034969,1.5743317880073626,558.6775728882227,618.1107969460486
1347.920764797186,1.3194346129556543e-06,0.011390788625505523,1.5812805574922606,558.6732918438895,618.7208731178789
1348.530856825266,-5.5218661907160435e-06,0.011389511477655725,1.5882298308662166,558.6647803878175,619.3309049009537
1350.62743299959,-2.893310957735365e-05,0.011353348031147846,1.6120794282928759,558.6032154453532,621.4265264550339
1352.7240091739138,-5.208847368438158e-05,0.011268369364744802,1.6358020338857158,558.4918281869884,623.5200931890199
1353.334101201994,-5.8759188301646835e-05,0.011234548736964884,1.6426666460371238,558.4501018536488,624.128755092031
1353.944193230074,-6.539392680095512e-05,0.011196679115640698,1.6495094568871325,558.4042134347394,624.7371187686089
1356.040769404398,-8.78745311189756e-05,0.011035906875247737,1.6728237389298253,558.2149393632637,626.8250838102032
1358.1373455787218,-0.00010976708057454917,0.010828618786364099,1.6957521877139792,557.9774450204121,628.9081213197304
1358.747437606802,-0.0001160097824988928,0.01075973859937945,1.7023377763916274,557.8994097539181,629.5131999749295
1359.357529634882,-0.0001221900255238934,0.010687077405884116,1.70888030581805,557.817411999523,630.1177570763333
1361.4541058092059,-0.00014291170606004516,0.01040902087581914,1.7310025237813456,557.5057735359035,632.1909957821936
1363.5506819835298,-0.00016275456543203153,0.010088441021807245,1.75249719835467,557.1489988059338,634.2569554036187
1364.1607740116099,-0.00016834892768092177,0.009987430945680621,1.7586213655211105,557.0369102073046,634.8566597820649
1364.77086603969,-0.00017385846734897686,0.009883040614267109,1.7646830356202832,556.9211760342768,635.455674942834
1366.8674422140139,-0.00019211172463180754,0.009499203732372757,1.7850076935970598,556.4961974074726,637.5086861282148
1368.9640183883378,-0.00020925065435391946,0.009078265642462507,1.804488715558046,556.0304436313868,639.5528447280611
1369.5741104164179,-0.0002140173089814952,0.008949141172371722,1.8099879616466905,555.8875260255041,640.1459581651399
1370.184202444498,-0.00021868185239204882,0.008817144837337502,1.8154077460122016,555.7413772350825,640.7382878876058
1372.2807786188218,-0.00023390772849954302,0.008342475824408523,1.8334013136112068,555.2151838082265,642.7677246646573
1374.3773547931457,-0.00024784723928754755,0.007837233083839516,1.8503676513925487,554.653595654707,644.7876663757199
1374.9874468212258,-0.00025165420581844126,0.0076848542637119365,1.8551026158796158,554.4838503798424,645.3736660541927
1375.597538849306,-0.0002553472832231211,0.007530190733679279,1.8597441327427813,554.3113629618375,645.9588687568582
1377.6941150236298,-0.00026715368057570653,0.006982215896272238,1.8749613853934137,553.6984941977566,647.9638424802336
1379.7906911979537,-0.0002775675130652921,0.0064109478566276405,1.8890053490693903,553.0563549355384,649.9596468852134
1380.4007832260338,-0.00028033221389463854,0.006240755525103272,1.8928646732827834,552.864353852108,650.5387367089481
1381.010875254114,-0.00028297676430673617,0.0060689143892476635,1.896619887873881,552.6701513531572,651.1170959277138
1383.1074514284378,-0.00029114077125789187,0.005466823118645164,1.9087153917741764,551.9868541043825,653.0991823499061
1385.2040276027617,-0.00029786988196796234,0.004849119570217694,1.9195321992968994,551.2808919015023,655.0733206454568
1385.8141196308418,-0.0002995578348860029,0.004666870249145433,1.92243494963628,551.0715794331473,655.6463811131276
1386.4242116589219,-0.0003011246007297742,0.00448362760527458,1.9252264364781435,550.8606370525684,656.218846804525
1388.5207878332458,-0.00030558495276198955,0.0038473734661309115,1.9339610997893166,550.1242112146349,658.181821212019
1390.6173640075697,-0.0003086273252105973,0.0032032543102927338,1.9413535630282386,549.3719782938798,660.13880074373
1391.2274560356498,-0.0003092487713319632,0.0030147683219588703,1.9432502498219328,549.1504978580859,660.7072698512718
1391.8375480637299,-0.00030975277031592964,0.002825936954794587,1.945032058848485,548.9279721517082,661.2753327508833
1393.9341242380538,-0.00031059673132775633,0.0021753965203446016,1.9502749594845,548.1562119545797,663.2246917897132
1396.0307004123777,-0.0003100931123970739,0.00152449930934539,1.9541535785406043,547.375567653087,665.1705147960965
1396.6407924404577,-0.00030969872475270074,0.001335430091148286,1.9550258665138815,547.1471192104659,665.7362203407433
1397.2508844685378,-0.0003091949080584217,0.0011466313894140988,1.955783093692128,546.9182091351634,666.3017402088968
1399.3474606428617,-0.00030664315114133317,0.0005008408692047596,1.9575089593271449,546.1289522580117,668.2440847485911
1401.4440368171856,-0.0003028618517048966,-0.00013831078347385542,1.9578878353896298,545.3376513779035,670.1855985394553
1402.0541288452657,-0.0003015383399977186,-0.0003226835735208946,1.9577470695195198,545.1073786339624,670.7505645750549
1402.6642208733458,-0.00030011721605301443,-0.0005062238476563446,1.9574942572706202,544.8772157012638,671.3155751428847
1404.7607970476697,-0.00029450901557955277,-0.0011297502725544236,1.9557770349392465,544.0879871579327,673.2579324701072
1406.8573732219936,-0.0002878314718639476,-0.0017403976981771841,1.9527660428628828,543.3033535543814,675.2021482054084
1407.4674652500737,-0.00028569745242448087,-0.0019153519727957552,1.951650717450655,543.0762539148686,675.7683977119565
1408.0775572781538,-0.00028348096983674397,-0.002088984938694203,1.9504292123652536,542.8498141612215,676.3349101775113
1410.1741334524777,-0.0002752601209051773,-0.0026748590547510495,1.9454321602890572,542.0775375310475,678.2840685946912
1412.2707096268016,-0.00026616649572403607,-0.0032425826138600686,1.9392258055126048,541.3161932578821,680.2375180502623
1412.8808016548817,-0.0002633681623032491,-0.003404115208459964,1.937198098627031,541.0970417422401,680.8068912080773
1413.4908936829618,-0.0002605052867323474,-0.003563927506863296,1.9350724884770325,540.8790707206246,681.3767152910771
1415.5874698572857,-0.0002502039360283599,-0.004099411041543702,1.9270352099531194,540.1398171289063,683.3386333086816
1417.6840460316096,-0.00023925501263141253,-0.004612618167035169,1.9178986015030282,539.4174396324086,685.3068206144852
1418.2941380596897,-0.0002359604219318707,-0.004757579525979206,1.9150401047355763,539.2107193409396,685.8808242229504
1418.9042300877697,-0.0002326211996371019,-0.004900524413421635,1.9120938675602912,539.0056630414344,686.4554218331664
1421.0008062620936,-0.0002208376163285481,-0.005375950579729737,1.901316770784233,538.314416355474,688.4347598521919
1423.0973824364175,-0.00020864942184336708,-0.005826247416948569,1.889569249611564,537.6455071526102,690.4217498939876
1423.7074744644976,-0.0002050404587641799,-0.005952439418331481,1.885976062838537,537.4553425085024,691.0014488527165
1424.3175664925777,-0.0002014076861276084,-0.006076429585724975,1.882306604115671,537.2672809026972,691.5818307306224
1426.4141426669016,-0.00018877509918064188,-0.0064854812761068305,1.869133446193799,536.6377116005581,693.5816364367239
1428.5107188412255,-0.0001759838264990592,-0.006867881437310394,1.8551306187243461,536.0353747695824,695.5898041775234
1429.1208108693056,-0.00017224526337274336,-0.006974103918585022,1.8509080469697579,535.865468144552,696.1757607452274
1429.7309028973857,-0.00016850325942248807,-0.007078051327915552,1.8466213705584198,535.6980524271878,696.7624311800498
1431.8274790717096,-0.000155649362000883,-0.007417843748574338,1.8314208015546933,535.1423072893607,698.7839914604006
1433.9240552460335,-0.00014286936106912165,-0.007730764458961763,1.815536001151355,534.6180497091217,700.8139376300571
1434.5341472741136,-0.00013917662144542872,-0.007816797394778044,1.8107931704736075,534.4716256968154,701.4061986577493
1435.1442393021937,-0.0001354990947135384,-0.007900588135711801,1.805998507471164,534.3280237956737,701.9991478638364
1437.2408154765176,-0.0001230058942373452,-0.008171526899161096,1.7891457757523317,533.8565491568502,704.0420011151718
1439.3373916508415,-0.0001107927900846309,-0.008416566337790105,1.7717521502310234,533.4201225561753,706.0926211248415
1439.9474836789216,-0.0001073019942350597,-0.008483090862176999,1.7665968913602617,533.2998860137991,706.6907481698172
1440.5575757070017,-0.00010384241713130556,-0.008547500233336258,1.7614016331743154,533.1827425688064,707.2894866858212
1442.6541518813256,-9.22158095852136e-05,-0.008752946991071143,1.743261604137584,532.8041626884389,709.3515721668025
1444.7507280556495,-8.103991242939866e-05,-0.008934490154769558,1.7247158981763604,532.4634687155994,711.4202492969284
1445.3608200837295,-7.788080891916243e-05,-0.008982963796571163,1.719250188707418,532.3715825422914,712.0233822456947
1445.9709121118096,-7.476563291927258e-05,-0.00902952729163471,1.7137554061262064,532.2829991964322,712.6270076004305
1448.0674882861335,-6.441406819290981e-05,-0.009175326485344975,1.6946677890949002,532.0040685494595,714.7049156479454
1450.1640644604574,-5.4641899197418694e-05,-0.009300030208725394,1.6752966070780642,531.7651431325673,716.7877989444693
1450.7741564885375,-5.191298701810986e-05,-0.009332530056902369,1.669612781173164,531.7032299400946,717.394741131877
1451.3842485166176,-4.92369861434966e-05,-0.009363383622432535,1.6639095301758753,531.6447698157888,718.0020245838284
1453.4808246909415,-4.0457178005590976e-05,-0.009457293164746012,1.6441769442129865,531.4704102316782,720.091304752041
1455.5774008652654,-3.2340058607835204e-05,-0.009533489859214208,1.6242660379085259,531.3374941674795,722.1836278266363
1456.1874928933455,-3.010585022665512e-05,-0.009552534859514178,1.6184439066835212,531.3066630564479,722.7929398828423
1456.7975849214256,-2.7929680250338365e-05,-0.009570235616601315,1.6126104572270754,531.2793802649699,723.4024204954997
1458.8941610957495,-2.0900450527386485e-05,-0.009621301278853843,1.5924897511915865,531.2128029324313,725.4979044119817
1460.9907372700734,-1.4571689336839712e-05,-0.009658363918363328,1.5722766613072174,531.188494266181,727.5943034710591
1461.6008292981535,-1.2862498382126333e-05,-0.00966672932695509,1.5663816226181833,531.1893905855615,728.2043941787795
1462.2109213262336,-1.1212717840268945e-05,-0.009674069983280489,1.5604816810607611,531.1938822894281,728.8144687281305
1464.3074975005575,-5.9972263195917595e-06,-0.009691989291772014,1.540178688925359,531.2367834243586,730.9105700453812
1466.4040736748814,-1.4781327841972926e-06,-0.00969970395071579,1.5198488250072664,531.3222565883852,733.0053669276749
1467.0141657029615,-2.926175658617061e-07,-0.009700241507342677,1.513930968928049,531.3551296449822,733.6145718537205
1467.6242577310416,8.354101049659599e-07,-0.009700072143150214,1.5080128923114637,531.3916053706903,734.2235716705153
1469.7208339053655,4.277738802771177e-06,-0.00969459752690231,1.48768055030302,531.5444154428653,736.3145352941846
1471.8174100796894,7.064351797350324e-06,-0.009682593185282645,1.4673665312778834,531.739684628478,738.4019621384051
1472.4275021077694,7.755235666027279e-06,-0.00967807067084233,1.4614606699835015,531.804466429811,739.0086041022337
1473.0375941358495,8.393404024980092e-06,-0.009673140659880083,1.4555575928377387,531.872827581868,739.6148532992245
1475.1341703101734,1.0192970702128665e-05,-0.009653554592724798,1.4352970963808016,532.1349890985844,741.694937822398
1477.2307464844973,1.1407629776579108e-05,-0.009630808748622087,1.4150809759621414,532.4391901045058,743.769291857756
1477.8408385125774,1.1655859733733162e-05,-0.009623772219694881,1.4092074828418952,532.5355775826995,744.3717207295356
1478.4509305406575,1.1858392588786721e-05,-0.00961659543389967,1.4033382392947993,532.635499600767,744.9735736713944
1480.5475067149814,1.2217723738810229e-05,-0.009591270914986755,1.3832028201542408,533.005747615047,747.0371623783882
1482.6440828893053,1.2085894209108148e-05,-0.009565707908835439,1.3631207457999912,533.417412915244,749.0928901734918
1483.2541749173854,1.1960986611011306e-05,-0.009558372131547949,1.3572870654437668,533.5449464572561,749.6895025074234
1483.8642669454655,1.1799040850373374e-05,-0.009551120634132172,1.351457765006782,533.6759565374277,750.285361324986
1485.9608431197894,1.0974209445597142e-05,-0.009527181040749417,1.3314585806612256,534.1525784424048,752.3270066499376
1488.0574192941133,9.767805118165243e-06,-0.009505370767586948,1.3115073553557561,534.6698836496741,754.3587256764914
1488.6675113221934,9.35147740909019e-06,-0.009499538816984685,1.3057100276121618,534.8280159313737,754.9479669617883
1489.2776033502735,8.90782570206453e-06,-0.00949396570112819,1.2999161273473576,534.9895604724334,755.5362820968609
1491.3741795245974,7.19043401580505e-06,-0.009477044178577235,1.2800297208996418,535.5706163495514,757.5506952014476
1493.4707556989213,5.210278694782735e-06,-0.009463998750505728,1.2601747284492715,536.1915815003084,759.5531662246858
1494.0808477270014,4.59145123124851e-06,-0.009461009697635522,1.2544017708493629,536.3797322237934,760.1335199721918
1494.6909397550814,3.955540437332716e-06,-0.009458399798596888,1.2486304888815747,536.5712297884693,760.7127780832749
1496.7875159294053,1.656163834562763e-06,-0.009452492544972916,1.2288072937452916,537.2547203246462,762.69477914902
1498.8840921037292,-7.838471264911596e-07,-0.009451553534872535,1.2089912754657113,537.9773552892391,764.6628458812231
1499.4941841318093,-1.5135141592629383e-06,-0.009452255798182952,1.2032247780690573,538.1949491395249,765.232814436611
1500.1042761598894,-2.2499658995107402e-06,-0.009453401746838027,1.1974577039865864,538.4158264363994,765.8015185933639
1502.2008523342133,-4.81638973837859e-06,-0.009460805777904431,1.1776311093646794,539.1998012715287,767.745964932077
1504.2974285085372,-7.403105910017644e-06,-0.009473611784255319,1.1577833288013057,540.0221903065208,769.6744781287877
1504.9075205366173,-8.153085872112914e-06,-0.009478359049766707,1.152002130757856,540.2686770699696,770.2325601908717
1505.5176125646974,-8.899891375402857e-06,-0.009483559535258621,1.1462179040725928,540.5183870702901,770.789207319334
1507.6141887390213,-1.1426635808028844e-05,-0.009504883998703195,1.1263134532759296,541.4009918083424,772.6909161523249
1509.7107649133452,-1.3859472020165222e-05,-0.009531407531454985,1.1063588439948584,542.3213173782423,774.5746585777468
1510.3208569414253,-1.454367204312875e-05,-0.009540074063151698,1.1005411783199888,542.5961745997944,775.1193281011626
1510.9309489695054,-1.5215421005521597e-05,-0.009549151143316822,1.0947181234033474,542.8741973146215,775.6623883097031
1513.0275251438293,-1.7414675748647495e-05,-0.009583391523345114,1.0746624761306456,543.8536620967757,777.5160697073175
1515.1241013181532,-1.941567401033559e-05,-0.00962203497856141,1.0545304256017092,544.8701724774625,779.3496967497421
1515.7341933462333,-1.9955251985103225e-05,-0.009634047442185193,1.0486564351809107,545.1728922579775,779.8793873881555
1516.3442853743134,-2.04740740671344e-05,-0.009646380073574632,1.0427750574243728,545.4787199029159,780.4072892627872
1518.4408615486373,-2.2086097433808175e-05,-0.009691045982021607,1.0225044015118705,546.5532964043484,782.2075027568766
1520.5374377229612,-2.3408576300755164e-05,-0.009738788094201829,1.0021368753721855,547.6642252987308,783.985511335529
1521.1475297510412,-2.3734368716301798e-05,-0.009753171528080088,0.9961909174641919,547.9942878723017,784.4986099332021
1521.7576217791213,-2.4032330207648266e-05,-0.009767743012529211,0.990236179355286,548.32739716671,785.0097352310688
1523.8541979534452,-2.483341645076283e-05,-0.009819032150952206,0.9697038228883942,549.4952542450013,786.7508812656949
1525.9507741277691,-2.5269574398972164e-05,-0.009871618277721867,0.9490625752184493,550.6987038030303,788.467617198144
1526.5608661558492,-2.5324250360381793e-05,-0.009887054421068759,0.9430352429741738,551.055541417263,788.9624690945585
1527.1709581839293,-2.534547669661552e-05,-0.009902512041632878,0.9369985496805735,551.4153566312361,789.4551595096733
1529.2675343582532,-2.5155078905939104e-05,-0.00995552487047611,0.9161814591512284,552.6744477073474,791.1315142104735
1531.3641105325771,-2.454286189833219e-05,-0.010007696327787712,0.8952541051877496,553.9682489970064,792.781225367011
1531.9742025606572,-2.4282875423278897e-05,-0.010022593033997404,0.8891439029380593,554.351204353344,793.2561534192832
1532.5842945887373,-2.398548925630949e-05,-0.0100373186548802,0.8830247349245837,554.7370554313803,793.7287312186494
1534.6808707630612,-2.2672733502446477e-05,-0.010086309909705393,0.8619288101053806,556.0849729985641,795.3345298206233
1536.777446937385,-2.090211273983596e-05,-0.01013206889766012,0.8407335597354149,557.4665400407703,796.9114690304898
1537.3875389654652,-2.029948323370152e-05,-0.0101446396739626,0.8345481746880966,557.8748241021545,797.364807235117
1537.9976309935453,-1.9657350995679002e-05,-0.010156830347986135,0.8283553106216324,558.2859047173642,797.8156105192619
1540.0942071678692,-1.7146809489163998e-05,-0.010195494039920995,0.8070192054973093,559.7197389726433,799.3451810364568
1542.190783342193,-1.4165048620693152e-05,-0.010228400216705055,0.7856080745322079,561.185933693928,800.8437586884886
1542.8008753702732,-1.3208770141366717e-05,-0.010236752547294716,0.7793651932385572,561.6185879531407,801.2739000625244
1543.4109673983533,-1.2212850937685101e-05,-0.010244509663891883,0.7731174724458587,562.0539185950095,801.7013321610293
1545.5075435726772,-8.48859143301467e-06,-0.010266291304496506,0.7516147954709476,563.570137742435,803.1492764396954
1547.604119747001,-4.3032076553652254e-06,-0.010279781360274564,0.7300751435969037,565.1171632328511,804.5642580429183
1548.2142117750811,-2.9998722696975883e-06,-0.01028201075365401,0.7238027728714493,565.5730314367131,804.9697150244601
1548.8243038031612,-1.6587147914703772e-06,-0.010283434408075545,0.7175293590132825,566.0314324855071,805.3723061227022
1550.9208799774851,3.2350024036181497e-06,-0.010281856888325284,0.6959691380569625,567.6258013247539,806.7337204664442
1553.017456151809,8.557325683652833e-06,-0.010269570015046976,0.6744234509786894,569.24913915405,808.0604594086475
1553.6275481798891,1.0184220551844153e-05,-0.010263854100449804,0.668159726372553,569.7268528628767,808.4399335725292
1554.2376402079692,1.1845335869405467e-05,-0.010257136714333204,0.661899858961244,570.206931923399,808.8164112072276
1556.334216382293,1.7808437010222043e-05,-0.01022611684322406,0.6404252549665218,571.8744824858552,810.0871338267812
1558.430792556617,2.414829950573154e-05,-0.01018219992189816,0.6190292063185988,573.5688861714264,811.3218248563719
1559.040884584697,2.6060589059754792e-05,-0.010166884502303712,0.6128217091384887,574.0668673140251,811.6742814310943
1559.6509766127772,2.8002031166769104e-05,-0.010150395494969724,0.6066239687096528,574.5670237947664,812.0236452166956
1561.747552787101,3.4887631466622725e-05,-0.010084523091077763,0.5854093657059695,576.3020868494272,813.2005136877265
1563.844128961425,4.208276644259514e-05,-0.010003890020137665,0.564348342646256,578.0616378792946,814.3404491628704
1564.454220989505,4.423056500035531e-05,-0.009977560568104909,0.5582529888467329,578.5781196768398,814.6651909512134
1565.0643130175852,4.640131743453592e-05,-0.009949916065961269,0.5521741428674446,579.0965677610285,814.9867860775187
1567.160889191909,5.40260068834797e-05,-0.009844679674716637,0.531420868692281,580.8928673253458,816.0678856774789
1569.257465366233,6.18817957638869e-05,-0.009723215282455771,0.510905242247816,582.7110930091926,817.1116951435076
1569.867557394313,6.420661448570977e-05,-0.009684752112967964,0.5049848280889928,583.2441585064005,817.4084301805248
1570.4776494223931,6.654744709023702e-05,-0.00964486818698757,0.4990883436419082,583.778967507739,817.702014026348
1572.574225596717,7.470263951640373e-05,-0.00949682301593583,0.4790193226684468,585.6297730137908,818.6868977146888
1574.670801771041,8.300442551113198e-05,-0.009331526190454777,0.45927877437715786,587.4998179426449,819.634752146131
1575.280893799121,8.544298716136688e-05,-0.009280141161521498,0.4536012717181877,588.0474532258512,819.9036498206874
1575.8909858272011,8.789036741177509e-05,-0.009227268174640622,0.44795558928843526,588.5966021784398,820.1694464961863
1577.987562001525,9.635669316509453e-05,-0.009034135062810244,0.42880926516972484,590.4949257458321,821.0593094924692
1580.084138175849,0.00010488533118024546,-0.008823186332919617,0.4100865352319285,592.4097617977523,821.9130746329697
1580.694230203929,0.00010737425293854125,-0.008758436267331901,0.4047232489227851,592.969919073359,822.1548060712797
1581.304322232009,0.00010986505647527024,-0.008692169487388232,0.39939993244925165,593.5313605431669,822.3935448491243
1583.400898406333,0.00011842831285802639,-0.008452849356130526,0.3814238797504346,595.4701807891049,823.1913412864287
1585.497474580657,0.00012697490316828056,-0.008195593176411362,0.36396838208278115,597.4228352864837,823.9546698777531
1586.107566608737,0.00012945459599000814,-0.008117369030826714,0.3589921022966897,597.9934995905849,824.1704300916101
1586.717658636817,0.00013192979431923417,-0.008037635531400302,0.35406399848165904,598.5652263659366,824.3833654477457
1588.814234811141,0.00014039181092328123,-0.00775214863660168,0.33750867232426957,600.5377162211979,825.0938610123335
1590.9108109854649,0.00014876568298238785,-0.007449012880280682,0.32157039227988216,602.5214949145173,825.7722205398654
1591.520903013545,0.00015118211828165352,-0.007357513473172679,0.31705365254018597,603.1007475819076,825.9637318712962
1592.130995041625,0.00015358832461768868,-0.007264544843422645,0.3125931647926143,603.6808553541908,826.1526448892548
1594.227571215949,0.00016177055416972675,-0.006933931270986058,0.29770610215564586,605.6805902451057,826.782406275534
1596.3241473902729,0.00016980044035370056,-0.006586322730755712,0.2835300116798357,607.6892718684805,827.3830454752364
1596.934239418353,0.00017210508444435936,-0.006482024122476497,0.27954350537303596,608.2753441290702,827.5525437021431
1597.544331446433,0.00017439431231787365,-0.006376325915621855,0.27562102866389604,608.8620836080775,827.7197263789005
1599.640907620757,0.00018213583301347378,-0.006002542740252295,0.26264161103169764,610.8832082010952,828.2770540739202
1601.7374837950808,0.00018966631646635752,-0.005612750104866787,0.25046264082555864,612.9111901551578,828.808916349056
1602.347575823161,0.0001918148528447274,-0.0054963789246681724,0.24707379573379132,613.5025012081945,828.9591220792236
1602.957667851241,0.00019394315406730587,-0.0053787047620825965,0.2437563069924713,614.0943141661406,829.107347258135
1605.054244025565,0.0002010954059368588,-0.004964543967525161,0.2329110315052481,616.131649943613,829.6021616438994
1607.1508201998888,0.00020798106237704625,-0.004535667400917947,0.22294950204076608,618.1740293457832,830.0757560545712
1607.760912227969,0.00020993163331338088,-0.004408182723632513,0.2202211773146066,618.7692047201941,830.2098345834199
1608.371004256049,0.00021185732347066215,-0.004279517220564793,0.21757094312143946,619.3647399536159,830.3423147065353
1610.467580430373,0.00021827808508356842,-0.0038285553113682255,0.20906905412721066,621.4138212641718,830.7860064499431
1612.5641566046968,0.0002243778402290494,-0.0033644682936087252,0.20152640002228012,623.4664012628821,831.2132469903753
1613.1742486327769,0.00022608952607471361,-0.003227052718165712,0.19951565575531158,624.0642689550727,831.3347596448396
1613.784340660857,0.00022777174006081123,-0.0030886034440659274,0.19758900721883538,624.6623758502034,831.455097292243
1615.8809168351809,0.0002333208356883635,-0.0026051800676627473,0.19161831783035127,626.7194079733705,831.8603516943048
1617.9774930095048,0.00023849490749971205,-0.0021105157225767214,0.18667294614850352,628.7786251727983,832.2543735349383
1618.5875850375846,0.0002399271056083403,-0.001964572469355037,0.1854298427497847,629.3781887854352,832.3672228080554
1619.1976770656647,0.00024132528425105132,-0.0018177673958564068,0.1842759767278324,629.9778879039095,832.4793552234107
1621.2942532399886,0.0002458637194696021,-0.0013069781382271475,0.1809987592104214,632.0396265924284,832.8599572112148
1623.3908294143125,0.00024997386307537155,-0.00078712267844547,0.17880195427236856,634.1024013016869,833.2349151518406
1624.0009214423926,0.0002510865139762281,-0.0006342734701785589,0.17836836330332154,634.7027911006537,833.3432848690759
1624.6110134704727,0.00025216068572425166,-0.00048075871751885484,0.17802815467567476,635.3032228901418,833.4514235828186
1626.7075896447966,0.0002555518074112259,5.155415627157274e-05,0.1775770704379981,637.3667806038208,833.8220461486322
1628.8041658191205,0.0002584626286871291,0.0005904732817959597,0.17824894594378976,639.430297304542,834.1928965046156
1629.4142578472006,0.00025921660016110494,0.000748392202278304,0.17865737714512164,640.0307017520577,834.3011870784708
1630.0243498752807,0.00025992776338924984,0.0009067565777055533,0.17916220836719782,640.6310561225138,834.4097525525935
1632.1209260496046,0.00026203862488047226,0.001454020389502862,0.18163630666393082,642.6936457594059,834.7857273642024
1634.2175022239285,0.00026361910692927943,0.002005153792758805,0.18526184167617593,644.7550767392985,835.1679904851782
1634.8275942520086,0.0002639766838624806,0.0021660978958251437,0.18653429737526003,645.3546586717541,835.2807481655449
1635.4376862800887,0.00026428733394230457,0.0023272444543932544,0.18790491683914778,645.9540897860988,835.3942982490657
1637.5342624544126,0.00026499076247844767,0.0028821812496393913,0.19336574382079944,648.0127222271382,835.7913633938895
1639.6308386287365,0.00026511683843150015,0.0034379876045597976,0.19999094961466726,650.0689128080335,836.2008605638383
1640.2409306568165,0.0002650425867892634,0.0035997138695774192,0.2021378216200323,650.666716015615,836.3226986641088
1640.8510226848966,0.00026491762619145344,0.0037613781324612695,0.20438324679247247,651.2642482281357,836.4458487624061
1642.9475988592205,0.0002640958103139572,0.004316044816457887,0.21285112750347454,653.3154054228211,836.8798659085908
1645.0441750335444,0.0002626546958255324,0.004868339297509829,0.22247942241674776,655.3625445479112,837.3324223751155
1645.6542670616245,0.00026211686948710315,0.005028422091763892,0.2254984570573685,655.9573980473679,837.4679320203055
1646.2643590897046,0.00026152509131599955,0.005188159305088326,0.22861494960529144,656.5518304464084,837.6052645206408
1648.3609352640285,0.0002590752121078517,0.0057340125656069035,0.240065549337534,658.5911409061694,838.0918971439658
1650.4575114383524,0.0002559719003108697,0.006274044482149065,0.2526544695649149,660.624445787722,838.6030034205637
1651.0676034664325,0.0002549445004138764,0.0064299007994892176,0.25652984244292987,661.2148744679563,838.7566516897472
1651.6776954945126,0.0002538607139870287,0.006585112449698822,0.26049999891185927,661.8046928409073,838.9126126099168
1653.7742716688365,0.00024970283156958134,0.007113110240832147,0.2748613294461696,663.8266408533583,839.4669591852742
1655.8708478431604,0.0002448688457103889,0.007631681963569736,0.2903197663342575,665.8400883724356,840.0513862939284
1656.4809398712405,0.00024333432365571093,0.0077806095681821775,0.2950213270390384,666.4242397498036,840.2274009029618
1657.0910318993206,0.00024174213548257232,0.007928583196311206,0.299813347479635,667.0075457910912,840.4061831155326
1659.1876080736445,0.00023582925710966397,0.008429334907172724,0.3169634491316868,669.0052486507079,841.0423648035252
1661.2841842479684,0.00022923349830048734,0.008916973962689626,0.33514966904959376,670.9913883270777,841.7137360860643
1661.8942762760485,0.00022718605650316973,0.009056205820588902,0.34063243500076024,671.5669855795335,841.9159780283318
1662.5043683041285,0.00022508122270958035,0.009194171477609469,0.34619965074941494,672.1414535011106,842.1213927903615
1664.6009444784524,0.0002174112883123957,0.009658147939178586,0.36596524460188645,674.1065414382567,842.8521041108413
1666.6975206527763,0.00020907264304565604,0.010105342797393623,0.38668600849425105,676.0564238122254,843.6224363148099
1667.3076126808564,0.0002065220020056965,0.010232120718844794,0.3928900042695008,676.6207546916836,843.8542649991651
1667.9177047089365,0.00020391623864857717,0.010357326902769986,0.39917076295984744,677.1836246883682,844.089606712641
1670.0142808832604,0.00019454541861660602,0.01077513931272811,0.42132722320556276,679.1062546279701,844.9256491844059
1672.1108570575843,0.00018454613705261877,0.011172646275936067,0.4443383730374002,681.0095034745768,845.8048875869672
1672.7209490856644,0.00018152139934082186,0.011284315495361139,0.4511889247851612,681.5594527425974,846.0690265876398
1673.3310411137445,0.00017844620131860628,0.01139412604395102,0.45810694309314365,682.107568636087,846.3369393039854
1675.4276172880684,0.0001675016138416706,0.011756876510627476,0.48237997450925607,683.9765942153501,847.2867703501189
1677.5241934623923,0.00015599901221533265,0.012096095856376683,0.5073888725172813,685.8216401140112,848.2823546677917
1678.1342854904724,0.0001525518047601821,0.012190218991015057,0.5147974685532051,686.3537695537655,848.5807695651632
1678.7443775185525,0.0001490614581996738,0.012282228883219164,0.5222627626216542,686.8836641614458,848.8831270334833
1680.8409536928764,0.00013675028519672118,0.012581921507355057,0.5483321483096932,688.6869700273814,849.9524669967087
1682.9375298672003,0.00012398363608891834,0.012855325349320266,0.5750023041959403,690.4614463063846,851.0689738347819
1683.5476218952804,0.00012018963879184311,0.012929809386743908,0.582868111729861,690.9721211894428,851.4027758863328
1684.1577139233605,0.00011636250771220535,0.013001972557919848,0.5907785911866826,691.4801476380954,851.7405890219795
1686.2542900976844,0.00010297453891099773,0.013231957258729256,0.6182842703469968,693.2051366549132,852.9321346975125
1688.3508662720083,8.926440049804497e-05,0.013433535336561409,0.6462423516270231,694.8964179694426,854.1710450897145
1688.9609583000884,8.522248967724366e-05,0.013486760759085836,0.6544544324969858,695.3819726165691,854.54043470314
1689.5710503281684,8.115984748083868e-05,0.013537518565523182,0.6626981941402408,695.8644735198135,854.9138003119108
1691.6676265024923,6.706085709532341e-05,0.013692925215536262,0.6912487384960733,697.4986735496935,856.2270910360392
1693.7642026768162,5.27978785724959e-05,0.013818600351414257,0.720093937539573,699.0945153927064,857.5867256559635
1694.3742947048963,4.8625910951216006e-05,0.013849537148428202,0.7285341356412723,699.551444171372,857.9909871952641
1694.9843867329764,4.444724511460635e-05,0.01387793160580699,0.736992419898616,700.0049443695691,858.3990890330167
1697.0809629073003,3.0058924265006167e-05,0.013956034402272064,0.7661757041751979,701.5366807317514,859.8305594514835
1699.1775390816242,1.5677090080668062e-05,0.014003977787949243,0.7954911211629511,703.0258994698717,861.3062084843973
1699.7876311097043,1.1502748687566412e-05,0.014012265971469423,0.8040374938944082,703.4510545853602,861.7437627317804
1700.3977231377844,7.33601781221854e-06,0.014018014542978692,0.8125881626118154,703.8724584010315,862.1849304893746
1702.4942993121083,-6.902413841558574e-06,0.014018439323764911,0.8419836275834669,705.291523912593,863.728163181646
1704.5908754864322,-2.0970504396510322e-05,0.013989190714530725,0.8713488768791293,706.6646465451348,865.3124140789771
1705.2009675145123,-2.5023674539307962e-05,0.013975157026026377,0.8798794018125432,707.0554217747924,865.7809273066107
1705.8110595425924,-2.9056269857268707e-05,0.013958660926301807,0.8884006522048231,707.4421939176757,866.2527515763379
1707.9076357169163,-4.2737591413794044e-05,0.013883346032303782,0.9175920510625276,708.7404453819421,867.8989157718526
1710.0042118912402,-5.6108438224609573e-05,0.013779672672474362,0.9465958186660022,709.9902603791392,869.5821542851231
1710.6143039193203,-5.9934050378763755e-05,0.013744270928862184,0.9549919815554616,710.3447415439756,870.078694766687
1711.2243959474004,-6.372859791838657e-05,0.01370654783082881,0.9633658961999628,710.6950528884622,870.5781879633323
1713.3209721217243,-7.651615963480152e-05,0.01355945805433064,0.9919531330849353,711.8668734945658,872.3166235183767
1715.4175482960482,-8.88866535481696e-05,0.013385995387819602,1.0202043386625896,712.988829544911,874.087658332839
1716.0276403241282,-9.240315588576112e-05,0.013330690363110968,1.0283542324355446,713.3058978522247,874.6088843690953
1716.6377323522083,-9.588113101690238e-05,0.013273253763388716,1.0364698071298144,713.6187229781145,875.1326711062097
1718.7343085265322,-0.00010752879285669674,0.013059936537902214,1.064078754257688,714.6613117926429,876.9515572202494
1720.8308847008561,-0.00011868980137859355,0.012822709254991538,1.0912154009446713,715.6537356912161,878.7983032281929
1721.4409767289362,-0.00012184334096446968,0.01274933261698649,1.0990161086783472,715.9331175398017,879.3406632279086
1722.0510687570163,-0.0001249540026824753,0.012674046117558567,1.106771547892113,716.2082785006834,879.8851805265638
1724.1476449313402,-0.00013531114105394808,0.012401122363897038,1.133061246848351,717.1217547876482,881.7722211921089
1726.244221105664,-0.00014514797982312385,0.012107029504566538,1.1587565490439657,717.9858863779134,883.6823738730383
1726.8543131337442,-0.000147911775139598,0.012017630268025955,1.1661157237506483,718.2281508743276,884.2422991819486
1727.4644051618243,-0.00015063122517592823,0.011926558466693677,1.1734199299298964,718.4663092359493,884.8039874216649
1729.5609813361482,-0.0001596371897675803,0.011601216529786726,1.1980870194245559,719.2536444854155,886.7470502414319
1731.657557510472,-0.00016812085309396747,0.011257540424284387,1.2220527852752605,719.9935098412202,888.7086921917999
1732.2676495385522,-0.0001704921022867876,0.011154245843888508,1.228889442358538,720.2000216070666,889.2827665185825
1732.8777415666323,-0.00017281996168654022,0.011049517143641803,1.2356627245072063,720.4026269148932,889.8582354633794
1734.9743177409562,-0.0001804911386125471,0.010679058170371517,1.2584432497678828,721.0694366500854,891.8458940626865
1737.07089391528,-0.00018766346928206286,0.010293038924917135,1.2804307679236715,721.6915968166438,893.8479906313207
1737.6809859433602,-0.00018965876451082126,0.010177936709881024,1.2866753786690803,721.8644357453805,894.4330848890016
1738.2910779714402,-0.0001916135086156466,0.010061628306047628,1.292849474989159,722.0336423811673,895.0192442140004
1740.3876541457641,-0.00019802684391846985,0.00965309324819442,1.3135184483903817,722.5878806809898,897.0411926785781
1742.484230320088,-0.00020398390380381087,0.009231590452431966,1.3333173029977645,723.1011008050815,899.07395247251
1743.0943223481681,-0.00020563446429698124,0.009106636889992397,1.338911320121949,723.2429619903804,899.667319350411
1743.7044143762482,-0.00020724869663979323,0.008980685758463607,1.3444288683094867,723.3815276736931,900.2614685791796
1745.8009905505721,-0.0002125261052587475,0.008540570979561755,1.3627980529208297,723.8331298093711,902.3087948962822
1747.897566724896,-0.0002174036918343743,0.00808981084017223,1.3802333439681753,724.2480131105442,904.3638886592315
1748.507658752976,-0.00021875137614830114,0.00795676280165165,1.3851282964463802,724.3620995708529,904.9632161852305
1749.1177507810562,-0.0002200679343357322,0.007822900121228158,1.389941887651043,724.4732779635299,905.5630937834646
1751.21432695538,-0.00022436344883696303,0.0073569495975712796,1.4058562555153653,724.8337924065321,907.6284149099166
1753.310903129704,-0.0002283247091380022,0.0068823435952507965,1.4207846491782024,725.1624174399554,909.6990602590564
1753.920995157784,-0.0002294184311919719,0.006742710595718226,1.4249409242485398,725.252336226246,910.3024873390817
1754.5310871858642,-0.00023048678355211535,0.006602416022517442,1.429011856497237,725.3397739445383,910.9062822819803
1756.627663360188,-0.00023397398128698708,0.006115481083515274,1.442345105411272,725.6220168553231,912.9837545020184
1758.724239534512,-0.0002371964487377116,0.005621512482430194,1.4546500848295771,725.8776074408772,915.0646831323633
1759.334331562592,-0.0002380883142417567,0.0054765288011741275,1.45803550408112,725.9472769423486,915.6707823487986
1759.9444235906722,-0.00023896067319091884,0.0053310049540121985,1.4613323421344089,726.0149224592946,916.277113616461
1762.040999764996,-0.00024181905663420893,0.004826974919402882,1.4719818424277287,726.2326777775476,918.3623380030677
1764.13757593932,-0.0002444807119923333,0.004317158293877367,1.481568539345019,726.4293246891984,920.4496663493396
1764.7476679674,-0.00024522191888471805,0.004167776719437967,1.484156841814287,726.4828979350756,921.0574002567778
1765.3577599954801,-0.0002459491160195275,0.004017945426428072,1.4866538972407233,726.5349268350026,921.6652705320877
1767.454336169804,-0.0002483498570002716,0.0034997539765277206,1.4945354664948396,726.702704751526,923.7551151410382
1769.550912344128,-0.000250614805229464,0.0029766715402101897,1.5013254807385599,726.8551481025293,925.8461398679281
1770.161004372208,-0.0002512514738632389,0.002823579589588837,1.5030948328247307,726.8969539587758,926.4547968885303
1770.7710964002881,-0.00025187880502053204,0.002670100638647365,1.5047706845719264,726.9377121366002,927.063526492767
1772.867672574612,-0.0002539705345202713,0.0021398095568071866,1.5098136063547074,727.0705691454333,929.1558853680003
1774.964248748936,-0.00025597500575015293,0.0016052244765395191,1.5137402311424468,727.1940413165527,931.2488225245223
1775.574340777016,-0.0002565441647275408,0.0014488828599797186,1.5146718848929466,727.2285429359007,931.8579376496175
1776.184432805096,-0.0002571073964387645,0.0012921948984583377,1.5155080617277505,727.2625068413782,932.4670837929558
1778.28100897942,-0.00025900275630157056,0.0007511529931721352,1.5176507630030052,727.3759223920609,934.560589159453
1780.377585153744,-0.0002608421362942692,0.00020619600458675693,1.5186550245751418,727.4860437784503,936.654271641647
1780.987677181824,-0.0002613680480920877,4.689798753259053e-05,1.518732241607866,727.5178115743983,937.2635358621156
1781.597769209904,-0.0002618898029061195,-0.00011271989941134948,1.518712182835117,727.5495625644267,937.8728009811134
1783.694345384228,-0.00026365342997204655,-0.0006636486630603334,1.517898962498864,727.6593607193709,939.966500421402
1785.7909215585519,-0.00026537096283368324,-0.0012182266851908882,1.5159268525687999,727.772074527886,942.0600437930387
1786.401013586632,-0.0002658619881781878,-0.0013802774111225423,1.5151342007335094,727.8057692869612,942.6692048662674
1787.011105614712,-0.0002663486699663452,-0.0015426259410538346,1.5142426008106542,727.8399775365833,943.2783365225674
1789.107681789036,-0.0002679872063803025,-0.002102774500166755,1.5104217600169236,727.9622768177729,945.3713426595256
1791.2042579633599,-0.0002695649270952083,-0.0026662946233131117,1.5054229907296621,728.0938043858773,947.4637855095258
1791.81434999144,-0.0002700110650839977,-0.0028308908626000265,1.5037461051444518,728.1341648267754,948.0725416411865
1792.42444201952,-0.0002704504928000415,-0.0029957560103909854,1.5019687317921693,728.1755769779905,948.6812254754793
1794.521018193844,-0.0002719051066595739,-0.003564318795475183,1.4950923976170534,728.3267474610782,950.7723427406552
1796.6175943681678,-0.00027325743280656885,-0.0041358240623295996,1.487020943684535,728.4935417955139,952.8622655638264
1797.227686396248,-0.00027362866871425415,-0.004302650864634035,1.4844468238273165,728.5453698476271,953.4701531034488
1797.837778424328,-0.00027398851107897295,-0.004469698633644622,1.4817708788409076,728.5987935667837,954.0778999354059
1799.934354598652,-0.00027513027833949366,-0.005045363276272002,1.471796739620672,728.7953970177063,956.1652322350943
1802.0309307729758,-0.00027610058179979534,-0.0056232419774752615,1.4606133546550726,729.014069308678,958.2503590871594
1802.641022801056,-0.00027634611496436785,-0.005791765785536431,1.45713124583842,729.0822055878666,958.8566356207002
1803.251114829136,-0.00027657323282047493,-0.005960430922778276,1.4535463141249576,729.1524834380732,959.4626641663738
1805.3476910034599,-0.0002772016817186233,-0.006540993391128862,1.4404414010631836,729.4111698977747,961.5432093330169
1807.4442671777838,-0.00027756213670932205,-0.00712259251564547,1.4261182078482486,729.6983617972355,963.6199998205507
1808.0543592058639,-0.00027761059196046244,-0.007291948756997991,1.4217210893660108,729.7876432739475,964.2235252468172
1808.664451233944,-0.00027763135642276486,-0.00746132251025488,1.4172206954009043,729.8796078725037,964.8266432380611
1810.7610274082679,-0.0002774764713506832,-0.008043303589043245,1.4009672523833412,730.2169409777534,966.8958855200553
1812.8576035825918,-0.0002769314883050062,-0.008624551004421173,1.3834944107926945,730.5891150176411,968.959131378999
1813.4676956106719,-0.0002766921874515781,-0.008793435648737765,1.3781810844455316,730.7043069059551,969.5582517548752
1814.077787638752,-0.0002764138883449604,-0.008962158146797057,1.372764846463605,730.822709448868,970.1567405537988
1816.1743638130758,-0.00027514193103612343,-0.009540440907088348,1.3533682284986985,731.2548938169876,972.2082611707922
1818.2709399873997,-0.00027333558572626495,-0.010115496719415775,1.3327625794476499,731.7280165662395,974.2507117027369
1818.8810320154798,-0.0002727010279522992,-0.010282067918832483,1.3265403207416273,731.8737113632397,974.8431537782939
1819.49112404356,-0.00027201449225339874,-0.01044823137536601,1.320216661187595,732.0231166260545,975.4346648076692
1821.5877002178838,-0.00026923816546691647,-0.011015741619321354,1.2977150896190643,732.5656052053859,977.4598023580205
1823.6842763922077,-0.0002657662433158049,-0.011576701898349787,1.274030555844575,733.1547041602577,979.4718556205308
1824.2943684202878,-0.00026461597737381795,-0.011738498711598697,1.2669182548199025,733.3351830067656,980.0546437913443
1824.904460448368,-0.00026339962656892927,-0.011899568581040984,1.25970758968667,733.5198263559353,980.6361189514159
1827.0010366226918,-0.00025869337936382795,-0.012447023790578889,1.2341834643912328,734.1867954706868,982.623724934393
1829.0976127970157,-0.0002531209712444497,-0.012983704008188088,1.2075228528426463,734.9053830015092,984.5932351314768
1829.7077048250958,-0.0002513271798300428,-0.013137590549677893,1.199554530207313,735.124438628059,985.1626464342855
1830.3177968531759,-0.00024945283183165314,-0.01329035318348971,1.1914928177238853,735.3480449048594,985.7302785295329
1832.4143730274998,-0.00024237461384970222,-0.013806110904900236,1.1630851348429065,736.1517414695913,987.6666259866441
1834.5109492018237,-0.0002342611699656527,-0.014305943388152432,1.1336128208489404,737.0111188816551,989.5788889998165
1835.1210412299038,-0.00023169667136586374,-0.01444808919652535,1.1248413542901867,737.2718457233427,990.130464799104
1835.7311332579839,-0.00022903791250839556,-0.014588637252619647,1.11598383098264,737.5374164380968,990.6797168389822
1837.8277094323078,-0.0002191610722263653,-0.015058686228040448,1.0849010597188922,738.4874063950199,992.5486282740438
1839.9242856066317,-0.00020809761703692223,-0.015506783741176837,1.052855806428919,739.4958886793229,994.3866123169006
1840.5343776347117,-0.00020464778157451203,-0.015632697489081512,1.043356628437221,739.8004542789962,994.915246095308
1841.1444696627918,-0.00020109234765893166,-0.015756471047024687,1.033781483303704,740.1100383042858,995.4409487412606
1843.2410458371157,-0.00018805183409324356,-0.01616463322765966,1.0003139552582814,741.2124169831561,997.2242078598892
1845.3376220114396,-0.00017371222697565316,-0.016544093153957277,0.9660207723409749,742.3745524281179,998.9690892555618
1845.9477140395197,-0.00016929073069213776,-0.01664873187567554,0.9558951906262012,742.723974297468,999.4692067528764
1846.5578060675998,-0.00016475658579469067,-0.016750637297988626,0.9457068153899085,743.0784473695301,999.9657494705436
1848.6543822419237,-0.00014830628682100557,-0.0170790530932092,0.9102372810749628,744.3351075258016,1001.6438440438774
1850.7509584162476,-0.00013050684349829081,-0.017371565291592075,0.8741168353413366,745.6510007961584,1003.2758834993011
1851.3610504443277,-0.00012507326903482384,-0.017449534982680013,0.863494519159256,746.0449626109432,1003.7417228050272
1851.9711424724078,-0.0001195262442937619,-0.017524156160014258,0.8528258688828393,746.443850427856,1004.2033449758381
1854.0677186467317,-9.95995209082385e-05,-0.01775409275448462,0.8158365608431818,747.8519340207943,1005.7565509069416
1856.1642948210556,-7.835828166593606e-05,-0.017940873464159485,0.7784104130178737,749.3168065971903,1007.2563004808706
1856.7743868491357,-7.193491302035461e-05,-0.017986724051630047,0.7674505362176893,749.7535537364073,1007.6822850802307
1857.3844788772158,-6.54052402483153e-05,-0.018028627427001044,0.756464089837004,750.1949389305069,1008.1034581177022
1859.4810550515397,-4.216915518572835e-05,-0.018141602212645595,0.7185385417891085,751.7466119336873,1009.5132180691957
1861.5776312258636,-1.7754986942176757e-05,-0.018204625805399055,0.6804284967377777,753.3507368414204,1010.8629865532334
1862.1877232539437,-1.0439925382827614e-05,-0.018213228385509313,0.6693190523548016,753.8270899718876,1011.2441652790667
1862.7978152820237,-3.0347529777652233e-06,-0.018217347905821787,0.6582058958789695,754.3076408782438,1011.6200374715701
1864.8943914563476,2.3071926261974822e-05,-0.01819650591744548,0.6200239531627465,755.990313680667,1012.8705195146592
1866.9909676306715,5.011007661111671e-05,-0.018119952837316874,0.581944108536585,757.7194305690367,1014.0559558444915
1867.6010596587516,5.8136229755780346e-05,-0.01808693162979447,0.5708990174541266,758.2309441993565,1014.3884642281561
1868.2111516868317,6.622700206503177e-05,-0.018049004452718596,0.5598756895478554,758.7460903215333,1014.71532088428
1870.3077278611556,9.448078516554261e-05,-0.017880637299129185,0.5222006189103141,760.5431517969865,1015.794980273148
1872.4043040354795,0.00012331211148031723,-0.017652428505385377,0.4849412741140168,762.3793995282002,1016.8065801179237
1873.0143960635596,0.0001317879125990778,-0.017574606901539887,0.47419509676857435,762.9206698208835,1017.0880637446519
1873.6244880916397,0.00014029425837322693,-0.017491618158363947,0.4634980304381101,763.4649252133096,1017.3637423487861
1875.7210642659636,0.0001697031220817181,-0.01716667422153751,0.42715535915389574,765.356969618416,1018.2666742648795
1877.8176404402875,0.00019924147780393093,-0.016779936616810532,0.3915587351515444,767.280275283472,1019.1009955554
1878.4277324683676,0.00020783415158722774,-0.016655752095034216,0.38135903367565516,767.8453715158638,1019.3309337424845
1879.0378244964477,0.00021641618337036602,-0.016526343803031744,0.37123666862964316,768.4127770154191,1019.5551330980514
1881.1344006707716,0.0002457603193461927,-0.01604178138832583,0.3370852137263963,770.3791970665688,1020.2820143789521
1883.2309768450955,0.0002747135737916458,-0.015496106513728644,0.3040137443004756,772.368955386172,1020.9424175872938
1883.8410688731756,0.0002830350178878682,-0.01532595658179864,0.2946113695726808,772.9519197313623,1021.1222982278201
1884.4511609012557,0.0002912998132948252,-0.015150763513286335,0.28531423287418717,773.5365458380425,1021.2967347024895
1886.5477370755796,0.00031919593637869814,-0.014510621998002907,0.2542105114844928,775.5572713622572,1021.8552133385247
1888.6443132499035,0.0003461414030178847,-0.013812990697531757,0.22450916140088292,777.5940673970457,1022.3520200060743
1889.2544052779836,0.0003537724274617172,-0.013599471105560956,0.21614693890644535,778.1894071774411,1022.4853418350857
1889.8644973060636,0.0003612993173785434,-0.013381343847275512,0.20791619210766252,778.7858403823941,1022.6137323037898
1891.9610734803875,0.000386296483768348,-0.012597385446446589,0.18067411845176023,780.8429496546372,1023.0182215421356
1894.0576496547114,0.0004097904652367001,-0.011762594352985137,0.15512896060682185,782.9100474688886,1023.3682900495692
1894.6677416827915,0.0004163152318725577,-0.011510578632944664,0.1480294910153481,783.5131397018465,1023.4604000309977
1895.2778337108716,0.0004226912380779458,-0.011254642063352955,0.14108469012896147,784.1168727517592,1023.5482826575972
1897.3744098851955,0.00044339930004250975,-0.010346380861163474,0.11843337536093257,786.1958117751745,1023.81922407856
1899.4709860595194,0.0004621109145893831,-0.009396796481687267,0.09772961798395016,788.2801643762672,1024.045044047821
1900.0810780875995,0.00046715595584964365,-0.009113311127237728,0.09208318869159443,788.887506477964,1024.1028457066182
1900.6911701156796,0.0004720144686154055,-0.008826816280292096,0.08661027856245393,789.4951690308877,1024.1572768931687
1902.7877462900035,0.0004872318218089654,-0.007820832356404076,0.06915361028429763,791.5853831376231,1024.3200214083295
1904.8843224643274,0.0005000597651430812,-0.006785448882265161,0.05383688313101375,793.6780077526033,1024.4484961730868
1905.4944144924075,0.0005033253380025466,-0.006479354335152257,0.049790600418454754,794.287277311023,1024.4800808593673
1906.1045065204876,0.0005063763635647192,-0.006171340757088661,0.045931245183126204,794.8966737222935,1024.5092611413443
1908.2010826948115,0.0005151847069265205,-0.0050999865260464025,0.034112906879159105,796.9915680810763,1024.5927522375218
1910.2976588691354,0.0005213376893611035,-0.00401294851540364,0.02455718544957321,799.0872519493112,1024.6538515022755
1910.9077508972155,0.0005226184743051303,-0.0036944790842730344,0.02220624146383208,799.6971747002156,1024.6681038966353
1911.5178429252956,0.000523668137433874,-0.0033753023769987006,0.020049374003830386,800.3071321232467,1024.6809830230213
1913.6144190996195,0.0005254910163794124,-0.002274995905595336,0.014126074769267097,802.4034029234568,1024.716403730935
1915.7109952739434,0.0005245354858596624,-0.001173780203169795,0.010510605003151574,804.4998265075311,1024.7418262661386
1916.3210873020234,0.0005237328760115467,-0.0008539973418806741,0.009892290522115038,805.1098857864708,1024.74803994405
1916.9311793301035,0.0005226951089081973,-0.0005347750394454167,0.00946845955749566,805.7199492048798,1024.7539346937617
1919.0277555044274,0.0005173336617298137,0.0005559552041059237,0.00949313005814499,807.8164353829395,1024.7734146764808
1921.1243316787513,0.0005092221709803318,0.0016325619273284107,0.011789794081929096,809.9128956962838,1024.7953279485198
1921.7344237068314,0.00050635104149625,0.0019423685495444337,0.012880625466066227,810.5229418715481,1024.802844891111
1922.3445157349115,0.0005032536086149992,0.002250359796566262,0.014159487865896287,811.132976690902,1024.8110811756999
1924.4410919092354,0.0004909019568637975,0.0032929702150481864,0.01997548978580425,813.2292546721721,1024.8464861570328
1926.5376680835593,0.0004759805015812025,0.004306990560326687,0.027947433235053103,815.3252283771104,1024.8963415595983
1927.1477601116394,0.000471169866345689,0.004595921758546231,0.03066358998777708,815.9350603455755,1024.914211458342
1927.7578521397195,0.00046615437351700333,0.004881865066125349,0.03355472451244504,816.5448354198256,1024.9337851762177
1929.8544283140434,0.00044739448167809286,0.005839919823169231,0.04480152700501867,818.6398112772738,1025.0155610361219
1931.9510044883673,0.0004263887848517898,0.006756288787336384,0.05801326555483163,820.7336136908472,1025.122948986978
1932.5610965164474,0.0004198760886981754,0.007014441566331011,0.06221435745099246,821.3426064691803,1025.1595974321542
1933.1711885445275,0.0004131914410436956,0.0072685817745433345,0.06657139878509494,821.9514311234514,1025.1988432470248
1935.2677647188514,0.0003889639584294229,0.008109785555009035,0.08270156163290796,824.042177420859,1025.3548807366067
1937.3643408931753,0.0003629402263916733,0.008898311585789595,0.10054015082714314,826.12995198126,1025.5464013271198
1937.9744329212554,0.00035505807912154195,0.009117333294211818,0.10603614305886035,826.7367954775258,1025.6093025426103
1938.5845249493354,0.00034704646507995697,0.009331522800893693,0.11166404100380802,827.3432739531713,1025.6755676601365
1940.6811011236593,0.00031859708185644914,0.010029527034991893,0.13197064854780913,829.4243147300837,1025.930090493083
1942.7776772979832,0.0002888997580075445,0.010666576768758379,0.15367677726204107,831.4995300639133,1026.2282645382475
1943.3877693260633,0.00028005618354902796,0.010840129941885771,0.16023768932047583,832.1021249108362,1026.3236304639183
1943.9978613541434,0.00027113253299471476,0.011008281277218415,0.16690268618666365,832.7040713716223,1026.4229672323495
1946.0944375284673,0.00023993570734073515,0.011544139133477503,0.1905556637927865,834.7672408925588,1026.7955072258435
1948.1910137027912,0.00020810294091842674,0.012013923819224333,0.2152628444956373,836.8207831808872,1027.2178150492048
1948.8011057308713,0.00019875532985189407,0.01213802637421546,0.22263064342631028,837.4163114866004,1027.3503303708799
1949.4111977589514,0.0001893806393941194,0.012256436285670531,0.23007236849251073,838.010839908445,1027.487238946055
1951.5077739332753,0.00015704254711496,0.012619588417808261,0.2561614552464295,840.0457362574764,1027.9918170866363
1953.6043501075992,0.00012469968933150817,0.012914936280529024,0.28294083970035455,842.0665736710209,1028.5499971047868
1954.2144421356793,0.0001153218218708717,0.012988143345706108,0.2908427632332256,842.6517294692065,1028.7226402650067
1954.8245341637594,0.00010596927776385359,0.013055654309543698,0.2987876591855193,843.2354994845358,1028.8999017287445
1956.9211103380833,7.410418953867499e-05,0.013244319678330726,0.32636917237584767,845.2304395661488,1029.5445542853283
1959.0176865124072,4.283150602421085e-05,0.013366798473153123,0.35427685428627764,847.2067238348698,1030.2442948243352
1959.6277785404873,3.387389839100228e-05,0.013390185054347616,0.3624391960519721,847.7780566416038,1030.4582816096872
1960.2378705685674,2.4989043142777254e-05,0.013408144068815919,0.3706142862040521,848.347625746076,1030.6769167940658
1962.3344467428913,-4.916583337288075e-06,0.013428992014470568,0.3987580876317182,850.2909098656884,1031.4636744614077
1964.4310229172152,-3.37131167625241e-05,0.013388303185205805,0.42688109009745673,852.2112956779192,1032.304781376927
1965.0411149452952,-4.185857664086297e-05,0.013365237683061153,0.4350423142749181,852.7655992441362,1032.5596493934231
1965.6512069733753,-4.989204711558183e-05,0.013337248856519135,0.443188174514841,853.3178120354919,1032.8190190075059
1967.7477831476992,-7.65866343095037e-05,0.013204397943117039,0.4710209673603099,855.1990518450408,1033.7443699595367
1969.8443593220231,-0.00010176550237541385,0.01301716870452612,0.49851822399550727,857.0539826651366,1034.7214044812497
1970.4544513501032,-0.0001087884934314582,0.012952927661191542,0.506440393428582,857.5886561301894,1035.015229808453
1971.0645433781833,-0.00011567026106928323,0.012884453391581854,0.5143223437660869,858.1209983396589,1035.3132640912916
1973.1611195525072,-0.00013820039430895224,0.012618009583038109,0.5410641953447618,859.9322673950645,1036.3690369772346
1975.2576957268311,-0.00015893202482065739,0.012306214982924174,0.5671998864881009,861.7150045771084,1037.4723261847298
1975.8677877549112,-0.00016461479063983972,0.012207506852267678,0.5746777298687148,862.2283255376693,1037.8020380152689
1976.4778797829913,-0.0001701377156237647,0.012105385158188256,0.5820946113757007,862.7391845941806,1038.1355594076338
1978.5744559573152,-0.00018787302987424728,0.01172974498620533,0.6070868325784811,864.4758107993264,1039.310084787823
1980.671032131639,-0.00020365216964041548,0.011318972011328999,0.6312546662478209,866.1830584937412,1040.5269435016974
1981.2811241597192,-0.0002078709783014641,0.011193428448653961,0.6381219560658459,866.674331876431,1040.8886871165182
1981.8912161877993,-0.00021192164783114106,0.011065363544168769,0.6449121999655236,867.1631309753003,1041.2537754007965
1983.9877923621232,-0.0002245503449945302,0.010607466355387831,0.6676358296482756,868.8240419505263,1042.5331475081875
1986.084368536447,-0.00023518265399202342,0.010125184930953029,0.6893738812909883,870.4561164729412,1043.849132010748
1986.6944605645272,-0.0002379023980777696,0.009980863869365251,0.6955070731639728,870.9256912699359,1044.2386285584719
1987.3045525926073,-0.0002404551052909197,0.009834932638190269,0.7015520392309716,871.3928920017638,1044.6309775142565
1989.4011287669312,-0.0002479588383107275,0.009322596417321992,0.7216370433473447,872.9805187353271,1046.0002480023345
1991.497704941255,-0.00025352969319709305,0.008796554261707114,0.7406335277816831,874.5410994423727,1047.4002874656878
1992.1077969693351,-0.0002547938149879481,0.008641485740701055,0.7459528140606583,874.9902694898547,1047.813149071655
1992.7178889974152,-0.0002559000644322586,0.008485689767570187,0.7511775698121331,875.4372614062529,1048.228374802354
1994.8144651717391,-0.0002585150908036375,0.007946122967570565,0.768403474680257,876.9570785690444,1049.6725554593945
1996.911041346063,-0.00025934709065356635,0.0074029426910470035,0.7844943486866515,878.4526382420034,1051.1418609580264
1997.5211333741431,-0.0002592646557502432,0.007244737733566835,0.7889624171969727,878.8834584985128,1051.573836583119
1998.1312254022232,-0.0002590400271746662,0.00708662007271361,0.7933342608418065,879.3123681694061,1052.0077149570154
2000.227801576547,-0.00025721069428953256,0.006545167019174532,0.8076233439849807,880.7721895098069,1053.5125276647725
2002.324377750871,-0.00025381553855817506,0.00600919073481363,0.820782970788475,882.2112291970857,1055.0372406977567
2002.934469778951,-0.0002525470280851153,0.005854724253412516,0.8244018435401881,882.6262844325638,1055.484385955137
2003.5445618070312,-0.00025115688338517674,0.005701060992401448,0.8279269520352119,883.0397409941991,1055.9330141806345
2005.641137981355,-0.0002454861277161442,0.0051802087992156185,0.8393313421040867,884.4488960971572,1057.4853842582136
2007.737714155679,-0.00023851473105626682,0.004672609223712267,0.849657618435623,885.8411069396288,1059.0529793138712
2008.347806183759,-0.00023625749236243153,0.00452778104115618,0.8524639844390876,886.2432673276054,1059.511757524754
2008.9578982118392,-0.00023390242379955746,0.004384351185896217,0.8551826032390247,886.6441584119293,1059.9716483657705
2011.054474386163,-0.0002251017543235291,0.0039030066669951164,0.8638667336405846,888.0126617437043,1061.559978814172
2013.151050560487,-0.00021529426037292482,0.0034411688641381158,0.871562137250223,889.3681150026409,1063.1594678494203
2013.761142588567,-0.00021226797549366662,0.003310743486240882,0.873621604855545,889.7603060384054,1063.626797748334
2014.3712346166471,-0.00020916926604151045,0.0031821776063758775,0.8756022052192436,890.1515505773418,1064.0949223259486
2016.467810790971,-0.00019800876851247063,0.0027552147410656682,0.8818220858452737,891.4893463972046,1065.7092067440756
2018.564386965295,-0.00018614436715346913,0.0023523886029678987,0.8871721085441725,892.8177835814006,1067.3312058907886
2019.174478993375,-0.00018257638848133832,0.0022399138745778503,0.8885728036231162,893.2027890298918,1067.8044736207933
2019.7845710214551,-0.00017896133831942895,0.0021296216838916034,0.8899056338836395,893.5871446616698,1068.2782703968867
2021.881147195779,-0.0001662189969956645,0.0017677014085885033,0.8939864083890918,894.9034812969531,1069.9101038301621
2023.977723370103,-0.0001530654602919843,0.0014329274737281711,0.8973368466536346,896.2137468012605,1071.5468184514866
2024.587815398183,-0.0001491762798767976,0.0013407328433371008,0.8981827860868841,896.5940550123873,1072.0238693529445
2025.197907426263,-0.0001452638104685065,0.0012509102042929732,0.8989732464233281,896.9739695609484,1072.5012343917736
2027.294483600587,-0.0001316777394554679,0.0009605704740219669,0.9012865122401112,898.2769291984399,1074.143770400345
2029.391059774911,-0.00011794741814041011,0.0006988661924127457,0.9030210768956504,899.5765623244969,1075.7889407642485
2030.001151802991,-0.00011393878186410608,0.0006281338524764739,0.9034257364579312,899.9542591987673,1076.2680620399647
2030.611243831071,-0.00010992800062010284,0.0005598409774940999,0.9037879915964088,900.3317688169843,1076.7473310860498
2032.707820005395,-9.616079300068176e-05,0.0003438157443515718,0.9047302571361385,901.627956732434,1078.3952169590816
2034.8043961797189,-8.248055064153799e-05,0.00015656334604454697,0.9052497715390001,902.9229400119559,1080.0440499324009
2035.414488207799,-7.85277462377195e-05,0.00010745236095250798,0.9053301925862315,903.2996465395536,1080.5239503786768
2036.024580235879,-7.459065745944774e-05,6.0742536516327624e-05,0.9053813548073811,903.676317949234,1081.003878424031
2038.121156410203,-6.12075166279844e-05,-8.156466731831814e-05,0.9053546756775942,904.9706989476144,1082.6531841937956
2040.2177325845269,-4.810142360513946e-05,-0.00019610352286544486,0.9050587478835219,906.2653459491407,1084.3022811300946
2040.827824612607,-4.4349033365946574e-05,-0.00022430111510994598,0.9049304109951474,906.6421946942506,1084.7820699531378
2041.437916640687,-4.0626643533967286e-05,-0.0002502229203059218,0.9047855091069491,907.0191055984434,1085.26180992566
2043.534492815011,-2.8084504125162453e-05,-0.0003221778519111298,0.9041809517039086,908.3149653409394,1086.9099540749812
2045.6310689893348,-1.5966747719429496e-05,-0.000368282108503302,0.9034526342602999,909.6119231448246,1088.5572342036794
2046.241161017415,-1.2527279889498079e-05,-0.0003769701303572538,0.9032252256783888,909.9895660899424,1089.0363981624516
2046.851253045495,-9.128528995732753e-06,-0.0003835753400477595,0.9029930755399558,910.3673160344218,1089.5154777607286
2048.9478292198187,2.2252904562344013e-06,-0.00039071919445169133,0.9021773300754635,911.6663198939493,1091.1611449128407
2051.044405394143,1.3048368477496082e-05,-0.00037461527142422437,0.9013709773441685,912.9666580461752,1092.8057579721324
2051.654497422223,1.6093291750791105e-05,-0.0003657219628271306,0.9011450890278665,913.3452975191194,1093.2841348418615
2052.264589450303,1.90900848144717e-05,-0.00035498772737194915,0.9009250974983531,913.7240409131674,1093.7624294526368
2054.3611656246267,2.9011148442648836e-05,-0.0003044588929542172,0.9002302832996627,915.0263619620337,1095.4054727487683
2056.457741798951,3.833189264846068e-05,-0.00023375910060865427,0.8996625516262303,916.3297199949233,1097.0476936414834
2057.067833827031,4.092847276389773e-05,-0.00020957755986825185,0.8995272817802216,916.7091547116531,1097.5254399833134
2057.677925855111,4.3472397521694476e-05,-0.000183829079288557,0.8994071437181401,917.0886481264714,1098.0031397195905
2059.7745020294346,5.1807040628974476e-05,-8.383719937508394e-05,0.8991236163130572,918.3931379654973,1099.6444616974077
2061.8710782037588,5.9503042793903494e-05,3.295941500676555e-05,0.899067345703977,919.6979066614596,1101.2855620411299
2062.481170231839,6.162120692346622e-05,6.991105189871157e-05,0.8990987121725634,920.0775859809014,1101.7631140213427
2063.091262259919,6.368458640424291e-05,0.00010813785446656982,0.8991529082394091,920.4572429743296,1102.2406837345395
2065.1878384342426,7.035518886718547e-05,0.000248763991462499,0.8995247200678665,921.7616234602658,1103.8820926768856
2067.2844146085667,7.637422975416938e-05,0.00040269253041249036,0.9002053100541352,923.0651399842069,1105.5241876691982
2067.894506636647,7.80032348509736e-05,0.0004497876009497234,0.9004653582261876,923.4442210029711,1106.0022147490379
2068.504598664727,7.957724694791673e-05,0.0004978599394032424,0.9007543330814289,923.8231692854791,1106.480346959778
2070.6011748390506,8.456736717210029e-05,0.0006700433690698092,0.901976922335138,925.1242288080654,1108.1243894712084
2072.6977510133747,8.891308755545141e-05,0.0008520134492288971,0.903570766494223,926.4229716472979,1109.770262238526
2073.307843041455,9.005749975850618e-05,0.0009066102213440967,0.9041072446197143,926.8003754742359,1110.2496146198555
2073.917935069535,9.114822608972751e-05,0.0009618894932138605,0.9046771386631076,927.1775129466422,1110.729176361295
2076.0145112438586,9.448972634833731e-05,0.0011566000823664535,0.9068968158236447,928.4712967797894,1112.3789503832065
2078.1110874181827,9.721001328998263e-05,0.0013576651708279844,0.9095313799122124,929.7610721745921,1114.031859155755
2078.721179446263,9.788659740989422e-05,0.0014171807755703726,0.9103778652409588,930.1355373547677,1114.513510730952
2079.331271474343,9.851204927543461e-05,0.0014770946504846635,0.9112606855346951,930.5095851543495,1114.9954861341319
2081.4278476486666,0.00010027595797672675,0.0016855838379144024,0.9145755446103669,931.791574706461,1116.654441256784
2083.5244238229907,0.00010145555655633511,0.001897158668961183,0.9183307517924524,933.0676911433139,1118.3179170121439
2084.134515851071,0.00010169146834075288,0.0019591296396201667,0.9195071374904635,933.437823532722,1118.8029061704608
2084.744607879151,0.00010187991162546827,0.0020212315193839717,0.9207212815131353,933.8073755123339,1119.288337196571
2086.8411840534745,0.0001021716957781728,0.0022352298275607678,0.9251832703062569,935.0726553611613,1120.960070891298
2088.9377602277987,0.00010192867101461134,0.0024492792496243385,0.9300939764357254,936.3300861528282,1122.6377145614188
2089.5478522558788,0.00010176057502181599,0.0025114152053126574,0.9316072653492943,936.6944054276654,1123.127085571124
2090.157944283959,0.0001015496952064312,0.002573437352970772,0.9331583474315367,937.0579743196361,1123.617013638147
2092.2545204582825,0.00010050647783063468,0.002785333233203638,0.9387763517315417,938.3013883225842,1125.305073030844
2094.3510966326066,9.898933862981987e-05,0.0029945451221383536,0.9448357982893758,939.5349240402342,1127.0003620847442
2094.9611886606867,9.846251093108948e-05,0.0030547779422643653,0.9466811752101701,939.8919074086721,1127.4951099259022
2095.571280688767,9.789848025291669e-05,0.0031146800847828035,0.9485631285869665,940.2479682573066,1127.9905213074783
2097.6678568630905,9.568558620744969e-05,0.003317682414122027,0.9553069820167182,941.4642667874933,1129.6982203633795
2099.7644330374146,9.306941406328492e-05,0.00351562249090254,0.9624711385944424,942.668659531493,1131.4143345009932
2100.3745250654947,9.223653131931351e-05,0.0035721497983818348,0.9646332940698863,943.0167831893351,1131.9153559370434
2100.984617093575,9.137276884042334e-05,0.003628161859744171,0.9668297209185848,943.3638145716199,1132.417133695322
2103.0811932678985,8.817916233280727e-05,0.003816440790797061,0.9746350385396928,944.5477944446958,1134.14739505714
2105.1777694422226,8.466056552286043e-05,0.003997683399073537,0.9828277211884288,945.7178950925435,1135.8870697721493
2105.7878614703027,8.358014284241634e-05,0.004049004578584927,0.9852823913888783,946.0556736580085,1136.3951230992207
2106.397953498383,8.24756972122762e-05,0.0040996617231470875,0.987768124281912,946.3921968817904,1136.9040079362132
2108.4945296727064,7.850805478869055e-05,0.004268461323511128,0.9965418256326465,947.5388342385827,1138.6592371524227
2110.5911058470306,7.4298584291482e-05,0.004428688953812919,1.0056604423096391,948.6697223028242,1140.424652110271
2111.2011978751107,7.30329199455932e-05,0.00447363145166691,1.0083761187535105,948.995745998238,1140.9403274416882
2111.8112899031908,7.175035561340895e-05,0.004517799104826962,1.0111189459128938,949.3203619898218,1141.4568892488944
2113.9078660775144,6.72252551107756e-05,0.0046635130947393485,1.0207452925137892,950.4249367079555,1143.2388868810299
2116.0044422518386,6.25426819563113e-05,0.00479957479004652,1.0306670212087514,951.5120407242254,1145.0315935682686
2116.6145342799186,6.115513585623969e-05,0.004837307580136425,1.0336067697641784,951.8250095812325,1145.555294745542
2117.2246263079987,5.975771451143463e-05,0.004874193195400207,1.0365692615899282,952.1364326900283,1146.0799158481932
2119.3212024823224,5.489123788105332e-05,0.0049943917481987685,1.0469161782965895,953.1946413129212,1147.8898301317074
2121.4177786566465,4.994794000232842e-05,0.005104306831241684,1.057504320386396,954.2338462772145,1149.710720256382
2122.0278706847266,4.849930449196089e-05,0.0051343368000016975,1.060627629134242,954.5326002802764,1150.2426585864728
2122.6379627128067,4.704725384275101e-05,0.00516348400070492,1.0637689829732542,954.8296878901971,1150.7755287777443
2124.7345388871304,4.204120251929744e-05,0.0052568754378894715,1.0746943564878135,955.8377411099053,1152.613848354974
2126.8311150614545,3.702902877638873e-05,0.005339764889082443,1.0858045231576523,956.825478908919,1154.4631612641224
2127.4412070895346,3.557289651420872e-05,0.005361910765791274,1.0890690724335168,957.1090229050423,1155.0033603433383
2128.0512991176147,3.411870329215582e-05,0.005383170482348176,1.0923468658065565,957.3907996937199,1155.544482865119
2130.1478752919384,2.9144146353504095e-05,0.005449479626163719,1.1037044171004466,958.3455005749913,1157.4110659023672
2132.2444514662625,2.4218513912008927e-05,0.005505410519391404,1.1151901111689426,959.2788200190759,1159.2884301542015
2132.8545434943426,2.2796937021393707e-05,0.005519751402223061,1.1185533330583848,959.5463425162948,1159.8367401523715
2133.4646355224227,2.13812091230983e-05,0.00553322788526977,1.121925051313233,959.812018540998,1160.385946907023
2135.5612116967463,1.6566238294262368e-05,0.005572992679587592,1.1335693179711839,960.71081916936,1162.280080046752
2137.6577878710705,1.1837480872921927e-05,0.005602752897273637,1.145286466870977,961.5874341743086,1164.184581703091
2138.2678798991506,1.0479228579623495e-05,0.0056095596625658235,1.1487067732870526,961.8383197834019,1164.7407008021482
2138.8779719272306,9.129281096825592e-06,0.005615540948904201,1.1521309961395914,962.087302226495,1165.2976744357536
2140.9745481015543,4.556796028408923e-06,0.005629869107091542,1.1639210807489646,962.9283388211084,1167.2181531368296
2143.0711242758784,9.187732417815207e-08,0.0056347234625651384,1.1757312741588895,963.7466556719048,1169.1484219862725
2143.6812163039585,-1.1863592491624978e-06,0.005634388880427683,1.179168902878462,963.9804916191192,1169.711922385455
2144.2913083320386,-2.4549907347890326e-06,0.005633277714415006,1.182606108629977,964.2123906830227,1170.276222651412
2146.3878845063623,-6.739818249110384e-06,0.0056236182859324855,1.1944081265337347,964.994499293214,1172.2214440707062
2148.4844606806864,-1.0906626139489051e-05,0.005605099108738177,1.2061806051408477,965.753625649238,1174.175749175881
2149.0945527087665,-1.2096577875820464e-05,0.0055980814435843025,1.2095981180279318,965.9702032103626,1174.7461052324243
2149.7046447368466,-1.3276278918469854e-05,0.0055903411122484505,1.2130111484152133,966.1848330378951,1175.3171972428834
2151.8012209111703,-1.7251381572350703e-05,0.005558317688997203,1.2246995880295763,966.9075489624664,1177.2852577933243
2153.8977970854944,-2.1102622684383252e-05,0.0055180900028101105,1.2363122876666301,967.6072877968977,1179.2616051279801
2154.5078891135745,-2.2199749365800432e-05,0.005504880162850357,1.2396748247357041,967.8065995643365,1179.8382216612479
2155.1179811416546,-2.3286144021959794e-05,0.005491004438150845,1.2430291197976118,968.0039750813614,1180.415504115068
2157.2145573159783,-2.6937019601881333e-05,0.0054383333784593195,1.254487527944233,968.6675189131723,1182.4042956220067
2159.3111334903024,-3.045787997693228e-05,0.005378144273401918,1.2658276261246317,969.3083499216208,1184.4005224742018
2159.9212255183825,-3.145759782984456e-05,0.005359256518458487,1.2691030478757235,969.4905835564033,1184.9827618248587
2160.5313175464626,-3.244594796906398e-05,0.005339762581775295,1.2723667830075036,969.6709138494382,1185.5655938636755
2162.6278937207862,-3.575466652316419e-05,0.005268244380341596,1.2834882168431627,970.2761659243935,1187.5728941307984
2164.7244698951104,-3.892424551437778e-05,0.00518993505676605,1.2944525882692244,970.8592156879821,1189.586756711089
2165.3345619231904,-3.981983594500609e-05,0.005165913705321622,1.2976116151279387,971.024744440105,1190.1739636253503
2165.9446539512705,-4.070314200844007e-05,0.005141350068408666,1.3007558446071703,971.1884229155604,1190.7616894313867
2168.041230125594,-4.364343076548461e-05,0.005052904100602514,1.3114434091074791,971.7368867471018,1192.7852444716518
2170.1378062999183,-4.6432270462108186e-05,0.004958452355688555,1.3219392441143736,972.2638878854669,1194.8144963846642
2170.7478983279984,-4.721461048526149e-05,0.0049298848673703915,1.3249556539313276,972.4132578988039,1195.4060201058644
2171.3579903560785,-4.798353685742647e-05,0.00490084458386734,1.3279545161160726,972.5608492216489,1195.9979906496003
2173.454566530402,-5.0521843165373295e-05,0.0047975536445610855,1.338122130912245,973.0546038074792,1198.035586716933
2175.5511427047263,-5.2894605817833e-05,0.004689114490168401,1.3480677915734982,973.5278429305049,1200.0780466548485
2176.1612347328064,-5.3553169753006526e-05,0.004656642063274392,1.350918684334962,973.6617572781461,1200.6732597789717
2176.7713267608865,-5.419710962591548e-05,0.00462377272734674,1.3537496725030662,973.7939810409349,1201.26885128794
2178.86790293521,-5.629658828895373e-05,0.004507912097713443,1.3633230450467033,974.2356219525827,1203.3183753326562
2180.9644791095343,-5.821633161176066e-05,0.00438783816555272,1.3726490901998605,974.6578765019112,1205.3719827559662
2181.5745711376144,-5.874044792451537e-05,0.004352159961273447,1.3753151934409766,974.7771760231526,1205.9702965173292
2182.1846631656945,-5.924880272388414e-05,0.004316167163453499,1.3779594634993642,974.8948872378364,1206.5689253445498
2184.281239340018,-6.08738052097043e-05,0.004190210507700738,1.3868771579423802,975.2874569892881,1208.6284128831264
2186.3778155143423,-6.230674108198024e-05,0.004061048251595905,1.3955274142692848,975.6619217504067,1210.6912708418702
2186.9879075424224,-6.268705147231951e-05,0.004022918386874572,1.3979933922502636,975.7675629715342,1211.292146615868
2187.5979995705025,-6.305072013425556e-05,0.0039845618016079234,1.4004360697330853,975.871729690445,1211.8932803108805
2189.694575744826,-6.417228486286704e-05,0.0038511604976417314,1.4086505382750523,976.2186386238196,1213.9609501625707
2191.7911519191503,-6.509384685260084e-05,0.003715617408276133,1.416583075613379,976.5488434353271,1216.031354924005
2192.4012439472303,-6.532418035528504e-05,0.003675832966076543,1.4188377989604393,976.6418740729922,1216.6343118921789
2193.0113359753104,-6.553747836437495e-05,0.003635913222868495,1.421068240966018,976.7335526629633,1217.2374764394392
2195.107912149634,-6.614014257622268e-05,0.003497842018343992,1.4285466555404254,977.0384923480394,1219.3117523618484
2197.2044883239582,-6.654177533264252e-05,0.0033587180212716777,1.435734489687179,977.328213321214,1221.3882101186512
2197.8145803520383,-6.66210523714471e-05,0.0033180964163650865,1.4377712114076544,977.4097461032502,1221.992829222173
2198.4246723801184,-6.66835473758684e-05,0.003277431355412571,1.4397831685697788,977.4900549357022,1222.5976125938012
2200.521248554442,-6.677100026996108e-05,0.0031374986613070034,1.4465078598028005,977.7569069258517,1224.6771324834465
2202.617824728766,-6.66645276700813e-05,0.0029975859053324315,1.4529391923842552,978.0100743469445,1226.7583640582147
2203.2279167568463,-6.659773901185422e-05,0.002956934136467243,1.4547555771120004,978.0812601333581,1227.364288553256
2203.8380087849264,-6.651510722852819e-05,0.002916327514230437,1.4565472041516914,978.1513526970214,1227.9703409105257
2205.93458495925,-6.611207057146002e-05,0.002777264733900351,1.4625155486444412,978.3840962704652,1230.053954877625
2208.031161133574,-6.552994302041591e-05,0.002639234689473525,1.4681934200299593,978.6047030161683,1232.1388899738015
2208.6412531616543,-6.532791730777251e-05,0.0025993165578388896,1.4697913983314945,978.666704361337,1232.745823083788
2209.2513451897344,-6.511157264076682e-05,0.00255952543901497,1.4713650886547862,978.7277429457175,1233.3528541411208
2211.347921364058,-6.42615234345863e-05,0.0024238775070555578,1.4765887902293882,978.9303658000265,1235.4396133627574
2213.444497538382,-6.325317874819944e-05,0.0022901777072749756,1.4815301377855017,979.1223801926311,1237.5273764596018
2214.0545895664623,-6.293130376105611e-05,0.0022516853432369404,1.4829155920964665,979.1763464692078,1238.1350767670722
2214.6646815945423,-6.259705113854076e-05,0.00221339240105356,1.4842776467241143,979.2294775254135,1238.7428509740278
2216.761257768866,-6.135719078178051e-05,0.002083429310386729,1.4887814751104216,979.4058930863557,1240.8319896646838
2218.85783394319,-5.998376690073234e-05,0.001956205694454758,1.493015697736024,979.5731795725948,1242.9218799972682
2219.4679259712702,-5.956047192869167e-05,0.0019197390687612826,1.494198015189867,979.6202245789974,1243.5301552988417
2220.0780179993503,-5.9127001200984006e-05,0.0018835329986114644,1.4953581833501643,979.6665566500559,1244.1384855674978
2222.174594173674,-5.7563331683698306e-05,0.0017611893060057008,1.4991783100415994,979.8205308125624,1246.2293985809763
2224.271170347998,-5.589316421409999e-05,0.0016422356061891097,1.5027454875510937,979.9667808913904,1248.3208667076753
2224.881262376078,-5.53886948515172e-05,0.0016082895312320715,1.5037370229234297,980.0079635733292,1248.9295670518104
2225.4913544041583,-5.487639712156265e-05,0.0015746527857239988,1.5047079572255706,980.0485483920232,1249.5383077436961
2227.587930578482,-5.30599145354808e-05,0.0014614907536763411,1.5078900306034149,980.1836375041532,1251.6305262035373
2229.684506752806,-5.11651193240188e-05,0.0013522192099319958,1.5108389295135702,980.3123123605909,1253.7231494443224
2230.294598780886,-5.060061317714411e-05,0.0013211761232927968,1.511654414170584,980.3486210088225,1254.3321599901699
2230.9046908089663,-5.003067754248808e-05,0.0012904782570351166,1.5124510752695333,980.3844380991649,1254.9411997883747
2233.00126698329,-4.80344751949727e-05,0.0011876689969065558,1.5150481471496458,980.5039391573125,1257.0343667899333
2235.097843157614,-4.5988312832067136e-05,0.001089097299547892,1.5174341137710419,980.618224706806,1259.127825400416
2235.707935185694,-4.538507052048427e-05,0.0010612244751368085,1.5180900380308457,980.6505647913781,1259.7370596045694
2236.3180272137743,-4.477877741498064e-05,0.0010337197983862065,1.518729075392784,980.6825097150244,1260.3463147614282
2238.414603388098,-4.267570679862831e-05,0.0009420384107424732,1.5207994647445204,980.7894231223214,1262.4401627012583
2240.511179562422,-4.055035028342878e-05,0.0008547896328881771,1.5226822837353298,980.8921976289405,1264.5342181348694
2241.121271590502,-3.992919991202697e-05,0.0008302400293305324,1.523196274189982,980.9213832854671,1265.143611620914
2241.7313636185822,-3.930728075674746e-05,0.0008060688507687272,1.5236954040492832,980.9502595348284,1265.7530199190007
2243.827939792906,-3.716775265594051e-05,0.0007259016472336516,1.5253005674524058,981.0472643313439,1267.8473504809717
2245.92451596723,-3.503201906601712e-05,0.0006502161495984678,1.5267423523255386,981.1410783664755,1269.9418265704867
2246.53460799531,-3.441262958465996e-05,0.0006290327749699232,1.5271325631648447,981.1678274415801,1270.5513318869348
2247.14470002339,-3.379457318602325e-05,0.0006082261927468281,1.527509962667108,981.1943418755766,1271.1608475031278
2249.241276197714,-3.168402899362289e-05,0.0005395904901004702,1.5287124370887524,981.2837830005668,1273.255514835639
2251.337852372038,-2.960059175383311e-05,0.00047535128822725537,1.5297756203309048,981.3708511739612,1275.350282255738
2251.947944400118,-2.900060665693676e-05,0.0004574757065195882,1.5300601590468386,981.3957836402263,1275.959864596988
2252.558036428198,-2.8403761373750968e-05,0.00043996464995578753,1.5303338973451215,981.4205452615182,1276.5694539311744
2254.654612602522,-2.637937801028971e-05,0.0003825442161588383,1.5311953905227855,981.5044320669668,1278.664351132063
2256.751188776846,-2.440123344381772e-05,0.0003293195847093708,1.5319408957966476,981.5866355998827,1280.7593151247593
2257.361280804926,-2.3835214025291415e-05,0.0003146057297105574,1.5321373088257277,981.6102750394851,1281.3689489868163
2257.971372833006,-2.327374004620444e-05,0.00030023539988867327,1.532324841327091,981.633796798059,1281.978587417379
2260.06794900733,-2.138094836337617e-05,0.00025343493809890674,1.5329045650359412,981.7138116141598,1284.073636129092
2262.164525181654,-1.954834684805453e-05,0.00021053976161875478,1.5333902618757216,981.7927103663292,1286.168727203229
2262.774617209734,-1.902699964730529e-05,0.0001987729553366134,1.5335151097977036,981.8154880822815,1286.7783938754067
2263.384709237814,-1.851114823596171e-05,0.00018732228867640423,1.5336328650079472,981.838191247982,1287.388063336774
2265.481285412138,-1.6781662986793002e-05,0.00015033726242938628,1.5339862085650104,981.9157063025722,1289.4832060523959
2267.577861586462,-1.5120903045482577e-05,0.00011690618982810562,1.534265735764505,981.9925583766178,1291.57837320794
2268.187953614542,-1.4650868506044504e-05,0.00010782482559838781,1.534334280069702,982.014819555288,1292.1880589625875
2268.798045642622,-1.418683557633573e-05,9.902828885607368e-05,1.5343973595128801,982.0370400713475,1292.7977462042031
2270.894621816946,-1.2638577406854494e-05,7.09201475212393e-05,1.534574960532017,982.1131406657695,1294.892940785404
2272.99119799127,-1.1162548591872954e-05,4.59823302043762e-05,1.5346969541046256,982.1889274050666,1296.9881467485775
2273.60129001935,-1.0746668565163965e-05,3.9299342807376145e-05,1.534722961916784,982.2109386843752,1297.5978415781738
2274.21138204743,-1.0336901078547205e-05,3.286823328474008e-05,1.53474495781952,982.2329348537014,1298.207536954135
2276.307958221754,-8.975379541651923e-06,1.263589751372762e-05,1.5347921736302637,982.3084465618937,1300.302752846215
2278.404534396078,-7.685391427054552e-06,-4.816892276630119e-06,1.5347998845728168,982.3839007283807,1302.397970812068
2279.014626424158,-7.32331288863639e-06,-9.394971145496399e-06,1.534795543896758,982.4058585365694,1303.0076675705438
2279.624718452238,-6.9671495396255414e-06,-1.3753845043332717e-05,1.5347884658883113,982.4278194110229,1303.6173642185115
2281.7212946265618,-5.787868860792482e-06,-2.7112940837910882e-05,1.5347452061595712,982.5033371901816,1305.712579892508
2283.817870800886,-4.676344629391586e-06,-3.807061313507862e-05,1.5346764554525212,982.5789723121952,1307.8077913328307
2284.427962828966,-4.365352245335508e-06,-4.0828538034641304e-05,1.534652383458533,982.601011415218,1308.4174851583477
2285.038054857046,-4.0598683832881065e-06,-4.339824752916894e-05,1.5346266758881466,982.6230653371006,1309.0271784476665
2287.1346310313697,-3.051361333593067e-06,-5.0842003870150875e-05,1.5345275269219976,982.6989827507444,1311.1223796788106
2289.231207205694,-2.1050188153654828e-06,-5.623651469688574e-05,1.5344149197533157,982.7751219997822,1313.2175728592258
2289.841299233774,-1.8409779742963808e-06,-5.744006051524863e-05,1.5343802400479056,982.7973238119271,1313.8272607813906
2290.451391261854,-1.5819416364581196e-06,-5.8483866222982146e-05,1.5343448653292988,982.8195466772396,1314.4369479363202
2292.5479674361777,-7.290821878346373e-07,-6.089669246720406e-05,1.5342194179724813,982.8960838706445,1316.5321266178312
2294.644543610502,6.772873719127901e-08,-6.158018891098522e-05,1.5340907247774742,982.9728872983524,1318.6272955565353
2295.254635638582,2.893993926311647e-07,-6.147110808509152e-05,1.5340531861667401,982.9952876531993,1319.2369762162598
2295.864727666662,5.065629538699002e-07,-6.122800528461681e-05,1.5340157464423514,983.0177106106513,1319.8466560451504
2297.9613038409857,1.2192658265450772e-06,-5.940999413797732e-05,1.533889031272279,983.0949401868672,1321.9418093189452
2300.05788001531,1.8813410382317002e-06,-5.615081950300995e-05,1.5337676384555763,983.1724296746345,1324.0369529964405
2300.66797204339,2.0647528254780662e-06,-5.4946941043649925e-05,1.5337337469667665,983.1950259064535,1324.6466264277976
2301.27806407147,2.244047977645321e-06,-5.363231460015784e-05,1.5337006159168258,983.2176423595438,1325.2562991095917
2303.3746402457937,2.829402804145516e-06,-4.830566952165776e-05,1.5335935497287918,983.2955128312666,1327.3514286613813
2305.471216420118,3.367783540717737e-06,-4.180102583926855e-05,1.5334988861398202,983.3735946276328,1329.4465503489891
2306.081308448198,3.515762632933007e-06,-3.970106699318366e-05,1.5334740234892532,983.396351963818,1330.0562177879947
2306.691400476278,3.659829350579402e-06,-3.751199179400543e-05,1.5334504617443634,983.4191238928526,1330.6658846823957
2308.7879766506016,4.125352388722028e-06,-2.9342851977654483e-05,1.5333802164998815,983.49748089028,1332.7609960953341
2310.884552824926,4.544934567198806e-06,-2.024586690683645e-05,1.533328071128429,983.5759660985767,1334.8561027100413
2311.4946448530054,4.658374045067967e-06,-1.7438228204680133e-05,1.5333165759655571,983.5988235015233,1335.4657664056208
2312.1047368810855,4.767855809056124e-06,-1.4562652814337097e-05,1.5333068069065205,983.6216872582463,1336.075429863113
2314.201313055409,5.113779271615906e-06,-4.195448843897077e-06,1.5332870251087671,983.7002931230498,1338.170531954261
2316.2978892297333,5.411603549652682e-06,6.846588214147772e-06,1.5332896863633378,983.7789169224974,1340.2656333725777
2316.9079812578134,5.489019190625499e-06,1.0172052329560712e-05,1.5332948793391825,983.8017926356492,1340.875296381514
2317.5180732858935,5.562150204671594e-06,1.3543275092993553e-05,1.5333021069541188,983.8246644765782,1341.484959535602
2319.614649460217,5.7802005481736486e-06,2.54427063784494e-05,1.5333429054547048,983.9032172380169,1343.5800636187444
2321.7112256345413,5.944562725510394e-06,3.774301615388214e-05,1.5334090722555558,983.9816579475871,1345.6751718991513
2322.3213176626214,5.981901628779611e-06,4.1381491243966237e-05,1.5334332120706677,984.0044550872695,1346.2848378514147
2322.9314096907015,6.0143400409935185e-06,4.5040990121523414e-05,1.5334595687862933,984.0272367949188,1346.894504379996
2325.027985865025,6.087406747904051e-06,5.773804012860905e-05,1.5335672955157367,984.1053897798112,1348.9896234135817
2327.1245620393493,6.097897062499815e-06,7.052268196593843e-05,1.53370173439918,984.1832890811545,1351.0847518925314
2327.7346540674293,6.088617879837204e-06,7.424057539699143e-05,1.5337458992174706,984.2059016664368,1351.6944247180213
2328.3447460955094,6.073563688118908e-06,7.795070367290735e-05,1.5337923189626017,984.2284866538417,1352.3040985655214
2330.441322269833,5.976347859533081e-06,9.059545255421903e-05,1.5339690530971852,984.3058701061179,1354.3992461617497
2332.5378984441572,5.8048958278768454e-06,0.0001029585601182356,1.534172002669764,984.3828558101715,1356.494408407365
2333.1479904722373,5.740350834111605e-06,0.00010648092751595473,1.5342358993735576,984.4051756320937,1357.1040920211215
2333.7580825003174,5.668957128866428e-06,0.0001099614318391171,1.534301919301491,984.4274559301688,1357.7137770792299
2335.854658674641,5.369655955638147e-06,0.00012154840641939287,1.534544734009952,984.5037019914796,1359.8089663732517
2337.951234848965,4.9826232598241505e-06,0.00013241590538093574,1.5348110874755292,984.5794146483225,1361.904175006223
2338.5613268770453,4.852741872855157e-06,0.00013541675929160942,1.5348927999082054,984.6013393434182,1362.5138729569626
2339.1714189051254,4.714837772314038e-06,0.00013833551723351007,1.534976302922665,984.6232138290004,1363.1235727097917
2341.267995079449,4.1778841851463656e-06,0.0001476754239934711,1.535276340103126,984.6979860477269,1365.2188151165883
2343.364571253773,3.53920892587866e-06,0.00015578293303878982,1.535594667201726,984.7721104512244,1367.3140805375228
2343.9746632818533,3.3334903772708477e-06,0.0001578800925042622,1.5356903634949437,984.7935530599864,1367.9237956331087
2344.5847553099334,3.1186024199336803e-06,0.00015984857586872624,1.5357872826852847,984.814937192661,1368.5335127813103
2346.681331484257,2.3084362241416806e-06,0.00016555767777661347,1.536128719918289,984.8879653784024,1370.6288166972006
2348.777907658581,1.3837865253116932e-06,0.00016944819284874904,1.536480220315413,984.9602676022326,1372.7241457868822
2349.3879996866613,1.0925762326158636e-06,0.00017020428498937853,1.536583848281833,984.9811677602986,1373.3338797176098
2349.9980917147413,7.912400453046239e-07,0.0001707793495372097,1.5366878632249312,985.0020049578183,1373.9436158028655
2352.094667889065,-3.2296321059136926e-07,0.00017129189539746267,1.5370468832741493,985.0731256820368,1376.038985328635
2354.191244063389,-1.5611218935936844e-06,0.0001693384882604752,1.5374043928856544,985.1434957045193,1378.1343802003598
2354.8013360914692,-1.94509503230914e-06,0.00016826958414347925,1.537507400870276,985.1638324342142,1378.7441331829182
2355.4114281195493,-2.3397759762633007e-06,0.0001669630478721251,1.5376096640866637,985.1841070310649,1379.3538882353182
2357.508004293873,-3.778551002179503e-06,0.00016057160821453297,1.537953565199742,985.2533093993858,1381.4493219940998
2359.604580468197,-5.345132272645768e-06,0.00015102968935376565,1.538280763562896,985.3218086417087,1383.5447788596643
2360.214672496277,-5.825017379633302e-06,0.00014762283361362795,1.5383718916126659,985.3416144878931,1384.1545493165852
2360.8247645243573,-6.3156100085479075e-06,0.00014392007121767812,1.5384608307910013,985.3613659933333,1384.7643215379292
2362.921340698681,-8.083022112094564e-06,0.00012884773958685142,1.5387474400704348,985.4288414971882,1386.8598116167218
2365.017916873005,-9.97396643699272e-06,0.00010994039649349341,1.538998428861648,985.4957537331167,1388.9553197638493
2365.628008901085,-1.0546913880141655e-05,0.00010368095978918924,1.5390636210478352,985.5151297266048,1389.565104030748
2366.2381009291653,-1.1129773476833555e-05,9.706939798635926e-05,1.5391248684208139,985.5344678342274,1390.1748895025082
2368.334677103489,-1.3206887304522875e-05,7.157653766444985e-05,1.539302438685722,985.6006621554365,1392.2704204483625
2370.431253277813,-1.5392585347110908e-05,4.16150224411159e-05,1.539421876789364,985.6665452809921,1394.365961207273
2371.041345305893,-1.6047834420401946e-05,3.202435737066945e-05,1.5394443693881639,985.685675924845,1394.9757532210692
2371.6514373339733,-1.6711190943074262e-05,2.2032293200207645e-05,1.5394608732357884,985.7047954354676,1395.5855455848484
2373.748013508297,-1.9049540630010198e-05,-1.5441186572537527e-05,1.5394686539065012,985.7704590647002,1397.6810932327414
2375.844589682621,-2.1468416597968886e-05,-5.790160932725012e-05,1.539392640819433,985.8361941859711,1399.7766386372223
2376.454681710701,-2.218545730798969e-05,-7.121830215235692e-05,1.5393532821618687,985.8553613579517,1400.3864295053927
2377.0647737387812,-2.2907598578991755e-05,-8.497272615313786e-05,1.5393056561684562,985.8745558750435,1400.996219509542
2379.161349913105,-2.542309512479643e-05,-0.00013563071166895952,1.5390753284646703,985.9407893635838,1403.0917492262383
2381.257926087429,-2.7975823448089167e-05,-0.00019160165693811405,1.5387332229229944,986.0076226241237,1405.1872598776295
2381.868018115509,-2.8722785904083257e-05,-0.00020889805410778353,1.5386110783709874,986.0272169892144,1405.7970371715733
2382.478110143589,-2.947047951261699e-05,-0.00022664860951256024,1.5384782417695,986.0468899482216,1406.4068119213532
2384.574686317913,-3.203830208520339e-05,-0.00029113152863623415,1.5379363954300085,986.1151786039782,1408.5022756643962
2386.671262492237,-3.4583252402274175e-05,-0.0003609741066725002,1.5372537372720407,986.1847501972032,1410.5976971445966
2387.281354520317,-3.5315697840464135e-05,-0.0003822977680190049,1.5370270261249013,986.2052784478557,1411.207443719147
2387.891446548397,-3.604304349343253e-05,-0.00040406443513875525,1.536787180363747,986.2259497686921,1411.8171854303127
2389.988022722721,-3.849416341114176e-05,-0.0004822184689567576,1.5358589799891371,986.298181708212,1413.9125169243578
2392.084598897045,-4.08447321359619e-05,-0.0005654060557769843,1.5347616471156473,986.3725356876994,1416.0077740701029
2392.694690925125,-4.1505043660337535e-05,-0.0005905284248982171,1.5344090463552384,986.394621701847,1416.6174662157337
2393.304782953205,-4.215293941503706e-05,-0.0006160470519964064,1.5340410215044633,986.4169281334891,1417.2271502833337
2395.401359127529,-4.4272925576181764e-05,-0.0007066804160166025,1.5326551628048914,986.4953889054217,1419.3222577196368
2397.497935301853,-4.6197396815523594e-05,-0.0008015535365487623,1.531074839867471,986.5769568161131,1421.4172462859938
2398.108027329933,-4.671494928902118e-05,-0.0008298986679882603,1.5305771721914623,986.6013346735937,1422.0268511069623
2398.718119358013,-4.7211364359236886e-05,-0.0008585498406158362,1.5300621582271299,986.6260217611243,1422.636443399391
2400.814695532337,-4.87421085390581e-05,-0.0009591902164350694,1.5281571476190525,986.7133583679323,1424.7311994970667
2402.911271706661,-4.99666777725914e-05,-0.001062718954481919,1.5260381089611421,986.804909481416,1426.8257753308153
2403.521363734741,-5.025897621194847e-05,-0.0010932957019279051,1.5253804096302532,986.8324062400626,1427.4352474472917
2404.131455762821,-5.0520205911477956e-05,-0.0011240376677094585,1.5247040642027934,986.8603098196427,1428.0447009554264
2406.228031937145,-5.116518264508447e-05,-0.0012307082756647734,1.522235769689362,986.9594569956657,1430.138931097921
2408.324608111469,-5.138073643312065e-05,-0.0013382809675145646,1.5195428864769895,987.0640081593349,1432.2328980050213
2408.934700139549,-5.135568416893654e-05,-0.0013696243225591014,1.5187168152502344,987.0955143973449,1432.8421760228923
2409.544792167629,-5.128875742448481e-05,-0.0014009357613373901,1.5178717107144146,987.1275296486232,1433.4514273555699
2411.641368341953,-5.072235973247461e-05,-0.001507970719949301,1.5148220285823504,987.2415918277574,1435.54489787905
2413.737944516277,-4.959550691719896e-05,-0.001613230664225842,1.5115498002326218,987.3622707588447,1437.637996908611
2414.348036544357,-4.9154943423903565e-05,-0.0016433587601138832,1.5105563315516912,987.3986971780911,1438.247000578675
2414.958128572437,-4.866130647823359e-05,-0.0016731979935159357,1.5095446704303044,987.4357335745736,1438.855967285674
2417.0547047467608,-4.654265887536931e-05,-0.0017731201960647872,1.505931033197759,987.5678172317512,1440.948377763051
2419.151280921085,-4.3731340128557635e-05,-0.0018678743736191626,1.502113319035098,987.7076746337073,1443.0402824892176
2419.761372949165,-4.277592242025603e-05,-0.0018942682570248965,1.5009656066269659,987.7498935267082,1443.6489120287422
2420.371464977245,-4.1756475308681626e-05,-0.0019200560452582597,1.499802097344923,987.7928145593438,1444.2574922847862
2422.4680411515687,-3.7747906170011515e-05,-0.0020035424024185547,1.495687417724295,987.9458076569276,1446.348477536641
2424.564617325893,-3.292165429270507e-05,-0.0020777673219555914,1.4914074112510927,988.1075759131511,1448.4388017242125
2425.174709353973,-3.135708535537308e-05,-0.0020973808184401145,1.4901336840673323,988.1563470515457,1449.0469412707332
2425.784801382053,-2.9718554122004567e-05,-0.002116014064855106,1.4888484294274107,988.2058943841766,1449.6550179329085
2427.8813775563767,-2.3508597359149256e-05,-0.002171973146681858,1.4843509392912488,988.3821925642936,1451.744166972247
2429.977953730701,-1.6373171629480546e-05,-0.0022139424230230753,1.4797507920238229,988.5679920025988,1453.8324921282492
2430.588045758781,-1.4117661084903081e-05,-0.0022232491324477082,1.4783970992963904,988.6238735073542,1454.4400195348655
2431.198137786861,-1.1780185769351969e-05,-0.0022311524593372073,1.477038311232296,988.6805762505604,1455.0474707800377
2433.2947139611847,-3.1105729044074117e-06,-0.0022469378027742495,1.4723406228402978,988.8817591356554,1457.1343701749806
2435.391290135509,6.563755244541729e-06,-0.0022434934113748227,1.467629997575293,989.0927568382127,1459.220300046535
2436.001382163589,9.571040749429244e-06,-0.0022385769150400072,1.4662625849291928,989.1560027930599,1459.8271049427797
2436.611474191669,1.2665369740892266e-05,-0.002231798036179917,1.464898903845294,989.220073800211,1460.4338233290098
2438.7080503659927,2.3969765631029828e-05,-0.002193576151416441,1.4602555048794559,989.4465390524902,1462.5181305782503
2440.804626540317,3.631752672224823e-05,-0.0021305599922537225,1.4557182325490323,989.6825695766286,1464.6013766604417
2441.414718568397,4.010743251443181e-05,-0.002107251597127469,1.4544253025554084,989.7530174316847,1465.2073876019708
2442.024810596477,4.3985510417660774e-05,-0.002081604558679095,1.4531474721105844,989.8242398053634,1465.8133081889143
2444.1213867708007,5.798538290904333e-05,-0.0019748895374666064,1.4488897809475452,990.0748069707307,1467.8948556757384
2446.217962945125,7.301465658143076e-05,-0.0018377436081501522,1.4448877263138677,990.3339685803726,1469.9753513373819
2446.828054973205,7.757900193866293e-05,-0.0017918092976324659,1.4437803202219504,990.4109205835671,1470.5805707075376
2447.438147001285,8.22277173985311e-05,-0.0017430668991762568,1.4427019534231655,990.488528747763,1471.185706582783
2449.5347231756086,9.88388855366601e-05,-0.001553423239145128,1.4392400230337563,990.7600287039644,1473.2646278073742
2451.6312993499328,0.0001164019073346161,-0.0013279551829155885,1.436213249311343,991.0382720967957,1475.3426582296197
2452.241391378013,0.00012168519190103553,-0.0012553298536604376,1.435424986957221,991.1203758854106,1475.9472002366338
2452.851483406093,0.0001270432714447027,-0.0011794628664766214,1.4346821619091343,991.2029364307592,1476.5516803510275
2454.9480595804166,0.00014600986879405696,-0.0008933646382527796,1.4325021471222845,991.4898048282377,1478.6285373661474
2457.0446357547407,0.00016577849290877448,-0.0005666607388145691,1.4309645255056493,991.7805333420828,1480.7048583839928
2457.654727782821,0.0001716712569626837,-0.00046372330415450576,1.4306499625710378,991.8656672983424,1481.3089811668688
2458.264819810901,0.000177622876684111,-0.00035717950740279833,1.43039941117559,991.9509652339353,1481.9130809630033
2460.3613959852246,0.00019849750401858425,3.70025589365054e-05,1.4300560217651357,992.2448594355469,1483.9889561477864
2462.4579721595487,0.0002199470577958408,0.00047555256013412215,1.4305855754608767,992.5385604010238,1486.0648586236507
2463.068064187629,0.00022628196181245682,0.0006116749801247053,1.4309169861362248,992.6237295125263,1486.668976613838
2463.678156215709,0.00023265319484037068,0.0007516643565826284,1.431332691162682,992.7086656802364,1487.2731270542215
2465.7747323900326,0.0002547877332176915,0.001262595640461809,1.4334360584671866,992.9981250740191,1489.3496256409169
2467.8713085643567,0.0002771926220826983,0.001820217075328139,1.4366595768572554,993.2820525334317,1491.4268857537104
2468.481400592437,0.0002837440887690693,0.001991333219110828,1.4378220492740879,993.3633007448943,1492.0315438781586
2469.091492620517,0.000290302954080812,0.002166437470675659,1.439090147766172,993.4438064598467,1492.6363000228228
2471.1880687948405,0.0003128517287415269,0.0027987360862746346,1.4442868400331073,993.7139776827671,1494.7153954693476
2473.2846449691647,0.00033529320343050857,0.0034781974443053427,1.450858634653613,993.9719097355897,1496.7960390501648
2473.8947369972448,0.00034178053542776216,0.003684743524157994,1.4530434680480762,994.0442560038097,1497.401827284356
2474.504829025325,0.00034824052461623873,0.0038952261440496475,1.4553554617957605,994.1152323939618,1498.0077747468094
2476.6014051996485,0.00037017563775574203,0.004648428992428711,1.4643037391733682,994.3476874739033,1500.0914215511395
2478.6979813739727,0.0003915627503538363,0.005447046013957837,1.4748787708340205,994.5597910018696,1502.1772271338846
2479.3080734020527,0.00039765740584803995,0.0056878047492828635,1.4782752674370667,994.6171996907038,1502.7846137819465
2479.918165430133,0.0004036853419558248,0.0059322471523887265,1.4818196460047532,994.6724929529028,1503.3921916975532
2482.0147416044565,0.0004238285380245847,0.00679990063618072,1.4951594156090897,994.845183914475,1505.4816349181062
2484.1113177787806,0.00044293838391289863,0.007708702616241178,1.5103614223135553,994.9880393369708,1507.5733111819716
2484.7214098068607,0.0004482774199003859,0.00798057735019268,1.5151472922813267,995.0234422397843,1508.1823777931183
2485.331501834941,0.0004535076886239289,0.008255661426793189,1.5200998040917344,995.0558730526183,1508.7916021110093
2487.4280780092645,0.00047058571228891224,0.009224645862660225,1.5384182275475984,995.143293568852,1510.8863359085587
2489.5246541835886,0.00048612790471596994,0.010227825682457193,1.5588040472986002,995.1901633485645,1512.982341161074
2490.1347462116687,0.0004903342859475621,0.010525706681677648,1.5651348233057651,995.1955603370503,1513.5924131156073
2490.744838239749,0.0004943897090378386,0.010826093490487338,1.5716478133474885,995.1970356147376,1514.2024960079614
2492.8414144140725,0.0005071091994811565,0.011876306769453483,1.5954421809002668,995.1706959475893,1516.2988716057175
2494.9379905883966,0.0005178030796120838,0.012951064005872912,1.6214641297298926,995.092157152542,1518.3939022749892
2495.5480826164767,0.0005205080958274328,0.01326781345298478,1.6294621739561796,995.0588330116293,1519.003088548352
2496.1581746445568,0.0005230222191986669,0.01358614181404119,1.6376535859601449,995.0205785776559,1519.611970208539
2498.2547508188804,0.0005301450103100035,0.014690596562687185,1.6672935977999659,994.8499338337848,1521.7015319059358
2500.3513269932046,0.000534794694068783,0.015807392256495925,1.6992621200172142,994.6150235089998,1523.7847972983
2500.9614190212847,0.0005356600792049786,0.01613394791432749,1.709005872272796,994.5339253544164,1524.3894814217972
2501.5715110493647,0.0005362995929642457,0.01646095166921226,1.7189485643204852,994.4468841153041,1524.9933199767615
2503.6680872236884,0.0005367217908479258,0.017586284621390197,1.7546402433101487,994.1008689564153,1527.0610561630435
2505.7646633980125,0.0005342969569071005,0.018709518234046495,1.7926890678429175,993.6788890898015,1529.1145745577794
2506.3747554260926,0.0005330384494500303,0.01903512242925016,1.8042031902526752,993.5412047122053,1529.708934585045
2506.9848474541727,0.0005315267256180101,0.01935987383974618,1.8159152240070089,993.3966390672005,1530.3016361315108
2509.0814236284964,0.0005243603084569121,0.020467291452438283,1.8576687620789436,992.8459265341543,1532.3244599159166
2511.1779998028205,0.0005140813109514384,0.021556421244759802,1.9017249146284394,992.2089926180399,1534.3217395974248
2511.7880918309006,0.0005104945335565005,0.021868980775008744,1.914972024701146,992.0069460509887,1534.8974117419577
2512.3981838589807,0.0005066381012240543,0.022179266515756045,1.9284086238181808,991.7972565059539,1535.4703187776643
2514.4947600333044,0.0004913067796932098,0.02322596413771555,1.9760125932314756,991.0172443781148,1537.4162110138743
2516.5913362076285,0.00047274795807026487,0.0242371351263347,2.025773801794183,990.1435116338464,1539.3217815255396
2517.2014282357086,0.0004667398590097514,0.024523736444855077,2.040648560344158,989.8713416778577,1539.8678074115485
2517.8115202637887,0.0004604603653199266,0.024806592009677785,2.0556965194343992,989.5910600709456,1540.4096867890862
2519.9080964381124,0.0004368131615997871,0.02574774281042399,2.1087012646069847,988.56538087497,1542.2379911320093
2522.0046726124365,0.00041001996266801455,0.02663601753795852,2.163623774767215,987.4426425956515,1544.008265183899
2522.6147646405166,0.00040164313883710065,0.02688362238730676,2.1799502438492175,987.0976549331766,1544.5114577007466
2523.2248566685967,0.0003930115794509234,0.027126048370541177,2.1964257169178,986.7444937057599,1545.0089196384592
2525.3214328429203,0.000361438629133939,0.02791742365956735,2.2541392161612497,985.4685678979675,1546.6722070496435
2527.4180090172445,0.0003270375077302452,0.02863963911514714,2.3134393945511063,984.0976359427619,1548.2580145325885
2528.0281010453245,0.00031652050095292794,0.028835958542750617,2.3309726537172915,983.6811372837357,1548.7038231848076
2528.6381930734046,0.00030578656221587325,0.02902581251421358,2.3486233072707834,983.2568952241019,1549.1422425880378
2530.7347692477283,0.0002673113566038092,0.02962697752086061,2.4101228341892535,981.7407834485995,1550.5899059727958
2532.8313454220524,0.0002265851348302272,0.03014511661469302,2.472795714262166,980.137836465946,1551.9407101114298
2533.4414374501325,0.00021435051865216032,0.03027961997761288,2.491228603251951,979.6557042682108,1552.3145566839094
2534.0515294782126,0.00020195867868212517,0.030406635521500636,2.5097409738308962,979.166779926927,1552.6794525020339
2536.1481056525363,0.00015827647987208163,0.03078451420305806,2.5739031884852968,977.4364721916278,1553.8627554300153
2538.2446818268604,0.00011317221242746128,0.031069319089739478,2.638760086429838,975.633532954731,1554.932077436843
2538.8547738549405,9.98323267010414e-05,0.031134285437043205,2.657735579202208,975.0961876123811,1555.220985974197
2539.4648658830206,8.641434427732064e-05,0.03119111943697859,2.6767480814348326,974.5534745201202,1555.4996661669654
2541.5614420573443,3.984009049951963e-05,0.03132353951148889,2.742298586344619,972.6499123452666,1556.3774583270992
2543.6580182316684,-7.129405291633014e-06,0.03135789878769756,2.808023924060947,970.6928993786069,1557.128547319078
2544.2681102597485,-2.0810882390921624e-05,0.0313493589220985,2.8271529814979295,970.114552425141,1557.3227587330755
2544.8782022878286,-3.4479114106146664e-05,0.03133250826793717,2.846274318640205,969.5326070102058,1557.5059102815833
2546.9747784621522,-8.120040395284762e-05,0.031211119226309127,2.911855042853633,967.5082126396123,1558.049836598695
2549.0713546364764,-0.0001272143638984201,0.030992516927063823,2.977079358194683,965.4525911928987,1558.4603449828846
2549.6814466645565,-0.00014041104234622617,0.030910857434490954,2.995963089422037,964.8498277272156,1558.5545512427761
2550.2915386926365,-0.00015350364837787175,0.030821208114986877,3.0147947577208876,964.245390801075,1558.6374114191674
2552.38811486696,-0.0001975611601444414,0.03045289040422062,3.0790434884607576,962.1585610129733,1558.8353966126353
2554.4846910412843,-0.00023989784245078286,0.02999400668900774,3.1424250738000876,960.0633158385857,1558.8999443568084
2555.0947830693644,-0.00025184322884227615,0.029843980033205892,3.1606786451652424,959.4532686549206,1558.8938462336682
2555.7048750974445,-0.00026360719499147236,0.029686744436309417,3.1788388266855456,958.8434167974441,1558.8766745496932
2557.801451271768,-0.00030253419454252974,0.029092824596179827,3.2404705458935283,956.7520647013124,1558.7338606044107
2559.8980274460923,-0.000338939563806039,0.02841993473124421,3.300774283578987,954.6732387121873,1558.4639179594074
2560.5081194741724,-0.0003490224430968695,0.02821005245114369,3.3180491440842714,954.0717375927139,1558.3619938089503
2561.1182115022525,-0.00035886735616521165,0.027994106908307368,3.335194553208091,953.4720540514443,1558.249756386552
2563.214787676576,-0.0003908040812700677,0.02720770231763319,3.393073092027254,951.4275604988702,1557.7867860621504
2565.3113638509003,-0.0004196903842721638,0.02635753767116935,3.4492360348113067,949.4126997275557,1557.208065065635
2565.9214558789804,-0.0004275016826053324,0.026099085424473225,3.46523771324505,948.8327713737915,1557.0186605284925
2566.5315479070605,-0.00043504221387674044,0.025835957584584384,3.4810807937130597,948.2559027660143,1556.820059176414
2568.628124081384,-0.00045884768431148044,0.024898327109013258,3.5342730558000417,946.2986409238164,1556.0693233142176
2570.7247002557083,-0.00047935438178650224,0.023914244715705985,3.5854508091796293,944.3831257372814,1555.2175089266666
2571.3347922837884,-0.0004846957310847645,0.02362014893065969,3.599950883842707,943.8340882332786,1554.9515218910167
2571.9448843118685,-0.0004897563658968588,0.023322879987961075,3.614271092412181,943.2889117774935,1554.6776539329398
2574.041460486192,-0.000504999367592364,0.022279514287841223,3.6620805197430264,941.4459577704175,1553.6785544186343
2576.1380366605163,-0.0005169506306480371,0.02120764116394356,3.7076725674131485,939.6515836957766,1552.5944860000068
2576.7481286885964,-0.0005198167730335763,0.020891367272059716,3.720514522875471,939.1387938616137,1552.2639721057135
2577.3582207166764,-0.0005224120313613611,0.020573421188382283,3.733163521683695,938.6302333742924,1551.9269448527953
2579.454796891,-0.0005292876506361918,0.01947039952520986,3.775142937093666,936.9152432182824,1550.721254380016
2581.5513730653242,-0.0005330873105315041,0.018356187094056228,3.8147980524161023,935.2508209591964,1549.4465555013649
2582.1614650934043,-0.0005336319292729426,0.0180307804983913,3.8258975178326327,934.7759724031569,1549.0635226445302
2582.7715571214844,-0.0005339306996469858,0.01770510601886924,3.836798836809681,934.3053470212501,1548.6752801819805
2584.868133295808,-0.0005331275831580837,0.01658604785365565,3.8727450541735045,932.7201081307215,1547.3033889563558
2586.964709470132,-0.0005296133090361435,0.015471515557587016,3.906349825265164,931.1834795590522,1545.8771775172706
2587.5748014982123,-0.0005281046409881613,0.015148858324161577,3.9156901800607664,930.7452610563843,1545.4527215790793
2588.1848935262924,-0.0005263851011745669,0.014827172661624493,3.9248343786880353,930.310971356673,1545.0242221922458
2590.281469700616,-0.0005189261745133553,0.01373099034907042,3.954768414512377,928.8479343766837,1543.5226386152783
2592.37804587494,-0.0005092066772370264,0.012652815973686277,3.9824230981235083,927.4287009080714,1541.9795251686319
2592.9881379030203,-0.0005059800903466868,0.012343135602595798,3.990047728608633,927.0236135492771,1541.5233392020111
2593.5982299311004,-0.0005025825144634474,0.012035461637435517,3.9974843608525927,926.6219658941507,1541.0641039780576
2595.694806105424,-0.0004896667417788594,0.010994988288168176,4.021621850812967,925.267101369846,1539.4641961332788
2597.791382279748,-0.000474975076816197,0.009983455486903504,4.043608247170954,923.949467378338,1537.8334450744055
2598.4014743078283,-0.00047039357274757435,0.009695075220411659,4.049610817013317,923.5726400784083,1537.3536477077212
2599.0115663359084,-0.0004656825087323384,0.009409515094444687,4.055438553691866,923.1986549949264,1536.8716191542926
2601.108142510232,-0.0004485703687309878,0.008450890345380503,4.074154900541949,921.9341569814403,1535.1993425295689
2603.204718684556,-0.0004301741410714814,0.007529488595129756,4.090900438009248,920.6994920482821,1533.5048900413897
2603.8148107126362,-0.00042460701861747456,0.007268743801705066,4.0954143017659375,920.345395685018,1533.0080775789895
2604.4249027407163,-0.00041895179619680687,0.007011408040659033,4.099770293961989,919.9935072293705,1532.5096906184694
2606.52147891504,-0.00039891111253884603,0.006153912521222894,4.113563855400291,918.8000744666855,1530.785957794317
2608.618055089364,-0.00037807155338881714,0.005339271273322655,4.1256045357852855,917.6289971594118,1529.0469405725041
2609.228147117444,-0.0003718837473067704,0.005110505026633881,4.128791940612462,917.2920123407042,1528.538364013542
2609.8382391455243,-0.00036564799447336583,0.0048855150350520056,4.131841020206913,916.9566185708117,1528.0287318104542
2611.934815319848,-0.00034391583381862144,0.004141628293334333,4.141296044168025,915.8152120872014,1526.270102984077
2614.031391494172,-0.00032184349889959496,0.0034436612824907797,4.1492395900168955,914.6891423795495,1524.5016037179544
2614.641483522252,-0.0003153809632233354,0.003249284444824979,4.151281017536514,914.3639731269618,1523.9853912217018
2615.2515755503323,-0.0003089073573125434,0.0030588416755303787,4.153205079235809,914.039833070442,1523.468529172432
2617.348151724656,-0.00028663302652150673,0.002434555768060533,4.158955595748778,912.9329148088598,1521.6879831405618
2619.44472789898,-0.00026442727798800915,0.0018568977978626131,4.163446128813347,911.8351259677938,1519.901788644934
2620.05481992706,-0.0002579993935822429,0.0016975403200826275,4.1645302015470405,911.5170721916174,1519.3811609531585
2620.6649119551403,-0.000251592337750607,0.0015420879712243092,4.165518204501628,911.1995637359021,1518.8601993499935
2622.761488129464,-0.00022978155175797687,0.0010375413227956644,4.168214485147058,910.1118754197516,1517.0678376314395
2624.858064303788,-0.00020838209590394674,0.0005782914561382599,4.169900429387273,909.0281161760897,1515.2730956465684
2625.468156331868,-0.00020224926016471065,0.0004530369617941003,4.170214874738379,908.7132271020326,1514.7505471991904
2626.0782483599482,-0.00019616316089119114,0.0003315018743889542,4.170453950687877,908.398488547404,1514.227907804337
2628.174824534272,-0.00017564318604526043,-5.813954734225654e-05,4.1707331211142264,907.3174520077177,1512.431524875813
2630.271400708596,-0.00015580284780842673,-0.00040547173367467805,4.170239730886687,906.2362230936621,1510.6352577968526
2630.881492736676,-0.00015016983960763842,-0.0004988006641472986,4.169963766400255,905.9213562894532,1510.1126956350397
2631.491584764756,-0.00014460301548798273,-0.0005887187863879216,4.169631779129432,905.606336236634,1509.5902260039331
2633.58816093908,-0.00012600548840779288,-0.0008722423572275767,4.168093618088248,904.5221594359466,1507.795736518802
2635.684737113404,-0.00010827852399568659,-0.0011176873963636407,4.166000945554741,903.4347270431093,1506.0032188233677
2636.294829141484,-0.00010329207498808646,-0.0011822198308018691,4.165299283955697,903.1175365955228,1505.4820637187238
2636.904921169564,-9.838476054604433e-05,-0.0012437376585112622,4.164559022650158,902.7999754902389,1504.9611346819083
2639.001497343888,-8.214220324006058e-05,-0.0014328095900597512,4.161747461018849,901.7055423734041,1503.172882439727
2641.098073518212,-6.688601982567075e-05,-0.001588861766950468,4.158574109896066,900.6057632988309,1501.387913884417
2641.708165546292,-6.263628797802446e-05,-0.0016283664248880115,4.1575926555962095,900.2846382217207,1500.8691739721812
2642.318257574372,-5.8472543843620045e-05,-0.001665306018816557,4.156587720610659,899.9630023294228,1500.350750881366
2644.414833748696,-4.4828090835602886e-05,-0.0017734142125953015,4.1529781425111345,898.8536154709486,1498.5717375366937
2646.51140992302,-3.2217500297090173e-05,-0.001853999556996298,4.1491707592234075,897.7376390999766,1496.7968509848006
2647.1215019511,-2.8742997809022002e-05,-0.00187259058467301,4.148033954112386,897.4116101993458,1496.2811790891699
2647.73159397918,-2.5355948435210756e-05,-0.0018890882305083153,4.146886280727045,897.0849959028174,1495.7658779091234
2649.828170153504,-1.4383601109311884e-05,-0.0019305680188290196,4.142878348721569,895.9580308651382,1493.9979480864674
2651.924746327828,-4.434110333201887e-06,-0.0019501156935058546,4.13880644235364,894.8239328572237,1492.234585671912
2652.534838355908,-1.7289653259165282e-06,-0.0019519919302452456,4.137616119393325,894.4925632472042,1491.7223294305975
2653.144930383988,8.917320120773723e-07,-0.001952241858493299,4.136424988742981,894.1605865104659,1491.2104664530345
2655.241506558312,9.260131011193826e-06,-0.0019414312050826125,4.132340409005074,893.0151062240544,1489.454476624494
2657.338082732636,1.666366352204512e-05,-0.001914087023758491,4.128295826525885,891.8624980036743,1487.7031570844854
2657.948174760716,1.8641116534528917e-05,-0.0019033146000642523,4.127131360714682,891.5257693109561,1487.1944076326095
2658.558266788796,2.054059784911699e-05,-0.0018913568170421226,4.125973681612755,891.1884519894326,1486.6860481834356
2660.65484296312,2.6484991050003933e-05,-0.0018419081096108017,4.122058126716156,890.0248185580631,1484.942034770856
2662.751419137444,3.155743236021022e-05,-0.0017809105858032654,4.118258351288032,888.8544658160198,1483.202522967535
2663.361511165524,3.287561241434451e-05,-0.0017612535918636566,4.117177858498421,888.5126689540464,1482.6971645911992
2663.971603193604,3.412475059219686e-05,-0.0017408100417731084,4.116109467890456,888.1703304863746,1482.1921728048785
2666.0681793679278,3.790583902555909e-05,-0.0016651691802841632,4.11253777385323,886.9898411367595,1480.4595241860338
2668.164755542252,4.093110957059766e-05,-0.001582393293761211,4.109132146205749,885.8033141367134,1478.7310040916057
2668.774847570332,4.1676369156234205e-05,-0.0015571930603146564,4.108174466524277,885.456950568754,1478.2287646548943
2669.384939598412,4.236302396164811e-05,-0.0015315522459010142,4.107232184958841,885.1101106582756,1477.7268538893375
2671.4815157727357,4.4292735919356496e-05,-0.0014406024737199513,4.104115918576889,883.9146747980053,1476.0044832697213
2673.57809194706,4.5595303019581256e-05,-0.0013462643419080724,4.101193887297385,882.7140440699955,1474.285729354592
2674.18818397514,4.586386125333937e-05,-0.001318364621073885,4.100381095800246,882.3637409143575,1473.7862297253582
2674.79827600322,4.60849093080734e-05,-0.0012903116632387366,4.099585282562175,882.013036296979,1473.2870117281468
2676.8948521775437,4.649991325917245e-05,-0.00119316958783425,4.096981817421146,880.804902458995,1471.5735236966073
2678.991428351868,4.641977361588779e-05,-0.0010956764781650645,4.094582386025971,879.5924859995747,1469.8630628144851
2679.601520379948,4.6310725941032644e-05,-0.0010673894974867822,4.0939225952851315,879.2389263012379,1469.365862916884
2680.211612408028,4.616521711585615e-05,-0.001039176401965867,4.093279970581325,878.8850427316403,1468.8688933535957
2682.3081885823517,4.5404461875861946e-05,-0.0009431208236087596,4.091202297954794,877.6665779336872,1467.1627359252323
2684.404764756676,4.4276395060191816e-05,-0.0008490452749113732,4.08932393752375,876.4447405545269,1465.4589917518306
2685.014856784756,4.3886011851231334e-05,-0.0008221521991636043,4.088814187616931,876.0886085974568,1464.9636310251826
2685.624948812836,4.346960630756191e-05,-0.0007955017521760514,4.088320721537281,875.7322277986345,1464.4684491983974
2687.7215249871597,4.185637675547677e-05,-0.0007060119741804781,4.086747339185639,874.5057475537863,1462.7680443487945
2689.818101161484,3.999378965136723e-05,-0.0006201658533787523,4.0853577593679535,873.2767494270794,1461.0694582173114
2690.428193189564,3.94111457396815e-05,-0.0005959445111870969,4.084986828310939,872.9186900403503,1460.5754888692716
2691.038285217644,3.881190456097429e-05,-0.0005720806247763446,4.084630533827943,872.5604504935422,1460.0816500993205
2693.1348613919677,3.6640476697264956e-05,-0.0004929594139882529,4.083514887046552,871.3280951126933,1458.3854982113512
2695.231437566292,3.432379276862548e-05,-0.0004185430373259313,4.082560191889013,870.0939845168641,1456.6906228362031
2695.841529594372,3.362771421329815e-05,-0.00039781570699902496,4.082311198488584,869.7345748267353,1456.1976350747982
2696.451621622452,3.292317583043909e-05,-0.00037751303240534685,4.0820747048647705,869.3750448172087,1455.7047350175194
2698.5481977967756,3.0449848423035148e-05,-0.0003110698180915462,4.081353788164098,868.138696335327,1454.011491444723
2700.6447739710998,2.7919124914811234e-05,-0.00024987229074014983,4.080766675732346,866.9012406759211,1452.3190567745166
2701.25486599918,2.7176322464738826e-05,-0.00023306674078807428,4.080619384954478,866.5409725480445,1451.8266959856296
2701.86495802726,2.6431773543007655e-05,-0.00021671281188905892,4.080482205770933,866.1806336998438,1451.334386934059
2703.9615342015836,2.3869838046866794e-05,-0.00016398453959757102,4.080084061296939,864.9418673049217,1449.6429114320356
2706.0581103759077,2.1321112105931324e-05,-0.0001166137128080881,4.079790849516046,863.7025162629596,1447.9518642250598
2706.668202403988,2.058536955433705e-05,-0.00010383141424374251,4.07972362546123,863.3417876500648,1447.4598407035187
2707.278294432068,1.9853127752928212e-05,-9.149533341092135e-05,4.07966407003357,862.9810271685428,1446.9678405418751
2709.3748706063916,1.7371203672123187e-05,-5.2485160352224076e-05,4.079514033919825,861.7410910576572,1445.2772222889466
2711.4714467807157,1.4955960460228846e-05,-1.8608629427302734e-05,4.079440404069575,860.5009658841118,1443.5867427075261
2712.081538808796,1.4268172571427108e-05,-9.694976683665429e-06,4.079431786150908,860.1400793608163,1443.094834993553
2712.691630836876,1.3587721876829597e-05,-1.19759025852046e-06,4.079428493041117,859.77918927523,1442.6029298923393
2714.7882070111996,1.1310815940426747e-05,2.488507709467098e-05,4.0794541393372565,858.5390071589486,1440.9124920865204
2716.8847831855237,9.137926611365102e-06,4.630307708076622e-05,4.079529580017096,857.2989104859138,1439.2219916011475
2717.494875213604,8.526820321661715e-06,5.169068526118041e-05,4.079559483163101,856.9380773624911,1438.7300447135635
2718.104967241684,7.925583730440413e-06,5.670915462595246e-05,4.079592579105012,856.5772591742874,1438.2380868726561
2720.2015434160076,5.9382219211909114e-06,7.122025392191985e-05,4.079727390722644,855.3374500591411,1436.5473754808932
2722.2981195903317,4.077712710791656e-06,8.169767586705357e-05,4.079888397509406,854.0978910309286,1434.856480730631
2722.9082116184118,3.561044518803846e-06,8.402702699793647e-05,4.079938956897399,853.737239567347,1434.3644006507225
2723.518303646492,3.0556387257452604e-06,8.604491240975001e-05,4.079990863521205,853.3766128408021,1433.872302442461
2725.6148798208155,1.4064657488823155e-06,9.069850516272085e-05,4.080176720500671,852.1375231800837,1432.1810637082529
2727.7114559951397,-1.0546511821840332e-07,9.203835041378257e-05,4.080368860329794,850.8987531834044,1430.489590818952
2728.3215480232197,-5.193761714355084e-07,9.184707082432331e-05,4.0804249555200345,850.5383395662184,1429.997336507294
2728.9316400513,-9.215941390381057e-07,9.140684719198344e-05,4.0804808800549575,850.1779531406864,1429.5050622878034
2731.0282162256235,-2.214301916115408e-06,8.809550938434355e-05,4.0806694985842595,848.9396969440822,1427.8132132309074
2733.1247923999476,-3.3695551285266734e-06,8.221800323358547e-05,4.080848484557903,847.7017517333261,1426.1211366073146
2733.7348844280277,-3.680136719685246e-06,8.00670007058334e-05,4.080897987389049,847.3415726316922,1425.6287106766922
2734.344976456108,-3.979354694247568e-06,7.77297612093471e-05,4.080946142490878,846.9814172899153,1425.1362673673666
2736.4415526304315,-4.921760747463389e-06,6.837614915987283e-05,4.081099625008123,845.7439203275973,1423.4438628912094
2738.5381288047556,-5.734362199713771e-06,5.718278364953841e-05,4.0812315683735605,844.5066649046325,1421.7512818237215
2739.1482208328357,-5.947043773632465e-06,5.361904184581195e-05,4.081265364040848,844.1466705890899,1421.2587207868405
2739.758312860916,-6.149265189708037e-06,4.992834809171483e-05,4.0812969664897345,843.7866921848578,1420.7661481205885
2741.8548890352395,-6.766043052171328e-06,3.636902730893985e-05,4.081387635587668,842.5497370129714,1419.073347614957
2743.9514652095636,-7.266305172232003e-06,2.1638726819601322e-05,4.081448649012628,841.31291022784,1417.3804533006828
2744.5615572376437,-7.390849426705825e-06,1.716737992779512e-05,4.081460481012862,840.9530174147772,1416.8878180953345
2745.1716492657238,-7.5062233024490844e-06,1.2622352036175222e-05,4.081469579908412,840.593129643553,1416.39517920643
2747.2682254400474,-7.83494930947945e-06,-3.4770214224765373e-06,4.081479269017334,839.3563988048767,1414.702214798217
2749.3648016143716,-8.064055946503157e-06,-2.016116419652027e-05,4.08145459155673,838.1196552789678,1413.009259658474
2749.9748936424517,-8.113016908908639e-06,-2.5096038298401504e-05,4.081440779405924,837.7597590495876,1412.5166269485483
2750.5849856705318,-8.154329292866036e-06,-3.005900005998332e-05,4.081423962413934,837.3998552318893,1412.0239997829651
2752.6815618448554,-8.24043236296029e-06,-4.725956540903991e-05,4.0813429270081985,836.1629706260466,1410.3311477138511
2754.7781380191796,-8.245649194432546e-06,-6.455586032302946e-05,4.081225728954801,834.9259182377965,1408.6384182510305
2755.3882300472596,-8.233037419308602e-06,-6.958264179456657e-05,4.081184803531033,834.565902565159,1408.1458728229752
2755.9983220753397,-8.214386275974805e-06,-7.460044846899088e-05,4.081140825472603,834.205865996577,1407.6533426705662
2758.0948982496634,-8.106807112984023e-06,-9.17205563025312e-05,4.08096642242161,832.9684230401142,1405.9608987038655
2760.1914744239875,-7.937440150856228e-06,-0.00010855034481232401,4.080756430098716,831.7306548255159,1404.2686926059525
2760.8015664520676,-7.87759714143108e-06,-0.00011337460527091656,4.080688725859016,831.3704014181759,1403.7763210327346
2761.4116584801477,-7.813307311425466e-06,-0.00011816153874634065,4.080618098196194,831.0101140132244,1403.283974338703
2763.5082346544714,-7.560946316587092e-06,-0.00013428578266484157,4.080353360272191,829.771709791655,1401.5922336306853
2765.6048108287955,-7.26510304998695e-06,-0.00014983535058674496,4.080055419068557,828.53282966937,1399.9008414069824
2766.2149028568756,-7.171825038806815e-06,-0.00015423916673110394,4.0799626558859785,828.1722249972743,1399.408727035826
2766.8249948849557,-7.075583713671997e-06,-0.0001585856621439777,4.079867229090014,827.811574109011,1398.916646536565
2768.9215710592794,-6.724556186700363e-06,-0.0001730568704870393,4.079519438679187,826.5718292350309,1397.225888047156
2771.0181472336035,-6.346707305619304e-06,-0.00018676400637452565,4.079142109245782,825.3314714457139,1395.535579156695
2771.6282392616836,-6.232585077744863e-06,-0.0001906011201503492,4.079026989768096,824.9704119472252,1395.043798390065
2772.2383312897637,-6.1168216425112614e-06,-0.00019436853488672906,4.07890955370288,824.6092953748104,1394.552059534668
2774.3349074640873,-5.70848998769992e-06,-0.00020676702976836728,4.078488896230205,823.3678696911394,1392.862534786791
2776.4314836384115,-5.287786317583631e-06,-0.00021829645679504722,4.078043155402038,822.1257122277997,1391.173547988086
2777.0415756664916,-5.1637748721467255e-06,-0.0002214844929614548,4.077908997099825,821.7641078022716,1390.6821677654693
2777.6516676945716,-5.0392382297177304e-06,-0.00022459706302572306,4.077772917854709,821.4024371009765,1390.1908363248142
2779.7482438688953,-4.608955148738831e-06,-0.00023471122772284126,4.07729127274905,820.1590396931502,1388.5027621360234
2781.8448200432194,-4.178222673087174e-06,-0.0002439228000690823,4.076789368703468,818.9148122878906,1386.8152996281553
2782.4549120712995,-4.053386434209668e-06,-0.00024643364189943227,4.076639783498402,818.5525882549725,1386.3243759747804
2783.0650040993796,-3.928925245827583e-06,-0.0002488687117352559,4.076488688895489,818.1902905367176,1385.833506700742
2785.1615802737033,-3.5053971903225613e-06,-0.00025666047819469996,4.0759585951483315,816.944684749724,1384.1470613905435
2787.2581564480274,-3.090713191211531e-06,-0.0002635735569427742,4.075413086487115,815.6981721740548,1382.4612862171311
2787.8682484761075,-2.9721480404254355e-06,-0.0002654228349710178,4.075251715274827,815.3352699300153,1381.9708637009487
2788.4783405041876,-2.854633439690696e-06,-0.00026720029757562125,4.07508923578884,814.972288388659,1381.480499875136
2790.5749166785113,-2.4597999710716507e-06,-0.0002727686334225761,4.074523051015296,813.7242926777986,1379.7958223838127
2792.6714928528354,-2.080542683827048e-06,-0.00027752549915177664,4.073946042455939,812.4753342174282,1378.111858521302
2793.2815848809155,-1.9734122040086006e-06,-0.00027876198167787694,4.07377634711274,812.1117108430644,1377.6219704480302
2793.8916769089956,-1.8678024216400013e-06,-0.00027993369866620714,4.073605914317581,811.7480042603954,1377.132144149242
2795.9882530833193,-1.5171217406746557e-06,-0.0002834785899908811,4.073015171124569,810.4974897626319,1375.4493354785525
2798.0848292576434,-1.1863841498007775e-06,-0.00028630915865881124,4.072417744612791,809.2459757561478,1373.7672700187059
2798.6949212857235,-1.0940697608264873e-06,-0.00028700466054264537,4.072242856271788,808.8816028343311,1373.2779391938118
2799.3050133138036,-1.0035534514072122e-06,-0.00028764445925733993,4.072067557228925,808.5171443241359,1372.7886721135285
2801.4015894881272,-7.06586782621958e-07,-0.0002894332951253841,4.071462508785274,807.2640300261478,1371.107798507662
2803.4981656624514,-4.318493085363424e-07,-0.00029062282035107536,4.070854338161165,806.0098963256476,1369.4276853631245
2804.1082576905314,-3.561524622501586e-07,-0.00029086307863753446,4.07067695766466,805.6447582137764,1368.9389252570595
2804.7183497186115,-2.823729889601513e-07,-0.00029105775684413625,4.070499440891568,805.2795334470279,1368.4502299005408
2806.814925892935,-4.3567777720794e-08,-0.00029139545813634284,4.069888778820643,804.0237797660233,1366.771327219941
2808.9115020672593,1.7246584616015072e-07,-0.00029125635729611396,4.069277908559228,802.7670009024336,1365.093191824346
2809.5215940953394,2.3106426121121675e-07,-0.0002911331674144251,4.069100252992471,802.4010926806274,1364.6050079911624
2810.1316861234195,2.8776265471441344e-07,-0.0002909747827903465,4.068922679741267,802.0350978093695,1364.1168891161562
2812.228262297743,4.6817906945554386e-07,-0.0002901785067260731,4.068313401600415,800.7766993080173,1362.4399679107353
2814.3248384720673,6.26666243841236e-07,-0.0002890269620666213,4.067706165336819,799.5172810396258,1360.7638124447112
2814.9349305001474,6.687451437741401e-07,-0.00028863173171242353,4.067529953337118,799.1506063236743,1360.2762040626349
2815.5450225282275,7.090392722058665e-07,-0.00028821131938329425,4.067353986784975,798.783845788766,1359.7886602265426
2817.641598702551,8.341303870361697e-07,-0.0002865901285573147,4.066751387127091,797.5228236304035,1358.1137110824095
2819.7381748768753,9.391633378786693e-07,-0.00028472770141472077,4.06615243930442,796.260795433316,1356.43951982825
2820.3482669049554,9.66085356985193e-07,-0.000284146464874515,4.065978907309083,795.8933642059237,1355.9524812521388
2820.9583589330355,9.914148485267923e-07,-0.0002835492141376568,4.065805731800346,795.5258485781038,1355.4655063600783
2823.054935107359,1.066629903737405e-06,-0.00028138873422022144,4.06521348973132,794.2622432046176,1353.792505169606
2825.1515112816833,1.1243528926271237e-06,-0.0002790888969348249,4.064625923359681,792.9976511394499,1352.1202496747642
2825.7616033097634,1.1380210066214593e-06,-0.00027839874128599235,4.06445586498253,792.6294777171752,1351.6337719131225
2826.3716953378434,1.150330508816156e-06,-0.0002777005743126695,4.064286227543707,792.2612216848679,1351.1473566821423
2828.468271512167,1.1826688163547292e-06,-0.0002752523805105468,4.063706564363776,790.9950860768075,1349.4762695658117
2830.5648476864912,1.2004782807996687e-06,-0.0002727516173964559,4.06313208911642,789.7279863454512,1347.805913373875
2831.1749397145713,1.2031018875986087e-06,-0.000272018404215154,4.062965910299311,789.3590875642792,1347.3199854258223
2831.7850317426514,1.2046276798481892e-06,-0.0002712838339251124,4.062800177145444,788.9901081473771,1346.8341187031494
2833.881607916975,1.201903337931203e-06,-0.00026875910056076445,4.062234059660531,787.7215019109794,1345.164906388599
2835.978184091299,1.1877571337502125e-06,-0.00026625205238891474,4.061673216932257,786.4519553068627,1343.4964091717109
2836.5882761193793,1.1816683511571222e-06,-0.000265529272227205,4.061511000282812,786.082348978147,1343.0110191808112
2837.1983681474594,1.174741339339802e-06,-0.0002648103727995842,4.0613492218261475,785.7126640162577,1342.525689075355
2839.294944321783,1.144966983770173e-06,-0.00026237718680261634,4.060796589828204,784.4416484399128,1340.8583106106637
2841.391520496107,1.1068167083793932e-06,-0.000260015205387109,4.0602489845471315,783.1697157988157,1339.1916316060413
2842.0016125241873,1.0943057500146384e-06,-0.0002593437756804616,4.060090557235044,782.7994194604244,1338.706767807297
2842.6117045522674,1.0812084525144561e-06,-0.00025868007426168275,4.059932536083831,782.4290463976779,1338.2219626127169
2844.708280726591,1.0321056399784226e-06,-0.00025646374320422696,4.059392535959162,781.1556805337732,1336.5563783543
2846.804856900915,9.774562422472983e-07,-0.00025435617435281074,4.058857068527255,779.8814192120826,1334.891479067125
2847.4149489289953,9.606612212837211e-07,-0.0002537649810713914,4.058702069171213,779.5104491774783,1334.4071305200384
2848.0250409570754,9.435040386197652e-07,-0.0002531840708766741,4.05854742667207,779.1394041444453,1333.9228394239633
2850.121617131399,8.821393166964882e-07,-0.00025126973909852255,4.058018636787878,777.8637419027101,1332.2590132926982
2852.218193305723,8.17731934799846e-07,-0.0002494872527185025,4.057493722234119,776.5872032467219,1330.5958594766532
2852.8282853338033,7.985463121536459e-07,-0.0002489942394558726,4.057341663288593,776.2155739375196,1330.1120165907237
2853.4383773618833,7.791965468152453e-07,-0.00024851291884703876,4.057189901240739,775.8438711141413,1329.6282301777933
2855.534953536207,7.117352493388366e-07,-0.0002469498302385832,4.05667053842491,774.5659592995421,1327.966131219169
2857.631529710531,6.433434760987369e-07,-0.00024552915478576377,4.0561543034534,773.2871870226214,1326.3046941837433
2858.2416217386112,6.233733935845418e-07,-0.00024514277628068725,4.056004626635086,772.9149105576953,1325.8213490529442
2858.8517137666913,6.033979930321931e-07,-0.00024476853296287725,4.055855181826968,772.5425617891772,1325.33805961918
2860.948289941015,5.34963237195905e-07,-0.00024357533526308249,4.0553432816960715,771.2624389801381,1323.6776629342849
2863.044866115339,4.67288673573505e-07,-0.0002425248193414278,4.054833733623433,769.9814683329884,1322.0179202548013
2863.654958143419,4.478200678304146e-07,-0.00024224569720904436,4.0546858568541495,769.6085543390624,1321.5350668246438
2864.2650501714993,4.2847366691297174e-07,-0.00024197837780978384,4.054538146997316,769.2355689689822,1321.0522685273484
2866.361626345823,3.630947616750032e-07,-0.00024114894067552112,4.054031713961489,767.9532651086506,1319.3935556619967
2868.458202520147,2.9974556336860006e-07,-0.00024045444767868668,4.053526878443461,766.6701227098672,1317.7354913849795
2869.068294548227,2.817523004055338e-07,-0.0002402770910377115,4.0533802335984905,766.2965783141514,1317.253125479906
2869.6783865763073,2.6396936087750004e-07,-0.00024011062187178465,4.053233694030424,765.9229631950614,1316.7708143511597
2871.774962750631,2.04602598475248e-07,-0.00023961993043976438,4.052730819422139,764.6384997574997,1315.1137732414772
2873.871538924955,1.481375438390895e-07,-0.00023925066412165962,4.052228846297317,763.3532039449128,1313.4573776857326
2874.481630953035,1.3228907615511795e-07,-0.00023916514503167618,4.052082907718222,762.9790339091387,1312.9754969262772
2875.0917229811153,1.1671164747506801e-07,-0.00023908919690449212,4.05193701889944,762.604793550045,1312.4936707795055
2877.188299155439,6.531603128929879e-08,-0.00023889897640274287,4.0514359677921385,761.3181841424622,1310.8382953553376
2879.284875329763,1.733710240753287e-08,-0.00023881292905275484,4.050935206293131,760.0307457082943,1309.1835646094826
2879.894967357843,4.037465263484992e-09,-0.0002388064296934114,4.050789510546543,759.6559526648099,1308.7021682482518
2880.5050593859232,-8.963210891592794e-09,-0.00023880794679309703,4.050643816883258,759.2810894764589,1308.2208265067918
2882.601635560247,-5.131170380751732e-08,-0.0002388717657617183,4.05014308577939,757.9923407456462,1306.5671160509235
2884.698211734571,-9.003432176526233e-08,-0.00023902057061008118,4.049642131784505,756.7027639280088,1304.9140512626864
2885.308303762651,-1.0061774794822045e-07,-0.00023907874496292768,4.049496289527205,756.327348681774,1304.4331399663126
2885.918395790731,-1.1089309080585215e-07,-0.00023914328321536117,4.049350410414078,755.9518632840307,1303.9522834408256
2888.014971965055,-1.4386377844300462e-07,-0.00023941096834761877,4.04884875911356,754.6609760079127,1302.3002417938737
2890.111548139379,-1.7324838449310595e-07,-0.00023974401979141995,4.0483464780680425,753.3692596255919,1300.6488483369324
2890.721640167459,-1.8113300629270346e-07,-0.0002398521355848823,4.048200179124914,752.993221490379,1300.1684239381182
2891.331732195539,-1.887237927399051e-07,-0.00023996497876816348,4.048053813334728,752.6171130505626,1299.6880545765907
2893.428308369863,-2.125828986865226e-07,-0.00024038624999539666,4.047550274989106,751.3240833122529,1298.0376892660527
2895.524884544187,-2.3308680111875354e-07,-0.0002408540264358238,4.047045804665403,750.030221947156,1296.387975857937
2896.134976572267,-2.384407852230306e-07,-0.00024099787309456744,4.046898817556492,749.6535590894804,1295.9080410980227
2896.745068600347,-2.435242022096074e-07,-0.0002411449143396094,4.046751742221259,749.2768256657894,1295.4281617283389
2898.841644774671,-2.589865260984446e-07,-0.0002416722125463111,4.046245615895346,747.981646025993,1293.779483087064
2900.938220948995,-2.7145999672292987e-07,-0.00024222879551360636,4.045738353349707,746.6856311764662,1292.1314609180192
2901.548312977075,-2.745508448666052e-07,-0.00024239535993237707,4.0455905205346525,746.3083409462877,1291.6520191964876
2902.158405005155,-2.774084891821647e-07,-0.00024256375214405952,4.045442585984906,745.9309798159782,1291.1726332775365
2904.254981179479,-2.854972722955109e-07,-0.00024315428292076872,4.0449334160531905,744.6336404185869,1289.5256536029647
2906.351557353803,-2.910483593539093e-07,-0.0002437591122108892,4.044422993039753,743.3354615656817,1287.8793355217665
2906.961649381883,-2.922142062995034e-07,-0.00024393703676484562,4.044274223102188,742.9575407983625,1287.400390665063
2907.571741409963,-2.931846321426437e-07,-0.0002441156274334556,4.044125344778124,742.5795487557592,1286.9215020583147
2909.668317584287,-2.9510565008080604e-07,-0.00024473268256463085,4.043612891247303,741.2800383198403,1285.2762348501647
2911.764893758611,-2.9498083807097965e-07,-0.0002453516206370827,4.0430991420395275,739.97968386647,1283.6316346394951
2912.374985786691,-2.9458737728212715e-07,-0.0002455314665998768,4.042949399930822,739.6011291455652,1283.1531906977327
2912.985077814771,-2.9404299956202635e-07,-0.00024571104108174794,4.04279954847033,739.2225027600198,1282.6748034674422
2915.081653989095,-2.9107660061650916e-07,-0.00024632468574813647,4.042283751909004,737.920809428254,1281.031262768814
2917.178230163419,-2.865604752573631e-07,-0.00024693048657343434,4.041766677017493,736.6182674872807,1279.3883945306134
2917.788322191499,-2.849829465948427e-07,-0.00024710483182791145,4.0416159733368735,736.239075362263,1278.9104556072732
2918.398414219579,-2.832931915877511e-07,-0.0002472781943123735,4.041465163799918,735.8598111906322,1278.4325738540656
2920.4949903939028,-2.767063349033122e-07,-0.0002478654234865566,4.040946108033727,734.5559232189992,1276.7907737096582
2922.591566568227,-2.6904148211248884e-07,-0.0002484377127634748,4.040425836758154,733.2511822401117,1275.1496513702482
2923.201658596307,-2.6663306303447397e-07,-0.0002486011153164268,4.040274216881606,732.8713493969776,1274.6722214870376
2923.811750624387,-2.641530433055674e-07,-0.00024876303925662556,4.040122497904127,732.4914441489547,1274.1948492167346
2925.9083267987107,-2.5513165606946206e-07,-0.0002493075130446694,4.039600373053707,731.185350434757,1272.5548032523611
2928.004902973035,-2.4545878469559316e-07,-0.00024983238986411394,4.039077127215782,729.8783996712955,1270.915440188333
2928.614995001115,-2.425444422081773e-07,-0.00024998124915857954,4.038924660913295,729.4979230570962,1270.4385231849255
2929.225087029195,-2.3958970223705707e-07,-0.00025012832897038865,4.038772104410809,729.1173737147393,1269.9616642121032
2931.3216632035187,-2.2919063329312147e-07,-0.00025061979541860733,4.038247172256136,727.8090641697512,1268.3233853320346
2933.418239377843,-2.185076329348479e-07,-0.0002510891617847236,4.037721232871866,726.4998939953296,1266.6857941109895
2934.028331405923,-2.1536360535416885e-07,-0.00025122150820846423,4.037568004882979,726.1187709000164,1266.2093935775142
2934.638423434003,-2.122100289896701e-07,-0.00025135194248431376,4.037414696755381,725.7375747950828,1265.7330514614732
2936.7349996083267,-2.0133079506750264e-07,-0.0002517854493863141,4.03688725983935,724.4270405777619,1264.0965516543902
2938.831575782651,-1.9046883166905098e-07,-0.0002521961652501624,4.036358937934647,723.115642668746,1262.4607438795533
2939.441667810731,-1.8732676898702923e-07,-0.00025231140550057704,4.036205039814598,722.7338707693485,1261.9848631183415
2940.051759838811,-1.8419524397519477e-07,-0.00025242473891319274,4.036051071947797,722.3520256235963,1261.509041127888
2942.1483360131347,-1.735593337215631e-07,-0.0002527997250976095,4.035521447310658,721.0392592490684,1259.8743313682226
2944.244912187459,-1.6317341682965099e-07,-0.0002531526743510591,4.034991059587468,719.725626652885,1258.2403176126195
2944.855004215539,-1.6020855405896268e-07,-0.0002532513164763631,4.03483658299663,719.3432040260284,1257.764959624873
2945.465096243619,-1.5727362869219978e-07,-0.00025334816383786935,4.034682046719265,718.9607079605684,1257.2896607274995
2947.5616724179426,-1.474286217253724e-07,-0.00025366750682872017,4.034150544701712,717.6457033097589,1255.6567509565718
2949.658248592267,-1.3799999873369807e-07,-0.00025396664550288893,4.033618394337194,716.3298304209451,1254.0245407706213
2950.268340620347,-1.3534266268370373e-07,-0.0002540500233199403,4.033463425828516,715.9467555301482,1253.5497082632314
2950.878432648427,-1.3272417818172541e-07,-0.00025413179490998045,4.033308406866656,715.5636070503035,1253.0749351339027
2952.9750088227506,-1.2404998856959904e-07,-0.00025440087705779223,4.032775315042877,714.2463593004707,1251.4438343042411
2955.0715849970748,-1.1589751976576688e-07,-0.00025465232002003956,4.032241677558822,712.9282417666615,1249.8134362800834
2955.681677025155,-1.136268491359846e-07,-0.0002547223321530366,4.032086294823443,712.5445134308318,1249.3391316877558
2956.291769053235,-1.1140417893572683e-07,-0.00025479097517166246,4.03193086970425,712.1607113928993,1248.8648867324619
2958.3883452275586,-1.0412863887109323e-07,-0.0002550168154590776,4.031396441710578,710.8412168912804,1247.235602898814
2960.4849214018827,-9.742659316673422e-08,-0.0002552280032098436,4.030861555585616,709.5208514703219,1245.6070247751697
2961.095013429963,-9.558625253999279e-08,-0.0002552868778707032,4.03070582504556,709.1364688194957,1245.1332502932105
2961.705105458043,-9.379376467676928e-08,-0.0002553446445864911,4.030550058832186,708.7520123853959,1244.6595356826865
2963.8016816323666,-8.801312663436451e-08,-0.0002555351291735824,4.030014507640229,707.4302684860459,1243.032076124222
2965.8982578066907,-8.281292770244207e-08,-0.00025571410268008637,4.02947856914975,706.1076528734717,1241.4053249168521
2966.508349834771,-8.140739924620671e-08,-0.0002557641953421491,4.029322544737358,705.7226152972219,1240.9320825403902
2967.118441862851,-8.005132160286443e-08,-0.00025581344477189084,4.02916648993044,705.337503882382,1240.4589002498235
2969.2150180371746,-7.575340218024201e-08,-0.0002559766765914854,4.028629984969823,704.0135087639198,1238.8332716096388
2971.3115942114987,-7.200733260947323e-08,-0.00025613147599324476,4.0280931466208605,702.6886414074528,1237.2083537542535
2971.921686239579,-7.101915486736661e-08,-0.00025617510381109615,4.0279368695550435,702.3029485006091,1236.7356453202185
2972.531778267659,-7.00742342997166e-08,-0.0002562181403463924,4.027780565968668,701.9171817196263,1236.2629971713418
2974.6283544419825,-6.716242898095616e-08,-0.0002563619170907643,4.027243233425146,700.5909341987808,1234.6392056014024
2976.7249306163067,-6.474751875184499e-08,-0.0002565001099026835,4.0267056052962955,699.2638141135958,1233.0161270980052
2977.3350226443868,-6.413386157729443e-08,-0.0002565394238163444,4.0265491046530295,698.8774656230527,1232.5439543268214
2977.945114672467,-6.356060401968882e-08,-0.0002565783735424546,4.026392580062016,698.4910432368165,1232.071842029416
2980.0416908467905,-6.18772332661315e-08,-0.0002567097944151316,4.025854505651339,697.1625425896549,1230.4498933312943
2982.1382670211146,-6.061808461389149e-08,-0.0002568381306797691,4.025316158940347,695.8331691851159,1228.8286598811928
2982.7483590491947,-6.032764179049738e-08,-0.00025687502400051934,4.025159452815785,695.446164960628,1228.3570244157993
2983.358451077275,-6.006835484997437e-08,-0.0002569117472043379,4.0250027241734845,695.0590868277023,1227.8854496062986
2985.4550272515985,-5.941632046708786e-08,-0.00025703694189062955,4.024463957709011,693.7283326274246,1226.2653493603227
2987.5516034259226,-5.91058454846333e-08,-0.00025716112758981957,4.023924929822046,692.3967055530574,1224.6459664892966
2988.1616954540027,-5.907426481106487e-08,-0.0002571971781355702,4.023768026898082,692.0090455040715,1224.1748699297614
2988.771787482083,-5.9069284138788237e-08,-0.00025723321500436993,4.023611101936322,691.6213115382968,1223.7038342052906
2990.8683636564065,-5.9231223358553366e-08,-0.0002573571833629808,4.023071663058077,690.2883035156518,1222.0855878829198
2992.9649398307306,-5.964874558732477e-08,-0.0002574817591641249,4.022531963633946,688.95442253138,1220.4680610461428
2993.5750318588107,-5.981415358771893e-08,-0.00025751820099461335,4.022374864974926,688.566106591187,1219.9975049787338
2994.185123886891,-5.999629982125668e-08,-0.0002575547463798442,4.022217744017218,688.1777167266993,1219.5270099255147
2996.2817000612145,-6.075087151319321e-08,-0.00025768129419324225,4.02167762852167,686.8424546565307,1217.9106229817392
2998.3782762355386,-6.167719677648285e-08,-0.000257809604070894,4.021137245861835,685.5063195297948,1216.2949576479762
2998.9883682636187,-6.19738453909226e-08,-0.00025784732416562713,4.020979946794602,685.1173476275947,1215.8249436680978
2999.5984602916988,-6.228302943897021e-08,-0.0002578852267908246,4.020822624637636,684.7283017917924,1215.3549908836796
3001.6950364660224,-6.341809094056659e-08,-0.0002580169812896729,4.020281810931826,683.3907854070267,1213.7404688280067
3003.7916126403466,-6.464752452607836e-08,-0.000258151214460553,4.019740718394309,682.0523958373444,1212.126670542254
3004.4017046684266,-6.501962329673617e-08,-0.00025819076953377144,4.019583210349533,681.6627678782639,1211.6572002711146
3005.0117966965067,-6.53954330232829e-08,-0.00025823055075627747,4.019425678093835,681.2730659726989,1211.187791380345
3007.1083728708304,-6.671820228941548e-08,-0.00025836903926427314,4.0188841333871865,679.9332949052762,1209.5751398264172
3009.2049490451545,-6.806754089920086e-08,-0.00025851032891112256,4.018342295392427,678.5926504751536,1207.9632142515193
3009.8150410732346,-6.846106352151608e-08,-0.00025855197755953087,4.018184567611319,678.2023663277882,1207.4942893467687
3010.4251331013147,-6.885570931566286e-08,-0.0002585938649832244,4.018026814348084,677.8120082165105,1207.0254260117867
3012.5217092756384,-7.020002575088944e-08,-0.00025873964061379245,4.017484500284096,676.4699819633381,1205.4146507068513
3014.6182854499625,-7.151480805629081e-08,-0.0002588882037458926,4.016941877668287,675.1270821131593,1203.8046036457076
3015.2283774780426,-7.188976443055407e-08,-0.0002589319495039407,4.016783918703834,674.7361416038766,1203.3362258065856
3015.8384695061227,-7.225895306881154e-08,-0.0002589759209853341,4.0166259329897605,674.3451271084405,1202.8679097313902
3017.9350456804464,-7.348997207156295e-08,-0.0002591287205612628,4.016082810503723,673.000845019401,1201.259016567762
3020.0316218547705,-7.464822107489837e-08,-0.0002592840247783791,4.015539365036147,671.6556890430155,1199.6508539685312
3020.6417138828506,-7.496889638021176e-08,-0.00025932966602056404,4.0153811640010435,671.2640919560148,1199.183024936266
3021.2518059109307,-7.528339428356262e-08,-0.00025937550013670934,4.015222935075783,670.8724208561142,1198.7152578666396
3023.3483820852543,-7.629997225519002e-08,-0.00025953442112335273,4.014678968340577,669.5258821404523,1197.1082528779182
3025.4449582595785,-7.721381536415682e-08,-0.00025969536574741787,4.014134666294058,668.1784691975987,1195.5019808251657
3026.0550502876586,-7.745982335906722e-08,-0.00025974254895517747,4.0139762138279185,667.78621527957,1195.0347023795177
3026.6651423157386,-7.769497046102453e-08,-0.0002597898784351592,4.013817732548858,667.3938873181403,1194.567486099192
3028.7617184900623,-7.84301237482778e-08,-0.00025995356343035017,4.013272891937731,666.0450910651534,1192.9623754443967
3030.8582946643864,-7.904554568835297e-08,-0.0002601186642174625,4.012727706664382,664.6954202065576,1191.3580001394503
3031.4683866924665,-7.920087189219148e-08,-0.00026016693755872487,4.012568995610503,664.3025091747213,1190.8912740923565
3032.0784787205466,-7.934712815151587e-08,-0.0002602153027526777,4.0124102550969765,663.9095240662838,1190.4246104163924
3034.1750548948703,-7.976680012770747e-08,-0.00026038212175926475,4.01186451914956,662.5584692760987,1188.821400355367
3036.2716310691944,-8.006186282573594e-08,-0.0002605496900136961,4.011318432667957,661.206539477033,1187.2189280892424
3036.8817230972745,-8.012504623295148e-08,-0.0002605985547062115,4.011159458464969,660.8129710293409,1186.7527562765454
3037.4918151253546,-8.017649403945431e-08,-0.0002606474545379311,4.01100045445878,660.419328470373,1186.2866470429053
3039.5883912996783,-8.027692790639929e-08,-0.00026081567669595824,4.010453810885455,659.0660140906685,1184.6853439063384
3041.6849674740024,-8.025861241205477e-08,-0.00026098398493769684,4.009906814531319,657.7118242889217,1183.0847810285427
3042.2950595020825,-8.023089397769786e-08,-0.00026103294215855724,4.009747575337918,657.3175981152583,1182.619165300749
3042.9051515301626,-8.019505642254576e-08,-0.0002610818804273929,4.009588306299714,656.9232977954396,1182.1536123610058
3045.0017277044863,-7.999888416799889e-08,-0.0002612498279907241,4.009040752101336,655.5677227602469,1180.5542225182562
3047.0983038788104,-7.969874941652631e-08,-0.00026141725528133314,4.008492846333489,654.2112718947767,1178.9555754045584
3047.7083959068905,-7.959360353009035e-08,-0.00026146584670168707,4.008333342915638,653.8163876881057,1178.490517617516
3048.3184879349706,-7.947915272648352e-08,-0.00026151437176482554,4.008173809887721,653.4214293014013,1178.0255228275641
3050.4150641092942,-7.903034382525389e-08,-0.0002616805498011771,4.007625350704665,652.0635925685348,1176.428052655185
3052.5116402836184,-7.849900371279207e-08,-0.00026184570035899375,4.007076544193789,650.7048796155643,1174.8313276770998
3053.1217323116985,-7.832953210169705e-08,-0.000261893540436442,4.006916779613989,650.3093370821238,1174.3668296833434
3053.7318243397785,-7.815550837670634e-08,-0.0002619412764848671,4.006756985890247,649.9137203368243,1173.9023948948675
3055.828400514102,-7.751318519784482e-08,-0.00026210447208213986,4.006207634729172,648.55362092107,1172.3068507482935
3057.9249766884263,-7.681385333303277e-08,-0.00026226626123841305,4.005657942890449,647.1926449250108,1170.712054246539
3058.5350687165064,-7.660182381740831e-08,-0.0002623130596595049,4.005497922048271,646.7964437928409,1170.2481178879418
3059.1451607445865,-7.638473632882188e-08,-0.00026235972798448887,4.005337872701388,646.4001684198704,1169.7842449412385
3061.24173691891,-7.561661955816826e-08,-0.00026251907439400497,4.00478764821884,645.0378054197569,1168.1906331315538
3063.3383130932343,-7.481874623148981e-08,-0.00026267677919475726,4.0042370913752805,643.674565517082,1166.5977713951597
3063.9484051213144,-7.458182103888676e-08,-0.0002627223531138984,4.004076820454387,643.2777055424032,1166.134398497316
3064.5584971493945,-7.434491556465734e-08,-0.00026276778329570744,4.003916521775657,642.8807713014337,1165.6710892158958
3066.655073323718,-7.352162198292418e-08,-0.0002629227904856143,4.003365446307573,641.5161439182004,1164.079415992955
3068.7516494980423,-7.269569493160819e-08,-0.00026307606881717836,4.002814047667447,640.150639353185,1162.488495245054
3069.3617415261224,-7.245703381099013e-08,-0.0002631203464267585,4.002653533540684,639.7531203243603,1162.025687613659
3069.9718335542025,-7.221785783595046e-08,-0.00026316447902960063,4.002492992443127,639.3555270074978,1161.5629438008546
3072.068409728526,-7.140843178568946e-08,-0.0002633150367575021,4.001941089946293,637.9886345556228,1159.9732153434245
3074.1649859028503,-7.062190313740635e-08,-0.0002634639214651052,4.001388873547518,636.6208646875723,1158.3842417341702
3074.7750779309304,-7.039799209701857e-08,-0.00026350693872108155,4.0012281231819955,636.2226864265923,1157.9220011534817
3075.3851699590105,-7.01784023155704e-08,-0.00026354982136663353,4.001067346607566,635.8244338595869,1157.459824591144
3077.481746133334,-6.94468440019617e-08,-0.0002636961808581732,4.000514640644837,634.4552757688556,1155.8720470041972
3079.5783223076583,-6.87610222118575e-08,-0.000263841054527035,3.9999616293858504,633.0852400710002,1154.2850266107746
3080.1884143357383,-6.857192344607894e-08,-0.00026388294662413477,3.9998006492805795,632.6864024325781,1153.8233548441187
3080.7985063638184,-6.838614426859288e-08,-0.00026392472493788486,3.999639643643127,632.2874904736598,1153.3617472933452
3082.895082538142,-6.778876794745208e-08,-0.0002640674641177089,3.9990861555143136,630.9160662832336,1151.7759266122405
3084.9916587124662,-6.725640289168316e-08,-0.0002642090190031057,3.998532369363415,629.5437643339038,1150.1908654455685
3085.6017507405463,-6.711396455777828e-08,-0.00026425000778723743,3.9983711650445684,629.1442672023824,1149.729764237749
3086.2118427686264,-6.697910142926944e-08,-0.0002642909124293465,3.998209935732856,628.7446957389402,1149.2687274414952
3088.30841894295,-6.65624563468165e-08,-0.00026443088846780027,3.9976556828295977,627.3710050842458,1147.6848696424497
3090.404995117274,-6.62258600845714e-08,-0.00026457007489232536,3.997101137283651,625.9964365512648,1146.1017736598703
3091.0150871453543,-6.614436283620107e-08,-0.00026461045312514844,3.99693971287681,625.5962798356309,1145.6412447412595
3091.6251791734344,-6.606870647324917e-08,-0.0002646507837227872,3.9967782638364384,625.196048779035,1145.1807804286016
3093.721755347758,-6.586791689831597e-08,-0.0002647890755439488,3.9962232582820834,623.8200913725736,1143.5988914446054
3095.818331522082,-6.575738521808382e-08,-0.00026492704101074713,3.9956679631305008,622.4432559920548,1142.0177665676367
3096.4284235501623,-6.574190078493254e-08,-0.00026496715403881015,3.995506321025307,622.0424396194201,1141.557811659663
3097.0385155782424,-6.573571471979078e-08,-0.00026500726060347,3.9953446544346165,621.6415488983566,1141.0979215514215
3099.135091752566,-6.577302686399178e-08,-0.0002651451030301934,3.9947889020585308,620.263324505746,1139.5180072925473
3101.23166792689,-6.590546802961486e-08,-0.0002652831234072891,3.9942328604987507,618.884222056681,1137.9388594285722
3101.8417599549703,-6.596270131208775e-08,-0.00026532334860553017,3.994071001118927,618.4827459646474,1137.4794802502622
3102.4518519830503,-6.602657749888846e-08,-0.0002653636107208217,3.9939091171716274,618.0811955173855,1137.0201660656408
3104.548428157374,-6.631004885898962e-08,-0.0002655023211797103,3.9933526168604185,616.7007039301244,1135.4422324425188
3106.645004331698,-6.668767382749887e-08,-0.00026564172465800445,3.992795825005679,615.319334206311,1133.8650675091214
3107.2550963597782,-6.681431908657158e-08,-0.0002656824487862328,3.9926337466960216,614.9171983346804,1133.406265784315
3107.8651883878583,-6.695009295266311e-08,-0.00026572325275186923,3.992471643502066,614.5149881007396,1132.9475292481625
3109.961764562182,-6.74723128082828e-08,-0.00026586415098157787,3.991914386966649,613.1322291073333,1131.3715821972353
3112.058340736506,-6.808139942416667e-08,-0.0002660062351463833,3.9913568337841556,611.748591888339,1129.7964061477392
3112.668432764586,-6.827508446376759e-08,-0.0002660478297354173,3.991194532825478,611.3457961706723,1129.3381836125395
3113.2785247926663,-6.847415701544599e-08,-0.0002660895437200307,3.991032206441084,610.9429260823981,1128.8800264627978
3115.37510096699,-6.921104776573534e-08,-0.0002662338647583928,3.9904741784367213,609.5578994396286,1127.3060719718164
3117.471677141314,-7.002075202251573e-08,-0.0002663798070738763,3.9899158461527393,608.171994462624,1125.7328908204283
3118.081769169394,-7.026836691185476e-08,-0.0002664226019099037,3.989753316915262,607.7685388181922,1125.2752492304153
3118.6918611974743,-7.052272895752789e-08,-0.00026646554924917177,3.9895907615125283,607.3650087927874,1124.8176732252762
3120.788437371798,-7.143243952048399e-08,-0.0002666143501391067,3.989031940547183,605.9777141990409,1123.2457173573505
3122.885013546122,-7.23937890849808e-08,-0.00026676511243908346,3.988472805553311,604.5895411334631,1121.6745372021683
3123.495105574202,-7.2682577131681e-08,-0.00026680936738504574,3.988310040798223,604.1854254601704,1121.2174783388575
3124.1051976022823,-7.29731513884113e-08,-0.000266853798222011,3.9881472489839247,603.7812353927653,1120.7604852631002
3126.201773776606,-7.399521417343586e-08,-0.00026700785937282614,3.987587608546692,602.3916724654468,1119.1905341774807
3128.29834995093,-7.504037743928796e-08,-0.00026716408757208366,3.9870276428368276,601.0012308925682,1117.6213612194874
3128.90844197901,-7.53463520165699e-08,-0.0002672099631080103,3.986864634174104,600.5964550614561,1117.1648868954799
3129.5185340070902,-7.565424917319526e-08,-0.00026725602484593743,3.986701597465477,600.1916048198315,1116.708478565438
3131.615110181414,-7.670912600265817e-08,-0.00026741574779384644,3.9861411077997384,598.7997730790014,1115.1405385330734
3133.711686355738,-7.775120028925013e-08,-0.0002675776689506295,3.985580280958313,597.4070624785601,1113.573379089129
3134.321778383818,-7.80505624172948e-08,-0.00026762519616113916,3.985417019465891,597.0016263305271,1113.1174911513667
3134.931870411898,-7.834562998595697e-08,-0.00026767290343355523,3.985253728928082,596.5961157521223,1112.6616694179295
3137.028446586222,-7.933491561319214e-08,-0.0002678382078175778,3.9846923593617776,595.2020146125382,1111.0957468297627
3139.125022760546,-8.026841603904502e-08,-0.0002680055278353138,3.984130641109271,593.8070343586242,1109.5306073375318
3139.735114788626,-8.052629347345228e-08,-0.00026805457886353853,3.9839671181139904,593.4009377039988,1109.0753076680508
3140.345206816706,-8.077884306716652e-08,-0.0002681037841432901,3.983803565158919,592.9947665958457,1108.6200744171013
3142.44178299103,-8.158632285580306e-08,-0.000268274007979973,3.9832412869857476,591.5983953695932,1107.0561757830308
3144.538359165354,-8.228867424049359e-08,-0.00026844581455468826,3.982678650266166,590.2011447379484,1105.4930627957726
3145.148451193434,-8.24711382315771e-08,-0.0002684960749931279,3.9825148582801515,589.7943873595334,1105.038353309364
3145.758543221514,-8.264097643737799e-08,-0.0002685464412956008,3.9823510356195695,589.387555501729,1104.5837104590512
3147.855119395838,-8.313484279643993e-08,-0.0002687202500024006,3.981787825499122,587.9889134135256,1103.0218423955198
3149.951695570162,-8.346907541903719e-08,-0.00026889492679549765,3.981224250065473,586.5893916022741,1101.4607625647595
3150.561787598242,-8.353249113386157e-08,-0.0002689458718221685,3.981060183862753,586.1819732624374,1101.0066452029596
3151.171879626322,-8.35814079670459e-08,-0.0002689968494147822,3.980896086599158,585.7744804157228,1100.5525946972464
3153.268455800646,-8.361782266459239e-08,-0.0002691721603754694,3.980331930410822,584.3735666327675,1098.9927639015796
3155.36503197497,-8.343674543159314e-08,-0.00026934731968814387,3.97976740682867,582.9717727983276,1097.433723945867
3155.97512400305,-8.334066764441356e-08,-0.0002693981961820821,3.979603064635861,582.5636932506228,1096.9802006667894
3156.58521603113,-8.322222521877224e-08,-0.0002694490055101286,3.9794386914637467,582.1555391685368,1096.5267444647852
3158.681792205454,-8.26504691683869e-08,-0.0002696229361496655,3.9788735885091464,580.7523528464181,1094.9689576746853
3160.778368379778,-8.180243395848946e-08,-0.0002697953784389378,3.9783081224559282,579.3482861559243,1093.4119643330043
3161.388460407858,-8.149980542650667e-08,-0.0002698451955334743,3.978143507218065,578.9395451615875,1092.9590370966118
3161.998552435938,-8.117281835665439e-08,-0.00026989481890610906,3.9779788616950684,578.5307296075255,1092.5061771573207
3164.095128610262,-7.984208963018574e-08,-0.00027006366707714213,3.9774128290982333,577.1252699531699,1090.9504410943662
3166.191704784586,-7.817846881654543e-08,-0.00027022937630722326,3.9768464457888566,575.718929654135,1089.395501063262
3166.801796812666,-7.762955368857865e-08,-0.00027027690705255645,3.9766815664574953,575.3095270036195,1088.94317181187
3167.411888840746,-7.704878147188872e-08,-0.0002703240917049782,3.9765166582909557,574.9000497729342,1088.4909100741486
3169.5084650150698,-7.481668838358364e-08,-0.000270483357495455,3.975949735396626,573.4923161248635,1086.9372313707784
3171.605041189394,-7.220095509104669e-08,-0.00027063754136728797,3.975382483916747,572.0837016320202,1085.3843512249769
3172.215133217474,-7.136442273820212e-08,-0.0002706813380739468,3.97521735669317,571.6736371714859,1084.9326218589663
3172.825225245554,-7.049506514347654e-08,-0.00027072461321975863,3.975052202973359,571.2634981185149,1084.4809602167109
3174.9218014198777,-6.723760507902274e-08,-0.000270869070869449,3.9744844554953196,569.8534900437802,1082.9293453269797
3177.018377594202,-6.355584018509952e-08,-0.0002710062542122812,3.9739164127763793,568.4426010420716,1081.3785314241463
3177.628469622282,-6.240361270406092e-08,-0.00027104467982018725,3.973751062229298,568.0318747044507,1080.927403773155
3178.238561650362,-6.121275913713406e-08,-0.00027108238992511186,3.9735856885273457,567.6210737740572,1080.476344046017
3180.3351378246857,-5.6835485631104554e-08,-0.00027120621718284866,3.9730172121548173,566.2087911801336,1078.926799141401
3182.43171399901,-5.200782618620751e-08,-0.0002713203950190296,3.9724484862843803,564.7956277416778,1077.378057512749
3183.04180602709,-5.051671532670222e-08,-0.0002713516721762502,3.972282946250486,564.3842395815954,1076.9275333029188
3183.65189805517,-4.8988499156102625e-08,-0.00027138202811036763,3.972117387488324,563.9727768444571,1076.4770772031623
3185.7484742294937,-4.343824841255506e-08,-0.000271478997872916,3.9715483106249687,562.5582201031639,1074.9296080558463
3187.845050403818,-3.7430656955745724e-08,-0.00027156385168717223,3.970979043158121,561.1427828147554,1073.3829442855
3188.455142431898,-3.559754697630489e-08,-0.00027158613032242796,3.97081335732696,560.7307330462065,1072.933025103722
3189.065234459978,-3.372474014471514e-08,-0.0002716072789777341,3.9706476583203836,560.318608736717,1072.483174200207
3191.1618106343017,-2.700113531096894e-08,-0.0002716710142447945,3.9700781436139363,558.9017788159093,1070.9377860575355
3193.258386808626,-1.983649577352288e-08,-0.0002717201906307288,3.969508510543545,557.484068912291,1069.393205154833
3193.868478836706,-1.7669665806133182e-08,-0.00027173163336528393,3.969342732627669,557.0713579475939,1068.943892411296
3194.478570864786,-1.546859299742062e-08,-0.0002717417449656,3.9691769482038923,556.6585725028459,1068.4946480919377
3196.5751470391097,-7.63415677847192e-09,-0.00027176603287418504,3.9686071925324,555.2394711003147,1066.9513455470083
3198.671723213434,5.984784566335764e-10,-0.00027177347786316896,3.968037403595685,553.8194905971653,1065.4088518172075
3199.281815241514,3.0650172761173496e-09,-0.00027177236085041735,3.9678715969950904,553.406119085338,1064.9601467079335
3199.891907269594,5.5639599241664404e-09,-0.0002717697312428838,3.967705791595426,552.9926731833035,1064.5115101423598
3201.9884834439176,1.4376440708239196e-08,-0.0002717488851094556,3.9671360242168094,551.5713028561045,1062.9702970069548
3204.0850596182418,2.3516031998635275e-08,-0.0002717092200327316,3.9665663202713697,550.1490546755606,1061.4298939269672
3204.695151646322,2.6233048317566584e-08,-0.00027169404446300067,3.966400557160486,549.7350235379623,1060.9817973983374
3205.305243674402,2.8972273712500912e-08,-0.0002716772074075915,3.96623480385936,549.3209181326783,1060.5337695027738
3207.4018198487256,3.855689079297752e-08,-0.00027160645727148855,3.9656652825130503,547.8972824141674,1058.9946486898411
3209.4983960230497,4.836978052742642e-08,-0.0002715153729600706,3.96509593081586,546.4727704948917,1057.4563387965004
3210.10848805113,5.1261187691675585e-08,-0.00027148497978778455,3.9649302906141437,546.058080955764,1057.0088515139973
3210.71858007921,5.416837267536575e-08,-0.00027145282139858553,3.9647646695202123,545.6433173071483,1056.5614329206358
3212.8151562535336,6.424967309713204e-08,-0.0002713287035705776,3.964195674401563,544.2174208034761,1055.0244063441617
3214.9117324278577,7.443628052651826e-08,-0.0002711833391362174,3.963626961777956,542.7906501869863,1053.4881911429716
3215.521824455938,7.741367018195501e-08,-0.00027113701634278326,3.9634615290140487,542.3753037964915,1053.041313466465
3216.131916484018,8.03926492307487e-08,-0.000271088880679415,3.963296125069998,541.9598834923934,1052.5945044996201
3218.2284926583416,9.063792913296067e-08,-0.00027090958538959634,3.962727950788147,540.5317319503405,1051.0595729997888
3220.3250688326657,1.008490277078372e-07,-0.00027070884592191345,3.962160174892202,539.1027088357527,1049.5254529018562
3220.935160860746,1.0380521920507387e-07,-0.0002706464141399688,3.961995036538751,538.6867074832973,1049.079184869609
3221.545252888826,1.0675391609995425e-07,-0.00027058218531374,3.961829936805633,538.2706324516096,1048.6329855308281
3223.6418290631495,1.1679658623270368e-07,-0.0002703478088878859,3.961262882690667,536.8402327906435,1047.1001488315856
3225.7384052374737,1.266612668597047e-07,-0.00027009256382338326,3.960696341840073,535.40896455139,1045.5681231252747
3226.3484972655538,1.2949130408408602e-07,-0.0002700144225713885,3.960531584283199,534.9923104675103,1045.1224644484475
3226.958589293634,1.322989443899943e-07,-0.0002699345655270234,3.9603668748838214,534.5755829767022,1044.6768744122705
3229.0551654679575,1.4177233260145006e-07,-0.0002696472052572765,3.9598012343285856,533.1429432802721,1043.1461311165583
3231.1517416422816,1.509331251952892e-07,-0.0002693403109977771,3.9592362167232897,531.7094384389765,1041.6161979780932
3231.7618336703617,1.535323684227863e-07,-0.00026924743129357677,3.9590719226238686,531.2921341849242,1041.1711480467472
3232.371925698442,1.561016185882486e-07,-0.0002691529783536225,3.958907685610282,530.8747568322415,1040.7261666680183
3234.4685018727655,1.6467177248947726e-07,-0.00026881664069199686,3.9583437354064586,529.4398862966816,1039.1975142928932
3236.5650780470896,1.7281415993205483e-07,-0.0002684627834723741,3.9577805087257043,528.004154458064,1037.6696708367194
3237.1751700751693,1.750982324584163e-07,-0.0002683566508270881,3.9576167540608265,527.5862029033424,1037.225228737291
3237.7852621032494,1.7734057929125102e-07,-0.0002682491400475474,3.9574530644914265,527.168178591056,1036.7808550698694
3239.881838277573,1.8472961806195266e-07,-0.00026786949585894224,3.9568910551001526,525.7310874343469,1035.2542901201043
3241.978414451897,1.9160173402485434e-07,-0.00026747490187172045,3.9563298573335315,524.2931391797756,1033.7285324863185
3242.5885064799772,1.9349946565248893e-07,-0.0002673574245597684,3.9561667088472294,523.8745434689137,1033.2846970295486
3243.1985985080573,1.9535222464113454e-07,-0.0002672388049287238,3.956003632293878,523.4558753700034,1032.8409298553154
3245.295174682381,2.0135298095439395e-07,-0.00026682284291146,3.9554437797380837,522.0165747058504,1031.3164479310035
3247.391750856705,2.0677750565190745e-07,-0.0002663949039082198,3.9548848118336726,520.5764214559493,1029.7927714044276
3248.001842884785,2.0824611023005563e-07,-0.0002662682996198574,3.9547223250479067,520.15718496654,1029.3495411620174
3248.6119349128653,2.0966298452796168e-07,-0.0002661408159505595,3.9545599156762115,519.7378764818961,1028.9063790283815
3250.708511087189,2.141471226469623e-07,-0.0002656964353498021,3.954002395489424,518.2963781667198,1027.3839749599254
3252.805087261513,2.1802733792134296e-07,-0.00026524328649702534,3.9534458161720667,516.8540320201996,1025.8623741136241
3253.415179289593,2.1904159698950222e-07,-0.00026510995732638095,3.953284034046655,516.4341583146595,1025.4197474614234
3254.0252713176733,2.200062161830605e-07,-0.00026497602438393464,3.953122333352166,516.0142130243062,1024.9771887250924
3256.121847491997,2.229275904583034e-07,-0.0002645115973904732,3.952567276825674,514.5705294859736,1023.456856727653
3258.218423666321,2.252493553737548e-07,-0.00026404167407665855,3.9520131997674746,513.1260030438032,1021.9373255826097
3258.828515694401,2.2581423499411854e-07,-0.0002639040769206432,3.9518521520518433,512.7054958175573,1021.4953007478753
3259.4386077224813,2.2632808727146473e-07,-0.0002637661496524294,3.9516911882907246,512.2849174286036,1021.0533436224132
3261.535183896805,2.2772288480286895e-07,-0.0002632900749093693,3.951138681121611,510.83906148630484,1019.535077461151
3263.631760071129,2.2855380258663847e-07,-0.0002628116669754587,3.9505871745253134,509.3923676707168,1018.0176096532961
3264.241852099209,2.28691735032228e-07,-0.00026267218424667763,3.950426877812735,508.97123069956984,1017.5761847634378
3264.8519441272892,2.2878605704699118e-07,-0.00026253262872529015,3.9502666661346906,508.5500229936647,1017.134827368014
3266.948520301613,2.2877075947367832e-07,-0.0002620528903729885,3.9497167494811207,507.1020076784401,1015.6186205251869
3269.045096475937,2.2825755100470036e-07,-0.00026157370604727476,3.949167838054767,505.65315955623015,1014.1032094708019
3269.655188504017,2.2801993242235328e-07,-0.00026143451987694564,3.9490082965281963,505.23139664566764,1013.6623826010056
3270.265280532097,2.2774240011733905e-07,-0.00026129548806404495,3.9488488397987913,504.8095634286849,1013.2216230077288
3272.361856706421,2.2651034089002098e-07,-0.0002608192298534649,3.9483015136850517,503.35940181391993,1011.7074688427003
3274.458432880745,2.2487491761239283e-07,-0.00026034597759063473,3.9477551829318265,501.9084124332176,1010.1941078933237
3275.068524908825,2.2432847594050507e-07,-0.00026020894974290037,3.947596389776095,501.48602737227617,1009.7538771104805
3275.678616936905,2.237543899983232e-07,-0.000260072260135194,3.9474376800619244,501.06357242885747,1009.3137133877567
3277.775193111229,2.2157116793337217e-07,-0.00025960538133855507,3.9468929090326257,499.61127747964775,1007.8016052811888
3279.871769285553,2.191056607726369e-07,-0.0002591433757493836,3.94634911174176,498.1581597288689,1006.2902878594085
3280.481861313633,2.1834338476659873e-07,-0.00025900993494665535,3.9461910511865415,497.7351562510702,1005.8506512598758
3281.091953341713,2.175616148476827e-07,-0.00025887696087170903,3.9460330718665677,497.3120833065029,1005.4110815093237
3283.188529516037,2.1475941050897773e-07,-0.0002584237399082897,3.945490792756057,495.8576677562565,1003.9010129831757
3285.285105690361,2.118199383217363e-07,-0.00025797653787597264,3.944949457548243,494.4024342533589,1002.3917326911132
3285.895197718441,2.1094665650379573e-07,-0.000257847576421761,3.9447921074967303,493.9788160070236,1001.952688429951
3286.505289746521,2.1007021000226626e-07,-0.0002577191438273114,3.944634835953571,493.5551286987454,1001.513710814538
3288.601865920845,2.0704060903698217e-07,-0.0002572818964908797,3.9440949676026764,492.0986049607208,1000.0056756199851
3290.698442095169,2.040394326627258e-07,-0.0002568509711464891,3.9435560093468562,490.6412679801706,998.4984263128026
3291.308534123249,2.0318193588854802e-07,-0.00025672675321340016,3.9433993445337436,490.21703851020834,998.0599726223024
3291.918626151329,2.023328726856089e-07,-0.0002566030504914279,3.9432427553670086,489.79274037100976,997.6215853835445
3294.015202325653,1.9951770758892522e-07,-0.00025618183209696394,3.9427052100759603,488.33412049168487,996.1155775495621
3296.111778499977,1.9691306662579592e-07,-0.000255766295220627,3.9421685419454917,486.87469193566847,994.610353367041
3296.721870528057,1.962043528452262e-07,-0.0002556463801774059,3.9420125375524724,486.4498546786752,994.1724885625894
3297.331962556137,1.9552317160275442e-07,-0.00025552688342775354,3.9418566062402656,486.02494913339365,993.7346900248732
3299.428538730461,1.934025959443251e-07,-0.00025511924768267113,3.941321302687133,484.5642447935684,992.2307038610762
3301.525114904785,1.9168555722360002e-07,-0.0002547156348630253,3.9407868495562033,483.10273621290304,990.7274992112516
3302.135206932865,1.9127340060626422e-07,-0.00025459882006366376,3.9406314851921276,482.67729450706105,990.2902216828494
3302.745298960945,1.909021519691369e-07,-0.0002544822384439572,3.940476192105106,482.2517848842217,989.8530102432538
3304.8418751352688,1.8997925676913536e-07,-0.000254083069895818,3.9399430693789297,480.78900745250286,988.3510402916919
3306.938451309593,1.8965674192507142e-07,-0.00025368520689619144,3.9394107821714273,479.3254301213194,986.8498497817648
3307.548543337673,1.8968574685856898e-07,-0.00025356949564215973,3.9392560460968506,478.89938723217,986.4131579699249
3308.158635365753,1.8977538516722718e-07,-0.0002534537425530129,3.9391013807410666,478.47327679158775,985.9765320723022
3310.2552115400767,1.905565731364688e-07,-0.0002530551835059143,3.9385704130365906,477.0084374333102,984.4765730043866
3312.351787714401,1.9212998965305052e-07,-0.00025265415615498315,3.938040283529007,475.54280247984127,982.9773913157782
3312.961879742481,1.9274778032660192e-07,-0.00025253675752994766,3.937886176971147,475.11616164246425,982.5412836710263
3313.571971770561,1.934386515085069e-07,-0.00025241895453319605,3.9377321423015643,474.6894536192711,982.1052417636386
3315.6685479448847,1.9640931850138756e-07,-0.0002520104507272551,3.937203353699708,473.22256346190227,980.6072882202905
3317.765124119209,2.0034828892148407e-07,-0.00025159470363072736,3.936675429150251,471.7548820555093,979.1101099268051
3318.375216147289,2.0168469572153281e-07,-0.00025147207177358434,3.936521970515597,471.32764653296624,978.6745848526581
3318.985308175369,2.031112131111504e-07,-0.0002513485927710958,3.936368587122942,470.90034419783774,978.2391253293273
3321.0818843496927,2.087064322126349e-07,-0.00025091708421726795,3.93584206574323,469.4314145514072,976.7431717048792
3323.178460524017,2.1541762992963487e-07,-0.0002504726749932933,3.935316462577687,467.9616981432877,975.2479910356003
3323.788552552097,2.1758813306292918e-07,-0.0002503405955440402,3.9351636913278076,467.53387130036594,974.813046815715
3324.398644580177,2.198563076935105e-07,-0.00025020715903724015,3.935011001259576,467.10597803487894,974.3781679412809
3326.4952207545007,2.284268044123214e-07,-0.0002497374425036154,3.934486911926533,465.63502066296587,972.8842081146572
3328.591796928825,2.382182201179153e-07,-0.0002492484773959383,3.933963827568031,464.1632812747611,971.3910186664283
3329.201888956905,2.4130034073968506e-07,-0.00024910220850643663,3.9338118074828228,463.734866665079,970.9566533775896
3329.811980984985,2.444899223463884e-07,-0.0002489540251249624,3.933659877418285,463.30638605014525,970.5223531994637
3331.9085571593087,2.5626401616059205e-07,-0.00024842931221053004,3.933138471845955,461.83341348341844,969.030380219755
3334.005133333633,2.69305741878205e-07,-0.00024787858516810916,3.9326181936445175,460.3596640342248,967.5391746278807
3334.615225361713,2.733404114205142e-07,-0.00024771305903464235,3.9324670151605705,459.93066549764603,967.1053860416436
3335.225317389793,2.774801981171111e-07,-0.0002475450401779739,3.9323159386238795,459.50160141183335,966.6716622904157
3337.3218935641166,2.925232147420915e-07,-0.0002469477290590405,3.931797562007275,458.0266272921582,965.1816680280554
3339.4184697384408,3.0880635845314457e-07,-0.0002463175790994101,3.9312804721234933,456.55088195031624,963.692437608152
3340.028561766521,3.1377289654045637e-07,-0.0002461276676822768,3.9311302534086803,456.12130371639194,963.259223085228
3340.638653794601,3.1884182102141575e-07,-0.00024593469849206736,3.9309801516791496,455.6916604397121,962.8260730685595
3342.7352299689246,3.370150536546589e-07,-0.0002452473677581172,3.9304652445078814,454.2146998785291,961.3380478478405
3344.8318061432487,3.5631134391851866e-07,-0.00024452075816968206,3.929951819553405,452.7369744201811,959.8507822263817
3345.441898171329,3.621289734865555e-07,-0.0002443016030764825,3.9298027059683998,452.3068212120576,959.4181386092192
3346.051990199409,3.6803150073446135e-07,-0.00024407887934002975,3.9296537273388252,451.87660352951184,958.9855591046339
3348.1485663737326,3.889537767386872e-07,-0.00024328549845859643,3.929142821238204,450.3976734597618,957.4994913380241
3350.2451425480567,4.107790512638685e-07,-0.0002424473058291876,3.928633625496653,448.9179856117706,956.0141780938784
3350.855234576137,4.172835775257444e-07,-0.00024219470759408426,3.9284857871064562,448.4872627437301,955.5821016042684
3351.465326604217,4.238529651359774e-07,-0.0002419381310750572,3.9283381041557552,448.0564760416431,955.15008875782
3353.5619027785406,4.468685101188026e-07,-0.0002410254637505768,3.9278318106376777,446.5755955382624,953.6659646071975
3355.6584789528647,4.704542720091299e-07,-0.00024006394483125492,3.9273274818067088,445.0939652789849,952.1825889509798
3356.268570980945,4.774038042243639e-07,-0.0002397748005823333,3.9271811086474098,444.6626787396327,951.7510751008006
3356.878663009025,4.843817433371705e-07,-0.00023948142111428113,3.9270349132397486,444.23132908667304,951.3196243398622
3358.9752391833485,5.085389969898649e-07,-0.00023844057518968608,3.926533904433491,442.7485196269618,949.8374274339966
3361.0718153576727,5.328167842209707e-07,-0.00023734895538873115,3.9260351310656456,441.2649694149917,948.3559719559588
3361.6819073857528,5.398750790527177e-07,-0.00023702172666977212,3.925890425950256,440.8331259271923,947.9250154802381
3362.291999413833,5.469222008004086e-07,-0.00023669021177056342,3.9257459217559987,440.401220131101,947.4941214496946
3364.3885755881565,5.709687303435137e-07,-0.00023551826273047246,3.9252509025102436,438.91650576355926,946.0138326905558
3366.4851517624807,5.945728573022545e-07,-0.00023429636207482495,3.924758392708604,437.43106066236317,944.5342772104926
3367.0952437905607,6.01325043993702e-07,-0.00023393154609857833,3.924615561477087,436.9986677105021,944.1038720326652
3367.705335818641,6.08010672757003e-07,-0.00023356265050395548,3.9244729539372734,436.56621334107894,943.6735285644277
3369.8019119929645,6.304100343952938e-07,-0.00023226423578784596,3.923984625159114,435.07962073012044,942.1951260566677
3371.8984881672886,6.517044980033275e-07,-0.00023092001735524804,3.9234990666218,433.59230839605675,940.7174476103183
3372.5085801953687,6.576535280797899e-07,-0.00023052058594963265,3.9233583059092134,433.15937421122965,940.2875868496867
3373.118672223449,6.634799462713762e-07,-0.00023011758415167398,3.923217789739663,432.72637958022705,939.8577869755106
3375.2152483977725,6.824564196139364e-07,-0.00022870633348285362,3.922736803478712,431.2379378951203,938.3812461130713
3377.3118245720966,6.99592118142604e-07,-0.0002272572268544589,3.922258815696237,429.7487883982618,936.9054191080879
3377.9219166001767,7.041913531249279e-07,-0.00022682898775011712,3.922120298512334,429.3153218927576,936.4760951388813
3378.532008628257,7.086005403346382e-07,-0.00022639802324353708,3.9219820430686694,428.88179598218716,936.0468311557535
3380.6285848025805,7.222178162867548e-07,-0.0002248976575306643,3.9215089506725715,427.391536602255,934.5721248963122
3382.7251609769046,7.332258396511415e-07,-0.000223371477409875,3.921039030968413,425.9005820543498,933.0981214663368
3383.3352530049847,7.358955251356977e-07,-0.00022292330329801708,3.9209028906527044,425.46659269846367,932.6693260361852
3383.9453450330648,7.383140923805595e-07,-0.0002224735988276865,3.9207670237539065,425.03254503061197,932.2405896318498
3386.0419212073884,7.445933598373741e-07,-0.00022091849881118516,3.9203022194139865,423.5405010457899,930.7676889830299
3388.1384973817126,7.475197323134113e-07,-0.0002193537486320073,3.9198406855758567,422.04777501823935,929.2954795600695
3388.7485894097927,7.477030362377544e-07,-0.00021889761071989215,3.919706999011582,421.61327265523505,928.8672039729729
3389.3586814378727,7.475724274756725e-07,-0.000218441475562637,3.919573590144201,421.1787131005929,928.438986416285
3391.4552576121964,7.446546135286741e-07,-0.00021687649336257848,3.919117253304146,419.6849185974946,926.9678611465212
3393.5518337865205,7.377395989569506e-07,-0.00021532181879951903,3.918664186763109,418.1904553249663,925.4974152589582
3394.1619258146006,7.349441897783849e-07,-0.00021487255540026312,3.9185329580950694,417.75544992403707,925.0696506237373
3394.7720178426807,7.317909026370854e-07,-0.00021442512006892027,3.9184020022846062,417.3203884475342,924.6419430202761
3396.8685940170044,7.18138990591002e-07,-0.0002129043967770603,3.9179540436602136,415.8248775867351,923.1725625913472
3398.9651701913285,7.000280510395278e-07,-0.00021141697010414415,3.9175092384435906,414.32871096940386,921.703849877097
3399.5752622194086,6.93902078894634e-07,-0.0002109917325187637,3.9173803849049698,413.8932123218791,921.2765874167544
3400.1853542474887,6.873861979006721e-07,-0.00021057035699556208,3.917251788892656,413.4576586733519,920.8493810244215
3402.2819304218124,6.619985416545456e-07,-0.000209154999059757,3.916811805954885,411.96046458369204,919.3817157218691
3404.3785065961365,6.319519275823252e-07,-0.00020779775220914698,3.9163747295056783,410.4626270225727,917.9147071238484
3404.9885986242166,6.223300747043003e-07,-0.00020741511740940858,3.9162480711524035,410.02664439307193,917.4879385345359
3405.5986906522967,6.123185401261418e-07,-0.00020703846754995643,3.916121643681104,409.5906077544183,917.0612251270388
3407.6952668266204,5.749285635266838e-07,-0.00020579310000567387,3.915688891791603,408.09176129291006,915.5952473407922
3409.7918430009445,5.330137868336684e-07,-0.000204630866689523,3.915258663761399,406.5922824157209,914.1299164276527
3410.4019350290246,5.199857188598045e-07,-0.0002043096396488251,3.9151339188629604,406.1558241666129,913.703634268893
3411.0120270571047,5.065922092477808e-07,-0.00020399645655591958,3.9150093668074,405.719312774716,913.2774065279941
3413.1086032314283,4.578478873546084e-07,-0.000202984747709036,3.914582751845923,404.2188412230791,911.8130921116674
3415.2051794057525,4.0510972344838643e-07,-0.00020207942174307135,3.9141581464892,402.7177465798513,910.3494164434554
3415.8152714338325,3.8905365249432924e-07,-0.0002018371605707783,3.9140349341701386,402.2808197935599,909.9236145346324
3416.4253634619126,3.7269925043683895e-07,-0.0002016047570578937,3.9139118660851593,401.84384056417645,909.4978664454677
3418.5219396362363,3.1431586218605475e-07,-0.00020088404035805137,3.913489963811989,400.34176635346046,908.0351960607254
3420.6185158105604,2.529164619093263e-07,-0.0002002888905284693,3.9130694409460234,398.83907618057845,906.5731584979627
3421.2286078386405,2.345513851678729e-07,-0.00020014019826242473,3.9129472924658426,398.4016863097505,906.1478322901169
3421.8386998667206,2.1598737062100025e-07,-0.00020000272791196913,3.912825230913032,397.96424449293966,905.7225595079999
3423.9352760410443,1.5086426871600009e-07,-0.00019961788943331478,3.9124063375206735,396.46058406543386,904.2615198408745
3426.0318522153684,8.418276668242904e-08,-0.00019937122015080213,3.911988106130375,394.95631223327524,902.8011096772732
3426.6419442434485,6.457981871650888e-08,-0.0001993258625977742,3.911866485912268,394.51846281336213,902.3762565641713
3427.2520362715286,4.4925706267495176e-08,-0.00019929242266932245,3.9117448896383546,394.0805617154454,901.9514567163536
3429.3486124458523,-2.278519445377323e-08,-0.00019926928108336,3.9113271068836606,392.575324647259,900.4920414363842
3431.4451886201764,-9.010660978646182e-08,-0.00019938769226569868,3.91090922425898,391.0694779191031,899.0332552210548
3432.0552806482565,-1.0950106530975571e-07,-0.0001994486208494475,3.910787561405072,390.6311703812065,898.6088747496631
3432.6653726763366,-1.2876511396254922e-07,-0.00019952127060319312,3.9106658580607068,390.19281119138117,898.1845476318487
3434.7619488506602,-1.9365354209059902e-07,-0.00019985974909691382,3.9102472149497607,388.6859997085124,896.7267579535934
3436.8585250249844,-2.5573248965320614e-07,-0.00020033132597802912,3.9098277226674116,387.1785774455977,895.2695998595065
3437.4686170530645,-2.731235512623711e-07,-0.00020049270799003764,3.9097054532087734,386.73981106907485,894.8456937978037
3438.0787090811446,-2.9015742188728264e-07,-0.0002006645074560045,3.9095830827925675,386.3009928302338,894.4218414232294
3440.175285255468,-3.4562793322584124e-07,-0.00020133198053202703,3.9091616939476097,384.7926018541505,892.9656861246194
3442.2718614297924,-3.95450022470938e-07,-0.0002021098305869076,3.908738789987628,383.2835963020986,891.5101677178633
3442.8819534578724,-4.0871827836687477e-07,-0.00020235521470544628,3.908615409494736,382.8443683459448,891.0867399378578
3443.4920454859525,-4.213780359200176e-07,-0.00020260841486677536,3.908491878069284,382.4050881085097,890.663366396962
3445.588621660276,-4.5981877264852965e-07,-0.0002035337025126439,3.9080661365930154,380.8951059625267,889.2088611518349
3447.6851978346003,-4.89447834305652e-07,-0.00020453034691725542,3.9076383803782706,379.3845032460652,887.7550004226748
3448.2952898626804,-4.962331418112012e-07,-0.0002048311182510797,3.9075135057938306,378.9448092949776,887.33205655909
3448.9053818907605,-5.021295206505297e-07,-0.00020513565962368513,3.9073884482407326,378.5050624891013,886.909167650717
3451.001958065084,-5.15192608296679e-07,-0.00020620423041481633,3.9069572480925836,376.9934723823822,885.4563335456064
3453.0985342394083,-5.160980310289141e-07,-0.0002072874442289724,3.906523792254263,375.48125431659423,884.0041530794265
3453.7086262674884,-5.138892999256327e-07,-0.00020760174761692756,3.906397230907714,375.04108887133845,883.5816999303398
3454.3187182955685,-5.105108757732942e-07,-0.00020791424865786466,3.9062704805712545,374.60086992617454,883.1593025316572
3456.415294469892,-4.895178015735006e-07,-0.00020896527376504005,3.9058334602066282,373.0876523062714,881.7081636614496
3458.5118706442163,-4.5303113591471227e-07,-0.00020995604354566837,3.9053942994527415,371.5737991018433,880.25768785727
3459.1219626722964,-4.3932365078970994e-07,-0.00021022837436890718,3.9052661221901044,371.13315643366224,879.835732502605
3459.7320547003765,-4.2416919205454193e-07,-0.00021049181067894668,3.905137784221432,370.6924596620749,879.4138336549779
3461.8286308747,-3.606504196003809e-07,-0.00021131777281933943,3.904695579591118,369.17759548809903,877.9644137302214
3463.9252070490243,-2.785579880724351e-07,-0.00021199109246924022,3.9042518032815603,367.66208938393123,876.5156650183769
3464.5352990771044,-2.510210899547434e-07,-0.00021215276711895154,3.904122417526722,367.22096465888234,876.0942136460238
3465.1453911051844,-2.2180129660195207e-07,-0.0002122970545917303,3.903992941615335,366.7797854116719,875.6728193484738
3467.241967279508,-1.0817265357257162e-07,-0.00021264664885036532,3.903547432706321,365.26326034750764,874.2251373005003
3469.3385434538322,2.6556091451784265e-08,-0.00021273589301774477,3.9031014637682087,363.7460901458951,872.7781313706557
3469.9486354819123,6.984261946789281e-08,-0.0002127066137630196,3.9029716811707527,363.30448080705213,872.3571878185242
3470.5587275099924,1.149942985892157e-07,-0.00021265030969007317,3.902841928188158,362.86281688235005,871.9363015394647
3472.655303684316,2.846242396362108e-07,-0.00021223536531872256,3.9023964592980143,361.344626342536,870.4903661791355
3474.75187985864,4.76982560765545e-07,-0.00021144095296443986,3.9019522581621167,359.8257927500016,869.0451063058687
3475.3619718867203,5.37286493275094e-07,-0.0002111316702362052,3.9018233503490154,359.3837001234856,868.6246703515164
3475.9720639148004,5.99538337507208e-07,-0.0002107849931319094,3.9016946462994913,358.9415533945752,868.2042912933389
3478.068640089124,8.284466766600233e-07,-0.00020929208550492318,3.9012541964257874,357.4217082952523,866.7600951653914
3480.165216263448,1.0804329391075122e-06,-0.0002072950617958987,3.900817405005525,355.90122988710624,865.3165658110026
3480.7753082915283,1.158070065536075e-06,-0.0002066123073035772,3.9006911399249584,355.4586609523135,864.8966312685303
3481.3854003196084,1.2376205818375193e-06,-0.00020588164342549527,3.90056530958926,355.01603915117227,864.4767524481583
3483.481976493932,1.5254721740851928e-06,-0.00020298892774191931,3.900136586014413,353.49457212660377,863.0342651250199
3485.578552668256,1.835082305199232e-06,-0.00019946990005120782,3.899714583793761,351.9724916576665,861.5924251065969
3486.1886446963363,1.9291385140782528e-06,-0.00019832169483503535,3.8995932343608546,351.52946089361257,861.1729778227012
3486.7987367244164,2.0249088980339607e-06,-0.00019711568387501907,3.8994726062845695,351.08637945877683,860.7535840638308
3488.89531289874,2.3667621979650097e-06,-0.00019251516309036295,3.8990640323165526,349.56335120373205,859.3127452375581
3490.991889073064,2.727020980429854e-06,-0.00018717862657387853,3.8986658752473224,348.0397418857774,857.8725208635394
3491.6019811011442,2.8350616860747573e-06,-0.00018548193845930986,3.898552191770224,347.5962730756681,857.4535367395041
3492.2120731292243,2.944439236587664e-06,-0.0001837190969653678,3.8984395660959237,347.1527569432121,857.0346027072695
3494.308649303548,3.32984175347657e-06,-0.00017714406340273614,3.898061134042181,345.62826223943813,855.595315559254
3496.405225477872,3.727953303998418e-06,-0.00016974768137711382,3.897697348056957,344.10323350545525,854.156594261457
3497.015317505952,3.84580354359995e-06,-0.0001674372742411778,3.897594486428332,343.6593613528596,853.7380374627004
3497.6254095340323,3.964396941860611e-06,-0.00016505498570642358,3.8974930576565963,343.21544654081464,853.3195259061525
3499.721985708356,4.376646691725366e-06,-0.0001563119458240115,3.8971560207081932,341.68961943052517,851.8816513512425
3501.81856188268,4.793342508566002e-06,-0.0001466999321791162,3.8968382251437386,340.1633216153244,850.4442764509712
3502.42865391076,4.9148999514772485e-06,-0.00014373832780270642,3.896749623961298,339.71909300000476,850.0260979975151
3503.0387459388403,5.03639209566056e-06,-0.00014070290535271425,3.896662851979628,339.2748278117379,849.6079583965019
3505.135322113164,5.4520505565595225e-06,-0.00012970686308633574,3.8963792335714134,337.7478453000426,848.1713109007627
3507.231898287488,5.861225411347629e-06,-0.00011784615788122803,3.8961195756192804,336.22047259306515,846.7350782416535
3507.841990315568,5.978395151457033e-06,-0.00011423429347208296,3.8960487772749945,335.77594727460996,846.3172151983924
3508.4520823436483,6.094458802934649e-06,-0.00011055168188895672,3.8959802019542003,335.33139292750894,845.8993830360195
3510.548658517972,6.483211721292142e-06,-9.736316224054169e-05,3.8957621085650973,333.8034765357656,844.4637287842388
3512.645234692296,6.851946438569702e-06,-8.338057732751783e-05,3.895572498321218,332.2752675120869,843.0283860280376
3513.255326720376,6.954664622660693e-06,-7.916858890131893e-05,3.8955229117639028,331.8305180770286,842.6107615293837
3513.8654187484562,7.055032865324242e-06,-7.489511809229352e-05,3.8954759091801274,331.38574855134834,842.1931584255822
3515.96199492278,7.3800012053459245e-06,-5.975677268464964e-05,3.8953346427443294,329.85716301177814,840.7582166528844
3518.058571097104,7.669075861218089e-06,-4.397473331940492e-05,3.8952257897795355,328.32839802870814,839.323466053917
3518.668663125184,7.745514981115287e-06,-3.927213320531222e-05,3.8952003961764268,327.8835088740277,838.9059903992685
3519.2787551532642,7.818173650399727e-06,-3.4524573294908965e-05,3.8951778781362933,327.4386097752237,838.4885253410484
3521.375331327588,8.036777631639183e-06,-1.7894651047182614e-05,3.8951228574306116,325.9096581617583,837.0539736286048
3523.471907501912,8.201775950392761e-06,-8.626030781655849e-07,3.8951031241672958,324.38065292947124,835.6194790641327
3524.081999529992,8.238697511353275e-06,4.153040646431489e-06,3.8951041310887353,323.9357180847859,835.2020521045596
3524.692091558072,8.270291518302632e-06,9.189032408665196e-06,3.8951081941308505,323.49078432359545,834.784623990214
3526.788667732396,8.33576305323725e-06,2.6609606772374582e-05,3.89514571069124,321.9617989637805,833.3501082441393
3528.88524390672,8.328858405953108e-06,4.4091576106710116e-05,3.895219815172396,320.43289366845795,831.915507167805
3529.4953359348,8.312201624756615e-06,4.9168497849361265e-05,3.895248270161685,319.9880132835955,831.4980221666193
3530.10542796288,8.288615829127975e-06,5.4232592753726445e-05,3.8952798055341726,319.54314540442897,831.0805238407845
3532.202004137204,8.152238446299805e-06,7.148326619562435e-05,3.895411658617467,318.0144740225621,829.6456735139822
3534.298580311528,7.924730987326722e-06,8.835248349276313e-05,3.8955792791757555,316.486017510486,828.210594307435
3534.908672339608,7.840391807601467e-06,9.31622743006222e-05,3.895634659531568,316.04129287784633,827.7929433951026
3535.518764367688,7.747588048672433e-06,9.791751962244973e-05,3.8956929416811725,315.59659191103714,827.3752672865079
3537.615340542012,7.361715838890162e-06,0.00011377537674688441,3.8959150180376825,314.0685786254289,825.9397161575082
3539.711916716336,6.867359020584731e-06,0.0001287105002672005,3.896169374308967,312.54090735878475,824.503801075233
3540.322008744416,6.702232189306915e-06,0.00013285058985294888,3.896249176401751,312.096434404618,824.0858823311198
3540.932100772496,6.527284674765424e-06,0.0001368865243130327,3.8963314540462926,311.651995185548,823.667927714023
3543.02867694682,5.849153260499658e-06,0.00014988204434703584,3.896632341005167,310.12495623620066,822.2313402027705
3545.125253121144,5.048264074428304e-06,0.0001613271247050383,3.896958848754272,308.59836801976763,820.7942737379855
3545.735345149224,4.791478045349748e-06,0.0001643294327144549,3.8970582069256303,308.15422928930695,820.3759998185328
3546.345437177304,4.523865224931486e-06,0.00016717150763314453,3.897159327511715,307.71013228141123,819.957681603306
3548.442013351628,3.5201564234104114e-06,0.00017562702189552947,3.897519070963525,306.18432671243033,818.519784187224
3550.538589525952,2.38444843671842e-06,0.00018183981102535613,3.8978941910230365,304.65904957847243,817.0813262415127
3551.148681554032,2.0288361595195407e-06,0.00018318673585567346,3.8980055626809182,304.2153048605917,816.6626343398658
3551.758773582112,1.661898978828571e-06,0.0001843131956952342,3.898117667544047,303.77160664355125,816.2438931615052
3553.8553497564358,3.1395843005539655e-07,0.0001864078837276636,3.8985068083406142,302.2472026195289,814.8045099702163
3555.95192593076,-1.168030663496646e-06,0.00018553599022853672,3.898897230978121,300.7233597567917,813.3645327037136
3556.56201795884,-1.6243335407068634e-06,0.00018468472904705982,3.8990101904018717,300.2800356472745,812.9453954752098
3557.17210998692,-2.09174599374482e-06,0.0001835519183213058,3.8991225237364224,299.8367583888481,812.5262086965747
3559.2686861612437,-3.7822123737528245e-06,0.00017741644091380081,3.8995015649810063,298.3137963931723,811.0852998323546
3561.365262335568,-5.599303336635082e-06,0.00016760403292870627,3.899863888247315,296.7913686183123,809.643826529182
3561.975354363648,-6.1511321782558725e-06,0.00016401993515122577,3.899965076263012,296.3484475070962,809.2242634579117
3562.585446391728,-6.712964856799743e-06,0.00016009669226093277,3.9000639554720076,295.9055679268201,808.8046565448473
3564.6820225660517,-8.717975589200055e-06,0.00014393939618476196,3.900383427003889,294.3839227682679,807.3623571252
3566.778598740376,-1.0830447050993034e-05,0.0001234657925753166,3.900664498800004,292.8627107541038,805.9196008581144
3567.388690768456,-1.1463920215798677e-05,0.00011666501132950706,3.9007377781851518,292.42011993675294,805.4996893800902
3567.998782796536,-1.2105199669834772e-05,0.0001094763517099893,3.9008067756026397,291.97755848723557,805.0797469463349
3570.0953589708597,-1.4364767989112148e-05,8.174121684388253e-05,3.901008068033108,290.4569028070658,803.6364043224675
3572.191935145184,-1.669884005496218e-05,4.919062348534044e-05,3.901146163652849,288.93649206997287,802.1928036680388
3572.802027173264,-1.7389788673380034e-05,3.879165820419903e-05,3.9011730298631817,288.4940939158399,801.7726892139086
3573.412119201344,-1.8085113882885043e-05,2.797125002710078e-05,3.901193415160488,288.05170514033097,801.3525648823064
3575.5086953756677,-2.050223637556966e-05,-1.24748454962904e-05,3.9012105500395564,286.5314779149294,799.9087709775857
3577.605271549992,-2.2945481845799647e-05,-5.8016006854428756e-05,3.9011375455015846,285.01121035926025,798.4650195419276
3578.215363578072,-2.3658222373668226e-05,-7.223312558802517e-05,3.9010978378541936,284.568794696906,798.0449235230333
3578.825455606152,-2.4370547727687416e-05,-8.688303719557952e-05,3.901049325472035,284.12635994757835,797.6248476121858
3580.9220317804757,-2.680744879552961e-05,-0.00014053907868709673,3.9008118071367752,282.6057442344803,796.1814628667307
3583.0186079548,-2.920567302542484e-05,-0.00019926372442816758,3.9004564814658598,281.0847007549046,794.7385289454289
3583.62869998288,-2.9892213820812707e-05,-0.0002172927055354243,3.9003294308599266,280.64198082792484,794.3187535840162
3584.23879201096,-3.057215356506031e-05,-0.0002357361217234158,3.900191267236318,280.19920471555304,793.8990375081764
3586.3353681852836,-3.2848349209832676e-05,-0.00030224004960343205,3.899628125018253,278.6771194758738,792.4572025109283
3588.4319443596078,-3.500451865457914e-05,-0.00037339037300474333,3.898920681488419,277.15411860248224,791.0163348184776
3589.042036387688,-3.5604440932142794e-05,-0.00039493138620693135,3.898686316990294,276.71073206763526,790.5972636125024
3589.652128415768,-3.619019859865546e-05,-0.0004168312247281467,3.898438728050059,276.26724412112145,790.1782997731949
3591.7487045900916,-3.8082979039213245e-05,-0.0004947288174457347,3.897483804111802,274.74235523053886,788.739430293815
3593.8452807644157,-3.975880344673783e-05,-0.0005763673361133557,3.8963616403685046,273.215972922047,787.3021453371463
3594.455372792496,-4.019992375789501e-05,-0.000600761125267926,3.896002558224905,272.7714893635934,786.8842378463121
3595.065464820576,-4.061809236790912e-05,-0.0006254137866354248,3.8956285582575574,272.3268523639602,786.4664936908862
3597.1620409948996,-4.1866025984891744e-05,-0.0007119380671358532,3.894227025440195,270.7976077482006,785.0322544720489
3599.2586171692237,-4.2786787032645794e-05,-0.0008007357644180163,3.8926417046821027,269.26622304783024,783.6003007972287
3599.868709197304,-4.298684059650747e-05,-0.0008269040369733376,3.8921451794209307,268.820159325123,783.1840803378134
3600.478801225384,-4.315417148287544e-05,-0.0008531808526294056,3.8916327179987857,268.37388560163544,782.7680851621135
3602.5753773997076,-4.346419188578777e-05,-0.0009440599246001579,3.8897487236200043,266.83857866447903,781.3403375049305
3604.6719535740317,-4.3327349315416735e-05,-0.0010351205368297233,3.8876740040376907,265.3004489089076,779.915631741403
3605.282045602112,-4.319677155292908e-05,-0.0010615183793249994,3.887034392479853,264.8522933064765,779.5016644948064
3605.892137630192,-4.3023126370225575e-05,-0.001087819780210382,3.8863787867116546,264.403869912334,779.0879874883237
3607.9887138045156,-4.2081666882180214e-05,-0.0011771338056303846,3.8840040134924845,262.86073397762175,777.6687054264687
3610.0852899788397,-4.056965148869836e-05,-0.00126387588255993,3.8814446827585454,261.31410153638024,776.2532348893158
3610.6953820069198,-4.001563570237048e-05,-0.0012884626511183407,3.8806660386471648,260.86334713788466,775.8420988993005
3611.305474035,-3.9408151839370815e-05,-0.0013126915680651823,3.879872604531344,260.4122702538119,775.431316911096
3613.4020502093235,-3.689662682061301e-05,-0.001392801698128519,3.8770354216223737,258.8596046278032,774.022466786206
3615.4986263836477,-3.369403451593437e-05,-0.00146692178707305,3.8740365610121335,257.30283481038924,772.6181535826529
3616.1087184117278,-3.262583912898744e-05,-0.0014871573432740201,3.8731353417621284,256.8490217987126,772.2103962086726
3616.718810439808,-3.149441622316295e-05,-0.00150671873353495,3.8722221019600322,256.3948399788406,771.8030498248218
3618.8153866141315,-2.710910371708811e-05,-0.0015682918008352261,3.8689968522563087,254.83116561545933,770.4064286322622
3620.9119627884556,-2.192422771585386e-05,-0.0016198325535313949,3.8656530266825855,253.26291264775512,769.0149510872793
3621.5220548165357,-2.0259762479923055e-05,-0.001632705734056252,3.864660736300487,252.80567842500085,768.6110338018123
3622.132146844616,-1.8523744152684618e-05,-0.0016445390917887437,3.8636610442078076,252.34804348919621,768.207570679436
3624.2287230189395,-1.1999793448632465e-05,-0.0016766913108397347,3.860176885970478,250.77228346575987,766.824600051718
3626.3252991932636,-4.5900659773890575e-06,-0.001694237021049213,3.8566406299859444,249.1916787481723,765.4471692551126
3626.9353912213437,-2.26352980535643e-06,-0.0016963327062206948,3.855606206061793,248.73081401626663,765.0473993534774
3627.545483249424,1.4051602379417885e-07,-0.001696983822477238,3.8545710902538852,248.26953765851022,764.6481044860336
3629.6420594237475,9.00164623225664e-06,-0.0016875641554260391,3.8510196912031565,246.68121532059533,763.2795800875754
3631.7386355980716,1.8801179164521793e-05,-0.0016585827375058715,3.847508547552333,245.08807019431646,761.9166729368577
3632.3487276261517,2.183082680954087e-05,-0.0016461926865164339,3.846500268677693,244.62357864431715,761.5211229012401
3632.958819654232,2.4940609498714298e-05,-0.0016319296431611709,3.845500271016883,244.158692378292,761.1260367251223
3635.0553958285554,3.624146746749363e-05,-0.0015679584289069052,3.8421415537298698,242.55813885097933,759.7718375712661
3637.1519720028796,4.848802831657837e-05,-0.0014793027360224566,3.8389428334113873,240.95315361967334,758.4228932111673
3637.7620640309597,5.222827959262205e-05,-0.001448583373580404,3.8380495003962616,240.48531288431906,758.0313102308872
3638.3721560590398,5.6046957233437804e-05,-0.001415559679662587,3.83717575934864,240.0171290240521,757.6401373117299
3640.4687322333634,6.97638928380868e-05,-0.0012838302645333138,3.8343408323156787,238.4056926286642,756.2989063344002
3642.5653084076876,8.43771482903734e-05,-0.0011224026476120308,3.83181321830708,236.790665385548,754.9620005001857
3643.1754004357676,8.879337249628082e-05,-0.0010695801524995396,3.8311443526090305,236.32008762679538,754.573711009771
3643.7854924638477,9.328108988521207e-05,-0.0010140449976978486,3.830508675121275,235.8492598049668,754.1857244689277
3645.8820686381714,0.00010923580195978185,-0.000801885288030291,3.8285990698636283,234.22951338018848,752.8545404390863
3647.9786448124955,0.00012597084629772514,-0.000555457296143268,3.8271701966304366,232.60754671509045,751.5260616508723
3648.5887368405756,0.000130978785195572,-0.00047707661986193245,3.8268550071589815,232.1352387330485,751.1398786044463
3649.1988288686557,0.00013604531187745176,-0.00039562838409397394,3.826588682520168,231.66282205741305,750.7538283464702
3651.2954050429794,0.00015388117858518223,-9.18051125412894e-05,3.826071070268754,230.03877029685523,749.4278995277059
3653.3919812173035,0.00017230780590484935,0.000250031699511099,3.8262302957913357,228.41448089906336,748.1022616959285
3654.0020732453836,0.00017776817299468677,0.00035682229561219403,3.8264151963351827,227.94190579860492,747.7164054292767
3654.6121652734637,0.000183267866139111,0.00046694837225930434,3.8266663396679585,227.46941894014842,747.3304413759436
3656.7087414477874,0.00020243528691478487,0.0008712195503998001,3.8280620444959177,225.84671565319988,746.002862126621
3658.8053176221115,0.00022192805176761047,0.0013160177405821226,3.8303478186278603,224.2264597256504,744.6722988816788
3659.4154096501916,0.00022764464096346898,0.001453161825257117,3.831192341496622,223.7556044401265,744.2843454979317
3660.0255016782717,0.00023337498727570277,0.001593787812735843,3.8321216220040655,223.28509816859966,743.8959700891745
3662.1220778525953,0.0002531302527180067,0.002103787511351397,3.8359905119120845,221.67129054722997,742.557591833689
3664.2186540269195,0.00027287377794332703,0.0026551933216811263,3.840972060570775,220.06342395400833,741.2120874734907
3664.8287460549996,0.0002785962974442382,0.0028234233836359674,3.8426431135786636,219.59687836791332,740.8189613282576
3665.4388380830796,0.0002843013959646069,0.0029951277119360594,3.8444178284722423,219.1310163227107,740.4250281128272
3667.5354142574033,0.00030372360963399513,0.0036116186692263397,3.8513365623846894,217.53583615094817,739.0645042451429
3669.6319904317274,0.0003227374491048322,0.004268401683141042,3.8595900542328407,215.95102816679477,737.691923115944
3670.2420824598075,0.0003281702981594998,0.004466967382524078,3.8622546077502187,215.4920809133314,737.2899517261701
3670.8521744878876,0.00033355024884422285,0.004668818590523852,3.8650412063135158,215.03423740650405,736.886728479176
3672.9487506622113,0.0003515783672083975,0.005387178600878528,3.875576339609562,213.46995300930703,735.4907971941316
3675.0453268365354,0.0003687602832275398,0.006142448870825796,3.887656261973326,211.92156165558194,734.0772757557239
3675.6554188646155,0.00037357609901557436,0.006368906918553961,3.891472719915098,211.47431351106914,733.6623257398202
3676.2655108926956,0.0003783009716701767,0.006598261875492856,3.895428049656762,211.0286885396421,733.2456406148533
3678.3620870670193,0.0003937842203823188,0.007407857246559731,3.9101050645802613,209.51051161353703,731.7997081648297
3680.4586632413434,0.0004079644191016641,0.008248548456193187,3.9265120552667088,208.01500276756389,730.3303694248812
3681.0687552694235,0.00041182059176106834,0.008498633972176465,3.9316207021836678,207.58448984955797,729.8980801066307
3681.6788472975036,0.0004155472814988327,0.008751019453061353,3.9368823813224267,207.15623223999907,729.4635670314947
3683.7754234718273,0.00042730623980483877,0.009634878707975861,3.956152112721987,205.70273767173447,727.9526433738911
3685.8719996461514,0.00043731406130167555,0.010541555818853564,3.977298842063435,204.2800878171242,726.4126781130475
3686.4820916742315,0.00043987332649999346,0.010809153203713907,3.983811853163449,203.87239335000135,725.9588039690841
3687.0921837023116,0.0004422667509084315,0.011078249538149046,3.9904882678160574,203.46770906431257,725.5022575308119
3689.1887598766352,0.0004491710466202105,0.012013109711271817,4.014692530304257,202.10117485480365,723.9122715959206
3691.2853360509594,0.0004539201168809599,0.012960185969118921,4.040869604333835,200.77514257319424,722.2883985125278
3691.8954280790394,0.00045487672432204445,0.013237426360036938,4.0488612266806925,200.3974595727716,721.8092606419206
3692.5055201071195,0.00045563645008008576,0.013515180832122334,4.057021777089672,200.02366570412948,721.3270989277652
3694.602096281443,0.0004566993782724956,0.014472004631813975,4.086360474780324,198.7701833902166,719.6465738346923
3696.6986724557673,0.00045528386941767095,0.01542845882539743,4.117704838998753,197.56828027113357,717.9288331415968
3697.3087644838474,0.00045439130381088883,0.01570596689341069,4.127202500426247,197.2288725323778,717.4218610274257
3697.9188565119275,0.00045327902371192425,0.015982857204171107,4.136868865157745,196.89434311895516,716.9116750145848
3700.015432686251,0.00044774808197116514,0.016927863229976015,4.171371300069599,195.78350507953786,715.1336676134696
3702.1120088605753,0.00043952678413630757,0.017858452946861992,4.207839899654844,194.73646421325066,713.3174152964887
3702.7221008886554,0.00043662093330794366,0.018125732385009776,4.218817040835267,194.44446624858125,712.7817326730701
3703.3321929167355,0.0004334831770575766,0.018391166282465676,4.229956247863049,194.1584107074417,712.2428724948153
3705.428769091059,0.00042091591544494707,0.019287304968635954,4.269459249424095,193.2223745608624,710.3669786795724
3707.5253452653833,0.000405588177067734,0.02015420165862548,4.310810419967212,192.36293034787545,708.4548390328401
3708.1354372934634,0.0004006101029743107,0.020400140891960863,4.323181739649704,192.12793609579728,707.8918149669252
3708.7455293215435,0.00039540150347271944,0.020642976067517447,4.335701725035083,191.89996247687208,707.3259305431957
3710.842105495867,0.0003757506404313312,0.021451828795467233,4.379836891152715,191.17175029394633,705.3600450675697
3712.9386816701913,0.0003534490436188946,0.022216703259525097,4.4256217767381685,190.5326311532095,703.3634709691938
3713.5487736982714,0.00034647328826993746,0.022430219592487047,4.43924157510209,190.36405289574344,702.7771274636304
3714.1588657263515,0.000339285110366131,0.022639424819372925,4.4529899246253395,190.2035024874512,702.188552287217
3716.255441900675,0.0003129971325980296,0.0233236113988854,4.501182483820287,189.71453203227082,700.149983772688
3718.3520180749993,0.000284380359430134,0.023950241982063056,4.550749157031326,189.32573901517975,698.090008787994
3718.9621101030793,0.0002756396512597979,0.0241210765447257,4.5654135825653,189.2319735656136,697.4871626314698
3719.5722021311594,0.00026672308591886877,0.024286540705870666,4.580180265288115,189.1470712659854,696.8830187551139
3721.668778305483,0.00023480401228467897,0.024812598194212835,4.631662327428906,188.92413158012246,694.7985484356309
3723.7653544798072,0.00020109570202577213,0.025269859277828256,4.68417519071456,188.80980906480485,692.7053470640859
3724.3754465078873,0.0001909863122683648,0.02538945916915536,4.699629074200614,188.79731821220673,692.0953824863545
3724.9855385359674,0.00018075500631409546,0.025502875423573657,4.715153810036635,188.7942532769191,691.4853080128029
3727.082114710291,0.00014475605887834795,0.025844290878073498,4.7689938143577795,188.85637639403595,689.3898970170754
3729.178690884615,0.00010769204571420263,0.026109115301363665,4.8234693327207685,189.03180607011853,687.30094269937
3729.7887829126953,9.675069594100123e-05,0.02617147086830883,4.839417744584682,189.10427884080792,686.6951726778323
3730.3988749407754,8.575417012024953e-05,0.026227158977430918,4.855402062078469,189.1863882519636,686.0906388816588
3732.495451115099,4.76535358700444e-05,0.026367047899365597,4.910549940070512,189.54223874786592,684.024749338844
3734.592027289423,9.328461354342665e-06,0.026426820661248043,4.965907121027159,190.01160323764537,681.9816653262264
3735.2021193175033,-1.8176913100735434e-06,0.02642909799700196,4.9820309738306765,190.16938864471888,681.3923352168505
3735.8122113455834,-1.2945974845699863e-05,0.026424605912471425,4.99815418440152,190.33663050264607,680.8056185182957
3737.908787519907,-5.093479019273425e-05,0.026357528340195988,5.053498864815151,190.98303641594018,678.811463469681
3740.005363694231,-8.828183184281343e-05,0.02621147708649432,5.108620124819476,191.73851936013625,676.8560155344994
3740.6154557223113,-9.898226624713629e-05,0.02615433588101294,5.124594388450777,191.9784792386646,676.2951035782324
3741.2255477503913,-0.0001095941953700564,0.026090716365237618,5.140531979803434,192.22733766145754,675.7380765328174
3743.322123924715,-0.00014527752305390346,0.02582328833743332,5.194965622319807,193.1493758813393,673.8554313679867
3745.418700099039,-0.00017953543173878983,0.025482541744742283,5.248761722626597,194.1718813512313,672.0253792071663
3746.0287921271192,-0.00018919708152906938,0.025370043185709113,5.2642742858395275,194.48771794069754,671.5034141644243
3746.6388841551993,-0.00019871053543314967,0.025251713436704303,5.2797167130493134,194.81158141069633,670.9863792371091
3748.735460329523,-0.00023018396690243075,0.02480175180646819,5.332198319331977,195.98425800526755,669.248738990287
3750.832036503847,-0.0002596161687164004,0.024287943526420167,5.383669617098921,197.2456291313062,667.5743254455033
3751.442128531927,-0.0002677688028502729,0.024127049344207396,5.398438505298222,197.6286222889498,667.0994416528796
3752.0522205600073,-0.0002757298935979793,0.02396125165648094,5.413108096306423,198.01855762968805,666.6302236503118
3754.148796734331,-0.0003015656038432916,0.023355652478541516,5.462718859108213,199.4097209415525,665.0620008969852
3756.245372908655,-0.0003249562694216224,0.022698449877251992,5.5110058418483865,200.8759670829083,663.5636784932472
3756.855464936735,-0.0003312873303913408,0.022498249907292114,5.524792912815505,201.31595764330717,663.1410607237381
3757.4655569648153,-0.000337402093034486,0.02229425882569595,5.538457092700202,201.76170841940976,662.7244997353708
3759.562133139139,-0.0003567340051118723,0.021566145242462448,5.584442031969379,203.33555765139724,661.3396614711218
3761.658709313463,-0.00037343888736869873,0.02080025471702886,5.628860824529263,204.97040373407404,660.0273108735173
3762.268801341543,-0.00037780229679813706,0.020571079007299285,5.641480906607763,205.45681907730273,659.6590749962455
3762.8788933696233,-0.0003819428507213551,0.020339308647419344,5.653960797565224,205.94782405567034,659.2969536495677
3764.975469543947,-0.00039446882201368805,0.019524950437341912,5.695754136684788,207.66832014452908,658.0991196131293
3767.072045718271,-0.0004043899588829541,0.01868706119118742,5.735815444478934,209.43642126972617,656.9726475745757
3767.682137746351,-0.00040679395652412723,0.018439603473922754,5.747140647886113,209.95916293898586,656.6581008931538
3768.2922297744312,-0.0004089843894357229,0.018190738759514113,5.758314851862423,210.4854201856066,656.349440346536
3770.388805948755,-0.00041490347476028333,0.017326644976810017,5.7955490279722985,212.31905240979657,655.3331513810273
3772.485382123079,-0.0004184074825010971,0.016452673077901256,5.830961210533429,214.18841931445044,654.3840930766326
3773.095474151159,-0.00041898786369019467,0.01619722295268949,5.840920752143905,214.73849968138023,654.1202529707568
3773.705566179239,-0.00041937626064063164,0.015941468192384647,5.850724714372854,215.29117194886805,653.8618518979496
3775.802142353563,-0.00041928521650979835,0.01506194196695799,5.883224801424269,217.20879096274444,653.0145517538767
3777.898718527887,-0.0004170913738866652,0.014184810961096018,5.913883405626893,219.15224221855937,652.2282008037843
3778.508810555967,-0.00041607790517556855,0.013930653013834284,5.92245971262331,219.7221359806727,652.0104325269633
3779.118902584047,-0.00041490250638585765,0.013677151335425264,5.930881465518101,220.29387134832135,651.797510514091
3781.215478758371,-0.000409678512462619,0.012812453682880125,5.958647975688591,222.27155943490757,651.1017768032441
3783.312054932695,-0.0004027420489040122,0.011960503693047634,5.984614944585719,224.2672547638085,650.4594082324008
3783.922146960775,-0.0004004250036907221,0.011715500456447033,5.991837003298262,224.85099495966674,650.2820629795303
3784.532238988855,-0.0003979809544300577,0.011471936989829712,5.998910266620345,225.43599794810328,650.1088931500826
3786.628815163179,-0.00038867003960273865,0.010647075802125079,6.022093718463294,227.45513482511507,649.5445539974556
3788.725391337503,-0.00037807519199773814,0.009843081588044112,6.043569660592837,229.48639414405295,649.0254300153158
3789.335483365583,-0.0003747751875519524,0.009613429437175892,6.049504584105977,230.07947876043994,648.8824036328584
3789.945575393663,-0.0003713848610693045,0.009385805430919771,6.05530018839495,230.673400351941,648.742859547028
3792.042151567987,-0.0003591033620217728,0.008619894556251067,6.074170694490483,232.72017254643092,648.2887746904803
3794.138727742311,-0.000345970345579186,0.007880625415411638,6.091463338306721,234.77483961620592,647.8717659297765
3794.748819770391,-0.00034201234083316767,0.007670762565041692,6.096207034409491,235.37402445789684,647.7569392411751
3795.358911798471,-0.00033799977455233813,0.007463319077813408,6.10082353663846,235.9737464979411,647.6449211189883
3797.455487972795,-0.0003238502418218279,0.006769432152472081,6.11573829601254,238.03835445702242,647.2803369453635
3799.552064147119,-0.0003092574853862412,0.00610567542646133,6.129229853720291,240.10794611023175,646.9451097586068
3800.162156175199,-0.00030494943663536046,0.005918318738786757,6.132897554838369,240.71099061302777,646.8526629609984
3800.772248203279,-0.00030061968012090406,0.00573358619927582,6.136451793457373,241.31436959781328,646.7623984701295
3802.868824377603,-0.0002856253095868798,0.00511901893906115,6.147822943381993,243.39014123314033,646.467879633661
3804.965400551927,-0.0002705529756813117,0.00453597024693072,6.157938646770768,245.46896647411847,646.1956768256318
3805.575492580007,-0.0002661712435858258,0.004372250086142604,6.160655921032538,246.07438119600457,646.1202896870552
3806.185584608087,-0.0002617965229892222,0.00421119181919789,6.163274110524647,246.67999800083908,646.0465224942209
3808.2821607824108,-0.00024685979841831675,0.003678014376833698,6.171538842931269,248.7625515869325,645.8045146315113
3810.378736956735,-0.00023215728328354043,0.0031759073963655076,6.1787182990106055,250.8469176841667,645.5785947879305
3810.988828984815,-0.0002279387023110226,0.00303556277068479,6.180612970951186,251.4537428297615,645.5155529411815
3811.598921012895,-0.00022375117754745165,0.0028977748332344004,6.18242274179988,252.06068570370851,645.4536397870423
3813.6954971872187,-0.00020963350827420075,0.0024435483809350993,6.188016905637585,254.14722101555034,645.2487367512018
3815.792073361543,-0.0001960055002325604,0.0020184073916352362,6.192689239062016,256.23478394125624,645.0545467423879
3816.402165389623,-0.00019214441629006294,0.0019000097628511358,6.193884456301857,256.84241189111265,644.9997756062659
3817.012257417703,-0.0001883336239309085,0.0017839464984887841,6.195008057885048,257.45010413261406,644.9457132992188
3819.1088335920267,-0.00017564975455875443,0.0014025074506237543,6.198343859670602,259.5388500230331,644.7647006237812
3821.205409766351,-0.00016365496139834836,0.0010469387506986964,6.200907065013997,261.6281223112294,644.5898493528401
3821.815501794431,-0.00016030355318035914,0.0009481223849629907,6.20151560230241,262.2361654845819,644.5398946487902
3822.425593822511,-0.00015701707236078042,0.0008513265184271287,6.2020643468167584,262.844238115604,644.4902955595692
3824.5221699968347,-0.0001462393861830512,0.0005335724477307285,6.20351232512524,264.93405078576353,644.3220307954396
3826.618746171159,-0.00013629770387764412,0.00023753824418871875,6.204316876497796,267.0240521459668,644.1561197797122
3827.228838199239,-0.00013356855897294668,0.00015522228908911595,6.204436669721521,267.63225057035123,644.1080898560921
3827.838930227319,-0.00013091473369270125,7.454542370986377e-05,6.20450660083685,268.24045384675446,644.0601207059684
3829.9355064016427,-0.00012238396444693285,-0.00019082111762468875,6.204381756928716,270.3305412631935,643.8952982872639
3832.032082575967,-0.00011478881445049,-0.0004392830499230953,6.203718272752824,272.4205634022883,643.7296520558202
3832.642174604047,-0.00011275873533646147,-0.000508690175944917,6.203429110356309,273.0287231604619,643.681133697203
3833.252266632127,-0.00011081061382637838,-0.00057688549895717,6.203097818449624,273.6368679024119,643.6324289631152
3835.3488428064506,-0.0001047498288528974,-0.0008026813444846512,6.201649596862021,275.72660845530487,643.4632659458704
3837.445418980775,-9.968265583796002e-05,-0.0010168118842184338,6.199740205685514,277.8160615323674,643.2905949442859
3838.055511008855,-9.839694230023919e-05,-0.0010772303367015542,6.199101467386223,278.42401462376364,643.2395515539706
3838.665603036935,-9.719651948216376e-05,-0.0011368910575315747,6.198425938590568,279.03193393571627,643.1881101150946
3840.7621792112586,-9.372568668992995e-05,-0.0013368551426358192,6.195831654498051,281.12075747500967,643.0079805635754
3842.8587553855828,-9.127016182393018e-05,-0.0015306066976066759,6.192824642990311,283.20906753927255,642.822001742596
3843.468847413663,-9.074661095667733e-05,-0.0015861257316811032,6.191873962584501,283.81664453453783,642.7666607907455
3844.078939441743,-9.030881337066976e-05,-0.0016413512140777476,6.190889338261485,284.4241674343891,642.7107325272141
3846.1755156160666,-8.945786667430844e-05,-0.0018296228915373864,6.18725062982239,286.5114707494431,642.5137723468804
3848.2720917903907,-8.961193969908705e-05,-0.0020171640446288467,6.1832179612700235,288.5980021837156,642.308807502841
3848.882183818471,-8.984415526050599e-05,-0.0020719025107800372,6.1819706968714865,289.2050104963789,642.2475427968382
3849.492275846551,-9.016000017411013e-05,-0.0021268069984866893,6.180689828558086,289.8119404458643,642.1855105801936
3851.5888520208746,-9.187890465618796e-05,-0.002317467505215817,6.176031755034245,291.8970144018466,641.9662106925465
3853.6854281951987,-9.456343265276279e-05,-0.0025127440777549365,6.1709691082678075,293.9809964939253,641.7367793950781
3854.295520223279,-9.552302657603152e-05,-0.0025707259426682484,6.1694185244593385,294.58719853414135,641.667992905219
3854.905612251359,-9.65617371116943e-05,-0.002629315391410664,6.1678322318081085,295.1932912778371,641.5982546479976
3857.0021884256826,-0.00010072664355179963,-0.002835973492560101,6.162104724731599,297.27524141751354,641.3510581208478
3859.0987646000067,-0.00010578991774503748,-0.003052305385533648,6.155933802283259,299.35568227253697,641.0914803375998
3859.708856628087,-0.00010742754011612183,-0.003117344028825468,6.154051899384135,299.9607688264637,641.013487909646
3860.318948656167,-0.00010913739258953477,-0.0031834009771110764,6.152129870101691,300.5657049737897,640.9343429852403
3862.4155248304905,-0.00011555257430596743,-0.003418800510778067,6.145211357886762,302.6433504972789,640.6532608469194
3864.5121010048147,-0.0001227706761515375,-0.0036684916531920034,6.137784330894899,304.7189239404688,640.3572840181278
3865.1221930328948,-0.00012501580871104192,-0.0037440763406422404,6.135523291761159,305.32247870092846,640.2682093000743
3865.732285060975,-0.00012732384807940595,-0.003821046241897854,6.133215597942524,305.92582701342633,640.177753685648
3867.8288612352985,-0.0001357197342064391,-0.004096673298383738,6.124918746420601,307.9975644520883,639.8560146469422
3869.9254374096226,-0.00014479328077947955,-0.004390613353058584,6.116024824481204,310.06645640192704,639.5164810185825
3870.5355294377027,-0.00014755309377851498,-0.004479791919773502,6.11331908371758,310.66790772187585,639.4141623443862
3871.145621465783,-0.00015036385755030001,-0.0045706651037451225,6.110558323014329,311.26907517751624,639.3101973047704
3873.2421976401065,-0.00016039211797200446,-0.00489633599946464,6.1006379471953425,313.33269321061954,638.9399485979582
3875.3387738144306,-0.00017094060619766201,-0.005243577255663712,6.090012165583787,315.392393884447,638.5485212225715
3875.9488658425107,-0.00017409818850541565,-0.00534883067995503,6.086781134352153,315.9909497672366,638.4304370705725
3876.558957870591,-0.0001772919519244471,-0.005456015875505117,6.083485231675926,316.5891144158148,638.3103971296764
3878.6555340449145,-0.00018851925428858748,-0.0058394340403702,6.0716485188152465,318.6415461412128,637.882477280964
3880.7521102192386,-0.0002000748905855487,-0.006246735288424255,6.058982904213711,320.6885745981703,637.4294473448285
3881.3622022473187,-0.00020348754329312725,-0.00636984253943365,6.055134400376908,321.2831370677879,637.2926673456499
3881.972294275399,-0.00020691861805510758,-0.006495030715099682,6.051210120705971,321.87715987354846,637.1535747014607
3884.0688704497225,-0.00021882137583687398,-0.006941311257567302,6.0371293419648255,323.91415996073744,636.657384295712
3886.1654466240466,-0.000230824991529616,-0.0074126525665554905,6.022086631168274,325.94370960119323,636.1315882471009
3886.7755386521267,-0.00023432330489891326,-0.007554547919901895,6.017521063460393,326.53276544246467,635.9727585076695
3887.3856306802068,-0.0002378193171074426,-0.007698569138924381,6.012868282901944,327.12107827663334,635.8112128774856
3889.4822068545304,-0.0002497824876058428,-0.00820974438953719,5.99619614004039,329.1368167752634,635.2347159372817
3891.5787830288546,-0.00026158489626675513,-0.008745832813667203,5.978426163144481,331.14231660714944,634.6235977475492
3892.1888750569346,-0.000264973733916959,-0.008906462815034486,5.973041493229789,331.72380366348847,634.4389712843457
3892.7989670850147,-0.00026833684883350635,-0.009069143922789867,5.967558247577145,332.3042730001208,634.251186193875
3894.8955432593384,-0.0002796606156392357,-0.009643681903543574,5.947945880541461,334.2908473857052,633.5810817005441
3896.9921194336625,-0.00029053355054339016,-0.010241488422274032,5.9271045587329105,336.2634463770803,632.8709421356753
3897.6022114617426,-0.00029359611085888725,-0.010419681888680572,5.9208020098983525,336.8345987842396,632.6564669975121
3898.2123034898227,-0.0002966075712714741,-0.010599719177584347,5.914390281010051,337.40436910056417,632.4383652375169
3900.3088796641464,-0.0003065264902962578,-0.011232109820178554,5.891507729293151,339.3512534858927,631.6604734778538
3902.4054558384705,-0.000315687654504891,-0.0118845018867284,5.867278355167659,341.27925596412604,630.8369518433709
3903.0155478665506,-0.00031819394504004387,-0.012077873458269257,5.8599687446736235,341.8364383423869,630.5884301668289
3903.6256398946307,-0.0003206230039854454,-0.012272741508319068,5.852540849177837,342.39176615022575,630.3358115970034
3905.7222160689544,-0.00032834053889778777,-0.012953228299092508,5.826099397471747,344.28524256793946,629.4357197817405
3907.8187922432785,-0.00033499325335408214,-0.013648779251088627,5.798215461792421,346.15355179200185,628.4845499447895
3908.4288842713586,-0.0003367124319954515,-0.013853690075286881,5.789825910314472,346.69210147073943,628.1978793605047
3909.0389762994387,-0.00033832905992335074,-0.014059610026627908,5.781311230078167,347.2282001815449,627.9066720332403
3911.1355524737623,-0.00034306328276436927,-0.014774141790179406,5.751086638000815,349.05085032231204,626.870672842395
3913.2321286480865,-0.00034644508331927625,-0.015497181484371965,5.71935505688986,350.840512707184,625.7787389495137
3913.8422206761666,-0.00034716009638976754,-0.01570877338947369,5.709835717297815,351.35461958072574,625.4502418208914
3914.4523127042467,-0.00034774979119091314,-0.015920756075120546,5.700187404199552,351.8655459789378,625.1168409046178
3916.5488888785703,-0.00034878594064559354,-0.016651205479578518,5.666042691689455,353.5959181542132,623.9331707866093
3918.6454650528945,-0.0003482235152741958,-0.017382151483349585,5.630366015782275,355.283895954547,622.6898538253491
3919.2555570809745,-0.0003477474935246224,-0.01759446523520515,5.619696393752617,355.766559436131,622.3166883469074
3919.8656491090546,-0.00034712790883954716,-0.01780643949998121,5.608897614732288,356.2451821243746,621.9383751987934
3921.9622252833783,-0.00034387681550378,-0.01853112239881372,5.570803864703366,357.8577784816352,620.5987122126363
3924.0588014577024,-0.0003388463746706032,-0.019247123864033485,5.531199862418244,359.41710314389803,619.1974632567591
3924.6688934857825,-0.00033704055832058794,-0.01945331050640103,5.5193942485604435,359.8602113688095,618.778092795498
3925.2789855138626,-0.0003350795202046271,-0.019658345488686453,5.507463485210341,360.2983064793483,618.3535082343653
3927.3755616881863,-0.00032714062703691595,-0.020352869608020185,5.465516954633942,361.7640458855193,616.8546213995483
3929.4721378625104,-0.00031733224070737746,-0.021028789465677402,5.422133803962336,363.1645025809851,615.2946229270403
3930.0822298905905,-0.00031412487381686483,-0.02122142160684513,5.409245293882091,363.55907588438686,614.8292972741133
3930.6923219186706,-0.000310759371082873,-0.021412049523706653,5.39624016903523,363.9475909402317,614.3589200380401
3932.7888980929943,-0.00029798610144405615,-0.022050512386940283,5.350673866467956,365.2348770948327,612.7042807805277
3934.8854742673184,-0.0002833684746645019,-0.022660261699761833,5.303799077946267,366.44432706644733,610.991975224602
3935.4955662953985,-0.00027877340050335147,-0.02283174724968195,5.2899216291297915,366.7809513336343,610.4831537895858
3936.1056583234786,-0.00027402794025397167,-0.023000388309318432,5.2759407082929695,367.11046004205417,609.9697118649248
3938.2022344978022,-0.0002565889071126343,-0.023556921738023213,5.227128538525482,368.1869088123683,608.1708018851753
3940.2988106721264,-0.00023746650792043456,-0.02407512825276315,5.17718973167848,369.17325998794973,606.3209998739306
3940.9089027002065,-0.00023159880363714635,-0.024218218036423045,5.16245771945531,369.44270363321425,605.7736299282722
3941.5189947282865,-0.0002256005934692765,-0.024357697347096512,5.147639755169321,369.70404093505283,605.2223568710654
3943.61557090261,-0.00020402753878225694,-0.02480831135446725,5.096091460145971,370.538793797062,603.2993654237407
3945.7121470769343,-0.00018108107677678134,-0.025212256082843016,5.043647341380153,371.27248689265775,601.3356275459345
3946.3222391050144,-0.0001741672617299406,-0.02532062254085314,5.028232161265846,371.46645101688705,600.7571902017395
3946.9323311330945,-0.0001671555554000482,-0.025424754601821076,5.012752342252755,371.65147265909997,600.175840573254
3949.028907307418,-0.00014236885127946335,-0.025749385067500876,4.959097854401616,372.2178632759335,598.1574712400819
3951.1254834817423,-0.00011666798544856841,-0.026021090015050763,4.904818235240832,372.67457838062074,596.1115177716655
3951.7355755098224,-0.00010904683797846919,-0.0260899383972654,4.888921662021306,372.78648301473595,595.5117787196833
3952.3456675379025,-0.00010137229191313198,-0.026154138045178032,4.872984602393823,372.8888479309436,594.910344087849
3954.442243712226,-7.466567529738173e-05,-0.026338734038496698,4.817947106958019,373.1670386064322,592.8325686529942
3956.5388198865503,-4.763001132701052e-05,-0.02646699263929999,4.762581649778178,373.3301958125317,590.7426242732578
3957.1489119146304,-3.9736100358592564e-05,-0.02649363402553568,4.746425948987999,373.35587174914633,590.1330770115019
3957.7590039427105,-3.184178031069705e-05,-0.026515478248314957,4.730255458374033,373.3717146892452,589.5231972103157
3959.855580117034,-4.796304412709039e-06,-0.026553829241548838,4.674613687701217,373.350836222018,587.4269954544654
3961.9521562913583,2.1927077670808362e-05,-0.02653581498150038,4.618950598273267,373.2134216597966,585.3351992228169
3962.5622483194384,2.9606668509056845e-05,-0.02652008236875807,4.602765895155874,373.1515738698989,584.7282564377648
3963.1723403475185,3.723203132848429e-05,-0.026499699178790102,4.58659210766684,373.07993631545384,584.1223894883802
3965.268916521842,6.293626476272843e-05,-0.026394528786743837,4.53113447621826,372.7593005201327,582.0507524928183
3967.3654926961663,8.769518243176295e-05,-0.02623645847455533,4.4759527968639805,372.32463812634745,579.9999964200972
3967.9755847242463,9.469033474105062e-05,-0.026180808671159177,4.459962977437812,372.1769828395926,579.4080500859395
3968.5856767523264,0.00010158301292813847,-0.02612093717276559,4.444008205935257,372.0199106515256,578.8185271712078
3970.68225292665,0.00012441525237283452,-0.025883772860925088,4.389484189661673,371.4090366511699,576.8131987643175
3972.7788291009742,0.00014579928721043448,-0.025600257155495746,4.335505996047415,370.69034256802206,574.8439159988937
3973.3889211290543,0.0001517264956594582,-0.02550948472804291,4.319915106317737,370.46139032476,574.2784235118062
3973.9990131571344,0.0001575157745281556,-0.025415147953328884,4.3043804254049824,370.2236793601145,573.7165477349118
3976.095589331458,0.00017630804511855927,-0.02506489379936737,4.251456240957795,369.3411405595276,571.8150522033085
3978.192165505782,0.00019332244213335107,-0.02467710394231434,4.199305739255151,368.3599749780208,569.9624882633476
3978.8022575338623,0.00019792647195164044,-0.02455774336553928,4.184286846838756,368.056512826095,569.4332335475476
3979.4123495619424,0.00020237258763309348,-0.02443562634320109,4.169341320334006,367.7451638914964,568.9085676821219
3981.508925736266,0.00021642159935516902,-0.023996273775261888,4.118565942027899,366.61652636675376,567.1419858929513
3983.60550191059,0.00022854970354710858,-0.023529480048553743,4.068740466087692,365.4004927355462,565.43434540216
3984.2155939386703,0.00023171521420847072,-0.02338906892036957,4.054428207826874,365.0308797299708,564.9489737356535
3984.8256859667504,0.00023471827613302736,-0.023246775193050944,4.040201882827147,364.65438154924533,564.4689085044556
3986.922262141074,0.00024379788581829529,-0.022744822529732842,3.9919864587399103,363.3096691681346,562.8606573243062
3989.018838315398,0.00025098943877119317,-0.022225813000456854,3.9448412971566094,361.8898219880639,561.3182868384633
3989.6289303434783,0.0002527337962075029,-0.02207214802916628,3.931328480492836,361.46323394136493,560.8821420701362
3990.2390223715583,0.000254325097486163,-0.021917460198481332,3.9179094381722455,361.0308100260289,560.4517658376379
3992.335598545882,0.00025864609946833034,-0.021379420818151383,3.8725205629618147,359.5019553936724,559.0173935257475
3994.432174720206,0.0002612626911324485,-0.020834108841048443,3.8282673520735884,357.91035088061875,557.6529285744289
3995.0422667482862,0.0002617177188657422,-0.020674572612514815,3.815605419301131,357.4360937114843,557.2691572489779
3995.6523587763663,0.00026204037142274185,-0.020514790467657085,3.8030406443680542,356.95702890123255,556.891385729448
3997.74893495069,0.000262176294585834,-0.019965014658910096,3.7606063546823805,355.2756756030441,555.6391997877716
3999.845511125014,0.00026090579513603814,-0.01941642821296842,3.719323465063682,353.5433750333119,554.4584396617314
4000.455603153094,0.0002602908326177789,-0.019257438976647542,3.707526290175253,353.03034537536416,554.1282853526251
4001.0656951811743,0.0002595720098790989,-0.019098845883639658,3.69582579672615,352.51346553417176,553.8041717312769
4003.162271355498,0.00025635734591430656,-0.01855782170572712,3.6563521285784786,350.70933297910653,552.7364086447811
4005.258847529822,0.0002521033851032431,-0.018024626798194582,3.6180045515010777,348.8650071300967,551.7396123680113
4005.868939557902,0.0002506916978003822,-0.017871253218773347,3.607054785432152,348.3213317596075,551.4628099531466
4006.4790315859823,0.00024920845553075234,-0.01771875135999496,3.596198190054981,347.77466322426045,551.1919451449055
4008.575607760306,0.0002436176563546527,-0.017202013841540676,3.5595933350944815,345.8745286607352,550.3061761654949
4010.67218393463,0.00023737564503264187,-0.016697680517369196,3.524058856534452,343.94366590414455,549.4894876244242
4011.28227596271,0.00023545826133240428,-0.016553448121445994,3.5139158454242576,343.3765119067536,549.2646764417426
4011.8923679907903,0.00023350159299106004,-0.016410386678506094,3.503860397258934,342.80710901157096,549.0456004068138
4013.988944165114,0.00022652844186392477,-0.01592809321610715,3.4699629601574515,340.83434171982157,548.3361195125527
4016.085520339438,0.00021927221707966364,-0.015460716238963862,3.4370610512644677,338.8389625339939,547.6928985156968
4016.695612367518,0.000217126832966902,-0.01532759911952772,3.4276692885714737,338.2544850427588,547.5179957457043
4017.3057043955982,0.00021497142900999433,-0.015195784532954953,3.418358322367461,337.66839069999565,547.348564047794
4019.402280569922,0.00020753278749721709,-0.01475288475189856,3.3869662072610085,335.6429067492995,546.8075888205101
4021.498856744246,0.00020013052463203218,-0.01432554251410428,3.3564863564958616,333.6016409984112,546.3295132471317
4022.108948772326,0.00019799937310685254,-0.014204099623039574,3.347783566519383,333.0050254555194,546.2020146518242
4022.719040800406,0.00019588257089459804,-0.014083945044653042,3.3391545009461447,332.4073214113514,546.0796901211526
4024.81561697473,0.00018875400659585967,-0.013680785889216156,3.310051622237798,330.3458096484646,545.6982922841811
4026.912193149054,0.00018191612555720614,-0.013292267592046448,3.2817786495718906,328.27419031893356,545.3761771327125
4027.522285177134,0.000179993112185008,-0.013181873585838019,3.2737028546936093,327.6697478970026,545.2933743923757
4028.132377205214,0.00017810297626123626,-0.013072637344443947,3.2656941182403307,327.0646539480532,545.2154352203215
4030.228953379538,0.00017188530400102958,-0.012705831595326735,3.23867304710147,324.98093957083915,544.9841857426627
4032.325529553862,0.0001661415228154396,-0.012351564895361882,3.21240786762096,322.89179049178307,544.8085239599671
4032.935621581942,0.00016456731427474545,-0.01225068802006937,3.2049030589399123,322.283073408272,544.7676432512213
4033.545713610022,0.0001630384836715151,-0.012150754382683392,3.197459591470623,321.6740633949003,544.7313134616421
4035.642289784346,0.00015814821506110292,-0.011814160611764988,3.172339140525645,319.5795072479886,544.6406713166074
4037.73886595867,0.000153844154302143,-0.01148720514679393,3.1479142803398927,317.48333655909744,544.601936515401
4038.34895798675,0.00015270612893321397,-0.01139369704670617,3.1409345400434177,316.87325018440595,544.6002116217068
4038.95905001483,0.00015162010496602856,-0.011300866028025288,3.1340117391370126,316.2631627885674,544.602727834911
4041.055626189154,0.00014829289891909352,-0.010986581100940614,3.1106491769544693,314.16702940204084,544.6432239939613
4043.152202363478,0.0001455970197435302,-0.010678610102342638,3.0879389182459827,312.0723743967086,544.7319908368695
4043.762294391558,0.00014493188035725912,-0.010589988369319542,3.081450986322279,311.4632725883327,544.7666875059787
4044.372386419638,0.00014431996862127394,-0.010501756629061595,3.0750171026346464,310.8544043356375,544.8053188668335
4046.468962593962,0.00014262303965956982,-0.010201065326256423,3.0533150897658747,308.76416246757475,544.9675940584538
4048.565538768286,0.000141542169230089,-0.009903285957461549,3.0322404465726542,306.6778597133174,545.1745347285188
4049.175630796366,0.00014134096318225257,-0.00981699550654379,3.0262248093353867,306.07161753649217,545.2429430750029
4049.785722824446,0.00014118939267865132,-0.009730814637191767,3.020261876956789,305.46579290760513,545.3149810187207
4051.88229899877,0.00014103975483272736,-0.009435053003824741,3.000170480594552,303.38733639789604,545.5897332111629
4053.978875173094,0.00014143855297612688,-0.00913903017868607,2.980699444830332,301.3147124178281,545.9055433210876
4054.588967201174,0.00014165260646540787,-0.009052675181486274,2.9751500861837434,300.7127761420348,546.0049532097934
4055.199059229254,0.0001419087518167878,-0.008966179926123872,2.9696535338971333,300.1113952119793,546.1076857201261
4057.2956354035778,0.00014309670137167938,-0.008667488947442518,2.951167853181702,298.0491892905084,546.4855753598416
4059.392211577902,0.00014472446898759647,-0.008365846285994181,2.933311495069539,295.994182036696,546.9008734912159
4060.002303605982,0.00014527382637965995,-0.008277383242120448,2.928234491185105,295.39760021841255,547.0285449959872
4060.612395634062,0.00014585481791285317,-0.008188579355008233,2.923211621416723,294.8016679760747,547.159227098756
4062.7089718083857,0.0001480751607237325,-0.007880509199262432,2.906365718290988,292.7588376206769,547.6307776785804
4064.80554798271,0.0001505996526670271,-0.0075674650897682725,2.8901709218502685,290.72406836632166,548.1360116951201
4065.41564001079,0.000151383410288497,-0.007475345233490478,2.8855821232052272,290.13351019134535,548.2891494223653
4066.02573203887,0.00015218676077362363,-0.007382745496758754,2.881049709581481,289.5436538897488,548.4449783167739
4068.1223082131937,0.0001550773619460011,-0.007060671859170417,2.865907759375943,287.5220371587973,549.0004981608067
4070.218884387518,0.00015812640355812924,-0.006732371764809078,2.851447588205808,285.5088569158704,549.585879560768
4070.828976415598,0.0001590353810030895,-0.0066356210568953465,2.8473696939389948,284.92462493962336,549.7616161591285
4071.439068443678,0.0001599518051191839,-0.006538317570519833,2.8433510094600534,284.34110664261334,549.939715922938
4073.5356446180017,0.00016313881918804876,-0.00619962903217669,2.829996800685997,282.34129758095577,550.5692552183207
4075.632220792326,0.00016634594714676538,-0.005854237590918405,2.8173597048052197,280.3498321250061,551.224731117289
4076.242312820406,0.00016727578052276078,-0.005752465502599459,2.813819095588462,279.7718762318012,551.4201219501554
4076.852404848486,0.00016820217564095263,-0.005650130609884417,2.8103407423054727,279.19460727042264,551.6175394412218
4078.9489810228097,0.00017134282507221977,-0.0052941727218343195,2.798866826797613,277.21601042558507,552.3108854473862
4081.045557197134,0.00017438669530348477,-0.004931731675497165,2.788146000334498,275.2452240014708,553.0261473009215
4081.655649225214,0.00017524857095500837,-0.004825074677257413,2.7851697064146705,274.67316198724086,553.2381753569013
4082.265741253294,0.00017609837632996753,-0.004717898052268362,2.782258619303403,274.10172452080957,553.4518861102576
4084.3623174276177,0.0001789139340831028,-0.004345711019116729,2.772756347936626,272.1426371784824,554.1985904688959
4086.458893601942,0.00018154715255287444,-0.003967812098761007,2.7640403827392555,270.1904281293327,554.963110862024
4087.068985630022,0.00018227539840559104,-0.0038568275489692257,2.7616534997409237,269.6235761916862,555.1886989717061
4087.679077658102,0.0001829858851611574,-0.0037454055398611656,2.759334427983355,269.05725490059126,555.4156200024785
4089.7756538324256,0.00018528406055066731,-0.0033593122572381606,2.751885837357293,267.114985429633,556.2050465232657
4091.8722300067498,0.00018735165615583278,-0.002968642388890157,2.7452515182889385,265.1783190497846,557.0081312414565
4092.48232203483,0.00018790842305516935,-0.0028541693226320935,2.743475294236505,264.61573315276263,557.244157737164
4093.09241406291,0.00018844502106588398,-0.002739362980110686,2.7417689734248634,264.05355778028695,557.4811633399814
4095.1889902372336,0.00019013256261222336,-0.0023424628535370718,2.7364411815633316,262.1245806744459,558.3025426477108
4097.285566411558,0.00019158111143624589,-0.001942275200787941,2.731948967325285,260.1996571385531,559.133384416971
4097.895658439637,0.0001919583809654158,-0.0018252771741495194,2.7307996982626306,259.64018414604266,559.3766983274753
4098.505750467717,0.0001923164528102789,-0.001708053928546493,2.7297218417350724,259.0809815814393,559.6206349981203
4100.602326642042,0.00019340314839973622,-0.0013036723114810697,2.7265643250460023,257.16112325554894,560.4631130979379
4102.698902816365,0.00019428176684394807,-0.0008972304791266167,2.724256784919748,255.24357270359945,561.3108347663081
4103.308994844446,0.00019450112059198074,-0.0007786337566642355,2.7237455794340644,254.6859086549563,561.5582671493208
4103.919086872525,0.00019470545364979962,-0.0006599058191842099,2.723306741003582,254.12836180421058,561.8059643062314
4106.01566304685,0.00019530070488659452,-0.0002510423842648951,2.7223516126258875,252.2130068384066,562.6586342699258
4108.112239221174,0.00019575501201017653,0.00015892129018038487,2.7222548509523836,250.2981003068353,563.512311615479
4108.722331249253,0.00019586538232585333,0.0002783827206777215,2.7223882569913584,249.74085241224438,563.7606803602949
4109.332423277333,0.00019596777089950237,0.00039791192836585346,2.7225945514904226,249.18356239283338,564.0089542803751
4111.428999451658,0.00019627065871845095,0.0008090983208667,2.723859742889673,247.2678681454668,564.8608627929422
4113.525575625981,0.0001965305083383696,0.001220874624320911,2.7259876362792688,245.35073229250267,565.7095196113701
4114.135667654062,0.00019660420477933188,0.0013407971059779522,2.7267690654385612,244.79248120269318,565.9556257353571
4114.745759682141,0.00019667925134450235,0.001460768522211985,2.7276236761273522,244.2340294610998,566.201274796033
4116.842335856466,0.00019696281097478097,0.0018734051458532612,2.731118732474923,242.31313783176049,567.0413974962561
4118.93891203079,0.00019732456033593943,0.0022867182392227988,2.735479622071428,240.3889632359438,567.8739675903998
4119.549004058869,0.0001974517333883629,0.002407140635275671,2.7369114549261724,239.828322850032,568.1145815803559
4120.159096086949,0.0001975911944038587,0.002527648339329709,2.7384168059253273,239.2673305867385,568.3543714079946
4122.2556722612735,0.00019818175917116882,0.002942495110563847,2.744150836711063,237.33656898119116,569.171552553617
4124.352248435597,0.0001989858218495958,0.0033588038531353784,2.7507561579204975,235.40080589621076,569.9768046436061
4124.962340463678,0.00019926761480583603,0.0034802862047476762,2.7528423692021153,234.83647931329497,570.2086417674888
4125.572432491757,0.00019957335791718966,0.003601951834527566,2.7550027970668056,234.27166300508665,570.4392792562948
4127.669008666082,0.00020082522293890582,0.004021623445887752,2.7629939772349665,232.3267318417277,571.22213243265
4129.765584840406,0.0002024288103654224,0.004444288394032875,2.7718681687838354,230.37527323554033,571.9885551711917
4130.375676868485,0.00020296903507997612,0.004567949581669388,2.774617270902328,229.80610529877953,572.2082390347881
4130.985768896565,0.00020354458150594754,0.004691954869949593,2.7774419892333415,229.23632899911098,572.426334560004
4133.0823450708895,0.00020580953202487624,0.005120992123328663,2.7877278671758057,227.2734799355959,573.1631025063521
4135.178921245213,0.00020855404880278008,0.005555280741598026,2.7989187593448546,225.302838953854,573.8787484352559
4135.789013273294,0.0002094493060680681,0.00568278693980509,2.802346820493589,224.72786804203406,574.0827626155085
4136.399105301373,0.00021038972600593642,0.005810856069838085,2.80585292878704,224.15219537823634,574.2847803639675
4138.495681475698,0.0002139809298045128,0.006255617179727638,2.818500646982319,222.16841234584575,574.9631544242416
4140.592257650022,0.000218153613859735,0.006708517080764384,2.832089372521659,220.1759095187168,575.6154448473295
4141.202349678101,0.0002194816873020337,0.006842012071562169,2.8362228190444823,219.59442365842662,575.8000735043304
4141.812441706181,0.00022086184373834114,0.006976334867868905,2.840438060020317,219.01217487451112,575.9822709941529
4143.909017880505,0.00022601195260285278,0.007444675565846504,2.855553429787563,217.00537841811123,576.5891753029751
4146.005594054829,0.00023180184280092295,0.007924484534514966,2.8716627335551976,214.9893623310591,577.1646738024392
4146.61568608291,0.00023360852012626926,0.008066452844615603,2.8765405971979563,214.4009671267086,577.3259340860225
4147.225778110989,0.00023546969138762682,0.008209539825844414,2.8815055177883777,213.81178892663485,577.4842939767427
4149.322354285314,0.00024228374571097608,0.00871025208627316,2.899239721745923,211.78109243205589,578.0056474057624
4151.4189304596375,0.0002497329858221272,0.00922591638834127,2.918039381146002,209.7412252120116,578.4898192194715
4152.029022487717,0.0002520176142753524,0.009378971397329652,2.923714605364777,209.14593319496083,578.6233913666509
4152.639114515797,0.0002543530059276629,0.009533433113504096,2.9294837309432893,208.54989117821964,578.7535518906471
4154.735690690121,0.00026275799897846887,0.010075418616891728,2.9500362774151347,206.49594397825464,579.1740330713423
4156.832266864445,0.00027171133058431817,0.010635600645230016,2.971744212980542,204.4335881634644,579.5510217711944
4157.442358892526,0.00027441228127332394,0.010802193378038219,2.9782835979547597,203.83194040350614,579.6521873079615
4158.052450920605,0.00027715261409552385,0.010970440508687966,2.9849251974229767,203.2296449789839,579.7493823423702
4160.14902709493,0.00028684991865652584,0.011561613922592175,3.0085416627149955,201.15509982859462,580.0522405395405
4162.2456032692535,0.000296911945337731,0.012173500808047867,3.0334192817869683,199.07384329836205,580.3047129591665
4162.855695297333,0.00029989542624006614,0.012355556919731928,3.040901650441819,198.46707362061076,580.3683174752116
4163.465787325413,0.00030289845258691,0.012539430770705927,3.0484956799613445,197.8598495110821,580.4273434851316
4165.562363499737,0.000313333653432212,0.01318540563989342,3.075458882495175,195.76998696156164,580.594320601311
4167.658939674061,0.000323848449644099,0.013853342141422035,3.1037994426665114,193.67633347121145,580.7034549232311
4168.269031702142,0.00032690453956866594,0.014051857080623436,3.112311710611039,193.06658206779608,580.7239190703111
4168.879123730221,0.00032995190032072204,0.014252222669642647,3.1209456376288918,192.4566875211375,580.7391533934219
4170.975699904546,0.0003403107661162878,0.014954903500848738,3.1515593805698243,190.36021232837163,580.7506075072462
4173.072276078869,0.0003503693554245928,0.01567898770701037,3.183668784302606,188.26444150944766,580.6963242450215
4173.682368106949,0.00035321653185180815,0.01589362221266659,3.193299818515023,187.65501654535018,580.6677336507657
4174.292460135029,0.0003560194784154522,0.016109966904923136,3.203062236602107,187.0459095648332,580.6332354948383
4176.389036309353,0.0003652566945764857,0.016866203988275028,3.237627518324113,184.95589905648427,580.4685786868334
4178.485612483677,0.00037373917364416035,0.0176410164170433,3.273797781010528,182.87305644501225,580.2301334399134
4179.0957045117575,0.0003760389621455648,0.017869744672910755,3.2846301864072145,182.2687280624131,580.1464429913754
4179.705796539837,0.000378253914010279,0.018099835482211387,3.2956023918447834,181.66536205344258,580.0561728238077
4181.802372714162,0.0003851535800965621,0.01890032546958057,3.3343869220087465,179.60028946075613,579.6947468122042
4183.898948888485,0.00039079974163874407,0.019713967098596248,3.374863527117274,177.5512016059128,579.2518065434738
4184.509040916565,0.0003921790238073905,0.019952825668994527,3.3869637825178835,176.95849208883752,579.1071935378206
4185.119132944645,0.00039343069411807487,0.02019247200329552,3.399209762773871,176.36760202382155,578.9553846683614
4187.215709118969,0.00039669125154466966,0.021021054588605263,3.4424125393738545,174.3522797568366,578.3778835429307
4189.312285293293,0.0003981937296608607,0.02185463020733322,3.487357736618106,172.36440523627442,577.7121799225962
4189.9223773213735,0.00039827334709794217,0.022097605230579676,3.5007653306369355,171.79181366887352,577.5015693898671
4190.532469349453,0.0003981840016137161,0.0223405637319128,3.5143208381567854,171.22212817929972,577.2832728996793
4192.629045523778,0.00039652412183194773,0.023174034921220107,3.5620342646079868,169.28832639724234,576.4737667617637
4194.725621698101,0.0003926427302361356,0.024001697261754548,3.611489037549703,167.3961648339271,575.5713442904574
4195.335713726181,0.00039107237687588007,0.02424078319723907,3.6262054427298933,166.85423949018121,575.2911035780087
4195.945805754261,0.00038929749934453744,0.02447883801624441,3.641067012860408,166.31652979040783,575.0028996148161
4198.042381928585,0.0003815844008541628,0.02528739649324075,3.693239662966499,164.50294741113026,573.9514008348721
4200.138958102909,0.00037128328625576625,0.026077070885256515,3.747087721549684,162.74766455201453,572.8053412052534
4200.749050130989,0.0003677830646524086,0.02630253631427479,3.763066230664924,162.24882119901557,572.4540966756103
4201.359142159069,0.0003640535482271489,0.026525790360827153,3.77918118905734,161.75568465500965,572.0949189526343
4203.455718333394,0.000349453022262352,0.027274239273005086,3.835584979484333,160.1069223461549,570.8002592303178
4205.552294507717,0.0003320566567113477,0.02798914622498077,3.8935227884309938,158.5348545631732,569.4135700177138
4206.162386535797,0.0003264632472286161,0.02819003896473161,3.910660425836518,158.09284770308255,568.9930393012123
4206.772478563877,0.00032063176247967254,0.028387446989713933,3.9279191167061094,157.6581363017938,568.5649992179316
4208.869054738201,0.00029876765301110924,0.029037242845765282,3.9881252541861603,156.22239403473927,567.0375720607831
4210.965630912525,0.0002741171286063377,0.029638277965248486,4.049642622876914,154.8822199275792,565.4257131259383
4211.575722940605,0.0002664280338999216,0.029803178832518692,4.06777546788697,154.5112206328866,564.9413851908599
4212.185814968685,0.0002585124422235343,0.029963327573514602,4.086007043782762,154.14907597136445,564.4504220907005
4214.28239114301,0.0002296080944581085,0.030475458267017013,4.1493753517052365,152.97451213387532,562.7141533890053
4216.378967317333,0.00019818678705933314,0.030924350294860528,4.213751088297987,151.91315049639306,560.9065161872588
4216.989059345413,0.00018859322229404586,0.031042339925417144,4.2326542833072915,151.62647396820867,560.3679740870646
4217.5991513734925,0.0001788076643895991,0.031154434128379413,4.251627305546449,151.3500240475051,559.8241253969624
4219.695727547817,0.00014377715710563134,0.03149294038164315,4.317312994764057,150.48006557190718,557.9169634306368
4221.792303722141,0.00010677527690297884,0.031755935941214807,4.383629231166465,149.73774773254092,555.9566224209063
4222.402395750221,9.567547038607538e-05,0.03181768968171566,4.403022618195484,149.54639156932507,555.3773210352006
4223.012487778301,8.444102882382436e-05,0.03187265402417247,4.42245135860471,149.36628357954964,554.7944311693773
4225.109063952626,4.490520571288061e-05,0.03200845028689407,4.489431855328806,148.83458704286082,552.7667973096786
4227.205640126949,4.200929349435947e-06,0.03206013180922395,4.556608882781576,148.43994542385929,550.708103630233
4227.815732155029,-7.81248104781579e-06,0.032059019658086246,4.57616864367658,148.3512073792086,550.1045072179114
4228.4258241831085,-1.988388391114323e-05,0.032050589535471664,4.5957253863793985,148.27425409829874,549.499294883463
4230.522400357433,-6.168078050725158e-05,0.031965116917438946,4.6628476312866685,148.10033032604514,547.4103455249019
4232.618976531757,-0.00010365309459104033,0.03179183003377951,4.72969862169087,148.06657096444926,545.3144274888451
4233.229068559837,-0.0001158414424461547,0.03172485706741375,4.749074528058307,148.08306062397773,544.704569369399
4233.839160587917,-0.00012800007411516647,0.03165048780119703,4.768407374511729,148.111313885129,544.0951351071715
4235.9357367622415,-0.00016941422763568743,0.03133855908396674,4.834453051868338,148.29786785811544,542.0072712593208
4238.032312936565,-0.0002099535390865866,0.030940719525705235,4.899754687597099,148.62099516747222,539.9361098308126
4238.642404964645,-0.00022152894270918372,0.03080907636546768,4.918591506298619,148.7402973195369,539.3378105148128
4239.252496992724,-0.00023298880391329168,0.03067043411931901,4.937346091263467,148.87079326975808,538.7418377476209
4241.349073167049,-0.0002713561290450362,0.030141416770764443,5.001108150215883,149.40350022072528,536.714454968981
4243.445649341373,-0.0003079001184863843,0.029533870783549233,5.063678763363102,150.06309673669261,534.7246784846595
4244.055741369453,-0.0003181444225635611,0.029342876111626764,5.0816390511244816,150.27818573024706,534.1537765803462
4244.665833397533,-0.00032820165634974037,0.029145709944500373,5.099481281835351,150.50343946567713,533.5867870117647
4246.7624095718575,-0.00036123023816640276,0.028422540931714074,5.159841024588009,151.35324573351616,531.670535264166
4248.858985746181,-0.00039170739813070547,0.027632799606352378,5.218614801456238,152.3156197223237,529.8081968324201
4249.469077774261,-0.00040006368401531144,0.027391251897509027,5.235399721577484,152.61591860506596,529.2771494744068
4250.07916980234,-0.0004081825438814078,0.027144692046306464,5.252036191221761,152.92504035172257,528.7511619694496
4252.175745976665,-0.0004342013098666124,0.02626110534703093,5.30802983202962,154.0523888919613,526.983833036496
4254.272322150989,-0.0004572109379230573,0.025326122766348838,5.362117088325616,155.27527480777175,525.2811223581784
4254.882414179069,-0.0004633237058366468,0.02504529899420854,5.377482634961981,155.6480881381427,524.7982136896453
4255.492506207149,-0.0004691720248740686,0.024760832020150402,5.392676238024602,156.02823749770343,524.3210269831175
4257.589082381473,-0.00048721913091599717,0.023757700873284777,5.443543664144475,157.38816813697264,522.7256730873781
4259.685658555797,-0.0005020742236707717,0.022720078743379113,5.492271792915468,158.82586051654704,521.1999214453075
4260.295750583877,-0.0005057945338500905,0.022412617780627593,5.506039197745496,159.257851036311,520.769136241225
4260.905842611956,-0.0005092457880203552,0.022102967257671885,5.519618860525273,159.69570013731925,520.3442723003838
4263.002418786281,-0.000519055114964655,0.021024465930842628,5.564831856056041,161.24272015489683,518.9295283933776
4265.098994960605,-0.0005257408337013071,0.019928673044128813,5.607765564864762,162.85061445242079,517.5842620748942
4265.709086988685,-0.0005271096823998065,0.019607494814583383,5.619825703163169,163.3290464067265,517.2057165264013
4266.319179016765,-0.0005282244776121421,0.01928555090702486,5.631690137363732,163.8119855205414,516.832902027834
4268.415755191089,-0.0005301487046010334,0.01817557364285317,5.670960371533,165.50389157746383,515.5949916485746
4270.512331365413,-0.0005292267741719445,0.01706454568313802,5.707902352384537,167.2417759016556,514.4223935869135
4271.122423393493,-0.000528444131105626,0.016741901311883838,5.71821461770661,167.7553671936499,514.0931206334116
4271.732515421572,-0.0005274378723999085,0.0164197900438633,5.728330623970785,168.27230962309486,513.7690984513303
4273.829091595897,-0.0005223280109502417,0.015318911106238535,5.7615996122937165,170.0725839103562,512.6947815448741
4275.925667770221,-0.0005148035395957123,0.014231276589181635,5.792574408033506,171.9064748929099,511.6788070837368
4276.535759798301,-0.0005121875409534191,0.013917994934872988,5.801160952575582,172.44582845254962,511.3936798652009
4277.145851826381,-0.0005093888496111406,0.013606349671645871,5.809557210305394,172.98759775943228,511.11313658649766
4279.242428000705,-0.000498445974245953,0.012549518161232993,5.836971740340997,174.86641166348414,510.1828943805632
4281.339004175029,-0.0004856127555264341,0.011517610847008345,5.862196670349533,176.76909095550934,509.30239871381434
4281.949096203109,-0.0004815538352812676,0.01122258171457337,5.869133194727962,177.32677052104077,509.05501979456795
4282.559188231188,-0.00047735839729314244,0.010930054196938394,5.875890745461966,177.8861429516823,508.81146373271883
4284.655764405513,-0.0004619739498220033,0.009945130322789464,5.897768073133411,179.82026807806244,508.00240925268173
4286.7523405798365,-0.00044525610105548293,0.008993858903357006,5.917615710344168,181.77087692073556,507.2338662305314
4287.362432607917,-0.00044017172887043644,0.008723766355533003,5.923020134104375,182.3412384955722,507.0173178072731
4287.972524635997,-0.00043499764143519663,0.008456787169893704,5.928260896522035,182.9127542482892,506.8038103041636
4290.069100810321,-0.00041660628229955496,0.007563922623669142,5.945048333967004,184.88478124690647,506.0920480594902
4292.165676984645,-0.0003974233583561938,0.006710446750779944,5.960005103554483,186.8678755193813,505.4116671169032
4292.775769012725,-0.00039172156104914056,0.0064697266806975455,5.96402542073381,187.44676945466978,505.219080481851
4293.385861040804,-0.00038597407324986226,0.006232484622754017,5.9679000248410174,188.02642632545678,505.0287847761295
4295.482437215129,-0.0003659424696901608,0.0054442074217696725,5.9801331698198235,190.0236655676115,504.391139379925
4297.5790133894525,-0.0003456129719870223,0.004698240282423896,5.990757984733861,192.0280740519401,503.7763575208699
4298.189105417533,-0.00033966688809211897,0.004489204932239407,5.993560368797883,192.6125104175095,503.6013041732477
4298.799197445613,-0.00033371407875155593,0.004283786792055428,5.996236339408461,193.19742921492465,503.42785785142377
4300.895773619937,-0.00031326527308184627,0.0036055880291383743,6.004499209643046,195.21077339225914,502.8430158923099
4302.992349794261,-0.00029294229684747664,0.0029701298394837292,6.011384988943626,197.2284965516852,502.27343823208724
4303.602441822341,-0.00028707337379714004,0.0027932054148080187,6.013142898931529,197.8163346704945,502.1101681095238
4304.21253385042,-0.00028123014681272966,0.0026198436702425548,6.014793908257257,198.4044537187312,501.94790614339746
4306.309110024745,-0.0002613943656034357,0.0020510983482048763,6.019683220657174,200.42737234020157,501.3970726858406
4308.405686199068,-0.00024202500272663775,0.0015234513116681137,6.023423198008737,202.4526521196399,500.8549715938977
4309.015778227149,-0.00023649272129722452,0.001377488424103258,6.02430798396889,203.04234527318837,500.6985312048472
4309.625870255229,-0.00023101125843440312,0.0012348777532581283,6.02510464694514,203.63217207418623,500.54259255672235
4311.722446429553,-0.00021259851156135522,0.000769972544435743,6.027199694685775,205.65991320029588,500.00977535852707
4313.819022603877,-0.00019490481366562116,0.0003429172915342423,6.028359710900162,207.68851984627844,499.4802588086644
4314.4291146319565,-0.00018990271678767545,0.00022553992463636763,6.028533019525574,208.2789236605247,499.32652059276086
4315.039206660036,-0.00018496916242749007,0.00011118842811188226,6.028635511802858,208.86935022427843,499.17286929056877
4317.135782834361,-0.0001685628560548164,-0.0002592601808005176,6.028474442544393,210.89835810757202,498.644892961297
4319.232359008684,-0.00015304253414477498,-0.0005962404856208988,6.0275717839831415,212.9270846256262,498.1158376202859
4319.842451036765,-0.00014869963609301097,-0.0006882797794173721,6.027179883391896,213.51732361255347,497.96146697693376
4320.452543064845,-0.0001444360307411121,-0.0007776963417489846,6.026732481559479,214.1074988244224,497.80685349695324
4322.549119239169,-0.00013040316742119813,-0.0010656367453184294,6.024795175643764,216.13501760542536,497.2731876603449
4324.645695413493,-0.00011734477143335504,-0.0013251777044893359,6.02228395153754,218.16134349600543,496.7350136393883
4325.2557874415725,-0.00011373081096950329,-0.0013956613038885889,6.021453937578112,218.75072344759224,496.57739470317506
4325.865879469652,-0.00011020067203717269,-0.0014639662654188817,6.020581429116216,219.33996975681552,496.41927817518257
4327.962455643977,-9.871343769925395e-05,-0.0016827946047033278,6.017278691605946,221.36378738474335,495.8717459657291
4330.0590318183,-8.822115805611901e-05,-0.001878582081319824,6.013541317275114,223.38566410522157,495.31709350218824
4330.669123846381,-8.535432225364418e-05,-0.0019315264677381492,6.012379050932837,223.97361647614485,495.1542301381372
4331.2792158744605,-8.257059335154249e-05,-0.00198274616547496,6.011184853304957,224.5613770851749,494.9906773885268
4333.375792048785,-7.36350427836126e-05,-0.002146327000099082,6.006853297748211,226.5796629298828,494.42309601391446
4335.472368223109,-6.565918766185606e-05,-0.002292179809601541,6.002197366588554,228.59537686477816,493.8464510374531
4336.082460251188,-6.351525572386986e-05,-0.0023315808239239076,6.000786918558728,229.1814228672663,493.67685588660964
4336.692552279268,-6.144953829325891e-05,-0.0023696954276226177,5.999352677302965,229.76722743092023,493.5064297891238
4338.789128453593,-5.493797506718914e-05,-0.0024915490390129617,5.994254468907312,231.77842486259036,492.9142234024181
4340.885704627916,-4.93080341453743e-05,-0.0026006748562448483,5.988914127528251,233.7865031883281,492.3115284148952
4341.495796655997,-4.7830064917599916e-05,-0.0026303042638379176,5.987318464283544,234.37022834802704,492.134109916864
4342.1058886840765,-4.642233903379519e-05,-0.002659050235076279,5.98570486135712,234.95366829760752,491.9557566821891
4344.202464858401,-4.210671646243438e-05,-0.0027517190534643394,5.980031377206939,236.9564145657263,491.33557249939867
4346.299041032725,-3.856455983804735e-05,-0.0028361506555299463,5.9741722407957605,238.95555068005606,490.703850492225
4346.909133060804,-3.767247791889177e-05,-0.002859405149220002,5.9724348696953315,239.53658386044364,490.5178053746275
4347.519225088884,-3.6840627644680417e-05,-0.002882130054145237,5.970683359020266,240.11729170326953,490.33074801430433
4349.615801263209,-3.4424844821649304e-05,-0.002956723747032693,5.964561791742228,242.1103482432409,489.6800986566477
4351.712377437532,-3.265613369400546e-05,-0.0030269308847608533,5.958288431478439,244.0993335475681,489.01711022493146
4352.322469465613,-3.225566455005225e-05,-0.0030467314195798878,5.956435725479534,244.6773272332977,488.82182681523466
4352.932561493692,-3.190432827147235e-05,-0.003066298674359092,5.954570917599485,245.25495688451326,488.6254699106192
4355.029137668017,-3.1053811580561363e-05,-0.0031322073295846206,5.948072879990844,247.237141832747,487.9424179335364
4357.125713842341,-3.0716204111844805e-05,-0.0031968704884075406,5.9414379655050125,249.2147982583153,487.24636506128525
4357.73580587042,-3.070680731472783e-05,-0.0032156074122516695,5.939481906373496,249.7894088944204,487.0413408932238
4358.3458978985,-3.0735168985795093e-05,-0.0032343462013761514,5.9375143439238744,250.3636160136201,486.83518994569744
4360.442474072825,-3.1102621307552256e-05,-0.0032991036698338575,5.930665610408952,252.3337365927004,486.1180843639751
4362.539050247148,-3.184983818474967e-05,-0.0033650296327339515,5.9236798830097435,254.2988490931478,485.38736855386855
4363.149142275229,-3.21313762261104e-05,-0.0033845474181533556,5.921620991303925,254.86971749325863,485.17214412075225
4363.759234303308,-3.243969436620604e-05,-0.0034042414474651146,5.919550087365608,255.44013993373267,484.9557411706837
4365.855810477633,-3.368634620464952e-05,-0.003473516107691947,5.912340719334234,257.39692567721534,484.20301057265397
4367.952386651957,-3.518758657842906e-05,-0.003545671350589655,5.904983092020243,259.348176377099,483.436048160971
4368.562478680036,-3.5665630408748707e-05,-0.0035672857683486615,5.902813348560175,259.9149087885068,483.2101573351331
4369.172570708116,-3.6160377465357906e-05,-0.003589193624216524,5.900630296974972,260.48114778218866,482.98303323709143
4371.2691468824405,-3.7972458795206065e-05,-0.0036668813006603073,5.89302452993654,262.4231869238227,482.19303586753665
4373.365723056764,-3.9927016278330266e-05,-0.003748517499700369,5.88525174557743,264.3590934083072,481.3881295428383
4373.975815084845,-4.051674743712346e-05,-0.003773057703965747,5.882957349111772,264.92124396388925,481.15106614136744
4374.585907112924,-4.111436538965659e-05,-0.003797957276460418,5.880647856051267,265.4828467713597,480.9127088763598
4376.682483287249,-4.321482801095968e-05,-0.00388635039867453,5.8725932658233155,267.40852825225795,480.08363685302305
4378.779059461573,-4.536203328536659e-05,-0.003979196300541931,5.864348684885486,269.3273883148676,479.2388995514781
4379.389151489652,-4.599081300663555e-05,-0.0040070643928054595,5.861912531351724,269.88444351014545,478.99009876766456
4379.999243517732,-4.6620130759218975e-05,-0.004035313965162024,5.859459258045832,270.4408881570286,478.7399364419864
4382.0958196920565,-4.8775879685058575e-05,-0.004135321870286599,5.850894861826761,272.3483512382103,477.8697689776943
4384.19239586638,-5.0900699252127776e-05,-0.004239817044368568,5.842116087465964,274.24819583678453,476.98309436112305
4384.802487894461,-5.150939743219756e-05,-0.004271058129363391,5.839519895398916,274.7995614952626,476.7219272672583
4385.41257992254,-5.211283501993623e-05,-0.004302667212045213,5.836904540812709,275.3502440382358,476.4593239592328
4387.509156096865,-5.413788730110396e-05,-0.004414064355258786,5.82776762019513,277.2373368895461,475.5458229710873
4389.605732271189,-5.607263948864328e-05,-0.004529612514324393,5.818392795520729,279.1158924612913,474.6148954787709
4390.215824299268,-5.6615877013962964e-05,-0.004563988940907566,5.815618838229968,279.6608834845542,474.3406745012976
4390.825916327348,-5.71495703298985e-05,-0.004598692630994225,5.812823826124864,280.2051080875094,474.0649368337782
4392.922492501672,-5.8904656322309174e-05,-0.004720374018725839,5.803055378224022,282.0693562039637,473.10567750218286
4395.019068675996,-6.0527386709867475e-05,-0.0048455963311291915,5.793028104115647,283.92401703791063,472.1280143757055
4395.629160704077,-6.0972842955901375e-05,-0.004882660637663672,5.790060541205517,284.461850119194,471.84000751159766
4396.239252732156,-6.140586030224792e-05,-0.004919992120556936,5.787070307469341,284.9988221084623,471.5503997133519
4398.335828906481,-6.279503823314737e-05,-0.005050218236530978,5.776619134449323,286.8374070698911,470.5428282858283
4400.4324050808045,-6.402513608914325e-05,-0.005183190108109411,5.765892054114385,288.66521817188726,469.51584588288046
4401.042497108884,-6.435210005222068e-05,-0.005222352094738929,5.762717882168255,289.19500758820027,469.21329743435143
4401.652589136964,-6.466491719017323e-05,-0.005261708816989242,5.759519784994098,289.72382959755134,468.9090626757056
4403.749165311288,-6.562979445139745e-05,-0.005398325474155181,5.748345319750562,291.5335785268093,467.8505739889897
4405.845741485612,-6.642145712260804e-05,-0.005536783491206911,5.7368824970029575,293.33122930617253,466.771671028497
4406.455833513693,-6.661879786721809e-05,-0.005577367786714412,5.73349216149275,293.8519858822603,466.45382675399946
4407.065925541772,-6.680122001191406e-05,-0.005618067784035614,5.730077058630006,294.3716571803034,466.13421267404885
4409.162501716097,-6.731347998255165e-05,-0.005758689692584441,5.718151094372556,296.14904321866067,465.02224040160047
4411.2590778904205,-6.764792872913701e-05,-0.005900199195794825,5.705929375117139,297.91287232275033,463.88889142991354
4411.8691699185,-6.771181005779808e-05,-0.005941490922890392,5.702317102255746,298.4235056646148,463.5550262171367
4412.47926194658,-6.77606930338475e-05,-0.00598281711205716,5.6986796554109835,298.9329247636551,463.2193127754115
4414.575838120904,-6.781443210684928e-05,-0.006124969559331325,5.685987194427113,300.6740789173168,462.05142620354786
4416.672414295228,-6.769269265986306e-05,-0.006267050722623515,5.67299677473531,302.4000905877002,460.86127943397327
4417.282506323309,-6.762458995592041e-05,-0.006308329389135627,5.669160688751921,302.8994146978881,460.5107258604403
4417.892598351388,-6.754190967646966e-05,-0.006349562274040213,5.665299460458401,303.3973853573389,460.15825390830923
4419.989174525713,-6.714746416808685e-05,-0.006490784913467011,5.651838902188545,305.0981201083756,458.9322559529735
4422.085750700036,-6.658489679358695e-05,-0.0066310043276894175,5.638083311566616,306.7820124433803,457.68323052519924
4422.695842728116,-6.639013527005809e-05,-0.00667156839579107,5.6340253950383765,307.2687548254763,457.3154069247753
4423.305934756196,-6.618158479868712e-05,-0.00671200976100703,5.629942794160374,307.7539955537948,456.9456061402118
4425.40251093052,-6.536112108321564e-05,-0.006849931849141234,5.615725643032182,309.409840557694,455.6596281263318
4427.499087104844,-6.438362073543388e-05,-0.006985969152966777,5.601221303537027,311.04704592581305,454.3500065678725
4428.1091791329245,-6.407037917585598e-05,-0.007025153995310291,5.596947243747713,311.5198602302778,453.96444342025586
4428.719271161004,-6.374441376639587e-05,-0.007064144262685615,5.592649360980801,311.99101732760124,453.57685844197465
4430.815847335329,-6.252898742410668e-05,-0.007196540157655335,5.577699583974678,313.5972672557998,452.2294477796681
4432.912423509652,-6.117051199104603e-05,-0.007326237862056427,5.56247505737061,315.18300476193593,450.85795999639026
4433.522515537732,-6.074918052107156e-05,-0.007363429335719326,5.5579940082050605,315.64048691121747,450.4543236041278
4434.132607565812,-6.031641442743817e-05,-0.007400360753879503,5.553490369744191,316.09615097440746,450.0486373442796
4436.229183740136,-5.874411756173221e-05,-0.0075251926234772525,5.5378434908069325,317.6479250993424,448.6388346996165
4438.32575991446,-5.704514409289529e-05,-0.007646595259353407,5.521938487170935,319.17726447745486,447.2047302523664
4438.9358519425405,-5.652792693050788e-05,-0.007681240521699181,5.517262765577567,319.61797204276314,446.7828427907932
4439.54594397062,-5.600074755779315e-05,-0.007715567737707268,5.512566023019895,320.05669768414924,446.35889602496957
4441.642520144945,-5.41155172737845e-05,-0.007831020228283761,5.496268009658652,321.5490101839922,444.8862989889436
4443.739096319268,-5.2121984981935185e-05,-0.007942406658259045,5.479732203759285,323.01694582338774,443.38940482201883
4444.349188347348,-5.1522604270659944e-05,-0.007974023167199654,5.47487693284286,323.4394202244753,442.94925996892874
4444.959280375428,-5.09148895666073e-05,-0.008005272046097378,5.470002500836312,323.85974855191154,442.5070664252985
4447.055856549752,-4.876552405713136e-05,-0.008109781270396044,5.453108478922938,325.287587795956,440.9718771248275
4449.152432724076,-4.652781924260844e-05,-0.008209691581136514,5.436000166446195,326.6891208777506,439.4126383874356
4449.762524752156,-4.586121166852444e-05,-0.008237874517662102,5.430982874064061,327.09191176368677,438.9544118858576
4450.372616780236,-4.5188012736671704e-05,-0.008265649379703009,5.425948524427912,327.49239495655837,438.49416820583554
4452.469192954561,-4.2827064504212717e-05,-0.008357926266623177,5.408521350993895,328.8508093086556,436.8972228527124
4454.565769128884,-4.0398978479884074e-05,-0.008445182865982935,5.390905974744959,330.18103533028074,435.2767250645276
4455.175861156964,-3.968102102011819e-05,-0.008469610869650233,5.385746156565524,330.56272630283746,434.80077976113057
4455.785953185044,-3.895832660505511e-05,-0.008493600080868554,5.3805715778436385,330.94195342587165,434.32286989821165
4457.882529359368,-3.644157181890664e-05,-0.008572648667884878,5.362680302546855,332.2261404742198,432.66564897966146
4459.979105533692,-3.388033465036191e-05,-0.008646374056428388,5.34462887611146,333.4803388654632,430.98562055438333
4460.589197561772,-3.312798531370128e-05,-0.008666814468664822,5.339347529963828,333.8395735504273,430.4925056869788
4461.199289589852,-3.2372900787244886e-05,-0.008686795780825941,5.334053858462915,334.1961965952291,429.99749954448276
4463.295865764177,-2.9760370122422433e-05,-0.008751932784742627,5.315772086473372,335.4015922256941,428.2821181809033
4465.3924419385,-2.7128171930833433e-05,-0.008811571801878734,5.297359513267393,336.5753143053775,426.544913156734
4466.00253396658,-2.6359975719865983e-05,-0.00882788778951946,5.2919786409555165,336.9108216496578,426.03535790717774
4466.6126259946595,-2.5591265536274002e-05,-0.008843735770829763,5.286587958078543,337.2435806680688,425.52400425809856
4468.709202168984,-2.29491895393416e-05,-0.008894618747612958,5.267992086023414,338.3659439728363,423.75318307918263
4470.805778343308,-2.0315149604337742e-05,-0.008939970834918211,5.249295331897029,339.45509508094676,421.9617447220922
4471.415870371388,-1.955179679536477e-05,-0.008952131556576546,5.243837394305879,339.7657126349194,421.436646287563
4472.025962399468,-1.8790407686311723e-05,-0.008963828073522804,5.238372175394353,340.07345871172646,420.90986025672476
4474.122538573793,-1.6192838957412005e-05,-0.009000493797934973,5.21953944641076,341.10894834147405,419.0868779681875
4476.219114748116,-1.3634169619528735e-05,-0.009031754299407155,5.200635511173762,342.1098596409288,417.2446847559141
4476.829206776196,-1.2898713437819966e-05,-0.009039847334393416,5.1951228214266285,342.3945534975403,416.70509144258466
4477.4392988042755,-1.2167951939226528e-05,-0.009047494087953228,5.189605321412331,342.67626822855624,416.1639370854429
4479.5358749786,-9.69683592601831e-06,-0.00907040205654028,5.170611654781154,343.62150557340834,414.29256680006927
4481.632451152924,-7.2979980998849184e-06,-0.009088204910532515,5.151575311479643,344.5309909037766,412.4035632428881
4482.242543181004,-6.615422059341353e-06,-0.00909244825436244,5.146029360351786,344.7888709584698,411.8506533712077
4482.852635209084,-5.940406300546943e-06,-0.00909627846369756,5.1404809321273115,345.0436811052856,411.29632217269307
4484.9492113834085,-3.6829464270150076e-06,-0.00910634795622035,5.12139852823216,345.8957958154527,409.38075460258017
4487.045787557732,-1.53167969047971e-06,-0.009111795833158244,5.102299857663455,346.7111892969591,407.4492704179922
4487.655879585812,-9.274593563497178e-07,-0.009112544965436762,5.096740584989939,346.9415186246674,406.88432814316053
4488.265971613891,-3.3357570846048633e-07,-0.009112929518124677,5.091180947024855,347.16870476899646,406.3181145758201
4490.362547788216,1.6241523395286998e-06,-0.009111552687296536,5.072075747403752,347.925358806002,404.36287227487855
4492.45912396254,3.444887204900803e-06,-0.009106214938808527,5.052977586596152,348.6445298394765,402.393534516722
4493.06921599062,3.947442064378648e-06,-0.00910395887972319,5.047422641173399,348.8467273147844,401.8179239779046
4493.6793080187,4.437354874448213e-06,-0.009101400739188503,5.041869140546155,349.0457256903971,401.24119956455553
4495.7758841930245,6.021069584043008e-06,-0.009090409362164499,5.022798331898314,349.7051135231636,399.25104742211926
4497.872460367348,7.444893587851623e-06,-0.009076265218135551,5.003753872517753,350.32645758045834,397.2486910857132
4498.482552395428,7.828212594063734e-06,-0.009071605232930893,4.998217938068692,350.5000934390895,396.66383054305055
4499.092644423507,8.197423630495722e-06,-0.00906671601649189,4.992684890086576,350.6704907188751,396.0780181022993
4501.189220597832,9.356661296437277e-06,-0.009048284393029854,4.973694757654986,351.2313155548823,394.05787598121486
4503.285796772156,1.034484663923491e-05,-0.009027601651609653,4.954745628346135,351.75372172670063,392.0274590888267
4503.895888800236,1.0600022793570944e-05,-0.0090212116898652,4.949239915779174,351.89850656369333,391.43479680053923
4504.505980828316,1.0840722912013178e-05,-0.009014670386870436,4.943738120677484,352.04002819318305,390.84134662317973
4506.60255700264,1.1557284040282005e-05,-0.00899116138538135,4.924862590112072,352.5014570264924,388.7962100720772
4508.699133176964,1.210535546507789e-05,-0.008966326684652243,4.90603773767378,352.9242562307107,386.74273893446133
4509.309225205044,1.2233729114538152e-05,-0.008958901582164124,4.900569727990166,353.04002477413945,386.1437323660926
4509.919317233123,1.2348436171628893e-05,-0.008951401842830527,4.895106245435256,353.1525182753862,385.5441018786337
4512.015893407448,1.26401218760179e-05,-0.008925180091217046,4.876366358535029,353.5141212630765,383.47897594080814
4514.112469581772,1.2779880469296788e-05,-0.008898506061686037,4.857681921652032,353.83702147276347,381.40744502026445
4514.722561609852,1.2793302785647438e-05,-0.008890704803740749,4.852255405775272,353.92371312200765,380.80354454432637
4515.332653637932,1.2795019108181004e-05,-0.008882898067779458,4.846833629091742,354.0071284115235,380.19918255628846
4517.429229812256,1.2715105697818691e-05,-0.008856134688365675,4.828238064101979,354.2688099665013,378.11903193688164
4519.52580598658,1.2512595391224427e-05,-0.008829667370369904,4.809698300218176,354.4918262839682,376.03438074452293
4520.13589801466,1.2432580449603349e-05,-0.008822058008687276,4.8043137242719505,354.54946474847634,375.42701837451676
4520.745990042739,1.2343793179646274e-05,-0.008814498980310384,4.798933758930687,354.60383382417035,374.819354379296
4522.842566217064,1.1976774876427527e-05,-0.008788989510711871,4.780480381301218,354.76576360470574,372.7290710048022
4524.939142391388,1.1526719290810051e-05,-0.008764336569937352,4.7620795883289615,354.8891513746529,370.6361581692778
4525.549234419468,1.1382573832587142e-05,-0.008757348560776446,4.756734679425836,354.91782577662116,370.02674120003627
4526.159326447548,1.1233324074055859e-05,-0.008750448698599863,4.751393997362599,354.9432441212179,369.4171795275476
4528.255902621872,1.068741915951761e-05,-0.008727462991028697,4.733072317481513,355.00579580867054,367.3215662471026
4530.352478796196,1.0104576435090754e-05,-0.008705660536160863,4.714797588497554,355.029994281347,365.2251586803027
4530.962570824276,9.930701469967056e-06,-0.008699549509119829,4.709488207032398,355.02984381609275,364.6150674835769
4531.572662852355,9.755757586717688e-06,-0.008693543471843689,4.704182519798296,355.02645556409334,364.0049854908145
4533.66923902668,9.152900730705559e-06,-0.008673723774004077,4.685976839144849,354.9901600587753,361.9087526641793
4535.7658152010035,8.561625149607922e-06,-0.008655155870972773,4.667811399756085,354.9157525202211,359.81352592471427
4536.375907229084,8.39440211630154e-06,-0.00864998436356883,4.66253254003177,354.886956246064,359.20411465673146
4536.985999257164,8.230136228750928e-06,-0.00864491263667278,4.657256810465269,354.85494461486644,358.5948636687365
4539.082575431488,7.694417177673475e-06,-0.008628229114518243,4.639149767494706,354.72046223291176,356.50263391092335
4541.179151605812,7.215919847862061e-06,-0.00861260878331359,4.621076588268784,354.5481562463177,354.4131786439711
4541.789243633892,7.0898017744888e-06,-0.008608245850384118,4.615823434532042,354.49092887869364,353.8057773165496
4542.399335661971,6.970219845948246e-06,-0.008603956740728667,4.610572932289353,354.4305126531387,353.1986847484549
4544.495911836296,6.614605162338002e-06,-0.008589732637083848,4.59254910528952,354.198626356118,351.11500031606226
4546.5924880106195,6.354612537668997e-06,-0.008576153867246661,4.574554423710745,353.929255052811,349.03582915726963
4547.2025800387,6.298778648422597e-06,-0.008572294980129623,4.569323351748756,353.84384882306506,348.43174543824136
4547.81267206678,6.252302962184461e-06,-0.00856846649149562,4.5640946422952515,353.75528485814476,347.82811646911654
4549.909248241104,6.168071414060029e-06,-0.00855546789467522,4.546143834153629,353.4269136578966,345.75744377010824
4552.005824415428,6.207090391632475e-06,-0.008542516693653912,4.528220228875945,353.06145612269734,343.69299340951807
4552.615916443508,6.242781722525585e-06,-0.008538719802219296,4.523009654665061,352.948167934476,343.09351266600504
4553.226008471587,6.289616701775943e-06,-0.008534897315119885,4.517801425579738,352.83175882511205,342.494630008146
4555.322584645912,6.538027613515892e-06,-0.008521474291752571,4.499921318216113,352.4079878228817,340.44135649802195
4557.419160820235,6.9240534903417236e-06,-0.008507386195857738,4.482070050431071,351.947604150302,338.3959806515041
4558.029252848316,7.062631779649332e-06,-0.008503120327073305,4.476881047731466,351.80678659403833,337.8023631027155
4558.639344876396,7.21296329221583e-06,-0.00849876633435555,4.471694696481425,351.66289200840305,337.20948378305343
4560.73592105072,7.819713732903094e-06,-0.00848303176137848,4.453892632422454,351.14501344623505,335.1779039354339
4562.832497225044,8.563849688909043e-06,-0.008465881070284637,4.436125041594048,350.5910882267574,333.15585459622804
4563.4425892531235,8.805771545021327e-06,-0.00846058299882236,4.4309616724977126,350.42316253624864,332.5693289488415
4564.052681281203,9.058796553288812e-06,-0.008455134381712116,4.425801602423513,350.25221225734344,331.9836775392105
4566.149257455528,1.0011578313779017e-05,-0.00843516454118963,4.4080953318276235,349.6417706031582,329.97796646027376
4568.245833629851,1.1086881365696755e-05,-0.008413068683518536,4.390433158202026,348.99595755857285,327.9833628049422
4568.855925657932,1.142158723491592e-05,-0.008406202721642548,4.3853024861080145,348.80142635273404,327.405116344381
4569.466017686012,1.1765568148296913e-05,-0.008399130552603409,4.380176083135195,348.60393286024026,326.82787468391194
4571.562593860336,1.3015061094744525e-05,-0.008373169808810666,4.362593405488332,347.90276643716373,324.8520500605479
4573.65917003466,1.4358963022738155e-05,-0.008344490440065735,4.3450680064205205,347.16702675987426,322.8888365294451
4574.2692620627395,1.4765883257149817e-05,-0.008335605854391795,4.339979789167065,346.94648443123816,322.3200022638166
4574.879354090819,1.5179224304915934e-05,-0.008326472181454268,4.334897080330549,346.7230529039846,321.75229633773574
4576.975930265144,1.6643870699968356e-05,-0.008293122172260558,4.317474410818655,345.9333249704665,319.81017151054954
4579.072506439467,1.8164392173538758e-05,-0.008256642847151984,4.3001249425660415,345.10995267175815,317.88206859825993
4579.682598467548,1.8614983273650186e-05,-0.008245422963604542,4.295091034569043,344.86409156771083,317.32371061544325
4580.2926904956275,1.9068419956367524e-05,-0.008233928648132532,4.290064060741551,344.6154255005278,316.76659580596424
4582.389266669952,2.064248076462606e-05,-0.008192301992812618,4.272844060364867,343.7396389861065,314.8617285422567
4584.485842844276,2.2226894660332516e-05,-0.008147364346086929,4.255714804314787,342.8312681800003,312.9721814122175
4585.095934872355,2.2687233401348445e-05,-0.00813366270301106,4.250748326705028,342.5608792516938,312.4252800251837
4585.706026900435,2.3146371603789388e-05,-0.008119682029987842,4.245790291174947,342.2877804325452,311.8797263433493
4587.80260307476,2.4708623596662143e-05,-0.008069509391195153,4.228818789556924,341.32877259489874,310.0153690586549
4589.899179249083,2.623185532621436e-05,-0.008016102276573105,4.211955869360474,340.33836390229646,308.1674999826925
4590.509271277164,2.6664980019774918e-05,-0.00799996528633031,4.20707022144477,340.04433117984377,307.6329384400124
4591.1193633052435,2.7092671019855218e-05,-0.007983567188418871,4.2021944879488435,339.74769346475335,307.0998175244635
4593.215939479568,2.8514264832244613e-05,-0.00792525949077328,4.1855169500897285,338.70860914001565,305.27887512051655
4595.312515653892,2.9846517393211715e-05,-0.007864064968780615,4.1689646849838455,337.63941479500886,303.47544588040284
4595.922607681971,3.021464755901046e-05,-0.007845742321304456,4.164172466656738,337.3227037330721,302.9540004074093
4596.532699710051,3.0573138048001694e-05,-0.007827199441814758,4.159391475838343,337.00350073483827,302.4340760423867
4598.629275884376,3.172506791364258e-05,-0.007761868922754127,4.143049244440185,335.88774511258504,300.6590772494319
4600.725852058699,3.273933390744507e-05,-0.0076942676063795745,4.126846363901515,334.74325448412304,298.9024671134998
4601.33594408678,3.300604848187735e-05,-0.007674210862013921,4.122158273656109,334.4048948150831,298.3948018531589
4601.946036114859,3.325923853941e-05,-0.00765399678577865,4.117482442379744,334.0641622027893,297.8887255422464
4604.042612289184,3.402014775830911e-05,-0.007583437033279226,4.101508976403202,332.87533595721766,296.1618127684012
4606.139188463508,3.460034330309452e-05,-0.007511471416632389,4.085684918073251,331.65920494889497,294.4540165563648
4606.749280491587,3.473305757788467e-05,-0.007490320097632169,4.08110869189461,331.30026916143356,293.9606846199912
4607.359372519667,3.484895071851128e-05,-0.007469093931782288,4.076545361160117,330.9390827357618,293.46899737610255
4609.455948693992,3.5114005419949994e-05,-0.007395715102163718,4.0609627011484335,329.68090385635617,291.7919386475609
4611.552524868315,3.516444646824451e-05,-0.007322005542109144,4.0455342321434,328.39687301246397,290.1345877887143
4612.162616896396,3.513726384010828e-05,-0.007300558889301924,4.0410736954133375,328.018451943801,289.6560391246221
4612.772708924475,3.509094927961986e-05,-0.007279135232539806,4.036626200153978,327.637903011793,289.179180119678
4614.8692850988,3.4782476504726065e-05,-0.007205846759761343,4.021441922055475,326.3141208211657,287.55340480750374
4616.965861273124,3.423937593977368e-05,-0.00713345098117038,4.006410363022167,324.96592798166154,285.9478122432409
4617.575953301203,3.4036642852579495e-05,-0.0071126224538665865,4.002064680472932,324.56910528373555,285.48440840357074
4618.186045329283,3.381385226541135e-05,-0.0070919237370491535,3.997731628055441,324.1702751187068,285.02273048017815
4620.2826215036075,3.289434200295837e-05,-0.007021953229909558,3.982936598872843,322.7845827934543,283.4493882071589
4622.379197677931,3.173958092071594e-05,-0.006954157156710141,3.9682859887552193,321.37587686466065,281.8966155370245
4622.989289706011,3.135995645368813e-05,-0.006934908062519489,3.964049215714374,320.96170429727096,281.4486506822215
4623.5993817340905,3.096120669585148e-05,-0.006915895734172488,3.9598240783594827,320.5456396542012,281.00244197716205
4625.695957908415,2.9447106695160937e-05,-0.006852533300043133,3.945391391754039,319.10159214435026,279.48248142064386
4627.792534082739,2.772055267653625e-05,-0.006792568004916833,3.9310879881379868,317.63585503959155,277.98342388772153
4628.402626110819,2.718016690674348e-05,-0.006775820435905197,3.926949039442687,317.20533066658294,277.5511505317256
4629.012718138899,2.6623578448682494e-05,-0.006759406146184334,3.922820176340234,316.7730224355038,277.12066061840983
4631.1092943132235,2.4592689738985525e-05,-0.006705687668518013,3.9087056532994335,315.273966970412,275.65492199310245
4633.205870487547,2.2395393397714498e-05,-0.0066564015468709315,3.894699108753013,313.7544508606893,274.2104039951681
4633.815962515627,2.1727866518604114e-05,-0.006642942161162889,3.890642231313477,313.30850219985604,273.7940611667674
4634.426054543706,2.1048871995861483e-05,-0.00662989165217703,3.886593419133695,312.8608692271043,273.37952931180274
4636.522630718031,1.8636125238834286e-05,-0.0065882725008798645,3.872737877616384,311.30989516903884,271.96884169338625
4638.619206892355,1.612126080710785e-05,-0.006551818905690031,3.8589641788291438,309.73958132510376,270.5797132507296
4639.229298920435,1.537418783456571e-05,-0.006542212100775721,3.854969928469405,309.2790551617718,270.17955417960457
4639.839390948515,1.4621533896403109e-05,-0.006533060652181672,3.850981389737119,308.8169348874189,269.7812367867333
4641.935967122839,1.2002200304402796e-05,-0.006505146224083073,3.837314557589814,307.21684805994903,268.4265100300254
4644.032543297163,9.353763833950629e-06,-0.006482753936586845,3.8237004613731678,305.59843145311356,267.09373389150306
4644.642635325243,8.58170797682011e-06,-0.0064772839150610394,3.8197470799279847,305.12409132584975,266.7100502440887
4645.252727353322,7.810257710047172e-06,-0.00647228264580005,3.8157968937437348,304.6482381487889,266.32824453667786
4647.349303527647,5.173480006317312e-06,-0.0064586793176246915,3.8022424784953084,303.00156197494084,265.03054596141686
4649.445879701971,2.578881926470091e-06,-0.0064505599783627205,3.788710834860374,301.3374626703628,263.755266218787
4650.055971730051,1.8355514089522384e-06,-0.00644921470171065,3.7847758297517826,300.849994072815,263.3884063997967
4650.666063758131,1.0985031699337402e-06,-0.006448319181057531,3.780841519899036,300.36108537283064,263.0234679448308
4652.762639932455,-1.377703313580666e-06,-0.006448630088386078,3.767322689554913,298.6700876848909,261.7840763142866
4654.859216106779,-3.7495960445159914e-06,-0.006454023200366508,3.753797879755296,296.9624865619773,260.56766233764057
4655.469308134859,-4.417101781815104e-06,-0.006456515816147972,3.7498595835988833,296.4625089053435,260.2180423186065
4656.079400162938,-5.073587388883309e-06,-0.00645941085717505,3.7459196645791737,295.9611576682689,259.87039497013984
4658.175976337263,-7.238591613906847e-06,-0.006472344384505025,3.732364224548302,294.22789886458577,258.6908277890789
4660.272552511587,-9.250106995534526e-06,-0.006489656107584444,3.7187770787817302,292.47879240557927,257.5348908749878
4660.882644539667,-9.804266707005488e-06,-0.006495469945777814,3.7148160226048836,291.9668760649556,257.20299703783417
4661.492736567747,-1.0343842668357577e-05,-0.0065016163778209984,3.7108513453817618,291.45364837791163,256.8731348920712
4663.589312742071,-1.2081640290145579e-05,-0.006525157731151333,3.6971961352494707,289.68004461459935,255.75514838293785
4665.685888916395,-1.3630634682270258e-05,-0.006552144589394826,3.6834879569949175,287.89131204119536,254.661531539115
4666.295980944475,-1.4044341823846787e-05,-0.006560588024713445,3.6794879676902847,287.3679984807566,254.34791583689213
4666.906072972554,-1.4441039227730632e-05,-0.006569278023712272,3.6754827838612103,286.8434338764844,254.03639757457017
4669.002649146879,-1.5671270284449274e-05,-0.006600881193704614,3.6616770749130514,285.0313282891969,252.98196112843408
4671.0992253212025,-1.669090281828242e-05,-0.006634842868896667,3.647802635118745,283.20480404500876,251.95270446638705
4671.709317349283,-1.6947201206909256e-05,-0.006645105204695296,3.6437516307255695,282.6706270028025,251.65797272679094
4672.319409377363,-1.7185203203434418e-05,-0.006655518053979593,3.6396943538835056,282.13525964518686,251.36540921199725
4674.415985551687,-1.7861876046368596e-05,-0.0066922958662014006,3.6257022071986893,280.2864948222977,250.37665758898217
4676.512561726011,-1.8318896172358595e-05,-0.006730262115257024,3.6116317072048463,278.4240398526539,249.41394298598865
4677.122653754091,-1.841046302425429e-05,-0.006741467255763859,3.6075221948234275,277.87954573053497,249.1387374845423
4677.73274578217,-1.8483455099067104e-05,-0.006752722666628342,3.6034058658956645,277.33392461084134,248.86577377309087
4679.829321956495,-1.859266259912953e-05,-0.006791627045906297,3.5892074856884673,275.45041022464795,247.94494119462286
4681.9258981308185,-1.848479173772849e-05,-0.0068305328263666325,3.574927538017753,273.5539762863574,247.05102061938354
4682.535990158899,-1.8413064904898975e-05,-0.006841789171352695,3.5707568307809754,272.999742131932,246.79599824341767
4683.146082186979,-1.832343807420905e-05,-0.006852996669644235,3.5665793047666337,272.44444869306005,246.5432913400379
4685.242658361303,-1.788024229243203e-05,-0.00689098424952982,3.552171453538505,270.5282190913048,245.69263220277034
4687.339234535627,-1.7232753170405347e-05,-0.006927828477423894,3.5376851570177363,268.5999012891459,244.8697446117876
4687.949326563707,-1.700693077954896e-05,-0.00693827374105442,3.5334553341416317,268.0365490500046,244.63555207259753
4688.559418591786,-1.676464938952106e-05,-0.006948576834639919,3.529219213067662,267.472210955443,244.40374590631913
4690.655994766111,-1.5809173130462136e-05,-0.006982755564159563,3.5146147797585905,265.5254685901037,243.62544724989198
4692.752570940434,-1.4670658912630774e-05,-0.007014739188407646,3.4999409892422424,263.5675424824302,242.87572929141498
4693.362662968515,-1.4306352216754569e-05,-0.007023578878478765,3.495658630030086,262.99574855964556,242.66297692376978
4693.972754996595,-1.3927685965349728e-05,-0.0070321927376110205,3.4913709737789724,262.4230486763169,242.45267608589097
4696.069331170919,-1.2520339164503203e-05,-0.007059945042472315,3.47659780964016,260.44819050203955,241.74876715079506
4698.165907345243,-1.0957566451417253e-05,-0.0070845838064297,3.4617697245680294,258.4631314371129,241.07416302671584
4698.7759993733225,-1.0475282925186114e-05,-0.007091121971626009,3.457445454361366,257.88363096001797,240.88339872951465
4699.386091401402,-9.981144570629634e-06,-0.007097363204606771,3.4531173082256603,257.30331102378045,240.69514252427894
4701.482667575727,-8.19682131674081e-06,-0.007116440617722572,3.4382164706888068,255.30293640362393,240.06740668436365
4703.57924375005,-6.288478563852142e-06,-0.007131647053053593,3.4232796938020416,253.29342019381778,239.46958234807778
4704.189335778131,-5.711660543295756e-06,-0.00713530763417783,3.4189275880997245,252.7070058644802,239.30126714526142
4704.799427806211,-5.125725770598128e-06,-0.007138614477877983,3.4145733742761477,252.11986472521284,239.13550541709276
4706.896003980535,-3.0469015659883452e-06,-0.007147197739330075,3.399596949268754,250.09676486169062,238.58539938099565
4708.992580154859,-8.765362600713642e-07,-0.007151326626038183,3.3846071982678785,248.06565038181571,238.06566570563987
4709.6026721829385,-2.295740865022651e-07,-0.007151663886575674,3.380244100448644,247.47316616497974,237.92015221796527
4710.212764211018,4.2379804998988255e-07,-0.007151605417109141,3.3758809297220598,246.88005293300668,237.77722421713733
4712.309340385343,2.7136669472033354e-06,-0.007148326926675241,3.3608896312311836,244.83718327561954,237.30580859176138
4714.405916559666,5.063500733866684e-06,-0.0071401846911898536,3.345910304951232,242.7874789419242,236.86505718895893
4715.016008587747,5.75684946332543e-06,-0.007136883725022323,3.341555115698595,242.18980925907877,236.74257200317982
4715.6261006158265,6.4539952980140625e-06,-0.007133159471513551,3.337202076693854,241.59161204915094,236.6226892379192
4717.722676790151,8.874755003539067e-06,-0.007117095817605545,3.322262811556604,239.5320503406533,236.23057340630126
4719.819252964475,1.1325806520566328e-05,-0.00709592510203003,3.3073625787653134,237.46686750239056,235.86922757813022
4720.429344992554,1.204314689625646e-05,-0.007088796140742911,3.303035561324542,236.86492287261913,235.76985814850073
4721.039437020634,1.2761881517464637e-05,-0.007081229922994373,3.298713029247969,236.26255411231568,235.67309182062215
4723.136013194959,1.5238658433436792e-05,-0.00705187778795584,3.28389655302864,234.18944755818848,235.36039490402362
4725.232589369282,1.7718282426101856e-05,-0.007017329916889577,3.2691470624244774,232.11194448998685,235.07837708585467
4725.842681397363,1.8438915098438623e-05,-0.007006299875122546,3.2648691874246794,231.50664472030024,235.00206349026223
4726.4527734254425,1.915869620458885e-05,-0.006994831187718423,3.2605981740127277,230.9010241365517,234.92833680541216
4728.549349599767,2.1622396992287413e-05,-0.00695207694394371,3.245976898003849,228.81752958882024,234.69466548323763
4730.645925774091,2.4063720753844723e-05,-0.006904180821366769,3.2314506496941107,226.7308500380508,234.49138162292394
4731.25601780217,2.4768583842567432e-05,-0.006889284214761154,3.2272429880815827,226.12310611894344,234.4379132459809
4731.86610983025,2.5470569744058577e-05,-0.0068739591340489905,3.2230445400540777,225.51514255911638,234.3869986460073
4733.962686004575,2.7857806120143793e-05,-0.006818047707982241,3.2086905062488764,223.42436367902678,234.23144181757976
4736.059262178898,3.019968316776013e-05,-0.006757178808650583,3.1944588918676025,221.3315738918071,234.1057824126435
4736.669354206979,3.087142951693866e-05,-0.006738548745761806,3.1903420567893797,220.72226972722646,234.07479942833055
4737.2794462350585,3.1538439786634886e-05,-0.006719510901295605,3.186236703267472,220.11284293711765,234.04632059788008
4739.376022409383,3.379181242420153e-05,-0.006651014497075024,3.1722197273903237,218.01776813075787,233.96746022773422
4741.472598583707,3.597948310359243e-05,-0.0065778626000506995,3.1583512397399343,215.92179603354958,233.91781713461484
4742.082690611786,3.660269206783812e-05,-0.00655572109371533,3.1543448783691965,215.31177104954162,233.9088164888485
4742.692782639866,3.7219595927741206e-05,-0.006533201778367643,3.150352128771396,214.7017144399452,233.90225481744005
4744.789358814191,3.9289164425289576e-05,-0.006452984199437882,3.1367381216749486,212.60515900779015,233.89819172429833
4746.885934988514,4.127655958713223e-05,-0.0063685137538339286,3.1232967550727158,210.5087388061873,233.92248926967417
4747.496027016595,4.183868122323147e-05,-0.006343159194036774,3.1194190991377226,209.89877235029212,233.93483469061053
4748.106119044674,4.239331204973155e-05,-0.006317464308662348,3.1155570015555805,209.28885764643059,233.9495396971348
4750.202695218999,4.424051366078819e-05,-0.006226630727591131,3.1024065166943116,207.19341307668384,234.01793242719359
4752.299271393323,4.599399885657958e-05,-0.006132022589434687,3.0894504281781696,205.09903795935506,234.1136706854098
4752.909363421402,4.6486152072902795e-05,-0.0061038113326701065,3.0857179281594425,204.48983622377202,234.14660604403875
4753.519455449482,4.697008204647305e-05,-0.006075302507474413,3.0820027148834703,203.88076070721976,234.18180906048084
4755.6160316238065,4.8569281715043554e-05,-0.005975132284203497,3.0693698201440136,201.78875336307303,234.31992321952845
4757.71260779813,5.0068624951591524e-05,-0.005871713895317579,3.0569503449213604,199.69863824916138,234.4842305330498
4758.322699826211,5.048598397048004e-05,-0.005841039626378546,3.0533774113232544,199.09082421943225,234.53689565247413
4758.93279185429,5.0894807953296644e-05,-0.005810113359738148,3.0498232526720948,198.4832010355856,234.59172584656423
4761.029368028615,5.2234436194457766e-05,-0.0057019866107337405,3.0377547831458327,196.39666163533994,234.7964906120679
4763.125944202939,5.347338070268989e-05,-0.0055911567746342586,3.0259158431993383,194.31271700788383,235.02618194354582
4763.736036231018,5.3815082196887106e-05,-0.005558428449930472,3.022514704268021,193.7068236725634,235.09762984828524
4764.346128259098,5.4148402400831166e-05,-0.005525494100234914,3.0191335796659713,193.10117540892787,235.1711315706441
4766.4427044334225,5.5230216206340745e-05,-0.005410816884553963,3.007668796601361,191.02181977323124,235.43919986694
4768.539280607746,5.621522758685876e-05,-0.005293973040652248,2.9964467143054354,188.9456367237665,235.73083745668043
4769.149372635827,5.6484012840808396e-05,-0.0052595942721428415,2.9932273902158393,188.34210351761877,235.82005204133543
4769.759464663906,5.674489360689124e-05,-0.00522505370710332,2.9900290748098293,187.73885899778645,235.91120248177174
4771.856040838231,5.758213245674099e-05,-0.005105190475512481,2.979199712536997,185.66807966911142,236.2390113911007
4773.952617012555,5.833024240470676e-05,-0.004983665341662891,2.968623394812033,183.6009254614293,236.58896442660708
4774.562709040634,5.85317039028669e-05,-0.0049480168417841966,2.9655937757712647,183.00009768892545,236.694877617828
4775.172801068714,5.872605385205873e-05,-0.004912247296377772,2.9625859290817034,182.39959170723813,236.8026038605532
4777.269377243038,5.934092304090796e-05,-0.004788465336386047,2.952416576782403,180.33845934091482,237.18643227703257
4779.365953417362,5.9877066003044524e-05,-0.004663476784068261,2.9425080076475916,178.28128217928727,237.59093281123626
4779.976045445443,6.001893180109453e-05,-0.00462690284377779,2.9396740164010198,177.68341300073033,237.71244046577746
4780.586137473522,6.015462439838239e-05,-0.004590243880856554,2.9368623529187903,177.08588856578444,237.83563520801087
4782.682713647847,6.0575521238641694e-05,-0.004463672261919438,2.9273710985163772,175.03516151305183,238.27165638012832
4784.7792898221705,6.0929763666025326e-05,-0.004336288073722155,2.918146062961246,172.98860281491272,238.72684941929964
4785.38938185025,6.102101998806268e-05,-0.004299087397960805,2.9155118787105354,172.39385728302898,238.86282540623546
4785.99947387833,6.110718352787163e-05,-0.004261832223600932,2.9129003972711813,171.7994698514555,239.00036081203976
4788.096050052654,6.136604519045874e-05,-0.00413343559128564,2.904099653070428,169.7596101158401,239.48468814179606
4790.192626226978,6.15710724898426e-05,-0.004004552669697743,2.8955686119610986,167.72402243715243,239.98667455063267
4790.802718255059,6.162134645418268e-05,-0.003966973302489464,2.8931369325826917,167.1324830435306,240.13598267582358
4791.412810283138,6.166759800148286e-05,-0.003929364111230988,2.890728181581347,166.54130620373647,240.2867220458501
4793.509386457463,6.179768712631886e-05,-0.0037999297657733432,2.8826256147394416,164.51249992644583,240.81544721645213
4795.6059626317865,6.188680728354143e-05,-0.0036702656258367173,2.874794657753174,162.48796873204034,241.36031876150574
4796.216054659866,6.190574618576595e-05,-0.0036325032382589174,2.872566979988919,161.89964194750277,241.52182238116643
4796.826146687946,6.192175833290392e-05,-0.0035947298213955853,2.870362338554096,161.3116740426925,241.68462950415068
4798.92272286227,6.195603555604348e-05,-0.0034648652222486085,2.862961841838015,159.29385480903886,242.25385261342828
4801.019299036594,6.196178884946218e-05,-0.0033349586595879978,2.8558336601362426,157.28022246288887,242.83771901874007
4801.629391064675,6.195878504345287e-05,-0.003297157267048906,2.8538105620442895,156.69504581641417,243.01028833908035
4802.239483092754,6.195385942499656e-05,-0.003259357944409822,2.851810522023511,156.11021705968562,243.18403453615946
4804.336059267079,6.192396644652003e-05,-0.0031294953722304434,2.845113177215133,154.10309055595945,243.78988637322698
4806.432635441402,6.187734302087729e-05,-0.0029997130112859724,2.8386880150970386,152.09998116746752,244.4088946619092
4807.042727469482,6.186126377097676e-05,-0.0029619671628034897,2.836869430203113,151.51783048756167,244.59141182673122
4807.652819497562,6.184425561965619e-05,-0.002924231076931515,2.8350738689843187,150.93601020233916,244.77498079948253
4809.749395671886,6.178010585059472e-05,-0.002794636156205195,2.829078873112402,148.93907903553804,245.41363770660348
4811.84597184621,6.171037375700464e-05,-0.0026651815822405778,2.823355435739752,146.9459230861136,246.06398434790665
4812.4560638742905,6.168964405599826e-05,-0.0026275390608764024,2.821740913520466,146.3666196124754,246.2553464767792
4813.06615590237,6.166888689673595e-05,-0.002589908875642785,2.8201493529062986,145.78762331531493,246.44763712585745
4815.162732076695,6.159886784796901e-05,-0.002460689658838124,2.8148548953321457,143.8002110926574,247.11532904410114
4817.259308251018,6.153401164762756e-05,-0.0023316118301503538,2.809831207473729,141.81626904276627,247.79326552835155
4817.869400279098,6.15166963873155e-05,-0.0022940759036613285,2.8084201600033833,141.23958619411653,247.99238588810076
4818.479492307178,6.15002860621355e-05,-0.002256549942603034,2.807032011557432,140.66318231378585,248.1923132851366
4820.576068481502,6.145207564734358e-05,-0.002127663240093579,2.8024361078375812,138.6844563328593,248.88532560436434
4822.672644655826,6.141985449574931e-05,-0.001998860853036997,2.7981103365205113,136.7088406456599,249.58715804154704
4823.2827366839065,6.141410367936768e-05,-0.0019613911022806152,2.7969022763430784,136.13451029448055,249.7929655172194
4823.892828711986,6.141017894453757e-05,-0.0019239239559901563,2.795717078862819,135.56042638431998,249.9994601921441
4825.989404886311,6.141218758609359e-05,-0.001795175558901087,2.791818385350971,133.58941848721477,250.7141299262496
4828.085981060634,6.144182173685068e-05,-0.0016663939910497897,2.7881896574334535,131.62111368419303,251.4362131203569
4828.696073088714,6.145631400815456e-05,-0.001628904730917844,2.787184437016079,131.04883183675466,251.6476501019493
4829.306165116794,6.147370815564418e-05,-0.0015914053460504432,2.7862020970861643,130.4767601829081,251.85965575447352
4831.402741291118,6.155715265779052e-05,-0.0014624407234179256,2.78300074855657,128.5123854683404,252.5923623522659
4833.499317465442,6.168159606993229e-05,-0.0013332581743613937,2.7800700126317897,126.55026594833805,253.33108855208718
4834.109409493522,6.172632282408544e-05,-0.001295613505211315,2.7792680811050814,125.97969775753496,253.5471072726304
4834.719501521602,6.177515987271784e-05,-0.0012579398264563944,2.778489132979511,125.40930031280308,253.76357693262892
4836.816077695927,6.197641826700304e-05,-0.0011282224490494943,2.7759876633634675,123.45037347831911,254.51072772080607
4838.91265387025,6.223449915837896e-05,-0.0009980235517414691,2.773758660881865,121.49321888835456,255.26250989844894
4839.52274589833,6.232121787173847e-05,-0.0009600288597191303,2.7731613575125857,120.92400293996886,255.48206715142436
4840.13283792641,6.241352015987755e-05,-0.0009219790175962733,2.772587261799172,120.35491552495425,255.7019577033664
4842.229414100734,6.277549675079864e-05,-0.0007907579924311801,2.7707916736382163,118.40016464496806,256.4599675691117
4844.325990275058,6.321262390032344e-05,-0.0006586992763345699,2.7692720784936133,116.44667262249011,257.2212166860955
4844.936082303138,6.335502656086494e-05,-0.0006200909735907006,2.7688819781244334,115.87842444581422,257.44326673886286
4845.546174331218,6.350462412306099e-05,-0.0005813930046237915,2.7685154733797583,115.31026017059499,257.66553161656896
4847.642750505543,6.407631306072119e-05,-0.00044766808062909647,2.767436494035235,113.35833777052416,258.4307961916346
4849.739326679866,6.474331513355003e-05,-0.0003126446516044305,2.7666392403876237,111.40713396462661,259.1978916277344
4850.349418707946,6.495645478585846e-05,-0.00027308101261754026,2.7664605527742205,110.83944875218947,259.42137707946296
4850.959510736026,6.517855469149298e-05,-0.00023338400062959374,2.766306060224937,110.27180064969171,259.6449568763334
4853.05608691035,6.60127537246671e-05,-9.587797257983553e-05,2.7659605720156533,108.32129210216108,260.4138183334662
4855.152663084674,6.696290009527875e-05,4.349856350009382e-05,2.765905336499887,106.37093760648548,261.18307059759854
4855.762755112754,6.726229822587155e-05,8.444258084148808e-05,2.7659443457462802,105.80339220522428,261.4069109324686
4856.372847140834,6.757232868384022e-05,0.00012557305970219224,2.766008411586551,105.23583515054445,261.63072168281684
4858.469423315159,6.872159609487052e-05,0.000268424763157918,2.7664209890973765,103.28526474858502,262.3994263547328
4860.565999489482,7.000590792338622e-05,0.0004138275587396245,2.767135740365611,101.33426147584453,263.1670313939677
4861.176091517562,7.040596799301176e-05,0.00045665876568431584,2.767401255377485,100.7664158406439,263.39010905586167
4861.7861835456415,7.081815034700534e-05,0.0004997381787142109,2.767692999901391,100.19850796494639,263.6130280265851
4863.882759719966,7.232914979114534e-05,0.000649771576155543,2.7688974363226855,98.24634353327546,264.3776754068637
4865.97933589429,7.399017671273017e-05,0.000803130171048228,2.7704199149552826,96.29313863474518,265.13966027421117
4866.58942792237,7.450237738502022e-05,0.0008484263823790244,2.770923687620054,95.72453711447461,265.36080423631364
4867.19951995045,7.502766169817366e-05,0.000894039296432489,2.7714552163914914,95.15582110664921,265.5816532233695
4869.2960961247745,7.693411408090438e-05,0.0010533114362680515,2.773495873716397,93.20047868631475,266.33813650317006
4871.392672299098,7.899842049992484e-05,0.0012167460752524827,2.775874820713184,91.24346985147915,267.0902968338899
4872.002764327178,7.962894083727136e-05,0.0012651339887385256,2.77663187593254,90.67364290065291,267.30826385489166
4872.6128563552575,8.027281602190727e-05,0.001313910564088535,2.777418595840088,90.10364781702675,267.5257902053392
4874.709432529582,8.258736009136814e-05,0.0014846078306800822,2.7803513730861544,88.14349876844891,268.26972933868245
4876.806008703906,8.505710520585188e-05,0.0016603204106286956,2.7836472876476224,86.18104308737487,269.0075600187639
4877.416100731986,8.580444775383631e-05,0.001712440528216748,2.7846760990987693,85.60951024875119,269.2210140670366
4878.026192760066,8.656433644221519e-05,0.0017650199329050885,2.785736872250151,85.03775470517954,269.43386994508757
4880.1227689343905,8.92699690213956e-05,0.001949320664951389,2.7896295547222842,83.07113845806424,270.16053932027745
4882.219345108714,9.211454633858401e-05,0.0021394396159132995,2.7939147368877117,81.10156841536508,270.8791609092416
4882.829437136794,9.296706485230147e-05,0.0021958978332120454,2.795237176501288,80.52784367473743,271.0866515964751
4883.439529164873,9.383011868093162e-05,0.002252878421253114,2.7965942398107746,79.95384154928163,271.2933723794126
4885.536105339198,9.687263284193423e-05,0.002452771201280971,2.801525982228676,77.97908807790043,271.9976264903671
4887.632681513522,0.00010002185001408756,0.002659154699504281,2.8068836192291626,76.00073904009747,272.69171134782226
4888.242773541602,0.00010095603918348476,0.002720462433008983,2.80852461226037,75.42433987036041,272.89165262842664
4888.852865569682,0.00010189727622604264,0.002782340791167733,2.810203195805192,74.84760985223647,273.09063573706123
4890.949441744006,0.00010517987744072605,0.002999407321728517,2.8162629205846303,72.86307659274951,273.7668377110356
4893.04601791833,0.00010851961610621257,0.0032234159722948196,2.822785019221984,70.8743306458401,274.43054126116397
4893.65610994641,0.0001094989447826391,0.0032899224104572457,2.8247718520054144,70.29479216943447,274.62119208723425
4894.266201974489,0.00011048041540290997,0.003357025008188645,2.826799445455021,69.71487258586973,274.81067798910044
4896.362778148814,0.00011386125770534178,0.0035922014152757935,2.8340830001042603,67.71900070764808,275.4526373124736
4898.459354323138,0.00011723234860183745,0.003834455793500688,2.841867039758184,65.71835166141334,276.07954134957964
4899.069446351218,0.00011820731828481746,0.003906277038657249,2.8442282898775786,65.13524729917312,276.2589903939341
4899.679538379298,0.00011917805477304647,0.003978689381684288,2.846633529677727,64.55171756688574,276.43704793738806
4901.776114553622,0.00012247148538203242,0.004232023841571279,2.855239533048803,62.543112023879466,277.0379751396716
4903.872690727946,0.00012567261880031057,0.004492166475559359,2.8643838083404156,60.52925558562209,277.62105144410623
4904.482782756026,0.0001265818238280676,0.004569117601320453,2.8671478960875874,59.94222525650061,277.78720838899415
4905.092874784105,0.00012747929635423147,0.004646617067674511,2.8699590760012637,59.35473496944014,277.9517270044681
4907.18945095843,0.00013046168188811,0.004917046160341719,2.879983491991146,57.33227135332151,278.5042142997657
4909.286027132754,0.0001332572600820017,0.005193532223552797,2.890581232623621,55.30422265482686,279.0358179522802
4909.896119160834,0.00013403019438150762,0.005275069670269432,2.8937746289656903,54.71300897951566,279.1864141392318
4910.506211188914,0.00013478305964667665,0.005357069608540502,2.8970178737674734,54.12131499520337,279.33510572692006
4912.602787363238,0.00013720413765766753,0.005642240728996869,2.908547485518889,52.08427368223211,279.8311434582071
4914.699363537562,0.00013933799503383033,0.005932186733957378,2.9206799857015997,50.04151134264472,280.30304584635115
4915.309455565642,0.00013989937987578057,0.006017369928564537,2.9243251561242434,49.4460033405883,280.4356472052771
4915.919547593721,0.00014043225412554248,0.006102884039075227,2.9280223432168118,48.850014223890845,280.5660606236219
4918.016123768046,0.0001420326302744089,0.0063990559619673225,2.9411274623660293,46.79823855076457,280.99709944879214
4920.1126999423695,0.0001432475234542565,0.006698179098158857,2.954856622234028,44.74087024348075,281.40057063067076
4920.72279197045,0.0001435234090580058,0.006785660684202502,2.9589698364724475,44.14115270401156,281.5126056201543
4921.33288399853,0.0001437628193975239,0.006873296885598977,2.9631364009504835,43.54097854444003,281.6221564592151
4923.429460172854,0.00014429534718035363,0.007175347509537793,2.977863319116291,41.47504888667798,281.97922405957996
4925.526036347178,0.00014435464910181122,0.007478018541505237,2.993224159790031,39.4039882001329,282.30517238269533
4926.136128375258,0.00014427857553374777,0.007566068348254124,2.9978133392733533,38.80039335470597,282.3939770369228
4926.746220403337,0.00014415935567219803,0.007654056551407833,3.0024561371422656,38.196397404646,282.4799946688479
4928.842796577662,0.00014341041376753465,0.007955607306262453,3.018819935516875,36.11780756298938,282.75387295292836
4930.9393727519855,0.00014211892259123046,0.008255019099425635,3.0358137157713996,34.03494646883749,282.9930463571963
4931.549464780066,0.0001416380032152534,0.008341581328118379,3.0408765015602524,33.428103017113955,283.05592740257947
4932.159556808146,0.00014110907381935164,0.008427834234038232,3.0459919135773754,32.820950040519925,283.11572011458446
4934.25613298247,0.0001389185210155749,0.00872148623832475,3.063970251694598,30.732267163622883,283.2971843994695
4936.352709156794,0.0001361417979842082,0.009009931106527633,3.082558795028824,28.64062362855738,283.44043270587196
4936.962801184874,0.0001352220884365797,0.00909271258839172,3.088081010523946,28.03149687985101,283.47474809888826
4937.572893212953,0.0001342520208171021,0.009174917263328124,3.0936534596177996,27.4221918620334,283.5056854490492
4939.669469387278,0.00013053128500794953,0.009452590927882264,3.113181926987988,25.327177332426537,283.585800966331
4941.7660455616015,0.00012621254920443963,0.009721836910117767,3.133283723708539,23.230994649120568,283.62439169614936
4942.376137589682,0.00012484381492205702,0.009798423130175071,3.139238392369298,22.620910862170195,283.6276458546678
4942.986229617762,0.0001234251736326175,0.009874159761216524,3.14523943266111,22.01082114284108,283.6272552648786
4945.082805792086,0.00011817128554235502,0.010127522854362444,3.1662089880346507,19.91448857980356,283.5977186878181
4947.17938196641,0.00011234272855999459,0.010369268352362095,3.187697559846138,17.81926300211349,283.52369087417696
4947.7894739944895,0.00011054097467582301,0.010437259919972696,3.194044611096578,17.209911273015997,283.4936394600005
4948.399566022569,0.0001086927989684093,0.010504139805646288,3.2004327170441402,16.60076555551089,283.4597116285353
4950.496142196894,0.0001019939654513043,0.010725090426994034,3.222689614548506,14.509354430674392,283.3132168852999
4952.592718371217,9.477888405373368e-05,0.01093145525709093,3.2453944617500787,12.421771648598328,283.1197489987358
4953.202810399298,9.258654309267612e-05,0.010988611281930613,3.252081200829109,11.815178159600153,283.0545057383846
4953.812902427378,9.035405864977492e-05,0.011044420160404696,3.258802323939488,11.209037451694519,282.9852011237923
4955.909478601702,8.238712104386481e-05,0.011225577228029847,3.2821506933596867,9.129887403227682,282.71580116221713
4958.006054776026,7.399350612904705e-05,0.011389583723348123,3.3058608936310385,7.057656603820324,282.39756252356517
4958.6161468041055,7.1476570146874e-05,0.011433958886950944,3.31282323730885,6.456128728621,282.2956987909214
4959.226238832185,6.89281863510474e-05,0.011476792236183853,3.3198121243913645,5.855327076296053,282.1896457561555
4961.32281500651,5.9945057001168775e-05,0.011611943219197913,3.3440191185993338,3.79664855143799,281.79307706410884
4963.419391180833,5.064886149322813e-05,0.011727932203722145,3.368489379843482,1.7482345682134204,281.34652877493596
4964.029483208914,4.7891766925360125e-05,0.011757990887295159,3.375653778283445,1.154275943644128,281.20715600875235
4964.639575236994,4.511356865150677e-05,0.011786364889060673,3.3828359617038894,0.5613325043748597,281.06353071809696
4966.736151411318,3.5422388427087905e-05,0.01187082169039899,3.4076390919339405,-1.468117532561922,280.53746697939897
4968.832727585642,2.5548527821067408e-05,0.011934768692509909,3.432597792103233,-3.4838499686104676,279.96108003108975
4969.442819613721,2.2648542626146236e-05,0.011949469494790482,3.4398836888165025,-4.067648340620914,279.7839059340266
4970.052911641801,1.9738980198194824e-05,0.011962402224432999,3.4471779969637177,-4.650140391932329,279.60248514206995
4972.149487816126,9.685498893713938e-06,0.011993255069457608,3.472294117618726,-6.6414555750518005,278.94669130910347
4974.246063990449,-4.10990368424716e-07,0.012002984940380558,3.4974527806514044,-8.615658666531166,278.24105632556217
4974.85615601853,-3.3492247681479937e-06,0.012001835687288622,3.5047754503837303,-9.186742656749173,278.0264080998887
4975.4662480466095,-6.285169439344305e-06,0.01199889863930462,3.512096877891151,-9.756241416105809,277.8075884199606
4977.562824220934,-1.63380649384573e-05,0.01197516608724788,3.537232269046679,-11.700802622837832,277.0239559074906
4979.659400395258,-2.6294317354644072e-05,0.01193045818379726,3.5622959148880167,-13.625086856612988,276.19176983127886
4980.269492423337,-2.916583330388957e-05,0.01191353756821733,3.5695695121859736,-14.18106763399837,275.940581108856
4980.879584451417,-3.202357631046069e-05,0.011894873056227044,3.576832280156165,-14.73521060852849,275.68536185189083
4982.976160625742,-4.172162565810963e-05,0.011817527432205181,3.601693218217046,-16.625121968232428,274.777818315633
4985.072736800065,-5.119412262177082e-05,0.011720085552860776,3.6263709286203607,-18.49198069953519,273.82374704301367
4985.682828828146,-5.3901497372350084e-05,0.01168802353732212,3.633511544818839,-19.030755255131183,273.5375092951406
4986.2929208562255,-5.658497964111002e-05,0.011654320304560449,3.64063214448465,-19.56747827768143,273.24744014632654
4988.38949703055,-6.560898083173305e-05,0.0115261672077333,3.664935217459268,-21.395961473580474,272.22174194453333
4990.486073204874,-7.429744215854911e-05,0.011379446347454806,3.6889501433391785,-23.199139100606097,271.15217266583693
4991.096165232953,-7.675723118477103e-05,0.011333364605725562,3.695878644941847,-23.71899174390738,270.83285613242055
4991.706257261033,-7.918474593237694e-05,0.011285794569688989,3.702778639077048,-24.236627758182667,270.50995514572264
4993.802833435358,-8.726857301146771e-05,0.011111229781424339,3.726260056700853,-25.99833917929992,269.3733845646479
4995.899409609681,-9.493024353941216e-05,0.01092015917559179,3.7493581830967777,-27.733111158361485,268.19609439033263
4996.509501637762,-9.70763205862538e-05,0.010861585261176605,3.756002649746722,-28.232787544599624,267.8460470081409
4997.119593665841,-9.918388683673515e-05,0.010801715609421064,3.762611058151806,-28.730137196008844,267.4926976915087
4999.216169840166,-0.00010612362413031533,0.010586409693912432,3.785034428580315,-30.42138331474303,266.25369704064485
5001.31274601449,-0.00011257972973123115,0.010357061075879997,3.806991672958406,-32.084728405408704,264.97747234859474
5001.922838042569,-0.00011436487485326954,0.010287829622441914,3.8132893306632085,-32.563477371438886,264.5993070045048
5002.532930070649,-0.00011610732906026592,0.010217523174856866,3.8195445032303357,-33.03984712321523,264.21814491904644
5004.6295062449735,-0.0001217642231110544,0.009968074382992177,3.840706801551943,-34.658686828848765,262.88592374015593
5006.726082419297,-0.00012690096940924032,0.009707310746532536,3.8613342502630124,-36.24934555432549,261.52016650405585
5007.336174447378,-0.0001282966584478349,0.00962946106921751,3.867232856423111,-36.70692798599725,261.1166470471242
5007.946266475457,-0.0001296476009760663,0.009550773948390701,3.873083796002805,-37.16213540611905,260.71044627070495
5010.042842649782,-0.00013394619593890797,0.009274358491549015,3.89281943494443,-38.7083712396169,259.2945963178442
5012.139418824106,-0.0001377112370796465,0.008989490021040727,3.9119666866314953,-40.22679710674752,257.8489501830305
5012.749510852185,-0.000138706477059809,0.008905167557769508,3.917425368041479,-40.66346454929115,257.4228852853091
5013.359602880265,-0.00013965666966154886,0.008820251461637915,3.922832508796493,-41.09781381859562,256.9944536116451
5015.4561790545895,-0.00014257896679835082,0.008524295149888738,3.9410155643302365,-42.57288502012702,255.50460022093225
5017.552755228913,-0.00014497436902821288,0.00822276435724237,3.958572281250206,-44.021104739080876,253.9886217849629
5018.162847256994,-0.00014557329835865934,0.008134131940512643,3.963561862929367,-44.43755302000029,253.54277341446095
5018.772939285073,-0.0001461285064019,0.008045146787080118,3.968497345596783,-44.851786148519075,253.0948627552023
5020.869515459398,-0.000147705488829908,0.007737036083330888,3.985042105264474,-46.25858382862656,251.54037247345164
5022.966091633722,-0.00014877863870122425,0.007426147277462868,4.000937975120272,-47.63998864105153,249.9632639372598
5023.576183661801,-0.00014899795837333693,0.0073353100559511416,4.005440864579755,-48.03729319111528,249.50027444170684
5024.186275689881,-0.0001491760313285237,0.007244350563149031,4.00988837549323,-48.43252371766272,249.03551011812502
5026.282851864205,-0.00014947805020537136,0.00693119326601794,4.024748454118364,-49.77515191334502,247.42526487671
5028.379428038529,-0.00014931198433827748,0.006617893450966302,4.038951825215674,-51.09424414516448,245.79567478788658
5028.98952006661,-0.00014917800079750304,0.006526838946217155,4.042961531110598,-51.47378402913666,245.31801389936564
5029.599612094689,-0.00014900625813311902,0.006435876373172989,4.0469157847652975,-51.85142019580786,244.83884385607192
5031.696188269014,-0.00014813368291741725,0.006124314219902244,4.060082085848909,-53.13492652131181,243.18108319284087
5033.792764443338,-0.0001468381733097502,0.005815024844123787,4.072597555670718,-54.39704431239036,241.50697385495522
5034.402856471417,-0.0001463844743840559,0.005725577456074474,4.076117921817547,-54.760421456111274,241.01690469522498
5035.012948499497,-0.00014589710500647745,0.005636415600385946,4.079583867487454,-55.1220852483383,240.52556750477447
5037.109524673821,-0.00014397241901201494,0.0053324840374180974,4.091081661366593,-56.35218226338715,238.82779345389383
5039.206100848145,-0.0001416768763299045,0.005032976489896996,4.101946877214875,-57.5632221637707,237.11636759195812
5039.816192876226,-0.00014094226916056061,0.004946763977839627,4.10499110419754,-57.91218121288749,236.6159291941373
5040.426284904305,-0.00014017868178977774,0.004861006782707437,4.10798292728938,-58.25962856563003,236.11443823677382
5042.52286107863,-0.0001373408830391571,0.004570031589926189,4.1178682755895535,-59.442423001784384,234.38337302440377
5044.6194372529535,-0.0001341897790967445,0.004285334492493216,4.127150153485783,-60.608575891874885,232.64104876289952
5045.229529281033,-0.00013321732159810016,0.0042037626942598725,4.129739662974989,-60.944928880574814,232.13205177277976
5045.839621309113,-0.00013222092274703197,0.004122789641015594,4.132279633979541,-61.279975088043415,231.6221921998421
5047.936197483437,-0.0001286225345162535,0.0038493067207782607,4.14063532357831,-62.421717735207324,229.86377679252894
5050.032773657761,-0.00012477327226740202,0.0035836310838160664,4.148425819684473,-63.549229271988395,228.09619875396604
5050.642865685842,-0.0001236096240709517,0.0035078628860885433,4.150588995027282,-63.87478807253504,227.58023076019498
5051.252957713921,-0.00012242756340162905,0.0034328082520545785,4.152706197265747,-64.19924124775082,227.06356569910372
5053.349533888246,-0.0001182335197034175,0.0031804940009318885,4.159637273290153,-65.30610636712318,225.28298719348805
5055.4461100625695,-0.0001138557212116627,0.0029371655098619693,4.166048772932427,-66.40106950132235,223.49506211134204
5056.056202090649,-0.00011255115734664444,0.002868101382529849,4.167819590916134,-66.71758801975596,222.97349933256365
5056.666294118729,-0.00011123401150507006,0.00279983488170932,4.169548540432253,-67.03319247134081,222.45138211476666
5058.762870293053,-0.00010662121833110684,0.002571440238583382,4.175177473927965,-68.11109244964936,220.653119377074
5060.859446467377,-0.00010189623674455158,0.002352834273499495,4.180337822011132,-69.17927673266011,218.84906644487668
5061.4695384954575,-0.00010050429862791574,0.0022910935580403306,4.181754381252218,-69.48840405404636,218.32308909740976
5062.079630523537,-9.910604743782747e-05,0.002230201756015106,4.1831335438677835,-69.79679471152984,217.79667891113883
5064.176206697862,-9.426246659370299e-05,0.002027489397173671,4.187595049805481,-70.85123333468391,215.98455816729717
5066.272782872185,-8.938197328221017e-05,0.001834970669428247,4.191642239703429,-71.89795367329256,214.16796682682482
5066.882874900265,-8.795911378054292e-05,0.0017808746214670276,4.192745191625826,-72.2011988077457,213.63857624279996
5067.492966928345,-8.653637177551489e-05,0.0017276443349426476,4.1938154037993245,-72.50386729411964,213.10885536689074
5069.589543102669,-8.165845455959166e-05,0.0015513347554623246,4.197250939117787,-73.53983332629004,211.28611007272897
5071.686119276993,-7.682090767201448e-05,0.001385209781262949,4.200327504372989,-74.56985933360959,209.46000058077954
5072.2962113050735,-7.542507921921706e-05,0.0013387692315925321,4.20115840317098,-74.86856780341625,208.928036906345
5072.906303333153,-7.403593728833598e-05,0.0012931759869973462,4.201961214868351,-75.16684035358709,208.3958284353406
5075.002879507478,-6.932319365598696e-05,0.001142914675500419,4.204513234739362,-76.18874180078296,206.56516028317208
5077.099455681801,-6.472696946986516e-05,0.0010024118440713676,4.206760450023166,-77.20624765677613,204.7320447855792
5077.709547709881,-6.34155071698022e-05,0.0009633242528547642,4.207360058662397,-77.50158981281177,204.19820475095833
5078.319639737961,-6.21169175730957e-05,0.0009250307952920109,4.207936038269937,-77.79661688585212,203.66419036718088
5080.416215912285,-5.7762387474914195e-05,0.0007993953348130104,4.2097421727239155,-78.80825511337851,201.82783035949586
5082.512792086609,-5.35943723270639e-05,0.0006826939569877231,4.211294268357217,-79.81680860065303,199.98977402343715
5083.122884114689,-5.242012603057817e-05,0.0006503565545274444,4.2117008887509675,-80.10977918019206,199.45462875407705
5083.732976142769,-5.126424370420836e-05,0.000618728260808236,4.212087962210547,-80.40253622985905,198.9193665547866
5085.829552317094,-4.7440131985468304e-05,0.0005153002802824953,4.2132753947381625,-81.40711771370516,197.079136426374
5087.926128491417,-4.3860079095765734e-05,0.00041963399731117075,4.2142541191211285,-82.40970557086087,195.2378191983272
5088.536220519497,-4.286690265542087e-05,0.00039318016862823917,4.214502053817606,-82.70113353606754,194.7018322659471
5089.146312547577,-4.1896195950937164e-05,0.0003673242465179166,4.2147339893912,-82.99243191809778,194.16577485356177
5091.242888721901,-3.873798756837166e-05,0.0002828459886020433,4.2154144502342294,-83.99261362872711,192.32314957562056
5093.339464896225,-3.5863648206498336e-05,0.0002046915786219008,4.215924425188916,-84.99169843252821,190.47992923573503
5093.949556924305,-3.508218751580938e-05,0.00018305155513539836,4.216042703503612,-85.28226554333955,189.94347511538666
5094.559648952385,-3.432573456500456e-05,0.00016188012146238392,4.216147875440064,-85.57277194590905,189.40698810043958
5096.65622512671,-3.192000975182628e-05,9.24883410125026e-05,4.216413701041568,-86.57073430404377,187.56315982009724
5098.752801301033,-2.9816744596130037e-05,2.7823281032125134e-05,4.2165389964542435,-87.5683360722443,185.7191363960969
5099.362893329113,-2.926193141697989e-05,9.802994338779717e-06,4.21655048159814,-87.8586020815243,185.18251928537768
5099.972985357193,-2.8732680154390757e-05,-7.886464793446426e-06,4.2165510255944225,-88.14886431304618,184.64590012997635
5102.069561531517,-2.7109376734187626e-05,-6.637298700569936e-05,4.2164726402291555,-89.14640389612958,182.80184306778636
5104.166137705841,-2.5783934869235014e-05,-0.00012176837466344849,4.216274873814426,-90.14419808404021,180.95792376947125
5104.776229733921,-2.545325797681287e-05,-0.00013739707742600545,4.216195830444397,-90.43463005211349,180.42139645665299
5105.386321762001,-2.5146790431682075e-05,-0.00015283057985376205,4.21610726629095,-90.72510665187393,179.884893314583
5107.482897936326,-2.427516560837619e-05,-0.00020459196497263262,4.215732314551863,-91.72373973537792,178.04142820334317
5109.579474110649,-2.367290934553802e-05,-0.0002548082981070049,4.215250460785571,-92.72316245747754,176.1983911065451
5110.189566138729,-2.3546020840719014e-05,-0.00026921176587842925,4.215090628613984,-93.01416548296835,175.6621733074362
5110.7996581668085,-2.3439878802675508e-05,-0.00028354261332196056,4.214921992218539,-93.30525643879037,175.12600325269568
5112.896234341133,-2.3227570292152833e-05,-0.00033242556946062055,4.214276242149827,-94.30632397017055,173.2838590193828
5114.992810515457,-2.3232615042543645e-05,-0.0003810912534686337,4.2135282330037285,-95.30867498725482,171.44241290058545
5115.602902543537,-2.3271375178442446e-05,-0.00039527725282506685,4.213291423890022,-95.60062160021276,170.90670825552178
5116.212994571617,-2.332557390342365e-05,-0.00040948942006084594,4.2130459231974315,-95.89269742089095,170.3710740687039
5118.3095707459415,-2.3620346832768737e-05,-0.00045867725732608703,4.212135968607933,-96.89746200242578,168.5309437484973
5120.406146920265,-2.40582799315357e-05,-0.0005086331815919894,4.211122082794301,-97.90399614368738,166.69178084403194
5121.016238948345,-2.4207918769464806e-05,-0.000523357406828209,4.210807294618952,-98.19725167084998,166.15679160104148
5121.6263309764245,-2.4365802737526927e-05,-0.0005381726653569082,4.210483480183366,-98.49067813658505,165.62189612535965
5123.722907150749,-2.4959756463724224e-05,-0.0005898714900657837,4.209301191485554,-99.50040393737987,163.78448351592726
5125.819483325073,-2.5602769572572328e-05,-0.0006428670123720513,4.208009152950968,-100.51240209880025,161.94832159129047
5126.429575353153,-2.579335979573496e-05,-0.0006585467359656781,4.20761217195753,-100.80734347161892,161.4142599054722
5127.039667381233,-2.598354307207179e-05,-0.0006743393463334163,4.207205591498546,-101.1024995571415,160.88031689546125
5129.1362435555575,-2.6619707054620484e-05,-0.0007294934940821652,4.2057341919759255,-102.11850674447744,159.0463702082519
5131.232819729881,-2.7194128687519975e-05,-0.0007859166843100776,4.2041458272591035,-103.1373184026444,157.21398014687037
5131.842911757961,-2.7343150397423982e-05,-0.0008025553229972576,4.203661270003981,-103.43434413538756,156.6810748874111
5132.45300378604,-2.7481770100065182e-05,-0.0008192780713997578,4.203166555776147,-103.73163086857649,156.14831523985532
5134.549579960365,-2.7863145280621643e-05,-0.0008773278197455478,4.2013881298364275,-104.75531715914074,154.31864392518077
5136.646156134689,-2.805945949774432e-05,-0.0009359831530050039,4.199487363349946,-105.78236749409511,152.49085901135996
5137.256248162769,-2.807470522476298e-05,-0.0009531096246832811,4.198911088757601,-106.08189692354392,151.95935696437326
5137.866340190849,-2.8068807010254026e-05,-0.0009702351007401157,4.1983244058565,-106.38173531967226,151.42802922050512
5139.962916365173,-2.7869975640846402e-05,-0.0010289302139253967,4.196228574023427,-107.41455865107643,149.60350015814242
5142.059492539497,-2.73554654663617e-05,-0.0010868775396681368,4.194010467311164,-108.45131493726932,147.78120326590425
5142.669584567577,-2.7139114715134665e-05,-0.0011035044907632767,4.193342267823933,-108.75377530325672,147.25136363545232
5143.279676595656,-2.689041812261533e-05,-0.0011199857069519256,4.1926640299232005,-109.05659201738067,146.72172765945135
5145.376252769981,-2.5771856559016225e-05,-0.001175269093794794,4.190257450001082,-110.10001018099354,144.9032369740532
5147.472828944305,-2.4205984839638226e-05,-0.0012277384212063356,4.1877379141922475,-111.14790412339322,143.08732196854564
5148.082920972385,-2.3659081476599598e-05,-0.001242343597774099,4.186984372367034,-111.4537046900416,142.55940311247159
5148.693013000465,-2.3068949249020845e-05,-0.001256598242204291,4.186222108631202,-111.75990466528852,142.03171588975582
5150.789589174789,-2.0694104767988317e-05,-0.0013025745739720749,4.183538383468722,-112.8152700357276,140.22013281916657
5152.886165349113,-1.774664908311896e-05,-0.0013429716018796426,4.180764114142243,-113.8755751849663,138.411436727178
5153.496257377193,-1.6774776052982306e-05,-0.0013535067104030226,4.179941487630408,-114.1850683460795,137.88567415686254
5154.106349405272,-1.5749570584007405e-05,-0.0013634293692667747,4.179112721101961,-114.49499449087752,137.36016675932098
5156.202925579597,-1.180461460557536e-05,-0.0013924334719735243,4.176222212724671,-115.56340466678098,135.55624645771
5158.299501753921,-7.17638106718848e-06,-0.0014124504022408097,4.17328031618249,-116.63707083169088,133.75544961027856
5158.909593782001,-5.6956572249103396e-06,-0.0014163816128115844,4.172417290877446,-116.95050096915978,133.2320245155233
5159.519685810081,-4.153218206594559e-06,-0.0014193880729399249,4.1715522656179775,-117.26438172646283,132.7088695358275
5161.616261984405,1.6308577787773391e-06,-0.0014221668080506762,4.168571237691849,-118.34648977225962,130.91313276461398
5163.712838158729,8.185187997060645e-06,-0.001412011338923569,4.16559794270811,-119.43393921723697,129.12062554110005
5164.322930186809,1.024112983731737e-05,-0.001406394996226669,4.164738072743563,-119.75138090732696,128.59962359320377
5164.933022214888,1.2364867613534021e-05,-0.0013995020934574368,4.163882146286319,-120.06926739775201,128.0788928801178
5167.029598389213,2.018846630450082e-05,-0.001365520799180379,4.160980588992118,-121.16505811560691,126.29147267441026
5169.126174563537,2.883613922689337e-05,-0.001314272867090626,4.1581683764805915,-122.26595089871014,124.507190152722
5169.736266591617,3.150925982406052e-05,-0.0012958688724462625,4.157372013211794,-122.58723876596737,123.98855122898209
5170.346358619697,3.4252942017589405e-05,-0.0012758121994862186,4.15658751501331,-122.90893386891754,123.47016469865359
5172.442934794021,4.4223296941602e-05,-0.001193692419220083,4.153994957600367,-124.01747467451041,121.69062376499701
5174.539510968345,5.502887738338031e-05,-0.0010897934734103406,4.151597401401953,-125.13045225890924,119.91385395024533
5175.149602996425,5.8329376588752976e-05,-0.0010552173567545575,4.150942904013155,-125.4551052143966,119.39731483251998
5175.759695024504,6.169930713946542e-05,-0.0010186076730731672,4.1503102519969115,-125.78008734939701,118.88098260331716
5177.856271198829,7.380616403225594e-05,-0.0008766977475705557,4.1483188455790385,-126.89926337126766,117.10811076225076
5179.9528473731525,8.670772043756706e-05,-0.00070857180032872,4.146652446073153,-128.02168015161232,115.3372883979701
5180.562939401233,9.06074506632932e-05,-0.0006544847688211795,4.146236465331565,-128.34882279226193,114.82232248662434
5181.173031429313,9.45706643328585e-05,-0.0005980021467643348,4.145854332595661,-128.67616715384173,114.30748463757527
5183.269607603637,0.00010866389434030731,-0.00038507518234975213,4.144818494690837,-129.8024097570989,112.53909316316377
5185.366183777961,0.000123451984912936,-0.00014187227362956738,4.1442608122982145,-130.93006112969556,110.77159937068204
5185.976275806041,0.0001278784389592878,-6.520568870232055e-05,4.144197449903776,-131.25834467083493,110.2573599762527
5186.58636783412,0.000132357271371436,1.4172551427517669e-05,4.144181786371107,-131.5866442197078,109.74313079960987
5188.682944008445,0.0001481288458042381,0.0003081101156212206,4.144513757115426,-132.71466026378732,107.97586969134474
5190.7795201827685,0.00016443094838294363,0.0006356701333375683,4.1454972363710585,-133.8415135312454,106.20786729361397
5191.389612210849,0.000169263466225694,0.000737463342482503,4.145915911845928,-134.16903789570387,105.69314392399394
5191.999704238929,0.00017413159670574043,0.00084220889183515,4.146397657553311,-134.49632563923964,105.17827041460308
5194.096280413253,0.00019110485952197618,0.0012250294613839825,4.148558446551837,-135.61883201813384,103.40750457769967
5196.192856587577,0.0002083783633459122,0.0016437505084255228,4.151559482078396,-136.73676366678748,101.63384883493856
5196.8029486156565,0.00021344665449775867,0.0017724297094399747,4.152601392137797,-137.06100159016282,101.11704872164246
5197.413040643736,0.00021852843081517182,0.001904196522545462,4.153722774767003,-137.3846749541299,100.59989583719049
5199.509616818061,0.00023605809200180134,0.002380732808342776,4.158208192561895,-138.49214080066486,98.81968539301245
5201.606192992384,0.0002535954838273153,0.0028940294680645964,4.163731240441852,-139.5906823475869,97.03395834774041
5202.216285020465,0.0002586824139039846,0.0030503031971197527,4.1655443764610975,-139.9084061784786,96.51312772922567
5202.826377048545,0.000263755718832924,0.003209666137968182,4.167453769784249,-140.22515420566188,95.99170512734804
5204.922953222869,0.00028104255624826903,0.003780830447353778,4.174775553469336,-141.30555392645664,94.1949416472193
5207.019529397193,0.00029799302976343876,0.004387885321924291,4.183332450289027,-142.371651221381,92.38966316936177
5207.6296214252725,0.00030284209209226117,0.0045711753062293295,4.186065252368577,-142.6788642979839,91.8625639023315
5208.239713453352,0.00030764688459271333,0.004757399062818784,4.188910689015555,-142.98459981843843,91.33460972611556
5210.336289627677,0.00032377165414369607,0.005419432259636757,4.199573164194786,-144.02318669753188,89.51336158953428
5212.432865802,0.0003391828909422199,0.006114524276227578,4.211658297568018,-145.04098706281033,87.6804288355462
5213.042957830081,0.0003435119949410325,0.006322787245998928,4.215452173010993,-145.33286490738803,87.14468491439227
5213.653049858161,0.0003477641984434092,0.006533656457322236,4.219373757619936,-145.62266745908917,86.60782091839543
5215.749626032485,0.0003617394234896429,0.0072776132546293025,4.233847029868807,-146.60179223635393,84.7539342268447
5217.846202206809,0.00037461226472329935,0.008049714559980908,4.249909567766138,-147.55249189495188,82.88533040299166
5218.456294234888,0.0003781295456839576,0.008279346776667237,4.254890662807385,-147.82334436754178,82.33865498545983
5219.066386262968,0.0003815372431257941,0.008511080194726834,4.260012288507862,-148.09142582273003,81.79062291744233
5221.162962437293,0.00039236090382695736,0.009322607644318606,4.278703438043973,-148.9904479932378,79.89660618552884
5223.259538611616,0.0004017007655554522,0.010155272274268604,4.29911817455007,-149.85225858426753,77.98539609853538
5223.869630639697,0.0004041192636821761,0.010401097145900347,4.305388858230534,-150.09553231980357,77.42590179379782
5224.4797226677765,0.0004063967706316844,0.010648344027419179,4.311809685356311,-150.33524554826803,76.86488262738979
5226.576298842101,0.00041310019193188733,0.011507734405017862,4.335033519952014,-151.13061525703324,74.92507112018684
5228.672875016425,0.00041796361744203493,0.012379250170333854,4.360071842837327,-151.87893957619718,72.96666256404045
5229.282967044504,0.00041901446053150594,0.012634580643664215,4.367702328822838,-152.08728921159403,72.39324536500335
5229.893059072584,0.00041989592839993705,0.012890491388025645,4.375488447279932,-152.2912092331922,71.81825005774475
5231.989635246909,0.00042158978225410334,0.01377298686696256,4.403439227624658,-152.95682803624052,69.83019693268099
5234.086211421232,0.0004211313673997952,0.014656777441885432,4.433241584598163,-153.56476236596836,67.82379148755521
5234.696303449313,0.0004205779894625764,0.01491355158357082,4.442262087474439,-153.73022607201946,67.23656130025518
5235.3063954773925,0.0004198314152513807,0.015169922041825087,4.451438758916058,-153.89033961789877,66.64786376537644
5237.402971651717,0.0004157570829022702,0.016046278238012163,4.484164261181931,-154.3983256474645,64.61383909441669
5239.499547826041,0.0004092861127882877,0.016911579919251647,4.518715522652618,-154.8376134207424,62.56392385690259
5240.10963985412,0.000406941780067177,0.01716058070087417,4.529109366897443,-154.95192812909636,61.96463261098758
5240.7197318822,0.0004043876026116865,0.017408083061362052,4.539654272257167,-155.05996625043642,61.3641932671544
5242.816308056525,0.00039398561435188167,0.018245452096465317,4.57703372404193,-155.3819350570348,59.29259294381579
5244.912884230848,0.00038104289712684075,0.0190583491549105,4.616143130113203,-155.62446493574683,57.210243972732755
5245.522976258929,0.00037679490036119257,0.019289536864292977,4.627841338330596,-155.67954377182912,56.60263886373659
5246.133068287008,0.00037233041751280144,0.019518066857222634,4.639679374601003,-155.72747752578096,55.994443915432726
5248.229644461333,0.0003553302570396286,0.02028130954283026,4.681407280102475,-155.83638551526175,53.90083340581716
5250.326220635657,0.0003357849814392373,0.021006242083161816,4.724695221964904,-155.85623987167904,51.80453250863122
5250.936312663736,0.0003296237551727001,0.021209231979240743,4.737573282475945,-155.8448045369218,51.19454396861373
5251.546404691816,0.00032325307484927675,0.021408404338941877,4.750573627759312,-155.8254920901569,50.584768871195784
5253.6429808661405,0.0002997779763815903,0.022061934364328677,4.796152098944889,-155.69796569034418,48.49224080042431
5255.739557040464,0.00027393332060690357,0.02266376307888142,4.843046547742654,-155.47388067337792,46.40788373564565
5256.349649068545,0.0002659829354121464,0.022828467898026495,4.856924211434143,-155.39019581517715,45.8035559755562
5256.959741096624,0.0002578465138742242,0.022988276831362786,4.870900518277889,-155.2981222888598,45.200462339044975
5259.056317270949,0.00022850984022759063,0.023498465530785034,4.9196431264974585,-154.9170256077183,43.139011375869345
5261.152893445273,0.00019718634269529824,0.023945064895395184,4.969388724246487,-154.43494586601642,41.09884736341183
5261.762985473352,0.00018772537190026983,0.024062480938856726,4.984033690776534,-154.27555029932535,40.50994502737929
5262.373077501432,0.00017811976862582143,0.024174098189518035,4.998748252475702,-154.10754985856676,39.92344943442199
5264.4696536757565,0.00014407805809111337,0.024512098206362073,5.049798137384668,-153.46437132099305,37.92819677750804
5266.56622985008,0.00010864050957919285,0.024777263943642675,5.101480313768263,-152.7196281427049,35.96861155066673
5267.176321878161,9.81043476532693e-05,0.024840325007928342,5.116616403117179,-152.48391794146988,35.40589424442449
5267.78641390624,8.748125921093849e-05,0.024896953929727243,5.131788841311136,-152.23973060759408,34.846808988389895
5269.882990080565,5.040898296700417e-05,0.025041613010122084,5.184152541509032,-151.33626766281054,32.95514469838961
5271.979566254889,1.2704921328378689e-05,0.025107884946313018,5.236737358178824,-150.33485620696965,31.11346606493528
5272.589658282968,1.6606426229203376e-06,0.02511225577197596,5.2520572073540395,-150.02536986572215,30.587704579931284
5273.199750311048,-9.400902449941803e-06,0.02510990859219452,5.267377642005723,-149.70788575722185,30.06673367878621
5275.296326485372,-4.743188997862399e-05,0.02505029073377147,5.319973869574449,-148.5567496081203,28.31473740246993
5277.392902659696,-8.522981661184452e-05,0.024911182327970047,5.372361774767778,-147.3152911796953,26.62553096549284
5278.002994687777,-9.61359877543989e-05,0.024855841449936335,5.387543327835858,-146.93759221831255,26.146419957240525
5278.613086715856,-0.00010698557256705482,0.024793889151866533,5.402689207137084,-146.55268668655995,25.673072535558134
5280.709662890181,-0.00014372051971020885,0.024530886028235246,5.454409037335797,-145.17636624248757,24.091820715251412
5282.806239064505,-0.0001793627497628021,0.024192010771967223,5.505497925598934,-143.72061769119745,22.583342528338218
5283.416331092584,-0.0001894838565150841,0.02407947705213958,5.520223176943105,-143.28276008796624,22.1585108622515
5284.026423120664,-0.00019947989044661062,0.023960828330048378,5.534878140856618,-142.83871672952213,21.740134799407972
5286.122999294988,-0.00023277301308424785,0.0235073828016228,5.5846503610542655,-141.26728468541444,20.35259402899176
5288.219575469312,-0.00026423481272814375,0.022986055459584372,5.63340073846411,-139.6294200724497,19.044077686621588
5288.829667497393,-0.0002730099646638426,0.022822152195084582,5.647374473852417,-139.1410883347674,18.678384575808746
5289.439759525472,-0.0002816054767591545,0.022652966141517954,5.66124693822433,-138.6477126188466,18.3195031449536
5291.536335699797,-0.0003096935180726184,0.022032699302342917,5.70810024250607,-136.9156073354367,17.13858442026436
5293.6329118741205,-0.0003354054170996508,0.021356034626618895,5.753593988930872,-135.13081201830678,16.038835668685998
5294.2430039022,-0.0003424168343373416,0.021149250015352918,5.766560081398153,-134.6023096132392,15.734067553238093
5294.85309593028,-0.00034921158525262505,0.020938263593738123,5.779399140883444,-134.06991273833268,15.436123340713895
5296.949672104604,-0.00037085825888039575,0.020182950577210146,5.82251345387496,-132.21244810572355,14.464166837061956
5299.046248278928,-0.0003898012272698648,0.019385087922493313,5.863999591313035,-130.3155053849706,13.57159505569651
5299.656340307009,-0.0003947935080262802,0.019145735075419258,5.87575320042936,-129.75678978463472,13.326573991363293
5300.266432335088,-0.0003995505676228094,0.018903411680589857,5.887360317961909,-129.1952397693887,13.088079390157246
5302.363008509413,-0.00041408165482362415,0.01804999833932659,5.926102944090381,-127.24549846849595,12.317680545834389
5304.4595846837365,-0.000425794575066806,0.01716907371770037,5.963027484393238,-125.26797022379397,11.621556217013199
5305.069676711816,-0.00042867285669157944,0.016908409469295654,5.973422544708705,-124.68789557934166,11.43257795947491
5305.679768739896,-0.0004313144849281742,0.01664605920399202,5.983658506405152,-124.10588967117626,11.249582372324793
5307.77634491422,-0.000438592094124726,0.01573366761095316,6.017603952084346,-122.09246833747869,10.665396097706596
5309.872921088544,-0.0004431287243113502,0.014808891291510022,6.049623516526763,-120.06083615331622,10.147906149567287
5310.4830131166245,-0.0004439430332079928,0.014538284541936853,6.058575557398687,-119.46668967817413,10.00937478006976
5311.093105144704,-0.0004445342848138894,0.0142672421392572,6.067362790174154,-118.87132506001055,9.876112600323477
5313.189681319029,-0.0004448914089804762,0.01333443021501116,6.096296966610205,-116.81712451374038,9.457156234430647
5315.286257493352,-0.000442744078325956,0.012403494942899967,6.123277399062827,-114.75197840447888,9.095775671735964
5315.896349521432,-0.00044166569338444735,0.012133703641643533,6.130762135849336,-114.14931674432098,9.000897360788446
5316.506441549512,-0.0004403896641523825,0.011864620044113497,6.138082863222833,-113.5459578667557,8.910481212542306
5318.603017723836,-0.0004345418877593072,0.010947064818253943,6.161993545649977,-111.46795511280231,8.632491902570552
5320.69959389816,-0.00042654831053353336,0.010044019318503216,6.183995714024981,-109.38408860647708,8.402269696948304
5321.3096859262405,-0.0004238417474130025,0.009784608871712388,6.190044098697045,-108.77682056066382,8.343698284935163
5321.91977795432,-0.0004209717602866592,0.009526886580134593,6.195935042309403,-108.16920456338951,8.28875470099612
5324.016354128645,-0.00040991927606166064,0.008655575641996465,6.214991140156601,-106.07897348950807,8.126285426798631
5326.112930302968,-0.00039716251030473234,0.007809223656978644,6.23224663242369,-103.98611457069076,8.001788247820793
5326.723022331048,-0.0003931563354904355,0.007568140667481044,6.23693717231597,-103.37674667679244,7.972159394028179
5327.333114359128,-0.0003890261429002731,0.00732952545403021,6.241481616391238,-102.7672418439862,7.945348591739812
5329.429690533452,-0.0003739512232003756,0.006529492107235404,6.256004113856425,-100.67192364788042,7.8734395717445285
5331.526266707776,-0.00035765566688415886,0.005762344056736884,6.268883753732403,-98.57580119738222,7.830243725826868
5332.136358735856,-0.0003527117165497833,0.005545652374150235,6.272332959414861,-97.96576019498093,7.822575039590244
5332.746450763936,-0.0003476850789685133,0.005331987960775665,6.275651043472872,-97.35569242536967,7.816976058285814
5334.843026938261,-0.00032984558437653246,0.004621611944384892,6.28607861411623,-95.25913458405914,7.812364324922581
5336.939603112584,-0.0003112694984555949,0.003949409947232895,6.295056844698412,-93.1626208583209,7.828095094771135
5337.549695140664,-0.0003057517999883535,0.003761194880017502,6.297408702048968,-92.5525824990911,7.8360577822745565
5338.159787168744,-0.00030019105157171017,0.0035763460427185698,6.299646839897407,-91.94256159029209,7.845426803161554
5340.256363343068,-0.0002808151676397833,0.002967233822653445,6.30649924652843,-89.8464104956746,7.887335684459506
5342.352939517392,-0.00026115126040980645,0.0023990465505886317,6.312117504126826,-87.75055608634112,7.9423139627401955
5342.963031545472,-0.00025539849646112953,0.002241481011956571,6.313532875953507,-87.14073296773137,7.960395914949007
5343.573123573552,-0.00024963834044085405,0.0020874159617612974,6.314853201199759,-86.53093407952217,7.9793186085893915
5345.669699747877,-0.000229841246843423,0.0015848009141774383,6.318695509222784,-84.43554864293814,8.049903720402062
5347.7662759222,-0.00021014541436194527,0.0011235858305292659,6.321527445601185,-82.34040806956261,8.127481063967572
5348.37636795028,-0.00020445276575230508,0.0009971207562911146,6.322174189751015,-81.73077242349238,8.151065245443172
5348.98645997836,-0.0001987826198857153,0.0008741124972543225,6.322744791611899,-81.12115102696808,8.17502701549354
5351.083036152684,-0.00017951398902408538,0.0004776217103593655,6.32415481689712,-79.02628010112407,8.259559581156179
5353.179612327008,-0.00016066342056260754,0.00012109082600697435,6.324775458534992,-76.93149552415406,8.346219118362239
5353.789704355088,-0.00015527198296278561,2.4722501998558707e-05,6.32481980463097,-76.3219316935457,8.371598869441547
5354.399796383168,-0.00014992665944622372,-6.837769675723231e-05,6.324806268140114,-75.71236847779603,8.396994168835782
5356.496372557493,-0.00013194347652911937,-0.00036374396700170216,6.324346813241061,-73.61759212573709,8.483850596612207
5358.592948731816,-0.00011461756765690707,-0.0006220961369549226,6.323306901897503,-71.52275155141051,8.569136569371231
5359.203040759896,-0.00010971042683693975,-0.0006905202688498807,6.322906394443638,-70.91314552081566,8.59348489875386
5359.8131327879755,-0.00010486632279502298,-0.0007559746442647955,6.322464929739571,-70.30352966408488,8.617582184594056
5361.9097089623,-8.872483409935173e-05,-0.0009587707262262209,6.32066162006277,-68.20849999514836,8.6980929566446
5364.006285136624,-7.340309100190665e-05,-0.001128584277115306,6.318467708146685,-66.11331414612165,8.774416403320313
5364.616377164704,-6.91054840254739e-05,-0.001172050298481993,6.317765841949755,-65.50359416933067,8.79572213891061
5365.226469192784,-6.488164606194975e-05,-0.0012129195931274348,6.317038111165424,-64.89385945504134,8.816596939175286
5367.3230453671085,-5.0943189458580704e-05,-0.0013341783165061556,6.314363079829674,-62.79839321795746,8.884794908559641
5369.419621541432,-3.7915199530714256e-05,-0.0014271684352330904,6.31146345398505,-60.70274546843083,8.947151858410713
5370.029713569512,-3.429833935085844e-05,-0.0014491919934440072,6.310585993528131,-60.09288974584626,8.964132645653194
5370.6398055975915,-3.0760092047572415e-05,-0.0014690337246306745,6.3096956143898355,-59.483019469529644,8.980578485441711
5372.736381771916,-1.9206325794928774e-05,-0.00152124921880632,6.3065568758394095,-57.38709650990624,9.032878483460593
5374.83295794624,-8.589552390789675e-06,-0.0015502236003738063,6.303333026909439,-55.291017964229596,9.078510482987584
5375.44304997432,-5.675966986506651e-06,-0.0015545712564883666,6.30238590751811,-54.68104396387744,9.090510990448166
5376.0531420024,-2.840891660536132e-06,-0.00155716448029182,6.3014365231644165,-54.07105894205213,9.101936406272145
5378.1497181767245,6.305466406805101e-06,-0.0015533739395318632,6.298172598789288,-51.9747731728009,9.136773589462184
5380.246294351048,1.4543667670851011e-05,-0.0015313593723242512,6.294935725601424,-49.87838518136487,9.164796842732075
5380.856386379128,1.6773305127957985e-05,-0.0015218032451625998,6.294004375372568,-49.26833201141628,9.17167963860928
5381.466478407207,1.8928945653139077e-05,-0.001510907224048286,6.293079124588142,-48.65827269011188,9.177998662533808
5383.563054581532,2.5780723905497206e-05,-0.0014638929923726854,6.289958319784431,-46.56177009230827,9.19545039762081
5385.659630755856,3.1799042168464214e-05,-0.0014033871918394433,6.286950226949612,-44.46522361724298,9.20647744220927
5386.269722783936,3.339904270071786e-05,-0.0013834967914867005,6.286100117477774,-43.855135044430746,9.208513339134763
5386.879814812016,3.493290842690742e-05,-0.0013626471659678775,6.285262311023305,-43.24504487928918,9.210036172097324
5388.97639098634,3.971360711692421e-05,-0.0012842698527471379,6.282485960619435,-41.148469978762186,9.211449944730967
5391.072967160664,4.377164056136702e-05,-0.0011966270019242269,6.2798836471757555,-39.05189853077483,9.20722533598202
5391.683059188744,4.48237294571739e-05,-0.0011696003513372887,6.279161865361407,-38.44181066732632,9.204989248022846
5392.293151216823,4.58203223829176e-05,-0.0011419447118281257,6.278456659469536,-37.83172443913736,9.202319068660632
5394.389727391148,4.883910366411791e-05,-0.00104261213717659,6.2761656159237385,-35.73518523983665,9.189966066302954
5396.486303565472,5.127278249061925e-05,-0.0009375638135484235,6.274088822438846,-33.63867769118184,9.173034425453084
5397.096395593552,5.187930711323026e-05,-0.0009060976747215057,6.273526449920906,-33.02861256342344,9.167311820429399
5397.706487621632,5.244275922556737e-05,-0.0008742700428081816,6.272983303719457,-32.41855058556746,9.161252693425396
5399.803063795956,5.407105056617693e-05,-0.000762537915332276,6.271266939578243,-30.322103462449185,9.138023180277095
5401.89963997028,5.527024486427596e-05,-0.0006478417683446897,6.269787937499744,-28.225695863386225,9.111444237400036
5402.50973199836,5.5547632281605994e-05,-0.0006140381234235777,6.269403032673429,-27.615660234900435,9.103152157243521
5403.119824026439,5.579574849656083e-05,-0.0005800692344481584,6.2690387462897785,-27.005627678099813,9.094631886666427
5405.216400200764,5.6446779071033334e-05,-0.00046236102642525966,6.267945788501828,-24.909278616227002,9.063784608426179
5407.312976375088,5.683622029006366e-05,-0.00034356210421620327,6.2671007583210265,-22.81296026148329,9.03090599288521
5407.923068403168,5.690994360139032e-05,-0.0003088660724500116,6.266901757008801,-22.202948176102044,9.021031497440955
5408.533160431248,5.696881213516996e-05,-0.00027412446554682244,6.266723909388379,-21.592937922798473,9.011042161009719
5410.629736605572,5.7080929163426134e-05,-0.00015455212021612608,6.2662745078634146,-19.496654385172686,8.976016288667942
5412.726312779896,5.710513037735351e-05,-3.483687409608555e-05,6.266075948669968,-17.40038224847104,8.940311262522641
5413.336404807976,5.7105388368247226e-05,-8.077935669463161e-28,6.2660653292705515,-16.79037959578355,8.929869156889046
