sLap,u,Kt,aTheta,xi,yi
0.0,1.885012129384495e-13,-9.807358448613286e-06,-6.103381693100744e-05,-4.984714958681522,0.0012970122008344135
0.4864480313785971,7.729171496879079e-14,-9.807356623860999e-06,-6.580458191952234e-05,-4.498266928281631,0.0012661620627948055
2.158122640608839,2.7989515489105068e-11,-9.80734556981515e-06,-8.219929860072397e-05,-2.8265923236473998,0.0011424548816683843
3.8297972498390807,1.4495188260639976e-10,-9.807213424181737e-06,-9.859389559029162e-05,-1.1549177212659592,0.000991341169077023
4.316245281217678,2.0420743533720238e-10,-9.807130871704398e-06,-0.00010336458078438382,-0.6684696923679243,0.0009422200100607871
4.802693312596275,2.767555849537655e-10,-9.807013380505467e-06,-0.00010813520235056932,-0.1820216637097652,0.0008907782228033289
6.474367921826516,6.422478013588811e-10,-9.806274032991185e-06,-0.00012452882881437417,1.4896529341902187,0.000696308683124133
8.146042531056759,1.2144055894159604e-09,-9.804750962624492e-06,-0.00014092056426491536,3.1613275286777376,0.00047443591512531856
8.632490562435356,1.4247307868004992e-09,-9.804110989523944e-06,-0.0001456899251555917,3.647775555060921,0.000404725308988114
9.118938593813953,1.65514452610088e-09,-9.803362321563955e-06,-0.00015045892413911657,4.134223581106142,0.0003326948779398344
10.790613203044195,2.6136020537624703e-09,-9.799831805852755e-06,-0.00016684425959297453,5.805898169279198,6.748000631991766e-05
12.462287812274436,3.840977400624518e-09,-9.794474289483367e-06,-0.00018322216609805483,7.477572752883366,-0.00022511960476704907
12.948735843653033,4.250669686058535e-09,-9.792507621084577e-06,-0.0001879862124490611,7.96402077588266,-0.00031540652879336246
13.43518387503163,4.684648980881264e-09,-9.79033523342044e-06,-0.00019274922367488553,8.45046879844644,-0.0004080104137676543
15.106858484261872,6.361742747304866e-09,-9.781142630203099e-06,-0.00020910821928607967,10.122143373912767,-0.0007439003488435415
16.778533093492115,8.328723578416764e-09,-9.768904173496329e-06,-0.0002254493020179117,11.793817943663996,-0.0011071222286636387
17.26498112487071,8.955960916365019e-09,-9.764701216839233e-06,-0.00023020037132416124,12.280265962417706,-0.00121794741013407
17.75142915624931,9.607129031224274e-09,-9.760187536415079e-06,-0.00023494929155571742,12.766713980639688,-0.0013310828439509325
19.42310376547955,1.2030465629167482e-08,-9.742141021826667e-06,-0.00025125066221807525,14.43838854045419,-0.00173747160031965
21.094778374709794,1.4733719459795121e-08,-9.719809511712566e-06,-0.00026751828342109975,16.110063093429495,-0.0021710827342028395
21.58122640608839,1.5571499063110656e-08,-9.712439167604612e-06,-0.00027224470401310025,16.596511107092006,-0.002302366419696016
22.067674437466987,1.643212924224646e-08,-9.704656467628732e-06,-0.00027696741216885155,17.082959120129114,-0.0024359478656445638
23.739349046697228,1.955676699508003e-08,-9.674610140793498e-06,-0.00029316608265102966,18.754633661416044,-0.0029124943321177836
25.411023655927472,2.2929313222335336e-08,-9.639133225212748e-06,-0.000309309986362877,20.426308194778496,-0.0034160739274669907
25.897471687306066,2.3955215717752288e-08,-9.627730132739851e-06,-0.00031399618333840753,20.91275620253261,-0.003567677459332861
26.383919718684663,2.499984149755637e-08,-9.61582452099794e-06,-0.0003186766882139378,21.399204209571792,-0.0037215585956000986
28.055594327914903,2.8730189957701356e-08,-9.57094301407623e-06,-0.00033471459643009656,23.07087872957125,-0.004267698593557699
29.727268937145148,3.266194900273947e-08,-9.519657231869706e-06,-0.00035067212443851804,24.7425532406205,-0.004840581569190393
30.213716968523745,3.384084850580561e-08,-9.503482103271247e-06,-0.00035529904250888986,25.22900124169286,-0.0050122913572410235
30.70016499990234,3.503490126243398e-08,-9.486731095216923e-06,-0.00035991793443508564,25.71544924196678,-0.0051862492579794
32.371839609132586,3.924318536884104e-08,-9.424667134861455e-06,-0.0003757257836416175,27.38712373809078,-0.005801142993105176
34.04351421836282,4.3598163332546366e-08,-9.355445680618583e-06,-0.0003914238996010759,29.058798224321897,-0.006442370587375266
34.52996224974142,4.489001199404022e-08,-9.33392300997265e-06,-0.0003959696360292224,29.545246218000536,-0.006633884394209848
35.016410281120024,4.619146073200929e-08,-9.311770943227839e-06,-0.0004005047377215136,30.031694210805316,-0.006827606124347603
36.68808489035026,5.073294713684263e-08,-9.23077028284321e-06,-0.00041600435334161447,31.703368680699835,-0.007510094618875793
38.359759499580505,5.5363269776779764e-08,-9.142103482308146e-06,-0.000431362154568499,33.375043139866655,-0.008218374891296726
38.8462075309591,5.6723942671484655e-08,-9.114840655463038e-06,-0.000435802713331979,33.86149112551962,-0.008429291140029643
39.3326555623377,5.8090083244604245e-08,-9.086915940424202e-06,-0.0004402298430133131,34.34793911023347,-0.00864236342979954
41.004330171567936,6.281530602310295e-08,-8.98586313919387e-06,-0.00045533685005644676,36.01961355184265,-0.009390935911090519
42.67600478079818,6.757235400443909e-08,-8.87688470233e-06,-0.00047026830515564644,37.69128798202175,-0.010164615657010618
43.16245281217678,6.895971137945026e-08,-8.84367623020213e-06,-0.00047457840020769096,38.177735959115516,-0.01039442612319992
43.64890084355538,7.034709846927805e-08,-8.809794122990072e-06,-0.0004788721766791378,38.66418393521711,-0.01062632844949163
45.32057545278562,7.511135417428971e-08,-8.688211550183997e-06,-0.0004934987695676491,40.33585834684548,-0.01143910156702397
46.99225006201586,7.985427691193647e-08,-8.558682522973912e-06,-0.0005079154740132446,42.00753274649645,-0.012276150152961542
47.478698093394456,8.122744202352093e-08,-8.519502779492503e-06,-0.0005120693248560807,42.49398071461308,-0.012524236124856732
47.96514612477306,8.259713312481872e-08,-8.47965701711147e-06,-0.0005162039593632361,42.98042868169848,-0.0127743372562375
49.636820734003294,8.726753448562832e-08,-8.337668249342433e-06,-0.0005302615868275154,44.6521030620672,-0.01364904612580843
51.30849534323354,9.186944038114527e-08,-8.187929341268698e-06,-0.0005440753774175361,46.32377743008576,-0.014547050963047262
51.79494337461213,9.319346783891457e-08,-8.142916818684525e-06,-0.0005480474540085187,46.810225388937674,-0.014812682739539947
52.28139140599073,9.450957697387969e-08,-8.09726308814496e-06,-0.0005519974873794287,47.29667334673474,-0.015080240593723062
53.95306601522097,9.896996950554223e-08,-7.935530583351637e-06,-0.00056539932053345,48.9683476950287,-0.016014241002293778
55.62474062445121,1.0332209575815003e-07,-7.766432246610793e-06,-0.0005785246329285993,50.64002203078943,-0.016970413785156523
56.111188655829814,1.0456602737374523e-07,-7.71586796143954e-06,-0.0005822903191269274,51.12646998023096,-0.01725275322220098
56.597636687208414,1.0579977181976013e-07,-7.66470179121017e-06,-0.0005860312746592564,51.61291792861056,-0.017536917732007225
58.26931129643865,1.0995381702365164e-07,-7.484347407333982e-06,-0.0005986943661938529,53.28459224451345,-0.018527198355359813
59.940985905668896,1.1396798536752486e-07,-7.297165725862503e-06,-0.00061105025737424,54.956266547899745,-0.01953839077404271
60.42743393704749,1.1510847857352747e-07,-7.241448023902934e-06,-0.0006145864126704286,55.44271448793491,-0.019836496480735818
60.91388196842609,1.1623570677245454e-07,-7.185179305414895e-06,-0.0006180953455942,55.929162426918154,-0.020136315060095503
62.58555657765633,1.2000843403382468e-07,-6.987694922081324e-06,-0.0006299424221716699,57.600836710634006,-0.021179518223829154
64.25723118688657,1.236180856525112e-07,-6.784040071082992e-06,-0.0006414542116127401,59.27251098205395,-0.02224224559530234
64.74367921826517,1.2463659675631574e-07,-6.723657707485107e-06,-0.0006447396197789109,59.758958912839866,-0.02255508031315503
65.23012724964377,1.256409880960192e-07,-6.662783679086054e-06,-0.0006479955528353792,60.2454068426012,-0.022869505451325777
66.90180185887401,1.289790994282251e-07,-6.4499379122638645e-06,-0.0006589564113399581,61.91708109486117,-0.023961954779368362
68.57347646810425,1.3213919167758937e-07,-6.231660704475209e-06,-0.0006695569211794801,63.58875533524877,-0.025072425899500525
69.05992449948285,1.3302490362873163e-07,-6.167165715431839e-06,-0.0006725726217925765,64.07520325709515,-0.025398865565730972
69.54637253086145,1.3389480601458223e-07,-6.1022438893777e-06,-0.0006755568636111579,64.56165117796117,-0.025726764048723365
71.21804714009168,1.3676600394824812e-07,-5.875989691110952e-06,-0.0006855693651487901,66.2333254000159,-0.026864497268885283
72.88972174932192,1.394520241996268e-07,-5.645090562575254e-06,-0.0006951997608819515,67.90499961081785,-0.028018648751500386
73.37616978070052,1.4019847479728585e-07,-5.577072116341808e-06,-0.0006979292654975517,68.39144752418194,-0.028357492742794883
73.86261781207912,1.4092957447625353e-07,-5.50869429792379e-06,-0.0007006256141177887,68.87789543662606,-0.028697655999412743
75.53429242130936,1.4332115279605621e-07,-5.271081130356218e-06,-0.0007096362879246311,70.54956963022424,-0.029876461190286176
77.2059670305396,1.4552748561946668e-07,-5.029624857131838e-06,-0.0007182465376213579,72.22124381337363,-0.03106999460265908
77.6924150619182,1.4613508830083948e-07,-4.958684968275942e-06,-0.0007206759368348506,72.70769171885183,-0.031419976673609906
78.1788630932968,1.4672684534069056e-07,-4.887453222804559e-06,-0.0007230707750344522,73.19413962348541,-0.03177113176341335
79.85053770252703,1.4864376179075454e-07,-4.64054650527892e-06,-0.0007310350581965322,74.86581379083998,-0.032986585410600636
81.52221231175727,1.5038160943239593e-07,-4.390584999585861e-06,-0.0007385840403621675,76.53748794871817,-0.03421500562020229
82.00866034313589,1.508539872666318e-07,-4.317316728669527e-06,-0.0007407020112308053,77.02393584703411,-0.03457480508494861
82.49510837451449,1.5131203489541808e-07,-4.24382188701532e-06,-0.000742784303429416,77.51038374459421,-0.03493562588131313
84.16678298374472,1.5277464705479743e-07,-3.989631549749296e-06,-0.0007496664520506609,79.18205788833829,-0.036183131245122645
85.83845759297496,1.540696812278431e-07,-3.7331362688056937e-06,-0.0007561217505812751,80.85373202372746,-0.03744178454167912
86.32490562435356,1.5441601019907348e-07,-3.6581047980330965e-06,-0.0007579194760527982,81.34017991571754,-0.037810037293208254
86.81135365573216,1.5474841134886101e-07,-3.5829078724115274e-06,-0.0007596806786238412,81.82662780705233,-0.03817915546162
88.4830282649624,1.5579003507893467e-07,-3.3233271159254947e-06,-0.0007654533923610103,83.49830193018708,-0.039453979926882723
90.15470287419264,1.5667991795459693e-07,-3.0621319341642734e-06,-0.0007707908221416456,85.16997604621557,-0.04073809066183823
90.64115090557124,1.5691115853477675e-07,-2.985858725025909e-06,-0.0007722618354083321,85.65642393281279,-0.04111339967671179
91.12759893694984,1.5713072499572043e-07,-2.909475417309946e-06,-0.000773695733413368,86.14287181886498,-0.04148941510234811
92.79927354618007,1.5779513447704348e-07,-2.646230175335868e-06,-0.0007783395386953739,87.81454592470165,-0.0427867253702091
94.47094815541031,1.5832702698171137e-07,-2.3819850195343116e-06,-0.0007825424478250917,89.48622002478453,-0.04409143004976007
94.95739618678891,1.5845824879155147e-07,-2.304935102600026e-06,-0.0007836824150619349,89.9726679070008,-0.044472375083189686
95.44384421816751,1.585787711608638e-07,-2.227823445932872e-06,-0.0007847848988895388,90.45911578879011,-0.044853865459244614
97.11551882739775,1.589177412080449e-07,-1.962432576897824e-06,-0.0007882873372215917,92.13078988088898,-0.04616875963945521
98.78719343662799,1.5914587692060108e-07,-1.696567699713124e-06,-0.0007913457321826622,93.80246396866622,-0.047489137607178655
99.27364146800659,1.5919250973349658e-07,-1.619140037612866e-06,-0.0007921521870962773,94.28891184757435,-0.047874283841575445
99.76008949938519,1.5923111716726098e-07,-1.5416910957756613e-06,-0.0007929209824003148,94.77535972617936,-0.048259813187965114
101.43176410861543,1.593020694977284e-07,-1.2754369775137417e-06,-0.0007952756494632312,96.4470338082874,-0.04958734904953266
103.10343871784566,1.5928545869128215e-07,-1.009137438578854e-06,-0.0007971851883127525,98.11870788756167,-0.05091844909234987
103.58988674922426,1.592656907004372e-07,-9.316582162930023e-07,-0.0007976572314745259,98.60515576427741,-0.051306354559572595
104.07633478060286,1.5923914025422494e-07,-8.541896940679424e-07,-0.0007980915953151557,99.09160364081755,-0.051694480498530475
105.7480093898331,1.5910294401905615e-07,-5.880986568012001e-07,-0.0007992970746110155,100.763277716807,-0.053029699330022634
107.41968399906334,1.5890323588638063e-07,-3.222883809358843e-07,-0.000800057970946985,102.43495179148306,-0.054366561731097995
107.90613203044195,1.5883434417516375e-07,-2.450070329784413e-07,-0.0008001959461476873,102.92139966714751,-0.054755783383111295
108.39258006182055,1.5876148094640714e-07,-1.6775959616946242e-07,-0.0008002963414777649,103.40784754276568,-0.05514506305230956
110.06425467105079,1.584804227914494e-07,9.740851243657176e-08,-0.0008003550734971672,105.07952161657511,-0.05648300876617917
111.73592928028103,1.5815994877325424e-07,3.6207383801235886e-07,-0.0007999709509670472,106.751195690602,-0.05782068250660838
112.22237731165963,1.580608083023392e-07,4.389860861345066e-07,-0.0007997761099307762,107.23764356636514,-0.058209780860179645
112.70882534303823,1.5795894569887524e-07,5.158499977348712e-07,-0.0007995438696593876,107.72409144221137,-0.05859877539449289
114.38049995226847,1.5759488242826634e-07,7.796038804202536e-07,-0.0007984609943436733,109.3957655177901,-0.05993450867982919
116.0521745614987,1.5721487211200558e-07,1.0427358386443513e-06,-0.0007969377281868529,111.06743959510756,-0.0612680636555956
116.5386225928773,1.5710237814477357e-07,1.1191851339371924e-06,-0.0007964118940213927,111.55388747211288,-0.06165560598352885
117.0250706242559,1.5698987172830218e-07,1.1955802271873889e-06,-0.0007958488849236094,112.04033534932904,-0.06204288354296056
118.69674523348614,1.566025489603191e-07,1.4576915947879435e-06,-0.000793631091890098,113.71200943058622,-0.06337149102696546
120.36841984271638,1.5622151489624407e-07,1.7191607410850076e-06,-0.0007909756707311009,115.38368351507503,-0.06469602529803689
120.85486787409498,1.5611320094904454e-07,1.7951276867995426e-06,-0.0007901209095496597,115.87013139444555,-0.06508058738217955
121.34131590547358,1.560059131661261e-07,1.8710426741362533e-06,-0.0007892292053557445,116.35657927415153,-0.06546472474575515
123.01299051470382,1.5565144136820774e-07,2.131533793128892e-06,-0.0007858836231951409,118.02825336490966,-0.06678132326610865
124.68466512393405,1.5532370337217815e-07,2.391454695726174e-06,-0.0007821030612531215,119.69992746034737,-0.0680919654912214
125.17111315531265,1.5523423812385214e-07,2.4669895387993118e-06,-0.0007809213705382619,120.18637534317295,-0.0684721319913031
125.65756118669125,1.551482103520196e-07,2.5424821249157313e-06,-0.0007797029426825499,120.67282322645423,-0.06885171477513867
127.32923579592149,1.5487766562655596e-07,2.801607065473892e-06,-0.0007752360958006582,122.34449733040742,-0.07015145099429455
129.00091040515173,1.546520003101386e-07,3.060317255168122e-06,-0.0007703364229992607,124.01617144042807,-0.07144335832923594
129.48735843653034,1.5459589214433677e-07,3.135533340708585e-06,-0.0007688294445305441,124.50261932775419,-0.07181772185692843
129.97380646790893,1.5454386773902908e-07,3.210723487273354e-06,-0.000767285878305339,124.98906721565048,-0.07219134344965535
131.64548107713918,1.5440200292034327e-07,3.4689435784835e-06,-0.0007617027373674913,126.6607413363268,-0.07346938915962851
133.31715568636943,1.5432038375265498e-07,3.7269768734408475e-06,-0.0007556880925908504,128.33241546438475,-0.07473774101046114
133.80360371774802,1.5430852311467886e-07,3.8020424891704146e-06,-0.0007538568571397825,128.81886335720202,-0.07510490003042763
134.2900517491266,1.5430269170027599e-07,3.877104087372792e-06,-0.0007519891003962203,129.3053112506972,-0.07547115937123394
135.96172635835686,1.5432672438382875e-07,4.135057982904581e-06,-0.0007452922504722236,130.97698539142425,-0.07672270294552394
137.6334009675871,1.5442314244309844e-07,4.393112555660587e-06,-0.0007381641014209343,132.64865954076092,-0.07796269107314158
138.1198489989657,1.5446556794584002e-07,4.4682412720124375e-06,-0.0007360088119258431,133.1351074399957,-0.07832124678283293
138.60629703034428,1.5451411885401709e-07,4.543392315171427e-06,-0.0007338169629860522,133.62155534000826,-0.07867874513713592
140.27797163957453,1.5473259050546467e-07,4.801860985809465e-06,-0.0007260059119485481,135.29322950388146,-0.07989897968697285
141.94964624880478,1.5503192986185816e-07,5.0607624622045935e-06,-0.0007177624236418587,136.96490367749388,-0.08110579525745192
142.43609428018337,1.5513439257333237e-07,5.136202042534974e-06,-0.0007152822831892771,137.45135158399918,-0.08145434762551627
142.92254231156195,1.5524431189546828e-07,5.211693382935785e-06,-0.0007127654242574091,137.9377994913733,-0.08180168454120279
144.5942169207922,1.5567599698756515e-07,5.471560294470225e-06,-0.0007038360727585998,139.6094736812248,-0.08298579342790614
146.26589153002246,1.5619297182967253e-07,5.73222013136706e-06,-0.000694471645585401,141.28114788183495,-0.08415461169573821
146.75233956140104,1.5635975098514866e-07,5.808240088676132e-06,-0.0006916647362039394,141.76759579638144,-0.08449175486551048
147.23878759277963,1.5653339127602462e-07,5.884342842825496e-06,-0.0006888208182475049,142.254043711878,-0.08482752351912487
148.91046220200988,1.5718627069184133e-07,6.146549561207698e-06,-0.0006787651115357908,143.9257179302456,-0.08597066396408769
150.58213681124013,1.5792441752793333e-07,6.409918951222939e-06,-0.0006682701087062632,145.59739216026847,-0.08709662736333422
151.06858484261872,1.5815490276565936e-07,6.486796819794325e-06,-0.0006651333266712858,146.08384008353508,-0.08742094465313767
151.5550328739973,1.583928336175359e-07,6.5637885044971376e-06,-0.000661959111433852,146.5702880078221,-0.08774372682051071
153.22670748322756,1.592631331287187e-07,6.829286003206523e-06,-0.0006507648921758732,148.24196225691608,-0.08884101243946194
154.8983820924578,1.6021389086296932e-07,7.096305609495475e-06,-0.0006391255752561905,149.91363651842562,-0.08991921294111839
155.3848301238364,1.6050546053022425e-07,7.17431203258466e-06,-0.0006356546282442869,150.40008445098954,-0.0902292716969615
155.87127815521498,1.6080306585238713e-07,7.252461523150294e-06,-0.000632145692681256,150.8865323846319,-0.09053763260644504
157.54295276444523,1.6187440133104283e-07,7.522157557926004e-06,-0.000619796772594699,152.55820666629884,-0.09158411577456979
159.21462737367548,1.6301629830441708e-07,7.793703494948898e-06,-0.0006069954622772888,154.22988096099,-0.09260957744593845
159.70107540505407,1.633609446230588e-07,7.873086253679316e-06,-0.0006031849332270217,154.71632890331497,-0.09290392402425117
160.18752343643266,1.6371135684712874e-07,7.952637708493441e-06,-0.0005993357411548122,155.20277684676293,-0.09319640737254281
161.8591980456629,1.64954013680623e-07,8.227340774840786e-06,-0.0005858122073790716,156.87445116244461,-0.0941870624000735
163.53087265489316,1.662520239293931e-07,8.504167425514091e-06,-0.0005718276844912408,158.54612549158995,-0.09515472517161003
164.01732068627177,1.6663933843031343e-07,8.585134603212182e-06,-0.0005676711663443038,159.03257344401354,-0.09543188034923882
164.50376871765036,1.6703010640396205e-07,8.666290541872795e-06,-0.0005634752113838315,159.5190213975895,-0.09570700377901473
166.1754433268806,1.684005242213485e-07,8.946651142600973e-06,-0.0005487539808555155,161.1906957482758,-0.09663671194023861
167.84711793611086,1.6980563868848592e-07,9.229331636752715e-06,-0.0005335621395760671,162.86237011267633,-0.09754141764391207
168.33356596748945,1.7021953776196838e-07,9.312034171029028e-06,-0.0005290524441148392,163.34881807539497,-0.09779987276865429
168.82001399886803,1.706357071575903e-07,9.394937982504757e-06,-0.0005245024670161043,163.8352660392783,-0.09805612412281284
170.4916886080983,1.7207622300789668e-07,9.681388202345191e-06,-0.000508558098415218,165.5069404254536,-0.09891966163113824
172.16336321732854,1.7352532518377328e-07,9.970253672727988e-06,-0.0004921328594985121,167.17861482538163,-0.09975614341746124
172.64981124870712,1.7394721879644188e-07,1.0054767651231953e-05,-0.0004872623021892305,167.66506279843335,-0.09999435762361804
173.1362592800857,1.7436814508317113e-07,1.0139485883276526e-05,-0.0004823505842738986,168.1515107726432,-0.10023019230148743
174.80793388931596,1.75807091383767e-07,1.0432178589909992e-05,-0.0004651563521246576,169.82318519422503,-0.10102222235424747
176.4796084985462,1.7722320423133142e-07,1.0727257661486364e-05,-0.0004474708383965883,171.4948596293606,-0.10178509861737987
176.9660565299248,1.776289082160395e-07,1.0813566803492867e-05,-0.0004422315994287039,171.9813076126062,-0.10200149743549737
177.45250456130339,1.7803157427777461e-07,1.0900071703753794e-05,-0.00043695033211890716,172.467755596982,-0.1022153371802004
179.12417917053364,1.7938380270952417e-07,1.1198821058322077e-05,-0.00041847956116239864,174.13943005325254,-0.10293040720326951
180.7958537797639,1.8067681455088208e-07,1.1499781403390282e-05,-0.00039950753046699396,175.81110452261183,-0.10361418113866751
181.28230181114247,1.8104000288568927e-07,1.1587760297317816e-05,-0.0003938920899979328,176.29755251571336,-0.103807156824923
181.76874984252106,1.8139607504467135e-07,1.1675913172471658e-05,-0.0003882338181640389,176.78400050989342,-0.10399739026630589
183.4404244517513,1.8256401671742772e-07,1.1980138524745106e-05,-0.0003684614680162587,178.45567499942416,-0.10462993546359711
185.11209906098156,1.8363196150709187e-07,1.2286232714332722e-05,-0.00034817899002765517,180.12734950128214,-0.10522900134357367
185.59854709236015,1.8392136907734563e-07,1.2375631481029328e-05,-0.00034218063296654526,180.61379750368013,-0.10539691524008005
186.08499512373874,1.8420085934911952e-07,1.2465167574232663e-05,-0.0003361387670941798,181.10024550707854,-0.10556190050211023
187.756669732969,1.8507619571190322e-07,1.2773843219306758e-05,-0.00031504324737907657,182.77192002764997,-0.10610625475134212
189.42834434219924,1.8580719741365446e-07,1.3083861501659004e-05,-0.0002934306001992913,184.44359455945818,-0.10661491192324277
189.91479237357782,1.8599046457807325e-07,1.3174292686381092e-05,-0.00028704398268380413,184.93004257034752,-0.10675609913371877
190.4012404049564,1.8615913511360978e-07,1.3264808370715098e-05,-0.00028061337162529887,185.4164905821299,-0.10689416878687419
192.07291501418666,1.8662518564978918e-07,1.357642203469786e-05,-0.00025817855623029324,187.0881651306479,-0.1073445838131858
193.7445896234169,1.869001311973581e-07,1.3888655050849978e-05,-0.00023522230650767026,188.759839688951,-0.10775705929524096
194.2310376547955,1.8694139840715412e-07,1.397958363663021e-05,-0.0002284440725640866,189.24628770725658,-0.10786983591889199
194.7174856861741,1.8696487203662369e-07,1.4070526846931521e-05,-0.00022162162492342767,189.73273572631584,-0.10797930451466614
196.38916029540434,1.8689975509633123e-07,1.438305012287313e-05,-0.0001978390208668353,191.4044102987283,-0.10832997811048822
198.0608349046346,1.865957851567196e-07,1.469526490223186e-05,-0.00017353423743801002,193.07608487908192,-0.10864045847475677
198.54728293601318,1.8646002345330953e-07,1.4786002448144572e-05,-0.00016636367021586224,193.56253290343514,-0.10872313158282851
199.03373096739176,1.863016254454922e-07,1.4876667344790618e-05,-0.00015914900827354394,194.04898092836828,-0.1088023059470922
200.705405576622,1.8558227015678638e-07,1.5187541591097274e-05,-0.00013402002011405714,195.72065551958715,-0.10904741978359359
202.37708018585226,1.8457711731071283e-07,1.5496974429172753e-05,-0.00010837255615312663,197.39233011648278,-0.10925009276760089
202.86352821723085,1.8422818759798357e-07,1.5586678386998004e-05,-0.0001008122436765123,197.87877814520024,-0.10930097323020173
203.34997624860944,1.8385357826427847e-07,1.5676205331074453e-05,-9.320836927820515e-05,198.3652261742873,-0.10934816561312734
205.0216508578397,1.823606030523953e-07,1.5982346748311803e-05,-6.674658436316402e-05,200.03690077811967,-0.10948193290017397
206.69332546706994,1.8053782910914571e-07,1.6285716738712537e-05,-3.977534707603043e-05,201.7085753849215,-0.10957103887406965
207.17977349844853,1.799433539545295e-07,1.637339606489789e-05,-3.183183776299486e-05,202.19502341598798,-0.10958845704822785
207.6662215298271,1.793188555196396e-07,1.6460778001391895e-05,-2.3845784887887732e-05,202.68147144717545,-0.10960200112956663
209.33789613905736,1.7694238705784772e-07,1.6758605760005136e-05,3.920811612254928e-06,204.35314605627136,-0.10961872402363836
211.00957074828762,1.7419750805862323e-07,1.7052152905360552e-05,3.218170131814781e-05,206.0248206651718,-0.10958861705466173
211.49601877966623,1.7332740259877808e-07,1.713668109968266e-05,4.049728299708845e-05,206.51126869622885,-0.10957094122730149
211.98246681104482,1.7242514604120676e-07,1.7220777497922426e-05,4.8853839158583924e-05,206.99771672711938,-0.10954921085620463
213.65414142027507,1.690710758630043e-07,1.7506268382181345e-05,7.788082713696254e-05,208.66939133294187,-0.1094433470862945
215.32581602950532,1.653178662402789e-07,1.7785818736848294e-05,0.00010738009766148132,210.3410659349428,-0.10928856488638422
215.8122640608839,1.6414951671969212e-07,1.786595478202674e-05,0.00011605150885373687,210.82751396328553,-0.10923422222862053
216.2987120922625,1.6294603563135036e-07,1.7945513486735105e-05,0.00012476172002082015,211.31396199113541,-0.10917565263802013
217.97038670149274,1.585432246969207e-07,1.8214284527712865e-05,0.0001549865021812826,212.9856365839606,-0.10894189033100557
219.642061310723,1.5372173781726072e-07,1.8475345556468712e-05,0.00018565413775080978,214.65731116888608,-0.10865723187030488
220.12850934210158,1.522391394320986e-07,1.8549764253029122e-05,0.0001946595845239361,215.14375919146934,-0.1085647315105803
220.61495737348017,1.5072117216240976e-07,1.862345302192909e-05,0.00020370101170460192,215.63020721319614,-0.10846784259581038
222.28663198271042,1.4522973370456875e-07,1.887087889421345e-05,0.00023504150121722033,217.30188178214954,-0.10810118174841246
223.95830659194067,1.393143024976443e-07,1.9108770479303104e-05,0.00026678763716529274,218.97355633869822,-0.10768179074749994
224.44475462331926,1.375136733952331e-07,1.9176103056739917e-05,0.00027609949530292777,219.460004352155,-0.1075497483970535
224.93120265469784,1.3567709783560434e-07,1.924255127131542e-05,0.00028544384960690856,219.94645236435733,-0.10741316947088318
226.6028772639281,1.2909640047859148e-07,1.9463916216231586e-05,0.00031779773949904114,221.61812689749198,-0.10690900788397506
228.27455187315834,1.221038209187579e-07,1.9673936109954766e-05,0.0003505121969319535,223.28980141333267,-0.10635045974778205
228.76099990453693,1.199926572239152e-07,1.9732820957068263e-05,0.0003600969295964541,223.77624941400543,-0.10617762312208834
229.24744793591552,1.1784826831697572e-07,1.97906715296304e-05,0.0003697100148679661,224.2626974129955,-0.10600011836875191
230.91912254514577,1.1022519710861171e-07,1.9981356664681778e-05,0.00040295477908579356,225.93437189741658,-0.10535433921112845
232.59079715437602,1.0222292921551374e-07,2.0158981558414872e-05,0.00043650739056534275,227.6060463593312,-0.10465272831959327
233.0772451857546,9.98257425187515e-08,2.0208125303431473e-05,0.00044632570734466886,228.09249434331673,-0.10443800241031556
233.5636932171332,9.739822269274449e-08,2.0256096894886483e-05,0.00045616760918334835,228.57894232516722,-0.10421849607143718
235.23536782636344,8.883515885246815e-08,2.0411802701398197e-05,0.0004901613884986212,230.25061674720408,-0.10342755358402089
236.9070424355937,7.994907388347832e-08,2.0552923858401326e-05,0.000524403266863015,231.92229114127784,-0.10257957719527683
237.39349046697228,7.73062066383289e-08,2.059117235018393e-05,0.0005344105680677746,232.40873910448605,-0.10232204825551319
237.87993849835087,7.46397030977362e-08,2.0628131419240246e-05,0.0005444361328824092,232.8951870650901,-0.10205964838950037
239.55161310758112,6.530178385992405e-08,2.0745133283732286e-05,0.0005790196535413967,234.56686141051418,-0.1011206475882934
241.22328771681137,5.572303380978372e-08,2.084632389035437e-05,0.0006137855476073272,236.23853572236996,-0.10012368196893748
241.70973574818996,5.28959763943055e-08,2.0872742120830703e-05,0.0006239326946932566,236.72498366059494,-0.09982263889082524
242.19618377956854,5.0052554383239423e-08,2.0897783754621238e-05,0.0006340923391716847,237.21143159573876,-0.09951665836511318
243.8678583887988,4.0173746655321034e-08,2.097321647344527e-05,0.0006690919988889713,238.88310585002142,-0.09842742398848137
245.53953299802905,3.0164215698457575e-08,2.1032025776869718e-05,0.0007042038630962998,240.55478006509054,-0.09727958779780159
246.02598102940763,2.7233644868094732e-08,2.1045985133727184e-05,0.0007144383105680885,241.0412279740918,-0.09693453939605746
246.51242906078622,2.4298119594118397e-08,2.1058520997300048e-05,0.0007246791961207163,241.5276758795361,-0.0965845126088667
248.18410367001647,1.4185530763182326e-08,2.1090685900568106e-05,0.0007599114295959599,243.19935002813605,-0.09534364201866292
249.85577827924672,4.081321445869413e-09,2.1105952849763964e-05,0.0007951833083829192,244.87102413195316,-0.09404384147832966
250.3422263106253,1.1513825143084929e-09,2.110722341062201e-05,0.0008054506241433569,245.357472007542,-0.09365452805771914
250.8286743420039,-1.7713682891445555e-09,2.110707441921209e-05,0.0008157182221429169,245.84391987910962,-0.0932602217545813
252.50034895123414,-1.173551847153694e-08,2.1095760277140543e-05,0.0008509952255940262,247.51559390777413,-0.09186711608309907
254.1720235604644,-2.152320669681743e-08,2.1067936811693117e-05,0.000886239516372757,249.18726788627805,-0.09041506610448465
254.658471591843,-2.4328316195529214e-08,2.1056781604699263e-05,0.0008964853059240641,249.6737157244051,-0.08998146359659193
255.1449196232216,-2.710994793544266e-08,2.1044272179589163e-05,0.000906725367635841,250.16016355806755,-0.0895428800599953
256.81659423245185,-3.6469356263324837e-08,2.0991078377021215e-05,0.0009418622179759665,251.8318374531264,-0.08799774764214813
258.4882688416821,-4.5456575049987777e-08,2.0922549779097045e-05,0.0009768973281929526,253.50351129294566,-0.08639396290795383
258.9747168730607,-4.799008042908838e-08,2.089981715708278e-05,0.0009870695631559695,253.98995908978145,-0.08591627782712573
259.4611649044393,-5.0483337567402914e-08,2.0875867095740826e-05,0.0009972304929211995,254.4764068817383,-0.08543364868949956
261.1328395136695,-5.871227247760231e-08,2.0784514774112046e-05,0.0010320536415185763,256.1480806303666,-0.0837374747817091
262.8045141228998,-6.63485758851595e-08,2.0679901694450663e-05,0.00106671299492314,257.819754319062,-0.08198322483766354
263.29096215427836,-6.844674535504586e-08,2.064711112775362e-05,0.0010767647278931607,258.30620207106324,-0.08146187834253389
263.77741018565695,-7.048423352757431e-08,2.0613320326913958e-05,0.0010868003392850416,258.79264981780665,-0.08093564731839498
265.4490847948872,-7.699648423844943e-08,2.0489934392608585e-05,0.0011211573924611094,260.46432340822736,-0.07909012433420476
267.12075940411745,-8.267568752860205e-08,2.0356358386251637e-05,0.0011552996672613044,262.13599693446315,-0.07718734709233928
267.60720743549604,-8.415781075398212e-08,2.0315774204044235e-05,0.001165192093069269,262.6224446384162,-0.07662294656308345
268.0936554668746,-8.555916638207666e-08,2.0274494653182455e-05,0.0011750647054037872,263.1088923367706,-0.07605373953067673
269.7653300761049,-8.972186262251324e-08,2.012783685393162e-05,0.001208835324131303,264.78056575836683,-0.07406115257007495
271.4370046853351,-9.279791377082548e-08,1.997512863957457e-05,0.0012423557215769105,266.4522391119798,-0.0720123213089867
271.9234527167137,-9.347483933750371e-08,1.9929815478641955e-05,0.0012520615197234885,266.9386867650117,-0.07140561807625556
272.4099007480923,-9.404838488715972e-08,1.988420422968765e-05,0.0012617453266468921,267.4251344121414,-0.07079419917720498
274.08157535732255,-9.52012437533495e-08,1.972583504286109e-05,0.0012948529870380505,269.09680765544766,-0.06865726254207838
275.7532499665528,-9.500967357881645e-08,1.956666237508552e-05,0.0013276952341013549,270.76848082738434,-0.06646520256027708
276.2396979979314,-9.468693310132382e-08,1.9520515472165193e-05,0.0013372020988061878,271.25492842693404,-0.06581703476344325
276.72614602931,-9.424009110519007e-08,1.9474561633998233e-05,0.0013466867120483863,271.74137602030856,-0.0651642475444472
278.3978206385402,-9.172048129799056e-08,1.93189066435084e-05,0.0013791109675280304,273.4130490768536,-0.06288588926205047
280.0694952477705,-8.760577479108769e-08,1.91687968620845e-05,0.0014112796534048707,275.0847220589482,-0.06055354184099527
280.55594327914906,-8.609553499515164e-08,1.9126539829961477e-05,0.0014205938869118655,275.571169602689,-0.05986476186289351
281.04239131052765,-8.443983159708173e-08,1.908505823259004e-05,0.0014298879272951622,276.0576171400007,-0.05917145496800927
282.7140659197579,-7.761361098557629e-08,1.894935362709007e-05,0.0014616767053852815,277.72929000197655,-0.05675454812561901
284.38574052898815,-6.896196683756034e-08,1.882658599835188e-05,0.001493249442739816,279.40096278654767,-0.05428468142151799
284.87218856036674,-6.608931441515004e-08,1.8793729052154948e-05,0.0015023994559660552,279.887410272256,-0.05355606795215988
285.3586365917453,-6.305397074091797e-08,1.8762313645498233e-05,0.0015115340323889992,280.3738577512816,-0.05282300549468309
287.0303112009756,-5.1350824610844677e-08,1.8666408343655287e-05,0.001542815393832082,282.0455304110208,-0.050270047436112776
288.7019858102058,-3.762690678605188e-08,1.859175593041264e-05,0.0015739541967743054,283.71720299027015,-0.047664916337684965
289.1884338415844,-3.324438198200675e-08,1.85745091161561e-05,0.0015829937341966748,284.2036504156354,-0.04689707185363647
289.674881872963,-2.8683751291235617e-08,1.855944086565278e-05,0.0015920256248828652,284.69009783403965,-0.046124829343775826
291.34655648219325,-1.1635942078127254e-08,1.852543851524028e-05,0.0016230183283762144,286.3617702832866,-0.043437572439871425
293.0182310914235,7.577216171846901e-09,1.8521744434134844e-05,0.0016539795237858485,288.03344264848886,-0.04069853222430805
293.5046791228021,1.3581412887195266e-08,1.8526881696502882e-05,0.0016629904090828941,288.519890010863,-0.039891767506674704
293.9911271541807,1.977230980665758e-08,1.8534986878148224e-05,0.0016720047395889514,289.0063373659405,-0.03908061505731022
295.6628017634109,4.2488365586379975e-08,1.858671428802347e-05,0.0017030268911372695,290.6780095949114,-0.0362596557408838
297.3344763726412,6.74468570200681e-08,1.86782898629403e-05,0.0017341688206661378,292.3496817353913,-0.03338673744184801
297.82092440401976,7.513271104217422e-08,1.871296048794668e-05,0.001743263003159227,292.83612903147457,-0.03254094567074389
298.30737243539835,8.300924435823354e-08,1.87514160403534e-05,0.0017523751995377407,293.32257631982947,-0.03169072112642467
299.9790470446286,1.1152929809170164e-07,1.8913707290780862e-05,0.0017838502128895094,294.99424831605717,-0.02873505711158409
301.65072165385885,1.4228414466777775e-07,1.9125542714114365e-05,0.0018156379352718577,296.6659202179511,-0.02572651582637952
302.13716968523744,1.5165053987890903e-07,1.9197027715125096e-05,0.0018249586043374232,297.1523674434166,-0.024841039768484282
302.623617716616,1.6120185001403033e-07,1.9273111332292628e-05,0.0018343153874856128,297.63881466057944,-0.023951015387637564
304.2952923258463,1.9542916524052208e-07,1.9570900790882746e-05,0.0018667744437565496,299.3104864075433,-0.020857584421212317
305.9669669350765,2.3178164004611943e-07,1.9927683470933567e-05,0.0018997806158395226,300.9821580523454,-0.017709435270153798
306.4534149664551,2.4274972323397774e-07,2.004309590240822e-05,0.0019095021428624016,301.4686052014001,-0.016782932099551548
306.9398629978337,2.538894555543197e-07,2.0163880067562977e-05,0.001919281323199426,301.95505234138164,-0.015851679446928172
308.61153760706395,2.9345061145776574e-07,2.0621103057598718e-05,0.0019533614998972844,303.6267238169207,-0.012614896491229384
310.2832122162942,3.3490871272641367e-07,2.1146044965171086e-05,0.0019882626066558455,305.29839517981065,-0.009320456515553988
310.7696602476728,3.4731307529022333e-07,2.131197507535024e-05,0.001998589073700004,305.78484224469247,-0.008350765849612857
311.2561082790514,3.598632729519962e-07,2.148396616626816e-05,0.0020089979058605222,306.2712892994742,-0.0073760245974596374
312.9277828882816,4.0406629015624675e-07,2.2122273155896684e-05,0.0020454351549038636,307.9429604739783,-0.003987337916018285
314.5994574975119,4.498043236692947e-07,2.2835756230930996e-05,0.0020830022805112566,309.6146315219257,-0.0005367957470206043
315.08590552889046,4.633778655369322e-07,2.305786471211942e-05,0.0020941643637144743,310.1010784923359,0.00047918249683684394
315.57235356026905,4.770614085092757e-07,2.3286590757252e-05,0.002105436230942486,310.5875254512937,0.0015006251409373803
317.2440281694993,5.248583779423272e-07,2.412388966964995e-05,0.0021450524288671156,312.25919628566703,0.005053135062425691
318.91570277872955,5.736820161986121e-07,2.504194769034921e-05,0.002186135819599341,313.9308669753033,0.00867309655527497
319.40215081010814,5.880500050531107e-07,2.5324513141015976e-05,0.0021983858153657478,314.4173138377694,0.00973950691361615
319.8885988414867,6.024774741878918e-07,2.56140666630122e-05,0.0022107750347485286,314.9037606870297,0.010811918482013173
321.560273450717,6.524342645501297e-07,2.6662918185152753e-05,0.002254458412957437,316.5754311304171,0.014543870061120312
323.23194805994723,7.02753731446484e-07,2.7795584343877197e-05,0.0022999651850246884,318.24710140567,0.01835036990540526
323.71839609132587,7.174229849373424e-07,2.8141014290262662e-05,0.0023135700003130296,318.73354814284033,0.019472480317254143
324.20484412270446,7.320896654201108e-07,2.8493559998954773e-05,0.0023273445748122454,319.21999486456673,0.02060125855888162
325.8765187319347,7.823655359113361e-07,2.9759462444289585e-05,0.002376022969837877,320.8916648518445,0.02453220044930045
327.54819334116496,8.321798915129052e-07,3.110902403442009e-05,0.0024268874672732275,322.5633346413421,0.028546343767540196
328.03464137254355,8.465388954025688e-07,3.151734250630931e-05,0.0024421194433789212,323.04978123121487,0.029730589627714927
328.52108940392213,8.60817833148839e-07,3.193260323975632e-05,0.0024575516364849573,323.5362278028302,0.030922302035122518
330.1927640131524,9.091580592700959e-07,3.341221635698715e-05,0.002512158185355513,325.2078972518834,0.035075812790291275
331.86443862238264,9.560537118372848e-07,3.497143117436355e-05,0.002569304699976118,326.87956646616396,0.039322730629740274
332.3508866537612,9.69369600547509e-07,3.543975970790759e-05,0.002586430203582185,327.3660128812638,0.040576714426668006
332.8373346851398,9.825166747810074e-07,3.59144979678431e-05,0.002603784878694253,327.8524592746232,0.041839092263387154
334.50900929437006,1.0262613887221584e-06,3.759386874101993e-05,0.00266521602693027,329.5241280834773,0.04624271533802786
336.1806839036003,1.0674281056797204e-06,3.934421165573012e-05,0.0027295138578107697,331.195796612096,0.05075142700997148
336.6671319349789,1.0788565152574917e-06,3.986626467668785e-05,0.0027487796546858236,331.6822428186315,0.05208386391155918
337.1535799663575,1.090013381208037e-06,4.0393781149410074e-05,0.0027683004048950147,332.1686889991802,0.05342574111392214
338.82525457558773,1.1261258963549816e-06,4.224664864852267e-05,0.002837366396989723,333.8403570431233,0.05811072226960293
340.496929184818,1.1583935098710712e-06,4.415667081006619e-05,0.0029095775526359552,335.51202475183123,0.06291378765970103
340.9833772161966,1.166987108067712e-06,4.472229039107566e-05,0.00293119507854616,335.99847070888956,0.06433438768500882
341.46982524757516,1.1751980848017131e-06,4.529196491707278e-05,0.002953088273654406,336.48491663486794,0.06576557533542537
343.1414998568054,1.2003158065387019e-06,4.727823506494158e-05,0.0030304566584842983,338.1565837638079,0.07076637101064762
344.81317446603566,1.2202146667746195e-06,4.930213175134957e-05,0.0031111768903520068,339.8282504920931,0.07589930244158405
345.29962249741425,1.2249464025079052e-06,4.989689063637278e-05,0.0031353046501521277,340.3146961509682,0.07741858059580999
345.78607052879283,1.2291749464670012e-06,5.0493794915924716e-05,0.0031597216460300054,340.8011417727628,0.078949668461312
347.4577451380231,1.2396857198639655e-06,5.2558288951650354e-05,0.00324585475016859,342.4728078091956,0.08430319685265641
349.12941974725334,1.2435335393286687e-06,5.4634784434931513e-05,0.0033354490478251773,344.14447336862514,0.08980360398712071
349.6158677786319,1.2433201139995893e-06,5.5239689679520414e-05,0.0033621735060483876,344.63091867241735,0.0914326110147026
350.1023158100105,1.2424808652199288e-06,5.584430443621522e-05,0.0033891913954570384,345.1173639322029,0.09307468898658698
351.77399041924076,1.2346270787876762e-06,5.791589608538996e-05,0.003484279190301955,346.7890286703332,0.0988193007045666
353.445665028471,1.2186442796269224e-06,5.9967564227111366e-05,0.0035828133594967204,348.460692844302,0.104725747899496
353.9321130598496,1.2123856890282605e-06,6.0558896645503903e-05,0.0036121288318052666,348.94713772797957,0.10647571618934681
354.4185610912282,1.2053773058859993e-06,6.114696868316495e-05,0.0036417302631930005,349.4335825598462,0.10824001041023004
356.09023570045844,1.175389402673782e-06,6.313823369683232e-05,0.0037456205679981124,351.1052457665702,0.11441416282957587
357.7619103096887,1.1358442442878158e-06,6.50713803837118e-05,0.003852791042501206,352.77690831223197,0.12076472648289392
358.2483583410673,1.1224643576963878e-06,6.562070687018085e-05,0.0038845792536875913,353.2633527033901,0.12264662819309183
358.73480637244586,1.1082187838252336e-06,6.616328324858012e-05,0.003916632001681558,353.7497970341981,0.12454404926711511
360.4064809816761,1.0524788532989056e-06,6.797079007422851e-05,0.004028760510810128,355.42145845281624,0.13118467824594743
362.07815559090636,9.858626203781632e-07,6.96760270540182e-05,0.004143825102252835,357.0931191061101,0.13801520215096227
362.56460362228495,9.64366178244065e-07,7.015042353517828e-05,0.004177835238456224,357.5795629267015,0.14003921984244044
363.05105165366354,9.418988776072123e-07,7.061410058788284e-05,0.004212072372023999,358.0660066779394,0.1420798238252683
364.7227262628938,8.571338536998345e-07,7.211947145496803e-05,0.004331395553470565,359.73766603556567,0.14922041841433245
366.39440087212404,7.603650724161689e-07,7.347310959562578e-05,0.00445310840130003,361.4093245203208,0.15656247801703518
366.8808489035026,7.298952668617899e-07,7.383563149737863e-05,0.004488938645789734,361.8957676896444,0.1587373920089552
367.3672969348812,6.983714376471552e-07,7.41830553828596e-05,0.004524940301259648,362.3822107805766,0.1609297588756539
369.03897154411146,5.818739683347986e-07,7.525492197050399e-05,0.0046498747626804345,364.05386780021087,0.16859815898533018
370.7106461533417,4.5252913086143246e-07,7.61213043870842e-05,0.004776429284924582,365.7255238422564,0.1764767606954673
371.1970941847203,4.1244038953945743e-07,7.633173882518896e-05,0.004813510980943399,366.21196628146254,0.17880926196247313
371.6835422160989,3.712407434220686e-07,7.652239137257024e-05,0.004850688899841438,366.69840863381705,0.18115980093322936
373.35521682532914,2.2111416641711266e-07,7.701935744071151e-05,0.004979061331414469,368.37006305189175,0.1893757545750129
375.0268914345594,5.768066772662385e-08,7.725423830034853e-05,0.005108045467951,370.0417163988678,0.19780681376971473
375.513339465938,7.609740485546031e-09,7.727016737539357e-05,0.005145631190158036,370.5281580371563,0.20030075644241643
375.99978749731656,-4.359006123838278e-08,7.72614659293707e-05,0.005183217317453356,371.0145995815178,0.20281295285342563
377.6714621065468,-2.281681035508376e-07,7.703616987027458e-05,0.005312229566943967,372.68625117136344,0.21158548830228072
379.34313671577706,-4.260230325842794e-07,7.649122206721269e-05,0.005440598017880933,374.357901618472,0.22057314910638387
379.82958474715565,-4.860740921221996e-07,7.626941945854591e-05,0.005477754946140483,374.8443424010086,0.22322876242089168
380.31603277853424,-5.472279456210185e-07,7.601815193409787e-05,0.005514795493121731,375.33078308491844,0.22590238666552348
381.9877073877645,-7.65730743120864e-07,7.492249429375386e-05,0.005641009672709601,377.00243168597945,0.23522707533591147
383.65938199699474,-9.968834507065994e-07,7.345099780803369e-05,0.005765078129112205,378.67407910719663,0.24476095624248131
384.1458300283733,-1.0664705775960109e-06,7.294917105333484e-05,0.0058006881939699365,379.1605190045436,0.2475740419779008
384.6322780597519,-1.1370774416777347e-06,7.241327732253704e-05,0.005836044640725385,379.6469588020734,0.25040434727147604
386.30395266898216,-1.3873529920672006e-06,7.03048413001239e-05,0.005955393369354926,381.31860435382276,0.2602605547411865
387.9756272782124,-1.6489496955652346e-06,6.776856335271408e-05,0.006070859872779216,382.9902487371104,0.27031302606288876
388.462075309591,-1.7271039950526693e-06,6.694744167191845e-05,0.0061036281693978255,383.47668775566547,0.2732741739244584
388.9485233409696,-1.8061333220652687e-06,6.608813954438037e-05,0.006135986703126962,383.9631266779187,0.2762511160760998
390.62019795019984,-2.0841385406491403e-06,6.283778590872915e-05,0.006243813611992408,385.6347692562943,0.28659936083700616
392.2918725594301,-2.371337263468291e-06,5.911501373413772e-05,0.006345812122175874,387.3064107401481,0.2971229820948783
392.7783205908087,-2.4564955933044077e-06,5.7940765913972786e-05,0.006374285056783685,387.79284893272,0.3002168419111635
393.26476862218726,-2.5423109841054952e-06,5.672500433337215e-05,0.006402175901915441,388.2792870383491,0.30332436067869384
394.9364432314175,-2.841870455463499e-06,5.222556604495221e-05,0.006493311332810371,389.950926891242,0.31410392197468323
396.60811784064776,-3.147613524395274e-06,4.722019331277973e-05,0.006576502288080969,391.6225657985894,0.3250291886992312
397.09456587202635,-3.237551313578874e-06,4.566714210301068e-05,0.006599096816129831,392.10900327385457,0.3282338444191337
397.58101390340494,-3.327852619395511e-06,4.40703458058334e-05,0.006620924798508844,392.5954406782938,0.33144925208676984
399.2526885126352,-3.6404580453959755e-06,3.8246282256581666e-05,0.006689801164407374,394.2670782553008,0.3425761885720714
400.92436312186544,-3.955292047651553e-06,3.1897781426807115e-05,0.00674850324690508,395.9387151194895,0.3538097575012337
401.410811153244,-4.047079070971595e-06,2.995136027594792e-05,0.006763548373683538,396.42515204871626,0.35709625346477675
401.8972591846226,-4.138852370408132e-06,2.7960409277897553e-05,0.00677763586255154,396.91158893048316,0.3603897816771852
403.56893379385286,-4.453520679003563e-06,2.077820630848418e-05,0.006818446378767673,398.58322490101364,0.3717555403792597
405.2406084030831,-4.765482435426024e-06,1.3072242554535421e-05,0.006846812809839084,400.2548604776594,0.3831791184128651
405.7270564344617,-4.855451366747244e-06,1.0732117700128105e-05,0.006852604241943931,400.7412970968363,0.386511192846294
406.2135044658403,-4.944948048785625e-06,8.34848193991039e-06,0.006857247319966226,401.2277336990211,0.3898457530690315
407.88517907507054,-5.248157527899561e-06,-1.7249693111544622e-07,0.006864150719220898,402.89936895219773,0.40131656190149295
409.5568536843008,-5.542745854461641e-06,-9.19313750874237e-06,0.0068563921785570175,404.57100421027496,0.4127866559916661
410.0433017156794,-5.626495101465448e-06,-1.1909881073360823e-05,0.006851260629966938,405.05744081572647,0.41612073971954444
410.52974974705796,-5.709230210692858e-06,-1.4666956241614161e-05,0.006844798944966203,405.54387744076416,0.41945195554823483
412.2014243562882,-5.984954887915109e-06,-2.4443547605290526e-05,0.006812171334735043,407.2155130607059,0.43086920089542413
413.87309896551847,-6.245208531430232e-06,-3.466812964390415e-05,0.0067628259976381675,408.887149146814,0.44221793178114777
414.35954699689705,-6.317629618186219e-06,-3.772386526211566e-05,0.0067452191613936174,409.3735860826289,0.4455034713021942
414.84599502827564,-6.388421107264061e-06,-4.081425256510059e-05,0.006726119408314919,409.8600230787301,0.4487800417545597
416.5176696375059,-6.6182839654046e-06,-5.168896823190555e-05,0.006648852598102698,411.53166029007855,0.45996183385348993
418.18934424673614,-6.824986644472481e-06,-6.292858166061863e-05,0.006553101806665902,413.203298461604,0.47099901457440063
418.6757922781148,-6.880338014168546e-06,-6.626223413820893e-05,0.00652167939943748,413.6897360978226,0.4741791774414192
419.16224030949337,-6.933377474928176e-06,-6.962205286277987e-05,0.006488631764639279,414.17617383610457,0.4773436288635392
420.8339149187236,-7.0969444987506855e-06,-8.13535119687157e-05,0.00636247517458115,415.84781391732474,0.48808775020179895
422.5055895279539,-7.228979515929051e-06,-9.333204628784039e-05,0.006216500887526171,417.51945544347143,0.49860441899144353
422.99203755933246,-7.2609976389259134e-06,-9.685658182120384e-05,0.006170241454730064,418.00589414503736,0.5016172353811531
423.47848559071105,-7.289974676932429e-06,-0.00010039574518073868,0.006122267621630887,418.49233298751096,0.5046071151919219
425.1501601999413,-7.3652113168818504e-06,-0.00011265071907691955,0.005944208260202527,420.1639771536927,0.5146955292114115
426.82183480917155,-7.400085533808691e-06,-0.00012499772773492065,0.005745585643987889,421.8356231881294,0.5244691039269328
427.30828284055013,-7.402154289800145e-06,-0.00012859824760233553,0.00568390297436452,422.322063276106,0.5272490908683891
427.7947308719287,-7.400424027385079e-06,-0.0001321986384808582,0.0056204734382690885,422.808503536208,0.5299986485386947
429.466405481159,-7.364330163405542e-06,-0.0001445464462921614,0.005389145420430112,424.48015279871754,0.5392037158180484
431.1380800903892,-7.278881250566957e-06,-0.00015679266411649346,0.005137260798494208,426.15180423367167,0.5480049017936058
431.6245281217678,-7.2442476222458515e-06,-0.00016032532833703522,0.0050601268596674855,426.63824594206955,0.5504852052613801
432.1109761531464,-7.205060436900826e-06,-0.0001638398313480626,0.004981284353049965,427.12468784130823,0.5529275942041967
433.78265076237665,-7.03449460284404e-06,-0.00017574988171118583,0.004697396112653464,428.7963428582682,0.5610200994564745
435.4543253716069,-6.805790231016035e-06,-0.00018732620714160907,0.004393877083218503,430.4680001767132,0.5686216332008929
435.9407734029855,-6.727844020490192e-06,-0.0001906182268641696,0.004301947383908672,430.954443610275,0.5707367078051357
436.42722143436407,-6.644623859759273e-06,-0.00019387085646972133,0.004208432201679192,431.4408872365547,0.5728067258876447
438.0988960435943,-6.3173217391771805e-06,-0.0002047141654726369,0.0038751960350159637,433.11254817493864,0.5795657604540179
439.7705706528246,-5.923753151078255e-06,-0.00021495494384543237,0.003524337001590347,434.7842113240857,0.5857530070172335
440.25701868420316,-5.796355345336108e-06,-0.0002178058863642372,0.003419073241519272,435.27065642420695,0.5874418330976372
440.74346671558175,-5.663042094182021e-06,-0.00022059325495149762,0.0033124452089643495,435.7571016991833,0.5890791990518575
442.415141324812,-5.158827149530494e-06,-0.00022964877703518527,0.0029359901780429323,437.42876813504824,0.5943038694391157
444.08681593404225,-4.581391753463807e-06,-0.00023780021541355083,0.002545152927668291,439.1004364492411,0.5988872110804807
444.57326396542084,-4.3992648680329415e-06,-0.00023998486153059635,0.002428936748811216,439.5868829764358,0.6000970245374381
445.0597119967994,-4.210702800142201e-06,-0.00024207922603651996,0.002311687529878606,440.07332964038585,0.6012501625623679
446.7313866060297,-3.512878177598873e-06,-0.0002485458071140818,0.0019014331882543853,441.74500052676075,0.6047730058347915
448.4030612152599,-2.7366365873774104e-06,-0.0002537803086615419,0.0014813986452677855,443.41667272930965,0.6076018639518749
448.8895092466385,-2.4957965410345762e-06,-0.00025505328681406413,0.0013576292920935867,443.90312027070865,0.6082923452065773
449.3759572780171,-2.2481789641184197e-06,-0.0002562073957760154,0.001233277737523443,444.3895678933084,0.6089226206257825
451.04763188724735,-1.3450797248760273e-06,-0.0002592220896781636,0.000802242779880184,446.06124162361624,0.6106245026534135
452.7193064964776,-3.607619660131322e-07,-0.00026065921004393044,0.0003674868297985821,447.73291593312854,0.6116027245967657
453.2057545278562,-5.899870934997169e-08,-0.00026076160331496063,0.00024065461360287525,448.2193639418643,0.6117505599597848
453.6922025592348,2.4965513369846866e-07,-0.00026071553640447424,0.00011381695005499238,448.7058119654117,0.6118368752475598
455.363877168465,1.362981895051371e-06,-0.00025937891098323416,-0.0003211660821350616,450.377486552075,0.6116630292557067
457.0355517776953,2.5572581387762172e-06,-0.00025611350488610794,-0.0007523025647050509,452.0491609076269,0.6107652483226798
457.52199980907386,2.9198783034059536e-06,-0.00025478158419169717,-0.0008765758618395575,452.5356087770997,0.6103689403163381
458.00844784045245,3.2892109128585013e-06,-0.00025327173168763486,-0.0010001499387779793,453.0220565945825,0.6099125637117587
459.6801224496827,4.609242975649052e-06,-0.00024668062430608295,-0.0014183451264937572,454.6937299661109,0.6078892964946948
461.35179705891295,6.006192116816959e-06,-0.00023781856267832425,-0.0018236239790770305,456.36540236585114,0.605177739660841
461.83824509029154,6.426802778521077e-06,-0.00023479474067679055,-0.001938587165927115,456.85184953547474,0.6042625033117343
462.3246931216701,6.853601841803144e-06,-0.00023156500979079207,-0.0020520219436972937,457.3382965992066,0.6032919624630211
463.9963677309004,8.366554039774981e-06,-0.00021885296949802788,-0.0024288583903798247,459.0099669938896,0.5995434172249814
465.6680423401306,9.947943779813703e-06,-0.00020355456278023924,-0.002782282660531989,460.6816359131942,0.5951844946343857
466.1544903715092,1.0420367871140354e-05,-0.0001986005876108909,-0.002880109320615255,461.1680819933401,0.5938070355506347
466.6409384028878,1.0898050236041882e-05,-0.0001934158451671778,-0.0029754637296587425,461.654527940748,0.5923828673275535
468.31261301211805,1.2578133685421364e-05,-0.00017380121827131648,-0.003282795087680244,463.3261943418405,0.5871470896222813
469.9842876213483,1.431308471963633e-05,-0.00015133217815751972,-0.003554951346900071,464.99785916140814,0.5814269571377382
470.4707356527269,1.4827345474428173e-05,-0.00014424449356851613,-0.003626855690075772,465.4843040544656,0.5796798857284756
470.9571836841055,1.5345480528187157e-05,-0.00013690616015269122,-0.0036952466782795832,465.9707488266739,0.5778989919581571
472.6288582933357,1.7153294108555825e-05,-0.00010974743693649712,-0.0039018340999440937,467.642411345442,0.5715424038445965
474.300532902566,1.899674844901939e-05,-7.953684778292683e-05,-0.004060470110189834,469.31407268042904,0.5648805506590916
474.78698093394456,1.9538644009508297e-05,-7.016393707551766e-05,-0.004096893490781127,469.80051666344957,0.5628961468408099
475.27342896532315,2.008252906039742e-05,-6.052753675363117e-05,-0.004128691018665333,470.2869605808953,0.5608954659922469
476.9451035745534,2.19636807621119e-05,-2.538518208341422e-05,-0.0042009393468622706,471.958620655335,0.5539247194801463
478.61677818378365,2.3855140812853885e-05,1.2910462225335342e-05,-0.004211805455936297,473.6302804400673,0.5468845034249176
479.10322621516224,2.4405898096427987e-05,2.4649055639576975e-05,-0.004202681504405225,474.1167241643743,0.5448375095476023
479.5896742465408,2.4956231443408576e-05,3.6654712097148736e-05,-0.004187782954622686,474.603167913925,0.5427966782963816
481.2613488557711,2.6840298143828633e-05,7.995116719197543e-05,-0.0040907556685295275,476.2748281603278,0.5358667394432259
482.9330234650013,2.8702948598313137e-05,0.00012637926825471277,-0.003918733251259839,477.94648931823144,0.5291616805209801
483.4194714963799,2.9239004448003342e-05,0.00014047268869089163,-0.0038538379473596093,478.43293367544896,0.5272707692236988
483.9059195277585,2.9771674918114052e-05,0.00015482514833671564,-0.0037820280557020725,478.9193781582381,0.5254134175832126
485.57759413698875,3.157161747800697e-05,0.0002061064646377793,-0.0034807601692862507,480.5910417004294,0.5193306350080967
487.249268746219,3.331194942880152e-05,0.00026034687444345347,-0.0030912932877430344,482.2627072267446,0.5138251908987734
487.7357167775976,3.380487949284663e-05,0.0002766720630923511,-0.0029606840660005647,482.7491530322825,0.5123527315688154
488.2221648089762,3.42909222839584e-05,0.0002932343130249816,-0.0028220841720346286,483.2355990241379,0.5109460333001266
489.8938394182064,3.590307800729831e-05,0.0003519195782038776,-0.00228320379213124,484.9072681431684,0.5066648779063389
491.5655140274367,3.741113805159577e-05,0.0004132128361198129,-0.0016440408868725624,486.5789394609872,0.5033683725247862
492.05196205881526,3.782778372334586e-05,0.00043151374787713616,-0.0014385859760030976,487.0653869187012,0.5026181075975871
492.53841009019385,3.823352388829292e-05,0.0004500134989454905,-0.0012241934276472828,487.55183450917343,0.5019701965431795
494.2100846994241,3.953829898718298e-05,0.0005150395971202256,-0.0004178519214272993,489.2235085165216,0.5005823321402144
495.88175930865435,4.068868494330274e-05,0.0005821178104935757,0.0004989072964850735,490.8951830461594,0.5006346993292121
496.36820734003294,4.099149901306956e-05,0.0006019856383610064,0.0007869116526358161,491.38163098482426,0.5009469426694462
496.8546553714115,4.127893174382232e-05,0.0006219957271292578,0.0010845967346161018,491.8680787894884,0.5014018083648957
498.5263299806418,4.21423118211618e-05,0.0006917515217868905,0.002182499047289458,493.53975113908274,0.5041161757236794
500.198004589872,4.279602940696243e-05,0.0007627753632661196,0.003398070231576146,495.21141915464284,0.5087642252462256
500.6844526212506,4.2943687143355906e-05,0.0007836308165821015,0.003774201227965319,495.69786406995047,0.510508212384183
501.1709006526292,4.307111275302161e-05,0.000804551787497811,0.004160468894204334,496.18430825555475,0.5124377079042166
502.84257526185945,4.334709785779041e-05,0.0008768207839171133,0.005565789829633375,497.85596307822226,0.5205503884903473
504.5142498710897,4.3354378568828173e-05,0.0009493265444723885,0.007092118907708352,499.5276041143953,0.5311134118608039
505.0006979024683,4.330266791600647e-05,0.0009704053581454127,0.007559058669044656,500.0140391090028,0.5346764692370547
505.4871459338469,4.322562260146281e-05,0.000991451416286136,0.008036213731720428,500.50047233143016,0.5384691040611768
507.1588205430771,4.275967434746596e-05,0.0010633670914107795,0.009753854614189874,502.1720807944882,0.5533218858448629
508.8304951523074,4.196383208611058e-05,0.0011342281149520814,0.011590833587634103,503.8436601012273,0.5711456068793959
509.316943183686,4.166685743332787e-05,0.0011545710720372428,0.012147547377626392,504.33007388610804,0.5769188678707488
509.8033912150646,4.133934554101288e-05,0.001174760698499633,0.012714082952748926,504.81648431271407,0.5829651219945805
511.47506582429486,3.997290536867431e-05,0.001242779006027053,0.01473511658134616,506.48800145891136,0.6058919298445393
513.1467404335251,3.8215277380879434e-05,0.0013081861008440723,0.016867672138606148,508.1594672571613,0.632290080240927
513.6331884649037,3.762697361159354e-05,0.001326634918832861,0.01750855566617051,508.64584345180174,0.6406505627290439
514.1196364962823,3.7003024168466204e-05,0.0013447875037269515,0.018158298703068083,509.1322141136015,0.6493245483613655
515.7913111055126,3.457912342956906e-05,0.0014046812381728676,0.02045702412179197,510.8035770825163,0.6815852355057884
517.4629857147428,3.1705098208319856e-05,0.0014601467684642031,0.022852171117416213,512.4748596086735,0.71776840793784
517.9494337461214,3.078106577695777e-05,0.0014753472172552384,0.023566195205580672,512.9611766419678,0.7290573837619138
518.4358817775,2.9816595320003404e-05,0.0014900870764577392,0.024287452932281517,513.4474854231977,0.7406947998001108
520.1075563867303,2.6186528071311406e-05,0.0015369667658611205,0.02681848147463838,515.1186141511743,0.7833962304266915
521.7792309959605,2.2052608954068833e-05,0.0015773570258273291,0.0294224534962502,516.7896276309995,0.8303881337834511
522.265679027339,2.0752237251414055e-05,0.0015877705987383803,0.030192340209120996,517.275859580128,0.8448858649751
522.7521270587176,1.9407210764570018e-05,0.0015975396856611444,0.030967082226818057,517.7620801834668,0.8597583371518719
524.4238016679479,1.4438179227075443e-05,0.0016259054295103162,0.03366257901017237,519.4328817442498,0.9137632214853799
526.0954762771781,8.919966853904353e-06,0.0016455055436763544,0.03639816744700363,521.1035304317328,0.9723050290408456
526.5819243085567,7.2088198099426194e-06,0.0016494308774770284,0.03719963723368531,521.5896491195379,0.990202116698922
527.0683723399353,5.449655082398623e-06,0.0016525113661531984,0.03800275339326562,522.0757533210223,1.008488189866762
528.7400469491656,-9.667743969979142e-07,0.0016563394945274972,0.04076997644637326,523.7461309243291,1.0743127485323218
530.4117215583958,-7.965873241738587e-06,0.0016489544238673603,0.04353422647442799,525.4163200905779,1.1447568711750318
530.8981695897744,-1.0113484212845348e-05,0.0016445594465205713,0.044335360617306335,525.9022986673565,1.1661226536609708
531.384617621153,-1.2311320630257858e-05,0.001639107133755846,0.045134039430659495,526.3882600700946,1.187875895107427
533.0562922303833,-2.0250194343229377e-05,0.0016119746916943766,0.04785333361188568,528.0581272914811,1.2655781013391527
534.7279668396135,-2.8789808279392756e-05,0.0015710689149321196,0.050515758911679386,529.7277794671594,1.3477734007976683
535.2144148709921,-3.1388138178933165e-05,0.0015564343790335344,0.05127652513741086,530.2135975060914,1.3725220377286507
535.7008629023707,-3.4037445848088835e-05,0.001540523520671256,0.052029800888015246,530.6993967924543,1.3976369103529012
537.372537511601,-4.353116336811706e-05,0.0014757723439474098,0.05455321418272706,532.3686967873472,1.4866977442854006
539.0442121208312,-5.362471431775399e-05,0.0013946493975411046,0.05695470044354864,534.0377725807568,1.5798688786940769
539.5306601522097,-5.66739109399821e-05,0.0013678240260571852,0.05762669150489282,534.5234223994637,1.6077239516357775
540.0171081835883,-5.977308498120971e-05,0.0013395037781067476,0.0582852099588907,535.0090537506526,1.6359003086818047
541.6887827928186,-7.080232541914078e-05,0.0012304443021693037,0.06043590400307659,536.6777819598011,1.7351011060231614
543.3604574020488,-8.240815993934928e-05,0.0011024655861890864,0.062388472683839125,538.3463033597757,1.837725320015013
543.8469054334274,-8.589173003542848e-05,0.001061532511543465,0.06291490756222139,538.8317968381815,1.8681839548280348
544.333353464806,-8.94222597471861e-05,0.001018894588769106,0.06342095975455944,539.3172747341796,1.898891178877236
546.0050280740363,-0.00010190760591468484,0.0008590475163130214,0.0649935828325556,540.985501918765,2.006190718335868
547.6767026832665,-0.00011492104589206737,0.0006778876071746407,0.06628117955420085,542.653574174001,2.115875909959131
548.1631507146451,-0.00011880363814374746,0.0006210411266120833,0.06659721417563821,543.1389487837657,2.148173568784751
548.6495987460237,-0.00012272793042239014,0.0005622976209759111,0.06688508466649144,543.6243138311025,2.1806155171149606
550.321273355254,-0.00013652278337905578,0.000345669179166631,0.06764726229890422,545.2922042560735,2.293030941581332
551.9929479644842,-0.00015076970541939608,0.00010560237572722929,0.06802771700849775,546.9600303053405,2.4063992486323063
552.4793959958628,-0.0001549953770871551,3.1233295670975344e-05,0.06806110555080473,547.4453524355408,2.439476452018916
552.9658440272414,-0.00015925509510985824,-4.5197159518244115e-05,0.0680577753677808,547.930674234898,2.4725584804644254
554.6375186364717,-0.0001741404897156772,-0.00032381326469975056,0.0677528495433382,549.5984916087867,2.5860545082928588
556.3091932457019,-0.00018937304621090235,-0.0006276030769500838,0.06696112712667739,551.2663708161591,2.698636004622613
556.7956412770804,-0.0001938642054932095,-0.0007208160035185213,0.06663326588217461,551.7517338378381,2.7311083454023346
557.282089308459,-0.0001983792943552159,-0.000816216309113198,0.06625950087332658,552.237108265637,2.763407785094524
558.9537639176893,-0.0002140612752323331,-0.001160919819930783,0.06461061350346387,553.9051998998312,2.872799034463224
560.6254385269195,-0.000229956478325544,-0.0015320167190854628,0.06236343344828748,555.5735008184672,2.9789405394116186
561.1118865582981,-0.00023461371533161265,-0.0016450126169048687,0.06159080664923026,556.0590147692268,3.009073482823602
561.5983345896767,-0.00023928235512332306,-0.0017602729875774937,0.06076264898972043,556.5445525020989,3.0388150845124366
563.270009198907,-0.0002553927521655645,-0.00217373369861772,0.057478217163901876,558.2133004221066,3.1376868836210465
564.9416838081372,-0.00027155481449918345,-0.0026141689351159647,0.05348006725087093,559.8823958530566,3.2304815705378527
565.4281318395158,-0.00027625789781847866,-0.0027474123227606007,0.052176097533219445,560.3681652598896,3.2561717640988164
565.9145798708944,-0.00028095763714636976,-0.0028829383219148765,0.05080676088804908,560.8539680388224,3.2812098691305214
567.5862544801247,-0.0002970590915810383,-0.003366084993877722,0.045587328051072865,562.5236948978289,3.3618638949213726
569.2579290893549,-0.000313026112670072,-0.003876035693985412,0.03953782738340481,564.193847087512,3.433108583758643
569.7443771207335,-0.0003176362297675397,-0.004029431045236249,0.037615112184439845,564.6799334202283,3.451873797487958
570.2308251521121,-0.0003222263541084634,-0.004185059260696906,0.03561725924956362,565.1660545727023,3.4696834146656688
571.9024997613424,-0.00033782130531838546,-0.0047367991887786835,0.028163629121601835,566.8368726793029,3.5231161342469557
573.5741743705726,-0.0003530754856008339,-0.005314323971776758,0.01976611742133406,568.5080576216792,3.563305096347627
574.0606224019512,-0.0003574384293234416,-0.005487142090514944,0.017139010104920468,568.9944233313365,3.572285541871592
574.5470704333297,-0.00036176324304307533,-0.0056620680852305025,0.014427369032721247,569.4808095963546,3.579965165906893
576.21874504256,-0.0003763059691912476,-0.006279052116614413,0.00444985653701692,571.152403696793,3.5958895396098485
577.8904196517902,-0.00039028698020561947,-0.006919877351585811,-0.0065789798655977675,572.8240666963642,3.594256481276359
578.3768676831688,-0.0003942373171693859,-0.007110697482026356,-0.009991503542403912,573.3104988941371,3.590231150620693
578.8633157145474,-0.000398130458174621,-0.007303419979512947,-0.013497245190400652,573.7969117769712,3.584521077641341
580.5349903237777,-0.0004110430901189204,-0.007979867417839877,-0.02626867185213829,575.4682509366489,3.5514453500019423
582.2066649330079,-0.0004231660892856947,-0.008677240570594021,-0.04018838901374989,577.1389913374273,3.4960688675515113
582.6931129643865,-0.00042653280843924613,-0.008883913544365414,-0.04445965766166259,577.6250050476614,3.475491624698135
583.1795609957651,-0.00042982306629328653,-0.009092200359755064,-0.048831762620811354,578.1109219038394,3.4528126220194384
584.8512356049954,-0.00044051696633590356,-0.009819804426390823,-0.0646367495748391,579.779903353266,3.358193849790827
586.5229102142256,-0.00045019583871543935,-0.010564436816215444,-0.08167228668039078,581.4470950292103,3.236185389837497
587.0093582456042,-0.0004528094114607586,-0.010784075847064327,-0.08686475840722213,581.9318187030666,3.195246595342318
587.4958062769828,-0.00045532789711375335,-0.011004958117573304,-0.09216426131591766,582.4163166035868,3.1517648001411
589.1674808862131,-0.00046322885321270626,-0.011772893172428429,-0.11120114218598529,584.0793549844105,2.9822579669717677
590.8391554954433,-0.0004699018919266564,-0.012553009715825438,-0.13153194233134105,585.738720911995,2.780053875067959
591.3256035268219,-0.0004716017659896488,-0.01278201297869566,-0.13769405809022864,586.2207705103549,2.7147739073770873
591.8120515582004,-0.00047318940527672136,-0.013011811373360452,-0.14396763072907684,586.7023996512625,2.646498327802864
593.4837261674307,-0.0004777633447882767,-0.013806850743648161,-0.16638276898216828,588.353988508464,2.388322878570138
595.1554007766609,-0.0004809189207789602,-0.014608350731339233,-0.19013235438894455,589.9991620486587,2.092101746376127
595.6418488080395,-0.00048156098438545115,-0.014842456204272922,-0.19729555846358252,590.4765143115612,1.9984623781610442
596.1282968394181,-0.0004820759914404536,-0.015076839401054911,-0.20457255780551808,590.9531720928042,1.9013808172405753
597.7999714486484,-0.00048285470356159994,-0.015883584064098843,-0.23045043690506187,592.5854597923162,1.5408233115498706
599.4716460578786,-0.0004820570912583495,-0.016690312929665496,-0.2576769173698272,594.2075809360836,1.137064545831436
599.9580940892572,-0.00048152121536375363,-0.016924685594795954,-0.2658529842885769,594.6774610134962,1.0111821448924778
600.4445421206358,-0.0004808466436008725,-0.01715876115692818,-0.27414282274380347,595.1462824534781,0.8814391632237792
602.1162167298661,-0.0004774538473808654,-0.0179599800940988,-0.3034973638236709,596.7487200714326,0.4055014147495215
603.7878913390963,-0.0004723695417549855,-0.01875411355331159,-0.3341853599504424,598.3361295159232,-0.11831128753528149
604.2743393704749,-0.00047056729705485535,-0.01898346546347192,-0.34336416843693823,598.7949321735952,-0.2799709050776778
604.7607874018535,-0.00046861879136627803,-0.019211903670291002,-0.35265414715991067,599.2522162396926,-0.44585477844584637
606.4324620110838,-0.00046079706765250793,-0.019988988346767628,-0.38542174069981106,600.8113472808941,-1.0486699472510745
608.104136620314,-0.0004512221558018091,-0.020751532266264666,-0.4194762132554781,602.3494512387472,-1.7032170118452865
608.5905846516926,-0.00044810485802194565,-0.02097027663509734,-0.42962411132229483,602.7927172492784,-1.9035888157394443
609.0770326830711,-0.00044483871914110254,-0.021187468479612327,-0.4398778612304239,603.2339108113888,-2.1084642429373868
610.7487072923014,-0.0004324773478798386,-0.021921005859819775,-0.4759126147254643,604.733377624983,-2.847262936190854
612.4203819015316,-0.0004183652762004367,-0.022632415748835795,-0.5131551090513231,606.204757157044,-3.6404741865769927
612.9068299329102,-0.0004139320037075012,-0.022834855932556478,-0.5242140195133307,606.6272258647987,-3.881624651863381
613.3932779642888,-0.0004093531623942012,-0.023035105970725542,-0.5353706996143801,607.0469859316746,-4.127443463851266
615.0649525735191,-0.00039251504714083206,-0.02370557059087314,-0.5744424168630871,608.4678205890923,-5.008011116165507
616.7366271827493,-0.00037400251104991426,-0.024346487817884722,-0.6146102359802442,609.8526462806751,-5.944145419657216
617.2230752141279,-0.0003683073891782482,-0.02452703959396309,-0.6264976506602602,610.2484003703272,-6.227008665763413
617.7095232455065,-0.00036247655087992737,-0.024704791701229103,-0.6384720510623373,610.640749764605,-6.514562615412009
619.3811978547368,-0.00034142162833769005,-0.02529334738364261,-0.680267440662673,611.9619939107828,-7.538491771195803
621.052872463967,-0.00031884971985867913,-0.025845438133206403,-0.7230162251022311,613.2387766564052,-8.617318805625166
621.5393204953456,-0.0003120075576025088,-0.02599888028523925,-0.7356262220637891,613.6014851169788,-8.941471341037472
622.0257685267242,-0.0003050465641035984,-0.026148970861158777,-0.748309903389312,613.9600661459613,-9.270173524216421
623.6974431359545,-0.00028024782256728486,-0.02663835945078773,-0.7924374468079415,615.1597236356928,-10.434170262950863
625.3691177451847,-0.0002541734231970007,-0.027085226371443984,-0.8373475475087181,616.3063854858132,-11.650380861195847
625.8555657765633,-0.0002463619911421097,-0.027206969168048357,-0.8505529336890052,616.6296360883879,-12.013892284048486
626.3420138079418,-0.00023845556580569607,-0.027324896520953455,-0.8638164998917446,616.9480516826953,-12.38163864894485
628.0136884171721,-0.00021060055838448936,-0.027700367500560978,-0.9098152662487352,618.0043231274742,-13.677135664762277
629.6853630264023,-0.0001817899644437129,-0.028028475256661686,-0.9564021099597642,618.9995142661645,-15.020104681849993
630.1718110577809,-0.00017324648142758584,-0.028114827127228886,-0.9700577277318616,619.2772096564127,-15.419499047593204
630.6582590891595,-0.0001646379364398026,-0.028197016197111364,-0.9837542609788676,619.5494241633681,-15.822643889366697
632.3299336983898,-0.0001346075959252137,-0.028447216504502073,-1.0311066837075156,620.442113208447,-17.23582900550995
634.00160830762,-0.00010400493206375733,-0.028646737484944364,-1.0788350002652134,621.2666437333111,-18.689824204192185
634.4880563389986,-9.501483817806224e-05,-0.028695140336861207,-1.0927821293982516,621.4934192267892,-19.120175767658328
634.9745043703772,-8.599395413649785e-05,-0.028739172362244422,-1.106751704118485,621.7141754544796,-19.5536431730159
636.6461789796075,-5.48140809317851e-05,-0.028856885995640905,-1.1548999168687657,622.4261070914952,-21.06596397738772
638.3178535888377,-2.3483281966343996e-05,-0.028922350877300978,-1.2032012370553338,623.0643208577831,-22.61083624052109
638.8043016202163,-1.4361780750960613e-05,-0.028931550401526555,-1.2172728833997577,623.2359318383209,-23.066004618386334
639.2907496515949,-5.245761915328327e-06,-0.028936324204672955,-1.2313479349186334,623.4011316791901,-23.523538487896662
640.9624242608252,2.5982156282949062e-05,-0.028918953051629233,-1.2797127735943772,623.9193988807139,-25.112672688282306
642.6340988700554,5.6930825867774144e-05,-0.028849612387042693,-1.3280051352981936,624.3603058935064,-26.724986531205204
643.120546901434,6.586067896110492e-05,-0.028819739849160513,-1.3420318688357835,624.4739322752213,-27.197973495740342
643.6069949328125,7.474929669672998e-05,-0.028785543036902367,-1.356043068410012,624.5809290219327,-27.672505799649137
645.2786695420428,0.00010492492306608757,-0.028635268679658644,-1.4040444718512832,624.8977964137254,-29.313707882933986
646.950344151273,0.00013441183869356823,-0.02843512614412578,-1.4517529837814034,625.1358075827706,-30.968194512663448
647.4367921826517,0.00014284131593460863,-0.028367683879674845,-1.4655689223481967,625.1902335143167,-31.45158318086862
647.9232402140303,0.00015119666325104518,-0.028296167663017714,-1.4793511514252213,625.237995869079,-31.935679183008386
649.5949148232606,0.00017929422968873175,-0.02801978451292148,-1.5264285458325106,625.3513387201577,-33.6033471706484
651.2665894324908,0.00020633991958915425,-0.027697310572079883,-1.5730053931430594,625.3865083445746,-35.27450541198263
651.7530374638694,0.00021399401588074798,-0.027595067161592483,-1.586453924155589,625.3821552148953,-35.760928249918535
652.239485495248,0.00022154594879482596,-0.027489132249037904,-1.5998519433367206,625.3712836273709,-36.24725415709093
653.9111601044783,0.000246676896162118,-0.02709758624074491,-1.645483254304526,625.2845162846039,-37.916523572053364
655.5828347137085,0.0002704591054154049,-0.026665156791461926,-1.6904258558468006,625.1222787978683,-39.580171983104215
656.0692827450871,0.0002771118795868125,-0.02653196625158066,-1.70336473541091,625.0610937810306,-40.06275055433551
656.5557307764657,0.00028364064546300996,-0.026395574763048713,-1.7162381944631584,624.993694035569,-40.54450685123689
658.227405385696,0.00030509917573249374,-0.025903265874765605,-1.7599563312389443,624.7152251058934,-42.19268155975854
659.8990799949262,0.00032499149438917826,-0.025376394404372477,-1.802822599050816,624.365693020177,-43.82728267936085
660.3855280263048,0.000330476119190176,-0.025216961194433826,-1.815128145460453,624.2509178373541,-44.29998991698262
660.8719760576834,0.0003358219061066454,-0.025054896895778857,-1.827355662080954,624.1303587114139,-44.77126263467815
662.5436506669137,0.00035311331826452173,-0.024478822499534064,-1.8687616215311649,623.6726804147373,-46.37893139404643
664.2153252761439,0.0003687060607122431,-0.02387526230013916,-1.9091815983805243,623.1496309878975,-47.966559401971196
664.7017733075224,0.0003729194011552757,-0.023694874132717432,-1.9207517932671228,622.9854911085145,-48.42447161870433
665.188221338901,0.0003769862737562898,-0.023512473172020064,-1.9322339244603115,622.8160874906642,-48.88047090062773
666.8598959481313,0.0003898358565413981,-0.022871291261311863,-1.9710059940282572,622.1946486106834,-50.43222162146195
668.5315705573615,0.0004009384376100854,-0.022210089238528383,-2.008689482519657,621.5143558864714,-51.95911254700337
669.0180185887401,0.00040384064240015194,-0.022014341536447476,-2.0194458929951478,621.3057163724665,-52.39853863206485
669.5044666201187,0.0004065956583675231,-0.02181721718075291,-2.030106923833273,621.0923841162135,-52.83571430190166
671.176141229349,0.0004149423082409551,-0.02113030590278765,-2.0660058095597464,620.3244043652111,-54.320427793889145
672.8478158385792,0.0004215718896256012,-0.020430876932054327,-2.1007459403894666,619.5044692962165,-55.77711916966606
673.3342638699578,0.0004231821932671147,-0.0202254074478477,-2.1106344679630875,619.2565001613013,-56.195613428695765
673.8207119013364,0.0004246507964261399,-0.02001918683223788,-2.120423032426734,619.0044247122188,-56.61165588030697
675.4923865105667,0.00042862803125845233,-0.019305758942305528,-2.153293026727272,618.1077872623506,-58.022421088045604
677.1640611197969,0.0004309857079728963,-0.01858703609698095,-2.1849659760174487,617.1660888495744,-59.40354137357193
677.6505091511755,0.0004313746057200087,-0.018377285511109624,-2.193956510474185,616.8839727585527,-59.799820543708194
678.136957182554,0.00043163242137017713,-0.01816737411301753,-2.2028451302532948,616.5983230107219,-60.19356866648084
679.8086317917844,0.00043153741110683777,-0.017445699934259196,-2.232611672909023,615.5906421492732,-61.527301845919325
681.4803064010146,0.000429973460264739,-0.016725412377079682,-2.2611729701540257,614.5444888569075,-62.83110155285805
681.9667544323931,0.0004292519821957341,-0.016516425393373446,-2.2692580929926485,614.2331908217981,-63.204894027297485
682.4532024637717,0.00042841385479948927,-0.016307813355225298,-2.2772417857217,613.9188963572444,-63.57617864065159
684.124877073002,0.0004246681602180499,-0.015594597067163232,-2.303905988972155,612.8168111256526,-64.83304649331198
685.7965516822322,0.0004196410008357978,-0.014888713457711946,-2.3293840555892906,611.6823262799551,-66.06077219406667
686.2829997136108,0.0004179485635723441,-0.014684989871970974,-2.3365769905627944,611.3464320726634,-66.41262870615027
686.7694477449894,0.0004161563644359978,-0.01448210892917007,-2.343671149379013,611.0080291884983,-66.76208057389104
688.4411223542197,0.0004092641166265362,-0.013792042306692905,-2.367302009840617,609.8267319623365,-67.94482494961565
690.1127969634499,0.00040129946577222405,-0.013114393634349799,-2.3897896828367147,608.618468551359,-69.10002884104723
690.5992449948285,0.0003987923312726437,-0.012919791324971584,-2.3961217166759283,608.2620882106495,-69.43112038592594
691.0856930262071,0.0003962036041890569,-0.01272642332318645,-2.4023594849023353,607.903630171587,-69.7599680118477
692.7573676354374,0.00038671422397306126,-0.01207191241124871,-2.423084549713433,606.6566079887913,-70.87321384728978
694.4290422446676,0.0003763707202743656,-0.011433978563544958,-2.4427293409802657,605.3873620952567,-71.96107233836767
694.9154902760462,0.0003732125775356451,-0.011251661937915805,-2.448246926843827,605.014088249034,-72.27299506804663
695.4019383074248,0.00036999137135425563,-0.01107089179596811,-2.453676277166732,604.6391089705686,-72.58287126937198
697.0736129166551,0.0003584700019540534,-0.010461927989754479,-2.471671454114053,603.338057261011,-73.63247724009871
698.7452875258853,0.0003463125128384544,-0.009872755856819048,-2.4886651843474317,602.0188360520019,-74.65916915300922
699.2317355572638,0.00034266722684680003,-0.009705180163723473,-2.4934269035277055,601.6317437739018,-74.95376931579034
699.7181835886424,0.0003389770667818535,-0.009539383670716169,-2.4981075926523117,601.2432615086772,-75.24653892798194
701.3898581978727,0.0003259820539879074,-0.008983526754077239,-2.513586656419819,599.8981235197765,-76.23902789501936
703.0615328071029,0.0003125615220995108,-0.008449748935105533,-2.5281549628268962,598.5382211262386,-77.21120150566293
703.5479808384815,0.00030858768263826355,-0.008298671840543033,-2.5322284803778805,598.1398959245888,-77.49042754692523
704.0344288698601,0.00030458629474851853,-0.008149529854312795,-2.5362290107139347,597.7404436634346,-77.76804278646277
705.7061034790904,0.0002906523223902977,-0.0076519754975826635,-2.549433226978062,596.359531147106,-78.71013019871681
707.3777780883206,0.0002764906833953774,-0.007177904500917449,-2.56182532252571,594.9666704046768,-79.63447125324696
707.8642261196992,0.0002723375177478324,-0.007044418088063816,-2.565284439050775,594.5592526594552,-79.90025558763517
708.3506741510778,0.000268172867745694,-0.006912950506578653,-2.5686791263947106,594.1509238210908,-80.16464115590516
710.0223487603081,0.0002537982240531274,-0.006476661088257181,-2.579867310330109,592.7410818733691,-81.06286557880445
711.6940233695383,0.0002393768641015414,-0.006064440444005318,-2.5903462779018644,591.3215883251019,-81.94576637258413
712.1804714009169,0.0002351810699267231,-0.005949018711899888,-2.593268154336703,590.9068250863737,-82.19993618810761
712.6669194322955,0.00023098827250327565,-0.005835633507185216,-2.5961343760409177,590.4913257186503,-82.45290320411006
714.3385940415258,0.00021662473861834943,-0.0054615177085064305,-2.605573624811112,589.0581140161524,-83.31335399619695
716.010268650756,0.00020237501191346777,-0.005111317940435275,-2.6144074636103007,587.6170980930059,-84.16067610954839
716.4967166821345,0.00019825808594338317,-0.005013876756125685,-2.6168700786671764,587.1963959115162,-84.40489067306046
716.9831647135131,0.00019415676938225868,-0.004918431223333112,-2.619285760517593,586.775097370684,-84.64807675370002
718.6548393227434,0.00018020073108595291,-0.004605564174323635,-2.6272430503355535,585.3229692823697,-85.47620870737744
720.3265139319736,0.00016649532872655895,-0.0043158175893135845,-2.634696653197928,583.8645013842755,-86.29312800465934
720.8129619633522,0.00016256110279004213,-0.004235785699187292,-2.6367765437446193,583.4389763035896,-86.52883898103514
721.2994099947308,0.00015865297900287742,-0.004157658646080883,-2.6388179351107,583.0129647864317,-86.76367091497895
722.9710846039611,0.00014543743350064708,-0.003903538876658996,-2.645552749231482,581.5454336827139,-87.5641932598415
724.6427592131913,0.00013258325969655785,-0.0036712091511541716,-2.6518809707175914,580.0727040077838,-88.3551141263325
725.1292072445699,0.00012891605037482036,-0.0036076087939924677,-2.653651300327221,579.643226776484,-88.58354507469514
725.6156552759485,0.00012528318184178757,-0.0035457820113151063,-2.6553910820093374,579.2133479444067,-88.81122023874765
727.2873298851788,0.00011307278807298735,-0.003346617222697286,-2.6611492147570313,577.7331359230673,-89.58804673354047
728.959004494409,0.00010130762076864891,-0.003167492102423471,-2.6665911586869115,576.2485960113451,-90.35657232216494
729.4454525257876,9.797156987859051e-05,-0.003119025098642109,-2.668120147823817,575.815831919012,-90.57871354877179
729.9319005571662,9.467583967860823e-05,-0.0030721697405780703,-2.6696259040346333,575.382730135679,-90.80019626365014
731.6035751663965,8.36660787146579e-05,-0.002923174958770684,-2.6746345314414928,573.8918983229656,-91.55644348395148
733.2752497756267,7.315914213011751e-05,-0.0027921646354464452,-2.679409120135998,572.3973845331548,-92.30538942117063
733.7616978070052,7.019862818307509e-05,-0.002757298916371168,-2.680758850538576,571.9618280984229,-92.52200461399408
734.2481458383838,6.728225710397342e-05,-0.0027238618119002594,-2.6820919151984346,571.5259805748991,-92.73803390180348
735.9198204476141,5.760195858759045e-05,-0.0026195535742848004,-2.686555949210073,570.0260424342961,-93.47605587750496
737.5914950568443,4.845751998129574e-05,-0.002530979754206046,-2.690858765202498,568.5228833013148,-94.2074961004504
738.0779430882229,4.589838884225284e-05,-0.002508032261426272,-2.6920843511828783,568.0848884495384,-94.419137553089
738.5643911196015,4.3385242615092525e-05,-0.0024863182033626734,-2.693299019303186,567.6466349604241,-94.63024315185875
740.2360657288318,3.510163220425071e-05,-0.0024207921186209665,-2.6973986997935144,566.138655028869,-95.3516919247475
741.907740338062,2.73648254921847e-05,-0.002368656496146079,-2.701400034239625,564.6277650454057,-96.0670268154607
742.3941883694406,2.5216215064208213e-05,-0.0023558694129270238,-2.702549138330451,564.187571521685,-96.27405649277998
742.8806364008192,2.3113685282090334e-05,-0.00234411649393702,-2.7036922184589467,563.7471404371747,-96.4805804317977
744.5523110100495,1.623922929410833e-05,-0.0023112988975202147,-2.707581850144213,562.2318210050224,-97.18648366240397
746.2239856192797,9.903425727342537e-06,-0.0022895229288429136,-2.711425850491179,560.7137832245577,-97.88652221723038
746.7104336506583,8.159997559368776e-06,-0.0022851310950125774,-2.712538509727472,560.2715399078387,-98.08913637239476
747.1968816820369,6.461267087493325e-06,-0.002281577033757264,-2.7136491827162463,559.8290711917178,-98.29125786869082
748.8685562912672,9.617010712168483e-07,-0.0022754443434620884,-2.7174568904040326,558.3068290211747,-98.98210617997103
750.5402309004974,-4.023147051175567e-06,-0.002278074917621045,-2.721261670892505,556.7819683438888,-99.66715548520591
751.026678931876,-5.3787322604616545e-06,-0.002280363032668484,-2.722370392415068,556.3377539566054,-99.86541097747164
751.5131269632545,-6.6921937439863876e-06,-0.0022833011727060584,-2.723480334535617,555.8933196035234,-100.0631728503108
753.1848015724848,-1.088917712702168e-05,-0.002298062985995333,-2.7273086879409725,554.3643541458695,-100.73901106791179
754.856476181715,-1.4607734993678723e-05,-0.0023194409039473188,-2.7311672482818765,552.8328024950556,-101.40896777671394
755.3429242130936,-1.5602246132951288e-05,-0.0023267897804266986,-2.732297328359455,552.3866440132002,-101.60280864368711
755.8293722444722,-1.6558112263216016e-05,-0.002334614097946855,-2.7334310525211385,551.9402662101436,-101.79614384355604
757.5010468537025,-1.9554058675226942e-05,-0.0023648583308483887,-2.737358399637922,550.4046201526478,-102.45666162792939
759.1727214629327,-2.211690682605469e-05,-0.002399748811614232,-2.7413401887782114,548.8663741608148,-103.11110140735468
759.6591694943113,-2.278404078219729e-05,-0.0024106706277105933,-2.74251020762223,548.4182630681995,-103.30038460392484
760.1456175256899,-2.3416640570369728e-05,-0.0024219097739386023,-2.743685575058685,547.9699302088402,-103.48914180540459
761.8172921349202,-2.5333925471326123e-05,-0.002462710504996829,-2.7477679208772523,546.4275426874518,-104.13376033962824
763.4889667441504,-2.686939439556586e-05,-0.002506397176505805,-2.7519208844186527,544.8825140861406,-104.77202235495665
763.975414775529,-2.724745019926051e-05,-0.0025195602830343114,-2.7531433303369948,544.4324205068322,-104.95654187717278
764.4618628069076,-2.7595468123299814e-05,-0.0025329012680469806,-2.754372186582727,543.9821010839161,-105.14050938501522
766.1335374161379,-2.8569585221019655e-05,-0.002579891715000507,-2.7586454609558486,542.4328535911229,-105.76846176552715
767.8052120253681,-2.9216364792212912e-05,-0.0026282369678568354,-2.76299842046333,540.8809122669131,-106.38972617947162
768.2916600567467,-2.9346157698567803e-05,-0.0026424811568047037,-2.7642804001319665,540.4287969563854,-106.56923504293567
768.7781080881252,-2.945057524784864e-05,-0.002656783611210804,-2.7655692925115734,539.9764513099378,-106.74816250596089
770.4497826973555,-2.9623297815442457e-05,-0.00270619765658438,-2.770051863773452,538.4202062097702,-107.3585662810399
772.1214573065857,-2.9523968353519937e-05,-0.0027556730466535753,-2.774617090514504,536.8612158377291,-107.9619234751563
772.6079053379643,-2.94470178831232e-05,-0.0027700163975234197,-2.775961086546891,536.4070400100321,-108.13615321753969
773.0943533693429,-2.9349336161259588e-05,-0.002784318546394824,-2.7773120249015535,535.9526299108378,-108.30977083963505
774.7660279785732,-2.8862857552559927e-05,-0.0028330048318124367,-2.7820073319996568,534.389261514186,-108.90169176965937
776.4377025878034,-2.8158425081660173e-05,-0.0028806957093232377,-2.7867831947258472,532.8231077703424,-109.4862025659721
776.924150619182,-2.7915440784996474e-05,-0.0028943342529234328,-2.7881878368325648,532.3668407730197,-109.65488009892637
777.4105986505606,-2.765619791897738e-05,-0.0029078518507966345,-2.789599064379292,531.9103368585822,-109.82291518759612
779.0822732597909,-2.664829895247567e-05,-0.0029532647887990315,-2.7944982584303872,530.3397551643034,-110.39542178775461
780.7539478690211,-2.5473761990145398e-05,-0.002996853565437176,-2.799471843434752,528.7663667000546,-110.9601683876267
781.2403959003997,-2.510342712690724e-05,-0.0030091550557342066,-2.8009326649503237,528.307991605637,-111.12303014277207
781.7268439317783,-2.4721017541283204e-05,-0.00302127457517665,-2.8023994116772806,527.8493787445447,-111.28522095152069
783.3985185410086,-2.332125894902149e-05,-0.003061446722953951,-2.80748391691251,526.2715461633935,-111.83742974989104
785.0701931502388,-2.1802188466920055e-05,-0.0030991792045051013,-2.8126335377431317,524.6909087461795,-112.38155744234403
785.5566411816174,-2.134023762140285e-05,-0.003109672279796775,-2.814143694867014,524.230425994378,-112.53836084714767
786.0430892129959,-2.08700192486544e-05,-0.0031199396304914303,-2.8156588914326175,523.7697067204379,-112.69446775636756
787.7147638222262,-1.9196917204709793e-05,-0.0031534397722695123,-2.8209028145313346,522.1846483225227,-113.22557948439787
789.3864384314564,-1.744699440636976e-05,-0.003184078822189786,-2.826200347559159,520.5968127648773,-113.74832943219143
789.872886462835,-1.6925562197357673e-05,-0.003192438778312566,-2.8277512840774977,520.1342420511165,-113.89886182125335
790.3593344942136,-1.639923671020313e-05,-0.003200544770290343,-2.829306219571257,519.6714382691329,-114.04867596992673
792.0310091034439,-1.4558347586178266e-05,-0.0032264258021838894,-2.8346785546484106,518.0792462942022,-114.55800312005837
793.7026837126741,-1.267777553942509e-05,-0.0032491962980032204,-2.8400915544873504,516.4843309748647,-115.05873672837829
794.1891317440527,-1.2124994770451657e-05,-0.0032552285992648506,-2.8416735998222986,516.0197116299428,-115.20282184917711
794.6755797754313,-1.1570229308376743e-05,-0.0032609922630827282,-2.843258511777767,515.5548648424136,-115.34617138165576
796.3472543846616,-9.653045841635062e-06,-0.003278732601114673,-2.8487251051915936,513.9556983608484,-115.83315773398934
798.0189289938918,-7.727729676488659e-06,-0.0032932612346113126,-2.854218670215603,512.3538872667675,-116.31137325719946
798.5053770252704,-7.16754241547725e-06,-0.003296883762072317,-2.855821563244523,511.88727740422723,-116.4488755702624
798.991825056649,-6.607805095403586e-06,-0.0033002345100204794,-2.857426152828516,511.4204477379354,-116.58562970202388
800.6634996658793,-4.691348996980008e-06,-0.003309676280421849,-2.8629514070651187,509.8145284359777,-117.04986254882928
802.3351742751095,-2.7927248351819147e-06,-0.0033159292644216218,-2.868489779562934,508.20606571425316,-117.50520470378969
802.821622306488,-2.2448754728585656e-06,-0.003317154154768716,-2.870103114654399,507.7375404347829,-117.63603170765442
803.3080703378666,-1.6994439225204595e-06,-0.003318113618940562,-2.871716983889846,507.26880475687386,-117.7661028432319
804.979744947097,1.535709098328181e-07,-0.00331940036807825,-2.8772652927392572,505.6564098400754,-118.20731873257395
806.6514195563271,1.9681869211246845e-06,-0.0033176215745372595,-2.8828131903195984,504.0415918453268,-118.63958216708335
807.1378675877057,2.4880192574218516e-06,-0.0033165373435899838,-2.884426785375663,503.57124078211734,-118.76368499943895
807.6243156190843,3.0039094817489374e-06,-0.003315201566490187,-2.886039796520532,503.1006901879904,-118.88702915572648
809.2959902283146,4.74447453822058e-06,-0.003308717670818814,-2.891576714380496,501.4821433579734,-119.30511403661032
810.9676648375448,6.4311492720711645e-06,-0.0032993691602788257,-2.897100398924724,499.86130912159183,-119.7142415510813
811.4541128689234,6.911112614650876e-06,-0.0032961236399332823,-2.898704587859099,499.38923358988785,-119.83161412976007
811.940560900302,7.386023143873964e-06,-0.003292646127705836,-2.9003071476236837,498.91697052303687,-119.94822992923382
813.6122355095323,8.97792584769719e-06,-0.0032789595137964573,-2.9058003039489004,497.292631895748,-120.34321461251398
815.2839101187625,1.0505115780102765e-05,-0.0032626658459051655,-2.9112684016361836,495.66615284170166,-120.72929105408406
815.7703581501411,1.093688446171408e-05,-0.0032574502976897737,-2.912854255642143,495.1924628236785,-120.839968025751
816.2568061815197,1.1362865546507311e-05,-0.0032520262810162843,-2.9144375287713062,494.7185980545072,-120.94989452745828
817.92848079075,1.278160108870906e-05,-0.0032318355005857037,-2.9198573044102654,493.08885376733144,-121.32194638170475
819.6001553999802,1.4129022392277715e-05,-0.003209332663073009,-2.9252413951306764,491.4571233692275,-121.6851891254165
820.0866034313588,1.4507460651315541e-05,-0.003202367275011441,-2.926800878314139,490.9819345261038,-121.7892428867672
820.5730514627373,1.4879714261285586e-05,-0.003195219369662461,-2.928356936209535,490.5065841769651,-121.89255651915995
822.2447260719676,1.6111300299717414e-05,-0.0031693055891246547,-2.933676921763506,488.87183629202957,-122.24196830231875
823.9164006811978,1.7268701136362224e-05,-0.0031413950042364206,-2.9389519189049538,487.2352602223123,-122.58271520771919
824.4028487125764,1.7591497945140912e-05,-0.0031329158959871525,-2.9404779845253324,486.75869108331875,-122.68025225493963
824.889296743955,1.7908005615643156e-05,-0.0031242812874226096,-2.941999895213408,486.28197384462067,-122.77706310493981
826.5609713531853,1.8947671485524183e-05,-0.003093465647152097,-2.9471971535626738,484.6426310094903,-123.1042397946361
828.2326459624155,1.9913467985476544e-05,-0.0030609737666198733,-2.9523414971243875,483.0016181860195,-123.42293548069921
828.7190939937941,2.0180729409359664e-05,-0.00305122166454752,-2.953828131287425,482.5237876217607,-123.51409232827717
829.2055420251727,2.044184347950496e-05,-0.0030413409811342247,-2.955309997655715,482.04582226206327,-123.60454002562192
830.877216634403,2.129259605739048e-05,-0.0030064478971208726,-2.960365155069108,480.4022914467751,-123.9099844528744
832.5488912436332,2.207240735645571e-05,-0.002970191926991604,-2.9653608434488583,478.7572462433341,-124.20716566753343
833.0353392750119,2.2286227240720798e-05,-0.0029594026528343624,-2.9668030637947167,478.27827129153445,-124.29210455648241
833.5217873063905,2.2494237527064158e-05,-0.0029485106637327195,-2.9682400177059036,477.7991745254397,-124.37635397064619
835.1934619156208,2.316536851330571e-05,-0.0029103374701467204,-2.973137210145046,476.1518540238733,-124.66065198152181
836.865136524851,2.3770518643854668e-05,-0.0028710975131921294,-2.9779696977850967,474.50316978633236,-124.9369327538953
837.3515845562296,2.393454169306961e-05,-0.0028594943485114226,-2.979363515163553,474.0231638629208,-125.01583734239088
837.8380325876082,2.409324155252542e-05,-0.0028478125394412637,-2.9807516754672427,473.5430486061163,-125.09407428174268
839.5097071968385,2.4598838452071546e-05,-0.0028071055865250953,-2.985478377798067,471.8923223762581,-125.35788005240025
841.1813818060687,2.5044883027422863e-05,-0.0027656032161635863,-2.990136366509706,470.24037628067566,-125.61393721114804
841.6678298374472,2.5163881337415445e-05,-0.0027533911287965307,-2.9914787177339357,469.7594477800547,-125.68700840922655
842.1542778688258,2.5278143764262902e-05,-0.0027411221341910484,-2.9928151202594884,469.2784217924923,-125.75943548037225
843.8259524780561,2.5635655642103174e-05,-0.0026985592113065843,-2.9973618860321802,467.6246551182533,-126.00345749959448
845.4976270872863,2.5940980179946254e-05,-0.002655442265019033,-3.0018370373739605,465.969804324153,-126.2400170265523
845.9840751186649,2.6020451046795564e-05,-0.002642803921478156,-3.0031256969455695,465.488055590016,-126.30746910285498
846.4705231500435,2.609583230659383e-05,-0.0026301277308090503,-3.004408204330569,465.0062204864683,-126.37430185430343
848.1421977592738,2.632473062976352e-05,-0.002586306487464571,-3.0087683427853227,463.3497568747867,-126.5992899706578
849.813872368504,2.650925682466721e-05,-0.002542139688485241,-3.013054937551939,461.6923358666993,-126.81711454142066
850.3003203998826,2.6555056665621457e-05,-0.0025292331273928997,-3.014288415811511,461.2098624988807,-126.87917159580802
850.7867684312612,2.659743200099885e-05,-0.002516304936027317,-3.015515614558623,460.7273130909648,-126.94063503598815
852.4584430404915,2.6717996849508052e-05,-0.002471736821683324,-3.019684829758784,459.06847227121494,-127.14736885017084
854.1301176497217,2.680202349260932e-05,-0.0024269977021384335,-3.0237793986412864,457.4087912429233,-127.34724679825
854.6165656811003,2.6820040024381396e-05,-0.002413955507305584,-3.0249568331766223,456.9256816959792,-127.40413966102768
855.1030137124789,2.6835283202620134e-05,-0.0024009050471182655,-3.0261279246920134,456.4425056205778,-127.46046520780203
856.7746883217092,2.6867536182909994e-05,-0.00235601417959082,-3.0301039393644045,454.7815824865449,-127.64974397951076
858.4463629309394,2.6870732872056656e-05,-0.002311093681907222,-3.034004886347371,453.11992660259517,-127.83247981267127
858.932810962318,2.686660518953324e-05,-0.002298023468282465,-3.035125932736477,452.6362620272489,-127.88444340041336
859.4192589936965,2.6860311458846476e-05,-0.002284955628986784,-3.0362406243357576,452.1525396122259,-127.9358662888045
861.0909336029268,2.682310884521023e-05,-0.0022400819264824638,-3.0400228082771243,450.48980393687464,-128.1085004255652
862.762608212157,2.6763673377112186e-05,-0.002195288997691901,-3.043730045503073,448.82643330141195,-128.27490692543338
863.2490562435356,2.6742557743450866e-05,-0.0021822750075387236,-3.0447947726254054,448.34228757964746,-128.3221780558961
863.7355042749142,2.671981753548233e-05,-0.0021692715448431376,-3.0458531736419694,447.8580918978093,-128.36893520365814
865.4071788841445,2.66301107017549e-05,-0.0021246774126960394,-3.049442193575384,446.1937886541766,-128.52573930920292
867.0788534933747,2.652409499166641e-05,-0.0020802468727524155,-3.052956803366832,444.5289388243626,-128.67663116061934
867.5653015247533,2.6490482199457147e-05,-0.0020673524715258103,-3.0539655976220828,444.04437875173636,-128.719446805629
868.0517495561319,2.6455701654269032e-05,-0.0020544745910907373,-3.0549681248547755,443.5597758170707,-128.76177511315058
869.7234241653622,2.632796658204146e-05,-0.002010354435618177,-3.058365629511518,441.89412595122883,-128.90356249700665
871.3950987745924,2.6188771244409286e-05,-0.0019664573905399125,-3.061689566108589,440.22800884790286,-129.03975132332934
871.881546805971,2.614635052228474e-05,-0.001953728250367702,-3.062643047968165,439.7430944215808,-129.0783472591619
872.3679948373496,2.610312317866932e-05,-0.0019410198556398235,-3.063590343790486,439.2581434869217,-129.1164823013097
874.0396694465799,2.5948956840026085e-05,-0.0018975116988454472,-3.0667986948490693,437.5913450077936,-129.24406079014284
875.7113440558101,2.5786990907362908e-05,-0.0018542677771966195,-3.069934535284234,435.924150096479,-129.3663514154284
876.1977920871886,2.573856383440083e-05,-0.0018417355392324388,-3.0708334906909402,435.4389348736951,-129.40096121521108
876.6842401185672,2.5689587501735094e-05,-0.0018292269350106763,-3.0717263562359696,434.9536887952505,-129.4351362682287
878.3559147277975,2.5517465893398184e-05,-0.0017864254202406332,-3.0747484126459685,433.28591806824573,-129.5493051134402
880.0275893370277,2.533996560931366e-05,-0.0017439161324907845,-3.077699163104732,431.6178137064409,-129.65849283216863
880.5140373684063,2.5287403492816162e-05,-0.0017316023462824832,-3.078544491348935,431.1323452047958,-129.68934713419736
881.0004853997849,2.523444490094374e-05,-0.0017193141971312848,-3.07938383630041,430.6468508457134,-129.71979247062072
882.6721600090152,2.5049635499685878e-05,-0.001677284302960029,-3.082222796510077,428.9782640003643,-129.82134011545418
884.3438346182454,2.4860634295972533e-05,-0.0016355668536372674,-3.084991757565887,427.30939887015563,-129.9182087248023
884.830282649624,2.480488116912976e-05,-0.0016234870010517302,-3.085784436414788,426.8237189878331,-129.94553470423529
885.3167306810026,2.474878147087634e-05,-0.0016114343532374089,-3.0865712460876447,426.33801763961003,-129.97247708281148
886.9884052902329,2.455340146240441e-05,-0.001570225167340865,-3.089230549819848,424.6687520238276,-130.06217953516276
888.6600798994631,2.4353842157701182e-05,-0.001529346086455331,-3.091821241116402,422.9992565906275,-130.14749987304094
889.1465279308417,2.42949562619602e-05,-0.001517513508648348,-3.0925623091654892,422.5134020307921,-130.17152084196837
889.6329759622203,2.423567909497885e-05,-0.001505709695425442,-3.09329762875701,422.0275298374402,-130.19518311753626
891.3046505714506,2.402888994019052e-05,-0.0014653676393719102,-3.0957809172632493,420.3577054713649,-130.27380267093227
892.9763251806808,2.3816869412534445e-05,-0.001425375640074498,-3.098197059569192,418.68769342886935,-130.34833140417527
893.4627732120593,2.3754104663641242e-05,-0.0014138051980223372,-3.0988876150271802,418.20169611790357,-130.36926646630775
893.9492212434379,2.369081956857264e-05,-0.0014022654601503134,-3.0995725501679585,417.71568449307625,-130.38986724623967
895.6208958526682,2.3469147835411856e-05,-0.0013628463982025276,-3.101883681351442,416.0454054928877,-130.45815130007733
897.2925704618984,2.3240283981742823e-05,-0.0013238039107052694,-3.104129231444919,414.3749751704361,-130.52262972031602
897.779018493277,2.3172204139668705e-05,-0.0013125152224669294,-3.1047704458590237,413.88886266409986,-130.54069341118176
898.2654665246556,2.3103406530474166e-05,-0.001301259888629869,-3.105406177894695,413.4027386957001,-130.55844668999782
899.9371411338859,2.2861180507855787e-05,-0.0012628395980085819,-3.107549290341559,411.7320946516617,-130.61712644008233
901.6088157431161,2.2609090722883873e-05,-0.001224832474979538,-3.109628521904996,410.06133037267267,-130.67227904887108
902.0952637744947,2.253371727212029e-05,-0.001213852586203972,-3.1102216666850464,409.5751262476388,-130.68768090015652
902.5817118058733,2.245737765282413e-05,-0.0012029096713574324,-3.1108094804778736,409.0889130876699,-130.7027956119972
904.2533864151036,2.218726859001188e-05,-0.0011655921980435078,-3.1127890982798307,407.4179803909121,-130.75258441262804
905.9250610243338,2.190414838634241e-05,-0.0011287371343885128,-3.114706719908408,405.746953779879,-130.79911711130114
906.4115090557124,2.1819134673141415e-05,-0.0011181024926479248,-3.1152532029189794,405.2606780103928,-130.81206108850319
906.897957087091,2.1732877699157675e-05,-0.001107509586570144,-3.1157945243759873,404.77439524999727,-130.82474052797505
908.5696316963213,2.1426533712097295e-05,-0.0010714330604798738,-3.1176156926795575,403.1032383691474,-130.8663317662328
910.2413063055515,2.1103822993140675e-05,-0.0010358823217795354,-3.1193769922431858,401.43200960994665,-130.9049295086352
910.72775433693,2.1006654864559422e-05,-0.001025639940628375,-3.1198784012068965,400.9456789306501,-130.91561328420335
911.2142023683086,2.09079605792182e-05,-0.0010154452743599321,-3.120374841222663,400.45934296146487,-130.92605435937966
912.8858769775389,2.055671987702008e-05,-0.0009807848121629163,-3.1220432807161247,398.78801567351496,-130.96011872977647
914.5575515867691,2.0185842953286323e-05,-0.0009467279228159733,-3.1236542836836887,397.1166347238962,-130.99144254636744
915.0439996181477,2.0074057853587993e-05,-0.0009369356384475785,-3.124112432682188,396.6302629802648,-131.0000565856732
915.5304476495263,1.996048463850408e-05,-0.000927198233592219,-3.1245658337361815,396.14388734354134,-131.00844888241394
917.2021222587566,1.9556152964977297e-05,-0.0008941656186382326,-3.126088100810124,394.47243392379403,-131.0356310045596
918.8737968679868,1.9129316251128935e-05,-0.0008618277252288302,-3.1275557287745523,392.8009416904503,-131.060314363256
919.3602448993654,1.900073967583062e-05,-0.0008525534680698593,-3.1279727037555336,392.3145401779957,-131.06704081769718
919.846692930744,1.8870160308700424e-05,-0.000843342293636173,-3.128385185035204,391.82813590256967,-131.0735654716021
921.5183675399743,1.840583496242868e-05,-0.000812182192890723,-3.1297688231604317,390.15659227678753,-131.09447985378716
923.1900421492045,1.7916863686873383e-05,-0.000781818893024159,-3.1311010377323183,388.48502175305157,-131.11312438503774
923.6764901805831,1.7769853700220798e-05,-0.000773138919176396,-3.131479236643092,387.99859954565613,-131.11813580498625
924.1629382119617,1.762070230728222e-05,-0.0007645310037038538,-3.1318532332872837,387.51217547502785,-131.1229641958314
925.834612821192,1.7091622097854753e-05,-0.0007355135639686818,-3.133106900290456,385.8405703338115,-131.13819061208576
927.5062874304222,1.6536813909281737e-05,-0.0007074020785905976,-3.1343128168068444,384.1689476986168,-131.15136129163287
927.9927354618007,1.6370510530246114e-05,-0.0006993981326894465,-3.1346549797931775,383.68251196533583,-131.1548191913397
928.4791834931793,1.620203015869683e-05,-0.0006914756064797796,-3.134993271681691,383.1960750730765,-131.15811149433648
930.1508581024096,1.560642657511042e-05,-0.0006648853695323555,-3.1361268271222724,381.52443094486006,-131.16818991004803
931.8225327116398,1.4985395504240999e-05,-0.0006393120412152124,-3.1372167823090624,379.8527766179803,-131.17640986099605
932.3089807430184,1.4799963474503028e-05,-0.0006320674540923989,-3.137526007361712,379.3663329266117,-131.1784631874837
932.795428774397,1.4612449424961037e-05,-0.0006249135288099208,-3.1378317328359024,378.87988861829183,-131.18036683563798
934.4671033836273,1.3952371480700552e-05,-0.0006010347212897646,-3.1388562696727527,377.2082228939767,-131.18579208539734
936.1387779928575,1.3268858778001401e-05,-0.0005782789369544687,-3.1398418275780418,375.5365525394914,-131.18953722964818
936.6252260242361,1.3065721556166953e-05,-0.0005718736937952302,-3.140121567097856,375.0501051443912,-131.19032080746337
937.1116740556147,1.2860752459243564e-05,-0.0005655676180879455,-3.1403982171022466,374.5636575434365,-131.19096893910657
938.783348664845,1.2142845039174738e-05,-0.0005446659644517738,-3.141326022296376,372.89198344327923,-131.19218542802332
940.4550232740752,1.1405454659460502e-05,-0.0005249807030059845,-3.1422199034327982,371.220308911313,-131.1918792838193
940.9414713054538,1.1187496922773495e-05,-0.000519485555425621,-3.1424739373987145,370.73386102248537,-131.19151232671524
941.4279193368324,1.0968133271242006e-05,-0.0005140966297775052,-3.1427253257653245,370.2474132369683,-131.1910223113659
943.0995939460627,1.0204285429298104e-05,-0.0004963980731924246,-3.1435697554993793,368.575740709336,-131.18841907570783
944.7712685552929,9.427091404586267e-06,-0.00047998757688746816,-3.1443856756146,366.90407090570585,-131.18442806053972
945.2577165866714,9.198830297876144e-06,-0.00047545735809276804,-3.144618057568651,366.41762493618984,-131.18301285885025
945.74416461805,8.969781043650643e-06,-0.000471038167948427,-3.1448482637358826,365.9311793036006,-131.18148501199343
947.4158392272803,8.177665235164372e-06,-0.00045670501469829685,-3.1456235210666637,364.2595158457101,-131.17539153263357
949.0875138365105,7.3806826560096165e-06,-0.0004437000891612605,-3.1463759282113553,362.5878575201464,-131.16802118475482
949.5739618678891,7.148388888005119e-06,-0.00044016638415898145,-3.1465909009211903,362.10141530910795,-131.1656420922186
950.0604098992677,6.916127248926471e-06,-0.00043674541319016393,-3.146804182024672,361.6149736165787,-131.16315870427272
951.732084508498,6.119542398545435e-06,-0.00042585055401746723,-3.1475249871103883,359.94332500905335,-131.15384191448584
953.4037591177282,5.32898606085156e-06,-0.0004162822866574544,-3.1482286883515767,358.27168345466936,-131.14333449016152
953.8902071491068,5.100743430231012e-06,-0.0004137457102304257,-3.1484305668920367,357.785246464234,-131.14005734585726
954.3766551804854,4.873557401353018e-06,-0.0004113195914748607,-3.1486312370920366,357.29881014231864,-131.13668216205886
956.0483297897157,4.102545406440387e-06,-0.0004038197220200487,-3.1493123836397303,355.62718109159084,-131.1243451269239
957.7200043989459,3.3508586222158113e-06,-0.0003975925810085312,-3.149982056639993,353.9555607503783,-131.11087906009743
958.2064524303245,3.136556067129852e-06,-0.0003960149478818288,-3.1501750778083695,353.46913023480624,-131.10675118850457
958.6929004617031,2.924535209172519e-06,-0.00039454063874329917,-3.150367353905274,352.9827005234636,-131.1025294832316
960.3645750709334,2.2152876061502157e-06,-0.0003902494507779202,-3.151023149641181,351.3110952076452,-131.08731224674273
962.0362496801636,1.540982325653848e-06,-0.0003871146879254936,-3.1516727384903707,349.63950017779905,-131.07100396968343
962.5226977115422,1.3522563493804687e-06,-0.00038641132886226524,-3.151860876662794,349.153077323771,-131.06605490403007
963.0091457429207,1.1672275529497984e-06,-0.0003857984568353033,-3.152048690229849,348.6666554092892,-131.06101429465517
964.680820352151,5.618250739077573e-07,-0.00038436059567838735,-3.152692283053196,346.9950779228472,-131.04299739178612
966.3524949613812,9.151973277274547e-09,-0.00038389069729252517,-3.1533342812999465,345.32351236235354,-131.02390601019883
966.8389429927598,-1.4072390421235823e-07,-0.0003839231337795986,-3.153521031815934,344.8370983985037,-131.01814908167833
967.3253910241384,-2.8531250549972364e-07,-0.00038402672666732965,-3.1537078090419306,344.35068551936945,-131.0123012239865
968.9970656333687,-7.393541004443837e-07,-0.0003848932736932622,-3.154350403763361,342.67914020851515,-130.99151234093097
970.6687402425989,-1.1209477309210624e-06,-0.00038645827581365214,-3.1549950308642734,341.00760862454626,-130.96964763750142
971.1551882739775,-1.2172376892297734e-06,-0.00038702750543102106,-3.1551831630099216,340.5212048966686,-130.96308256622686
971.6416363053561,-1.3065007094526583e-06,-0.00038764136434778457,-3.155371574447185,340.03480241453633,-130.95642586622236
973.3133109145864,-1.5569257346888835e-06,-0.00039004778364207655,-3.156021548647408,338.36329408786526,-130.9328501033943
974.9849855238166,-1.7135957682433376e-06,-0.00039279446817302993,-3.15667583000404,336.69180149258887,-130.90818430870647
975.4714335551952,-1.7403554606783738e-06,-0.0003936351705809006,-3.156867112878907,336.20540949805263,-130.90080092079532
975.9578815865738,-1.7582324442842498e-06,-0.0003944862017481531,-3.157058796533628,335.71901892696803,-130.89332438564446
977.6295561958041,-1.7490220607105549e-06,-0.0003974338818078311,-3.15772072855539,334.04755291468126,-130.86691853172954
979.3012308050343,-1.6236222641893363e-06,-0.00040026904965740457,-3.158387494097159,332.37610481573677,-130.8394022473847
979.7876788364129,-1.564039639163528e-06,-0.0004010450726845869,-3.1585824000985485,331.88972618688,-130.83118542528044
980.2741268677914,-1.4936472598109608e-06,-0.0004017889422681939,-3.158777662772754,331.4033491700775,-130.82287375813627
981.9458014770217,-1.166308633093883e-06,-0.0004040316190188368,-3.1594512900914444,329.7319311916219,-130.79358491600195
983.6174760862519,-6.998061766576539e-07,-0.00040561077377824367,-3.16012811183948,328.0605333719335,-130.76316749827026
984.1039241176305,-5.36637910825651e-07,-0.000405912295367693,-3.1603255041332465,327.5741697943089,-130.7541034473944
984.5903721490091,-3.6071630301728773e-07,-0.00040613080618809836,-3.1605230075802546,327.08780801408193,-130.7449434660338
986.2620467582394,3.440987184881801e-07,-0.0004061672581305548,-3.161202139596893,325.4164438016115,-130.71273227978722
987.9337213674696,1.2108759683100248e-06,-0.00040489011462499063,-3.1618802345972377,323.7451018325375,-130.679386890748
988.4201693988482,1.4947723949959732e-06,-0.00040423289514671524,-3.1620770467000465,323.25875488124126,-130.66947077419215
988.9066174302268,1.79331594510699e-06,-0.00040343350050657707,-3.162273486919423,322.77240988499466,-130.65945920115843
990.5782920394571,2.9338625922775505e-06,-0.0003995079452241112,-3.1629449023324394,321.1011045041343,-130.62432781628056
992.2499666486873,4.258154696952087e-06,-0.00039352218576299184,-3.1636080334988526,319.4298229345035,-130.58808122184152
992.7364146800659,4.679195218732421e-06,-0.0003913493216704176,-3.1637989508871573,318.9434938124098,-130.57732617576684
993.2228627114445,5.116651462632295e-06,-0.0003889671852748403,-3.163988740673036,318.457166739116,-130.5664788078121
994.8945373206748,6.747835262804737e-06,-0.0003790787626517185,-3.1646311056920156,316.7859235567413,-130.5285035526521
996.566211929905,8.582584866651676e-06,-0.00036629338359420535,-3.165254519101711,315.11470473651866,-130.4894705932627
997.0526599612836,9.155751646334542e-06,-0.00036197994290903336,-3.165431674481397,314.6283939046594,-130.47791808915483
997.5391079926621,9.746893176747301e-06,-0.00035738291994719866,-3.1656066410408545,314.1420851032019,-130.46628030645252
999.2107826018924,1.1917750418965641e-05,-0.0003393055046525924,-3.166189490415375,312.4709043838546,-130.4256489147177
1000.8824572111226,1.4308999934025212e-05,-0.0003174149103426163,-3.166738933036474,310.7997469250939,-130.3840713970322
1001.3689052425012,1.5047069646332115e-05,-0.00031027576803720127,-3.1668916284269812,310.3134536306939,-130.37180286369602
1001.8553532738798,1.580437438307989e-05,-0.00030277261625396646,-3.1670407393736126,309.82716217804733,-130.35946138535056
1003.5270278831101,1.8555364291087985e-05,-0.00027408594383769314,-3.1675235670605963,308.1560393568573,-130.31651438885422
1005.1987024923403,2.153950204433065e-05,-0.00024060563777541602,-3.1679544332678495,306.4849363170365,-130.27280394917437
1005.6851505237189,2.245223867790146e-05,-0.00022990673022817843,-3.168068903227991,305.998658051969,-130.25995350870645
1006.1715985550975,2.3385080088602963e-05,-0.0002187587564674439,-3.1681780353798925,305.5123812079476,-130.24704924194762
1007.8432731643278,2.674529519721419e-05,-0.00017689145808360556,-3.168509545131228,303.84130499906337,-130.2023249562554
1009.514947773558,3.034627037397482e-05,-0.0001292057371747289,-3.168766203128295,302.17024200287,-130.15710923561045
1010.0013958049366,3.14396184967759e-05,-0.00011417881506396859,-3.1688254341106803,301.683973967309,-130.1438773455497
1010.4878438363152,3.2553462582454294e-05,-9.861501816377354e-05,-3.168877200112464,301.1977066464225,-130.13061911374106
1012.1595184455455,3.653789903028867e-05,-4.089962427672268e-05,-3.168994767733606,299.52665731052014,-130.08490142409696
1013.8311930547757,4.07645613898871e-05,2.3678912305461383e-05,-3.169010117525531,297.8556110128625,-130.0390726786727
1014.3176410861544,4.203988941674152e-05,4.381813766907868e-05,-3.1689937383078335,297.3693457174721,-130.02574040967713
1014.804089117533,4.333554646545969e-05,6.458255638394864e-05,-3.1689673859665484,296.8830801188816,-130.01241928150108
1016.4757637267633,4.794261353890198e-05,0.0001408432749756606,-3.1687967838223368,295.2120284356521,-129.9667872219395
1018.1474383359935,5.278637239228319e-05,0.00022500334643643543,-3.168492095997361,293.5409659731282,-129.9215522811925
1018.633886367372,5.42398239609606e-05,0.00025103400039734727,-3.1683763532022295,293.05469318834116,-129.90849589889274
1019.1203343987506,5.571281684138957e-05,0.00027777612482629316,-3.168247751377072,292.56841880188296,-129.8954997808187
1020.7920090079809,6.092230299667849e-05,0.000375232968719495,-3.1677031812020076,290.8973265710759,-129.85137769619416
1022.4636836172111,6.635532760045826e-05,0.000481585220119894,-3.166988259782074,289.2262069456928,-129.80830798506307
1022.9501316485897,6.797734611321441e-05,0.0005142576162203044,-3.1667460904603333,288.7399142961837,-129.79601344931783
1023.4365796799683,6.96174563814517e-05,0.0005477229420720553,-3.1664878131785357,288.2536185933072,-129.78384154880263
1025.1082542891986,7.53891429358264e-05,0.0006688966688664375,-3.165472284770986,286.58244180952306,-129.74304844811098
1026.7799288984288,8.136324924500942e-05,0.0007998879675084629,-3.1642459874282554,284.91122048172303,-129.70412861909415
1027.2663769298074,8.313830601645221e-05,0.0008398983412586421,-3.1638471975229994,284.42489508283575,-129.6932055663621
1027.752824961186,8.492932707817966e-05,0.000880775385046836,-3.1634287147344664,283.9385653004837,-129.68248228667315
1029.4244995704162,9.120233002749311e-05,0.00102796865088514,-3.161834796267945,282.26726149046436,-129.64727884345433
1031.0961741796464,9.764864680831396e-05,0.0011857931986432168,-3.1599859325342456,280.5958998022853,-129.61495242248913
1031.582622211025,9.955521042437963e-05,0.0012337577637112583,-3.159397486234256,280.10953143449325,-129.60614715763586
1032.0690702424035,0.00010147494881772136,0.0012826521145603894,-3.1587854657469205,279.62315795866243,-129.59763494655618
1033.7407448516337,0.0001081679875431233,0.0014578604654809733,-3.156496417648866,277.9516995024896,-129.57076647465914
1035.412419460864,0.00011499767443265509,0.001644371614930592,-3.153905030898592,276.28018086904416,-129.54797680432904
1035.8988674922427,0.0001170085116020833,0.001700801164799079,-3.1530914513097743,275.79376727503154,-129.54218379429386
1036.3853155236213,0.00011902913033781766,0.0017582102430826025,-3.1522501717290488,275.30734921718806,-129.53679443556516
1038.0569901328515,0.00012604205784876607,0.0019630368781974033,-3.149141458569664,273.63574475360423,-129.52152805730663
1039.7286647420817,0.00013314834987810154,0.002179664883716023,-3.1456804778994325,271.96409980568296,-129.51175271511596
1040.2151127734603,0.00013523121162609383,0.002244941542268758,-3.1446043533114727,271.47765475828095,-129.51002404709905
1040.701560804839,0.00013731994930114074,0.0023112316853805557,-3.143496221499715,270.99120837768623,-129.50882785410985
1042.373235414069,0.0001445364360368648,0.0025468115546951296,-3.139437373461471,269.31953456815705,-129.5089819806642
1044.0449100232993,0.00015179751586413183,0.002794492314223098,-3.1349745981617865,267.6478775484795,-129.51625875655984
1044.531358054678,0.00015391598226687392,0.0028688497174771577,-3.133597181509065,267.16144236111893,-129.51981099646466
1045.0178060860567,0.00015603599658916176,0.0029442367656261023,-3.1321833415875346,266.67501300406906,-129.5240433405185
1046.6894806952869,0.00016332633682603447,0.003211172930789821,-3.1270401172595914,265.00345894743316,-129.54400748726306
1048.361155304517,0.0001706079681453418,0.0034902888933819832,-3.1214404821930026,263.33203760578357,-129.57294989263818
1048.8476033358957,0.00017272217652258593,0.00357379580648322,-3.119722368445706,262.845696725391,-129.58316774244562
1049.3340513672742,0.00017483326044476135,0.0036583290725052814,-3.1179633870784933,262.35937491353053,-129.59423230822748
1051.0057259765044,0.00018205677460277411,0.003956640215957394,-3.1116001862088396,260.6883013129017,-129.63897510552974
1052.6774005857346,0.0001892146885732959,0.004266971893532973,-3.104728258964182,259.0175622617696,-129.69477517598344
1053.1638486171134,0.0001912820390371439,0.004359518848970676,-3.1026301266802974,258.5314634829068,-129.7132112571995
1053.650296648492,0.00019334133344924055,0.0044530681050566154,-3.100486741034613,258.04540567293293,-129.7326793418298
1055.3219712577222,0.00020034890611051023,0.004782146505081423,-3.0927692214804354,256.37542041008635,-129.8077423021448
1056.9936458669524,0.00020723149269274486,0.005122834818368993,-3.0844918859218793,254.7060913437674,-129.8961581025748
1057.480093898331,0.00020920746305215133,0.005224124016630104,-3.081975289606606,254.22047099814512,-129.92452808061492
1057.9665419297096,0.00021117028219511138,0.005326369790836374,-3.0794092045217774,253.73492534033218,-129.95413313680706
1059.6382165389398,0.00021780725575260387,0.005684951100095207,-3.070207055699418,252.06697636274612,-130.0656073165506
1061.30989114817,0.00022425845009178618,0.006054471988331141,-3.0603963318988177,250.40016566426794,-130.19293210610692
1061.7963391795488,0.00022609741642253927,0.006164010815188807,-3.057424530161826,249.91537885919334,-130.23310423550748
1062.2827872109274,0.00022791805574026556,0.006274438300927478,-3.0543992493755057,249.43071599020095,-130.27473072317358
1063.9544618201576,0.00023402687158189124,0.006660583527237016,-3.0435890694116265,247.7662013241413,-130.42921294423368
1065.6261364293878,0.00023988858161165755,0.00705673416562572,-3.0321250173807845,246.10351435325288,-130.602222482873
1066.1125844607664,0.0002415444837214774,0.007173831926083829,-3.0286638218831525,245.6200699477078,-130.65620051559185
1066.599032492145,0.00024317686988169768,0.00729172803725277,-3.025145498505894,245.1368184562438,-130.71186598942214
1068.2707071013751,0.0002485991978219293,0.00770281575651289,-3.012613726272384,243.47771170263312,-130.9163908232714
1069.9423817106053,0.0002537133101111761,0.00812271022557465,-2.999387388126401,241.82138145750457,-131.1422648631776
1070.4288297419841,0.0002551402191707396,0.008246477503278012,-2.9954060208074904,241.33998097169513,-131.21216314104572
1070.9152777733627,0.00025653847323669414,0.008370930511650665,-2.9913643147998497,240.85886667066436,-131.2839923843523
1072.586952382593,0.0002611171248303617,0.008803657685871045,-2.977010176654422,239.20785451314987,-131.54593573525432
1074.2586269918231,0.00026532741947612657,0.009243730989226592,-2.961926519310349,237.56088239183475,-131.83214945144485
1074.7450750232017,0.0002664801022434792,0.009373081417022682,-2.957398467170275,237.08246144826992,-131.920158938277
1075.2315230545803,0.00026759910824099525,0.00950298300093213,-2.9528073991906347,236.60444897822885,-132.01034889777043
1076.9031976638105,0.0002711800433471086,0.0099533741521224,-2.936545834299318,234.9650750584523,-132.33729891631197
1078.5748722730407,0.0002743343116099257,0.010409394837542586,-2.919526656581614,233.33137515408305,-132.69148008504635
1079.0613203044195,0.0002751688730452439,0.010543049444271969,-2.9144305133843798,232.85714536097993,-132.79982414466826
1079.547768335798,0.00027596493485713063,0.010677099353908145,-2.9092693042836197,232.3834799542883,-132.91059848898342
1081.2194429450283,0.0002783996363382805,0.011140525098114378,-2.8910338307179755,230.76028702211224,-133.3101899261748
1082.8911175542585,0.000280352268566714,0.011607617939502867,-2.8720205950058504,229.14482486837193,-133.7399382909513
1083.377565585637,0.0002808269508767896,0.01174411258059387,-2.866340877807434,228.6763133139706,-133.87081725365647
1083.8640136170156,0.00028125861322104344,0.011880826465173492,-2.8605947614188394,228.20855980409246,-134.0043696399597
1085.5356882262458,0.00028240709343767793,0.012352033563886323,-2.840340238380208,226.60721947893796,-134.48407885594136
1087.207362835476,0.00028302240466452055,0.012824714905285164,-2.8192967781719336,225.01613360316068,-134.99674556764296
1087.6938108668548,0.0002830986210155795,0.012962411618322114,-2.8130247036702416,224.55521639286724,-135.1522696177594
1088.1802588982334,0.00028312773564935056,0.013100132895155879,-2.806685697471854,224.0952918226359,-135.31069527325877
1089.8519335074636,0.00028286246238054286,0.013573289153512738,-2.784390927190751,222.52270885180047,-135.87759516769034
1091.5236081166938,0.00028201906131204355,0.014045518740499797,-2.761305968152852,220.96340118028343,-136.48002265435588
1092.0100561480724,0.00028166275741268657,0.01418262223642035,-2.754440169449931,220.51232680959748,-136.6621333713444
1092.496504179451,0.00028125588532333835,0.01431953925510269,-2.7475077830934582,220.06252237182528,-136.84734943323275
1094.1681787886812,0.0002794669299747409,0.014788297921132747,-2.723177878758584,218.52689830154364,-137.50782672859683
1095.8398533979114,0.0002770633613182959,0.015253552319198883,-2.698067291461738,217.00807779902112,-138.2060529629369
1096.3263014292902,0.0002762467470237158,0.015388133159238595,-2.690614449797281,216.5694757397549,-138.41643498414243
1096.8127494606688,0.00027537692765248665,0.015522303227167524,-2.683096305317936,216.1324634026832,-138.63009121419535
1098.484424069899,0.0002719783097877978,0.01597989230127107,-2.6567647291529513,214.64330355882913,-139.38953283443507
1100.1560986791292,0.0002679397508198002,0.016431265105536826,-2.62967340874155,213.17496697860898,-140.1884686887814
1100.6425467105078,0.00026664330404636496,0.01656129099357388,-2.6216487680979252,212.75183681729294,-140.42845440823857
1101.1289947418863,0.00026529207953690363,0.016690672643413427,-2.6135610990348486,212.3306560013572,-140.67183737409647
1102.8006693511165,0.00026022885511643853,0.017130013372491697,-2.585291253064921,210.89870415502116,-141.53429794366315
1104.4723439603467,0.0002545143493643458,0.017560345672632656,-2.5562945019343517,209.49203898109494,-142.43739187133147
1104.9587919917255,0.00025272893730046584,0.01768372170318065,-2.5477222294308457,209.08771594676557,-142.70786374259035
1105.4452400231041,0.00025088847917396304,0.01780621597030435,-2.539090221385223,208.68573618676308,-142.98179922356954
1107.1169146323343,0.0002441440668042702,0.018220072604665422,-2.5089764596481876,207.32282378522075,-143.94966749968495
1108.7885892415645,0.00023675384382026586,0.018622114983510733,-2.478180739079113,205.9900218522169,-144.9585775725775
1109.2750372729433,0.00023448284528422187,0.018736733080290578,-2.469094091812129,205.60811573790653,-145.25987425140795
1109.761485304322,0.00023215806883881588,0.018850233965943358,-2.4599520250006464,205.2289725120458,-145.56463427990397
1111.4331599135521,0.0002237614464423488,0.019231395003253476,-2.4281199512283362,203.94777427033102,-146.63832185504972
1113.1048345227823,0.00021474390031640104,0.019598000628883692,-2.3956628661839914,202.70175043771243,-147.75262034720603
1113.591282554161,0.00021200517471800767,0.01970179790674985,-2.38610412519115,202.3460568179156,-148.08445432037564
1114.0777305855395,0.00020921567054063062,0.01980425167760164,-2.3764952798403627,201.9935597037913,-148.41967663133397
1115.7494051947697,0.00019924765351347172,0.020145740626559574,-2.3431011977333807,200.80725476419664,-149.59735649220238
1117.4210798039999,0.00018870489439735743,0.020470085903670335,-2.309150586541559,199.66127333054956,-150.81429564961144
1117.9075278353787,0.0001855322288273433,0.020561110559957324,-2.2991707218008766,199.3356585537234,-151.17569082493014
1118.3939758667573,0.00018231362462275505,0.020650582311333612,-2.289147011030537,199.01367351342742,-151.54031922837962
1120.0656504759875,0.00017091081610618396,0.020945891053124846,-2.254376412435699,197.93552092982384,-152.817743588303
1121.7373250852177,0.0001590013731445661,0.021221714545476018,-2.2191284402136953,196.902742629823,-154.1321118178732
1122.2237731165962,0.00015544501264327986,0.021298196130558913,-2.2087864803585764,196.61100711192873,-154.5213694677538
1122.7102211479748,0.0001518493892160879,0.02137294028638794,-2.1984077857865696,196.32331778646451,-154.91362345629236
1124.381895757205,0.00013920470904217586,0.021616272287444668,-2.162472805010042,195.3661658431698,-156.28404861092517
1126.0535703664352,0.00012614276054807673,0.021838117729284755,-2.1261490115734736,194.45913911150475,-157.68814308430257
1126.540018397814,0.00012226895824075996,0.021898537512302675,-2.1155111085614378,194.2048665937935,-158.1028432853374
1127.0264664291926,0.00011836430459973521,0.021957067951307866,-2.1048443109198733,193.9550226036551,-158.52022379994548
1128.6981410384228,0.00010472447508466399,0.022143576827553843,-2.0679801345845332,193.13078194518576,-159.97446390184672
1130.369815647653,9.077631801988422e-05,0.02230702663545714,-2.0308234497259052,192.3609120091886,-161.4581980609005
1130.8562636790316,8.666611267905366e-05,0.022350184362233856,-2.0199616464021473,192.14731516736475,-161.8952412802768
1131.3427117104102,8.253500231610241e-05,0.02239134054624376,-2.0090793609121085,191.9384780601908,-162.3345769340178
1133.0143863196404,6.819514838005593e-05,0.02251735193038746,-1.9715396397350422,191.25759699081283,-163.86119857738382
1134.6860609288706,5.367223541008958e-05,0.022619238737236685,-1.9338094327482882,190.63463344874037,-165.41235161475328
1135.1725089602494,4.941908569119169e-05,0.022644311869716917,-1.9228001567184556,190.46440802643653,-165.8680415311631
1135.658956991628,4.515614513407053e-05,0.022667316877728483,-1.9117791986346286,190.299207163088,-166.32557592940168
1137.3306316008582,3.0449696411125022e-05,0.022730517607655997,-1.8738305647913343,189.77019202713112,-167.91123217125755
1139.0023062100884,1.5696249662330394e-05,0.02276909465795815,-1.8357968612825415,189.30177823344528,-169.51583343940092
1139.488754241467,1.140197708797644e-05,0.022775683879552783,-1.8247191900883806,189.17697826494393,-169.98599785516433
1139.9752022728455,7.109639882741047e-06,0.02278018791045933,-1.813638818425528,189.0573891495015,-170.4575143804172
1141.6468768820757,-7.607697712724177e-06,0.022779758711201015,-1.7755546989333835,188.68641201724088,-172.0874019464053
1143.318551491306,-2.2232405241781324e-05,0.022754804336033906,-1.737491795979667,188.37773664840068,-173.73022833152254
1143.8049995226847,-2.6462989069411345e-05,0.022742958249667898,-1.7264255686757648,188.29968204190496,-174.2103707361947
1144.2914475540633,-3.067990746849699e-05,0.022729060729429953,-1.7153655864712631,188.2269381143017,-174.69134690703643
1145.9631221632935,-4.504883527973548e-05,0.022665731930016215,-1.677419605827806,188.01756739968724,-176.3497561141118
1147.6347967725237,-5.918883437721509e-05,0.0225785743059776,-1.6395994073509064,187.87114976672288,-178.01490714212642
1148.1212448039023,-6.325313363379478e-05,0.022548790902656386,-1.6286232799241085,187.84037456021946,-178.5003778602608
1148.607692835281,-6.729259820472697e-05,0.02251703943186282,-1.6176620895328695,187.81492034572292,-178.98615786644697
1150.279367444511,-8.096759259753902e-05,0.022393068552796668,-1.5801214027231403,187.767998051536,-180.65707379463473
1151.9510420537413,-9.428739247583733e-05,0.02224653441764829,-1.542806814095376,187.78362519646836,-182.32858008977837
1152.43749008512,-9.809006070376029e-05,0.02219974077613322,-1.531996355825445,187.79987060805118,-182.81475367393494
1152.9239381164987,-0.00010185789623935915,0.022151108352599824,-1.5212090657838444,187.82135983152716,-183.30072560082021
1154.5956127257289,-0.00011452509332401901,0.021970182740669152,-1.4843279489171677,187.93503377613726,-184.96843334500323
1156.267287334959,-0.000126728296980005,0.021768469520018707,-1.4477666558609554,188.10985138848451,-186.6308507302636
1156.7537353663377,-0.00013018680356315454,0.021705978690672107,-1.4371925816929962,188.17210305711842,-187.11329575120018
1157.2401833977162,-0.00013360229570640782,0.021641817888916146,-1.426649260799629,188.23944058883288,-187.59505970310198
1158.9118580069464,-0.0001449994580983111,0.02140887593588487,-1.390663294503468,188.50934368562545,-189.24470708469707
1160.5835326161766,-0.0001558495230849032,0.021157338920286373,-1.3550822738025878,188.83808688075635,-190.88365158243718
1161.0699806475554,-0.0001589002836246156,0.021080781410152242,-1.3448089166394068,188.94465114469617,-191.35828027843544
1161.556428678934,-0.00016190228551837978,0.021002752947332802,-1.3345731001799765,189.05607315807896,-191.8317951137101
1163.2281032881642,-0.00017183875871539886,0.02072371627764511,-1.299694316413648,189.4756269966985,-193.44987284109368
1164.8997778973944,-0.00018117615717306917,0.020428569787024054,-1.2652954563523864,189.9509633422299,-195.05246052301018
1165.386225928773,-0.00018377877590726742,0.020339801443582346,-1.255379589029666,190.09957369355368,-195.5156486613066
1165.8726739601516,-0.00018632960323470305,0.020249780134266118,-1.2455071456687343,190.25275683797076,-195.97734809194952
1167.5443485693818,-0.00019469685860078198,0.019931217784474594,-1.2119204922147948,190.81356563964937,-197.55205886289528
1169.216023178612,-0.0002024451972701681,0.019599185420002177,-1.1788776300932213,191.42651357033398,-199.1072273755566
1169.7024712099908,-0.00020458341346647502,0.01950018410089867,-1.1693677142871994,191.61445613408824,-199.55589863400968
1170.1889192413694,-0.0002066694197739665,0.019400155150551827,-1.1599061448920567,191.8066444221893,-200.00277147224153
1171.8605938505996,-0.00021344018864407875,0.019048926911743473,-1.127767462045088,192.49893971722497,-201.5242737941799
1173.5322684598298,-0.00021960110630387628,0.01868688988692182,-1.0962249529135466,193.23932211720177,-203.0229770174421
1174.0187164912084,-0.00022128054513782447,0.01857965507923276,-1.0871608326620208,193.46356847526332,-203.45465045655638
1174.505164522587,-0.00022290955279246765,0.01847161484508288,-1.0781490120094481,193.69170625142996,-203.8842840372393
1176.1768391318171,-0.00022812668216333295,0.01809454140049401,-1.0475845069088012,194.50480296303505,-205.34481086725756
1177.8485137410473,-0.00023276570611183031,0.017709229815280794,-1.0176572316565422,195.36169818107197,-206.78009180494587
1178.3349617724261,-0.00023400931015156136,0.01759569748738133,-1.0090702309028936,195.61903496152638,-207.192894790742
1178.8214098038047,-0.0002352058864754447,0.017481570542417526,-1.0005385459173375,195.8798955750339,-207.60348429748836
1180.493084413035,-0.0002389652466594796,0.017085166704460236,-0.9716455637496624,196.80262562939262,-208.9973485053064
1182.1647590222651,-0.00024219400517429566,0.01668292193620535,-0.9434201218803375,197.7647851192599,-210.36430600693353
1182.6512070536437,-0.00024303684705203292,0.0165649010377098,-0.9353334637603472,198.0519320231063,-210.7569577095525
1183.1376550850223,-0.00024383713182108327,0.01644647915222296,-0.9273042630930096,198.342234171224,-211.14728676387656
1184.8093296942525,-0.0002462701840706274,0.016036763224646627,-0.9001530458665468,199.36333237539557,-212.47079339985996
1186.4810043034827,-0.0002482298210593437,0.015623375723537359,-0.8736898091913351,200.41954341286768,-213.76646463796095
1186.9674523348615,-0.0002487144956545087,0.015502506122361885,-0.8661192622248308,200.73325411651882,-214.1382367603632
1187.45390036624,-0.00024916170546390823,0.015381408393680275,-0.8586075225062393,201.04976060956633,-214.5076360274855
1189.1255749754703,-0.0002504210496217744,0.014963781255850194,-0.8332436355508264,202.15818715903896,-215.75892514952378
1190.7972495847005,-0.0002512695407098525,0.014544392310689557,-0.8085793578621392,203.2975685884459,-216.98210806308884
1191.283697616079,-0.00025144284847272664,0.01442212004378756,-0.8015340243213641,203.63471166811618,-217.33276985789547
1191.7701456474576,-0.0002515841270681052,0.014299769718519975,-0.7945481503737196,203.97430804359735,-217.6810607165634
1193.4418202566878,-0.00025183404703706385,0.01387894592851042,-0.7709953106437618,205.15950089131286,-218.8599047500897
1195.113494865918,-0.0002517386825519766,0.0134579929552618,-0.7481460593346927,206.3717281234788,-220.01094379724074
1195.5999428972968,-0.00025164977151132423,0.013335556507834826,-0.7416292443343065,206.7293474219267,-220.340697998325
1196.0863909286754,-0.0002515344562395377,0.013213168154426367,-0.7351719448597704,207.08910004765153,-220.66812781788755
1197.7580655379056,-0.0002509457235795205,0.012793137715941216,-0.7134350737555294,208.34115746299838,-221.77570520027223
1199.4297401471358,-0.0002500787595283512,0.01237432400307147,-0.6923993398857484,209.6166192331214,-222.85626090696508
1199.9161881785144,-0.00024977795666246313,0.012252746800073265,-0.6864094652341851,209.99197476203025,-223.16567627606622
1200.402636209893,-0.00024945644161655957,0.012131319378384034,-0.680478670230161,210.36916967192906,-223.47285088047556
1202.0743108191232,-0.0002482025724026209,0.011715328007205511,-0.6605470693251834,211.6789683019163,-224.51151419846278
1203.7459854283534,-0.000246737640941372,0.011301609111055112,-0.6413089712136607,213.00886189343856,-225.5243331735828
1204.2324334597322,-0.00024627541773059465,0.011181696672717952,-0.6358405114052726,213.39945344436052,-225.8142782160804
1204.7188814911108,-0.0002457981256822183,0.011062011196701168,-0.6304303094224936,213.7916181692862,-226.1020959554617
1206.390556100341,-0.0002440518398807489,0.01065255609555528,-0.6122808875976403,215.15087496576277,-227.07514873643711
1208.0622307095712,-0.0002421603612493672,0.01024614157362776,-0.5948134000394535,216.52724900509423,-228.02384672873632
1208.5486787409498,-0.0002415862739810491,0.010128483150423214,-0.5898578209011182,216.93082522525637,-228.29542794233328
1209.0351267723283,-0.00024100258562872724,0.01001110484373019,-0.5849593967583431,217.33573641514118,-228.56501860509516
1210.7068013815585,-0.00023893204766656782,0.009609946124041606,-0.5685598821494013,218.7370242696701,-229.47651088479714
1212.3784759907887,-0.00023677932095638704,0.009212317366513418,-0.5528280239123762,220.1527791612265,-230.3653775207757
1212.8649240221675,-0.00023614084010538402,0.009097292367927315,-0.548374704017545,220.5673350424628,-230.61988442105502
1213.3513720535461,-0.00023549791087245446,0.008982577666249093,-0.5439772569314513,220.98301483049565,-230.87255511251792
1215.0230466627763,-0.00023326253929676236,0.008590766878409511,-0.5292893233277699,222.41974202004099,-231.72710420888447
1216.6947212720065,-0.00023100335930794155,0.00820271280443506,-0.5152532298681506,223.86859797608855,-232.56093454785977
1217.181169303385,-0.00023034455779959265,0.008090502578666916,-0.5112903428780977,224.29236360845604,-232.79979273439503
1217.6676173347637,-0.00022968598704009,0.007978611552348894,-0.5073819628979679,224.717067544879,-233.03698188557678
1219.3392919439939,-0.00022743175485601463,0.007596539390188316,-0.49436419240972446,226.1834304851777,-233.83962164466107
1221.010966553224,-0.00022520551221670278,0.007218212176027506,-0.48198199208661613,227.65987225020154,-234.62357675003832
1221.497414584603,-0.00022456560115370898,0.007108817781709322,-0.4784973255499091,228.09129540310772,-234.84830946541518
1221.9838626159815,-0.0002239299553958346,0.006999732620147784,-0.47506580352232075,228.52349448126614,-235.07154934366432
1223.6555372252117,-0.00022178418934431287,0.006627198018160233,-0.4636763979610156,230.01441212845273,-235.82760855061161
1225.3272118344419,-0.0002197095427379103,0.006258190994513039,-0.4529068005533406,231.51361820306496,-236.56710492936926
1225.8136598658205,-0.00021912130994344847,0.006151457551845065,-0.44988848396150527,231.95134289950704,-236.77930292215837
1226.300107897199,-0.00021854056145502744,0.0060450076658281615,-0.44692202756589317,232.38970179170607,-236.9901903923109
1227.9717825064292,-0.0002166066625467699,0.0056813098395059785,-0.43712117222195673,233.90073859348175,-237.70519903603926
1229.6434571156594,-0.00021477653860630844,0.005320758123896173,-0.4279256716630172,235.41850127241523,-238.4058249983064
1230.1299051470382,-0.00021426497342975125,0.005216405645020848,-0.4253627851240692,235.86134408271926,-238.6071240141512
1230.6163531784168,-0.00021376317022708688,0.0051122991480075375,-0.42285061243533184,236.3046972626592,-238.8072988283252
1232.288027787647,-0.00021211641567082687,0.004756350482781706,-0.41460239588835684,237.83198004240228,-239.4869194129277
1233.9597023968772,-0.00021059442181802193,0.004403050375685107,-0.406946995923541,239.36462107225847,-240.1543750922992
1234.4461504282558,-0.00021017579241766073,0.004300709584091279,-0.4048300342895761,239.81154641894017,-240.3464399696523
1234.9325984596344,-0.00020976818393377328,0.004198569548422298,-0.4027628204355574,240.25887341524935,-240.53756953131634
1236.6042730688646,-0.00020845311605522502,0.003849023176216371,-0.3960366329301376,241.79900611167287,-241.18754959935188
1238.2759476780948,-0.00020727150890692252,0.003501563618135383,-0.3898930289827892,243.3432913619991,-241.8276065195835
1238.7623957094736,-0.00020695287424319871,0.0034008147918830234,-0.38821420416748437,243.7933867275766,-242.01212064937795
1239.2488437408522,-0.00020664547196862698,0.0033002183191529286,-0.38658436475156205,244.24378735872293,-242.19588999376947
1240.9205183500824,-0.0002056747244489749,0.0029556037953162887,-0.3813557262096785,245.79376623615698,-242.8220314280883
1242.5921929593126,-0.0002048337469837915,0.002612503578807675,-0.37670190530270886,247.34682155189142,-243.44050704926642
1243.0786409906912,-0.00020461285807886533,0.002512916644296261,-0.37545527764339554,247.79927314190454,-243.61916585156385
1243.5650890220697,-0.00020440237513980584,0.002413434998974896,-0.37425708064294677,248.2519432512234,-243.7972714890615
1245.2367636313,-0.0002037567764962203,0.002072296241252509,-0.37050787619814546,249.80907412104915,-244.4054119088812
1246.9084382405301,-0.00020322522470104525,0.0017321413897799795,-0.3673281223673048,251.36830355491128,-245.00815444426956
1247.394886271909,-0.00020309077299425921,0.0016333156819585183,-0.3665095591094961,251.82237270692082,-245.18266149214608
1247.8813343032875,-0.0002029649132119189,0.0015345539215920996,-0.3657390640964376,252.27658066441117,-245.35680774626414
1249.5530089125177,-0.00020259475912857717,0.0011955841493594733,-0.36345718890982165,253.8383988651986,-245.95280931718042
1251.224683521748,-0.000202311687712961,0.0008571603673672004,-0.3617415045257324,255.40140581046765,-246.545688193698
1251.7111315531265,-0.00020224388304243752,0.0007587626004943492,-0.3613484700476913,255.85640626427883,-246.71775265154997
1252.197579584505,-0.00020218195191206345,0.0006603972576761844,-0.36100330005583764,256.31147033607556,-246.88964916573713
1253.8692541937353,-0.0002020093816254369,0.0003225660403102915,-0.3601817370175842,257.8756637252968,-247.4793903288401
1255.5409288029655,-0.0002018868981691824,-1.5018560130435813e-05,-0.3599247117159803,259.4401750897722,-248.06828790564026
1256.0273768343443,-0.00020185835825905617,-0.0001132194916651577,-0.359955900215226,259.8954511450715,-248.2396220289587
1256.5138248657229,-0.0002018321901286781,-0.00021140604963189346,-0.360034857646776,260.3507177519672,-248.41098120041644
1258.185499474953,-0.00020175463306344217,-0.0005487383220697184,-0.36067023218728794,261.91505276079954,-249.00034714423694
1259.8571740841833,-0.00020168174224547246,-0.0008859448445543599,-0.3618694114160059,263.47884623030035,-249.59114766629372
1260.3436221155619,-0.000201658684946605,-0.0009840475692189732,-0.3623242386396929,263.93375181097485,-249.76346322324204
1260.8300701469404,-0.00020163386284000772,-0.0010821374280193274,-0.36282678243555283,264.3885746992342,-249.93599643875953
1262.5017447561706,-0.00020152845560368138,-0.0014191221182606796,-0.3649174585232472,265.95082557412996,-250.53086456506276
1264.1734193654008,-0.0002013757807642536,-0.001755891093875463,-0.36757128305898495,267.5116601840376,-251.12943679586502
1264.6598673967796,-0.0002013194469222552,-0.0018538371429247706,-0.36844925915354015,267.9655388956381,-251.30443941438165
1265.1463154281582,-0.00020125674970382623,-0.0019517529174084421,-0.3693748658626944,268.4192593182284,-251.47985110994333
1266.8179900373884,-0.00020098545193378365,-0.002287976384951334,-0.3729186650145229,269.97714098708815,-252.0860682743134
1268.4896646466186,-0.00020061056995964065,-0.0026236597513585474,-0.3770240689633926,271.5326916176357,-252.69823882146412
1268.9761126779972,-0.00020047881660514453,-0.002721215458418432,-0.3783240788705738,271.98485801468433,-252.8776194388794
1269.4625607093758,-0.0002003358270326965,-0.002818702970426473,-0.37967151445253533,272.4367861575224,-253.05759818149846
1271.134235318606,-0.00019975108892884716,-0.0031531330992106755,-0.38466315284320923,273.9878916725627,-253.6809471229513
1272.8059099278362,-0.00019900441020566592,-0.0034864503801428515,-0.3902129194289839,275.5356886609605,-254.31246214565357
1273.292357959215,-0.0001987534602203298,-0.0035831959935828726,-0.3919324404743456,275.9854111193701,-254.49788494243865
1273.7788059905936,-0.00019848633618210423,-0.0036798142408317547,-0.39369897282163974,276.4348091899698,-254.68409094114617
1275.4504805998238,-0.00019743731995064723,-0.004010772618433168,-0.4001273220923182,277.9765533563248,-255.33024406185453
1277.122155209054,-0.0001961685287040383,-0.004339793686079493,-0.40710730680361357,279.513929110656,-255.986717846628
1277.6086032404326,-0.00019575488798904457,-0.0044351203933583145,-0.4092415961113186,279.9604149065729,-256.17980428804543
1278.0950512718111,-0.0001953202950035695,-0.004530239510154845,-0.4114221812669434,280.40648250995457,-256.37385298790434
1279.7667258810413,-0.00019365966473248807,-0.004855401683547551,-0.419267468962357,281.9360540283708,-257.048312530824
1281.4384004902715,-0.0001917247301387209,-0.0051775585496950495,-0.42765381005900555,283.4600992448804,-257.73516237068833
1281.9248485216503,-0.00019110726760478847,-0.005270674128328105,-0.4301950974821199,283.9024826469907,-257.93747126851014
1282.411296553029,-0.0001904644807730261,-0.005363482053535638,-0.4327815755882935,284.3443452773174,-258.140912975545
1284.0829711622591,-0.0001880557608852672,-0.005679908322576401,-0.44201265171851356,285.85867040702595,-258.8489377024174
1285.7546457714893,-0.00018532451044821733,-0.005992038412675071,-0.4517690987017551,287.3662031212661,-259.5713056390029
1286.241093802868,-0.0001844667032502608,-0.0060819822185878706,-0.45470582404327586,287.8035374746136,-259.78430948584645
1286.7275418342465,-0.00018357986621993883,-0.006171500778751374,-0.4576861641404284,288.2402391156657,-259.99860531702404
1288.3992164434767,-0.0001803053432398567,-0.006475699937816215,-0.46825797091642124,289.73596037395,-260.74512502396783
1290.0708910527069,-0.00017666955569039342,-0.006774123201553983,-0.4793334719939896,291.22351148430016,-261.507788313316
1290.5573390840857,-0.0001755418756138172,-0.006859791164832766,-0.4826496082921922,291.6547663600626,-261.73284653276306
1291.0437871154643,-0.00017438240261676471,-0.0069449022308354326,-0.4860072440577601,292.0852672730004,-261.9593413807241
1292.7154617246945,-0.0001701514558495937,-0.007232930431316298,-0.4978586358681747,293.5587408893047,-262.74886198417255
1294.3871363339247,-0.0001655332408564464,-0.00751356217228331,-0.5101853348712914,295.02255983380013,-263.55613558984095
1294.8735843653035,-0.00016411558904207623,-0.007593742265276734,-0.5138598420986601,295.4466242988652,-263.794465772615
1295.360032396682,-0.0001626645864460713,-0.007673224394515917,-0.5175731430726271,295.86980503944557,-264.03435940435344
1297.0317070059123,-0.0001574218949029555,-0.007940820003482176,-0.5306252110410836,297.3171206301573,-264.87086281989116
1298.7033816151425,-0.00015178161054046926,-0.008199319215201296,-0.5441170086864334,298.7532044365112,-265.7264987308956
1299.189829646521,-0.00015006554606488386,-0.008272737079609047,-0.5481234627783288,299.16889732085275,-265.9791473596118
1299.6762776778996,-0.00014831600680971754,-0.00834531221179498,-0.5521653858029517,299.58356983325734,-266.2334651979816
1301.3479522871298,-0.00014204875861105937,-0.00858806422577725,-0.5663204384011419,301.00059494204896,-267.1203096827151
1303.01962689636,-0.0001353916419717605,-0.008820013573489495,-0.5808722641059875,302.4047428115181,-268.02739923187653
1303.5060749277388,-0.00013338219042283354,-0.008885386928162072,-0.5851787025350468,302.8108304977075,-268.29521377986464
1303.9925229591174,-0.00013134073922563266,-0.00894977565127022,-0.5895166639323652,303.21575675829394,-268.56477928995145
1305.6641975683476,-0.00012408414636204366,-0.009163319806521193,-0.6046579969106131,304.59820746725967,-269.5046071144112
1307.3358721775778,-0.0001164649899986398,-0.009364430255634137,-0.6201459136757183,305.96610138053745,-270.4654935053716
1307.8223202089564,-0.00011418182980156222,-0.009420529841316926,-0.6247149309309412,306.361323110665,-270.7490980597921
1308.308768240335,-0.00011186983042936089,-0.009475512887601543,-0.6293109316626603,306.7552412478082,-271.03450890923415
1309.9804428495652,-0.00010371025906223066,-0.009655746687129325,-0.6453034889657605,308.09877805070334,-272.0291689265754
1311.6521174587954,-9.523542108855573e-05,-0.009822076826789818,-0.661585717337668,309.4260876835086,-273.04537762621453
1312.1385654901742,-9.271324397865784e-05,-0.009867790766496232,-0.6663748321152583,309.80918770725845,-273.34515426385497
1312.6250135215528,-9.016704898021694e-05,-0.009912273514666047,-0.6711858561875986,310.1908448397343,-273.64676447959624
1314.296688130783,-8.124203084537524e-05,-0.01005557830093253,-0.6878778390280694,311.49119053656705,-274.69725714334027
1315.9683627400132,-7.206804321630253e-05,-0.010183755263005082,-0.7047967364413237,312.7736982473688,-275.76945145202035
1316.4548107713917,-6.935586855504088e-05,-0.010218152795045603,-0.709759036895519,313.14346338915726,-276.08552943105195
1316.9412588027703,-6.662600752312598e-05,-0.010251228633142302,-0.7147377273670243,313.5116536773183,-276.403439580173
1318.6129334120005,-5.712041762858262e-05,-0.01035468368125557,-0.7319631505521692,314.7647274770608,-277.50989105828063
1320.2846080212307,-4.744850594935582e-05,-0.010442109458144156,-0.7493481190515856,315.9984666004705,-278.63785890044846
1320.7710560526095,-4.46077637276519e-05,-0.010464499115424393,-0.7544331730659382,316.3537671044095,-278.9701132922761
1321.2575040839881,-4.175687482361494e-05,-0.010485506647935034,-0.7595287702063821,316.70737279975526,-279.30417024464015
1322.9291786932183,-3.1894655469766195e-05,-0.010547077346476572,-0.7771108935424348,317.9094324841158,-280.465840427788
1324.6008533024485,-2.1960637595245416e-05,-0.010592101611451616,-0.7947821129254781,319.09083003669593,-281.648516205976
1325.087301333827,-1.9061883010760386e-05,-0.010602078188251254,-0.7999371074305817,319.4306609775212,-281.9965768883666
1325.5737493652057,-1.6161286305966995e-05,-0.010610646583286146,-0.8050966103318047,319.7686937101359,-282.3463839893696
1327.2454239744359,-6.192587825958602e-06,-0.010629326775605952,-0.8228520905201747,320.91647604437077,-283.56171049041166
1328.917098583666,3.7473281459255512e-06,-0.010631366605283655,-0.8406248892758822,322.0424896512647,-284.79723287988304
1329.403546615045,6.628736511969468e-06,-0.010628841425223802,-0.8457959378886627,322.3660098989853,-285.16050390650526
1329.8899946464235,9.50342395473633e-06,-0.01062491858809835,-0.8509654262447622,322.68764917843123,-285.5254414659341
1331.5616692556537,1.931754705925048e-05,-0.010600810904233822,-0.8687089531533148,323.7784981457786,-286.79211843253563
1333.2333438648839,2.9002163124215288e-05,-0.010560405446778477,-0.8863985575717134,324.8467368658459,-288.0779216149463
1333.7197918962624,3.179051254061592e-05,-0.010545617427259136,-0.8915320976010429,325.1533026471048,-288.45560998491425
1334.206239927641,3.4563806755804855e-05,-0.01052947891518512,-0.896658133578346,325.45792864901165,-288.83486499680316
1335.8779145368712,4.396646003802701e-05,-0.01046380908914017,-0.9142072703173345,326.4899017361964,-290.1499521874989
1337.5495891461014,5.31444319107099e-05,-0.010382608883447674,-0.9316336476048662,327.4987215904404,-291.4828847712189
1338.0360371774802,5.57679385195393e-05,-0.01035611678494195,-0.9366778439478639,327.7879121037199,-291.8740367117904
1338.5224852088588,5.836876431686914e-05,-0.010328355972922787,-0.9417088718180635,328.07513026524146,-292.2666398289216
1340.194159818089,6.712185911512073e-05,-0.010223423229918354,-0.9588888179862436,329.0470748465512,-293.62669451522794
1341.8658344273192,7.556629173473647e-05,-0.010104116151950919,-0.9758813361468743,329.9956420621614,-295.003157817388
1342.3522824586978,7.796134274630902e-05,-0.01006677244995641,-0.9807874120120403,330.2672753132164,-295.4067000117548
1342.8387304900764,8.032725693424103e-05,-0.010028272359655073,-0.9856750757050105,330.53693099776325,-295.811567148885
1344.5104050993066,8.822588378448073e-05,-0.009887336916717449,-1.002323080441032,331.44852559864194,-297.21278943117846
1346.1820797085368,9.574807291468772e-05,-0.009733512180515755,-1.018724713623413,332.33684358523584,-298.6288852400181
1346.6685277399156,9.786302862259784e-05,-0.009686419228038364,-1.0234481296139555,332.5909815269261,-299.04366806151216
1347.1549757712942,9.994390450645776e-05,-0.009638306897988018,-1.0281484301835648,332.8431639530128,-299.4596436683428
1348.8266503805244,0.00010682779660729564,-0.009465420166364202,-1.0441175914983247,333.69492249420864,-300.8980249424752
1350.4983249897546,0.00011328650815763884,-0.009281381188868029,-1.0597884209904251,334.52382199888444,-302.3497024912691
1350.9847730211332,0.00011508393034116889,-0.009225834028236101,-1.0642898336782605,334.76076506729095,-302.7745422812071
1351.4712210525117,0.0001168439706300045,-0.009169422304667992,-1.068764060045657,334.9958007040692,-303.2004413417342
1353.142895661742,0.00012260276075709152,-0.00896922047057772,-1.0839263024804586,335.78904125878563,-304.6719060147681
1354.8145702709721,0.00012790698733381505,-0.008759771754424816,-1.09874614370351,336.56013645568123,-306.1550987268837
1355.301018302351,0.0001293639852557416,-0.008697195442814944,-1.1029921025964053,336.78040852057865,-306.5888164801316
1355.7874663337295,0.00013078188084372056,-0.008633920170041224,-1.107207498224848,336.99884505871984,-307.02346265854044
1357.4591409429597,0.0001353542052487643,-0.008411408748743864,-1.1214556304934555,337.7356275838301,-308.52399473229514
1359.13081555219,0.00013946027309902419,-0.008181643603455434,-1.1353257331357065,338.45124345035043,-310.03473919325484
1359.6172635835685,0.0001405673309838138,-0.008113532514687659,-1.139289109013244,338.65556888276467,-310.4761936297999
1360.103711614947,0.00014163495464862704,-0.00804489241648619,-1.1432192710058013,338.8581515412851,-310.9184516218016
1361.7753862241773,0.00014500314788339717,-0.007805245121246017,-1.1564681377183659,339.54119101811904,-312.4442001219856
1363.4470608334075,0.00014790850305534245,-0.007560354160215195,-1.169312009280825,340.20426890487204,-313.97873228916075
1363.9335088647863,0.0001486675680116057,-0.007488218284819957,-1.1729721745066444,340.3935438366716,-314.4268460591561
1364.4199568961649,0.0001493880359988479,-0.007415722181646519,-1.1765972080684277,340.5811861034365,-314.87564698513205
1366.091631505395,0.00015157136011587994,-0.00716410683222036,-1.1887840294556264,341.2137484151855,-316.42300692191
1367.7633061146253,0.00015330776247896594,-0.0069092152291782265,-1.2005474934369045,341.82773721850197,-317.9778332936713
1368.2497541460039,0.00015373028263024398,-0.006834534956927463,-1.203890288728073,342.0029971463116,-318.4316118429694
1368.7362021773824,0.0001541159943382197,-0.006759657496472958,-1.2071967521652587,342.1767480986091,-318.8859712922847
1370.4078767866126,0.0001551639874926978,-0.006501091104906597,-1.2182807755666412,342.7625359340232,-320.4516394216592
1372.0795513958428,0.00015579100028839622,-0.00624112468088162,-1.2289313898970842,343.3312759606284,-322.0235833252794
1372.5659994272216,0.00015589605842385195,-0.006165313865454697,-1.2319489139536426,343.4936617070531,-322.4821266240916
1373.0524474586002,0.00015596684872883627,-0.006089459489290361,-1.2349295905380835,343.6546719002441,-322.9411556194992
1374.7241220678304,0.0001559530868960352,-0.005828691219248057,-1.2448911772026015,344.19770729804367,-324.5221624071185
1376.3957966770606,0.0001555520358604571,-0.005568269665275573,-1.2544171339694212,344.72531306126365,-326.10838747692304
1376.8822447084392,0.00015536463336358994,-0.005492646433157778,-1.257107390622062,344.87603683140117,-326.5708953271206
1377.3686927398178,0.00015514607053595907,-0.005417121016212089,-1.2597609217192194,345.02552445752946,-327.03380497142535
1379.040367349048,0.00015416247096653723,-0.005158540935048075,-1.2686001849360256,345.5300335500339,-328.6275257018743
1380.7120419582782,0.00015283097924249895,-0.00490189589355072,-1.2770088037750353,346.0207805916564,-330.22553992303443
1381.198489989657,0.00015238048831179034,-0.004827660503049466,-1.2793752386203274,346.1610935171963,-330.69131189447967
1381.6849380210356,0.00015190235078778867,-0.004753649959327071,-1.2817056497116213,346.3003121853111,-331.1574127768332
1383.3566126302658,0.00015005408622351528,-0.004501221073406815,-1.28944075029036,346.77061647271836,-332.7615616857432
1385.028287239496,0.0001479012301031286,-0.00425213647341506,-1.2967566671888047,347.2288360590471,-334.36920609055267
1385.5147352708746,0.0001472200315417179,-0.004180355453644995,-1.2988076224932348,347.3599982597758,-334.83763730350563
1386.0011833022531,0.0001465149614139422,-0.004108910534340281,-1.3008237705009635,347.4902073880217,-335.3063348918623
1387.6728579114833,0.00014391599207239322,-0.003866121434024048,-1.3074889643386902,347.93062464552435,-336.91894658149744
1389.3445325207135,0.0001410580610126928,-0.003627893414630745,-1.3137521061236044,348.36060899046583,-338.53437288038197
1389.8309805520923,0.00014018034973948274,-0.0035594892159413138,-1.315500219429457,348.48386284367064,-339.0049468749047
1390.317428583471,0.00013928268111205845,-0.0034915157354812264,-1.3172151864057249,348.6063013181845,-339.4757341310104
1391.9891031927011,0.00013605185529145866,-0.0032613512748942103,-1.3228587074613622,349.02105812459985,-341.0951364625992
1393.6607778019313,0.00013260866413216635,-0.0030367652066706197,-1.3281221310607254,349.4269777439165,-342.71677768197304
1394.14722583331,0.00013156941861228028,-0.0029725106544528125,-1.3295836997328092,349.5435247603643,-343.1890575299352
1394.6336738646885,0.00013051416205100549,-0.0029087644409214256,-1.331014154804509,349.65938823035225,-343.66150588781437
1396.3053484739187,0.00012677189228123671,-0.002693692048482093,-1.3356960061395842,350.05254517431365,-345.28628814557715
1397.9770230831489,0.00012286372703574136,-0.0024850141750250494,-1.3400236711945817,350.43837912032683,-346.9128258507269
1398.4634711145277,0.00012169787349064872,-0.0024255309741485183,-1.3412180020795614,350.54936059168244,-347.3864445068638
1398.9499191459063,0.00012051991001539922,-0.002366616772580361,-1.342383550448467,350.6597825429543,-347.860194190387
1400.6215937551365,0.00011638559548801683,-0.002168585548284304,-1.3461732649421871,351.0351724341083,-349.4891737022135
1402.2932683643667,0.0001121309336573426,-0.0019775661433758425,-1.3496377964066328,351.404651511646,-351.1195047204281
1402.7797163957453,0.00011087273864656511,-0.0019233264880660801,-1.3505865560893542,351.51113292050684,-351.5941554082098
1403.2661644271238,0.00010960623011698696,-0.001869699863041106,-1.351509090116444,351.6171695027287,-352.06890585968955
1404.937839036354,0.0001051963986927622,-0.001690149184296931,-1.3544835089273257,351.97834839220496,-353.7010955421886
1406.6095136455842,0.0001007102716387465,-0.0015180340795091746,-1.357163992357574,352.33491100943115,-355.3343003665042
1407.095961676963,9.93928993559743e-05,-0.0014693645037884779,-1.35789056946424,352.43787007681925,-355.8097275791946
1407.5824097083416,9.807086458567955e-05,-0.0014213359030203706,-1.3585936328804666,352.5404885493281,-356.28522855533066
1409.2540843175718,9.349780561798122e-05,-0.001261210898369526,-1.360834736637185,352.8906990277718,-357.9198071121679
1410.925758926802,8.88905507672687e-05,-0.0011087591424761812,-1.3628145770768836,353.2374590614258,-359.5551214379105
1411.4122069581806,8.754571874163107e-05,-0.0010658460408797391,-1.3633434649484293,353.3377772374078,-360.03111292664966
1411.8986549895592,8.619969039423837e-05,-0.0010235864856601743,-1.363851638248254,353.4378478336626,-360.50715661141936
1413.5703295987894,8.157031179451166e-05,-0.0008833588265601583,-1.3654444568544297,353.7799938834562,-362.1434424203128
1415.2420042080196,7.694644138182256e-05,-0.0007508653781736112,-1.3668093249852113,354.1197197882,-363.78023260400846
1415.7284522393984,7.560408515912152e-05,-0.0007137619634296915,-1.3671655313014386,354.2181769544213,-364.25661253864587
1416.214900270777,7.426377508297068e-05,-0.0006773101719058024,-1.3675038447963133,354.31646793096417,-364.7330268398358
1417.8865748800072,6.967840255731975e-05,-0.0005570038189317172,-1.3685344675804492,354.6531005095416,-366.37045596141144
1419.5582494892374,6.513530241056208e-05,-0.00044432738395138994,-1.3693703546590785,354.98820482335367,-368.00819863307413
1420.044697520616,6.382317392034003e-05,-0.0004129622044233389,-1.369578844350281,355.08547695671905,-368.484821967655
1420.5311455519945,6.251605391152273e-05,-0.00038223331132435827,-1.3697722252888087,355.18265257406534,-368.9614650139123
1422.2028201612247,5.806688027753302e-05,-0.00028145609166836503,-1.370325934322827,355.51596504768906,-370.59957327240323
1423.874494770455,5.3693044552809795e-05,-0.000188053472373352,-1.3707173406036446,355.8485033920404,-372.2378388992266
1424.3609428018337,5.243614981683678e-05,-0.00016224097951502448,-1.3708025197067042,355.94516292320486,-372.7145868577051
1424.8473908332123,5.118687286979674e-05,-0.00013703738078074584,-1.3708752813619003,356.0417840902346,-373.1913426010321
1426.5190654424425,4.695577753812823e-05,-5.502053825727593e-05,-1.371034837294755,356.3736165789185,-374.82975133586774
1428.1907400516727,4.2828380817620355e-05,2.0009964798656136e-05,-1.3710631271975822,356.7052951833729,-376.4681912368854
1428.6771880830513,4.1648236278020686e-05,4.05560038879097e-05,-1.3710483781660923,356.8018137609161,-376.94496775766663
1429.16363611443,4.04778785519845e-05,6.053088066049318e-05,-1.3710237617629484,356.89834105023704,-377.4217425137178
1430.83531072366,3.653381130072493e-05,0.00012488250584647998,-1.3708678825902374,357.23019264956235,-379.0601473853139
1432.5069853328903,3.271621424355872e-05,0.00018274664245758481,-1.3706098509246032,357.56238331620295,-380.6984835317912
1432.993433364269,3.16301699802514e-05,0.0001983965268469136,-1.3705171328595094,357.65913665040057,-381.17521247109624
1433.4798813956477,3.055558774788817e-05,0.00021352129011146265,-1.3704169159372948,357.7559353537898,-381.6519321950825
1435.1515560048779,2.6952626556361995e-05,0.00026156884955006224,-1.3700189955132487,358.08898305773187,-383.29009433954866
1436.823230614108,2.349288509372486e-05,0.00030371313863890775,-1.3695456893776297,358.4227443315714,-384.9281112306605
1437.3096786454867,2.251378268062096e-05,0.0003149023883369539,-1.3693952153143654,358.52001874822525,-385.40473411907675
1437.7961266768652,2.1547302922714662e-05,0.00032561867891035107,-1.369239398175972,358.6173655984059,-385.88134221259145
1439.4678012860954,1.8323879797484625e-05,0.000358923058440923,-1.3686664999240725,358.9524886091495,-387.51908105366783
1441.1394758953256,1.5254379207022176e-05,0.0003869675775748216,-1.3680423239740709,359.2885918037962,-389.15661900109643
1441.6259239267044,1.4390514472294245e-05,0.0003941772945504364,-1.367852321703608,359.3865921099118,-389.6330931655122
1442.112371958083,1.3539932496702505e-05,0.00040097013484685737,-1.3676588977559054,359.48468326874774,-390.1095486294976
1443.7840465673132,1.0719038770144059e-05,0.00042122455638151523,-1.3669710383450697,359.8224913105088,-391.7467357387006
1445.4557211765434,8.057015352222151e-06,0.0004368961512287023,-1.366253150629535,360.16145000183593,-393.38368499566326
1445.942169207922,7.3123469157214225e-06,0.00044063377373347573,-1.3660397078120317,360.2603082603822,-393.8599818914883
1446.4286172393006,6.581153829842591e-06,0.000444012426189692,-1.3658245179881932,360.3592681715883,-394.3362576745042
1448.1002918485308,4.171294997454151e-06,0.00045297763166882117,-1.365074237506519,360.70013243776975,-395.97281119525445
1449.771966457761,1.9200246839228717e-06,0.0004580468915261615,-1.364312226495165,361.0422340783005,-397.60910650028325
1450.2584144891398,1.2945572772821407e-06,0.0004588282469011849,-1.3640892163182052,361.14201890573923,-398.0852101394846
1450.7448625205184,6.82344208485835e-07,0.00045930845660608054,-1.36386588340006,361.24190962870466,-398.5612915715507
1452.4165371297486,-1.3209615490846735e-06,0.00045875325622310464,-1.3630980845571694,361.5859950700548,-400.19717086690696
1454.0882117389788,-3.1705039878043494e-06,0.00045497770158865,-1.3623339055208785,361.9313334760427,-401.8327861182537
1454.5746597703574,-3.680208177366768e-06,0.000453311008459226,-1.3621129858071321,362.03205950876634,-402.3086915209799
1455.061107801736,-4.1772321213643135e-06,0.00045139925421157145,-1.3618929212412387,362.13289018404527,-402.78457476535687
1456.7327824109661,-5.789592641614595e-06,0.000443048386017648,-1.3611449499627732,362.48018797276956,-404.41977509145
1458.4044570201963,-7.256774799862161e-06,0.0004321235211718813,-1.3604130900610554,362.8286955778587,-406.0547180054109
1458.8909050515751,-7.657013169191228e-06,0.00042849576915633084,-1.3602037664129925,362.93033279738046,-406.5304296416992
1459.3773530829537,-8.045427812951794e-06,0.00042467592793040413,-1.3599962400044678,363.03206893909856,-407.00612013505486
1461.049027692184,-9.291508330087262e-06,0.00041016645017253337,-1.3592981729838995,363.3824281042334,-408.6406672676299
1462.7207023014141,-1.040392803773821e-05,0.00039368564994384257,-1.3586260087937518,363.7339070428374,-410.27497398975436
1463.2071503327927,-1.0703235475175756e-05,0.00038855159373736884,-1.3584357509388398,363.8363897002014,-410.75050420947605
1463.6935983641713,-1.099179002616161e-05,0.0003832742356566232,-1.3582480124751595,363.9389620617871,-411.22601509161046
1465.3652729734015,-1.1903171113793303e-05,0.0003641210515878159,-1.3576231133516408,364.2921194703552,-412.8599599311822
1467.0369475826317,-1.2694518360671705e-05,0.0003435446636573996,-1.3570314216864945,364.64627073699796,-414.4936896554499
1467.5233956140105,-1.2903050351155355e-05,0.00033731850300224746,-1.3568658215283944,364.7495056706331,-414.96905712738146
1468.009843645389,-1.3102044398199558e-05,0.0003309928710154972,-1.3567032628072766,364.85281848418214,-415.44440768338086
1469.6815182546193,-1.3715122933395665e-05,0.0003085634440404842,-1.3561685672453747,365.20842652838445,-417.0778209310119
1471.3531928638495,-1.4223122776274267e-05,0.00028519697793567866,-1.3556721495993056,365.56487664460195,-418.71105063624333
1471.839640895228,-1.4352064361773456e-05,0.0002782466531957331,-1.355535109488742,365.6687508394942,-419.1862788306428
1472.3260889266066,-1.4472765688689898e-05,0.0002712352433796865,-1.3554014553002744,365.7726892825426,-419.6614929808154
1473.9977635358368,-1.482678702534609e-05,0.00024673311515244494,-1.354968446003109,366.13034081505276,-421.2944600119237
1475.669438145067,-1.5091300079151176e-05,0.00022171399280746827,-1.3545768284145414,366.48866561343027,-422.9272794489878
1476.1558861764458,-1.51523292175002e-05,0.00021435792024626478,-1.3544707686984716,366.59305290039,-423.40239520313077
1476.6423342078244,-1.5206439685761017e-05,0.00020697347708013318,-1.3543682859070407,366.6974896943361,-423.87750008030895
1478.3140088170546,-1.5341722251289914e-05,0.00018142988220188003,-1.3540436209966478,367.0567399235188,-425.5101161521942
1479.9856834262848,-1.54030559003099e-05,0.00015572194815681453,-1.3537617940260465,367.41648522192565,-427.1426232149109
1480.4721314576636,-1.5407867090898092e-05,0.00014822794554614118,-1.353687869861142,367.52125206202095,-427.6176554193097
1480.9585794890422,-1.5407058179309538e-05,0.00014073261608448992,-1.353617584695354,367.62605315213295,-428.09268007071364
1482.6302540982724,-1.5363452144910463e-05,0.00011500526652567669,-1.3534038464491183,367.98643836125837,-429.7250459866799
1484.3019287075026,-1.5260917313673663e-05,8.940006695409052e-05,-1.3532330138623858,368.3471374448701,-431.357342580138
1484.7883767388812,-1.5220822537526612e-05,8.198617081725719e-05,-1.3531913324695986,368.45214778463935,-431.8323210165362
1485.2748247702598,-1.517634086077584e-05,7.459251479922509e-05,-1.3531532473426662,368.5571770914375,-432.3072952603403
1486.94649937949,-1.4991945803494631e-05,4.9370484404102066e-05,-1.3530496826092848,368.91823017751125,-433.93951358614646
1488.6181739887202,-1.4762678486252607e-05,2.4494208453121138e-05,-1.352987991909244,369.279418129242,-435.57170207527076
1489.104622020099,-1.4688281969527943e-05,1.7331055397850357e-05,-1.3529778228045375,369.3845373464777,-436.0466564279532
1489.5910700514776,-1.461063686846048e-05,1.0204581658493212e-05,-1.3529711253595098,369.4896606117235,-436.52160988493057
1491.2627446607078,-1.4320789275120059e-05,-1.3981855175392877e-05,-1.352974353781307,369.85092354883994,-438.15378177842194
1492.934419269938,-1.3998842702663004e-05,-3.7656931622759575e-05,-1.3530175866413587,370.21214856934756,-439.7859620633366
1493.4208673013165,-1.3899798282184442e-05,-4.444249843777048e-05,-1.3530375588218329,370.3172465568537,-440.26092111459576
1493.9073153326951,-1.3798523969515444e-05,-5.117960851278699e-05,-1.3530608173452912,370.4223343342492,-440.7358824244758
1495.5789899419253,-1.343505249664985e-05,-7.39453492918314e-05,-1.3531654885213522,370.7833677531067,-442.3681051023487
1497.2506645511555,-1.3050751870653714e-05,-9.608607425529682e-05,-1.3533076941966982,371.144199689659,-444.000372330662
1497.7371125825343,-1.2935591455897677e-05,-0.0001024065071199273,-1.3533559757196787,371.24915314551737,-444.4753633408352
1498.223560613913,-1.2819087331897704e-05,-0.00010867082079373618,-1.3534073165227005,371.35408300664886,-444.95035956269
1499.8952352231431,-1.2409816685011873e-05,-0.00012975963937883773,-1.3536067022080847,371.71447314669945,-446.5827243938401
1501.5669098323733,-1.1989351611610785e-05,-0.0001501549338959517,-1.3538407618627473,372.0745095069239,-448.2151672872782
1502.053357863752,-1.1865384536600627e-05,-0.00015595689819110207,-1.3539152186452867,372.1792035148376,-448.6902155506579
1502.5398058951305,-1.1740817768524663e-05,-0.00016169860061006038,-1.3539924823873943,372.28386155526766,-449.1652717377043
1504.2114805043607,-1.1309293063940404e-05,-0.00018096519553897593,-1.3542789944404785,372.6432248905217,-450.7978629234829
1505.8831551135909,-1.0874520696499484e-05,-0.00019950770705821384,-1.3545971087551847,373.00209465438286,-452.4305626697292
1506.3696031449697,-1.0747788819852405e-05,-0.0002047666872040536,-1.3546954406717058,373.1064236472173,-452.90569123042036
1506.8560511763483,-1.0621059509119067e-05,-0.00020996416772249487,-1.354796315837345,373.2107053866223,-453.3808301626311
1508.5277257855785,-1.0186466712207039e-05,-0.0002273554525987573,-1.3551619447431835,373.568691252805,-455.0137239421231
1510.1994003948087,-9.754901463433882e-06,-0.00024402277026874336,-1.3555560410995722,373.9260568165665,-456.6467535833668
1510.6858484261872,-9.63019051812645e-06,-0.0002487376059830002,-1.355675894565577,374.0299250210236,-457.1219830900781
1511.1722964575658,-9.505944748450654e-06,-0.0002533920001214758,-1.3557980273979229,374.1337357955862,-457.5972251431507
1512.843971066796,-9.083202029661717e-06,-0.00026892842886842426,-1.356234699846158,374.49002735750065,-459.2304894467945
1514.5156456760262,-8.668166010428254e-06,-0.00028376461089312,-1.3566967588555134,374.8455849491227,-460.86391368453343
1515.002093707405,-8.549058040456097e-06,-0.000287952173883427,-1.3568358160619385,374.9489064101567,-461.3392623603359
1515.4885417387836,-8.430748559921762e-06,-0.0002920820672807341,-1.3569768972198468,375.0521613556705,-461.8146254868432
1517.1602163480138,-8.030741862214901e-06,-0.0003058396747045826,-1.3574767543976916,375.4064752512909,-463.4483199540851
1518.831890957244,-7.641648966964103e-06,-0.00031893772325158014,-1.3579990585346355,375.7599541496975,-465.0821952846821
1519.3183389886226,-7.530615354733801e-06,-0.0003226279107309864,-1.3581551043319422,375.8626524304016,-465.5576789867591
1519.8047870200012,-7.420594632536921e-06,-0.0003262643776809263,-1.3583129333540072,375.9652761512962,-466.0331787845018
1521.4764616292314,-7.050530240975174e-06,-0.00033835809903715665,-1.358868534300477,376.3173611352812,-467.6673550598956
1523.1481362384616,-6.69327685546722e-06,-0.0003498439010630022,-1.3594438438922132,376.66852200816186,-469.3017301562555
1523.6345842698404,-6.591796803972864e-06,-0.0003530750884593519,-1.359614812011121,376.7705296549866,-469.77736250130863
1524.121032301219,-6.491441897294138e-06,-0.00035625720356646573,-1.3597873413420976,376.8724556683181,-470.25301234468674
1525.7927069104492,-6.155289419517342e-06,-0.00036682592041280157,-1.360391797890639,377.2220905542457,-471.8877145707648
1527.4643815196794,-5.832725493167153e-06,-0.00037684405751540583,-1.3610134616996947,377.5707232024986,-473.5226308311035
1527.950829551058,-5.741429620772825e-06,-0.0003796591194600316,-1.3611974625376793,377.6719810573797,-473.99842336398825
1528.4372775824365,-5.651284217738108e-06,-0.0003824300478878091,-1.3613828233986305,377.7731510923054,-474.47423457624404
1530.1089521916667,-5.35028455849969e-06,-0.000391623695054719,-1.3620298749212398,378.1201422619266,-476.10950000933735
1531.780626800897,-5.0627403328616e-06,-0.0004003254152872456,-1.3626918840595004,378.4660630253818,-477.7449922030317
1532.2670748322757,-4.9815652188937635e-06,-0.000402768392425434,-1.3628872166642176,378.5665194561965,-478.220954589021
1532.7535228636543,-4.9014988744237345e-06,-0.0004051721328160529,-1.3630837294344988,378.666882679116,-478.69693663611014
1534.4251974728845,-4.634713608791455e-06,-0.0004131410954137568,-1.3637677668143544,379.0110613901251,-480.33279632181217
1536.0968720821147,-4.380559082376678e-06,-0.0004206746370998091,-1.3644647617656036,379.3541104306335,-481.9688932735703
1536.5833201134933,-4.308913230718313e-06,-0.0004227880968826599,-1.364669912916813,379.45372053988547,-482.44503349802983
1537.069768144872,-4.2382844322119226e-06,-0.00042486692199945214,-1.3648760849522092,379.5532327637947,-482.9211941883009
1538.741442754102,-4.003164919949108e-06,-0.0004317538536522204,-1.365592133985865,379.8944524467947,-484.55767364533926
1540.4131173633323,-3.7793812970195737e-06,-0.0004382572169453897,-1.3663193751275553,380.23449108282256,-486.1943989113308
1540.899565394711,-3.7163097580687e-06,-0.000440080329822449,-1.3665330085683067,380.3332159420834,-486.67072347423687
1541.3860134260897,-3.654133802545211e-06,-0.00044187294344271257,-1.3667475225158996,380.43183886623933,-487.1470691517713
1543.0576880353199,-3.4470906035118814e-06,-0.0004478070482334125,-1.3674911973175843,380.769972558356,-488.7841890257085
1544.72936264455,-3.2498350245235974e-06,-0.00045340322502323123,-1.3682445095587457,381.1068807814961,-490.4215615279586
1545.2158106759287,-3.194184149030135e-06,-0.0004549705533095736,-1.3684654484659884,381.2046867263339,-490.898075624368
1545.7022587073072,-3.13929393280978e-06,-0.00045651095813245725,-1.368687144164047,381.3023872395189,-491.3746113474899
1547.3739333165374,-2.9562491009923474e-06,-0.0004616046992183992,-1.3694545811530812,381.63732525802766,-493.0123880081486
1549.0456079257676,-2.7813961045283372e-06,-0.0004663992959482224,-1.3702302831837414,381.970999517782,-494.650422605749
1549.5320559571464,-2.7319671118769278e-06,-0.0004677402712003599,-1.3704574889095493,382.06785752513036,-495.12713028683174
1550.018503988525,-2.6831687853637843e-06,-0.00046905732129668944,-1.3706853418914002,382.1646070930467,-495.6038599867807
1551.6901785977552,-2.5200756821113754e-06,-0.0004734054484705124,-1.3714731246282705,382.4962550087867,-497.2423060550109
1553.3618532069854,-2.3637206637954415e-06,-0.00047748656898743887,-1.3722679528448094,382.82660630893537,-498.8810140419981
1553.848301238364,-2.319414393906612e-06,-0.00047862561464583704,-1.3725005028131048,382.922491466457,-499.35791835445144
1554.3347492697426,-2.2756273392385046e-06,-0.00047974320724630993,-1.3727336022784262,383.01826561145145,-499.83484497236776
1556.0064238789728,-2.1289442942408344e-06,-0.00048342393314357264,-1.3735386868122708,383.34654253999554,-501.4739697722986
1557.678098488203,-1.987856009214683e-06,-0.0004868641290280023,-1.374349723278182,383.6734948490502,-503.1133593020335
1558.1645465195818,-1.947798794527586e-06,-0.00048782136828658606,-1.3745867906982137,383.76838591438457,-503.5904624064854
1558.6509945509604,-1.9081826385823133e-06,-0.0004887592130497136,-1.374824319583412,383.8631637841397,-504.06758800960876
1560.3226691601906,-1.7752884260775085e-06,-0.0004918373123160595,-1.3756439691166904,384.18800097377806,-505.7073979515748
1561.9943437694208,-1.6472989477612592e-06,-0.0004946973552614511,-1.3764685819707485,384.51148991452015,-507.3474743958777
1562.4807918007994,-1.610952614608355e-06,-0.000495489829143942,-1.3767094197364653,384.60536895167763,-507.824777667225
1562.967239832178,-1.5750118465532414e-06,-0.0004962647183491115,-1.3769506392164632,384.69913296301513,-508.30210354747487
1564.6389144414081,-1.4545521706791535e-06,-0.0004987962748714367,-1.3777823758102206,385.0204726236403,-509.94260245418684
1566.3105890506383,-1.3388740473428768e-06,-0.0005011304586121517,-1.3786181793712031,385.34044437354754,-511.5833687121761
1566.7970370820171,-1.306120980979636e-06,-0.0005017737659629143,-1.3788621101626835,385.43329644440615,-512.0608728266102
1567.2834851133957,-1.2737903786227427e-06,-0.0005024012558794708,-1.3791063505570198,385.52603197920325,-512.5383995864815
1568.955159722626,-1.165945773797517e-06,-0.0005044397392218306,-1.3799479303170115,385.8438262660625,-514.179588980601
1570.6268343318561,-1.0634070861452447e-06,-0.0005063023763600696,-1.380792770779029,386.16023657240993,-515.8210457570785
1571.1132823632347,-1.0346137619036525e-06,-0.0005068126354738784,-1.381039184974715,386.2520494535321,-516.298750771855
1571.5997303946133,-1.0063160767145183e-06,-0.0005073090374077255,-1.3812858446176637,386.3437445762088,-516.7764784037889
1573.2714050038435,-9.129825097164203e-07,-0.0005089123501229391,-1.3821352613386568,386.65795461806056,-518.4183577788472
1574.9430796130737,-8.261715663131521e-07,-0.0005103650913361372,-1.3829872324235266,386.97076780947054,-520.0605038551364
1575.4295276444525,-8.022222968539036e-07,-0.0005107611122686401,-1.3832355949757251,387.06153169851905,-520.5384092878908
1575.915975675831,-7.78901708572994e-07,-0.0005111456811452232,-1.3834841481486722,387.1521768588277,-521.0163372539839
1577.5876502850613,-7.03776172559002e-07,-0.0005123837831972174,-1.3843396687697076,387.4627717020556,-522.6589043525344
1579.2593248942915,-6.37088391911773e-07,-0.0005135033523888546,-1.385197160020319,387.7719595629708,-524.3017368739427
1579.74577292567,-6.193929738753713e-07,-0.0005138088993585325,-1.3854470269463157,387.8616667350705,-524.7798417886073
1580.2322209570486,-6.02516553201611e-07,-0.0005141060982924826,-1.3856970414658816,387.9512544162293,-525.2579691077011
1581.9038955662788,-5.510807841724815e-07,-0.0005150687833330191,-1.3865572749202886,388.2582097456242,-526.9012202307811
1583.575570175509,-5.106613830691988e-07,-0.0005159546923957368,-1.3874190534986073,388.56375011226436,-528.5447350343716
1584.0620182068878,-5.011292076793358e-07,-0.000516200707344474,-1.3876700981007797,388.6523944849197,-529.023038140472
1584.5484662382664,-4.926602070904191e-07,-0.0005164424183548805,-1.38792126261318,388.74091875564756,-529.5013634893472
1586.2201408474966,-4.72056818535149e-07,-0.0005172467893946768,-1.388785261761258,389.04421524947065,-531.1452938598135
1587.8918154567268,-4.6563397881273685e-07,-0.0005180285709046752,-1.3896505866748063,389.34609018589265,-532.7894858640303
1588.3782634881054,-4.666186774457249e-07,-0.0005182552222285493,-1.3899026350308525,389.43366675168625,-533.2679856354054
1588.864711519484,-4.689548057997909e-07,-0.0005184827664707207,-1.390154795487356,389.52112268159135,-533.7465074700119
1590.5363861287142,-4.877513510200624e-07,-0.0005192799363770279,-1.3910221898169597,389.82074386372483,-535.3911116691996
1592.2080607379444,-5.243560685077258e-07,-0.0005201234127254288,-1.3918909554599057,390.1189372851264,-537.0359753431807
1592.6945087693232,-5.385643117067193e-07,-0.0005203818279289955,-1.3921440301253032,390.2054413745431,-537.5146701609824
1593.1809568007018,-5.544453683599056e-07,-0.0005206476536809038,-1.3923972343121436,390.29182427572067,-537.9933868623983
1594.852631409932,-6.22283599092156e-07,-0.0005216281802027018,-1.3932683890075448,390.5877537416244,-539.6386593549327
1596.5243060191622,-7.118541449760698e-07,-0.0005227402748520691,-1.3941412927937837,390.88224836941066,-541.2841892801672
1597.0107540505408,-7.422234117303647e-07,-0.0005230938126890231,-1.3943956630411816,390.96767471184296,-541.7630776033828
1597.4972020819193,-7.746027309523111e-07,-0.0005234627065130293,-1.3946502114184116,391.05297917555026,-542.2419876515402
1599.1688766911495,-9.017323340385719e-07,-0.0005248602639124424,-1.3955264062618165,391.34519709168205,-543.8879234070929
1600.8405513003797,-1.0546036664382381e-06,-0.0005264918565390614,-1.396405132981813,391.6359706513068,-545.5341149375042
1601.3269993317585,-1.1041441385357877e-06,-0.000527016773847871,-1.3966613692767693,391.72031221067584,-546.0131955022335
1601.8134473631371,-1.156029265327282e-06,-0.0005275664502503565,-1.3969178697551743,391.8045309166303,-546.4922976783921
1603.4851219723673,-1.352728103054106e-06,-0.0005296592422352603,-1.3978014891776804,392.0930097251174,-548.1388928917705
1605.1567965815975,-1.5790093377007302e-06,-0.0005321055767437623,-1.3986889025714386,392.3800303333857,-549.7857429103925
1605.643244612976,-1.650616062438757e-06,-0.0005328909481619793,-1.3989479323640104,392.4632769058607,-550.265014956713
1606.1296926443547,-1.7248750009113756e-06,-0.0005337118765759188,-1.3992073560308922,392.546399193053,-550.74430857322
1607.8013672535849,-2.00076102206302e-06,-0.0005368213105297706,-1.4001020795197936,392.8310984946526,-552.3915614754496
1609.473041862815,-2.309607650809267e-06,-0.000540419485845633,-1.4010024094787463,393.1143192279036,-554.0390692366196
1609.959489894194,-2.4058403276782864e-06,-0.0005415662418342457,-1.4012655707923274,393.196455802863,-554.5185327590866
1610.4459379255725,-2.504980496535575e-06,-0.0005427605774224166,-1.401529305002511,393.2784660047259,-554.9980179121314
1612.1176125348027,-2.8682244507517243e-06,-0.0005472467505607568,-1.402440285060161,393.55932664321864,-556.6459296551443
1613.7892871440329,-3.2670160067653545e-06,-0.0005523698614059879,-1.403359296915834,393.8386793311898,-558.294097690584
1614.2757351754115,-3.3898545768209616e-06,-0.0005539888221320855,-1.4036283856580314,393.9196842327045,-558.773753705246
1614.76218320679,-3.5157734180574926e-06,-0.0005556683197289972,-1.403898280355924,394.0005597958809,-559.2534315431103
1616.4338578160202,-3.97222589323729e-06,-0.0005619219164815539,-1.4048322933638295,394.2774972254012,-560.9020071293081
1618.1055324252504,-4.4656645765766995e-06,-0.0005689694676997247,-1.4057774239674017,394.5528855769242,-562.5508421846305
1618.5919804566292,-4.616240889919635e-06,-0.0005711782682737118,-1.4060547303957376,394.6327284214355,-563.0306930019104
1619.0784284880078,-4.769957693682768e-06,-0.0005734610773282452,-1.4063331330511768,394.71243784601546,-563.5105659976463
1620.750103097238,-5.322209152251922e-06,-0.000581891346537138,-1.4072986868051716,394.9853349285673,-565.1598152130389
1622.4217777064682,-5.911360079016218e-06,-0.0005912756424392686,-1.4082791306372506,395.25662716351303,-566.8093291682402
1622.9082257378468,-6.089676528242775e-06,-0.0005941944692892934,-1.4085674600114115,395.33526668968864,-567.289378657181
1623.3946737692254,-6.271047725084621e-06,-0.0005972007328592701,-1.4088572341630512,395.41376734928804,-567.7694508707638
1625.0663483784556,-6.917445589549647e-06,-0.0006082193054647269,-1.409864614605203,395.68246680153453,-569.4193891668505
1626.7380229876858,-7.598745690766565e-06,-0.0006203476175591617,-1.4108913420770712,395.9494880372193,-571.0695998805369
1627.2244710190646,-7.803385045443e-06,-0.0006240937074551232,-1.4111940142485206,396.02686988577705,-571.549853705852
1627.7109190504432,-8.010816273167309e-06,-0.0006279399212351236,-1.411498536383926,396.10410580776573,-572.0301310167946
1629.3825936596734,-8.744475757439227e-06,-0.0006419403529293135,-1.412559775272715,396.3684025924989,-573.6807802723104
1631.0542682689036,-9.508761546769657e-06,-0.0006571928231634517,-1.4136454648282029,396.6309273102484,-575.3317122754
1631.5407163002822,-9.736610311199632e-06,-0.0006618737293034169,-1.413966287408073,396.7069818542476,-575.8121780847249
1632.0271643316607,-9.966780933157026e-06,-0.0006666658742736646,-1.4142894168272366,396.78288156320014,-576.2926683721086
1633.698838940891,-1.0774671953115992e-05,-0.0006839990443275429,-1.4154181620482487,397.0425155993694,-577.9440574521537
1635.3705135501211,-1.1606323724368477e-05,-0.0007027026054088277,-1.4165770281134786,397.30026059520884,-579.59574240376
1635.8569615815,-1.185233484718821e-05,-0.000708408344397346,-1.416920238095453,397.3749009439413,-580.0764299388508
1636.3434096128785,-1.2099968702855629e-05,-0.0007142339209754322,-1.4172662546932748,397.44937549389647,-580.5571431821635
1638.0150842221087,-1.296217468454027e-05,-0.0007351798342339967,-1.4184775263545955,397.704025135222,-582.2093082007493
1639.686758831339,-1.3838458417171734e-05,-0.0007575788420494758,-1.4197250273179138,397.9566434320671,-583.8617850089336
1640.1732068627175,-1.4095477440137027e-05,-0.0007643731483321709,-1.4200951967837332,398.02976375236847,-584.3427061119777
1640.659654894096,-1.4353174936396764e-05,-0.0007712923481551615,-1.4204687024905998,398.1027050938219,-584.8236543837488
1642.3313295033263,-1.5242381255594053e-05,-0.000796029215829007,-1.4217785210794394,398.35198189289434,-586.4766385689423
1644.0030041125565,-1.613303935675454e-05,-0.0008222537605825441,-1.4231309351178802,398.59905815321343,-588.1299530747185
1644.4894521439353,-1.6391704707656395e-05,-0.0008301647451253284,-1.4235328377911467,398.670532468831,-588.6111215602109
1644.9759001753139,-1.6649854442161345e-05,-0.0008382010644518302,-1.4239386185831067,398.74181231268454,-589.0923188809655
1646.647574784544,-1.7531116788373682e-05,-0.0008667727623364568,-1.425363495731365,398.9852576392543,-590.7461719423601
1648.3192493937743,-1.8398259002656584e-05,-0.0008968058419763039,-1.4268373569389057,399.22630566202713,-592.4003760694748
1648.8056974251529,-1.864699531587523e-05,-0.0009058164158062851,-1.427275793770386,399.29598730334914,-592.8818074340422
1649.2921454565314,-1.8893776910950768e-05,-0.000914947078623632,-1.4277186406094493,399.365456655053,-593.3632694623903
1650.9638200657616,-1.9724622648407032e-05,-0.0009472303047042571,-1.429274928235228,399.60254076990395,-595.0180463713061
1652.6354946749918,-2.0522971025266302e-05,-0.000980875272002086,-1.430886321104457,399.83700367993987,-596.6731966596524
1653.1219427063706,-2.0748087713277158e-05,-0.0009909137622975677,-1.4313659047724858,399.9047255617667,-597.1549076076203
1653.6083907377492,-2.0969585122669472e-05,-0.0010010603884296465,-1.431850393570579,399.97221510348635,-597.6366511441347
1655.2800653469794,-2.1700502065198923e-05,-0.0010367330745329657,-1.4335534933688039,400.2023392988974,-599.2924102604973
1656.9517399562096,-2.2378044214733513e-05,-0.0010735830032874555,-1.435317210273954,400.42959303609666,-600.9485657302241
1657.4381879875882,-2.2563958428795896e-05,-0.001084514457853647,-1.4358421104766632,400.4951689390082,-601.4305735023139
1657.9246360189668,-2.2744395962762756e-05,-0.0010955344794412304,-1.4363723432028404,400.56049043459024,-601.9126157959616
1659.596310628197,-2.331976200345548e-05,-0.0011340472452313227,-1.4382357856739019,400.78299283457216,-603.5694163145428
1661.2679852374272,-2.3818863276946918e-05,-0.0011734580908851985,-1.4401643596063174,401.00235352104505,-605.2266356529333
1661.754433268806,-2.3948457632779567e-05,-0.0011850768323819702,-1.4407380133067291,401.065580540954,-605.7089571597867
1662.2408813001846,-2.4070574625768567e-05,-0.0011967562258073752,-1.4413173246712363,401.12852942642496,-606.1913150205197
1663.9125559094148,-2.4430059456091456e-05,-0.0012373088670753747,-1.4433517350662177,401.3426949900408,-607.849213764357
1665.584230518645,-2.4689031867440212e-05,-0.0012783784379772714,-1.445454368351015,401.5534306894687,-609.5075518889664
1666.0706785500238,-2.4744140581113098e-05,-0.0012904024511586072,-1.4460791616420645,401.6140929988141,-609.9902026702139
1666.5571265814024,-2.478968781329968e-05,-0.0013024503622923996,-1.4467097983032426,401.6744522988074,-610.4728914108421
1668.2288011906326,-2.4870042316300492e-05,-0.0013439752792067596,-1.4489217754611068,401.87952748375506,-612.1319390704256
1669.9004757998628,-2.4825047533091995e-05,-0.0013855297510940018,-1.4512031934713747,402.0808747669938,-613.7914431979079
1670.3869238312413,-2.478702857447235e-05,-0.0013975973655430476,-1.451880124034154,402.13874879918075,-614.274436250468
1670.87337186262,-2.4737350497633714e-05,-0.001409643072793308,-1.4525629055221054,402.19629447670445,-614.7574685042465
1672.5450464718501,-2.447446903836996e-05,-0.0014507970303756768,-1.454953846741163,402.39150689866403,-616.4177055034453
1674.2167210810803,-2.40616805141264e-05,-0.0014913862377802204,-1.4574131119469127,402.58269249587056,-618.0784109384728
1674.7031691124591,-2.3912064393967874e-05,-0.0015030554449119292,-1.458141442759324,402.63755362355835,-618.5617554828033
1675.1896171438377,-2.374875520145052e-05,-0.0015146479936297768,-1.45887541493982,402.6920614286032,-619.0451399682672
1676.861291753068,-2.3079998774363433e-05,-0.0015538133430532993,-1.4614403252979082,402.8766447012272,-620.7065922242942
1678.532966362298,-2.2238027380009704e-05,-0.001591715969806541,-1.464069651945475,403.0569123601707,-622.368518168208
1679.0194143936767,-2.19592415426479e-05,-0.0016024667034108663,-1.4648465683189555,403.1085430894283,-622.852218445596
1679.5058624250553,-2.166487939441259e-05,-0.001613077541075953,-1.4656286616359515,403.15979692248806,-623.3359587742672
1681.1775370342855,-2.053166131834668e-05,-0.001648374037862115,-1.4683549910432927,403.3330206865755,-624.9986336991117
1682.8492116435157,-1.9204238466468693e-05,-0.0016816138391674371,-1.4711386056452973,403.5016631702403,-626.6617794524469
1683.3356596748945,-1.878040646769198e-05,-0.0016908535465119628,-1.471958889092068,403.54986281635126,-627.1458336667777
1683.822107706273,-1.8339359125858854e-05,-0.0016998824838204652,-1.4727835952490185,403.5976645658031,-627.6299273090154
1685.4937823155033,-1.668997293005492e-05,-0.00172919080099308,-1.4756501513737434,403.75886951309053,-629.2938104612525
1687.1654569247335,-1.4828861191242836e-05,-0.0017555649130341668,-1.4785632489500158,403.9152654560777,-630.9581524446731
1687.651904956112,-1.4246663487404253e-05,-0.0017626377135883157,-1.4794189827413295,403.9598612026623,-631.4425519743661
1688.1383529874906,-1.3645956277863704e-05,-0.0017694225030292828,-1.480278064823885,404.0040419499787,-631.9269895096899
1689.8100275967208,-1.143859920340803e-05,-0.0017904203942057178,-1.483254054501787,404.1526794171542,-633.5920423336358
1691.481702205951,-9.006672572219846e-06,-0.0018075405989942813,-1.4862619047062762,404.2963345208973,-635.2575323626536
1691.9681502373298,-8.256252324857611e-06,-0.001811740264176666,-1.487142227139888,404.3371936925919,-635.7422613680246
1692.4545982687084,-7.4864760866519664e-06,-0.0018155700200165367,-1.488024479308217,404.37762610719733,-636.22702614409
1694.1262728779386,-4.692391669918735e-06,-0.0018257818229133523,-1.491068734645748,404.5133015624116,-637.8931852119852
1695.7979474871688,-1.6667964240740663e-06,-0.001831129320447274,-1.4941259950270118,404.6438933484817,-639.5597504162815
1696.2843955185474,-7.426796331274542e-07,-0.0018317162060452134,-1.4950169172244945,404.6809366503239,-640.0447859499471
1696.770843549926,2.0108873426995816e-07,-0.0018318487831131725,-1.4959079908549082,404.71754831833886,-640.529854254517
1698.4425181591562,3.594460471599376e-06,-0.001828708551492587,-1.4989684384002009,404.8400677927499,-642.1970323417845
1700.1141927683864,7.219193003695032e-06,-0.0018197023265159357,-1.5020187334839494,404.95749286028257,-643.8645770061272
1700.6006407997652,8.317201900936604e-06,-0.001815924241346516,-1.5029030388066662,404.99070825704484,-644.3498896954131
1701.0870888311438,9.43451107466335e-06,-0.001811607535871314,-1.503785352156592,405.02349560818675,-644.8352315044972
1702.758763440374,1.342053606337445e-05,-0.0017925355061620997,-1.5067987835770746,405.1329138503754,-646.5033206669578
1704.4304380496042,1.7629604129887575e-05,-0.0017666137119625351,-1.5097746074810559,405.23733631111503,-648.1717300786866
1704.9168860809827,1.8895608688815667e-05,-0.001757730496827098,-1.5106318491533128,405.26679314129046,-648.6572853872822
1705.4033341123613,2.0179831469278022e-05,-0.0017482274161735995,-1.511484597020093,405.2958355601471,-649.1428656882998
1707.0750087215915,2.4730039238916555e-05,-0.001710718723236657,-1.5143767968148842,405.3925044276388,-650.8117422693035
1708.7466833308217,2.948592588588752e-05,-0.0016654316494260403,-1.5171997928191623,405.4844039380203,-652.4808883866262
1709.2331313622005,3.0907267917904815e-05,-0.0016507429815234244,-1.518006404825599,405.51026678546964,-652.9666483785228
1709.7195793935791,3.234495310967197e-05,-0.0016353595668580486,-1.51880568302162,405.5357404228163,-653.4524289808169
1711.3912540028093,3.740697837818693e-05,-0.0015770831922261774,-1.5214919621415244,405.6203557923947,-655.1219601618238
1713.0629286120395,4.2647687520953634e-05,-0.0015101954078338138,-1.5240736243881143,405.7005733872621,-656.7917085787891
1713.549376643418,4.4204495295555253e-05,-0.0014890710533281082,-1.5248031580019243,405.72311517480114,-657.2776340050549
1714.0358246747967,4.57749445874579e-05,-0.0014671869423900996,-1.525522214614667,405.7453059177465,-657.7635756460311
1715.7074992840269,5.127131349121585e-05,-0.001386091824129574,-1.5279083879331856,405.81895121586314,-659.4336267858131
1717.379173893257,5.6909560591793364e-05,-0.0012956899784400586,-1.5301512176916054,405.88873099368703,-661.1038440890735
1717.865621924636,5.857459534824234e-05,-0.0012676013825493888,-1.5307747119309474,405.90834472310354,-661.5898965057015
1718.3520699560145,6.02497499158802e-05,-0.0012387014617894253,-1.5313843331140276,405.9276597455326,-662.075960948184
1720.0237445652447,6.60778044081733e-05,-0.001133125498096349,-1.5333681629057991,405.99184409172386,-663.7464025679287
1721.6954191744749,7.200146706502226e-05,-0.0010177270108167333,-1.5351672940080796,406.0528687253725,-665.4169627973733
1722.1818672058535,7.374036040903062e-05,-0.0009822787409990762,-1.5356537827314976,406.07007727277266,-665.9031063129887
1722.668315237232,7.548508768741934e-05,-0.0009459844581441099,-1.5361228150034532,406.0870545749664,-666.3892580212491
1724.3399898464622,8.151837110069511e-05,-0.0008147608049990485,-1.5375959213369887,406.1437435116,-668.059970934018
1726.0116644556924,8.759253326117827e-05,-0.0006734172971798413,-1.5388412058693761,406.1981615771776,-669.7307595273033
1726.4981124870712,8.936451303770518e-05,-0.0006303764445421104,-1.5391583569405647,406.2136249653335,-670.2169616892406
1726.9845605184498,9.113739383210344e-05,-0.0005864748399559354,-1.539454360488833,406.22894032781807,-670.7031685841786
1728.65623512768,9.722884812474444e-05,-0.00042902844841978804,-1.5403045721754627,406.2805771915319,-672.3740453966211
1730.3279097369102,0.0001032997751321802,-0.0002614162848800827,-1.5408830877955744,406.3310204318241,-674.044958778322
1730.8143577682888,0.00010505897106977487,-0.00021073749895820183,-1.5409979606328295,406.3455400453603,-674.5311900527653
1731.3008057996674,0.00010681366669019858,-0.00015920559681468723,-1.5410879788187697,406.36001086984754,-675.0174227992519
1732.9724804088976,0.00011280078880693984,2.436837878973038e-05,-1.5412020649970564,406.4095270529715,-676.6883638944628
1734.6441550181278,0.00011870161852845743,0.00021787874801603287,-1.541000970012946,406.4591159291161,-678.3593028262826
1735.1306030495066,0.0001203987858853986,0.00027603491257413766,-1.5408808674239531,406.4736352156165,-678.8455341305081
1735.6170510808852,0.00012208577871514073,0.0003350125883608734,-1.5407322873182976,406.4882208066082,-679.3317634194076
1737.2887256901154,0.0001277966184285311,0.0005438950994626759,-1.539998975440105,406.5390334605043,-681.0026656197797
1738.9604002993456,0.0001333532525158844,0.0007621953854959134,-1.5389086082441754,406.591369681963,-682.6735206112066
1739.4468483307242,0.00013493744159493503,0.0008274515779036056,-1.5385219912600274,406.6069709846624,-683.1597184274751
1739.9332963621027,0.00013650568505654503,0.0008934729157581552,-1.5381034635957362,406.62276892916475,-683.6459097946996
1741.604970971333,0.00014176434983897886,0.0011260923570172927,-1.5364166343294703,406.6787650221395,-685.3166462432173
1743.2766455805631,0.00014680073210253681,0.0013673167826502373,-1.5343337486826916,406.73791009817046,-686.9872737636623
1743.763093611942,0.00014822078721822945,0.0014390747767539908,-1.5336511834313904,406.7558073647099,-687.4733925121711
1744.2495416433205,0.00014961919225538924,0.001511516727197292,-1.532933571300173,406.7740457640715,-687.959498393597
1745.9212162525507,0.00015425087057977711,0.0017655428689926688,-1.5301955276338297,406.83955171615327,-689.6298887954737
1747.592890861781,0.00015859392200191232,0.0020270704247090272,-1.5270265649545725,406.9099908452093,-691.3000777316316
1748.0793388931595,0.0001597999091042369,0.002104513317766315,-1.526021673481411,406.93151802922023,-691.7860493025779
1748.565786924538,0.00016097876987072418,0.002182534789461854,-1.5249790019168536,406.95354340657406,-692.2719982541895
1750.2374615337683,0.00016481463822061877,0.002454894010706619,-1.5211037183012326,407.03327974137346,-693.9417694716739
1751.9091361429985,0.00016829921453758893,0.002733371932690319,-1.5167680244525321,407.11987054762983,-695.6111982100905
1752.3955841743773,0.0001692438806154598,0.002815472538211813,-1.5154184127325872,407.14646557262137,-696.096918842323
1752.8820322057559,0.00017015634399925232,0.00289802350618921,-1.5140287924543279,407.17372633119544,-696.5826021486312
1754.553706814986,0.0001730387084790596,0.0031849355920346763,-1.5089450520230272,407.2727469594388,-698.2513401962055
1756.2253814242163,0.00017551292014419918,0.0034763249040470974,-1.5033779457100842,407.3806527645211,-699.9195258267324
1756.7118294555949,0.0001761532816515464,0.003561860689469129,-1.501666081510729,407.41383697432065,-700.4048408550083
1757.1982774869734,0.00017675695524035668,0.0036476979127771964,-1.4999125793070822,407.4478623385589,-700.8900970871543
1758.8699520962036,0.00017854494625096413,0.003944736130821785,-1.493566902890437,407.57147830182925,-702.557192761985
1760.5416267054338,0.0001798761423056406,0.004244381481775608,-1.486722496087771,407.70608587495286,-704.2234351120175
1761.0280747368126,0.00018017528592383005,0.004331956793689829,-1.4846365069601088,407.74743897909286,-704.7081224609641
1761.5145227681912,0.00018043406540550617,0.004419666922391327,-1.4825079326238852,407.78981343980405,-705.1927209023652
1763.1861973774214,0.00018101013835640774,0.004721844358887027,-1.4748671930485255,407.9435012943189,-706.8573125069772
1764.8578719866516,0.00018109170750231978,0.005024571477180326,-1.46672085168054,408.11032345542566,-708.5206369185723
1765.3443200180302,0.00018102081778066935,0.0051126480604135535,-1.4642552094825647,408.1614541205312,-709.0043905646284
1765.8307680494088,0.00018090692881485233,0.005200679137388712,-1.4617467852369859,408.21378755615046,-709.4880147611065
1767.502442658639,0.00018018393834739012,0.00550256460086783,-1.4528003860878056,408.4030831627446,-711.148932502151
1769.1741172678692,0.0001789423324841497,0.0058028079814452325,-1.443350705188577,408.6076473109065,-712.8080363127673
1769.660565299248,0.00017848269992114704,0.005889744336485912,-1.440506759776298,408.67015977423716,-713.2904512222924
1770.1470133306266,0.00017797868390714676,0.0059764461188204715,-1.4376206346082687,408.7340536552329,-713.7726841911731
1771.8186879398568,0.0001759064886331959,0.006272309941648496,-1.4273821234505149,408.96443302573795,-715.4284017116067
1773.490362549087,0.00017330743913840333,0.0065642693638398135,-1.4166522876960528,409.21215766239527,-717.0816101285483
1773.9768105804656,0.0001724521869771751,0.006648368212416564,-1.4134386127968834,409.28761505415866,-717.5621703617668
1774.4632586118441,0.00017155259073392792,0.006732040464939299,-1.4101841850837196,409.36462545642894,-718.0424831609436
1776.1349332210743,0.00016812356396160057,0.007016026547374007,-1.3986921790271487,409.6413754621401,-719.6910821123932
1777.8066078303045,0.0001641771098030873,0.007293847927707237,-1.3867305933351843,409.93743801468855,-721.3363194128129
1778.2930558616833,0.00016293256196904936,0.00737341037882898,-1.383163112531757,410.02732344818327,-721.8143911113024
1778.779503893062,0.0001616452598874721,0.00745235769061865,-1.3795571295743405,410.11892197861755,-722.2921364774464
1780.4511785022921,0.00015689847590036207,0.007718676571948937,-1.3668754508252183,410.4470050553074,-723.9312899085123
1782.1228531115223,0.00015166252632823257,0.007976651512168371,-1.3537555477414642,410.7962056693447,-725.5660715070403
1782.609301142901,0.00015004911385664219,0.0080500361965508,-1.3498574152276255,410.90188255801036,-726.0409023181587
1783.0957491742795,0.00014839614859276596,0.008122627532568658,-1.345923825221049,411.0094166957159,-726.5153148956713
1784.7674237835097,0.0001424197198298977,0.00836576384087652,-1.3321407694077834,411.39333505036797,-728.1422944048932
1786.4390983927399,0.00013600141053014372,0.008598540164730701,-1.3179599280628176,411.79996235795653,-729.7637442184472
1786.9255464241187,0.00013405385824167692,0.008664224844446101,-1.3137611477017734,411.92263579761914,-730.234470332181
1787.4119944554973,0.00013207152725314237,0.008728955213746723,-1.3095306889268226,412.04729052700316,-730.7046746125937
1789.0836690647275,0.00012500208962883206,0.008943879411498613,-1.2947573843121398,412.4909565704581,-732.3163846504743
1790.7553436739577,0.00011755593709142789,0.00914667093749483,-1.2796349373128229,412.95866253262375,-733.9212803526207
1791.2417917053363,0.00011532246282749732,0.00920331285895833,-1.2751717169481147,413.0993438744814,-734.3869417425437
1791.7282397367148,0.00011306039710897684,0.009258863244340504,-1.2706812429713525,413.2421067580241,-734.8519682295272
1793.399914345945,0.00010507899205264205,0.009441233563400563,-1.2550491112891298,413.74872728675547,-736.4450087045437
1795.0715889551752,9.680126143684758e-05,0.009610013890325049,-1.2391234747974522,414.2804187676368,-738.029855024164
1795.558036986554,9.434164534535387e-05,0.009656504280950166,-1.234437330947719,414.43989561927924,-738.4894187408828
1796.0444850179326,9.186074930136284e-05,0.009701795168362472,-1.229728889192347,414.60152754522187,-738.9482280996855
1797.7161596271628,8.318472711880097e-05,0.009848133241165045,-1.2133862854498834,415.17350929644607,-740.5189837585414
1799.387834236393,7.430387842531314e-05,0.009979796626337094,-1.1968113177181066,415.7712637984577,-742.0801112018671
1799.8742822677716,7.168643137403806e-05,0.010015304388662378,-1.1919479666365242,415.9500775582583,-742.5325017503154
1800.3607302991502,6.905575486492206e-05,0.010049537978969859,-1.1870676686538186,416.1310912365729,-742.9840158821291
1802.0324049083804,5.9927421855800445e-05,0.010157361832579101,-1.170175849766852,416.7699746480613,-744.5287681324626
1803.7040795176106,5.0692109857745746e-05,0.010249836666642628,-1.153116613764662,417.4349864783262,-746.0624517698592
1804.1905275489894,4.799011402267429e-05,0.010273837577252956,-1.1481247043718061,417.6334191024915,-746.5065868263808
1804.676975580368,4.5283271107884684e-05,0.010296525259710804,-1.143121445030537,417.8340669467766,-746.9497250449632
1806.3486501895982,3.595750187766155e-05,0.010364430396916377,-1.125850074915247,418.54049323301695,-748.4647793814719
1808.0203247988284,2.6624062577152445e-05,0.01041673947155736,-1.1084782252771497,419.27305433658944,-749.9673700535019
1808.506772830207,2.3912106282172144e-05,0.01042902977897214,-1.1034079795873417,419.491125392429,-750.4021991624312
1808.9932208615855,2.1203591227323335e-05,0.010440003938429972,-1.098332071345911,419.71139775798935,-750.8359170581098
1810.6648954708157,1.1934994192374998e-05,0.010467690165402848,-1.0808544924687673,420.4851119719234,-752.3177374182708
1812.336570080046,2.7542535597778857e-06,0.010479955747707739,-1.0633435203790416,421.2846290320128,-753.7857962205555
1812.8230181114247,1.0430943982986714e-07,0.010480649477386904,-1.0582453499958886,421.52210329500963,-754.2103397443159
1813.3094661428033,-2.534461038185162e-06,0.010480058886468312,-1.0531471412093223,421.7617372363168,-754.6336679872425
1814.9811407520335,-1.1505481971876935e-05,0.010468299538959096,-1.0356356529035768,422.6016271429374,-756.0790084775866
1816.6528153612637,-2.0302502152500438e-05,0.010441688999856591,-1.0181562355804346,423.4666736313276,-757.5094349197572
1817.1392633926423,-2.2825272128469958e-05,0.010431197614542462,-1.013079407448936,423.7230786271473,-757.9228204639005
1817.625711424021,-2.533014182870814e-05,0.01041948508237581,-1.0080079584722372,423.9815764801789,-758.3349007832496
1819.297386033251,-3.3791467890827694e-05,0.010370034749129745,-0.9906293604813404,424.8857441254346,-759.7409254582976
1820.9690606424813,-4.20066718902212e-05,0.010306645549946723,-0.9733450779810824,425.81414309314783,-761.1310703858012
1821.45550867386,-4.434746021530866e-05,0.010285640440488755,-0.9683365059981417,426.08879516115064,-761.5325642067869
1821.9419567052387,-4.6664934295137674e-05,0.010263503637738012,-0.963338399297522,426.36545144244354,-761.9326801055389
1823.6136313144689,-5.444316041713524e-05,0.010178951703249171,-0.9462500562932663,427.33131161071907,-763.2970628660654
1825.285305923699,-6.191976949329917e-05,0.010081649208425943,-0.9293137140050384,428.32024253964073,-764.6448190075738
1825.7717539550777,-6.40361655425724e-05,0.010051012032118932,-0.9244169411151029,428.6122793280308,-765.0338504936462
1826.2582019864562,-6.61252823108915e-05,0.010019352877438045,-0.9195352875513486,428.9062138022115,-765.4214508676368
1827.9298765956864,-7.309083996974483e-05,0.009902943510182496,-0.9028819065026357,429.9306115840237,-766.7424498190953
1829.6015512049166,-7.971657898727938e-05,0.009775174030146723,-0.8864326192434859,430.97673303590034,-768.0463153206025
1830.0879992362954,-8.157914999471921e-05,0.009735941466945678,-0.8816870282061062,431.28514995679035,-768.4224933946247
1830.574447267674,-8.341191572115302e-05,0.009695810624245734,-0.8769607045669019,431.5953443782463,-768.7972079939615
1832.2461218769042,-8.947950508861778e-05,0.009551251165845258,-0.8608719214227923,432.67468316267326,-770.0737113078678
1833.9177964861344,-9.518559415344724e-05,0.00939685082779852,-0.8450330200291326,433.77426248558544,-771.3328243551833
1834.404244517513,-9.677735967812412e-05,0.009350159398667728,-0.8404732842235607,434.09795059936454,-771.695945443459
1834.8906925488916,-9.833813127444935e-05,0.009302701359190969,-0.835936410694961,434.42328660906344,-772.0575919061902
1836.5623671581218,-0.00010346401007458617,0.009133976310053195,-0.8205251969096637,435.55365798599064,-773.2891349002638
1838.234041767352,-0.00010822169822260817,0.00895699020695748,-0.8054029414020238,436.70269987514797,-774.5032800938822
1838.7204897987308,-0.00010953700938419011,0.00890402479817542,-0.8010587067251952,437.0404828929998,-774.8533280229759
1839.2069378301094,-0.00011082132735167958,0.00885042695239341,-0.7967403536363717,437.37977879716163,-775.2019109151352
1840.8786124393396,-0.00011499898966319743,0.008661627500878486,-0.7821021945037193,438.5570868834554,-776.3886663691991
1842.5502870485698,-0.0001188148130359389,0.008466146795834743,-0.7677852310613412,439.75145387025583,-777.5582556139856
1843.0367350799486,-0.00011985790504424402,0.008408094781033514,-0.7636810084327,440.10212237475497,-777.8953943666261
1843.5231831113272,-0.00012087101711057144,0.008349542247425243,-0.7596051108723411,440.45416695880755,-778.2310972127133
1845.1948577205574,-0.00012412593169043327,0.00814471664807464,-0.7458178761169257,441.6742412315154,-779.3738426742422
1846.8665323297876,-0.00012703620963649858,0.007934737950820728,-0.7323773502667263,442.9097608695086,-780.4998748398904
1847.3529803611661,-0.00012781956394696155,0.007872750018610241,-0.7285325919765108,443.27210236375123,-780.8244354887231
1847.8394283925447,-0.00012857477452309118,0.007810387267183664,-0.7247180449866607,443.63568441178086,-781.1476071433
1849.511103001775,-0.000130958632424881,0.007593415145989144,-0.7118424542828123,444.89437694085484,-782.247674073777
1851.1827776110051,-0.00013302363970844766,0.007372724497309493,-0.6993326784488654,446.16693229194277,-783.3316785307221
1851.669225642384,-0.00013356628320576177,0.007307882727559488,-0.6957620080389489,446.5397562213146,-783.6441418696103
1852.1556736737625,-0.00013408325200698595,0.007242782480097005,-0.6922229118246254,446.9136889434975,-783.9552787614763
1853.8273482829927,-0.0001356681426111929,0.007017274266195467,-0.6803034887286947,448.2069537238606,-785.0144888449034
1855.499022892223,-0.00013696636038450723,0.006789356242758742,-0.6687630561968222,449.51255550143617,-786.0584582281588
1855.9854709236015,-0.00013729221396513623,0.006722649455606127,-0.6654766203585367,449.89471288842697,-786.3594346532432
1856.47191895498,-0.000137595317280144,0.006655788831874274,-0.6622226439972483,450.27785294815794,-786.6591604492685
1858.1435935642103,-0.00013846820477085155,0.006425009802424291,-0.6512890503711267,451.6018066497687,-787.6797543148576
1859.8152681734405,-0.0001390910009378067,0.006192980624777324,-0.6407422891093784,452.936646885271,-788.686071624715
1860.3017162048193,-0.00013922737670364613,0.006125286568914143,-0.6377462009910048,453.32704463426256,-788.9762797169185
1860.7881642361979,-0.0001393442255426804,0.006057529998618049,-0.6347830342545845,453.71830587255164,-789.2653238397556
1862.459838845428,-0.00013960204025141696,0.005824346939497959,-0.6248516827660293,455.0692706358008,-790.2498869766057
1864.1315134546583,-0.0001396490661896233,0.005590909083193188,-0.6153103504456993,456.42975890548485,-791.2212515345313
1864.6179614860368,-0.00013962538918163738,0.0055229826481073005,-0.6126071964880951,456.82736914806344,-791.5014966047515
1865.1044095174154,-0.00013958557962331862,0.005455070697697982,-0.6099370622948461,457.2257314042793,-791.780672840796
1866.7760841266456,-0.00013933114104098192,0.005221917998331212,-0.6010129159028559,458.60026125010467,-792.7320627538459
1868.4477587358758,-0.0001389065782885225,0.004989332833609945,-0.5924780505918418,459.9830452962923,-793.6714187439474
1868.9342067672546,-0.00013875335261678853,0.004921799239630956,-0.5900674371192427,460.3869103527491,-793.9425723646924
1869.4206547986332,-0.00013858745506546802,0.004854342301207986,-0.5876896413446316,460.79142397404996,-794.2127585582355
1871.0923294078634,-0.00013792616948713038,0.004623203897573746,-0.579768123718042,462.18631697301794,-795.1340363730583
1872.7640040170936,-0.00013713566498969404,0.004393278954243303,-0.5722319800366354,463.58828999653207,-796.0445068453166
1873.2504520484722,-0.00013688362149230762,0.004326630989356193,-0.5701111002254795,463.9975236341965,-796.307488143816
1873.7369000798508,-0.00013662234646728944,0.004260106929094721,-0.5680225999364792,464.4073103607601,-796.5696077249672
1875.408574689081,-0.00013565946319567233,0.00403251123537626,-0.5610915549170503,465.81960895636286,-797.4639766027142
1877.0802492983112,-0.00013460756857715397,0.0038065995681788836,-0.554539568267792,467.23790600076666,-798.3488049856088
1877.56669732969,-0.00013428695265420144,0.0037411981922647977,-0.5527037735589051,467.6516916931972,-798.6045642368581
1878.0531453610686,-0.00013396045200876367,0.003675953298598637,-0.5508997480656759,468.06594262193215,-798.8595700964877
1879.7248199702988,-0.00013279876790370224,0.003452978985903399,-0.5449413969023393,469.49292450121163,-799.7303220346597
1881.396494579529,-0.00013158679643529854,0.003231988663084767,-0.5393541279432947,470.92491026953917,-800.592822453091
1881.8829426109075,-0.0001312267708809658,0.0031680664293363405,-0.5377974905862597,471.3424971243056,-800.8423272995597
1882.3693906422861,-0.00013086405310180985,0.0031043191225851342,-0.5362719022659563,471.7604684119926,-801.09118831605
1884.0410652515163,-0.00012960198554548574,0.0028866099806395657,-0.531264755732404,473.1996301354151,-801.9416602207114
1885.7127398607465,-0.00012832620532886576,0.002671022066536055,-0.5266197750422769,474.642880347707,-802.78517726719
1886.1991878921253,-0.00012795434577617915,0.0026086889116795514,-0.5253356306175899,475.06357729463986,-803.0294017115573
1886.685635923504,-0.0001275827792600744,0.0025465357785893214,-0.524081764571003,475.4845841822637,-803.2730920574614
1888.3573105327341,-0.00012631272334173583,0.002334323250845597,-0.5200024539351219,476.9336194903876,-804.1066313937705
1890.0289851419643,-0.00012506280152023585,0.002124217014503626,-0.5162761330767023,478.38589756768124,-804.9345094657916
1890.515433173343,-0.00012470465773535672,0.0020634680756812297,-0.5152575935484225,478.80906630141783,-805.1744256355032
1891.0018812047215,-0.00012434953904645,0.0020028918987809903,-0.5142685668056327,479.2324759418243,-805.4139168482237
1892.6735558139517,-0.00012315642318544483,0.0017960242492150375,-0.5110935629118113,480.68925030457274,-806.2338567082703
1894.3452304231819,-0.00012201403572878035,0.0015911087004470436,-0.5082627427765707,482.1484808035469,-807.0494185970438
1894.8316784545607,-0.00012169273597610067,0.0015318339240787753,-0.5075031718728344,482.57352786810355,-807.2859911622481
1895.3181264859393,-0.0001213768967109336,0.0014727134827661305,-0.5067724040572437,482.99875133281523,-807.5222468487418
1896.9898010951695,-0.00012033685503283095,0.0012706909192433018,-0.5044795974826779,484.4612739423706,-808.3318899066944
1898.6614757043997,-0.00011937439225455327,0.0010703421236477725,-0.5025231079003716,485.92551380430154,-809.1384239870002
1899.1479237357782,-0.00011911027225593607,0.0010123375276199927,-0.5020165514129533,486.3518821039299,-809.3726070217289
1899.6343717671568,-0.00011885371239029786,0.0009544590393787334,-0.5015381895234675,486.77836584227816,-809.6065799780793
1901.306046376387,-0.00011803285273668755,0.0007564743768912398,-0.5001083070328789,488.2447599052556,-810.4091905143893
1902.9777209856172,-0.00011731224422790585,0.0005597781309977489,-0.49900831356893405,489.71216825131825,-811.2099456231729
1903.464169016996,-0.0001171225184588199,0.0005027585871524906,-0.49874987769721035,490.1393281783895,-811.4426816278384
1903.9506170483746,-0.00011694208264192684,0.0004458286483903163,-0.4985191682022579,490.56654511001545,-811.6753130846881
1905.6222916576048,-0.00011639542485207241,0.0002508129467229909,-0.49793700268752,492.03501698959997,-812.4741160350317
1907.293966266835,-0.00011596715131220285,5.661212903048645e-05,-0.49768015885923506,493.50382390834164,-813.2723029206121
1907.7804142982136,-0.00011586563832863293,2.2544625152552945e-07,-0.4976663304885841,493.9312641994053,-813.5045236676187
1908.2668623295922,-0.00011577474782363103,-5.611475231668911e-05,-0.4976799327282713,494.3587045432562,-813.7367443177311
1909.9385369388224,-0.00011554534093108337,-0.00024944236877973125,-0.49793536686004375,495.82751204724076,-814.5349301257573
1911.6102115480526,-0.00011544760816885461,-0.0004424965497154925,-0.4985137533119059,497.2959865858062,-815.3337281895011
1912.0966595794314,-0.00011544450041739857,-0.0004986544579321865,-0.49874265709831905,497.7232049527108,-815.5663570100905
1912.58310761081,-0.00011545292589222122,-0.0005548138520891557,-0.4989988929686412,498.15036683318067,-815.7990894318692
1914.2547822200402,-0.0001155710980840077,-0.0007478928665541886,-0.5000877000370977,499.61778674279617,-816.5998233477106
1915.9264568292704,-0.00011582912789992713,-0.000941286324691333,-0.5014995352153616,501.08420413384255,-817.4023912749947
1916.412904860649,-0.00011593079179083831,-0.0009976553479630428,-0.5019711231588881,501.5106976685994,-817.6363463710676
1916.8993528920275,-0.00011604445754740841,-0.0010540768112579256,-0.502470158837364,501.93707749308595,-817.870508428301
1918.5710275012577,-0.00011652716297306516,-0.0012484489682322182,-0.5043945667528478,503.40137228225814,-818.6769427850713
1920.242702110488,-0.00011715257165976128,-0.0014437473283193851,-0.5066446758229999,504.8639803151651,-819.4864315601283
1920.7291501418667,-0.00011736137292369089,-0.001500786260356183,-0.5073608456045873,505.28923563547454,-819.7226298962187
1921.2155981732453,-0.00011758218365136906,-0.001557929620425895,-0.508104801649158,505.71431820773336,-819.9591386662325
1922.8872727824755,-0.000118432427931819,-0.0017551799330338203,-0.5108738079055357,507.17370181390356,-820.7744265734453
1924.5589473917057,-0.00011942268166705803,-0.001953968602542327,-0.5139738383172477,508.63068619249754,-821.5939932836221
1925.0453954230843,-0.00011973683203126215,-0.002012137533879092,-0.5149384771320409,509.05416927970515,-821.8333545889445
1925.531843454463,-0.00012006252340506459,-0.002070461891707915,-0.5159314637348641,509.47741760012065,-822.0731303463758
1927.203518063693,-0.00012126886958822247,-0.002272157338512942,-0.5195608906353205,510.9300200766132,-822.900439155247
1928.8751926729233,-0.00012260682679228702,-0.0024759794090032667,-0.5235292642044067,512.3794685970294,-823.7332599089352
1929.361640704302,-0.00012302025884669383,-0.0025357215159556193,-0.5247482152529827,512.8006142800601,-823.9767102962436
1929.8480887356807,-0.00012344427486908594,-0.0025956669749284413,-0.5259962898628808,513.2214589876752,-824.2206800566896
1931.5197633449109,-0.0001249804536441861,-0.002803293276593524,-0.5305085708409885,514.6652898953829,-825.0632028750838
1933.191437954141,-0.0001266340271450675,-0.0030135856922033502,-0.5353701638732908,516.1051553291288,-825.9124830833622
1933.6778859855197,-0.00012713630631798034,-0.0030753085604726662,-0.5368511131859851,516.5233563874355,-826.1609577703969
1934.1643340168982,-0.00012764771791453014,-0.003137277509372381,-0.5383621582443925,516.9411848201543,-826.4100578775757
1935.8360086261284,-0.00012947238984211288,-0.0033521745292750546,-0.5437858480927169,518.3740953064835,-827.2710213443023
1937.5076832353586,-0.0001313943864063094,-0.0035702031544711803,-0.5495713933453391,519.8021569894428,-828.1400015536733
1937.9941312667374,-0.00013197068109393494,-0.0036342598402331937,-0.5513236753399443,520.2167528865814,-828.3944461559477
1938.480579298116,-0.00013255416298633586,-0.0036985980022806652,-0.5531071946325828,520.6308977767914,-828.6496233796141
1940.1522539073462,-0.00013461090626931498,-0.003921894576348426,-0.5594761993232498,522.0505414476548,-829.5322898568407
1941.8239285165764,-0.00013673912738278713,-0.0041486890997772235,-0.566221406943679,523.4643657615059,-830.4242452796002
1942.310376547955,-0.00013737026116218324,-0.004215359228065383,-0.5682557281894919,523.8746310803738,-830.6856151336209
1942.7968245793336,-0.00013800615680327786,-0.004282336788898178,-0.5703225614368553,524.2843589651172,-830.9478257369711
1944.4684991885638,-0.0001402237813386261,-0.004514886165531505,-0.5776750874625203,525.6881518875358,-831.8554880598504
1946.140173797794,-0.00014248149688023414,-0.004751176198351989,-0.5854194869564798,527.0850520819877,-832.7737199463435
1946.6266218291728,-0.00014314411985883517,-0.004820647529976218,-0.5877475691827061,527.4901848147529,-833.0429769254357
1947.1130698605514,-0.0001438086273882291,-0.0048904407928327615,-0.5901095261224064,527.8946843241832,-833.3131831656889
1948.7847444697816,-0.00014610194421861434,-0.005132758359543734,-0.5984867554088616,529.2797648079489,-834.2491501207949
1950.4564190790118,-0.00014839887926742663,-0.005378912630012915,-0.6072722676790854,530.6567609543141,-835.1969671776591
1950.9428671103904,-0.00014906579894243853,-0.0054512636953749265,-0.6099064132746309,531.0558709054771,-835.4750734857502
1951.429315141769,-0.0001497313245808361,-0.005523937882961424,-0.6125758307799686,531.454241201348,-835.7542370376052
1953.1009897509991,-0.00015200252866605197,-0.005776143475800177,-0.6220203357504145,532.8174303991551,-836.7218078543349
1954.7726643602293,-0.00015423653247526454,-0.006032114689462135,-0.6318895938530734,534.1712106862573,-837.7024960653124
1955.2591123916081,-0.00015487725792965977,-0.006107299290930765,-0.634842180113219,534.5633083749909,-837.9904045466648
1955.7455604229867,-0.00015551298638898661,-0.006182793320762697,-0.6378314090006564,534.9545481408923,-838.2794763949523
1957.417235032217,-0.00015765383894728515,-0.006444561155786581,-0.6483853338419739,536.2923129696735,-839.2819027608866
1959.0889096414471,-0.0001597134328213291,-0.00670983988063465,-0.6593797838593011,537.6191980394411,-840.2986822481381
1959.5753576728257,-0.00016029498882448606,-0.0067876745036826985,-0.6626626961974109,538.0031846326661,-840.5973228439696
1960.0618057042043,-0.00016086773325403562,-0.0068657888059743925,-0.6659835284551058,538.3861821644722,-840.897229290038
1961.7334803134345,-0.0001627627565480541,-0.0071363089337961065,-0.6776865775731998,539.694602564494,-841.9376637809655
1963.4051549226647,-0.00016453078239295267,-0.00740989077473676,-0.6898444074142994,540.990515107862,-842.9936317942858
1963.8916029540435,-0.00016501886185642212,-0.00749004621910774,-0.693468426820664,541.3651740685654,-843.3038939219484
1964.378050985422,-0.00016549425566037218,-0.007570434938009872,-0.6971314791824025,541.7386991665118,-843.6155184995457
1966.0497255946523,-0.00016702515903324676,-0.00784839108221658,-0.7100187727257409,543.0134422370566,-844.6969488861027
1967.7214002038825,-0.0001683836874939721,-0.008128762321338946,-0.7233727371242533,544.2738845795692,-845.7950086619052
1968.207848235261,-0.0001687441646898225,-0.008210761103518177,-0.7273469033894405,544.6378758588273,-846.1177194989987
1968.6942962666396,-0.00016908820928460982,-0.00829293023905147,-0.731360979510251,545.0005743641382,-846.4418808095015
1970.3659708758698,-0.0001701394214448094,-0.008576499314880921,-0.7454608582861187,546.2368783779938,-847.5670504960133
1972.0376454851,-0.0001709755153558129,-0.008861645871529905,-0.7600360908033291,547.456921202125,-848.7098266108962
1972.5240935164788,-0.0001711761477844693,-0.00894486666094288,-0.7643670694183675,547.808778914286,-849.0457255403126
1973.0105415478574,-0.00017135691896602465,-0.009028179328430534,-0.7687385291434793,548.1591708389237,-849.3831512979875
1974.6822161570876,-0.00017182146245777743,-0.00931505586397837,-0.7840704106809723,549.3518424557909,-850.5544671680594
1976.3538907663178,-0.00017203302214857693,-0.009602497511787949,-0.7998823287808337,550.5261280459648,-851.744209106623
1976.8403387976964,-0.00017204513746282995,-0.009686186920783423,-0.804573812880857,550.8642626194732,-852.0939189099585
1977.326786829075,-0.00017203446732715595,-0.00976987595759576,-0.8093059801157487,551.2007448627324,-852.4452168244561
1978.9984614383052,-0.00017181967368236754,-0.010057321617629743,-0.8258783745654664,552.344172952991,-853.6646469589948
1980.6701360475354,-0.0001713210331816522,-0.01034417096279052,-0.8429307862043791,553.4669363333533,-854.903123849452
1981.1565840789142,-0.00017112113180869345,-0.010427462456354047,-0.8479829648987336,553.7896421033477,-855.2671196012282
1981.6430321102928,-0.00017089619651349458,-0.010510650105634525,-0.8530756053096905,554.1104967123312,-855.6327460915304
1983.314706719523,-0.00016992905149843353,-0.010795567160095998,-0.8708843973490418,555.1986859938421,-856.9017110967117
1984.9863813287532,-0.00016865612100458091,-0.011078611875881956,-0.8891679130235605,556.263796983124,-858.1901018441039
1985.4728293601318,-0.0001682273287235208,-0.011160551299378749,-0.8945770358579614,556.5692660639545,-858.5686788292129
1985.9592773915103,-0.00016777208130686638,-0.011242275437363657,-0.9000259338967997,556.8726748542582,-858.9489069317473
1987.6309520007405,-0.00016600397259814809,-0.011521302099161834,-0.9190530298671542,557.8993019602534,-860.268169863946
1989.3026266099707,-0.00016391868811690757,-0.011797107951182483,-0.938543875550371,558.9003304213372,-861.6069541188194
1989.7890746413495,-0.00016325199018523816,-0.011876684882649029,-0.94430194006445,559.1866734483662,-862.0001964364697
1990.2755226727281,-0.0001625583639770123,-0.011955930961619543,-0.9500986018858081,559.4707395382444,-862.3950846050977
1991.9471972819583,-0.00015996898255773203,-0.012225555479997548,-0.9703110302219142,560.4292331195152,-863.7646455790383
1993.6188718911885,-0.0001570628142315569,-0.012490586612888922,-0.9909703436964737,561.359538495177,-865.1535019798498
1994.105319922567,-0.00015615799675206766,-0.012566770434868337,-0.9970649289434667,561.6248124479823,-865.5612537663915
1994.5917679539457,-0.00015522681126064,-0.01264250800241286,-1.0031964335363601,561.8875888679455,-865.9706175200287
1996.2634425631759,-0.0001518269702636516,-0.012899197337172626,-1.0245459708002032,562.7712338812271,-867.389619880436
1997.935117172406,-0.00014812326889779786,-0.013149949266230605,-1.0463196464022453,563.6240784995339,-868.8273386392265
1998.421565203785,-0.00014698950982712652,-0.013221728563307259,-1.0527339098872706,563.8663213228466,-869.2491799917844
1998.9080132351635,-0.00014583101674869406,-0.013292950933559214,-1.0591829251917542,564.1058463552041,-869.6725684985306
2000.5796878443937,-0.00014166419588851817,-0.013533288912838046,-1.0816062999383698,564.9079108614135,-871.1392237593047
2002.2513624536239,-0.00013721917022813972,-0.013766428789533366,-1.1044254251399168,565.6765945523016,-872.623640760224
2002.7378104850025,-0.0001358752072829054,-0.013832852424729637,-1.1111382740810207,565.8938657077775,-873.0588704270663
2003.224258516381,-0.00013450920160835633,-0.013898617815755058,-1.1178832481720287,566.1082040206596,-873.495550076666
2004.8959331256112,-0.00012965144423412084,-0.014119446641129713,-1.1413029509000312,566.8220847459563,-875.0070885366263
2006.5676077348414,-0.00012455318669483725,-0.014331953857834333,-1.1650848520574368,567.500096199283,-876.5350475515538
2007.0540557662202,-0.0001230268475769226,-0.014392171509746386,-1.1720712917680463,567.6905216641848,-876.9826742377975
2007.5405037975988,-0.00012148210414317675,-0.014451643320271832,-1.1790868207841152,567.8778096883868,-877.4316210128969
2009.212178406829,-0.00011603932364169265,-0.014650199435892734,-1.2034125165170373,568.4971905025981,-878.9842739400449
2010.8838530160592,-0.00011040383363055318,-0.014839495919748555,-1.2280623939212931,569.0783687661337,-880.5516222559195
2011.3703010474378,-0.0001087306171903703,-0.014892794642430601,-1.2352940440515834,569.2401884232183,-881.0103659568357
2011.8567490788164,-0.00010704335218447623,-0.014945277285913392,-1.2425514058989782,569.3986818597085,-881.4702679528065
2013.5284236880466,-0.00010114506540731975,-0.015119308207239857,-1.2676818976747075,569.9176975044454,-883.0592854601624
2015.2000982972768,-9.510841068937381e-05,-0.015283363459236305,-1.293094974486274,570.3963954013258,-884.6609061701431
2015.6865463286556,-9.332890038961998e-05,-0.015329195656499069,-1.300540726357559,570.5280103392446,-885.129210301196
2016.1729943600342,-9.154005158161972e-05,-0.015374161253812718,-1.3080085511931627,570.6561312832666,-885.5984810809505
2017.8446689692644,-8.532898278208033e-05,-0.015522006465255329,-1.3338341767337885,571.0695274962868,-887.2181873912148
2019.5163435784946,-7.903554515234187e-05,-0.015659399943748535,-1.3598982154121813,571.4407678942033,-888.8480689835272
2020.0027916098732,-7.719178379087548e-05,-0.015697397719095903,-1.3675249823396285,571.540784961489,-889.3241232846464
2020.4892396412517,-7.534332946558199e-05,-0.015734498704319366,-1.3751700093986385,571.6371659857771,-889.8009259527221
2022.160914250482,-6.896259509887352e-05,-0.015855119058532978,-1.4015752796842875,571.9404469423046,-891.4448109294739
2023.8325888597121,-6.255257858143441e-05,-0.015965048426003565,-1.4281732520278876,572.2000630041592,-893.0961519429376
2024.319036891091,-6.068460282232041e-05,-0.015995022086731668,-1.4359467471255307,572.2673340986651,-893.5779253021539
2024.8054849224695,-5.881618859803062e-05,-0.016024088071939963,-1.4437346014855985,572.3308568123074,-894.0602063539314
2026.4771595316997,-5.2398593911467974e-05,-0.016117043066638383,-1.4706008503349997,572.5204116686797,-895.7210493869509
2028.14883414093,-4.5998725265612916e-05,-0.016199284747333023,-1.4976135351013378,572.6651634545841,-897.3863932541203
2028.6352821723087,-4.414212840179479e-05,-0.016221208523205452,-1.5054990134060293,572.6988174545808,-897.8716748619971
2029.1217302036873,-4.228874365042917e-05,-0.01624223085090785,-1.5133949410011311,572.728643503593,-898.3572061490486
2030.7934048129175,-3.594959223554346e-05,-0.016307617502599934,-1.5406027881658857,572.8018455431624,-900.0272261910194
2032.4650794221477,-2.966692137529267e-05,-0.016362454364382228,-1.5679111226280926,572.829507264128,-901.6986193841619
2032.9515274535263,-2.7851190327016942e-05,-0.016376443498811413,-1.5758740417548283,572.8289731007371,-902.1850661053271
2033.4379754849049,-2.604154657882344e-05,-0.016389551548292837,-1.5838435588113435,572.8245661822631,-902.6714927593919
2035.109650094135,-1.987347944524402e-05,-0.016427917058528106,-1.6112750496880721,572.7798402230599,-904.3425168089464
2036.7813247033653,-1.3791419657576329e-05,-0.016456043455696307,-1.6387621169814623,572.6892547009772,-906.0116822309649
2037.267772734744,-1.203911413999062e-05,-0.01646232542979968,-1.6467686849824172,572.6542747405829,-906.4968698000048
2037.7542207661227,-1.0295013263287845e-05,-0.01646775747385168,-1.6547781118895424,572.6154128762023,-906.981761706668
2039.4258953753529,-4.366984435664088e-06,-0.016479997722051182,-1.6823184429059277,572.452268939663,-908.6454033801566
2041.097569984583,1.4548291939417265e-06,-0.016482417013601567,-1.709871026912503,572.2433681696642,-910.3039206099007
2041.5840180159616,3.128119938632552e-06,-0.016481301753220812,-1.7178886224797532,572.1740017496434,-910.7853962207334
2042.0704660473402,4.79186567230634e-06,-0.01647937512583513,-1.7259054895889276,572.1007797323799,-911.2663006211717
2043.7421406565704,1.0434726697426598e-05,-0.01646663174549768,-1.7534442915196657,571.8198132068768,-912.9141406005697
2045.4138152658006,1.595967186087738e-05,-0.0164445538961371,-1.7809539885676284,571.4936060320056,-914.5536250187504
2045.9002632971794,1.754480702010485e-05,-0.016436404289402653,-1.7889514524216172,571.3902235818297,-915.0289590450425
2046.386711328558,1.9119706523147744e-05,-0.01642748620870362,-1.7969447772569207,571.2830460886939,-915.5034520324257
2048.0583859377884,2.4452962970628313e-05,-0.016391049428979447,-1.8243769612989447,570.8859065186734,-917.1272129650397
2049.7300605470186,2.9663345508175574e-05,-0.016345799882465182,-1.85174086886222,570.4444361733243,-918.739486770291
2050.216508578397,3.115632907126292e-05,-0.01633100662390607,-1.8596886760450224,570.3077048299689,-919.2063216727648
2050.702956609776,3.26388655132998e-05,-0.016315489663690088,-1.8676291235855673,570.1672711526277,-919.6720566810307
2052.374631219006,3.76537963188677e-05,-0.0162567192554695,-1.8948553443852252,569.6566032283135,-921.263766330541
2054.046305828236,4.2545407283505885e-05,-0.016189668590077633,-1.9219763992378491,569.1028787236669,-922.8410157824444
2054.532753859615,4.3945730498256266e-05,-0.016168631458414115,-1.9298467361470366,568.9337406594367,-923.2971106589712
2055.0192018909934,4.53356751368781e-05,-0.01614691563277195,-1.93770668698215,568.7610222956788,-923.7518624463544
2056.6908765002236,5.003331093181737e-05,-0.01606718572887406,-1.9646335144297684,568.1403834723894,-925.3040003072656
2058.3625511094538,5.460928928264298e-05,-0.01597970459232452,-1.991420580652036,567.478289444116,-926.8389149557077
2058.8489991408323,5.591812895852231e-05,-0.015952821278247906,-1.9991873573369139,567.2779342770349,-927.2821846014443
2059.335447172211,5.7216739749913726e-05,-0.01592530373820281,-2.0069409147403143,567.074146762242,-927.7238876403693
2061.007121781441,6.160170360445795e-05,-0.01582597411406804,-2.033480824396278,566.3479062944236,-929.229511608043
2062.6787963906713,6.586652420047745e-05,-0.015719414677412592,-2.059848644294619,565.582096128517,-930.7154025929799
2063.16524442205,6.70850394861857e-05,-0.0156870772623537,-2.0674874751929364,565.351928814998,-931.1439503100795
2063.6516924534285,6.829338199110599e-05,-0.01565414959029797,-2.0751104443142996,565.118499191085,-931.5707308609431
2065.3233670626587,7.236836339016663e-05,-0.015536562458875932,-2.101181739922633,564.2917233501365,-933.0235817525556
2066.995041671889,7.632276653784481e-05,-0.015412264068316615,-2.127050858588246,563.4275002822588,-934.4544773721218
2067.481489703268,7.745072354184341e-05,-0.015374862223502688,-2.1345390430811277,563.1691058403924,-934.8666210749535
2067.9679377346465,7.856834514589981e-05,-0.015336914285279165,-2.142008913161033,562.9076371019295,-935.2768225198604
2069.6396123438767,8.232993597961465e-05,-0.015202412207089334,-2.167535683026607,561.9859651078781,-936.6714052062875
2071.311286953107,8.596739325344395e-05,-0.01506172572847256,-2.192832440030597,561.0291557052138,-938.0421228245375
2071.7977349844855,8.700225915090996e-05,-0.015019654856631062,-2.2001489682027775,560.7442620276752,-938.4364142239921
2072.284183015864,8.802633651414964e-05,-0.014977083368774005,-2.207444922330173,560.4564957934982,-938.8286154672095
2073.9558576250943,9.14625222456864e-05,-0.014827041594004584,-2.232357106717903,559.4460106672324,-940.1602561181575
2075.6275322343245,9.476740834466548e-05,-0.014671365379926114,-2.25701376060586,558.4028347729004,-941.46645015605
2076.113980265703,9.570395261953328e-05,-0.014625037599196348,-2.2641393610667375,558.0932746933456,-941.8416869905627
2076.6004282970816,9.662895909411334e-05,-0.014578257286531266,-2.271242329305775,557.7810532572693,-942.2147139118487
2078.272102906312,9.971849248107688e-05,-0.014414123023749064,-2.295475945294923,556.6881514807957,-943.4795934411268
2079.943777515542,0.00010266633736397715,-0.014244942494986822,-2.319430964347116,555.565092393654,-944.7177797387995
2080.4302255469206,0.00010349688483584828,-0.014194798005001702,-2.326348201294848,555.2327660837985,-945.0730111723478
2080.916673578299,0.00010431492514858371,-0.014144252820485408,-2.3332409631429236,554.8979949125995,-945.4259412698959
2082.5883481875294,0.00010702916767251103,-0.013967582113844575,-2.3567384976487578,553.7292585015301,-946.621105574045
2084.2600227967596,0.00010958957821878355,-0.013786502655398753,-2.3799370112208784,552.5329368975135,-947.7886629121044
2084.7464708281386,0.00011030506387974903,-0.013733018303012453,-2.38663042577981,552.1797755976825,-948.1231883655923
2085.232918859517,0.00011100701367106851,-0.013679189471352356,-2.3932977554595847,551.8243872714207,-948.4553488724513
2086.9045934687474,0.0001133144444928457,-0.013491670153520504,-2.416008691587859,550.5864616232628,-949.5786969743029
2088.5762680779776,0.000115456233943951,-0.013300432011408113,-2.438403048101709,549.3235164962184,-950.6738470893575
2089.062716109356,0.0001160477561548225,-0.013244123963560983,-2.4448593247051984,548.9514485173652,-950.9872089383512
2089.549164140735,0.00011662481759041554,-0.013187531917601625,-2.451288158658479,548.5773690424246,-951.2981688660478
2091.220838749965,0.00011849623685299606,-0.0129909845265127,-2.473169554657981,547.2768496999704,-952.3484206881475
2092.892513359195,0.00012019219600235061,-0.012791455387467388,-2.4947198951181115,545.953829358232,-953.370188772205
2093.3789613905737,0.00012065228402912622,-0.012732875509537098,-2.500928025378476,545.5647492171015,-953.6621595412056
2093.8654094219523,0.00012109720319734642,-0.01267407567075192,-2.5071076242808576,545.1738675622685,-953.9517163034968
2095.5370840311825,0.0001225094875949469,-0.012470434723810172,-2.52812465174067,543.817198718647,-954.9283624899051
2097.2087586404127,0.00012373953228940414,-0.012264585219642202,-2.5487994118055584,542.4404644889142,-955.876520850434
2097.6952066717913,0.00012406295832219537,-0.012204313009372865,-2.5547508324446553,542.0362059100064,-956.147085728805
2098.18165470317,0.00012437079441400894,-0.012143887332626193,-2.560672915168052,541.6303474805828,-956.4152471899746
2099.8533293124,0.00012530925411201384,-0.01193516961860493,-2.5807992861939884,540.2237345280572,-957.3184840175717
2101.5250039216303,0.00012606240086722453,-0.011725037996805333,-2.6005755673200306,538.7993792072203,-958.19348212995
2102.0114519530093,0.0001262466949971752,-0.011663669714873096,-2.606264256776828,538.3816925322554,-958.4428177809729
2102.497899984388,0.00012641531247041207,-0.011602215570467074,-2.611923091680006,537.9625970983275,-958.6897807125035
2104.169574593618,0.00012687522223465235,-0.011390480227828806,-2.6311413302116042,536.5119347990047,-959.5204335551973
2105.8412492028483,0.0001271508988301179,-0.011178130054670322,-2.6500051022487505,535.0457171216025,-960.3233180721588
2106.327697234227,0.0001271966941908382,-0.011116266023250809,-2.6554276261556247,534.6162514356212,-960.5517687865337
2106.8141452656055,0.00012722708931934507,-0.01105438333137853,-2.6608200703637537,534.1855557968145,-960.7778947883614
2108.4858198748357,0.0001272146853808574,-0.010841686502130026,-2.6791215986523906,532.6963728390086,-961.5373337894649
2110.157494484066,0.00012702352343671265,-0.010629159820840164,-2.697067709268118,531.1936684076035,-962.269662178878
2110.6439425154445,0.00012693474656144804,-0.010567390560940302,-2.702223208360971,530.7539584530635,-962.4777144395781
2111.130390546823,0.00012683122088806697,-0.01050566784083071,-2.707348688932488,530.3131838852144,-962.6835043909737
2112.8020651560532,0.00012636415252311925,-0.010294014178203347,-2.7247337106573584,528.7906037862575,-963.3735559793179
2114.4737397652834,0.00012572821750757708,-0.010083282446948501,-2.7417656869130944,527.2563721333977,-964.0373073676727
2114.960187796662,0.00012551211406713295,-0.010022174347753914,-2.7466558038385194,526.8078298629462,-964.2255638524077
2115.4466358280406,0.00012528228017013378,-0.009961174379172596,-2.7515162376213484,526.3583741743736,-964.4116319110966
2117.118310437271,0.00012438949054985294,-0.009752467841494566,-2.76799340927232,524.8070917675938,-965.0344895941859
2118.789985046501,0.00012334194975367524,-0.00954538310436188,-2.7841230470648686,523.2458585386356,-965.631976128773
2119.27643307788,0.00012300894840607806,-0.009485464336144118,-2.7887517916087474,522.78976896861,-965.8011300884596
2119.7628811092586,0.00012266357824797583,-0.00942571014162367,-2.79335144365328,522.3329028093191,-965.9681781640766
2121.434555718489,0.00012138465550872746,-0.009221706468447251,-2.8089373363348598,520.7571749538891,-966.5263156801295
2123.106230327719,0.00011996894578689364,-0.009019955069604025,-2.824184083790707,519.1730276572465,-967.0600973244376
2123.5926783590976,0.00011953238430706762,-0.008961702391305695,-2.828557639018082,518.7105485371463,-967.2109081522239
2124.079126390476,0.00011908512017386267,-0.008903664179676198,-2.8329029223492124,518.247415462567,-967.3597016531103
2125.7508009997064,0.00011746920641780709,-0.008705927160338404,-2.847621285957392,516.6510641677522,-967.8557911046821
2127.4224756089366,0.00011573780173344796,-0.008510987954623529,-2.8620114361280344,515.0476595546392,-968.3285962930083
2127.908923640315,0.00011521354364804051,-0.008454814952075966,-2.866137910500804,514.5798242678603,-968.4618669517299
2128.3953716716937,0.0001146805061895102,-0.008398898544141987,-2.870237132571711,514.1114439641248,-968.5932124556805
2130.067046280924,0.00011278487801959874,-0.008208761747619803,-2.88411798249118,512.4978698353624,-969.030049526824
2131.738720890154,0.00011079777588796832,-0.008021870281927404,-2.897683698124193,510.8784507495848,-969.4447035717403
2132.2251689215327,0.00011020375578829195,-0.007968117427879935,-2.9015728306707937,510.40617380783874,-969.5612603915386
2132.7116169529113,0.0001096030822863045,-0.007914654537854634,-2.905435893757717,509.9334478378198,-969.6759857346627
2134.3832915621415,0.00010749152952805448,-0.007733189654594403,-2.918514446330559,508.3056516261224,-970.0564235558845
2136.0549661713717,0.00010531459508747167,-0.0075553092489153125,-2.9312926447056653,506.6730710954286,-970.4157861686044
2136.5414142027507,0.00010467033379726224,-0.007504236010610767,-2.9349554716607624,506.1971555794115,-970.5164613727261
2137.0278622341293,0.00010402169514358388,-0.00745347658748555,-2.938593535719697,505.7208750033194,-970.6153984977861
2138.6995368433595,0.00010176287662419841,-0.00728146889812046,-2.9509090224135983,504.08148505342973,-970.9422912067114
2140.3712114525897,9.946624523880554e-05,-0.007113268823725082,-2.9629401507672277,502.43823545505836,-971.2492039909982
2140.8576594839683,9.879239800778882e-05,-0.007065047810579667,-2.966388642599311,501.95938177997795,-971.3348211662985
2141.344107515347,9.811655099912441e-05,-0.007017154404267257,-2.9698137594947016,501.48023603386173,-971.4187919322791
2143.015782124577,9.57825026941441e-05,-0.006855085045101347,-2.981408150100438,499.83153955334456,-971.6949485140987
2144.6874567338073,9.343914569116128e-05,-0.006696925235780632,-2.9927348812211245,498.1797848485396,-971.9521928578239
2145.173904765186,9.275709288382846e-05,-0.006651638196031679,-2.9959815584598135,497.69860028623106,-972.023555465074
2145.6603527965644,9.207547488767781e-05,-0.0066066821532330495,-2.9992062858897235,497.21718675730153,-972.0933605009021
2147.3320274057946,8.974022851919424e-05,-0.006454716535421243,-3.0101229486259857,495.5611630366876,-972.321509105124
2149.003702015025,8.742457682884441e-05,-0.0063066383117069665,-3.0207888235264777,493.90277229920514,-972.5317745384331
2149.4901500464034,8.675602195144952e-05,-0.006264273864973351,-3.0238463590658715,493.41978075902944,-972.5896574603187
2149.976598077782,8.609034578762366e-05,-0.006222233259252115,-3.0268833618124718,492.93661456852965,-972.6460680511037
2151.648272687012,8.382851807402312e-05,-0.006080215464635413,-3.0371656862972882,491.2749685378812,-972.8288306761846
2153.3199472962424,8.161500519375623e-05,-0.005941938326637919,-3.0472137298211286,489.6115492665692,-972.9946934893588
2153.8063953276214,8.098153891881939e-05,-0.0059023914919961494,-3.0500945452604085,489.1272009156269,-973.0398375388722
2154.292843359,8.035335240065942e-05,-0.005863150866048962,-3.052956191360021,488.64272449871936,-973.0835904599907
2155.96451796823,7.823857880617682e-05,-0.005730604426036592,-3.0626462009266886,486.9769192782357,-973.2234676617919
2157.6361925774604,7.61999848786979e-05,-0.0056015295255388495,-3.0721175376172716,485.3098492563676,-973.3473793615858
2158.122640608839,7.562258480520699e-05,-0.0055646032592680745,-3.074833401799492,484.82452963853683,-973.3804886146983
2158.6090886402176,7.505276003370254e-05,-0.005527955409398469,-3.0775313619003675,484.3391217894142,-973.4122837716857
2160.280763249448,7.31558671418651e-05,-0.00540409137373281,-3.0866683446014185,482.670409159617,-973.5116488645042
2161.952437858678,7.136136590012222e-05,-0.00528331274299003,-3.0956008458355826,481.0008658862954,-973.5959338735341
2162.4388858900566,7.085980222868078e-05,-0.005248721829735673,-3.0981624849585314,480.5149042748228,-973.6176756413286
2162.925333921435,7.036793104195048e-05,-0.005214371988893546,-3.1007073444093587,480.0288883999057,-973.6381763255941
2164.5970085306653,6.875476105028686e-05,-0.005098105606444079,-3.1093265368920138,478.35833636875293,-973.6992783845224
2166.2686831398955,6.72675977798539e-05,-0.0049844305981918075,-3.1177535357824424,476.687323331936,-973.7461402335322
2166.755131171274,6.685973107394401e-05,-0.004951808340147806,-3.1201702661717827,476.2010001199089,-973.7571474445181
2167.2415792026527,6.646341100563406e-05,-0.004919381209579313,-3.12257116114263,475.71465151094844,-973.766982970618
2168.913253811883,6.519229706099529e-05,-0.004809358798322541,-3.1307025259595935,474.0431683872705,-973.7919577920562
2170.584928421113,6.40671989310663e-05,-0.004701339230507458,-3.138651643156474,472.37153767280773,-973.803492901937
2171.071376452492,6.376822273922946e-05,-0.004670247328900087,-3.140931039713931,471.8850906699902,-973.8043686203312
2171.5578244838707,6.34823017671696e-05,-0.004639297323520215,-3.143195330536296,471.39864267252705,-973.8041390653964
2173.229499093101,6.260152028990891e-05,-0.004533934265314525,-3.150862473399924,469.7269972701064,-973.7950270854327
2174.901173702331,6.188228061948906e-05,-0.004429908564472235,-3.1583546013275696,468.0554682111149,-973.7732450769079
2175.3876217337097,6.170405418532303e-05,-0.00439985013066796,-3.160502215525944,467.56909777593745,-973.7645688362647
2175.8740697650883,6.153998020913795e-05,-0.004369874713121824,-3.162635211088809,467.0827467885542,-973.7548515559133
2177.5457443743185,6.108560395232736e-05,-0.004267403597742427,-3.169854484693858,465.411584589291,-973.7136215696435
2179.2174189835487,6.0802952715520426e-05,-0.00416554851743672,-3.176902974842241,463.74075836166844,-973.6604708888822
2179.7038670149273,6.075336208600439e-05,-0.004135983789939706,-3.178922114767325,463.25463135537836,-973.6428064788688
2180.190315046306,6.071853342733829e-05,-0.00410643949870723,-3.1809268602687677,462.76854065323266,-973.624164033331
2181.861989655536,6.071219768212834e-05,-0.004004967665503614,-3.18770669597361,461.09839595613727,-973.5527414271041
2183.5336642647662,6.088174629307408e-05,-0.003903359412898219,-3.1943167897669054,459.4287662227067,-973.4701389556717
2184.020112296145,6.096417387184506e-05,-0.003873724175397888,-3.1962083739939806,458.94301882967056,-973.4440432666622
2184.5065603275234,6.106143914684074e-05,-0.003844045291807308,-3.198085513826195,458.45732126267774,-973.4170323582895
2186.1782349367536,6.150877154768863e-05,-0.003741620695333116,-3.2044260208031887,456.7886255403241,-973.3173304580655
2187.849909545984,6.21295208948445e-05,-0.0036383033562895606,-3.2105945609953506,455.12058544031726,-973.2071936737846
2188.336357577363,6.234239746737876e-05,-0.003608029310986068,-3.21235705630434,454.6353249548885,-973.1732261760401
2188.8228056087414,6.256960256003017e-05,-0.00357764845600683,-3.214104781726324,454.15012462730004,-973.1384071726019
2190.4944802179716,6.345866164661314e-05,-0.003472332145203701,-3.219997644617641,452.4832115047227,-973.0123602304277
2192.166154827202,6.451148841774203e-05,-0.0033653927337593884,-3.225713096258183,450.81705747781706,-972.8766404203795
2192.6526028585804,6.484787196675734e-05,-0.0033339298116860246,-3.2273425475129804,450.3323632140092,-972.8353728383584
2193.139050889959,6.519744607754172e-05,-0.0033023004571147664,-3.2289566374246728,449.8477363078404,-972.793319441141
2194.810725499189,6.649735915532532e-05,-0.0031922454306637905,-3.234385340925953,448.18284376944354,-972.6429157332163
2196.4824001084194,6.794374514042518e-05,-0.003079894945006423,-3.2396281496034587,446.5187768924658,-972.4836307163672
2196.968848139798,6.839096785608698e-05,-0.0030467352842975678,-3.2411183096326313,446.0347004272426,-972.4356564465328
2197.4552961711765,6.884958019849362e-05,-0.0030133559000495606,-3.242592272150681,445.5506953863644,-972.3869650505126
2199.1269707804067,7.050942709354742e-05,-0.002896891323878906,-3.247532677905883,443.88796600125335,-972.2142785235043
2200.798645389637,7.229045205568996e-05,-0.0027775507386496034,-3.2522759889105632,442.22609169636564,-972.0335433101734
2201.2850934210155,7.28298497761557e-05,-0.002742254015029162,-3.253618554928262,441.7426567089693,-971.9794861232707
2201.771541452394,7.337814822688987e-05,-0.0027066935283013003,-3.254943876147547,441.25929405172906,-971.9247844098303
2203.4432160616243,7.53261485222798e-05,-0.002582413142374681,-3.2593651726586983,439.5987741786345,-971.7320032934317
2205.1148906708545,7.736181649767526e-05,-0.0024548030578981257,-3.2635759297180065,437.9391013134976,-971.5320570971676
2205.6013387022335,7.796856006841304e-05,-0.0024170227721369716,-3.2647608913027275,437.45630332822867,-971.4725786638162
2206.087786733612,7.85810170568841e-05,-0.0023789469324928345,-3.2659273960654147,436.97357540041077,-971.412532964926
2207.7594613428423,8.072410460015716e-05,-0.0022458001635189224,-3.2697934366282517,435.3152144754292,-971.2019837675377
2209.4311359520725,8.291309478446059e-05,-0.002109032482373808,-3.2734338726246217,433.6576550015825,-970.9852117901653
2209.917583983451,8.35561535336185e-05,-0.0020685427012822,-3.2744499743429953,433.17546137452075,-970.9210175712848
2210.4040320148297,8.42010449961011e-05,-0.002027740834660823,-3.2754463018534916,432.69333238576735,-970.8563385472265
2212.07570662406,8.642493032938071e-05,-0.0018851247307945717,-3.2787173382890993,431.03698348921455,-970.6305038662155
2213.74738123329,8.864487791396893e-05,-0.001738794305600088,-3.281746862436676,429.38135383255826,-970.3994522968953
2214.2338292646687,8.928714421065718e-05,-0.0016955162247598882,-3.2825821817551493,428.8997043370688,-970.331295347297
2214.7202772960472,8.99266957012444e-05,-0.0016519277293451928,-3.2833963763724334,428.4181110356646,-970.2627415272618
2216.3919519052774,9.20965270795574e-05,-0.001499777374391083,-3.286031187219414,426.76353395382574,-970.0242701332841
2218.0636265145076,9.420494664291313e-05,-0.00134405109770142,-3.288408663292445,425.10955935500084,-969.7816528350241
2218.5500745458867,9.480355692352874e-05,-0.0012980786544630211,-3.2890513013937603,424.6283677089391,-969.7103350788
2219.0365225772653,9.539428750146383e-05,-0.001251818450951209,-3.2896715158387697,424.1472210344912,-969.6387138243466
2220.7081971864955,9.735602388584741e-05,-0.0010906930293166658,-3.291629916514552,422.49408895163845,-969.3904215184856
2222.3798717957256,9.919198770120613e-05,-0.0009263933481834328,-3.293316314749581,420.84141182823504,-969.1391169189066
2222.8663198271042,9.969886989979123e-05,-0.0008780169716724926,-3.2937551942340844,420.3605684600864,-969.0654874686402
2223.352767858483,0.00010019216827240008,-0.0008293989790975284,-3.294170498744435,419.8797564637505,-968.9916529337606
2225.024442467713,0.00010177477247795829,-0.0006605601815753141,-3.295416207928242,418.22766721516683,-968.7365127263412
2226.696117076943,0.00010316144756724474,-0.0004892395496506463,-3.2963775991713984,416.57586035974623,-968.47954948452
2227.182565108322,0.00010352412652900568,-0.000438967000807379,-3.296603358387978,416.0952366255185,-968.4044995933718
2227.6690131397004,0.00010386708578168683,-0.00038852457694615243,-3.296804645052734,415.61462885729225,-968.3293472724733
2229.3406877489306,0.00010488563193388797,-0.00021400359739246193,-3.297308466284993,413.96312132764643,-968.0704674971182
2231.0123623581608,0.00010563376196312752,-3.8005963981147835e-05,-3.2975193109845713,412.31170635208406,-967.810997591172
2231.4988103895394,0.00010579644380050083,1.3420895785161558e-05,-3.2975252799608707,411.8311602865796,-967.7354518498785
2231.985258420918,0.00010593297973214329,6.491872220649059e-05,-3.2975062466380196,411.35061371622294,-967.6599093289155
2233.656933030148,0.000106192745150761,0.00024226970714916364,-3.297249507135154,409.69918947430494,-967.4004983954711
2235.3286076393783,0.00010610514045260781,0.0004197645904443904,-3.296696174218224,408.0476603631647,-967.1417563802524
2235.8150556707574,0.0001060100963064029,0.0004713583491007553,-3.29647941195266,407.5670438799929,-967.0666598047724
2236.301503702136,0.00010588236594041129,0.0005228961116956666,-3.2962376049202256,407.08641024465885,-966.991673366118
2237.973178311366,0.00010518399069313443,0.0006993723752004077,-3.2952157752665965,405.43455987837973,-966.7349899913651
2239.6448529205963,0.00010406116288148166,0.000874326409249216,-3.293900207060297,403.78241084376987,-966.4802373361507
2240.131300951975,0.00010365046413923934,0.0009248493522068384,-3.29346257432608,403.3015780962149,-966.4065380438549
2240.6177489833535,0.00010320064774701915,0.0009751612525683756,-3.293000463135145,402.8207123628177,-966.3330548304307
2242.2894235925837,0.00010134662413121713,0.0011461989702825554,-3.2912268612974933,401.16794525463746,-966.0823427973071
2243.961098201814,9.899386239462718e-05,0.0013137204998666969,-3.2891702790111244,399.5147013397461,-965.8347964669133
2244.4475462331925,9.821155392188161e-05,0.0013616882748082077,-3.288519514187709,399.03351773520774,-965.7634237219751
2244.933994264571,9.738407736152778e-05,0.0014092629164829847,-3.287845565391942,398.55228714565783,-965.6923692534168
2246.6056688738013,9.418677292952832e-05,0.0015694639277821633,-3.285355023816236,396.8981626728946,-965.4507760866727
2248.2773434830315,9.042274469633705e-05,0.0017238463975499385,-3.282601541631636,395.24341080734655,-965.2135209314762
2248.76379151441,8.92174522685219e-05,0.001767542011537112,-3.2817522990966035,394.7617619559398,-965.1453584706155
2249.2502395457886,8.796164125085422e-05,0.0018106376750535755,-3.2808820074697507,394.280054914085,-965.077609441111
2250.921914155019,8.325275827477291e-05,0.0019538320413270993,-3.2777343539646298,392.6242123666361,-964.84808890931
2252.593588764249,7.791946624985323e-05,0.0020886327831153117,-3.2743543417776872,390.9676299427996,-964.623974035549
2253.080036795628,7.624738253295987e-05,0.0021261326969749,-3.2733291443629504,390.48542965001946,-964.55982877807
2253.5664848270067,7.45204848907984e-05,0.0021628048927783837,-3.2722859722621367,390.00316354574613,-964.4961812657828
2255.238159436237,6.816171953858174e-05,0.002282156976880298,-3.2685691488066047,388.3453475552232,-964.2813803661022
2256.909834045467,6.113554007644596e-05,0.0023903214247861597,-3.2646621585462015,386.68672521194446,-964.0729004945683
2257.3962820768456,5.8963699694338314e-05,0.0024195351964589403,-3.2634922085754705,386.20392153916686,-964.0134670010447
2257.882730108224,5.673418720128593e-05,0.002447677904139664,-3.262308377275663,385.72104853146027,-963.9546004868375
2259.5544047174544,4.862875044742582e-05,0.0025358404580507303,-3.25814099869493,384.06112665621515,-963.7567325455283
2261.2260793266846,3.983217368411353e-05,0.0026098756785410335,-3.253838049163623,382.4003819860044,-963.5658964252094
2261.712527358063,3.7141901184759645e-05,0.0026286001639412456,-3.252563837230097,381.9169604483204,-963.5117177916615
2262.198975389442,3.439292670410293e-05,0.002646001707810334,-3.2512809089166095,381.43347029251686,-963.4581557133224
2263.870649998672,2.4497480051337856e-05,0.002695320763239327,-3.246814047485649,379.7714397643519,-963.278862406568
2265.542324607902,1.3911062237285151e-05,0.002727520312278881,-3.24227904976405,378.108619258636,-963.1070515779359
2266.0287726392808,1.0701440315769978e-05,0.0027335088518883406,-3.240950697256801,377.6246024511314,-963.0584778183438
2266.5152206706593,7.434298520842736e-06,0.0027379227671494623,-3.239619883498183,377.14052169915,-963.0105457555323
2268.1868952798895,-4.229251242453869e-06,0.002740693958095446,-3.2350378579744525,375.4765033482839,-962.8507521414099
2269.8585698891197,-1.655531894176964e-05,0.00272341373184273,-3.2304679596436827,373.8117711826616,-962.6985746422154
2270.345017920499,-2.0264139360709673e-05,0.00271446003563805,-3.229145230680369,373.3272145541756,-962.6557199893552
2270.8314659518774,-2.4026733590720047e-05,0.00270369054931285,-3.22782736320436,372.84260190834414,-962.6135029503077
2272.5031405611076,-3.736023496024293e-05,0.0026524648783180817,-3.2233473135712125,371.1768210206728,-962.473270876542
2274.1748151703378,-5.1295628613570535e-05,0.002578446847607579,-3.218971947296116,369.5104353003177,-962.3404157119744
2274.6612632017163,-5.545948436611738e-05,0.0025524824548052204,-3.217723868725471,369.0254194326969,-962.3031166123914
2275.147711233095,-5.967050584248252e-05,0.0025244833574630684,-3.2164889717352416,368.54035769497716,-962.2664172329323
2276.819385842325,-7.449009060081509e-05,0.0024124174159369316,-3.2123590158757955,366.87311399354934,-962.1448035955007
2278.4910604515553,-8.981568142177917e-05,0.0022751550121074436,-3.208437457948493,365.20539375100367,-962.0299028020324
2278.977508482934,-9.436404027323195e-05,0.0022303582732297214,-3.207341492913023,364.72001431920495,-961.9976786518818
2279.4639565143125,-9.894987853121263e-05,0.002183343020345089,-3.206267903460731,364.2346002106749,-961.9659783776026
2281.1356311235427,-0.00011497879857597201,0.0020045853960381065,-3.2027637005146605,362.5662321243191,-961.8609055121984
2282.807305732773,-0.00013138059893520013,0.0017987209658019275,-3.199580979029953,360.8975214590138,-961.7614113084887
2283.2937537641515,-0.00013621502406949325,0.0017336345089644944,-3.1987217105519,360.41187896451703,-961.7334301420047
2283.78020179553,-0.00014107405388773568,0.001666194401040174,-3.1978947049385495,359.92621301090804,-961.7058556169708
2285.4518764047602,-0.00015793862806750818,0.001416296580623599,-3.1953142931376393,358.2570645666789,-961.6140015315447
2287.1235510139904,-0.00017500515816246923,0.0011380378774674144,-3.1931753342618046,356.5877034433603,-961.5260863309251
2287.6099990453695,-0.00017999882525750386,0.0010516905143833526,-3.192642630598502,356.10189570369147,-961.5011377290948
2288.096447076748,-0.00018500105810345102,0.0009629167978940235,-3.192152530541251,355.61607525997323,-961.476434659677
2289.7681216859783,-0.00020223052938084634,0.000639253411751171,-3.190809365256093,353.9464768220558,-961.3931508953976
2291.4397962952085,-0.00021945440293146616,0.0002867926347322942,-3.1900313297690546,352.27679065882376,-961.3116379379076
2291.926244326587,-0.0002244529039595628,0.00017882065765894773,-3.189917982910547,351.7909117315622,-961.2881154063487
2292.4126923579656,-0.00022944095029445388,6.842538501309184e-05,-3.1898577353339173,351.3050308801936,-961.2646321459579
2294.084366967196,-0.0002464720512417746,-0.0003293948041008819,-3.190071925907708,349.6353069389189,-961.1838969548393
2295.756041576426,-0.0002632565825867265,-0.0007554793601638851,-3.190974766802964,347.965628564006,-961.1022292197738
2296.2424896078046,-0.00026808024918670477,-0.0008847175441090943,-3.191373619440641,347.4797780902118,-961.0781242634177
2296.728937639183,-0.00027287182916280786,-0.0010162880636357017,-3.1918358681941785,346.99393839790287,-961.0538073476793
2298.4006122484134,-0.00028905887777142924,-0.0014860425060248652,-3.19392369988811,345.32445600705614,-960.9682218753492
2300.0722868576436,-0.00030473055150230115,-0.0019824256570227516,-3.1968190654239823,343.65519316218365,-960.8784770553868
2300.558734889022,-0.00030917854822657103,-0.0021317486489551745,-3.1978196700721444,343.16949983385723,-960.851387241226
2301.0451829204007,-0.0003135707942832674,-0.002283215014880178,-3.1988933667246555,342.68383559389054,-960.8237911809154
2302.716857529631,-0.0003282021428067987,-0.0028197447695443713,-3.20315529721374,341.01510520133183,-960.724626732385
2304.388532138861,-0.0003420295591443637,-0.0033800614215227375,-3.208334012846927,339.34686389159714,-960.6175866405238
2304.87498017024,-0.0003458858504104157,-0.0035473857189905213,-3.2100188995955032,338.8615257068463,-960.5847401513248
2305.3614282016188,-0.0003496614652709177,-0.0037165592648316,-3.2117855336374785,338.37624615919833,-960.551054018925
2307.033102810849,-0.0003619819898365881,-0.0043115309747936165,-3.218492970159873,336.70908193558967,-960.4283594018991
2308.704777420079,-0.000373200175965456,-0.004926177217256668,-3.226211450491234,335.04285011001855,-960.2936432745215
2309.1912254514577,-0.0003762408985347559,-0.005108467118098434,-3.2286521137391837,334.5581921610621,-960.2519428018863
2309.6776734828363,-0.0003791756558704064,-0.005292203425715116,-3.2311816759957237,334.0736411624083,-960.2090365015487
2311.3493480920665,-0.0003884134647425064,-0.005933977963041894,-3.2405629488549783,332.40938020573196,-960.0518157082815
2313.0210227012967,-0.00039625208479607526,-0.006590025616694351,-3.2510289899162075,330.74676732703784,-959.878088131987
2313.5074707326753,-0.000398254049586038,-0.006783277335194815,-3.2542817309740615,330.2633150470386,-959.8241773096303
2313.993918764054,-0.0004001254407750193,-0.006977464529506838,-3.257628549670958,329.78004574752026,-959.7686707578148
2315.665593373284,-0.00040552272992456503,-0.0076510895225418525,-3.2698545797193947,328.1208148019294,-959.5651422511945
2317.3372679825143,-0.00040923884809926234,-0.008332331841390617,-3.2832130584099053,326.46433109117953,-959.3404070467222
2317.823716013893,-0.0004099894586383443,-0.0085315972529118,-3.2873148428681813,325.98289328155494,-959.2707626963381
2318.3101640452714,-0.00041058679004847803,-0.00873118462424279,-3.291513453952223,325.50175168933924,-959.1991211518522
2319.9818386545016,-0.0004114359760905448,-0.00941853114822738,-3.3066836907422483,323.8507568823003,-958.9370695217125
2321.653513263732,-0.00041035250752728523,-0.01010568185014093,-3.323002783588766,322.2041022863017,-958.6490593586177
2322.139961295111,-0.0004096614025338677,-0.010305138673424552,-3.327967298710467,321.7258541681126,-958.5601121254939
2322.6264093264895,-0.0004087976464521204,-0.010504212578761966,-3.3330285390197325,321.24806138410736,-958.4687700898336
2324.2980839357197,-0.00040448371321616546,-0.011184280963171951,-3.351157844257687,319.6098623299588,-958.1359969935154
2325.96975854495,-0.0003980343056518007,-0.011855352945818737,-3.3704164830181957,317.9781812865812,-957.7726628242888
2326.4562065763284,-0.0003957469000177799,-0.012048429249980673,-3.3762306123424954,317.5047338430897,-957.6609467400222
2326.942654607707,-0.00039327244690330685,-0.012240344254984204,-3.3821381566411484,317.03195283507125,-957.5464606264578
2328.614329216937,-0.0003833218280892349,-0.01288976681434228,-3.403145422392017,315.4126696313679,-957.1313327996345
2330.2860038261674,-0.000371102152124759,-0.013520658614270122,-3.4252228226460084,313.80271627141286,-956.6814256531535
2330.772451857546,-0.00036711499424334974,-0.013700219779653487,-3.43184378994674,313.3361551592262,-956.5437533264833
2331.2588998889246,-0.00036293319089655406,-0.013877793118064434,-3.438551387866456,312.87052513620307,-956.402979048697
2332.930574498155,-0.0003470685017627436,-0.014471560963036062,-3.462250799146105,311.27791870865076,-955.8950556117228
2334.602249107385,-0.0003288927606671179,-0.015036876546556763,-3.4869190155944465,309.69807200386435,-955.3487752847614
2335.0886971387636,-0.00032317025601244503,-0.015195481710667081,-3.494272483626621,309.2409484626849,-955.1824297469826
2335.575145170142,-0.00031725421145818304,-0.015351257829325166,-3.501702185204142,308.7850693818777,-955.012715528615
2337.2468197793723,-0.0002954525333813632,-0.015863692942473997,-3.5277981433264403,307.22843647916187,-954.4034154529248
2338.9184943886025,-0.000271411479141897,-0.01633781098980738,-3.5547186993832525,305.6885102592145,-953.753077774999
2339.4049424199816,-0.00026400251714587056,-0.016468042397921816,-3.562698132917113,305.24376896691945,-953.5560051551402
2339.89139045136,-0.0002564115088327923,-0.0165946302288181,-3.5707398134638844,304.8006216628653,-953.3553829644129
2341.5630650605904,-0.00022895829140385948,-0.01700060426048781,-3.598826594115354,303.29045952004725,-952.6386297428754
2343.2347396698206,-0.00019946750448560747,-0.017358982369049963,-3.6275522487994887,301.8012716885344,-951.8792808931746
2343.721187701199,-0.0001905181165129828,-0.0174538395845412,-3.6360198453680335,301.37210725868357,-951.650261617004
2344.2076357325777,-0.00018140954159347387,-0.01754431263636188,-3.6445323286104467,300.94490192011637,-951.4176143306672
2345.879310341808,-0.00014893364317495724,-0.017820662524355376,-3.6740994548090455,299.49232623389247,-950.5903750339977
2347.550984951038,-0.0001147583888839933,-0.018041302892518676,-3.7040819840037678,298.06502562202814,-949.7202653269138
2348.0374329824167,-0.0001045169100495193,-0.018094636264452544,-3.7128714025769263,297.6546703330337,-949.4590377669668
2348.5238810137953,-9.41505008917966e-05,-0.01814296832356306,-3.7216853996034254,297.24662733125626,-949.1942158662325
2350.1955556230255,-5.763111705736361e-05,-0.018270004478704333,-3.752129368359309,295.86256868163485,-948.2568444517524
2351.8672302322557,-1.9881230323125787e-05,-0.01833496360691774,-3.782733813935328,294.5077627322565,-947.2776737672098
2352.3536782636343,-8.694485898866412e-06,-0.018341910981409672,-3.7916547955085806,294.11922153064086,-946.9849856864331
2352.840126295013,2.5725486039520915e-06,-0.018343410714129045,-3.8005777360519706,293.7333021680204,-946.6888493941052
2354.511800904243,4.183065900108229e-05,-0.018306387261219487,-3.831220222189159,292.42755298883367,-945.6451569840025
2356.1834755134732,8.173773146863927e-05,-0.018203194595244932,-3.8617455104634724,291.1543255359701,-944.5620257381452
2356.6699235448523,9.343740735174232e-05,-0.01816058151925429,-3.8705903190982758,290.7900873242316,-944.2395968886464
2357.156371576231,0.00010516432167437726,-0.018112286162692396,-3.879412984529754,290.42870475110954,-943.9139684092402
2358.828046185461,0.0001455857264595679,-0.017902697539760138,-3.909525062566438,289.20892963579564,-942.7709789368836
2360.4997207946913,0.00018599005686056988,-0.017625551752186303,-3.9392303098253776,288.0238727969375,-941.5920221015126
2360.98616882607,0.0001977055882604123,-0.01753221828586334,-3.9477817547383562,287.6856357414524,-941.2424153800957
2361.4726168574484,0.0002093896773049646,-0.017433210180709226,-3.956286455626288,287.35038432568666,-940.8899404662324
2363.1442914666786,0.0002492084811102915,-0.01704979504855276,-3.985117825571922,286.22122817577116,-939.65734366887
2364.815966075909,0.00028829735679696005,-0.016600425934256254,-4.013253123377671,285.12762409448374,-938.3930828093983
2365.3024141072874,0.00029949482709573996,-0.01645744850767543,-4.021293776172342,284.8160740578031,-938.0194985207943
2365.788862138666,0.00031060013622581406,-0.01630906320028933,-4.029263673125152,284.5075159339565,-937.6434338146837
2367.460536747896,0.0003479650472919987,-0.01575840891543719,-4.056075395974794,283.46993859961515,-936.3328065334239
2369.1322113571264,0.00038388754644753985,-0.015146498279163085,-4.0819154036943175,282.4672096193752,-934.9953115466711
2369.618659388505,0.00039403124763718467,-0.01495727540416233,-4.089237490560379,282.1818837315958,-934.6013350368976
2370.1051074198836,0.0004040242899650348,-0.01476317027176737,-4.0964665232755495,281.89942328046726,-934.2052928865252
2371.7767820291137,0.0004371258491421746,-0.014059812629338678,-4.120565311247712,280.9503553305684,-932.8292076462247
2373.448456638344,0.0004681242905540969,-0.013302877815191785,-4.143443532309018,280.03385811709825,-931.43119948255
2373.934904669723,0.00047671525437180157,-0.013073054568318011,-4.14985885375028,279.7731114902551,-931.0205420499273
2374.4213527011016,0.0004851034809809062,-0.012839114745341336,-4.156161619506588,279.51497392855424,-930.6082332432412
2376.0930273103318,0.0005123044106390841,-0.012005072742168816,-4.176933342289723,278.64733447259016,-929.1793955881445
2377.764701919562,0.0005368401366483923,-0.011127787312173374,-4.196274673763801,277.80851612586775,-927.7334313787937
2378.2511499509405,0.0005434515608249166,-0.010865018537981407,-4.201623845314067,277.56959263699446,-927.3097048692708
2378.737597982319,0.0005498182631181347,-0.010599103088180451,-4.206844720929584,277.3329057764831,-926.8847191412804
2380.4092725915493,0.0005697690644778522,-0.009662879964020337,-4.2237847286306085,276.5359650214966,-925.41526468012
2382.0809472007795,0.0005866312026826701,-0.008695887211679632,-4.239133957503315,275.7628437360154,-923.9331235590731
2382.567395232158,0.0005909387962059547,-0.00840945867642494,-4.243294313899949,275.54203652184054,-923.4996800578242
2383.0538432635367,0.0005949728521604111,-0.008121007152047319,-4.247315172791694,275.3229999359469,-923.0653342969507
2384.725517872767,0.0006067095225548914,-0.007116130791221131,-4.260053285271644,274.5830225261355,-921.5663755601689
2386.397192481997,0.0006151053245429157,-0.006094426958943505,-4.271097506425399,273.8609163194819,-920.0587137903527
2386.8836405133757,0.0006169121348930674,-0.005794757120264916,-4.273989104433012,273.65379386902663,-919.6185660074553
2387.3700885447543,0.0006184321068352939,-0.005494279528600561,-4.27673507516823,273.44791067168126,-919.1778337789373
2389.0417631539844,0.0006214529166460359,-0.004457463653931131,-4.285053420884533,272.7489906388106,-917.6592879780856
2390.7134377632146,0.0006210731703375836,-0.0034184402798626222,-4.291636702718352,272.06140128685894,-916.1355703111124
2391.1998857945937,0.0006203261048670137,-0.0031164910219322107,-4.2932259641985775,271.8630718767925,-915.6913901718458
2391.6863338259723,0.0006192954931272465,-0.0028149709512730503,-4.294668786538078,271.66541585750923,-915.2469081293443
2393.3580084352025,0.0006136027233750237,-0.001784013923172708,-4.298511083897446,270.9904105550248,-913.7175760710667
2395.0296830444327,0.0006046458785322118,-0.0007653015894491266,-4.30064019114207,270.31997323776056,-912.1862328581201
2395.5161310758112,0.0006014392167320513,-0.00047194464837447056,-4.300940886738404,270.12536254195714,-911.7404100458385
2396.00257910719,0.0005979684133850344,-0.0001802044033040786,-4.301099588637882,269.93085591871386,-911.2945415289494
2397.67425371642,0.0005840630655122916,0.0008081920303419435,-4.30057111189779,269.26233778919544,-909.7623598433645
2399.34592832565,0.0005672114862235321,0.0017708806768910526,-4.298411845463189,268.5917616988651,-908.2310790620163
2399.832376357029,0.0005617765285991702,0.0020454823972301697,-4.297483354232991,268.395883101747,-907.7858111479508
2400.3188243884074,0.0005561109380824655,0.0023173950985959156,-4.2964222136800885,268.19956497925693,-907.340737903786
2401.9904989976376,0.0005349400151827717,0.003229681638459888,-4.291780541098508,267.52072705509846,-905.8131006886045
2403.662173606868,0.0005112892899070192,0.004104504572724487,-4.285645135751018,266.83366915734535,-904.2891476583701
2404.148621638247,0.000503970497806275,0.004351441537023982,-4.283588173354171,266.63187105245873,-903.8465305375029
2404.6350696696254,0.0004964653160914445,0.004594786322985089,-4.28141218601578,266.4291413232937,-903.4043414052885
2406.3067442788556,0.00046932547502456453,0.005402296229042637,-4.273049709022158,265.7246072380519,-901.8883864170144
2407.978418888086,0.00044027664242858876,0.006162841545555921,-4.26337659297781,265.0064343331335,-900.3788522293336
2408.4648669194644,0.00043149879969436064,0.006374876605154183,-4.260326846272266,264.79461205751716,-899.9409436308474
2408.951314950843,0.0004225857611083336,0.0065826236200409016,-4.257175160684787,264.58143868659806,-899.5036937708531
2410.622989560073,0.000391007784206634,0.007262833442889302,-4.2455951086932275,263.8379376889805,-898.0064696154059
2412.2946641693034,0.00035815214085650483,0.007889187242259814,-4.232922982085362,263.07633990828475,-896.5183775298
2412.781112200682,0.0003483873246381909,0.0080610302414946,-4.229043246753674,262.8511020153133,-896.087215716366
2413.2675602320605,0.00033854188044429406,0.008228118823236432,-4.225081172086647,262.6241816057715,-895.6569397581193
2414.9392348412907,0.00030417987803504535,0.008765416958798374,-4.210869265923113,261.8310552141534,-894.185407187807
2416.610909450521,0.0002691911029039192,0.009244749127388001,-4.195807622226364,261.0164798157046,-892.7256464783856
2417.0973574818995,0.00025892781022877047,0.009373193731148281,-4.191279055870522,260.77526006827543,-892.3032184273989
2417.583805513278,0.0002486384639728105,0.009496654264996747,-4.1866892518398595,260.53212332223984,-891.881893238009
2419.2554801225083,0.00021316596276765656,0.009882646936525113,-4.1704830488929225,259.68163668167483,-890.4427566431193
2420.9271547317385,0.00017769845615451271,0.01020934530312925,-4.153681152189646,258.80751876253345,-889.0178562209832
2421.4136027631175,0.00016741243962655936,0.010293276300361556,-4.148694218988088,258.54862783078016,-888.6060218134281
2421.900050794496,0.0001571518080599411,0.01037222343060799,-4.143667640070279,258.28768429436786,-888.1954866554518
2423.5717254037263,0.000122164152406389,0.010605604937475744,-4.126125508675636,257.37512638513897,-886.7948915646297
2425.2434000129565,8.775933265138129e-05,0.010780985624737427,-4.10824171859042,256.43790677231686,-885.4106818010454
2425.729848044335,7.788725835045916e-05,0.010821265541913136,-4.102987367212226,256.16052210017557,-885.0110701945601
2426.2162960757137,6.808622462249417e-05,0.010856772164403887,-4.097714498201021,255.88104327646363,-884.6129212726239
2427.887970684944,3.501611204224626e-05,0.010942798556781942,-4.079486028275116,254.90461790975846,-883.2560817943884
2429.559645294174,3.025540648997609e-06,0.010974444802431163,-4.061159203168611,253.90355846503132,-881.9173150090058
2430.0460933255526,-6.055798954301279e-06,0.01097369799376935,-4.055820764037003,253.6076569226378,-881.531214548971
2430.5325413569312,-1.5028146635775846e-05,0.010968569450915563,-4.050483623897545,253.30970310132525,-881.1466955603304
2432.2042159661614,-4.497385175416608e-05,0.010918211791863143,-4.032183034034685,252.2702347961433,-879.8375271041456
2433.8758905753916,-7.344259159101297e-05,0.01081902916058874,-4.014007435525021,251.20706379468078,-878.5475317272314
2434.36233860677,-8.143029575145865e-05,0.01078135063625362,-4.008753622954355,250.89330817584764,-878.1757947914372
2434.848786638149,-8.927991069461583e-05,0.010739826913264274,-4.0035189092912455,250.577610689867,-877.8057045869448
2436.520461247379,-0.00011515974181641956,0.010568702606236923,-3.985702624287099,249.47811043526897,-876.5465313289717
2438.192135856609,-0.00013927354324761134,0.01035579175612855,-3.9682073301935676,248.35654945496594,-875.3069630054716
2438.678583887988,-0.00014594580506369385,0.010286410337751848,-3.963186610470864,248.02614481851512,-874.9499427572936
2439.165031919367,-0.0001524601514571654,0.010213825871256943,-3.9582002314120466,247.69396011543589,-874.5945763923265
2440.836706528597,-0.00017361484162188527,0.009941009182969656,-3.941349368563439,246.53910981968917,-873.3859635423514
2442.508381137827,-0.0001928238543093565,0.009634455006086097,-3.924982765497145,245.36434350253066,-872.1966934678633
2442.994829169206,-0.00019804108238466215,0.009539378880527003,-3.9203192262932007,245.01888145184333,-871.8542222865533
2443.4812772005844,-0.00020308963436280116,0.00944180769080374,-3.9157023416658903,244.67183510533118,-871.5133543508225
2445.1529518098146,-0.00021913922203569758,0.009088611426667911,-3.9002104239559103,243.46745265526897,-870.3540888522436
2446.8246264190448,-0.00023316711334664823,0.008710275283568597,-3.8853299483214294,242.24560147441582,-869.2132424242693
2447.3110744504233,-0.00023686786775015654,0.008595944174536336,-3.8811206917444485,241.88690930737624,-868.8846538689406
2447.797522481802,-0.00024039750527000668,0.008479854121042817,-3.8769672741752,241.52684658989193,-868.5575651131311
2449.469197091032,-0.0002512215240323412,0.00806866118448235,-3.863133120650238,240.2793857371878,-867.4447820267584
2451.1408717002623,-0.0002600398016580935,0.007641050483852409,-3.850000070496483,239.01703065850643,-866.3489161395268
2451.627319731641,-0.00026223227842022193,0.007514015254312562,-3.8463140551747026,238.64703845703707,-866.0331055164768
2452.1137677630195,-0.00026425833280739223,0.007385951846210676,-3.842689886488723,238.2758939978019,-865.7186472143463
2453.7854423722497,-0.00026996180343576766,0.0069391641264221204,-3.830715314807134,236.99201762611187,-864.6480782498711
2455.45711698148,-0.0002737514970277679,0.006484441665839332,-3.8194942589647862,235.69580798053065,-863.5924678668191
2455.943565012859,-0.00027450170005735445,0.006351088430541284,-3.8163724341716305,235.31644133870105,-863.287981952303
2456.4300130442375,-0.00027509587915468687,0.006217404687304672,-3.813315372046394,234.9361349369699,-862.9846682040851
2458.1016876534677,-0.0002759664252390134,0.0057565606660257874,-3.8033070876651505,233.62238113345074,-861.9509765771669
2459.773362262698,-0.0002750740198630283,0.005295734915558318,-3.794069169261666,232.29873779828787,-860.9299723813548
2460.2598102940765,-0.00027449289798681944,0.005162063352862644,-3.7915256844549314,231.91183837546063,-860.6351169205403
2460.746258325455,-0.00027377044333531855,0.005028704316417828,-3.789046978282052,231.52419858617623,-860.3412334455932
2462.4179329346853,-0.000270234625272284,0.00457378596584327,-3.7810218648204175,230.18674088021163,-859.3383955724572
2464.0896075439155,-0.0002651294563458001,0.004126090074543243,-3.7737511900138165,228.84165021521318,-858.3458137032304
2464.576055575294,-0.0002633607677853327,0.003997546010948107,-3.7717754429442896,228.4489217865727,-858.0587675642221
2465.0625036066726,-0.00026146843539021043,0.00386988718787939,-3.769861862089423,228.05563454158505,-857.7724859886265
2466.734178215903,-0.00025405145451315724,0.0034388087297991354,-3.7637548655093154,226.7001240743897,-856.7941834853697
2468.405852825133,-0.00024528706193118534,0.00302125526729584,-3.7583571871463155,225.33900670277484,-855.8236931367961
2468.8923008565116,-0.00024249645506611704,0.0029026131079450913,-3.756916485102851,224.94198152150727,-855.5426196643219
2469.37874888789,-0.0002396017482480884,0.002785348168110084,-3.755533036241334,224.54455839039008,-855.262108083395
2471.0504234971204,-0.0002288916219317982,0.0023936093477727213,-3.751206893675195,223.17602819293626,-854.3021003173702
2472.7220981063506,-0.0002170718209793109,0.0020207018811168663,-3.7475198710005566,221.80366147339367,-853.3475825491729
2473.2085461377296,-0.000213437331070484,0.0019159911770695282,-3.746562502066704,221.4036806608838,-853.0707309667971
2473.694994169108,-0.00020971916593824633,0.001813063097712478,-3.745655535253659,221.00344044076388,-852.7942539010259
2475.3666687783384,-0.00019633599670926767,0.0014735463306609262,-3.7429116819863797,219.62625020875643,-851.8467095297048
2477.0383433875686,-0.0001820862876989217,0.0011571261540756878,-3.740716085286064,218.24672338379204,-850.9025688979447
2477.524791418947,-0.00017779042937910564,0.001069595801696178,-3.740174622850991,217.84492543503387,-850.62836099188
2478.011239450326,-0.00017343141469779727,0.0009841648672395563,-3.7396751527418166,217.44298326625713,-850.3543642253167
2479.682914059556,-0.0001580022821764362,0.0007070529799288755,-3.7382652357470083,216.06078572274328,-849.4141381347321
2481.354588668786,-0.00014194690727836894,0.00045625701843678336,-3.737296563825625,214.67747070948212,-848.4755563841927
2481.8410367001648,-0.00013717039767925621,0.00038837003452588635,-3.737091257098731,214.27478356087363,-848.2026558443251
2482.3274847315433,-0.00013235073062665986,0.0003228116278726955,-3.7369183554806606,213.87204320436553,-847.9298337399945
2483.9991593407735,-0.00011549002127728157,0.00011560204524374223,-3.736555885411516,212.48775859515817,-846.9926827202398
2485.6708339500037,-9.823423563632716e-05,-6.309169816957647e-05,-3.7365159677382502,211.10328543498,-846.0558102087615
2486.1572819813823,-9.315118438934661e-05,-0.00010963954534567802,-3.736558101050762,210.70041937782455,-845.7831737766141
2486.643730012761,-8.804399489851577e-05,-0.00015371400287857037,-3.736622246703102,210.29756615061754,-845.5105183949264
2488.315404621991,-7.033852707904769e-05,-0.0002861207746373326,-3.736994020861154,208.91335791374735,-844.5732545128162
2489.9870792312213,-5.2455382402466326e-05,-0.00038878125645240477,-3.7375622729988325,207.52959039868983,-843.6353401670692
2490.4735272626003,-4.72297416735599e-05,-0.00041302485402283705,-3.73775740397092,207.12703098602447,-843.3622511429563
2490.959975293979,-4.199766826216638e-05,-0.0004347296060506232,-3.7379637027704025,206.7245246968565,-843.0890838522284
2492.631649903209,-2.399586099278086e-05,-0.0004898863013105235,-3.7387407207632126,205.3417754814335,-842.1496688729285
2494.3033245124393,-6.016725752341307e-06,-0.0005149687825654998,-3.7395848056530423,203.95978818932144,-841.2091334300804
2494.789772543818,-7.997670269117165e-07,-0.0005166240585900028,-3.7398358157172007,203.55778984902724,-840.9352191636531
2495.2762205751965,4.40746384545733e-06,-0.000515748189042544,-3.7400870268531623,203.1558585941661,-840.6612064687689
2496.9478951844267,2.2203186541885658e-05,-0.0004934776363977922,-3.7409346959001537,201.7751506236171,-839.7187939815021
2498.619569793657,3.979519721840355e-05,-0.00044162869607415796,-3.741720413109919,200.39521275192652,-838.7752541780866
2499.1060178250355,4.486662007749897e-05,-0.0004210339014074438,-3.74193032302106,199.99379489630408,-838.5004899391027
2499.592465856414,4.991386000838648e-05,-0.00039798178082926816,-3.7421296458259365,199.59243159274263,-838.2256459938313
2501.2641404656442,6.705228665711738e-05,-0.0003001664231242377,-3.7427171328766335,198.2135383875085,-837.280580186951
2502.9358150748744,8.382684623765834e-05,-0.00017400532641788255,-3.743117412051374,196.83511205997527,-836.3348334541572
2503.422263106253,8.863150812308586e-05,-0.00013205604650549002,-3.7431919296056098,196.43406000821432,-836.0595355582758
2503.9087111376316,9.339934894485457e-05,-8.778176421591435e-05,-3.7432455195805745,196.03302400685826,-835.7842142708191
2505.580385746862,0.00010948417078912909,8.186579159169239e-05,-3.743254151658979,194.6549216213408,-834.8379955667693
2507.252060356092,0.00012506692227636892,0.0002779822865364139,-3.742957064499075,193.27668279961782,-833.8919756467814
2507.738508387471,0.0001295000495267811,0.0003399025282507329,-3.7428068416484965,192.87555584079126,-833.6167868820316
2508.2249564188496,0.00013388559251777774,0.0004039649413086997,-3.742626033800594,192.47438192127007,-833.3416666588173
2509.89663102808,0.00014857754758215613,0.0006401442852144401,-3.7417566777656246,191.0952873271012,-832.3968946128165
2511.56830563731,0.00016265133762078513,0.0009003671119723238,-3.74047241027832,189.71517639666328,-831.4536082798795
2512.0547536686886,0.00016662477059461542,0.0009804585135983856,-3.7400149947955237,189.31332491962925,-831.1794785320405
2512.541201700067,0.00017054169622548622,0.0010624667977252747,-3.739518220529632,188.91134152923422,-830.9055425213126
2514.2128763092974,0.00018355809314755936,0.001358535943174719,-3.7374976042879706,187.52878400440554,-829.965845480339
2515.8845509185276,0.00019586144267717828,0.0016757682772518831,-3.734964367790741,186.14409098398733,-829.0292992172022
2516.370998949906,0.00019930300337974615,0.0017718853537972512,-3.7341258466878005,185.7406839298657,-828.7574637250312
2516.8574469812847,0.00020268086571841056,0.0018696592971537919,-3.7332402430521796,185.33704183745786,-828.4859779196277
2518.529121590515,0.00021379262026162944,0.0022178731927250373,-3.7298262267681253,183.94797071203973,-827.5559369488027
2520.200796199745,0.0002241160423955287,0.002584003408594033,-3.725815135027394,182.55545737292124,-826.6310600545015
2520.6872442311237,0.00022696834979464654,0.0026937215654824053,-3.724531481087318,182.14952047137962,-826.3630169667796
2521.1736922625023,0.00022975134454503315,0.0028048089983245196,-3.7231942051162106,181.7432322058255,-826.0955077383715
2522.8453668717325,0.00023877845267505321,0.003196541533119136,-3.7181800561436957,180.34416152944905,-825.1805794160674
2524.5170414809627,0.00024695956874184647,0.003602657343643627,-3.7124990357607355,178.940219904552,-824.2731468496282
2525.0034895123417,0.00024917856878341497,0.003723333626972323,-3.710717178849327,178.530684339984,-824.0106347917956
2525.4899375437203,0.0002513240493075025,0.0038450704612020266,-3.708876449515438,178.12067396892616,-823.7488664493302
2527.1616121529505,0.00025813040713302583,0.004271015208355027,-3.7020942039743727,176.70786189039845,-822.855305670891
2528.8332867621807,0.00026404873957200657,0.00470759572632077,-3.6945910276405454,175.2887059221359,-821.9718603819747
2529.3197347935593,0.00026560220317173213,0.004836423074425633,-3.6922696777781443,174.87446629125463,-821.7168356991907
2529.806182824938,0.00026707918675075834,0.004965986833350721,-3.689885572837399,174.4596283159561,-821.4627876236319
2531.477857434168,0.00027156757952111947,0.005416335522536478,-3.6812085790605997,173.02928632187644,-820.5975680051221
2533.1495320433983,0.00027513980409909117,0.005873421576400194,-3.671773117474052,171.59117080916772,-819.7453390547205
2533.635980074777,0.00027600600888319076,0.006007476911777253,-3.6688833673268055,171.1711504881164,-819.4999514245662
2534.1224281061554,0.00027679389341360655,0.0061419341949793165,-3.665928402528741,170.75041589066018,-819.2557933750985
2535.7941027153856,0.0002789018682237317,0.0066065352270418196,-3.6552731386243025,169.29894053665103,-818.4265197128869
2537.465777324616,0.000280078194239636,0.007073881400254292,-3.64383891847976,167.83839906430353,-817.6133296428802
2537.9522253559944,0.0002802449795739043,0.007210168777556331,-3.640364649521624,167.41162038795497,-817.3798939882147
2538.438673387373,0.0002803326470218988,0.007346517964135992,-3.6368241638311174,166.98402715383605,-817.1479574444852
2540.110347996603,0.00028002985011090333,0.007815020099765382,-3.6241514053350645,165.50824448407425,-816.3627624447859
2541.7820226058334,0.00027879201655255564,0.008282234518975862,-3.6106965400359283,164.0223355984403,-815.5969155767609
2542.2684706372124,0.00027825632623564847,0.008417725227942909,-3.6066346498100295,163.58799155373978,-815.37787778748
2542.754918668591,0.0002776417427152838,0.008552936370178295,-3.6025070131474792,163.1527562940194,-815.1606208160139
2544.426593277821,0.0002749289559339795,0.009014924612435457,-3.587822399981086,161.65016675778844,-814.4280373805195
2546.0982678870514,0.00027128987245723886,0.009471603724576864,-3.5723699303693506,160.1367153015427,-813.7181803956344
2546.58471591843,0.0002700577578065831,0.009603275446735072,-3.567730389409903,159.69423876181241,-813.5160743912404
2547.0711639498086,0.0002687480201140681,0.009734329436297422,-3.563027040467276,159.25082538992683,-813.3160376018742
2548.742838559039,0.00026365765900318453,0.010179460022632833,-3.546381061580675,157.71983481682497,-812.6448386518755
2550.414513168269,0.00025766239542219,0.010615324830305802,-3.5289987138785643,156.17765320300688,-811.999786176799
2550.9009611996476,0.0002557493894162674,0.010740201634093184,-3.523804452392262,155.72677913731036,-811.8171803707131
2551.387409231026,0.0002537611390678539,0.01086413038629697,-3.5185497657681046,155.27495997820293,-811.6369321157706
2553.0590838402563,0.00024635894786800074,0.011282270599444477,-3.500037152585251,153.71508032365753,-811.0359323986002
2554.7307584494865,0.0002380868191923584,0.011687309631315567,-3.480836495481022,152.1441529384984,-810.4644534595238
2555.217206480865,0.00023551861052675187,0.011802504262668398,-3.4751231129092783,151.6849686256484,-810.30388572331
2555.7036545122437,0.00023287873250090686,0.011916433337317317,-3.469354087986743,151.2248729602321,-810.1459557834417
2557.375329121474,0.0002232663751601388,0.01229781070066966,-3.449112585534401,149.63687549745265,-809.6237742582529
2559.047003730704,0.00021283376690982354,0.012662433734011245,-3.4282475481212416,148.03848883714622,-809.1343402000821
2559.533451762083,0.0002096470549442802,0.012765193255319645,-3.422062833224824,147.57146704004518,-808.9982419048919
2560.0198997934617,0.00020639354634379513,0.012866387910178299,-3.4158285919409614,147.10361206099418,-808.865044426177
2561.691574402692,0.00019471165032252882,0.013201751725400689,-3.3940370600834373,145.48961598818394,-808.4298313468641
2563.363249011922,0.0001822750947058693,0.013516956439014533,-3.371701758780301,143.86641808185405,-808.0303317160677
2563.8496970433007,0.0001785184797084552,0.013604711692800812,-3.3651050045326927,143.39242854712322,-807.9209432030297
2564.3361450746793,0.00017470133114538746,0.01369062677298084,-3.3584660821148415,142.9177281740271,-807.8146914441646
2566.0078196839095,0.00016113243957735165,0.01397142280432528,-3.335341871039098,141.2812097315594,-807.473830536747
2567.6794942931397,0.00014689137682750772,0.014228974238411182,-3.3117676890688994,139.63718534465457,-807.1712697754454
2568.1659423245183,0.0001426261141432344,0.01429939292041884,-3.3048287860547423,139.15748100860026,-807.0905514473234
2568.652390355897,0.0001383080405057165,0.014367726287523166,-3.29785619854543,138.67722909910233,-807.0131687259218
2570.324064965127,0.00012307889773881562,0.014586282952352182,-3.27365174439768,137.02294059879662,-806.7729710175381
2571.9957395743572,0.00010727755577959198,0.014778903180466804,-3.249103613264009,135.36329389204624,-806.5731646505636
2572.482187605736,0.0001025780160138588,0.014829945589761518,-3.24190190776408,134.87946984491842,-806.5227094901004
2572.9686356371144,9.783486994423378e-05,0.014878694077784391,-3.234675982990888,134.39529608031654,-806.475742284656
2574.6403102463446,8.121748671500945e-05,0.01502841607590763,-3.2096745819258485,132.7290907700568,-806.3411531234573
2576.311984855575,6.414528567972487e-05,0.015149979062725603,-3.1844464307502105,131.0600343825214,-806.2484463532832
2576.798432886954,5.909892773939295e-05,0.015179954876544955,-3.177069339236617,130.5739598997356,-806.2294007418539
2577.2848809183324,5.401959506667109e-05,0.015207471022902003,-3.169678303791295,130.0877589348591,-806.213940894308
2578.9565555275626,3.633028049048357e-05,0.015283033568499338,-3.144189045821031,128.4163259507069,-806.1882844337165
2580.628230136793,1.831973732776272e-05,0.015328756841229025,-3.1185984126392854,126.74478429095602,-806.2053176719662
2581.1146781681714,1.3026252264018577e-05,0.01533638013900763,-3.1111397937196394,126.25851087568027,-806.218317623647
2581.60112619955,7.711674562540774e-06,0.015341426746041319,-3.103678118434915,125.772348001601,-806.2349407227888
2583.27280080878,-1.069376429240014e-05,0.015338958603424399,-3.0780300012856467,124.10287091717906,-806.3197257604569
2584.9444754180104,-2.9274351288236115e-05,0.015305576160651925,-3.052411849393037,122.43611473657458,-806.4472698832433
2585.430923449389,-3.470569441697731e-05,0.015290013234248565,-3.0449701509460816,121.9517657983735,-806.4923990391296
2585.9173714807675,-4.014537696688305e-05,0.015271809819580292,-3.0375366752935484,121.46776502606387,-806.5411251765495
2587.5890460899977,-5.888221518917112e-05,0.015189041861560981,-3.012071993287568,119.80752641722981,-806.7359322627622
2589.260720699228,-7.764057212741162e-05,0.015074934020682662,-2.986771867418679,118.15276411234717,-806.9728109955134
2589.747168730607,-8.30946004879523e-05,0.015035837350775036,-2.979448095857538,117.67241420933838,-807.0495848972914
2590.2336167619856,-8.854393268799676e-05,0.014994092321225881,-2.9721439813334074,117.19263691492591,-807.1298660504642
2591.9052913712158,-0.0001072142593205747,0.014830451972716019,-2.9472111821100286,115.54859841308452,-807.4323283038063
2593.576965980446,-0.0001257528693260456,0.014635711006899001,-2.9225779313584392,113.91255544700805,-807.7754365262886
2594.0634140118245,-0.000131114390441352,0.014573232232478396,-2.9154735158154987,113.43810850977208,-807.8828149922205
2594.549862043203,-0.00013645850556688802,0.014508153017150766,-2.9084001046128916,112.9644321588178,-807.9935505194777
2596.2215366524333,-0.00015467106378339268,0.014264777393940893,-2.884346407089502,111.34282325985805,-808.3994305547291
2597.8932112616635,-0.00017260604163705603,0.01399118831161364,-2.8607248079521677,109.73134334032014,-808.843846666692
2598.379659293042,-0.00017776510318736436,0.013905966790207745,-2.8539394623402616,109.26441964231364,-808.9802729117558
2598.8661073244207,-0.00018289494979050158,0.013818245859931326,-2.847196145519031,108.79842631763977,-809.1198514392289
2600.537781933651,-0.00020028271192743023,0.013497914615893773,-2.824360278098116,107.20437482865712,-809.6232057326457
2602.209456542881,-0.00021726087225643035,0.013148859051851678,-2.8020839091426093,105.62207441652656,-810.1623853031451
2602.6959045742597,-0.00022211765098761505,0.013041988574905551,-2.7957135912983158,105.1639151430873,-810.3258473486726
2603.1823526056382,-0.000226934839232709,0.01293276778729486,-2.7893957846565502,104.70679855387273,-810.4922102829186
2604.8540272148684,-0.00024317150265136176,0.012539762710840341,-2.768101173046596,103.14403096079442,-811.0856223204318
2606.5257018240986,-0.000258886590127411,0.01212005116904025,-2.747485860304256,101.59403265123734,-811.7116511966382
2607.0121498554777,-0.00026335606107743577,0.011993026071199165,-2.741620919574232,101.14542891770351,-811.8997586900124
2607.4985978868563,-0.0002677774874098916,0.01186384054746883,-2.735818237903019,100.69792646492462,-812.0904782645289
2609.1702724960865,-0.00028259288047626456,0.011403735662338665,-2.716366950468418,99.16855856795992,-812.7653346540246
2610.8419471053166,-0.0002967995405102501,0.010919373062570691,-2.6977050841906887,97.65232002507503,-813.4692139166754
2611.3283951366952,-0.0003008151448211141,0.010774015729081807,-2.6924286832907214,97.21357047501591,-813.6792820732944
2611.814843168074,-0.0003047764304096064,0.0106267196739397,-2.6872233976520845,96.7759241771088,-813.8916455555
2613.486517777304,-0.00031796624209526645,0.01010611479401285,-2.6698911276032664,95.2803525059972,-814.6384258821702
2615.158192386534,-0.00033048614059770395,0.009564020779219935,-2.653447100934226,93.79759751885008,-815.4103592166737
2615.644640417913,-0.000334000817397381,0.009402398634167109,-2.648833977548772,93.36849567691921,-815.639491370767
2616.1310884492914,-0.00033745701533197494,0.009239081910582888,-2.644299816982651,92.94044280900968,-815.8705829657821
2617.8027630585216,-0.0003488826848350266,0.008665314993480158,-2.62933207579155,91.47733733276955,-816.67913490482
2619.4744376677518,-0.00035960061805313435,0.008073039627164498,-2.6153389562396874,90.02608598157168,-817.5087912673115
2619.9608856991304,-0.00036258499179776544,0.007897383937438314,-2.6114545434330556,89.60593586369022,-817.7539524779617
2620.447333730509,-0.0003655084832065206,0.007720291804565556,-2.6076558542911363,89.18672755294571,-818.0007255479075
2622.119008339739,-0.0003750877951105304,0.007101172408473888,-2.595265375566875,87.75311777770251,-818.860501370405
2623.7906829489693,-0.00038393922123151756,0.006466647913989331,-2.5839227391730577,86.32980525652336,-819.7372317076047
2624.2771309803484,-0.0003863774554515907,0.00627928571552131,-2.5808226115847654,85.91746178182144,-819.995307787351
2624.763579011727,-0.00038875360794073143,0.006090752774006094,-2.5778138361379184,85.50590593931614,-820.2546420099329
2626.435253620957,-0.0003964445061124875,0.005434352205792199,-2.5681790182754702,84.09734686916181,-821.1548800793121
2628.1069282301873,-0.00040339822990201704,0.0047657111162310705,-2.5596517196607573,82.69701612762955,-822.0678750336964
2628.593376261566,-0.0004052829328030063,0.004569017827151027,-2.5573812903790656,82.29094583753889,-822.3357138462808
2629.0798242929445,-0.00040710502939870217,0.004371423052718571,-2.5552066861668714,81.88546987145999,-822.6044544511985
2630.7514989021747,-0.00041288878652009014,0.0036859384069296954,-2.548470782270833,80.49627188301159,-823.5342981420783
2632.423173511405,-0.0004179315509410341,0.0029914045505565153,-2.5428883493199588,79.11282397736005,-824.4726826412896
2632.9096215427835,-0.0004192596524031003,0.0027877769690678525,-2.5414827257378714,78.71118139981235,-824.7471171184275
2633.396069574162,-0.0004205249355889323,0.0025835186521488435,-2.540176234271006,78.3099100709837,-825.0220959326183
2635.0677441833923,-0.00042439394546612245,0.0018772004953812042,-2.5364469842638813,76.93341705738483,-825.9706511548794
2636.7394187926225,-0.00042752044284054584,0.001165035232687958,-2.5339033556147177,75.55990419016794,-826.9235201687209
2637.225866824001,-0.0004282907176911997,0.0009568788451518751,-2.533387278386491,75.16061962559391,-827.2013748439646
2637.7123148553796,-0.0004289980980094238,0.0007483630630633854,-2.532972470213088,74.76146389146787,-827.4794151797263
2639.38398946461,-0.00043094947072592305,2.9483327925123835e-05,-2.5323219492470543,73.39036598988957,-828.4357552151771
2641.05566407384,-0.0004321580397249154,-0.0006920376043793563,-2.5328753688924595,72.01931449415186,-829.3921618358404
2641.542112105219,-0.00043237021756480125,-0.0009023141845786594,-2.5332631877933474,71.62018969725283,-829.670246561743
2642.0285601365977,-0.0004325195282248957,-0.0011126787117839369,-2.5337532411255608,71.22094309714291,-829.948155790289
2643.700234745828,-0.000432553453756935,-0.0018358423217879809,-2.536217803474269,69.84761275558093,-830.9012878937519
2645.371909355058,-0.00043184555705815723,-0.0025584426015486292,-2.539890789215706,68.47136564174502,-831.8501999058353
2645.8583573864366,-0.00043150031956437336,-0.0027684315752583093,-2.54118645814307,68.07017452678576,-832.1252957401274
2646.344805417815,-0.00043109236837774617,-0.002978237423061056,-2.5425841558568125,67.66861429584235,-832.3998506509554
2648.0164800270454,-0.0004292126381552115,-0.003697415394948105,-2.548164439309174,66.28545643065759,-833.3386627220104
2649.6881546362756,-0.00042659385922730634,-0.004412833345072062,-2.5549438115501992,64.89652676617479,-834.2689069732024
2650.174602667654,-0.00042569320890376505,-0.004620132511699412,-2.5571409017897153,64.49111866903262,-834.5377500041209
2650.661050699033,-0.00042473018868679737,-0.004826978522973904,-2.5594386471115844,64.0851091386016,-834.8056807770822
2652.332725308263,-0.0004209458946461092,-0.005533928322816983,-2.5680996462364907,62.68491711552894,-835.7188884713727
2654.004399917493,-0.0004164280958523102,-0.0062339389237626155,-2.5779366353504893,61.2763440153267,-836.6191037527109
2654.4908479488718,-0.0004149760724666016,-0.006436158802438806,-2.5810183739984187,60.86474710014254,-836.8783729170364
2654.9772959802503,-0.0004134623144455507,-0.006637657565787616,-2.5841982325250203,60.452342954712165,-837.1363517614151
2656.6489705894805,-0.0004077907402175381,-0.007324192330197205,-2.5958694725486033,59.02865183992524,-838.0124667661897
2658.3206451987107,-0.0004013954022199551,-0.00800064111921712,-2.608679945071717,57.594350054434514,-838.8710855994716
2658.80709323009,-0.0003993991350191903,-0.008195415898972809,-2.6126192919313374,57.1748721285349,-839.117400329521
2659.2935412614684,-0.00039734219780788673,-0.008389205217650512,-2.616653074019552,56.75441872481819,-839.3620405693134
2660.9652158706986,-0.00038981281270366805,-0.009047237374436218,-2.6312289390432277,55.301845695876864,-840.1893793772182
2662.6368904799288,-0.00038157538680089767,-0.00969209104240746,-2.6468938046428874,53.83693779568554,-840.994657016498
2663.1233385113073,-0.00037904642239055934,-0.009877094701875515,-2.65165358711509,53.40826114446882,-841.22458981054
2663.609786542686,-0.00037645844235792685,-0.010060854361592292,-2.656502990800879,52.97848841696503,-841.4524603927908
2665.281461151916,-0.0003671177142928571,-0.010682458384325584,-2.673843280316345,51.49304768046707,-842.219209684524
2666.9531357611463,-0.00035709265078333124,-0.011287875756027419,-2.692209160086838,49.99416505333604,-842.9593146895946
2667.439583792525,-0.00035404844712106097,-0.01146084431505655,-2.6977422906093094,49.55543106541016,-843.1694224140701
2667.9260318239035,-0.0003509476459589374,-0.011632319061947784,-2.70335913006127,49.1155366927606,-843.3770814698811
2669.5977064331337,-0.00033986428078978584,-0.01220981607318635,-2.7232899328177913,47.594913304102256,-844.0714311192354
2671.269381042364,-0.0003281303173157176,-0.012768241509953237,-2.744170181931503,46.06044927979825,-844.7346060529399
2671.7558290737425,-0.00032459578395031575,-0.012927001873863343,-2.7504199856215883,45.6113278167182,-844.9214819649834
2672.242277105121,-0.0003210080072494924,-0.013084031008343983,-2.756746533001895,45.16104452630213,-845.105531176331
2673.9139517143512,-0.00030827821919797476,-0.013610096157006441,-2.7790615151613633,43.604808959971976,-845.7158790198185
2675.5856263235814,-0.00029494368199217496,-0.014114375770299201,-2.802237697909486,42.03510523720997,-846.2906723396429
2676.0720743549605,-0.0002909527391884966,-0.014256881214533362,-2.8091383790155606,41.575843175839275,-846.4510185352146
2676.558522386339,-0.00028691303298911363,-0.014397434843950811,-2.8161078484006095,41.115484587515894,-846.6081777339905
2678.2301969955693,-0.0002726661523476216,-0.01486522783016715,-2.840570054613646,39.52522869795133,-847.1234019427919
2679.9018716047995,-0.0002578749440576783,-0.015308749698399852,-2.8657939717782788,37.922675803971195,-847.5989634543984
2680.388319636178,-0.0002534723527593276,-0.015433122582494862,-2.8732712484643894,37.454119212704065,-847.7296808550434
2680.8747676675566,-0.00024902682634903413,-0.015555345230503831,-2.8808084516561943,36.98459873358392,-847.8568796677406
2682.546442276787,-0.0002334319607155106,-0.015958667286790736,-2.9071527249182605,35.36397476368948,-848.2666654599338
2684.218116886017,-0.00021737046753165623,-0.016335529777449783,-2.934149105529146,33.733009348274535,-848.6330885265495
2684.7045649173956,-0.0002126138560878087,-0.016440112715040166,-2.9421210469534946,33.256594572140706,-848.7313788555279
2685.191012948774,-0.00020782170401795143,-0.016542375462270605,-2.950143255677988,32.779412765193214,-848.8258595561927
2686.8626875580044,-0.00019109456063008676,-0.01687585600881117,-2.978079398528496,31.134060959405986,-849.1210580186882
2688.5343621672346,-0.00017399807888136587,-0.01718106550768524,-3.006549382345046,29.481047840185227,-849.369743119315
2689.020810198613,-0.0001689597012376043,-0.017264480889804677,-3.0149274850468974,28.998758490948685,-849.4332149120667
2689.5072582299917,-0.00016389489458309425,-0.017345441716417165,-3.0233455364142823,28.515956164526308,-849.4926382940791
2691.178932839222,-0.00014630301553879285,-0.017604751713943628,-3.052562337854558,26.853313605684768,-849.6656274815472
2692.850607448452,-0.00012845980217805506,-0.017834443739345465,-3.0821878654276276,25.186308726333955,-849.789635021605
2693.337055479831,-0.00012322743931258726,-0.017895659251208184,-3.090878400883539,24.700598186238715,-849.8164039720103
2693.8235035112098,-0.00011797947496953979,-0.017954328929934215,-3.099598076730535,24.2146751536127,-849.8389484065731
2695.49517812044,-9.984356772866905e-05,-0.018136409402357855,-3.129768298819079,22.54366838273395,-849.883962084366
2697.16685272967,-8.159390008295174e-05,-0.018288077453941398,-3.1602174803743464,20.872069667203203,-849.8783190192152
2697.6533007610487,-7.627009547000644e-05,-0.01832647218544069,-3.1691231291991553,20.385752004809166,-849.8670922918147
2698.1397487924273,-7.094300163116129e-05,-0.018362279939673567,-3.178046822007964,19.89955480441615,-849.8515356120455
2699.8114234016575,-5.263101816959476e-05,-0.01846556241897336,-3.20883316646998,18.230190594132587,-849.7649243407137
2701.4830980108877,-3.4357054051524605e-05,-0.01853826499846139,-3.2397666058091827,16.564295788627003,-849.6268503733414
2701.9695460422663,-2.9055306441676957e-05,-0.01855368615281974,-3.2487883618694466,16.08041152475263,-849.5769852295444
2702.455994073645,-2.3763502993100858e-05,-0.018566534419431735,-3.2578170056826252,15.596996923455068,-849.522759963887
2704.127668682875,-5.675002463935302e-06,-0.018591112821613024,-3.2888789428509524,13.939877549046539,-849.3031535792038
2705.7993432921053,1.2216817168082153e-05,-0.01858561752997159,-3.3199568303949536,12.29037960028765,-849.0321790800999
2706.285791323484,1.737750001855955e-05,-0.018578416667368418,-3.328996107791913,11.812045949423169,-848.9437084048278
2706.7722393548624,2.2514911355005237e-05,-0.018568714693503095,-3.338031301911114,11.334530156850423,-848.8509232857299
2708.4439139640926,3.997132943490757e-05,-0.018516437402211178,-3.369032479714805,9.70032943611187,-848.4992733024543
2710.115588573323,5.7076290017414096e-05,-0.01843527242133428,-3.3999221214894026,8.077788480022852,-848.0972322829354
2710.602036604702,6.19793963555959e-05,-0.018406311987745613,-3.4088829582558717,7.608045863883117,-847.9708531396744
2711.0884846360805,6.684659518175077e-05,-0.018374978527735567,-3.4178291731223016,7.139451407209499,-847.8402774681791
2712.7601592453107,8.32794371156649e-05,-0.018249428783076373,-3.44844498829367,5.538393474832588,-847.3597712860693
2714.431833854541,9.921835657837726e-05,-0.018096821512625764,-3.4788283094552663,3.9527281162154795,-846.830667068774
2714.9182818859194,0.00010375627375706423,-0.018047449702088093,-3.4876195283151783,3.4943953753817225,-846.6676927071544
2715.404729917298,0.00010824698156866482,-0.01799588481524809,-3.4963862535043795,3.0375080223633466,-846.5007044894429
2717.076404526528,0.0001233021201905677,-0.017802261424766645,-3.5263111136350473,1.4788908023719813,-845.8965583192341
2718.7480791357584,0.0001377398177352079,-0.01758398682159829,-3.5558916940569243,-0.061070950201090664,-845.2463144308421
2719.234527167137,0.00014181889816196658,-0.017515987792966998,-3.5644288994402618,-0.5055213249406065,-845.0485944010078
2719.7209751985156,0.0001458413045823822,-0.017446020619503923,-3.57293261602136,-0.9482744957372838,-844.847097338978
2721.392649807746,0.0001592180215254787,-0.017190940823328577,-3.601886512169575,-2.4564749621016992,-844.1262484419624
2723.064324416976,0.0001718781064654092,-0.01691409849684651,-3.6303958079645207,-3.9433525087502654,-843.3623696982195
2723.5507724483546,0.00017542275821704736,-0.0168296229698456,-3.6386031243101025,-4.371890399736377,-843.1321860717043
2724.037220479733,0.00017890351057133413,-0.01674344036864382,-3.6467690090550335,-4.798533415842854,-842.8985037037753
2725.7088950889633,0.00019036740273522103,-0.01643468023859502,-3.6745030978932367,-6.249951981969116,-842.0692324869634
2727.3805696981935,0.00020104364019201578,-0.016107414562280226,-3.7017055726357806,-7.678055690486967,-841.2004093726919
2727.8670177295726,0.00020399928940824095,-0.016008894930234434,-3.709517047983603,-8.089155468187833,-840.9403590731225
2728.353465760951,0.0002068862759146572,-0.015908955209272744,-3.717280335532618,-8.49822163340776,-840.6771161997704
2730.0251403701814,0.00021627730173980688,-0.015555143802818226,-3.743581293633909,-9.888273489139806,-839.7486337234883
2731.6968149794116,0.00022483920235681032,-0.015186326670716331,-3.769278251845292,-11.253727273200631,-838.7843261553242
2732.18326301079,0.0002271734387244622,-0.015076383132656378,-3.776638872801032,-11.646394723973073,-838.4971998873833
2732.6697110421687,0.00022943673266229096,-0.014965321668243154,-3.783945825072257,-12.036949687204892,-838.2072017322981
2734.341385651399,0.00023667093883488963,-0.014575614223234544,-3.808638827952318,-13.362880494006072,-837.1892379891493
2736.013060260629,0.00024306336489068417,-0.014174517130673157,-3.832670846899216,-14.663628376694483,-836.1392724517262
2736.4995082920077,0.0002447654720839766,-0.014055862567891405,-3.839537143214995,-15.037394723851108,-835.8279397671241
2736.9859563233863,0.0002463967172489607,-0.013936396926057974,-3.846345607945044,-15.409027080712146,-835.5140582322157
2738.6576309326165,0.00025146314451959687,-0.013520151786704081,-3.869295899090341,-16.669855413404758,-834.4164817654195
2740.3293055418467,0.000255701938829322,-0.0130961289960256,-3.8915438629538426,-17.90556725563434,-833.2906896021377
2740.8157535732253,0.0002567814286870319,-0.012971478253309101,-3.897884109496025,-18.26045528552001,-832.957997602905
2741.302201604604,0.00025779229878509157,-0.012846318187089588,-3.904163678347656,-18.613239966154445,-832.6230718456806
2742.973876213834,0.0002607472154473218,-0.01241279356419472,-3.9252767824532513,-19.809611767142524,-831.4555633514539
2744.6455508230642,0.00026291284226706807,-0.011974989000037704,-3.9456615971197055,-20.981509989050497,-830.2634793451962
2745.1319988544433,0.0002633975191368049,-0.011846975639643412,-3.9514556396785716,-21.317978950298187,-829.9121699132835
2745.618446885822,0.00026381774377827244,-0.011718740787717419,-3.9571874338345183,-21.652420180111495,-829.558925832248
2747.290121495052,0.00026477761675701655,-0.011276819411552924,-3.9764081194528336,-22.78639925654313,-828.3307191642832
2748.9617961042823,0.00026500776794374515,-0.010833903368797524,-3.9948892249478924,-23.897031290252684,-827.0813502745563
2749.448244135661,0.0002649415113905354,-0.010705005405810914,-4.000127965688331,-24.215907824917917,-826.7139980456786
2749.9346921670394,0.0002648166298967995,-0.010576152112409181,-4.005304085475676,-24.532868925546495,-826.3449886080202
2751.6063667762696,0.0002639501810801043,-0.010134098225658797,-4.0226142075774165,-25.607688361885778,-825.0646837167244
2753.2780413855,0.0002624314950898509,-0.009694037923556588,-4.039187025733179,-26.660669259154773,-823.7663494242532
2753.7644894168784,0.0002618717888137426,-0.009566513686586961,-4.043871609556536,-26.963071333736465,-823.3853203858104
2754.250937448257,0.00026126065089121303,-0.009439272070326344,-4.048494289934497,-27.263698257794523,-823.0028864473518
2755.922612057487,0.00025878006750856445,-0.009004524564334067,-4.063909660278598,-28.2834957449673,-821.6783313943642
2757.5942866667174,0.00025573903796395105,-0.008574392228408032,-4.07860213178681,-29.283242694548044,-820.3385704779034
2758.080734698096,0.00025475426926677803,-0.008450227392191567,-4.082742879607508,-29.570502593544713,-819.9459992971285
2758.5671827294746,0.0002537263115247872,-0.008326549697151964,-4.086823398027804,-29.85614712961413,-819.5522488612006
2760.2388573387047,0.0002498777081677389,-0.00790555483710309,-4.100389846933191,-30.825703579276585,-818.1904827526287
2761.910531947935,0.0002455708794930367,-0.007491376591381601,-4.11325822700096,-31.77718002736239,-816.8160168923654
2762.396979979314,0.00024423743820594306,-0.007372243305893579,-4.116873366196175,-32.050771229047335,-816.4137999553095
2762.8834280106926,0.0002428697603068773,-0.0072537644472443485,-4.120430753542241,-32.3229185479242,-816.0106027637715
2764.5551026199228,0.00023792296948796227,-0.006851851231688225,-4.1322195606301735,-33.247414885249924,-814.6178483729356
2766.226777229153,0.00023262647277107402,-0.006458499737976419,-4.143343655807053,-34.15589736156561,-813.2145907173316
2766.7132252605315,0.00023102565760669256,-0.006345728693890061,-4.14645790187908,-34.41736877310241,-812.8043913492809
2767.19967329191,0.00022939990716185283,-0.006233739834153903,-4.1495175109346265,-34.67757264406959,-812.3933852520032
2768.8713479011403,0.0002236375999707185,-0.005855040849030043,-4.159620395037878,-35.56237509568068,-810.9750790300195
2770.5430225103705,0.0002176359906634604,-0.005486174584163911,-4.169098436217551,-36.433251377414216,-809.5481754536289
2771.029470541749,0.00021585070547453796,-0.005380740871266235,-4.171741483324042,-36.684171135129674,-809.1314377867457
2771.5159185731277,0.00021404974885978425,-0.005276176890919673,-4.174333472845701,-36.93399888465421,-808.7140433789161
2773.187593182358,0.00020775577812934322,-0.004923597745756186,-4.182857343941408,-37.784478894638276,-807.274891038227
2774.859267791588,0.00020133008023357613,-0.004581650174132823,-4.190800703698169,-38.62308218716541,-805.8287827679587
2775.345715822967,0.00019944130550860487,-0.004484173909479672,-4.193005685660528,-38.86499212505194,-805.4067510737418
2775.8321638543457,0.000197545688664905,-0.004387615741252639,-4.195163482107846,-39.105980329354374,-804.9841914726582
2777.503838463576,0.00019099290610392528,-0.004062856309974632,-4.202225172252278,-39.92737169504718,-803.5282388466079
2779.175513072806,0.0001844086856964217,-0.003749077275848519,-4.20875314812689,-40.7388522394821,-802.0667369112522
2779.6619611041847,0.00018249211028837246,-0.0036598393723894116,-4.210555135060992,-40.97323322961257,-801.6404777706308
2780.1484091355633,0.00018057675359282082,-0.0035715313767771,-4.212313937220134,-41.20685425639737,-801.2138009732806
2781.8200837447935,0.000174016278493424,-0.0032751574017633603,-4.218035134123817,-42.004147242285995,-799.7445118978617
2783.4917583540237,0.0001675140144392888,-0.0029897017514345955,-4.223270016121706,-42.79338020308265,-798.270875989917
2783.9782063854022,0.0001656374651072448,-0.002908672638945597,-4.224704608343648,-43.021627879806104,-797.8413013042157
2784.464654416781,0.0001637691938287105,-0.0028285525475352947,-4.226099995387699,-43.2492667263101,-797.4114031999617
2786.136329026011,0.00015742270372830355,-0.002560107186350719,-4.230602575999435,-44.02713680149297,-795.9317383429865
2787.808003635241,0.00015121123081549782,-0.0023021582391225606,-4.2346651766112595,-44.79866345826076,-794.4487548396794
2788.29445166662,0.0001494329709953642,-0.002229035757016534,-4.235767243655366,-45.02207335915466,-794.0166443045366
2788.7808996979984,0.00014766890199889847,-0.0021567733758558355,-4.236833932685167,-45.24501377831372,-793.58429103078
2790.4525743072286,0.00014172374208711264,-0.001914915753440073,-4.240235840898397,-46.00778123569675,-792.0967836499088
2792.124248916459,0.00013597631342550454,-0.0016828312327414677,-4.243241610588179,-46.765779377181644,-790.6068394952032
2792.610696947838,0.00013434406526249053,-0.001617084252725539,-4.244044207269011,-46.98554025240856,-790.1728617055563
2793.0971449792164,0.0001327307023294029,-0.0015521255472847161,-4.244814990620209,-47.204958897282154,-789.7387105692678
2794.7688195884466,0.00012733730416559114,-0.001334785256992616,-4.247226751008215,-47.95657485572239,-788.2455369263741
2796.440494197677,0.00012218977638670108,-0.00112625546582861,-4.249282553295217,-48.70485371804835,-786.7506876689772
2796.9269422290554,0.00012074032704356108,-0.0010671704264731817,-4.249816031245741,-48.92204763217904,-786.3154194563524
2797.413390260434,0.00011931322429018429,-0.0010087842377796304,-4.250320910638218,-49.13901483554309,-785.8800380636615
2799.085064869664,0.00011458436672000081,-0.0008133228488950553,-4.251842827033266,-49.883068838042924,-784.3830815558068
2800.7567394788944,0.00011013505978340817,-0.000625532912293137,-4.253044407673426,-50.62508378120987,-782.885113004123
2801.243187510273,0.00010889432411909181,-0.0005722610251213559,-4.253335729895973,-50.840691611685266,-782.4490569155453
2801.7296355416515,0.00010767819351272973,-0.0005195862379318386,-4.25360125388538,-51.05617740749552,-782.0129404460056
2803.4013101508817,0.00010368968896835005,-0.0003429587766347183,-4.254321307218114,-51.795921860249216,-780.5138494219535
2805.072984760112,0.00010000052410053652,-0.00017274859784481106,-4.254751460712615,-52.53480409944068,-779.0143331329504
2805.5594327914905,9.898395327855178e-05,-0.00012435199899343526,-4.2548237181431965,-52.74971508620938,-778.5779331534426
2806.045880822869,9.799310553569014e-05,-7.6443489810756e-05,-4.254872521046544,-52.964599136066525,-778.1415198964788
2807.7175554320993,9.478554804053694e-05,8.464545450178743e-05,-4.254864954224621,-53.70298606803922,-776.6417596633271
2809.3892300413295,9.188412103063627e-05,0.00024062828167169123,-4.254592366987849,-54.44158306558475,-775.1421028944934
2809.8756780727085,9.109736027794291e-05,0.00028513271275927755,-4.254464489614627,-54.656607159157076,-774.7057586137407
2810.362126104087,9.033638595447179e-05,0.0003292605801332219,-4.254315023837906,-54.8716913430656,-774.269443974376
2812.0338007133173,8.791765097701537e-05,0.00047821001776918723,-4.253639581579481,-55.611417318849455,-772.7703437426043
2813.7054753225475,8.579995159140231e-05,0.0006233677343345609,-4.252718313590018,-56.3523398245818,-771.2718346505318
2814.191923353926,8.523966766249335e-05,0.000664967787661444,-4.2524049639926,-56.56822169512259,-770.8359141042994
2814.6783713853047,8.47042790943565e-05,0.0007063009789075915,-4.252071413197358,-56.78424424288009,-770.4000633090993
2816.350045994535,8.305251846871676e-05,0.000846478624110367,-4.250773190645878,-57.52779967393713,-768.9028588635306
2818.021720603765,8.168605956140713e-05,0.0009841335288339847,-4.249242745284731,-58.27347182570093,-767.4067077143858
2818.5081686351436,8.134087213882365e-05,0.0010237848930940265,-4.24875437928304,-58.49090552059619,-766.971559116801
2818.9946166665222,8.101884359552998e-05,0.0010632733862693804,-4.248246736801636,-58.70855568544726,-766.536518832762
2820.6662912757524,8.008577074934575e-05,0.001197894379273805,-4.246356581444296,-59.458275217483205,-765.0423916297514
2822.3379658849826,7.941294192760436e-05,0.0013311730997566328,-4.244242505512524,-60.210984546870215,-763.5497686680698
2822.824413916361,7.926440940060583e-05,0.0013697667445842548,-4.243585582648162,-60.43062790995526,-763.1157312115823
2823.31086194774,7.913656628501437e-05,0.001408292391632172,-4.242909877710793,-60.65056031165727,-762.681840249543
2824.98253655697,7.885087719705465e-05,0.0015403125402790859,-4.240445283636862,-61.40867139437671,-761.1919534878363
2826.6542111662,7.879238741689109e-05,0.001672045011388561,-4.237760235284145,-62.17061600558269,-759.7040239436659
2827.140659197579,7.881601050649701e-05,0.001710378873411518,-4.236937560827581,-62.393104092942345,-759.2714377933169
2827.627107228958,7.885723367395938e-05,0.0017487275739005907,-4.23609621422337,-62.615951978489505,-758.8390370166394
2829.298781838188,7.912805700795632e-05,0.0018807514539459587,-4.2330626451551145,-63.38461913488539,-757.3545690513613
2830.970456447418,7.958637726436259e-05,0.002013384779404605,-4.22980786572156,-64.15794972695474,-755.8725255847678
2831.456904478797,7.97525983800978e-05,0.0020521397768358623,-4.2288190455404795,-64.38390656961748,-755.4417411405459
2831.9433525101754,7.993282205292415e-05,0.0020909779780387823,-4.227811336036784,-64.61029335453897,-755.0111826469181
2833.6150271194056,8.065313672944665e-05,0.0022251818693534136,-4.224203912952743,-65.39165605517726,-753.533357934824
2835.2867017286358,8.151589754675512e-05,0.002360708954221809,-4.220371038656594,-66.17851083765365,-752.0584506365824
2835.7731497600143,8.179108531343872e-05,0.00240042928446057,-4.219213028344822,-66.40855901046714,-751.6298370855222
2836.259597791393,8.207628000871731e-05,0.0024402847575212515,-4.218035651285884,-66.63910757193842,-751.2014926777147
2837.931272400623,8.312627950121894e-05,0.0025783542170087826,-4.213841140998893,-67.43530998727212,-749.7316102639764
2839.6029470098533,8.42696170299812e-05,0.0027182569494002776,-4.209414291184279,-68.23784090056999,-748.2651741543079
2840.089395041232,8.461703708276681e-05,0.0027593346043969327,-4.208082021106923,-68.472608460684,-747.8391272825461
2840.5758430726105,8.497017930520386e-05,0.002800581431982655,-4.206729720877751,-68.70794775746086,-747.4133961925008
2842.2475176818407,8.622059771963236e-05,0.0029436632941127775,-4.201928762867005,-69.52115901549084,-745.9528555719822
2843.919192291071,8.751247525478248e-05,0.003088870102036928,-4.196886842431325,-70.34154801942995,-744.4963353602094
2844.40564032245,8.78932568910339e-05,0.0031315335601519987,-4.195373900585528,-70.5816724801462,-744.0732845426604
2844.8920883538285,8.827529627118114e-05,0.0031743812991463006,-4.1938401588583565,-70.82244117670369,-743.6506003204727
2846.5637629630587,8.959073783683391e-05,0.0033230500217164625,-4.188409668325043,-71.65486510609736,-742.2009243225551
2848.235437572289,9.089429164351634e-05,0.0034739077983194336,-4.182728822369997,-72.49532965610202,-740.7558960023695
2848.7218856036675,9.126840585101662e-05,0.0035182149066689387,-4.181028177028334,-72.74145876640009,-740.3363102320023
2849.208333635046,9.163924569420408e-05,0.0035627019475414756,-4.1793059387492795,-72.98830564373907,-739.9171466552536
2850.8800082442763,9.288157688206797e-05,0.003716940438992356,-4.17322162377597,-73.84217934846103,-738.4800008050383
2852.5516828535065,9.405855231244478e-05,0.003873201077166062,-4.166877782047067,-74.70496655415059,-737.0481894586545
2853.038130884885,9.438582165064077e-05,0.003919036215853813,-4.164982525930946,-74.95775576546787,-736.6325822177926
2853.5245789162636,9.470533382309858e-05,0.003965027440107005,-4.1630649447467905,-75.21133681335652,-736.2174580167791
2855.196253525494,9.573721399695996e-05,0.004124222797497576,-4.156303874246646,-76.08891781950696,-734.7946656169876
2856.867928134724,9.665157223305592e-05,0.004285044893554862,-4.149275321220778,-76.97628719015772,-733.3779585902871
2857.3543761661026,9.689273644700338e-05,0.004332120610252526,-4.147179418352804,-77.23639381437987,-732.9668913046669
2857.840824197481,9.712183492652502e-05,0.004379309546057909,-4.145060602532078,-77.49736602366988,-732.5563734374128
2859.5124988067114,9.781046939236107e-05,0.004542264481810791,-4.137603759081082,-78.40090817700907,-731.1499254044296
2861.1841734159416,9.833224893244842e-05,0.004706231126743847,-4.12987366237726,-79.31510331603235,-729.750379808688
2861.6706214473206,9.845011079480417e-05,0.00475409453533601,-4.127572677721314,-79.58317751577836,-729.344463566261
2862.157069478699,9.85519077991336e-05,0.004802010316745197,-4.1252484165329335,-79.85218952837113,-728.9391687193009
2863.8287440879294,9.877310483426219e-05,0.004966971412604365,-4.1170831640384815,-80.78390831272034,-727.5512270156389
2865.5004186971596,9.878261593700914e-05,0.005132125342931644,-4.1086419890903265,-81.72711843734913,-726.1710703366653
2865.986866728538,9.874328898641742e-05,0.0051801696806529005,-4.106133779599473,-82.00379134346157,-725.7709655061637
2866.473314759917,9.868435556123324e-05,0.005228189215346758,-4.1036022285750455,-82.28147127319289,-725.3715594521799
2868.144989369147,9.832695773113902e-05,0.005392893472944689,-4.0947246190888364,-83.24349976920409,-724.0044528211355
2869.816663978377,9.771937353040934e-05,0.00555679116256297,-4.085572351836773,-84.2178125018767,-722.6460753132329
2870.3031120097558,9.749364919146809e-05,0.00560427298527039,-4.082857695635105,-84.50368192271556,-722.2524886746764
2870.7895600411343,9.724539601073718e-05,0.005651638818333895,-4.080119997206746,-84.79062283165506,-721.8596830988652
2872.4612346503645,9.621613711387371e-05,0.0058133802401115,-4.0705368342473065,-85.78496013498882,-720.5158937714124
2874.1329092595947,9.490652185720875e-05,0.0059731667436207815,-4.060684926253433,-86.79230762681325,-719.181831331015
2874.6193572909733,9.447136443661008e-05,0.006019229297838733,-4.057768064468781,-87.08792199474644,-718.7955103465736
2875.105805322352,9.40115494046121e-05,0.006065073711089926,-4.05482887824339,-87.38466569090026,-718.4100567752566
2876.777479931582,9.224032997118382e-05,0.006220791788614975,-4.044559446121858,-88.41312023650524,-717.0921969376268
2878.4491545408123,9.016898977610222e-05,0.006373298111457302,-4.034032388548304,-89.45522131186034,-715.7851033441328
2878.9356025721913,8.950909423633527e-05,0.006417001354920009,-4.03092145202156,-89.76106269451417,-715.406827268906
2879.42205060357,8.882337223964258e-05,0.00646037713556897,-4.027789366716703,-90.06808269828093,-715.0295078120843
2881.0937252128,8.626846944278416e-05,0.006606768294469631,-4.016866728300402,-91.132213552252,-713.7402849477799
2882.7653998220303,8.340585684294662e-05,0.0067486312919034,-4.005703156307022,-92.21051515607076,-712.4628927751368
2883.251847853409,8.25149949776011e-05,0.006788988298241095,-4.002410448617443,-92.52698232640255,-712.0934604460886
2883.7382958847875,8.159822304846597e-05,0.006828905781421362,-3.999098247268463,-92.84466701620178,-711.7250752121743
2885.4099704940177,7.825041876969206e-05,0.0069625553038494496,-3.9875700148303608,-93.94572672584161,-710.4672459962375
2887.081645103248,7.46006573695387e-05,0.007090355999841591,-3.975823252546399,-95.0613484218565,-709.2223161531213
2887.5680931346265,7.348258069281718e-05,0.007126374265397888,-3.9723653646335095,-95.38874110257231,-708.8625305010864
2888.054541166005,7.233966372476405e-05,0.007161843062667715,-3.9688901190875705,-95.7173781642242,-708.503881755579
2889.7262157752352,6.822469900984832e-05,0.007279371345774478,-3.956818622203968,-96.85626108698659,-707.280194962806
2891.3978903844654,6.382729870488464e-05,0.007389784676647119,-3.944556603216124,-98.00994657705371,-706.0704556726333
2891.884338415844,6.249609134346612e-05,0.007420510172427524,-3.9409543429340204,-98.34845201690861,-705.7211052621916
2892.3707864472226,6.114226723308774e-05,0.007450583375739059,-3.9373373220206167,-98.68821535276845,-705.3729786665366
2894.042461056453,5.632128367255856e-05,0.007548798563306367,-3.924799127302969,-99.86541540747635,-704.1861084955292
2895.714135665683,5.1250707606761426e-05,0.007638746016337161,-3.9121036592309713,-101.0574949264009,-703.0141855050723
2896.200583697062,4.9730488492871025e-05,0.007663307396624347,-3.9083817894146637,-101.4071779050718,-702.6760236964503
2896.6870317284406,4.819094978596676e-05,0.007687125619156587,-3.904648175643843,-101.75811808568767,-702.3391672540399
2898.358706337671,4.275856128633163e-05,0.007763173155981419,-3.8917329506374765,-102.97369952077572,-701.1916394730082
2900.030380946901,3.712128147156839e-05,0.007829968251079355,-3.878698332430656,-104.20406646051978,-700.0599802746472
2900.5168289782796,3.5445148554578676e-05,0.007847618179126988,-3.8748851231928616,-104.56486364423954,-699.7337028873496
2901.003277009658,3.375389535585797e-05,0.007864450341954328,-3.8710635451908284,-104.92690279794994,-699.4088045061393
2902.6749516188884,2.7833525406381714e-05,0.007915948433994846,-3.857872302931796,-106.18048682933127,-698.3029187668214
2904.3466262281186,2.1762205464913125e-05,0.007957423424279129,-3.8446033503022288,-107.44859105597469,-697.2137144943316
2904.833074259497,1.9970318938197508e-05,0.007967573519268972,-3.840729965386502,-107.82031033985974,-696.8999370910061
2905.3195222908757,1.816814136676873e-05,0.007976850842420618,-3.8368518676006618,-108.1932420778049,-696.5876019027769
2906.991196900106,1.1904280892939093e-05,0.00800199925278454,-3.823494679248207,-109.48401113822274,-695.5253542897337
2908.662871509336,5.548838009144604e-06,0.008016599978643898,-3.8101042670848675,-110.78887023020987,-694.4804635389618
2909.1493195407147,3.6856054977392394e-06,0.00801884551212583,-3.806204020091768,-111.1711953225345,-694.179699592246
2909.6357675720933,1.817188780011336e-06,0.008020184840522495,-3.802302907416429,-111.55468990722865,-693.8804282993246
2911.3074421813235,-4.635069680017706e-06,0.008017833869366236,-3.788896226909221,-112.8814098498408,-692.8634385194192
2912.9791167905537,-1.1118330488716242e-05,0.0080046709086506,-3.775502513525011,-114.22163801060259,-691.8643174960354
2913.4655648219327,-1.3007415438890479e-05,0.007998802244007674,-3.7716100455983335,-114.61413807406309,-691.576958707461
2913.9520128533113,-1.4896628167986018e-05,0.007992015978200005,-3.767720655844334,-115.0077525961454,-691.2911282170387
2915.6236874625415,-2.1381989672803304e-05,0.007961689143983744,-3.754384446866253,-116.36881165532678,-690.3205756627357
2917.2953620717717,-2.783998653354478e-05,0.007920543767998538,-3.741107977027699,-117.74266452027999,-689.3682186868203
2917.7818101031503,-2.9710956166589765e-05,0.007906545141011566,-3.7372584133667144,-118.14480824621008,-689.094518581989
2918.268258134529,-3.157729524681306e-05,0.007891638773553535,-3.7334158745818713,-118.54800114006122,-688.8223660282858
2919.939932743759,-3.7948323126181665e-05,0.007833515378037599,-3.720270729906804,-119.94146301676902,-687.8989382916285
2921.6116073529893,-4.423830614220372e-05,0.007764809437301151,-3.707231593922293,-121.34689525368447,-686.9938318892372
2922.098055384368,-4.605061531352929e-05,0.007742848039696105,-3.703459727597817,-121.75806838767392,-686.7338935583773
2922.5845034157464,-4.785400917641917e-05,0.007720008329900619,-3.699698747326085,-122.17021727205864,-686.475504549
2924.2561780249766,-5.3976854712905086e-05,0.007634876415615246,-3.6868631509364476,-123.59388463630027,-685.5993609990581
2925.927852634207,-5.997135360539991e-05,0.007539616372823255,-3.674178332873984,-125.02861634074026,-684.7414537752702
2926.4143006655854,-6.168918303896236e-05,0.007510024577356684,-3.6705178714870317,-125.44814145192373,-684.4952223166615
2926.900748696964,-6.33944022440639e-05,0.007479601152429726,-3.666871992155372,-125.86856307115272,-684.2505239239129
2928.572423306194,-6.91526601894343e-05,0.007368789945382079,-3.6544598315916113,-127.32004717044177,-683.4212758523332
2930.2440979154244,-7.47427443876823e-05,0.007248493370625253,-3.642240839533266,-128.7816346378023,-682.6099652078286
2930.7305459468034,-7.633584776136884e-05,0.007211746367225502,-3.638723739205213,-129.20879183574556,-682.377225099796
2931.216993978182,-7.791331075926695e-05,0.007174228951784569,-3.635224683040856,-129.6367628033749,-682.1459837855398
2932.888668587412,-8.321049099045195e-05,0.0070395278301189895,-3.6233430845723587,-131.1135547251188,-681.3626914861201
2934.5603431966424,-8.830784165000346e-05,0.006896138571770952,-3.611693924417528,-132.5994612051563,-680.5968271158107
2935.046791228021,-8.975208493347916e-05,0.006852829065208374,-3.6083498271289454,-133.03350854498123,-680.377204420961
2935.5332392593996,-9.11783710734859e-05,0.006808821918306198,-3.6050269458393505,-133.46828564153037,-680.1590287643606
2937.20491386863,-9.593949580060625e-05,0.006652390784933871,-3.5937744792955804,-134.96782504074105,-679.4202148409521
2938.87658847786,-0.00010047780291391359,0.006488186839517582,-3.5827900115118263,-136.47548747798356,-678.6981179294087
2939.3630365092386,-0.00010175554397804492,0.006438997817919427,-3.579645796062239,-136.9156799332205,-678.4910869473846
2939.849484540617,-0.0001030137644697721,0.006389192315713085,-3.5765256350748786,-137.35651885796082,-678.2854347624545
2941.5211591498473,-0.00010718660504652115,0.006213466035520004,-3.5659909188962207,-138.87625654130252,-677.5891120308376
2943.1928337590775,-0.00011112277343382886,0.006030961943131301,-3.5557556250266105,-140.40314497895662,-676.9086081994127
2943.679281790456,-0.0001122232124659284,0.005976637899461204,-3.5528350789119454,-140.84875107323836,-676.7135019479432
2944.1657298218347,-0.00011330335642442559,0.005921783590289581,-3.549941063281195,-141.29492276795068,-676.5196911476487
2945.837404431065,-0.00011685958583294953,0.005729371231987635,-3.5402017933547687,-142.83237431542958,-675.8634027549238
2947.509079040295,-0.00012017472748619374,0.005531215525418405,-3.53078897478695,-144.37604148303362,-675.2218661505256
2947.995527071674,-0.00012109414627450433,0.00547253231740192,-3.5281125933952686,-144.8263569244959,-675.0378898757815
2948.4819751030527,-0.00012199329162100116,0.00541340667815555,-3.52546484165249,-145.27716084263838,-674.8551122673553
2950.153649712283,-0.0001249289316365109,0.005206986962967368,-3.516587264328468,-146.8299493424456,-674.235981112746
2951.825324321513,-0.0001276283320091738,0.004995857270809733,-3.5080586903756217,-148.38806885728278,-673.6303865719624
2952.3117723528917,-0.00012836998426043932,0.004933591646917057,-3.5056436075469573,-148.84242678544516,-673.4566333727527
2952.7982203842703,-0.00012909214320924912,0.004870969674815255,-3.5032588770182342,-149.2972007461787,-673.2839704600887
2954.4698949935005,-0.00013142669484883404,0.004653187272227521,-3.4952977136326617,-150.86308762951288,-672.6987546881368
2956.1415696027307,-0.000133538433864721,0.0044316884940427785,-3.48770371784519,-152.43348014096117,-672.1257346961745
2956.6280176341093,-0.00013411205106439876,0.004366588938209633,-3.4855637657151988,-152.8912578537707,-671.961202303503
2957.114465665488,-0.00013466763706788482,0.004301214243836045,-3.4834555264387954,-153.3493843760471,-671.7976421381809
2958.786140274718,-0.0001364419496344283,0.0040745826073393,-3.4764543332946065,-154.92628819742288,-671.2427934249735
2960.4578148839482,-0.0001380143308537288,0.0038451536793292196,-3.469834332583393,-156.50693562245368,-670.698696640623
2960.9442629153273,-0.00013843529595905271,0.0037779141239467377,-3.467980221595637,-156.96755788049995,-670.5423044278715
2961.430710946706,-0.0001388402618732936,0.003710473053279129,-3.4661588489806445,-157.42846711726318,-670.3867585921416
2963.102385555936,-0.00014011332025924076,0.003477288851426805,-3.4601507733684054,-159.01447086065005,-669.8584801480479
2964.7740601651662,-0.00014121128488136167,0.0032421228600942337,-3.4545341623192507,-160.6035195289582,-669.3394285540973
2965.260508196545,-0.00014149952161971824,0.00317336059643979,-3.452973766079645,-161.06645871566883,-669.1900339517957
2965.7469562279234,-0.00014177422111399338,0.003104460686991533,-3.451446836338069,-161.52962828388416,-669.0413538617988
2967.4186308371536,-0.00014261901755066198,0.002866734133121512,-3.446455709002721,-163.12297632955705,-668.535655479534
2969.090305446384,-0.00014331970115330527,0.002627715809381094,-3.4418630628208606,-164.71873033310675,-668.0375976857325
2969.5767534777624,-0.00014349832542489673,0.0025579547200192355,-3.4406017871816066,-165.18350387323986,-667.8940113213775
2970.063201509141,-0.00014366613873566708,0.002488108594280566,-3.439374454378429,-165.6484559922077,-667.7510031897021
2971.734876118371,-0.00014416477028998545,0.0022475133105249513,-3.435416141743736,-167.24754222823577,-667.2637512147021
2973.4065507276014,-0.00014455233307092665,0.0020061773124847855,-3.4318606452526264,-168.84844853955897,-666.7825100286981
2973.89299875898,-0.00014464610053277875,0.0019358373772230797,-3.4309018565451677,-169.31461404205677,-666.6435090896861
2974.3794467903585,-0.00014473186408425984,0.0018654530048981426,-3.4299772857309394,-169.78091044980695,-666.5049470665427
2976.0511213995887,-0.00014496999262035093,0.0016232984927055307,-3.4270612107335032,-171.38425916114798,-666.0319078029677
2977.722796008819,-0.00014512992548911747,0.0013808112659412094,-3.4245502173808586,-172.9888861633324,-665.5632208427132
2978.209244040198,-0.0001451635585957154,0.0013102050839017977,-3.4238957009964874,-173.456034764978,-665.4275603551164
2978.6956920715766,-0.0001451918893756942,0.0012395831123814126,-3.4232755282830483,-173.92326988758927,-665.2921975632531
2980.3673666808068,-0.00014525302378055722,0.0009968117911352819,-3.421406257298027,-175.5295110345121,-664.829073308998
2982.039041290037,-0.00014526658030584332,0.0007539780404234146,-3.4199428731474555,-177.1365220299219,-664.3686261159354
2982.5254893214155,-0.0001452631924994374,0.0006833144492592041,-3.4195932916569793,-177.60427038485764,-664.2350480315334
2983.011937352794,-0.0001452569365137207,0.0006126525791922041,-3.4192780804165848,-178.07206319828646,-664.1016254093462
2984.6836119620243,-0.00014521729925323407,0.00036986045537600704,-3.4184568710424634,-179.67990354732703,-663.6440829929246
2986.3552865712545,-0.00014515668997396456,0.00012715212135739622,-3.4180414610624053,-181.28802662639657,-663.1875347689262
2986.841734602633,-0.00014513645264239248,5.654611115545296e-05,-3.417996782751383,-181.75600792651124,-663.0547749416875
2987.3281826340117,-0.00014511537890759643,-1.4050348462387488e-05,-3.41798644720744,-182.22399288806525,-662.9220279954478
2988.999857243242,-0.0001450396415104993,-0.00025657270972885256,-3.418212661668115,-183.8321842282046,-662.4657203073377
2990.671531852472,-0.00014496411171606362,-0.0004989686362336703,-3.418844188923396,-185.44017963021554,-662.0087229813058
2991.1579798838507,-0.00014494317638304166,-0.0005694808060104125,-3.4191040619091884,-185.90803396635056,-661.8755162764511
2991.6444279152292,-0.00014492292942589353,-0.0006399833039140889,-3.4193982338086766,-186.37585131711577,-661.7421800010054
2993.3161025244594,-0.00014486083024812355,-0.0008821933067704755,-3.420670538532108,-187.98315673012857,-661.2827615287501
2994.9877771336896,-0.00014481361734620092,-0.00112431194251281,-3.4223476631993712,-189.58978256485534,-660.8209733323439
2995.4742251650687,-0.00014480329457295082,-0.0011947535290071178,-3.4229117150614106,-190.05714686342975,-660.6860572407969
2995.9606731964473,-0.00014479460041986924,-0.0012651906646971225,-3.423510033897289,-190.52443252842124,-660.5508695941828
2997.6323478056775,-0.00014477843568949552,-0.0015072235008070714,-3.425827322245664,-192.12959143479026,-660.0840073765561
2999.3040224149076,-0.0001447845950231684,-0.0017492479740332093,-3.4285492037507512,-193.73356840397653,-659.613102473085
2999.7904704462862,-0.00014479078357945108,-0.0018196795344673394,-3.4294172513577674,-194.20006611084597,-659.475219702574
3000.276918477665,-0.00014479890857196592,-0.0018901145711047401,-3.4303195633570356,-194.66644136290932,-659.3369241150529
3001.948593086895,-0.0001448418837181051,-0.0021322040700673043,-3.4336815547460326,-196.268133873318,-658.8583058317658
3003.620267696125,-0.00014490696966313186,-0.0023743838905210413,-3.4374483164976755,-197.8681094693579,-658.3739818046604
3004.106715727504,-0.00014492983518823833,-0.0024448791414858886,-3.438620475405371,-198.33334011184192,-658.2318823879266
3004.5931637588824,-0.0001449542908352164,-0.002515385715143094,-3.4398269311804466,-198.7984011273292,-658.0892298519312
3006.2648383681126,-0.00014504971991589902,-0.002757779912919106,-3.44423441585376,-200.39521212225176,-657.5945709680722
3007.9365129773428,-0.00014515931130614973,-0.003000345474452931,-3.4490472479851393,-201.98972471139354,-657.092556141046
3008.4229610087214,-0.00014519320849283978,-0.003070966290615343,-3.4505239353989223,-202.45325345636013,-656.9449996429388
3008.9094090401,-0.00014522770272136056,-0.0031416033780971783,-3.4520349807740267,-202.9165608809068,-656.7967509686429
3010.58108364933,-0.0001453490472245026,-0.003384478444341344,-3.4574896953055676,-204.50694423365596,-656.2818029606867
3012.2527582585603,-0.00014546910832769714,-0.0036275552863968266,-3.4633505865703125,-206.09438746492233,-655.75786559245
3012.7392062899394,-0.0001455027469562528,-0.0036983268910862036,-3.465132416434216,-206.55573480848028,-655.6036240112996
3013.225654321318,-0.0001455353755048713,-0.0037691140873201954,-3.466948675519368,-207.01680347236834,-655.4485528429307
3014.897328930548,-0.0001456371093429423,-0.00401249021005076,-3.4734528097460706,-208.5990469304591,-654.9091145444544
3016.5690035397784,-0.00014571517002887383,-0.004256016611751649,-3.480363915266402,-210.17763505192582,-654.3590759133474
3017.055451571157,-0.00014573201647606585,-0.004326903993965853,-3.4824514885473024,-210.63626682473108,-654.1969378565574
3017.5418996025355,-0.0001457456926962177,-0.004397798131225994,-3.4845735426319804,-211.09455579911628,-654.0338350257059
3019.2135742117657,-0.00014576497909135126,-0.004641460888492334,-3.492128894106192,-212.66674724190088,-653.4657690395609
3020.885248820996,-0.00014573212787908106,-0.004885112307778478,-3.500091560948231,-214.2344821463256,-652.8855222996837
3021.3716968523745,-0.00014571104569429693,-0.004955998886385151,-3.502485158611458,-214.68980009513743,-652.7142989663432
3021.858144883753,-0.00014568416656515813,-0.005026873016497818,-3.504913228871488,-215.14470335990646,-652.5419787075738
3023.5298194929833,-0.00014554335788441827,-0.005270303753682959,-3.5135200360922485,-216.7046994445736,-651.9412346265926
3025.2014941022135,-0.00014531706759567773,-0.005513427655854919,-3.5225335238313136,-218.25934059005135,-651.326771064676
3025.687942133592,-0.00014523320072787167,-0.005584097229292128,-3.5252327144368776,-218.71067389536057,-651.1453044852826
3026.1743901649706,-0.00014514055996149504,-0.005654723010552168,-3.527966260890311,-219.16151199057973,-650.9626129523398
3027.846064774201,-0.00014475054851533403,-0.005897041832518927,-3.537621761929382,-220.70691056025456,-650.3252587979682
3029.517739383431,-0.00014423836574109267,-0.00613860656690026,-3.5476817108959353,-222.24594929024138,-649.6727027334671
3030.00418741481,-0.00014406427742266232,-0.006208729623103345,-3.55068488930102,-222.69254749233488,-649.4798765937711
3030.4906354461887,-0.00014387823182068136,-0.006278764191216883,-3.5537221430227706,-223.13856063850994,-649.2857029867533
3032.162310055419,-0.00014314268619262764,-0.006518689315283525,-3.56441892202477,-224.66667865872913,-648.6079657975909
3033.833984664649,-0.00014224682046796406,-0.006757250844882388,-3.5755156380216606,-226.1873188372204,-647.9136188309767
3034.3204326960276,-0.0001419538948015764,-0.006826376350017402,-3.578819516406669,-226.62834675557667,-647.7083720389907
3034.806880727406,-0.00014164579816036127,-0.006895354796820823,-3.5821569667646607,-227.06869003940162,-647.5016624796367
3036.4785553366364,-0.00014046632180058925,-0.007131182168071419,-3.5938811673013515,-228.57654920113686,-646.7799783459044
3038.1502299458666,-0.0001390891708238404,-0.007364872614820147,-3.6059978083455055,-230.0756964253838,-646.0403729608893
3038.636677977245,-0.00013864929110464058,-0.007432426445288984,-3.60959688570847,-230.51023175088307,-645.8217159006795
3039.123126008624,-0.0001381912019643503,-0.007499761074418052,-3.6132287493334463,-230.9439730643613,-645.6014899721871
3040.794800617854,-0.00013647344870472287,-0.0077293682997574276,-3.6259582507699086,-232.42829547566734,-644.8325630130942
3042.466475227084,-0.00013452409019678124,-0.00795591041628127,-3.639069018842774,-233.90255735724082,-644.0445246785156
3042.9529232584628,-0.00013391159755761473,-0.00802120163953331,-3.6429550602253484,-234.32959165089713,-643.8115578330322
3043.4393712898413,-0.00013327826946159146,-0.008086189204635667,-3.6468727635581115,-234.75571311980337,-643.5769274346987
3045.1110458990715,-0.0001309390076579292,-0.00830706796992164,-3.66057543438444,-236.21292962202597,-642.757796265766
3046.7827205083017,-0.00012834054316892724,-0.008523819599372222,-3.6746438930203196,-237.65862965065017,-641.9185121831536
3047.269168539681,-0.00012753441328267737,-0.00858605574058431,-3.6788054548927795,-238.07707347049055,-641.6704465090331
3047.7556165710594,-0.00012670547870245247,-0.008647893764530193,-3.6829971672598028,-238.49447708693035,-641.420636373444
3049.4272911802896,-0.00012368011176627913,-0.008857214062976156,-3.6976293262660134,-239.92075058390947,-640.5487455485921
3051.0989657895198,-0.00012037707313086977,-0.009061244843966648,-3.7126069795243164,-241.33395781643293,-639.655837105532
3051.5854138208983,-0.00011936302408448742,-0.00911955652294221,-3.717029021392731,-241.74265058990215,-639.3920152244701
3052.071861852277,-0.00011832507746464974,-0.009177368945913271,-3.721479278814883,-242.15016864788672,-639.1263841265751
3053.743536461507,-0.00011457454785230763,-0.009372074798301612,-3.7369845024265578,-243.54143434654176,-638.1996569515935
3055.4152110707373,-0.00011053934094222041,-0.009560273041660593,-3.7528097715655444,-244.9180105280379,-637.251251881112
3055.901659102116,-0.00010931160945721924,-0.009613747058612074,-3.757473392672568,-245.31573557458307,-636.9711688528832
3056.3881071334945,-0.00010805993352938245,-0.009666618170407381,-3.762162850808625,-245.71214628243698,-636.6892302460881
3058.0597817427247,-0.00010357626406679373,-0.00984355040422622,-3.7784712540902166,-247.06416987459113,-635.7061383985831
3059.731456351955,-9.881403660608685e-05,-0.010012754572481936,-3.795068971089144,-248.3998345866571,-634.7009377799657
3060.2179043833335,-9.737665534617115e-05,-0.010060473640568482,-3.7999513050367546,-248.78533937445195,-634.4042599924284
3060.704352414712,-9.591643444356582e-05,-0.010107488413871655,-3.804856653200484,-249.16938768587937,-634.105700587975
3062.3760270239422,-9.072636210714865e-05,-0.010263527442304023,-3.8218847469262296,-250.47784127620724,-633.0653253183456
3064.0477016331724,-8.527774827669238e-05,-0.010410674259966016,-3.83916625469237,-251.76825436281604,-632.0026600525833
3064.5341496645515,-8.364516637806087e-05,-0.010451760892755594,-3.8442405455496926,-252.1402756717639,-631.6892406507076
3065.02059769593,-8.199202032732645e-05,-0.010492049146313475,-3.849334604132157,-252.51069895733065,-631.3739353589108
3066.6922723051603,-7.615816117815803e-05,-0.010624268306225568,-3.8669857947469595,-253.77125304122058,-630.2760148372364
3068.3639469143905,-7.009934094160181e-05,-0.01074654712105524,-3.884849704262997,-255.01211199103025,-629.1558862284825
3068.850394945769,-6.829622083260879e-05,-0.010780208477891495,-3.8900855754462813,-255.3694051872099,-628.8257755452985
3069.3368429771476,-6.647590172220056e-05,-0.010812989594091148,-3.895337586457058,-255.72496289811903,-628.4937972571428
3071.008517586378,-6.009489851947744e-05,-0.010918807189582087,-3.9135033397742376,-256.9333910655429,-627.3387549875753
3072.680192195608,-5.3534441919684826e-05,-0.011013807830193898,-3.931836944464595,-258.12053940794374,-626.1618546574846
3073.1666402269866,-5.159448721123021e-05,-0.01103937764314079,-3.9372008563908207,-258.46191056883725,-625.8153043289798
3073.653088258365,-4.9641588708936426e-05,-0.011064001893005642,-3.9425769612201753,-258.80141658355683,-625.466927256225
3075.3247628675954,-4.283875449536838e-05,-0.011141317842339545,-3.9611385945910587,-259.9537080864473,-624.2558774620353
3076.9964374768256,-3.591081071776602e-05,-0.01120715709520703,-3.9798198824202875,-261.083249422959,-623.0235830451151
3077.482885508204,-3.38745058394493e-05,-0.011224130214094264,-3.9852757568885355,-261.4075886600924,-622.6610428905394
3077.9693335395827,-3.183008766464489e-05,-0.011240112185979157,-3.9907396370925152,-261.729944624782,-622.2967386008788
3079.641008148813,-2.4750334078060522e-05,-0.01128741342530534,-4.009570639774193,-262.82241875505355,-621.0314660627524
3081.312682758043,-1.7604451908447345e-05,-0.011322824347584614,-4.028470776366083,-263.8908300636164,-619.745810911822
3081.799130789422,-1.5515948011623687e-05,-0.011330879441438227,-4.033980745843534,-264.1971441471665,-619.3679182136245
3082.2855788208008,-1.3424381319317406e-05,-0.011337919245658768,-4.039494383070819,-264.5013718999135,-618.9883440639526
3083.957253430031,-6.221329713974647e-06,-0.011354340750234738,-4.058463098650558,-265.5307875411985,-617.671257936994
3085.628928039261,9.880849860600179e-07,-0.011358715777821158,-4.07744919674768,-266.5350250918313,-616.3348752239477
3086.1153760706397,3.0838937414942525e-06,-0.011357724597381987,-4.082974422319883,-266.82246745081,-615.94243668355
3086.6018241020183,5.177772893303194e-06,-0.011355715743084365,-4.08849892050112,-267.10773861352743,-615.5484170001806
3088.2734987112485,1.2350897416859227e-05,-0.011341057465470315,-4.107471394696715,-268.0713924993397,-614.1824803631763
3089.9451733204787,1.9472616707717394e-05,-0.01131445102413252,-4.126409378300841,-269.0089841681761,-612.7985241541891
3090.4316213518573,2.1532225704394424e-05,-0.011304476727352391,-4.13191088275443,-269.2768805195759,-612.3924914228306
3090.918069383236,2.358516725427433e-05,-0.01129350342857261,-4.137407300222934,-269.54254154156234,-611.984992391236
3092.589743992466,3.0581946517361116e-05,-0.01124821386466951,-4.156250125558013,-270.4383495855128,-610.5736312989671
3094.2614186016963,3.7473421582894136e-05,-0.011191315979702559,-4.17500753881126,-271.3074683868954,-609.1456790291745
3094.747866633075,3.945616033440484e-05,-0.01117260380021353,-4.180447014891873,-271.555336580503,-608.7271192125631
3095.2343146644534,4.14278759674996e-05,-0.01115293095245845,-4.1858771680137545,-271.80092786457146,-608.3072189212036
3096.9059892736836,4.8112956107324595e-05,-0.011078067914896753,-4.204460205026475,-272.62748521410776,-606.8542162441213
3098.577663882914,5.4643916584145516e-05,-0.010992158417568345,-4.222908862356973,-273.42700028202614,-605.3861583014595
3099.064111914293,5.651288577523753e-05,-0.010965121263302116,-4.2282494290240376,-273.65456337834917,-604.9562211663797
3099.5505599456715,5.836694394181489e-05,-0.01093717959024903,-4.233576641390878,-273.87983155913895,-604.5250765586991
3101.2222345549017,6.461880284983084e-05,-0.010834356068027691,-4.251775536031061,-274.6364485840045,-603.0344568036612
3102.893909164132,7.067363453651088e-05,-0.01072124615471094,-4.269793945450504,-275.3659514559292,-601.5303796032279
3103.3803571955104,7.23963412221976e-05,-0.010686446887594236,-4.275000834336848,-275.57314353475823,-601.0902633652829
3103.866805226889,7.410077858949225e-05,-0.010650814910987409,-4.28019061455537,-275.7780464615709,-600.6490759853036
3105.538479836119,7.98137063773328e-05,-0.010522134940875116,-4.297889059120193,-276.464759558879,-599.1249875936696
3107.2101544453494,8.5293321847886e-05,-0.01038409982557393,-4.315364573266921,-277.124565287308,-597.589056603004
3107.696602476728,8.684221767032238e-05,-0.010342231085507829,-4.320405733206708,-277.3115299682009,-597.1399741570028
3108.1830505081066,8.837008105652102e-05,-0.010299614681762636,-4.325426369546178,-277.4962344263838,-596.6899565385836
3109.854725117337,9.345609965444368e-05,-0.010147601060780824,-4.342518069122604,-278.1137921563886,-595.1365579051248
3111.526399726567,9.827998933541205e-05,-0.009987304368774192,-4.359348728088816,-278.7049163573182,-593.5729066359708
3112.0128477579456,9.963310011030777e-05,-0.009939165917679111,-4.364195337354804,-278.8719984627841,-593.1160539270875
3112.499295789324,0.00010096308350523712,-0.009890375358009592,-4.369018398886131,-279.036871111497,-592.6583982990205
3114.1709703985543,0.00010535419777522746,-0.009717888298320024,-4.385408706793315,-279.5866976553791,-591.0797530387532
3115.8426450077845,0.0001094626296975477,-0.009538297000850614,-4.401504734475434,-280.1108119973395,-589.4923831551123
3116.3290930391636,0.00011060415819403025,-0.009484770282661191,-4.406131609190047,-280.25854317810445,-589.0289111114624
3116.815541070542,0.00011172118183912637,-0.009430694513823846,-4.410732341781049,-280.40413556266685,-588.5647618023538
3118.4872156797724,0.00011537109406671856,-0.009240841268657967,-4.4263395235840015,-280.8882747341663,-586.9647477257566
3120.1588902890026,0.00011872633621724208,-0.009045132854138264,-4.441624438568555,-281.3476444974385,-585.3574442458732
3120.645338320381,0.00011964691314429234,-0.008987153639065026,-4.446010326613954,-281.4767239431826,-584.8884353345729
3121.1317863517597,0.00012054232620309357,-0.00892873281931421,-4.450367933557547,-281.60375273276935,-584.4188658957437
3122.80346096099,0.00012342677922105584,-0.008724772782137756,-4.4651240290770415,-282.02479668711493,-582.8011008468783
3124.47513557022,0.00012601291325412765,-0.008516240224225896,-4.479535347897682,-282.42220477787805,-581.177365049014
3124.9615836015987,0.00012670944698966845,-0.008454771057318134,-4.4836631037087,-282.53347632507626,-580.7038151108519
3125.4480316329773,0.00012738083958857338,-0.00839296908495522,-4.487760907181582,-282.64280010036566,-580.2298107655461
3127.1197062422075,0.00012949667003389444,-0.008178220284335309,-4.501612183896136,-283.00380736769006,-578.5975970530723
3128.7913808514377,0.00013131821813072502,-0.007960180475847468,-4.515101719746182,-283.34246948021723,-576.9605982637348
3129.2778288828163,0.00013179342249730285,-0.007896184498239261,-4.518958362642721,-283.4368964856417,-576.4834038671858
3129.764276914195,0.00013224411941580342,-0.007831963068243668,-4.522783849398126,-283.5294904436867,-576.005849481892
3131.435951523425,0.00013360729806762567,-0.007609715038845832,-4.535690864442449,-283.8338979536125,-574.3621372382354
3133.1076261326552,0.00013468694895516002,-0.00738542520139018,-4.548224646479729,-284.1173734563017,-572.7146833371852
3133.5940741640343,0.00013494862736413517,-0.007319842566022703,-4.551801311230434,-284.19601274285543,-572.2346345136286
3134.080522195413,0.00013518695301810763,-0.007254137936075341,-4.555346071800889,-284.27294261278394,-571.7543079146576
3135.752196804643,0.00013582990214624997,-0.007027574711980184,-4.567283378617305,-284.52447603851914,-570.10167649149
3137.4238714138733,0.00013620562436950605,-0.006800160044368379,-4.578841233776358,-284.7565787016024,-568.4462018334924
3137.910319445252,0.00013626579875355418,-0.006733887785409912,-4.582133026575233,-284.82055472976265,-567.963979744634
3138.3967674766304,0.00013630419041324947,-0.006667591070523467,-4.585392601575819,-284.88295103123716,-567.4815499011881
3140.0684420858606,0.00013627265626299474,-0.006439726813042144,-4.596348150762932,-285.0855371684643,-565.8222054440645
3141.740116695091,0.00013599446653915484,-0.006212121434328912,-4.60692300143699,-285.27024916231983,-564.1607740477446
3142.2265647264694,0.00013586842114979322,-0.006145997305287857,-4.609928777428869,-285.32072936821305,-563.6769529115005
3142.713012757848,0.00013572247068664435,-0.006079938779206992,-4.612902427339359,-285.36976292772556,-563.1929822918638
3144.384687367078,0.00013507219782411798,-0.005853567413932361,-4.622876719581009,-285.5274470492346,-561.5287689777614
3146.0563619763084,0.0001341988233439816,-0.005628469569945799,-4.6324736570156695,-285.6688388346007,-559.8630902934622
3146.5428100076874,0.0001339041384690926,-0.0055632600580569755,-4.635195737054829,-285.7070108366844,-559.3781427603602
3147.029258039066,0.00013359162730168777,-0.005498197634199114,-4.637886153255299,-285.74387023650127,-558.8930930435204
3148.700932648296,0.00013238509915747674,-0.005275856820079972,-4.6468912058980125,-285.86074053358897,-557.2255151125008
3150.3726072575264,0.00013098084843008972,-0.005055698192335806,-4.655526400999942,-285.9628984380999,-555.5569694396819
3150.859055288905,0.00013053652220723408,-0.0049920905593945925,-4.657970245506553,-285.9899495761988,-555.0712745616418
3151.3455033202836,0.00013007656341108224,-0.0049287022514984055,-4.6603832203450555,-286.01582097407874,-554.5855148451395
3153.0171779295138,0.0001283802018807716,-0.0047126505646086555,-4.668441407695603,-286.0959413983114,-552.9157664784246
3154.688852538744,0.00012651241348161433,-0.004499577927189191,-4.6761409169275705,-286.16290390901463,-551.2454371164696
3155.1753005701225,0.00012593817010623132,-0.004438175652273191,-4.678314773020349,-286.1800033645414,-550.7592900698069
3155.661748601501,0.00012535053475563548,-0.004377055349256985,-4.680458844784989,-286.1960529112209,-550.2731067413896
3157.3334232107313,0.00012323255044134894,-0.004169260149435822,-4.687601664000447,-286.24340503706287,-548.6021069790627
3159.0050978199615,0.00012096967728019689,-0.00396512663371883,-4.694400177828612,-286.27910820048703,-546.930816404426
3159.49154585134,0.0001202854493650239,-0.003906447453438733,-4.696314712668387,-286.28739177222104,-546.4444392011351
3159.9779938827187,0.00011959006972363278,-0.0038481032076425744,-4.698200798017004,-286.294750684321,-545.9580467187097
3161.649668491949,0.0001171188748073602,-0.0036502365188447773,-4.704467600794165,-286.3131846717003,-544.2864769068692
3163.321343101179,0.00011452907339220044,-0.003456599999579308,-4.710407170585146,-286.3214165143233,-542.6148246089303
3163.807791132558,0.00011375462275155107,-0.0034010758668046974,-4.71207510060964,-286.3219739965854,-542.1283771357723
3164.2942391639367,0.00011297122142381598,-0.003345930035418392,-4.713716123810607,-286.3217262202051,-541.6419290682593
3165.965913773167,0.00011021426909454142,-0.003159370335429711,-4.719152843697228,-286.3149205742779,-539.9702707140359
3167.637588382397,0.00010736441951449324,-0.0029774970096364257,-4.724281613516643,-286.29928413190277,-538.2986707312402
3168.1240364137757,0.0001065190866862423,-0.0029254754277137154,-4.725717336672804,-286.2931491578901,-537.8122615780119
3168.6104844451543,0.00010566694515879872,-0.0028738661277882783,-4.727127862508607,-286.2863214785335,-537.3258613825539
3170.2821590543845,0.00010268997949077758,-0.002699704149835298,-4.731785759276517,-286.25775106324056,-535.6544327226682
3171.9538336636147,9.964490734367365e-05,-0.0025305756157380003,-4.73615672102813,-286.2216354154994,-533.9831493514447
3172.4402816949932,9.874736149684145e-05,-0.0024823219450496817,-4.737375956853066,-286.20977758117704,-533.4968460150941
3172.926729726372,9.784505561949285e-05,-0.0024345054863198247,-4.738571831852517,-286.19733199194474,-533.0105571511264
3174.598404335602,9.471117614332547e-05,-0.0022735535996785535,-4.742506268281506,-286.1502436299579,-531.3395471659153
3176.270078944832,9.153275523959258e-05,-0.0021178777691727374,-4.746176055452825,-286.0968022465913,-529.6687277329282
3176.756526976211,9.060075507720023e-05,-0.0020735786811998482,-4.747195497613825,-286.0801213097724,-529.182565903776
3177.2429750075894,8.966592811511878e-05,-0.0020297331310573916,-4.748193504297924,-286.0629494309828,-528.6964210030362
3178.9146496168196,8.643482838929507e-05,-0.0018825384137343359,-4.7514627717386695,-286.00034437041484,-527.0259200064481
3180.58632422605,8.318121950500609e-05,-0.0017407638577771696,-4.754490507880916,-285.9324800406098,-525.3556239779884
3181.072772257429,8.223138643728105e-05,-0.0017005317485453044,-4.755327493699344,-285.91180198232854,-524.8696157226674
3181.5592202888074,8.128051946817916e-05,-0.0016607614561394437,-4.756145022272691,-285.89072131955544,-524.3836246410935
3183.2308948980376,7.800774356677198e-05,-0.0015276220770629248,-4.7588092297682625,-285.8153438366034,-522.7136509324665
3184.902569507268,7.473276643869212e-05,-0.0013999555542298567,-4.76125544596175,-285.7356994553073,-521.043874970642
3185.3890175386464,7.37804319851417e-05,-0.0013638338326529614,-4.761927647000371,-285.711774193638,-520.5580157202699
3185.875465570025,7.282870931934801e-05,-0.0013281747854529896,-4.762582388513469,-285.6875260250647,-520.0721723898743
3187.547140179255,6.956530116215414e-05,-0.0012091588383989233,-4.764702428550211,-285.6018574507461,-518.4026947561691
3189.2188147884854,6.631825164401612e-05,-0.001095584574740016,-4.766628061012146,-285.5128119636099,-516.7333936125999
3189.705262819864,6.537743473759292e-05,-0.0010635533164701492,-4.767153197475368,-285.4863125198247,-516.2476679422946
3190.1917108512425,6.443872909872923e-05,-0.0010319788047154785,-4.7676628609644185,-285.45956121443845,-515.7619560167961
3191.8633854604727,6.123126352801744e-05,-0.0009269437675331085,-4.769299458460217,-285.36581871752816,-514.0929121194101
3193.535060069703,5.805703930041952e-05,-0.0008272427847506467,-4.770764929952926,-285.2694875817551,-512.4240154797432
3194.0215081010815,5.714049455696503e-05,-0.0007992243092625805,-4.771160509439912,-285.2410105171266,-511.9384017260572
3194.50795613246,5.622742312468743e-05,-0.0007716504795716318,-4.771542563381644,-285.21234410455935,-511.45279907261124
3196.1796307416903,5.3118217336987405e-05,-0.0006802620749637991,-4.772755407653422,-285.1124836352632,-509.7841099394815
3197.8513053509205,5.005754338937278e-05,-0.0005940306860037305,-4.773819790675695,-285.01072323336183,-508.1155354964671
3198.3377533822995,4.9176826517152074e-05,-0.0005698948667446238,-4.774102870451085,-284.9807901990575,-507.6300093030977
3198.824201413678,4.8300810927298397e-05,-0.0005461860036370932,-4.77437430761224,-284.95072203630076,-507.14449143444017
3200.4958760229083,4.5328109018373177e-05,-0.0004679361313224014,-4.775221263705297,-284.84644492017037,-505.47607240906655
3202.1675506321385,4.241765678417676e-05,-0.0003946036187093312,-4.775941521586305,-284.7408604479564,-503.8077355529829
3202.653998663517,4.158314097747558e-05,-0.0003741729954028811,-4.776128493272756,-284.70992071447705,-503.3222724638515
3203.1404466948957,4.075441811910774e-05,-0.0003541466288192047,-4.776305617898945,-284.6788921183358,-502.83681503236954
3204.812121304126,3.795234489240564e-05,-0.000288370926632164,-4.776842014156755,-284.5716548674402,-501.1685836133978
3206.483795913356,3.5224543034735404e-05,-0.00022721730033050302,-4.7772723181467605,-284.46361128740875,-499.50040419391877
3206.9702439447346,3.444533442238876e-05,-0.0002102723176704128,-4.777378714594408,-284.43204513850986,-499.01498142876477
3207.4566919761132,3.36728535542151e-05,-0.00019370450883912885,-4.777476951857685,-284.40042887022867,-498.5295619187828
3209.1283665853434,3.1070938145288585e-05,-0.00013960097001025474,-4.777754944901212,-284.2914558310935,-496.86144296531376
3210.8000411945736,2.8553279677781198e-05,-8.977656201103694e-05,-4.777946071089785,-284.18209152087735,-495.1933496070773
3211.286489225952,2.7836970103886913e-05,-7.606150706619031e-05,-4.77798639711642,-284.15021440520843,-494.7079471605831
3211.772937257331,2.7128130148578806e-05,-6.269290826640875e-05,-4.778020126793191,-284.11831890059455,-494.22254592002537
3213.444611866561,2.4750246463334898e-05,-1.9343798674159185e-05,-4.7780881530603825,-284.00861737053623,-492.55447470743013
3215.116286475791,2.2464052029982225e-05,2.0106900434928334e-05,-4.778086972158644,-283.89886008903943,-490.88640716099945
3215.60273450717,2.1816338242601583e-05,3.0876558912601944e-05,-4.778074563722788,-283.8669274167997,-490.401008364551
3216.089182538549,2.117660007772681e-05,4.133318377841409e-05,-4.7780569829836095,-283.8350016475071,-489.91560911449045
3217.760857147779,1.9039663543322717e-05,7.493403908949836e-05,-4.777959316061663,-283.7253790507314,-488.2475327111
3219.432531757009,1.6998904163618056e-05,0.00010504302030823237,-4.77780839808167,-283.61596378434734,-486.5794426990129
3219.918979788388,1.642328410187622e-05,0.00011317172911247765,-4.777755316637124,-283.5841762353156,-486.09403437648757
3220.4054278197664,1.585589027749837e-05,0.00012102246332615264,-4.777698338745857,-283.5524150647827,-485.6086243288003
3222.0771024289966,1.3969063547987749e-05,0.00014593767600049935,-4.777474775472749,-283.44349769587825,-483.94050173116375
3223.7487770382268,1.217983721039344e-05,0.00016778030638761482,-4.777212130250123,-283.3349858582193,-482.27235270982794
3224.2352250696053,1.1677510313959782e-05,0.00017358265240980227,-4.777129097725839,-283.30349504184966,-481.78692504634074
3224.721673100984,1.1183403116899343e-05,0.00017914260625835778,-4.777043291760203,-283.2720449141926,-481.3014947467269
3226.393347710214,9.547978706538444e-06,0.00019645728560639496,-4.776728981696035,-283.16429767681177,-479.6332961629174
3228.0650223194443,8.008622917222482e-06,0.00021111836522958867,-4.776387945099671,-283.0570970696989,-477.96506236763923
3228.551470350823,7.578561467525323e-06,0.00021490925259491506,-4.7762843214459,-283.0260113622202,-477.4796085937126
3229.0379183822015,7.156475005312243e-06,0.00021849277910316998,-4.776178894591604,-282.9949761481438,-476.99415159052245
3230.7095929914317,5.7663114154816955e-06,0.0002292813276663081,-4.775804315252631,-282.88872268004616,-475.3258572006498
3232.381267600662,4.4680203003389925e-06,0.0002378227654952614,-4.775413579189929,-282.78310760561726,-473.65752227765006
3232.867715632041,4.107182154584469e-06,0.00023990821818072625,-4.775297381186478,-282.7524979873198,-473.1720382523749
3233.3541636634195,3.7538651339707796e-06,0.0002418198206459162,-4.775180201977767,-282.7219448108109,-472.6865506726224
3235.0258382726497,2.59625515886496e-06,0.0002471155856352745,-4.774771271896118,-282.6173873963412,-471.01814912941427
3236.69751288188,1.524086023418317e-06,0.00025054761806298127,-4.774355046795797,-282.5135183359346,-469.34970459183313
3237.1839609132585,1.2277295625774065e-06,0.0002512167321537367,-4.7742330042413,-282.48342406213413,-468.8641883491648
3237.670408944637,9.382737981094435e-07,0.00025174317204240416,-4.774110662614949,-282.4533889432253,-468.3786684437371
3239.3420835538673,-4.860491958900407e-09,0.0002525125847501897,-4.773688976211367,-282.3506276626701,-466.7101553101479
3241.0137581630975,-8.706905933304529e-07,0.0002517699975368892,-4.773267267386031,-282.2485699992287,-465.04159899073346
3241.500206194476,-1.1086102320005564e-06,0.0002512884374781657,-4.77314491081184,-282.21900395839555,-464.5560502947553
3241.9866542258546,-1.340369894779821e-06,0.0002506924234694579,-4.773022808929255,-282.1894971282332,-464.0704979967186
3243.658328835085,-2.0910457247170378e-06,0.00024781483696344485,-4.772605971075826,-282.088547772346,-462.4018742570625
3245.330003444315,-2.7736605321586097e-06,0.00024373925267435486,-4.772194944941929,-281.98828912174804,-460.73320887285246
3245.8164514756936,-2.960046179940777e-06,0.0002423445734769289,-4.7720767175390275,-281.9592427617783,-460.2476288117793
3246.302899507072,-3.1410791824819397e-06,0.0002408603008966,-4.771959183931543,-281.93025353443255,-459.7620453359197
3247.9745741163024,-3.723680568743069e-06,0.00023511435332161594,-4.771561217677814,-281.83106391447103,-458.09331606527815
3249.6462487255326,-4.247955142034428e-06,0.00022844323752805606,-4.771173630068858,-281.73252974036353,-456.42454796169625
3250.1326967569116,-4.390103602595741e-06,0.0002263421861353431,-4.771063015557884,-281.7039774769202,-455.93893859720947
3250.61914478829,-4.527724343468975e-06,0.0002241728617260418,-4.770953434256188,-281.675478595803,-455.4533260961067
3252.2908193975204,-4.967434451697248e-06,0.00021622967241235555,-4.770585232659895,-281.57794299750833,-453.7844993312441
3253.9624940067506,-5.358464898910567e-06,0.00020759211915197433,-4.77023088986678,-281.481010306105,-452.115637435603
3254.448942038129,-5.463632532440495e-06,0.0002049598854448762,-4.770130547767199,-281.4529133629152,-451.63000151398086
3254.935390069508,-5.565066729733029e-06,0.00020227718887344624,-4.770031493888636,-281.42486477576716,-451.1443627961231
3256.607064678738,-5.886420227999389e-06,0.0001927000872281954,-4.769701286926911,-281.3288364302018,-449.47544862011586
3258.278739287968,-6.168136926370544e-06,0.0001826189170152932,-4.7693875110821455,-281.23334546544936,-447.80650360737917
3258.7651873193468,-6.243146590399604e-06,0.00017960017473209552,-4.769299411281549,-281.2056551321764,-447.3208443317014
3259.2516353507253,-6.315147477844267e-06,0.0001765454881546778,-4.769212785054018,-281.1780071841186,-446.8351826402759
3260.9233099599555,-6.540750791262479e-06,0.0001657956408628606,-4.768926594714502,-281.0833087484096,-445.1661924717076
3262.5949845691857,-6.734712055660732e-06,0.00015469510584520917,-4.768658667739637,-280.9890727243421,-443.49717612736015
3263.0814326005643,-6.7856182437587485e-06,0.00015140662745056848,-4.7685842170885335,-280.96173305071176,-443.0114969854147
3263.567880631943,-6.834134763170966e-06,0.00014809381231236678,-4.768511369141823,-280.9344291175357,-442.5258158320096
3265.239555241173,-6.9835838701905795e-06,0.0001365409570881575,-4.768273428897971,-280.8408612676951,-440.8567618963053
3266.9112298504033,-7.107976480561766e-06,0.000124759214740993,-4.768054992581252,-280.7476742786945,-439.18768665049186
3267.3976778817823,-7.139788668875028e-06,0.00012129380818748768,-4.767995147252627,-280.72062425274476,-438.7019912903469
3267.884125913161,-7.16969972065223e-06,0.00011781327374769055,-4.767936989039683,-280.693602865316,-438.2162943353207
3269.555800522391,-7.258717397018126e-06,0.00010575065720888349,-4.76775010758268,-280.6009511981239,-436.5471892885864
3271.2274751316213,-7.327583314456713e-06,9.355607567258784e-05,-4.7675835011967305,-280.50859453643733,-434.878067890309
3271.713923163,-7.344059860282369e-06,8.99875645677982e-05,-4.767538859697816,-280.4817698193453,-434.3923600342538
3272.2003711943785,-7.358972371227265e-06,8.641134720260816e-05,-4.767495954069145,-280.45496635403015,-433.9066510043957
3273.8720458036087,-7.398780496073538e-06,7.407388393820591e-05,-4.76736180724752,-280.36300687321915,-432.2375076771127
3275.543720412839,-7.421483242097799e-06,6.168417175598602e-05,-4.767248328321568,-280.2712540544659,-430.5683529754317
3276.0301684442175,-7.424992167161348e-06,5.807312177891747e-05,-4.767219201290006,-280.2445883638556,-430.08263636264115
3276.516616475596,-7.427113607193117e-06,5.4460676194398804e-05,-4.76719182949819,-280.2179363927222,-429.5969189964749
3278.1882910848262,-7.4240510068457295e-06,4.2045290185530385e-05,-4.767111168787329,-280.12643991478694,-427.9277502239733
3279.8599656940564,-7.404990502630389e-06,2.964839549274934e-05,-4.767051247106288,-280.0350607649022,-426.25857502338687
3280.346413725435,-7.396446673416848e-06,2.6048277452288875e-05,-4.767037701334346,-280.00848701246895,-425.7728533718306
3280.8328617568136,-7.386526870897281e-06,2.245266914008606e-05,-4.767025904063063,-279.98191942031127,-425.2871313831177
3282.504536366044,-7.341919061444713e-06,1.0139742659205887e-05,-4.766998674454939,-279.8906552760397,-423.6179498906915
3284.176210975274,-7.280499858609894e-06,-2.084562489507631e-06,-4.766991953980358,-279.7994194661954,-421.94876684909906
3284.662659006653,-7.259372460502153e-06,-5.62108991359937e-06,-4.7669938294647665,-279.7728707636555,-421.46304382760843
3285.1491070380316,-7.236723104489638e-06,-9.146908505557378e-06,-4.766997420834036,-279.74632074639936,-420.9773208780141
3286.820781647262,-7.147006818849121e-06,-2.1172073151642933e-05,-4.76702278572487,-279.6550601749783,-419.3081391900146
3288.492456256492,-7.037861417265026e-06,-3.303102178108745e-05,-4.767068113848563,-279.5637406038928,-417.6389607291925
3288.9789042878706,-7.002259317290118e-06,-3.644602969528477e-05,-4.767085014039734,-279.5371512535268,-417.1532399310494
3289.465352319249,-6.964843972930512e-06,-3.984317945378761e-05,-4.767103568916782,-279.51055331416677,-416.6675196033822
3291.1370269284794,-6.821946323992471e-06,-5.136998579503323e-05,-4.767179844312374,-279.41907294704265,-414.9983499471377
3292.8087015377096,-6.655412255717187e-06,-6.263815756380083e-05,-4.7672751726010265,-279.3274493624738,-413.32918814713065
3293.295149569088,-6.602239298466078e-06,-6.586288427398496e-05,-4.767306429406775,-279.300755944817,-412.8434730569547
3293.7815976004667,-6.546840616732462e-06,-6.906107522783555e-05,-4.767339245732771,-279.2740469986463,-412.357758820803
3295.453272209697,-6.338809745154835e-06,-7.983543947810693e-05,-4.767463750830389,-279.1821328101237,-410.68861299760437
3297.124946818927,-6.101656098920976e-06,-9.023770190095431e-05,-4.767605956142563,-279.0899960332083,-409.01947944779585
3297.6113948503057,-6.026842234083198e-06,-9.318782496985552e-05,-4.767650572611591,-279.06313869477555,-408.53377339390386
3298.0978428816843,-5.9492973478430965e-06,-9.610074173410214e-05,-4.767696611822403,-279.03625938533526,-408.0480685558917
3299.7695174909145,-5.661178228799989e-06,-0.0001058101536546842,-4.7678654477084255,-278.9437114462982,-406.37895775267543
3301.4411921001447,-5.337573907502814e-06,-0.00011500826430372227,-4.768050087207145,-278.8508685140034,-404.7098633337902
3301.9276401315237,-5.236372219759994e-06,-0.00011758031355360614,-4.76810666215975,-278.82379254239095,-404.2241694186649
3302.4140881629023,-5.131881132466945e-06,-0.0001201021754669048,-4.768164472116711,-278.79668885337117,-403.7384770500246
3304.0857627721325,-4.7468265003558834e-06,-0.00012836505118775276,-4.768372244880726,-278.7033271639283,-402.0694115671862
3305.7574373813627,-4.31953857775188e-06,-0.0001359489406972434,-4.768593262962273,-278.60960763672387,-400.4003661406056
3306.2438854127413,-4.186891963463533e-06,-0.00013801814513630375,-4.768659903130918,-278.58226538919615,-399.91468714280336
3306.73033344412,-4.050387602671569e-06,-0.00014002173221080468,-4.76872752926612,-278.55489061565925,-399.42900997770386
3308.40200805335,-3.5509895564832054e-06,-0.00014638204441693548,-4.76896703820566,-278.4605622126338,-397.75999885136304
3310.0736826625803,-3.00279533891793e-06,-0.0001518667399289947,-4.76921644764452,-278.3658258074026,-396.09101083568305
3310.560130693959,-2.8337601972080214e-06,-0.00015328658254078106,-4.7692906741125976,-278.338179032395,-395.60534907769056
3311.0465787253374,-2.6603422671389954e-06,-0.00015462299855990112,-4.7693655657094105,-278.3104961474226,-395.11968937700897
3312.7182533345676,-2.0301647453005514e-06,-0.00015855109606559812,-4.769627481402582,-278.2150835844762,-393.4507398789585
3314.389927943798,-1.3454543585190176e-06,-0.0001613801612058831,-4.769895044984361,-278.11922918784353,-391.78181569971224
3314.8763759751764,-1.1356811851545958e-06,-0.00016198388898139496,-4.769973701840242,-278.09125174708015,-391.2961728782333
3315.362824006555,-9.210981421275353e-07,-0.00016248430513698522,-4.770052621484727,-278.0632361676787,-390.8105322555402
3317.034498615785,-1.4637620128823007e-07,-0.00016338472488326095,-4.7703251822307715,-277.9666673509247,-389.1416492621737
3318.7061732250154,6.871002479993711e-07,-0.0001629409524218465,-4.770598124659647,-277.8696433472885,-387.4727926702393
3319.1926212563944,9.408529633252969e-07,-0.00016254524043897648,-4.770677298759348,-277.8413243099654,-386.98716964850064
3319.679069287773,1.1996834533982744e-06,-0.00016202481036531276,-4.7707562439497755,-277.81296702935407,-386.5015488582859
3321.350743897003,2.1282443629224926e-06,-0.00015925166738505175,-4.771025002127177,-277.7152262618367,-384.8327340921791
3323.0224185062334,3.1175580216199486e-06,-0.0001548754932950983,-4.771287784638664,-277.6170419762516,-383.163945360723
3323.508866537612,3.4168903444750842e-06,-0.0001532863758149728,-4.77136274605181,-277.58838901692826,-382.6783419269417
3323.9953145689906,3.721351035393681e-06,-0.0001515504248944084,-4.7714368925934965,-277.55970003022503,-382.19274061983646
3325.666989178221,4.806743236098971e-06,-0.00014443065903057347,-4.771684544350671,-277.460839978728,-380.52399178529106
3327.338663787451,5.951956640096357e-06,-0.00013544646979044434,-4.771918735821415,-277.3615778923359,-378.85526681489404
3327.8251118188296,6.296298133209682e-06,-0.00013246756995235033,-4.771983908838807,-277.33262088236904,-378.3696814172209
3328.311559850208,6.6455404103112355e-06,-0.0001293200825051619,-4.772047585916286,-277.30363279074805,-377.88409787333023
3329.9832344594383,7.882644137221326e-06,-0.00011718458443098395,-4.7722539182391905,-277.20378694357373,-376.21540773044086
3331.6549090686685,9.175025648026613e-06,-0.00010293484823365014,-4.772438196798997,-277.1036151938978,-374.54673711741793
3332.1413571000476,9.561119781058292e-06,-9.837786870435766e-05,-4.772487171367739,-277.07440983394224,-374.0611665934378
3332.627805131426,9.951555028249845e-06,-9.36322271382295e-05,-4.772533878139681,-277.0451814700565,-373.57559745281947
3334.2994797406564,1.1325411113009816e-05,-7.585462155900039e-05,-4.772675866920003,-276.94457650954604,-371.9069529030481
3335.9711543498865,1.2745757948776581e-05,-5.574151694213042e-05,-4.77278618523124,-276.84376104427594,-370.2383210560046
3336.457602381265,1.3167187029972655e-05,-4.943887601757493e-05,-4.772811778357122,-276.81439234388347,-369.75276038387125
3336.9440504126437,1.359201321965309e-05,-4.2930726924845415e-05,-4.7728342515548325,-276.7850122200288,-369.26720040229316
3338.615725021874,1.507624846164805e-05,-1.8973308690085276e-05,-4.772886342729655,-276.68397959319446,-367.59858169038137
3340.287399631104,1.659339204774938e-05,7.492773934479811e-06,-4.7728962880614265,-276.58289520872665,-365.92996611240056
3340.7738476624827,1.704015713350072e-05,1.5673365953746002e-05,-4.772890664030431,-276.5534805797828,-365.4444082201094
3341.2602956938613,1.748895072645577e-05,2.4071334760876558e-05,-4.772881005308976,-276.52406992133297,-364.95885008761206
3342.9319703030915,1.9044435151524625e-05,5.4605338481946264e-05,-4.772815608284195,-276.4230557610146,-363.29023025652106
3344.6036449123217,2.061401126382534e-05,8.775138437933005e-05,-4.77269698509838,-276.32219513117434,-361.62160114089323
3345.0900929437003,2.1072199314934946e-05,9.789071463733664e-05,-4.772651842269564,-276.2928868263763,-361.1360368187044
3345.576540975079,2.153058960680047e-05,0.0001082524042490078,-4.772601712911693,-276.263601918009,-360.6504710867844
3347.248215584309,2.3104412817957713e-05,0.00014556143221017745,-4.772389931148866,-276.1631743509816,-358.9818158488505
3348.9198901935392,2.4667986357588298e-05,0.00018549281341503378,-4.772113588970631,-276.0631540427498,-357.3131361588288
3349.4063382249183,2.5119543535102697e-05,0.00019760273852249593,-4.772020419335816,-276.03414064024594,-356.8275541255167
3349.892786256297,2.556900395890349e-05,0.0002099311059317227,-4.771921308297986,-276.0051741831252,-356.34196929394795
3351.564460865527,2.7093863968696284e-05,0.00025395429847229915,-4.771533925990026,-275.9060269665696,-354.67323749537195
3353.2361354747572,2.8578503529090947e-05,0.0003004929430218612,-4.771070848720246,-275.80758935447204,-353.0044637052227
3353.722583506136,2.9001150319959634e-05,0.00031449827843707827,-4.770921274374532,-275.77909596698976,-352.51885087927144
3354.2090315375144,2.941892702437215e-05,0.00032870718879386126,-4.770764843555487,-275.75067712322175,-352.0332336932702
3355.8807061467446,3.0813028618097866e-05,0.0003790618499798841,-4.77017357962626,-275.6536284834332,-350.36437854177524
3357.552380755975,3.213142842106935e-05,0.0004316837210220869,-4.769496244069891,-275.557638419201,-348.695462198451
3358.0388287873534,3.249873726497903e-05,0.00044740410461632286,-4.769282432166081,-275.52992529247024,-348.20980421789653
3358.525276818732,3.2857951133524006e-05,0.00046330023935315257,-4.769060940148229,-275.50231808080747,-347.7241402178714
3360.196951427962,3.402551104661617e-05,0.0005192201354275027,-4.76823997131823,-275.4083035949355,-346.05511140583184
3361.8686260371924,3.507675653618604e-05,0.0005769945918290789,-4.767323972507103,-275.31573867131135,-344.3860016191101
3362.355074068571,3.5358427455716123e-05,0.0005941271001173922,-4.767039127168495,-275.28909783448006,-343.9002836359631
3362.8415220999495,3.562836935457084e-05,0.0006113927128251729,-4.7667459295248005,-275.2625975405638,-343.414557983036
3364.5131967091797,3.6460821522795415e-05,0.0006716700297192252,-4.7656736728862334,-275.1726559111194,-341.7453047627071
3366.18487131841,3.713188893990827e-05,0.0007332040443709214,-4.764499601792632,-275.08458918607096,-340.0759516397329
3366.671319349789,3.7294241004688475e-05,0.0007513074555837977,-4.764138527845576,-275.0593388284183,-339.59015938504194
3367.1577673811676,3.744089333715867e-05,0.0007694848821463123,-4.763768648435794,-275.03426610616333,-339.1043579542493
3368.8294419903978,3.781887819523117e-05,0.0008324190493528946,-4.762429780952462,-274.94951673718714,-337.43483310336086
3370.501116599628,3.79869469164827e-05,0.0008958096285113939,-4.760985326533618,-274.86709086573205,-335.76519200862197
3370.9875646310065,3.799365515773889e-05,0.0009142913297085193,-4.760545055833489,-274.8435671418242,-335.2793130819287
3371.474012662385,3.79804531650763e-05,0.0009327702603019277,-4.7600958193764535,-274.8202595123814,-334.7934237713878
3373.1456872716153,3.777665951644755e-05,0.000996127179923007,-4.75848349714091,-274.74187091432555,-333.12358822767663
3374.8173618808455,3.731229779987383e-05,0.0010589256303645705,-4.756765729540887,-274.6662627786133,-331.4536245759546
3375.303809912224,3.712538376191456e-05,0.0010770322481716342,-4.756246196174193,-274.64480879073267,-330.9676498600728
3375.7902579436027,3.691423963865098e-05,0.001095040848253879,-4.755717907852828,-274.6236092944332,-330.48166401067436
3377.461932552833,3.5997144945871475e-05,0.0011560263176603146,-4.753836132085003,-274.55275753099806,-328.81149176305007
3379.133607162063,3.4768404151787174e-05,0.0012152182177172614,-4.751853907588606,-274.4851326741597,-327.1411858550473
3379.6200551934417,3.4349495960987034e-05,0.0012320311048998462,-4.751258653448189,-274.46608444892456,-326.6551108987296
3380.1065032248202,3.390208500779983e-05,0.0012486321211209982,-4.750655306493561,-274.4473272762562,-326.16902466041495
3381.7781778340504,3.214061109937669e-05,0.001303883373880073,-4.748521366573913,-274.385143929072,-324.4985072837582
3383.4498524432806,3.0018035897254868e-05,0.001355888193499596,-4.746297778027819,-274.3266003924821,-322.82785849816105
3383.9363004746597,2.932989074826852e-05,0.001370324920961046,-4.745634665322224,-274.31026976020974,-322.34168465388586
3384.4227485060383,2.8609207625720615e-05,0.0013844179217586204,-4.744964652579313,-274.294262782248,-321.85550008031635
3386.0944231152685,2.587828978886319e-05,0.0014300172378412133,-4.742611559383856,-274.2417722547993,-320.1846501247199
3387.7660977244986,2.2740835119653843e-05,0.001470711549265857,-4.7401863387553735,-274.193273796969,-318.51367962583635
3388.2525457558772,2.1749127442204635e-05,0.0014815345469581305,-4.739468241057107,-274.1799281987526,-318.0274146900752
3388.738993787256,2.0721298663523827e-05,0.0014918654384151596,-4.738745041583288,-274.16693243669965,-317.54114030633093
3390.410668396486,1.690833308198132e-05,0.0015233797134919218,-4.736223847416781,-274.1249788501156,-315.86999264712097
3392.082343005716,1.2650124595415974e-05,0.0015481478001905162,-4.733655610352708,-274.0872779895314,-314.1987437056399
3392.568791037095,1.132546721338659e-05,0.0015539812327287654,-4.732901048947173,-274.07711737814486,-313.71240180038143
3393.0552390684734,9.961800121783178e-06,0.001559160122583238,-4.732143855883201,-274.06732359543435,-313.22605238437893
3394.7269136777036,4.973852717368631e-06,0.0015717099662197198,-4.729525741078537,-274.0364880430154,-311.5546626642152
3396.398588286934,-4.883579751696472e-07,0.0015755251778796415,-4.72689394775016,-274.01003991083206,-309.88319778053534
3396.8850363183124,-2.168200592188892e-06,0.001574880979749739,-4.726127635670375,-274.00317107494504,-309.39679825552184
3397.371484349691,-3.8889914416559975e-06,0.0015734092902117338,-4.725361887327948,-273.99667384090895,-308.9103936212107
3399.043158958921,-1.0117408157900466e-05,0.0015617705471034657,-4.722739879511536,-273.97718335274874,-307.23883313262144
3400.7148335681513,-1.683631396820329e-05,0.0015393099488326247,-4.720146373196707,-273.96205194674866,-305.567227459874
3401.2012815995304,-1.8884097547042632e-05,0.0015306236891862357,-4.719399625855332,-273.9584607674858,-305.0807927027903
3401.687729630909,-2.0973550292313098e-05,0.0015209311542887147,-4.718657398617974,-273.95523052240145,-304.5943553894853
3403.359404240139,-2.84723964544382e-05,0.0014796707562313358,-4.716147580168374,-273.94686072097113,-302.92270221363293
3405.0310788493694,-3.646202326387554e-05,0.0014254645146728007,-4.7137175562975075,-273.9426197900458,-301.25103335420226
3405.517526880748,-3.8878663107354145e-05,0.0014071414174411738,-4.713028525445967,-273.94214212529795,-300.7645855851782
3406.0039749121265,-4.133621549209074e-05,0.001387633246093794,-4.712348745068332,-273.94199596307305,-300.27813755618865
3407.6756495213567,-5.0091876484219674e-05,0.001311280005085478,-4.710090798747299,-273.94397002987347,-298.60646453231976
3409.347324130587,-5.931965535074559e-05,0.0012198955341779945,-4.70797305386327,-273.9496014506204,-296.9347996573447
3409.8337721619655,-6.209195298508013e-05,0.001190366542897835,-4.7073867411103025,-273.9518935243595,-296.44835706095074
3410.320220193344,-6.490268250549346e-05,0.0011594805820980764,-4.706815168718232,-273.95446558974396,-295.961915801135
3411.9918948025743,-7.485036546002996e-05,0.001042729920599112,-4.7049721121889805,-273.96535277247597,-294.2902769589124
3413.6635694118045,-8.522982687638225e-05,0.0009089890735386603,-4.703338425807068,-273.9791458674795,-292.61865936563083
3414.150017443183,-8.832840870467271e-05,0.0008667763223645759,-4.7029064335132205,-273.9836552077113,-292.1322322717756
3414.6364654745616,-9.14610089401717e-05,0.0008230495169614819,-4.702495384450266,-273.98836776905983,-291.6458070398115
3416.308140083792,-0.00010247806432276882,0.0006609992056456687,-4.701252352777293,-274.0059852041135,-289.97422544228766
3417.979814693022,-0.00011386266209349138,0.00048022475693926107,-4.700295866827688,-274.02544096658744,-288.3026640549632
3418.466262724401,-0.0001172402905877406,0.0004240151932757702,-4.700075848246976,-274.0313790795492,-287.81625229646505
3418.9527107557797,-0.00012064543048401995,0.0003661580130072708,-4.699883606269695,-274.0374154795682,-287.3298417080472
3420.62438536501,-0.00013254614688004197,0.00015456976362519874,-4.699445558832637,-274.0587375706999,-285.65830312215337
3422.29605997424,-0.0001447247847778372,-7.714490834669057e-05,-4.699378040514488,-274.0804821981544,-283.98676992733647
3422.7825080056186,-0.00014831520567529853,-0.00014841970367506858,-4.699432817949809,-274.08680028905513,-283.50036293296967
3423.268956036997,-0.00015192445330183151,-0.00022144290786106223,-4.699522714511917,-274.0930810968898,-283.0139554800109
3424.9406306462274,-0.00016445693768339808,-0.0004858636516607986,-4.700110970310998,-274.1141610946537,-281.34241373824756
3426.6123052554576,-0.00017715183600568572,-0.0007713703830222187,-4.701158876008647,-274.1338736270103,-279.67085552021035
3427.098753286836,-0.00018086935959269926,-0.0008584509122493346,-4.701555205836463,-274.13924279123995,-279.1844370830688
3427.585201318215,-0.00018459485464518302,-0.0009473384498132504,-4.701994344672659,-274.14440659321497,-278.6980165643203
3429.256875927445,-0.00019744067542204203,-0.0012666549627315467,-4.703841888956209,-274.16031541763783,-277.02641765832436
3430.928550536675,-0.00021030828130195282,-0.0016074637168790552,-4.706241190563687,-274.1726746939263,-275.3547893925908
3431.4149985680538,-0.00021404829975647094,-0.001710679415262445,-4.707048167615832,-274.17547213047806,-274.86834930068363
3431.9014465994323,-0.00021778339515537686,-0.0018157093952740617,-4.707905788890712,-274.1778625280019,-274.3819073651331
3433.5731212086625,-0.0002305607364708082,-0.0021904718744937533,-4.711251345615922,-274.18265035895695,-272.7102399102362
3435.2447958178927,-0.00024319645667544948,-0.002586475538556399,-4.715241137436818,-274.18130704773915,-271.03856745528606
3435.731243849272,-0.0002468371380004951,-0.002705666308463317,-4.716528248775485,-274.17961001714764,-270.5521221863663
3436.2176918806504,-0.00025045823786252883,-0.0028266190408895017,-4.717873745078252,-274.1772705771484,-270.0656801732647
3437.8893664898806,-0.0002627293952553814,-0.003255605479582246,-4.722954675257567,-274.163957397581,-268.39405955601995
3439.5610410991108,-0.0002746770160072623,-0.0037048348765205542,-4.728769650993801,-274.1415376026901,-266.7225385027959
3440.0474891304893,-0.0002780824247753146,-0.0038392829144437792,-4.730604511001177,-274.1331270858083,-266.2361628657078
3440.533937161868,-0.00028145228780068597,-0.003975374308649932,-4.732505129870346,-274.1238062301925,-265.74980476156264
3442.205611771098,-0.00029273642634025795,-0.004455374731001504,-4.739549296876664,-274.084408391276,-264.0785966814033
3443.8772863803283,-0.0003035031781837651,-0.004953806110135228,-4.747411273682681,-274.0325562911442,-262.40773204254504
3444.363734411707,-0.00030652811674509295,-0.0051021848088628145,-4.749857099084979,-274.0149325947178,-261.921602899267
3444.8501824430855,-0.0003095009001836619,-0.0052520176817154015,-4.752375394007045,-273.9961007081316,-261.43552043128847
3446.5218570523157,-0.0003192930743701214,-0.005777686615518599,-4.761592235111456,-273.92170160819677,-259.76550637940954
3448.193531661546,-0.00032837118887021075,-0.006319128040554866,-4.771701006861922,-273.8311695960914,-258.09629397284226
3448.6799796929245,-0.0003308679325178661,-0.006479475907562829,-4.774813922214687,-273.8015824347245,-257.6107459350714
3449.166427724303,-0.00033329611609549434,-0.006641017197439299,-4.7780050464176345,-273.77046374541345,-257.12529552358075
3450.8381023335332,-0.00034109230239139966,-0.007204822006097907,-4.789576204960637,-273.6513375774959,-255.45787784812904
3452.5097769427634,-0.0003479853654155481,-0.0077809046373150045,-4.802100123948946,-273.51213303736864,-253.79202267418518
3452.9962249741425,-0.00034981146681200485,-0.007950631142230461,-4.805926421782093,-273.46762876658426,-253.30761393036627
3453.482673005521,-0.0003515536780529982,-0.008121221524809224,-4.809835392192175,-273.42125067372103,-252.82338343282024
3455.1543476147513,-0.0003568776003442442,-0.008713504499938893,-4.8239053695222225,-273.2470483716688,-251.1608211028473
3456.8260222239815,-0.0003611270200624872,-0.009313789231449926,-4.838972139429754,-273.04864597168864,-249.50098093646469
3457.31247025536,-0.00036215289625481155,-0.009489714118282923,-4.843545638224821,-272.9861344802065,-249.01856521464526
3457.7989182867386,-0.00036308145785368337,-0.00966611099106377,-4.8482047134162904,-272.921396788498,-248.5364462078695
3459.470592895969,-0.000365510148754971,-0.010275264801741292,-4.864872035525478,-272.6814021935895,-246.88210463388987
3461.142267505199,-0.00036672018590436857,-0.010887459997064919,-4.88256020669583,-272.4130288095728,-245.23213902575344
3461.6287155365776,-0.0003668363116686466,-0.011065884459609827,-4.887899847928073,-272.3293719251252,-244.75293732953952
3462.115163567956,-0.00036684439125618296,-0.011244336607475222,-4.893326160587351,-272.24313772576784,-244.2741963024887
3463.7868381771864,-0.0003660324801194493,-0.011857087223093832,-4.912635535939931,-271.9265989569576,-242.6327864146429
3465.4585127864166,-0.00036389408954313503,-0.012467371866480798,-4.932967169786845,-271.57759433926515,-240.99798329379726
3465.944960817795,-0.00036301784950428385,-0.012644180032858422,-4.939074988109007,-271.4697162406526,-240.52364677807964
3466.4314088491737,-0.000362026275783566,-0.012820532435182929,-4.945268565343783,-271.3589247224751,-240.04998637408238
3468.103083458404,-0.0003577290966026621,-0.013422324378946643,-4.967204486531967,-270.95545997515046,-238.4277608405837
3469.774758067634,-0.00035204250832205643,-0.014015771517425417,-4.99013943313302,-270.51570928875617,-236.81500634445865
3470.261206099013,-0.0003501246618682038,-0.014186560716226615,-4.996999027309704,-270.38072714453193,-236.34765996537698
3470.7476541303918,-0.0003480883318911293,-0.014356387938348217,-5.003941325645239,-270.2425262398105,-235.88125977435723
3472.419328739622,-0.00034018351322496576,-0.014931866200301505,-5.028423544843345,-269.7425942268558,-234.2861294206929
3474.091003348852,-0.0003308790578982402,-0.01549296030906618,-5.053855753628287,-269.20301833776995,-232.7039832336149
3474.5774513802307,-0.000327909636814124,-0.0156531980957287,-5.061431378355042,-269.0383881822944,-232.24623915365248
3475.0638994116093,-0.0003248233386096444,-0.015811964158013923,-5.069084452534347,-268.8702816495695,-231.7897650580964
3476.7355740208395,-0.0003133301611213995,-0.01634554478742514,-5.095965731848939,-268.2656948762263,-230.2312981397034
3478.4072486300697,-0.00030048651795567757,-0.016858783794258026,-5.123721982066704,-267.6187713731228,-228.6899384291089
3478.8936966614483,-0.00029649990929954634,-0.017003988774824355,-5.131958370181452,-267.4224403538909,-228.24486913875165
3479.380144692827,-0.00029240328614409686,-0.01714723040522935,-5.140264783789353,-267.22243998327843,-227.8014414108155
3481.051819302057,-0.0002774988684361881,-0.01762374818246857,-5.16933127968404,-266.50688537699097,-226.290714207363
3482.7234939112873,-0.0002613576325614464,-0.018074316844297243,-5.1991726690091,-265.7471596442698,-224.80172482708136
3483.209941942666,-0.00025643646396144134,-0.01820025906442852,-5.207995678237244,-265.51771185603457,-224.37278898125896
3483.6963899740445,-0.0002514177108670204,-0.018323787889704436,-5.2168792481057915,-265.2844816156171,-223.94590260756897
3485.3680645832746,-0.00023344803669658672,-0.0187292040154393,-5.247853828743455,-264.4540002927835,-222.49518296481602
3487.039739192505,-0.0002144213659770797,-0.019103697215980733,-5.279480286690235,-263.5785344866039,-221.07117161476216
3487.526187223884,-0.00020869794851660964,-0.019206610757794344,-5.288798441431522,-263.3153145906221,-220.66209076953797
3488.0126352552625,-0.00020289484016941265,-0.019306726439741944,-5.298165882485866,-263.0482906855636,-220.25548688949206
3489.6843098644927,-0.00018237476682381995,-0.01962886275942447,-5.330714573980268,-262.10166035175996,-218.87775257114365
3491.355984473723,-0.00016103915325855312,-0.019916014534576598,-5.363772531193587,-261.11036260471934,-217.53181107887042
3491.8424325051014,-0.00015469235143157316,-0.01999280718683725,-5.373479482727204,-260.81356042416945,-217.14640241620776
3492.32888053648,-0.0001482884933250169,-0.02006650536918265,-5.383222969024342,-260.5130305243337,-216.76389679412972
3494.00055514571,-0.0001258837969254719,-0.020295741978271806,-5.416964519709069,-259.4519939667919,-215.4722155216322
3495.6722297549404,-0.00010295377576033435,-0.020487086139226188,-5.451057607490997,-258.34777415246793,-214.2172591561786
3496.158677786319,-9.619970114338289e-05,-0.020535522689481726,-5.46103545185293,-258.0184554147772,-213.85923680546296
3496.6451258176976,-8.941447650731796e-05,-0.020580673582914644,-5.471036021603818,-257.68558265613854,-213.50451874859849
3498.316800426928,-6.590127014652069e-05,-0.020710521267797086,-5.505554242473055,-256.51487679274123,-212.31134204610177
3499.988475036158,-4.217996226995196e-05,-0.02080088858361455,-5.540256527254908,-255.30359068398502,-211.15938850586832
3500.474923067537,-3.525600329003927e-05,-0.020819719231004126,-5.550379806280867,-254.94366442844014,-210.83215255717914
3500.9613710989156,-2.8328011309530922e-05,-0.020835188236359867,-5.560511422858277,-254.5804474958155,-210.5085739474418
3502.633045708146,-4.532042122050554e-06,-0.020862638410751998,-5.595369550427515,-253.30760969253046,-209.4250163083708
3504.304720317376,1.9152775546650276e-05,-0.020850402372237228,-5.63024039453907,-251.99777923241146,-208.38648052631856
3504.7911683487546,2.6006666514638967e-05,-0.020839413902321687,-5.6403804888113545,-251.609900528564,-208.09291648792683
3505.277616380133,3.283822905790835e-05,-0.020825103852396828,-5.65051445645349,-251.21906947616063,-207.80329384564266
3506.9492909893634,5.6103663974528165e-05,-0.020750705573591786,-5.685270438955936,-249.8540279644975,-206.8384765283262
3508.6209655985936,7.895758340741278e-05,-0.020637759017956645,-5.719869831656926,-248.45635685872006,-205.92155974976777
3509.107413629972,8.551480229485868e-05,-0.0205977501168117,-5.7298994060980855,-248.04377274357356,-205.6638707999888
3509.5938616613507,9.202563514373214e-05,-0.02055456899153952,-5.739908802102649,-247.6286294618013,-205.41032242160605
3511.265536270581,0.00011400957840464922,-0.020382262750277904,-5.7741303738693945,-246.18311598611587,-204.57085450618314
3512.937210879811,0.0001353164254434608,-0.02017377245153749,-5.808033661682532,-244.70984949657918,-203.7810940146111
3513.4236589111897,0.00014137586081093055,-0.020106468621279426,-5.817830868384686,-244.2762042055726,-203.56068391879535
3513.9101069425683,0.00014736831637275435,-0.020036238638681012,-5.827594703610261,-243.8404243617206,-203.34451925081507
3515.5817815517985,0.00016741965765411867,-0.019773002239170195,-5.860873317284652,-242.3272721496298,-202.63416892944414
3517.2534561610287,0.00018657464429136216,-0.01947699572820801,-5.893684494872124,-240.79147091435388,-201.9741912532501
3517.7399041924077,0.00019196953009043862,-0.019384919004642006,-5.9031367060397475,-240.34059172171175,-201.79160834872084
3518.2263522237863,0.00019728110042641032,-0.01929024211781568,-5.912543593890181,-239.88800984513796,-201.61327905710445
3519.8980268330165,0.00021487497204902942,-0.018945598740301405,-5.944506509551887,-238.3204134026966,-201.03286015675312
3521.5697014422467,0.00023140674595353185,-0.018572431875211473,-5.9758694526351865,-236.73521935881206,-200.50235102892026
3522.0561494736253,0.00023601025114409224,-0.018458739330001358,-5.984876358766675,-236.27090574794263,-200.35729491898263
3522.542597505004,0.00024051879314968181,-0.018342833093730915,-5.9938275346039145,-235.8053060958392,-200.21640832263162
3524.214272114234,0.00025527171819879764,-0.017928269719419486,-6.024147574613897,-234.19611926316554,-199.76387697171893
3525.8859467234643,0.00026885334124018855,-0.017490023272804585,-6.0537548043618035,-232.57408665974606,-199.35975210968184
3526.372394754843,0.000272581015240628,-0.01735832832166515,-6.062230773357653,-232.09992316047848,-199.25113650591433
3526.8588427862214,0.000276206871715892,-0.01722484607109479,-6.0706423667910485,-231.6248562365633,-199.1465240061267
3528.5305173954516,0.0002878817270419984,-0.016753189231310125,-6.099045052463802,-229.98599267801106,-198.8172543007411
3530.202192004682,0.0002983323309463366,-0.016263039107318897,-6.126643823996387,-228.33854111620923,-198.53399190493047
3530.6886400360604,0.0003011420198070881,-0.016117228000610814,-6.134519474669666,-227.8577488567941,-198.46005094485938
3531.175088067439,0.00030384769895726305,-0.015970075425164234,-6.142323994116427,-227.37638792354105,-198.3898782667384
3532.846762676669,0.00031235092946179077,-0.015454863148873598,-6.168591967768948,-225.71836760984814,-198.17706824478694
3534.5184372858994,0.0003196304126816424,-0.014926459091684052,-6.193987647958235,-224.0553915440266,-198.00715048617258
3535.0048853172784,0.0003215202603086997,-0.014770511995638187,-6.201210638429502,-223.57072677602093,-197.9655726502761
3535.491333348657,0.00032330821893761317,-0.014613669240563941,-6.208357672984443,-223.0857718360459,-197.9274758463229
3537.163007957887,0.00032868052787259273,-0.014068549011005934,-6.232332455215619,-221.4174331849618,-197.8226278322843
3538.8346825671174,0.0003328776359601756,-0.013515430305717039,-6.255389288375666,-219.74707849687064,-197.75703523926498
3539.321130598496,0.000333882127357491,-0.013353255233488855,-6.261924356883181,-219.26077953222415,-197.74510871599108
3539.8075786298746,0.00033479061225508676,-0.013190612809755189,-6.268380537086771,-218.77440951016212,-197.73633990546008
3541.4792532391048,0.0003371911338605639,-0.012628794040112782,-6.2899617930247524,-217.1027844704371,-197.72976155818077
3543.150927848335,0.0003385051410136855,-0.012063870528764859,-6.310601275731589,-215.43138193521582,-197.75846955670642
3543.6373758797135,0.0003386892829430439,-0.011899158277227505,-6.316429607114409,-214.9451602494893,-197.77322497671193
3544.123823911092,0.00033878627482940787,-0.011734374869525561,-6.322177901801555,-214.4590285960876,-197.79079407752616
3545.7954985203223,0.000338470045716762,-0.011168163960142228,-6.3413205118032385,-212.78936050781905,-197.8720757691239
3547.4671731295525,0.0003371860788609316,-0.010603290554244032,-6.359517719339539,-211.1214909653812,-197.98451379137646
3547.953621160931,0.00033663791225183894,-0.010439398815532169,-6.364635745716423,-210.63655834253314,-198.02285377929374
3548.4400691923097,0.00033601355386250525,-0.010275789023376827,-6.3696742073443575,-210.15182362387264,-198.06365612094086
3550.11174380154,0.0003333049054075188,-0.009716232132551258,-6.386383557061274,-208.48769683800322,-198.22209338295062
3551.78341841077,0.00032976676131120673,-0.009161896543974245,-6.402161873890569,-206.8263546713758,-198.40754069273925
3552.269866442149,0.00032858940582765567,-0.0090017676199846,-6.406579646926751,-206.34347636554313,-198.46634973290543
3552.7563144735277,0.0003273480422888541,-0.00884222351011208,-6.410919744724478,-205.86085771243145,-198.5272734933373
3554.427989082758,0.0003226135707517359,-0.008298866423548186,-6.425245725253449,-204.2044037394535,-198.7522170936986
3556.099663691988,0.0003171976951933049,-0.007763993375741537,-6.4386704808131485,-202.55122334805492,-199.00012287650085
3556.5861117233667,0.0003155020623069612,-0.007610105291707174,-6.442409761964687,-202.07078708266266,-199.07635475855986
3557.0725597547453,0.000313755099729173,-0.007457050998905776,-6.446074449099144,-201.5906343883319,-199.15436586956545
3558.7442343639755,0.0003073803212152694,-0.006937808845605662,-6.4581046635778065,-199.94278059106836,-199.43549417934182
3560.4159089732057,0.0003004743585353059,-0.006429667231228315,-6.469276152377281,-198.29829343127986,-199.73572043347792
3560.9023570045842,0.00029837327318014414,-0.006284013297708753,-6.472368355725607,-197.82038516193222,-199.82646350738983
3561.388805035963,0.000296233452347809,-0.006139387410331341,-6.475390002694364,-197.3427551295031,-199.91866852856936
3563.060479645193,0.00028860431756098974,-0.0056505045827512255,-6.485242612804511,-195.70348686006798,-200.2461857758641
3564.732154254423,0.0002805904020844338,-0.005174696800139204,-6.494288898515242,-194.06738240855,-200.58917910632067
3565.218602285802,0.00027819406079227394,-0.005038787609407181,-6.496772995884381,-193.5918615880654,-200.69170151627452
3565.7050503171804,0.0002757710593095187,-0.0049040473457530945,-6.499191296965734,-193.11659258915853,-200.7953908035857
3567.3767249264106,0.0002672598756666204,-0.00445012747923598,-6.507007854485362,-191.485206336575,-201.16016022167494
3569.048399535641,0.0002585020877826132,-0.004010641663333383,-6.514077670207462,-189.85657726544244,-201.53706277785548
3569.53484756702,0.00025591468347245175,-0.003885524100088971,-6.515998143423791,-189.3831463875027,-201.6488408238939
3570.0212955983984,0.0002533118552291793,-0.0037616659396741436,-6.517858078436584,-188.9099271344071,-201.76151520261016
3571.6929702076286,0.00024426695177019866,-0.0033457543200335906,-6.523796605149587,-187.2852592205411,-202.15513842593654
3573.364644816859,0.00023510223481764845,-0.002945062980435873,-6.529052584646195,-185.66281788169402,-202.5578496023722
3573.8510928482374,0.00023241953091199607,-0.002831351673382932,-6.530457488181385,-185.1910830119442,-202.67658261649447
3574.337540879616,0.00022973157712674432,-0.002718943971927067,-6.53180740059799,-184.7195119530767,-202.79596693903028
3576.009215488846,0.00022046996962769307,-0.00234264780379515,-6.536035910261511,-183.10013364050522,-203.21082112034702
3577.6808900980764,0.00021120175252321093,-0.0019818395543148384,-6.539648320555388,-181.48239288327014,-203.63202113604387
3578.167338129455,0.0002085093923343384,-0.001879757131960041,-6.5405875000588924,-181.01191352796016,-203.75563601483287
3578.6537861608335,0.00020582073675459551,-0.001778981190058605,-6.541477335234805,-180.54154747924898,-203.879682699987
3580.3254607700637,0.00019662303231500835,-0.0014426164182195322,-6.5441679354352855,-178.9259225547421,-204.3089255914399
3581.997135379294,0.00018751680519387087,-0.0011215507552000336,-6.546309030753118,-177.31133861437246,-204.7420705200903
3582.4835834106725,0.00018488913449309427,-0.0010309742191783118,-6.546832529340591,-176.841666555086,-204.86871856337578
3582.970031442051,0.00018227279823497747,-0.0009416712172129093,-6.547312263434236,-176.3720583169957,-204.9956037050992
3584.6417060512813,0.00017337966527646552,-0.0006444277878857195,-6.548635933365949,-174.7586631489308,-205.43315511226058
3586.3133806605115,0.00016466001455289514,-0.00036190578019812967,-6.549475013717472,-173.14574179953263,-205.8724510252323
3586.7998286918905,0.00016215933311807253,-0.0002824170593257928,-6.549631688090985,-172.6764494405533,-206.00049917082907
3587.286276723269,0.0001596762402988102,-0.00020413895858998986,-6.54974996878962,-172.20717503017022,-206.12861324564037
3588.9579513324993,0.000151286512765309,5.574198039858018e-05,-6.54987207862365,-170.59458383611457,-206.56911936996346
3590.6296259417295,0.0001431360449637436,0.0003017980071004809,-6.549571307467968,-168.9819533180964,-207.0094814331477
3591.116073973108,0.00014081245863243832,0.00037085949964517123,-6.549407667506789,-168.51265269173814,-207.13749946719955
3591.6025220044867,0.0001385113657551221,0.0004387973474186473,-6.549210679112654,-168.04332938545326,-207.2654341681294
3593.274196613717,0.00013078236552797437,0.000663842764941223,-6.5482872851932985,-166.4302691518856,-207.7042197114658
3594.945871222947,0.0001233428641012301,0.0008762097829263596,-6.546998285642838,-164.8167247397829,-208.1412205660141
3595.4323192543256,0.00012123477042418274,0.0009356953643415426,-6.546557560161293,-164.34707864780788,-208.26796547441825
3595.9187672857042,0.00011915281058761091,0.0009941626778172433,-6.546088114406087,-163.87737533636707,-208.39449779656854
3597.5904418949344,0.00011220266803037477,0.0011874928711385956,-6.54426302470248,-162.262755691962,-208.82750940399094
3599.2621165041646,0.00010557804098480263,0.0013694767656243646,-6.54212423348333,-160.64728135115826,-209.25731999503202
3599.748564535543,0.00010371309148934002,0.0014203798798763424,-6.5414456533844225,-160.17700824211806,-209.38171830626123
3600.235012566922,0.00010187678406682767,0.0014703833193804832,-6.540742496056896,-159.7066497012493,-209.50579270448227
3601.906687176152,9.578821416455172e-05,0.0016355504735862927,-6.538145063496086,-158.08957324931455,-209.929536354282
3603.578361785382,9.004869639760068e-05,0.0017908312708759032,-6.535279788583224,-156.4713458322767,-210.34886152163978
3604.064809816761,8.84450903986382e-05,0.0018342438057692434,-6.534398069687657,-156.00021998133911,-210.46999026489934
3604.55125784814,8.68716602799112e-05,0.0018768839216794064,-6.533495384524295,-155.52898661378433,-210.59069948672197
3606.22293245737,8.169669247734257e-05,0.0020177291969020964,-6.530238958635474,-153.9087449685537,-211.0021737552493
3607.8946070666,7.688382186090538e-05,0.0021502262641817124,-6.526754063019853,-152.287126007406,-211.4081843127058
3608.381055097979,7.555178986626595e-05,0.002187300908129824,-6.525699064705286,-151.8149744292397,-211.52525106048103
3608.8675031293574,7.425066762189585e-05,0.002223735219547292,-6.524626150148486,-151.34269888932857,-211.64181610929157
3610.5391777385876,7.001588077253269e-05,0.0023442674953213383,-6.520807099597815,-149.71875910550145,-212.03844277667767
3612.2108523478178,6.614781970914728e-05,0.002458027108536285,-6.5167922191461525,-148.0932786279711,-212.42870540994042
3612.6973003791963,6.50911813220956e-05,0.0024899463115810173,-6.51558875132202,-147.61997595892439,-212.54102776933524
3613.183748410575,6.40655596967429e-05,0.0025213590215856334,-6.514369842408527,-147.14653787224103,-212.6527773525254
3614.855423019805,6.077742638259378e-05,0.002625656605235185,-6.510067051512331,-145.5185232489179,-213.03233050067553
3616.5270976290353,5.785425405899427e-05,0.0027247625479223385,-6.505594248360926,-143.88885930848346,-213.40473653918667
3617.013545660414,5.707193976067458e-05,0.0027527141639520194,-6.504261997943955,-143.41432167705904,-213.51172138261734
3617.4999936917925,5.632028855814502e-05,0.0027802925376380246,-6.502916204461447,-142.93964144970397,-213.61807112811775
3619.1716683010227,5.397028752261089e-05,0.0028724275523816178,-6.498190944642973,-141.30730993939164,-213.97860565362708
3620.843342910253,5.197894307194035e-05,0.0029609339086156166,-6.4933146980278735,-139.6732668068341,-214.33129956368995
3621.329790941632,5.14663962593198e-05,0.002986093176628557,-6.491868246680943,-139.19744549798207,-214.43242223222586
3621.8162389730105,5.098384334942916e-05,0.0030110101970526938,-6.49040957952999,-138.72147799812348,-214.53285390084406
3623.4879135822407,4.955305514655326e-05,0.0030949940133609,-6.485305660917964,-137.08470073991919,-214.87263418120972
3625.159588191471,4.8471669475287325e-05,0.003176878061029416,-6.480063103757586,-135.44618802286462,-215.2039424542666
3625.6460362228495,4.8222051586469946e-05,0.003200395235693757,-6.478512010907724,-134.969063550439,-215.29872611801224
3626.132484254228,4.80015649323023e-05,0.003223797813355119,-6.476949471026543,-134.49179225697853,-215.3927669908182
3627.8041588634583,4.746452483832898e-05,0.0033035447838205756,-6.471493588929426,-132.85053413493392,-215.71019628154758
3629.4758334726885,4.7265938342781455e-05,0.0033826768901402413,-6.465904909773003,-131.2075485196255,-216.0185572380123
3629.962281504067,4.7271087420897624e-05,0.0034056695583710734,-6.464253838518946,-130.72912556398907,-216.10655255464164
3630.4487295354456,4.7304400762952155e-05,0.0034286713049803607,-6.46259154645385,-130.25055762403278,-216.193755132032
3632.120404144676,4.7632043639612276e-05,0.003507977217928008,-6.456793751187123,-128.604861258873,-216.4873061310856
3633.792078753906,4.828636864413908e-05,0.0035881038962626826,-6.450862696213027,-126.95747212852638,-216.77120102828016
3634.2785267852846,4.853747007143801e-05,0.0036116528197966524,-6.44911156434301,-126.4777756784454,-216.85196620443094
3634.764974816663,4.8815722349254345e-05,0.003635330208960531,-6.44734891325128,-125.99793820200087,-216.9318883180948
3636.4366494258934,4.9977316646393296e-05,0.0037178612969077903,-6.441203148614541,-124.34791243033774,-217.20003522056462
3638.1083240351236,5.1453466046727425e-05,0.0038025971094374075,-6.43491757606255,-122.69625231460448,-217.4579209542129
3638.5947720665026,5.1941421726673836e-05,0.0038277443149895216,-6.43306171969398,-122.2153252754464,-217.53100228866228
3639.081220097881,5.245548974588664e-05,0.003853134943134988,-6.431193539912179,-121.73426312312259,-217.6031877033723
3640.7528947071114,5.441952111929534e-05,0.0039424229746962535,-6.424678214347256,-120.08007680258221,-217.84433999803073
3642.4245693163416,5.668568869147619e-05,0.0040352467643421834,-6.41801067292855,-118.42433744806249,-218.07458363639364
3642.91101734772,5.7401180843203715e-05,0.00406299456454409,-6.416041015910889,-117.9422399397523,-218.1394966135731
3643.397465379099,5.814171186786318e-05,0.004091096195925807,-6.414057744867829,-117.46001522476952,-218.20345618741393
3645.069139988329,6.087574136826183e-05,0.004190535148036752,-6.407136318797206,-115.80189711544105,-218.41589443467635
3646.740814597559,6.38988836221113e-05,0.004294786159068971,-6.400044641056806,-114.14233192413488,-218.61670983966133
3647.2272626289378,6.48321564824046e-05,0.004326095829731534,-6.397947868900556,-113.65914248783349,-218.67292085198366
3647.7137106603163,6.578931830152093e-05,0.004357864961133556,-6.3958357257526135,-113.17583601262196,-218.72811433609857
3649.3853852695465,6.92589051520632e-05,0.004470705015894824,-6.388457317601102,-111.51408150706929,-218.90992823008492
3651.0570598787767,7.300334206990874e-05,0.004589574820838087,-6.380885237704996,-109.85101514800897,-219.0793151156928
3651.5435079101553,7.414373726722719e-05,0.0046253637856947675,-6.3786439800606525,-109.36683410379227,-219.12622392755517
3652.029955941534,7.530673146148215e-05,0.004661712601760117,-6.376385149624289,-108.8825489774382,-219.17204252385517
3653.701630550764,7.947358741317071e-05,0.004791047758539191,-6.368485180335384,-107.21753455983165,-219.32107169290424
3655.3733051599943,8.38989225429597e-05,0.004927564589152542,-6.3603630020379045,-105.55138069357449,-219.4567576600292
3655.8597531913733,8.523423618928154e-05,0.0049687011877740704,-6.357956032262487,-105.06633593478661,-219.49368078837955
3656.346201222752,8.659063796167057e-05,0.005010492014145782,-6.355528867221622,-104.58120366268074,-219.52943064892128
3658.017875831982,9.141025402323593e-05,0.005159238507166153,-6.347029777267841,-102.91341014399318,-219.64320889820465
3659.6895504412123,9.646885981544908e-05,0.0053162415865151726,-6.338275130415597,-101.24469837971586,-219.74259527318654
3660.175998472591,9.798458807493656e-05,0.005363536803772645,-6.335677594109086,-100.75895394388337,-219.76875055086046
3660.6624465039695,9.951958487012296e-05,0.005411573469978969,-6.333056847674027,-100.27314333568862,-219.79363749725826
3662.3341211131997,0.00010493855701233054,0.005582437217691978,-6.323868930425793,-98.6031891024385,-219.86934154797547
3664.00579572243,0.00011057284262146319,0.005762539690571078,-6.314387662517723,-96.93260249679125,-219.92945424288393
3664.4922437538085,0.00011225138172793291,0.005816735506888125,-6.3115713489761,-96.44637030699829,-219.9439469520757
3664.978691785187,0.00011394696921840982,0.0058717513080365725,-6.308728452098715,-95.96009960224568,-219.9570628178634
3666.6503663944172,0.00011990025797069231,0.006067183573573733,-6.2987508530245675,-94.28878529062249,-219.99146705154695
3668.3220410036474,0.00012603997435541129,0.006272723623929297,-6.288438106330673,-92.61720985300109,-220.00891415868108
3668.808489035026,0.0001278598469341791,0.006334477948290008,-6.285371777706784,-92.13076506424956,-220.01072527343558
3669.2949370664046,0.00012969406416122876,0.006397120207053637,-6.2822751756577375,-91.64431771301126,-220.01103642724505
3670.966611675635,0.00013610233962796047,0.0066192616762087006,-6.271397108053529,-89.97268382969106,-220.00047570211674
3672.638286284865,0.00014266194046175888,0.006852242180137377,-6.260138632526061,-88.30127156753036,-219.97141413357176
3673.124734316244,0.00014459704126685292,0.006922110462083409,-6.256788425194836,-87.81497196373165,-219.95939139176988
3673.6111823476226,0.00014654323558636688,0.006992921781812665,-6.2534039879327326,-87.32871650643213,-219.94573018409884
3675.282856956853,0.00015331066177827005,0.007243535596114249,-6.241506214486901,-85.6581155024492,-219.88607345224545
3676.954531566083,0.00016018762400019505,0.007505553899250764,-6.229179963993767,-83.98836245828211,-219.8061876370914
3677.4409795974616,0.00016220684233972347,0.0075839682115366345,-6.225509875366787,-83.50267230752641,-219.77904037388635
3677.92742762884,0.0001642333232475292,0.00766336538754207,-6.221801394528729,-83.01708675300202,-219.7501004646795
3679.5991022380704,0.00017124652429714813,0.0079437634813339,-6.20875801428505,-81.34927084556736,-219.63673867517718
3681.2707768473006,0.000178320582161098,0.008235936231645454,-6.195236057970329,-79.68311126845751,-219.5012351042842
3681.757224878679,0.00018038763427845753,0.008323183178664033,-6.191208526418239,-79.1986299341496,-219.45753400748336
3682.2436729100577,0.00018245754708546004,0.008411435034982291,-6.18713830596167,-78.71433091540881,-219.411870760826
3683.915347519288,0.00018958556848601738,0.008722401756842042,-6.172818866598355,-77.05155646403823,-219.23972332395624
3685.587022128518,0.00019671928281359978,0.009045288969451925,-6.157969628470928,-75.39147364039998,-219.0433455238322
3686.073470159897,0.0001987929909052855,0.0091414878196036,-6.1535462088382795,-74.90896904014733,-218.98152870167178
3686.5599181912758,0.00020086463602287836,0.009238693479689974,-6.149075751119429,-74.42674580933736,-218.91756606339717
3688.231592800506,0.00020796028818007427,0.009580412313375688,-6.133347686410594,-72.77189420616027,-218.68111093238548
3689.903267409736,0.00021500058760014364,0.009933946502725907,-6.117038503288954,-71.12104746890829,-218.4181802071922
3690.3897154411147,0.0002170353308929853,0.010039029066588608,-6.112180633294895,-70.64149414871498,-218.33656717279638
3690.8761634724933,0.00021906260492186212,0.0101450980387578,-6.107271415212045,-70.1623471338037,-218.2526126569061
3692.5478380817235,0.00022596382680301823,0.010517084724436111,-6.090002784980572,-68.51906088767697,-217.945945772644
3694.2195126909537,0.00023274306918312013,0.010900506052488426,-6.072102756551013,-66.88142685624288,-217.61043368576546
3694.7059607223323,0.00023468902354462727,0.011014198119573614,-6.066772606336101,-66.40604798445995,-217.50724903479744
3695.192408753711,0.000236621631434465,0.011128831842260541,-6.06138693791037,-65.9312311501995,-217.4015186112571
3696.864083362941,0.00024315200163389084,0.011529871594144729,-6.042449446451064,-64.30406206293006,-217.01844898494693
3698.5357579721713,0.00024948818383924506,0.01194166569051061,-6.022832558138933,-62.684586173424194,-216.60408800395513
3699.02220600355,0.0002512913330663682,0.012063468976185323,-6.01699395847798,-62.21489813767271,-216.4774966772934
3699.5086540349284,0.000253074780038269,0.012186142769143081,-6.0110959198700336,-61.74596375330693,-216.34815146038991
3701.1803286441586,0.00025904335794097306,0.012614228122724395,-5.9903682029547465,-60.140527739319225,-215.88233846266712
3702.852003253389,0.00026473980521719604,0.01305206353950952,-5.968916717156741,-58.54527954594629,-215.38277734456503
3703.338451284768,0.00026634183177144254,0.013181237374603144,-5.9625361659603096,-58.0831370419903,-215.2309333807418
3703.8248993161465,0.0002679173092305594,0.013311182079016238,-5.956092622895956,-57.62198064433734,-215.07613001349978
3705.4965739253767,0.0002731182312733898,0.013763449347110834,-5.933463805663286,-56.045110798059305,-214.52126928552678
3707.168248534607,0.0002779632451615236,0.014224113383216292,-5.910071926390011,-54.481433354012296,-213.9302793682655
3707.6546965659854,0.00027930145051750907,0.01435965593296995,-5.903119675298582,-54.02907189117998,-213.75138987483115
3708.141144597364,0.00028060577228320794,0.014495839102168595,-5.896101374786229,-53.57797424994995,-213.56934630140833
3709.812819206594,0.0002848181839961834,0.014968503569465063,-5.871474907140869,-52.03786026268826,-212.91940977147834
3711.4844938158244,0.0002885853053537091,0.015447837628175254,-5.8460527236135285,-50.51450021046947,-212.231146997969
3711.970941847203,0.00028959276688244126,0.015588467191649701,-5.838503945846516,-50.074571859268005,-212.02355259549313
3712.4573898785816,0.00029055856921908073,0.01572957448660799,-5.830886693046493,-49.63623364206886,-211.8126303964606
3714.129064487812,0.00029354768423907915,0.016217867416024337,-5.80418446260752,-48.14253178982173,-211.06216377002167
3715.800739097042,0.0002959974628359298,0.016710706375621463,-5.776662165534957,-46.66973285296774,-210.27148858016446
3716.2871871284206,0.00029660370755713717,0.01685484435736692,-5.768498201645869,-46.24532991269732,-210.03376067218622
3716.773635159799,0.000297160207277976,0.016999262882740618,-5.760264113713554,-45.822893602689135,-209.79256418159906
3718.4453097690293,0.00029868062788971077,0.01749737744149319,-5.731430814891439,-44.38678764191239,-208.93704154083176
3720.1169843782595,0.0002995653187543059,0.017997502282139425,-5.701763150340364,-42.97632647999845,-208.0398943014699
3720.6034324096386,0.00029969799864371815,0.01814326099544221,-5.692972818588738,-42.57098670256542,-207.77094807848613
3721.089880441017,0.00029977282211147586,0.018289067970693032,-5.684111640587264,-42.16803930625213,-207.49843898918053
3722.7615550502474,0.0002995761545446138,0.018790127891721225,-5.653119334666933,-40.802229362171516,-206.5346684094493
3724.4332296594775,0.0002986495277698897,0.019290248921434647,-5.621290204359295,-39.467369983505165,-205.52849148087975
3724.919677690856,0.0002982377117657392,0.01943542996914227,-5.611871143432946,-39.08505629746802,-205.22771149234848
3725.4061257222347,0.0002977603785524457,0.019580392756805304,-5.602381591225076,-38.70560574757196,-204.9233355098004
3727.077800331465,0.00029560865826704774,0.020076466325601703,-5.569234312994212,-37.42420061767528,-203.84990166793025
3728.749474940695,0.00029264152269577816,0.020568261363716138,-5.535261337329629,-36.17954282659712,-202.7340904437573
3729.2359229720737,0.0002916205792919032,0.02071037179759118,-5.525221320165943,-35.82459050258003,-202.40146287300712
3729.7223710034523,0.00029052753278714297,0.02085196645834232,-5.5151123856133015,-35.47300876024695,-202.06528221768085
3731.3940456126825,0.0002862115782094041,0.021334149679045688,-5.4798505479934,-34.29129824718874,-200.88300203512253
3733.0657202219127,0.00028101155180665127,0.021808379087855538,-5.443789305019141,-33.152498263998645,-199.65935679817267
3733.5521682532913,0.00027932912408521474,0.02194467120734431,-5.433147433563589,-32.82952354157761,-199.29559943991845
3734.03861628467,0.00027756979149047665,0.022080125203721455,-5.422439559121858,-32.51045062558065,-198.9284218385217
3735.7102908939,0.00027093055387830277,0.02253871144815588,-5.385143816864132,-31.44453988703328,-197.64077822627885
3737.3819655031302,0.00026336390481749964,0.022985423882563884,-5.347091392198806,-30.427888567165525,-196.3139177317197
3737.8684135345093,0.0002609862979236752,0.02311296200559006,-5.335879062818668,-30.141655263621626,-195.92059554211195
3738.354861565888,0.0002585294678440525,0.023239324050732924,-5.324605073733258,-29.859861107280118,-195.52408725887892
3740.026536175118,0.0002494797208145818,0.023664067698545947,-5.285399252564983,-28.926159555914243,-194.13759583416442
3741.6982107843482,0.0002394923498422174,0.02407289941296065,-5.245496698012744,-28.04801628738601,-192.71528428976606
3742.184658815727,0.0002364104371339987,0.02418865350250462,-5.2337582200046855,-27.803260986269564,-192.29489592674364
3742.6711068471054,0.00023325006137183023,0.024302890010381877,-5.221963896710731,-27.56346627171532,-191.8716640603523
3744.3427814563356,0.00022179338135494266,0.02468335887270807,-5.181016588712204,-26.778039456076204,-190.39612082367702
3746.014456065566,0.0002094280722977741,0.025043916427896017,-5.13944990319021,-26.054137561308792,-188.88945510763816
3746.5009040969444,0.00020566194384208478,0.025144878731014418,-5.127242661547272,-25.855359460668996,-188.4454749216709
3746.987352128323,0.0002018216062379318,0.025243992657096443,-5.114986845373149,-25.662022187344203,-187.99910345487996
3748.659026737553,0.00018806626662271032,0.025569992052556997,-5.072511320655752,-25.03983522286049,-186.44766069955608
3750.3307013467834,0.00017347416100576228,0.025872297595801952,-5.029510635231906,-24.48449583752895,-184.87106702715948
3750.817149378162,0.00016907597940045806,0.025955615620406887,-5.016904711920148,-24.335723616972242,-184.40792828231986
3751.3035974095405,0.00016461153356281966,0.02603678076838966,-5.004258861612088,-24.192804469798627,-183.94295398382775
3752.9752720187707,0.00014877785601604941,0.02629882375488176,-4.960511039774891,-23.746907322857457,-182.33197959348638
3754.646946628001,0.00013222314954928495,0.02653379532177913,-4.916347794633031,-23.37222005472522,-180.7029804543142
3755.13339465938,0.00012727801776498364,0.026596912856698726,-4.903424995455191,-23.276774160090866,-180.22598965660143
3755.6198426907586,0.00012227822361910462,0.026657615254389345,-4.890472145641276,-23.18749967445455,-179.74780834986325
3757.2915172999888,0.00010469902414085759,0.026847409783656996,-4.845746490384812,-22.928223932425002,-178.0965012655403
3758.963191909219,8.655647370503909e-05,0.027007346741760307,-4.800728516504601,-22.743269754754717,-176.43523472436925
3759.4496399405975,8.118111225411232e-05,0.027048144092008015,-4.787580787608182,-22.703542978691218,-175.95041377973217
3759.936087971976,7.576600479743465e-05,0.02708632147942778,-4.774413897632509,-22.670189718491056,-175.46511461209465
3761.6077625812063,5.68786186012014e-05,0.027197242321149347,-4.7290372285267495,-22.60443874555767,-173.79487570221008
3763.2794371904365,3.7621419561729324e-05,0.027276280495561817,-4.683501784588953,-22.614638916017523,-172.1233782532387
3763.765885221815,3.195977020955902e-05,0.027293202771442166,-4.67022904472525,-22.63191975141283,-171.63724005954316
3764.2523332531937,2.6275864766856185e-05,0.027307370629271428,-4.656948769582157,-22.655643923213816,-171.151374436107
3765.924007862424,6.60176148032036e-06,0.02733487225956109,-4.611272145177807,-22.786359256869947,-169.4849639554854
3767.595682471654,-1.3225125978065348e-05,0.02732935748821686,-4.565577143336536,-22.993029801230293,-167.82626081421327
3768.0821305030327,-1.9010887535334793e-05,0.027321514411623504,-4.552284616568824,-23.067390780167408,-167.34553341700982
3768.5685785344112,-2.4800034237542248e-05,0.02731086133394327,-4.538996592572951,-23.148124979793398,-166.8658347471448
3770.2402531436414,-4.4690258204008786e-05,0.02725276859090178,-4.493385651772988,-23.473998821874044,-165.22637951173775
3771.9119277528716,-6.45075183758091e-05,0.02716148685134509,-4.447899563737934,-23.874171595149836,-163.60345635510856
3772.3983757842507,-7.024802254823904e-05,0.027128707775988033,-4.434694774918664,-24.00443841557256,-163.13477907109527
3772.8848238156293,-7.597293978665678e-05,0.027093145208325446,-4.421506589793574,-24.140870361494542,-162.6678574829461
3774.5564984248595,-9.549805781592052e-05,0.026949782492634713,-4.3763309820168175,-24.65634731152315,-161.0777959940947
3776.2281730340897,-0.00011472987066689189,0.02677402528830187,-4.331422106573858,-25.24288759917142,-159.5125468477281
3776.7146210654682,-0.0001202592511197813,0.026716866394877848,-4.31841174300463,-25.426695103506493,-159.0621668212353
3777.201069096847,-0.00012575501679797392,0.026657030703443118,-4.305429795115651,-25.616333210113485,-158.61420760569996
3778.872743706077,-0.00014435697723863027,0.02643119178419529,-4.261052404271319,-26.31190832902275,-157.0942734321234
3780.544418315307,-0.00016246191601476727,0.026174671869245297,-4.217078186934816,-27.073921164600854,-155.60652538671565
3781.030866346686,-0.00016762633391661353,0.026094382180675765,-4.204365021384387,-27.307851082320383,-155.18002358995932
3781.5173143780644,-0.00017274096209610756,0.026011596522992293,-4.19169146011675,-27.547170557459754,-154.75651814918965
3783.1889889872946,-0.00018991303257018133,0.02570838296092394,-4.1484580513521285,-28.409952768308557,-153.32485779272128
3784.860663596525,-0.00020641158925345965,0.02537702623260767,-4.105755040108608,-29.333433398419356,-151.931562960129
3785.3471116279034,-0.00021107720823908995,0.02527547846409222,-4.093435077188367,-29.613218486400033,-151.53363453527663
3785.833559659282,-0.00021567958940199697,0.025171679779201525,-4.081164983807941,-29.897871586241457,-151.13916802214902
3787.505234268512,-0.00023099340649178294,0.024798220533999257,-4.039394805512128,-30.91234897050673,-149.81067022931006
3789.1769088777423,-0.00024549396289482247,0.024399841323217937,-3.998269758590959,-31.981004287009064,-148.52533122189308
3789.6633569091214,-0.00024955417026656493,0.024279429327941183,-3.986429752793626,-32.30177600834184,-148.15963723237994
3790.1498049405,-0.0002535410851398499,0.024157062368260963,-3.974648708962763,-32.62684298444188,-147.79774891468765
3791.82147954973,-0.00026666874507367617,0.023722124761299684,-3.9346265471505655,-33.775765396572396,-146.58363219516687
3793.4931541589604,-0.0002788860031341306,0.02326600292639636,-3.8953491660605044,-34.971917359679615,-145.41599458037152
3793.979602190339,-0.00028226598342516755,0.023129513148088095,-3.8840646427110626,-35.328470703097445,-145.08509233249606
3794.4660502217175,-0.00028556631383062735,0.022991399817974587,-3.872846814073812,-35.688724915729004,-144.7582146983275
3796.1377248309477,-0.0002962919665922921,0.02250492673338687,-3.8348169015790354,-36.954012570586855,-143.6658849007151
3797.809399440178,-0.0003060540743412691,0.02200132921427632,-3.7976145270290287,-38.25949361495945,-142.62189521770088
3798.2958474715565,-0.0003087120414049369,0.0218517995944809,-3.7869483903549543,-38.646543420600786,-142.32724432659768
3798.782295502935,-0.00031128764238168397,0.021700997336122727,-3.7763552029372067,-39.03670531307795,-142.03671707234957
3800.4539701121653,-0.0003195077288647546,0.021173619165390536,-3.740517198357708,-40.40029960521584,-141.069874142001
3802.1256447213955,-0.00032675249731548727,0.02063331489199419,-3.705571602594492,-41.797262463999594,-140.15187182978556
3802.612092752774,-0.0003286778862706755,0.020473895231859895,-3.6955733543875957,-42.20967006757396,-139.89390498762606
3803.0985407841526,-0.00033052147523274065,0.020313558315553218,-3.6856527806059387,-42.62462947743823,-139.64005209754814
3804.770215393383,-0.0003362353384561307,0.019756125576927196,-3.65215982417617,-44.06922104239656,-138.79900029419443
3806.441890002613,-0.00034099791148587696,0.01918993624206136,-3.6196060329917117,-45.54080713633443,-138.00609105421023
3806.928338033992,-0.00034220730698551267,0.019023761594928128,-3.6103115693735908,-45.9737628988517,-137.78433320637853
3807.4147860653707,-0.0003433382055690659,0.018857016505570527,-3.6010979856749326,-46.408756095579285,-137.56658644492438
3809.086460674601,-0.00034663216827799477,0.018280188349276177,-3.570056662016724,-47.918349797031574,-136.8486883729449
3810.758135283831,-0.00034902754400317385,0.017698604831680002,-3.5399835820496515,-49.449185809240795,-136.17723695957034
3811.2445833152096,-0.00034955938459756017,0.0175286895014545,-3.5314154941450804,-49.898340546472966,-135.99045463718602
3811.731031346588,-0.00035001814715144626,0.017358531497884088,-3.522930032536105,-50.34907581842947,-135.80750516984938
3813.4027059558184,-0.0003510467172192577,0.016772440479927715,-3.494401949383418,-51.9093775136364,-135.20771708420844
3815.0743805650486,-0.0003512508347786423,0.01618531913566758,-3.466854480889305,-53.48589390606144,-134.65189840229266
3815.560828596427,-0.00035115996232691025,0.016014474247894647,-3.4590227623860423,-53.9474389761633,-134.4982618707727
3816.047276627806,-0.0003510029757672117,0.01584368754529702,-3.451274057506644,-54.41017119199423,-134.34822291122015
3817.718951237036,-0.00034997082781013604,0.015257685101579066,-3.425278695965416,-56.0088025527788,-133.8596547377619
3819.390625846266,-0.00034820368659901896,0.014674022408174277,-3.4002609841797,-57.61938701843713,-133.41201066229743
3819.8770738776448,-0.00034755670453662577,0.014504795539118749,-3.3931640458039727,-58.09008797085053,-133.28925443474057
3820.3635219090233,-0.0003468516646303867,0.014335895158987874,-3.3861492783629226,-58.56164747775495,-133.169820863751
3822.0351965182535,-0.0003439991255505079,0.013758367863743721,-3.3626677834824497,-60.18821044936923,-132.78427586770692
3823.7068711274837,-0.00034051177712928935,0.013186139682980038,-3.3401472971200064,-61.82322200507924,-132.43623789042272
3824.193319158863,-0.0003393835309954902,0.013020772045836132,-3.333773202024307,-62.30041390138075,-132.34180899860627
3824.6797671902414,-0.0003382060354985243,0.012855962695601589,-3.327479354729385,-62.77819811523566,-132.25040379400957
3826.3514417994716,-0.0003337981144263462,0.012294203074685206,-3.3064589958747717,-64.42421924946305,-131.95886642097813
3828.0231164087018,-0.00032886269677604894,0.011740252964822711,-3.2863711888342624,-66.07589492582015,-131.70121785941785
3828.5095644400803,-0.00032733353689366995,0.01158064995529075,-3.2806990427487404,-66.55744883442813,-131.63240519580188
3828.996012471459,-0.00032576440838773344,0.01142179790072372,-3.2751043045456303,-67.03938608599216,-131.5663064020864
3830.667687080689,-0.0003200820566382427,0.01088191737434351,-3.2564633990063245,-68.69817381912814,-131.35935983057553
3832.3393616899193,-0.0003139836584353758,0.010351883638249817,-3.238716767720332,-70.36046087601162,-131.182623650689
3832.825809721298,-0.0003121371656271882,0.010199596110540454,-3.233718212352761,-70.84473101007391,-131.13666511805636
3833.3122577526765,-0.000310260222832113,0.010048211553466512,-3.228793480713119,-71.32922604798469,-131.09311043134772
3834.9839323619067,-0.00030359292481575944,0.009535087966975516,-3.212426616365463,-72.99567251926203,-130.96127623876842
3836.655606971137,-0.0002966225094492197,0.009033363290079586,-3.1969080000548664,-74.66401640794076,-130.85602435963767
3837.1420550025155,-0.0002945434884206868,0.008889578006069014,-3.192548767106596,-75.14977639078576,-130.8301912152279
3837.628503033894,-0.00029244355174643254,0.008746806511891145,-3.1882592064749975,-75.63564587765141,-130.80645981679285
3839.3001776431242,-0.00028508259592788113,0.008264061970862014,-3.1740426244620665,-77.30600069998705,-130.7404602254974
3840.9718522523544,-0.00027753038940443037,0.007793782407248102,-3.1606226155479913,-78.97711414641505,-130.69754713188829
3841.4583002837335,-0.0002753029522602429,0.007659320898013706,-3.1568641036489606,-79.46348938267556,-130.68920673191067
3841.944748315112,-0.0002730639381173393,0.0075259431909382194,-3.1531707227064714,-79.94989417798973,-130.68267973279256
3843.6164229243423,-0.00026529583345167256,0.007075950438585452,-3.140967733959964,-81.62153205972646,-130.67362817477525
3845.2880975335725,-0.0002574446601941738,0.00663901286139201,-3.1295060746694836,-83.29316491247054,-130.68435595021018
3845.774545564951,-0.00025515026699004866,0.006514338604422734,-3.1263069133643424,-83.77956635512288,-130.6910151733935
3846.2609935963296,-0.0002528532062255983,0.0063907787071916826,-3.1231681252794066,-84.26594568629355,-130.69921703102412
3847.93266820556,-0.00024495283915125873,0.00597469644800141,-3.112834437474235,-85.9371439973267,-130.7387456597725
3849.60434281479,-0.00023707116470009066,0.005571805407861135,-3.1031852781041245,-87.60786776527118,-130.79496967699694
3850.0907908461686,-0.00023478656568442114,0.0054570396566634115,-3.1005028423092265,-88.09393073438268,-130.81430179361155
3850.577238877547,-0.00023250752999545108,0.005343381724841642,-3.097875971218437,-88.57994173846386,-130.83492549458006
3852.2489134867774,-0.00022473068645458905,0.0049612203998285085,-3.089264798483465,-90.24967869943063,-130.91525937874638
3853.9205880960076,-0.00021706463044192143,0.004591966826353634,-3.081281686351891,-91.91869455581507,-131.00944446817263
3854.407036127386,-0.00021485945310508077,0.004486914062224031,-3.07907352233003,-92.4042248235079,-131.03930230598093
3854.8934841587647,-0.0002126671255962923,0.004382929001746278,-3.0769162166473842,-92.88968952750841,-131.07022115966365
3856.565158767995,-0.00020524224907543547,0.0040336512853417555,-3.069883031757954,-94.5574690553003,-131.18420883796264
3858.236833377225,-0.00019800780837984656,0.00369662637312692,-3.063423484207777,-96.22444378682303,-131.30944540720128
3858.723281408604,-0.00019594243808790322,0.003600809848775622,-3.061648603417964,-96.70937195997735,-131.3478635215103
3859.2097294399828,-0.00019389606919060744,0.003505991856559806,-3.0599201122254733,-97.19423261509776,-131.38713224792454
3860.881404049213,-0.00018701782701412332,0.0031876454545428654,-3.0543268924345,-98.85993813318638,-131.52824166338047
3862.553078658443,-0.00018039544044781713,0.0028805833816649045,-3.0492564123774635,-100.52486915252355,-131.6782304410773
3863.0395266898217,-0.0001785196419573064,0.0027932882755417384,-3.047876414340928,-101.00921347514293,-131.72341874231873
3863.5259747212003,-0.00017666774871827218,0.0027068986455833894,-3.0465386892025754,-101.4934962810378,-131.76926627484758
3865.1976493304305,-0.00017049323504521386,0.002416771202732892,-3.0422575370394163,-103.15727301191144,-131.93155414444925
3866.8693239396607,-0.00016462493947708322,0.0021367095890985426,-3.038452970160347,-104.82038110962937,-132.1005671844011
3867.3557719710393,-0.0001629771916413339,0.0020570305119509556,-3.037432968544719,-105.30421816008702,-132.15089816382994
3867.842220002418,-0.00016135697144661966,0.001978145451373604,-3.036451566491808,-105.78800479661716,-132.201714270716
3869.513894611648,-0.00015600419085240474,0.0017129307159467332,-3.0333676341090046,-107.45016813741832,-132.37977583654745
3871.1855692208783,-0.0001509928383691693,0.001456378709575989,-3.0307198138333002,-109.11181504324368,-132.56260029208326
3871.6720172522573,-0.0001496002369151079,0.0013832688017027203,-3.0300291531851204,-109.59525738978985,-132.61659165877208
3872.158465283636,-0.00014823751629229265,0.0013108285685004158,-3.029373929620983,-110.07866338582977,-132.67090916079488
3873.830139892866,-0.00014378560794462642,0.001066795167763657,-3.027387617599372,-111.73962981054038,-132.85981416148167
3875.5018145020963,-0.00013969563829317904,0.0008299013873100273,-3.025803282456601,-113.40025672915932,-133.05168426716264
3875.988262533475,-0.00013857421013450957,0.0007622209009631408,-3.0254160434783546,-113.88343638780466,-133.1079785058481
3876.4747105648535,-0.0001374838070140102,0.000695078225438762,-3.025061633909796,-114.36659515612364,-133.1644525681741
3878.1463851740837,-0.00013397455670743287,0.00046823454640511537,-3.024090067995064,-116.02683153263362,-133.3596722766944
3879.818059783314,-0.00013083390455433664,0.00024694910391931515,-3.02349306511738,-117.68691445334663,-133.5561940416971
3880.3045078146924,-0.00012998923353615787,0.0001835119194268332,-3.023388364240184,-118.16997091780084,-133.61353614167788
3880.790955846071,-0.00012917560266250314,0.00012047821405972235,-3.0233144613310095,-118.65302222403457,-133.67092186392563
3882.462630455301,-0.00012661587177397954,-9.327134019676348e-05,-3.023292274695682,-120.31300931894452,-133.86825120763882
3884.1343050645314,-0.0001244186679927236,-0.00030304487100063076,-3.0236240844542106,-121.97302691250131,-134.06532356019522
3884.62075309591,-0.00012384672185724723,-0.0003634278940659962,-3.023786179140937,-122.45609855116615,-134.12253795500501
3885.1072011272886,-0.00012330480919954507,-0.0004235395901956913,-3.023977617048885,-122.93918021899381,-134.17966727840385
3886.778875736519,-0.00012166958644262137,-0.0006282502647016185,-3.0248570828744556,-124.59938634003419,-134.37514539196508
3888.450550345749,-0.00012037938810904587,-0.0008305157631283982,-3.0260767145674503,-126.25979651282665,-134.56888090801658
3888.936998377128,-0.00012006749173357572,-0.0008889973418719949,-3.0264949297203443,-126.74301421515564,-134.62484849974217
3889.4234464085066,-0.00011978371104172474,-0.0009473333916259104,-3.026941591446903,-127.22625596220057,-134.68060728896097
3891.095121017737,-0.00011901956537566117,-0.0011468898488586035,-3.02869216233686,-128.88711703906634,-134.8704393298077
3892.766795626967,-0.0001185729192590712,-0.0013454342811512329,-3.0307754808012795,-130.54833860834768,-135.0570872063178
3893.2532436583456,-0.00011850080493353585,-0.0014030956476117718,-3.031443974244145,-131.03182068366954,-135.11072321931198
3893.739691689724,-0.00011845410430186519,-0.0014607272679238858,-3.0321405401951336,-131.51533910589959,-135.16402925102818
3895.4113662989544,-0.00011848288455437462,-0.0016587288371086252,-3.0347478585066834,-133.17724194897065,-135.344511901863
3897.0830409081846,-0.00011879309477609206,-0.0018570137471776316,-3.037686407840905,-134.83963835925726,-135.5203854672421
3897.569488939563,-0.00011893401412389328,-0.0019148342614125893,-3.0386037944736723,-135.32348582629757,-135.570618775321
3898.0559369709417,-0.0001190969836294992,-0.001972727675738891,-3.039549351969292,-135.8073796846989,-135.62040126768326
3899.727611580172,-0.00011981967341594669,-0.0021723899279435287,-3.04301379984648,-137.47064563285502,-135.78785403346802
3901.399286189402,-0.00012078070466693992,-0.0023734594970018234,-3.0468131943290238,-139.13450810964403,-135.9492647984969
3901.8857342207807,-0.00012110256848224288,-0.0024322911225638944,-3.0479820495615444,-139.6187996538005,-135.9950192903552
3902.3721822521593,-0.00012144259324771374,-0.0024912825940967337,-3.0491795839944924,-140.1031447560288,-136.0402005301612
3904.0438568613895,-0.00012274328755859754,-0.002695355820857161,-3.053514444867567,-141.76801140215264,-136.19090468576618
3905.7155314706197,-0.00012423379161578498,-0.002901762035338201,-3.058192399770407,-143.43353941612312,-136.33410470727694
3906.2019795019987,-0.00012470035621212484,-0.002962308832018114,-3.059618663556529,-143.91832543024907,-136.37428319102003
3906.6884275333773,-0.0001251807983617085,-0.003023084732919722,-3.0610744525967313,-144.4031685386756,-136.4137627530302
3908.3601021426075,-0.0001269308213803409,-0.003233789877683543,-3.066303758262638,-146.06976769827375,-136.54390959332198
3910.0317767518377,-0.00012881832529451292,-0.0034475354031543413,-3.0718878356326926,-147.7370450914261,-136.6650437322729
3910.5182247832163,-0.00012939042137445628,-0.0035103382245272653,-3.0735801391423254,-148.22234035555536,-136.69851482672232
3911.004672814595,-0.00012997186585543883,-0.003573420336275442,-3.075303072120852,-148.70769169313212,-136.7311568271773
3912.676347423825,-0.00013203409669570342,-0.003792403116242617,-3.0814592122233972,-150.37602226583914,-136.83680669735236
3914.3480220330553,-0.00013417943627925578,-0.004014902740531811,-3.0879843597887486,-152.04498788211384,-136.9318761860435
3914.834470064434,-0.00013481628658909672,-0.00408032941516133,-3.089953297742477,-152.53076258206897,-136.95746459884242
3915.3209180958124,-0.00013545786007538452,-0.004146065751942847,-3.0919541433794193,-153.01658665277716,-136.98208837789272
3916.9925927050426,-0.00013769137540160328,-0.004374370088153984,-3.0990753180465997,-154.68648153311275,-137.05914180021784
3918.664267314273,-0.00013995349338250242,-0.004606432042391076,-3.1065812840331213,-156.35689371525186,-137.12398037073334
3919.1507153456514,-0.00014061413530524366,-0.00467467345785656,-3.108838657216288,-156.84306265382898,-137.14046091524366
3919.63716337703,-0.00014127495136808622,-0.004743235045981694,-3.111129304411262,-157.3292672494651,-137.1558354944638
3921.30883798626,-0.0001435400733659222,-0.004981297417160768,-3.1192569067232463,-159.00035398596864,-137.20001753556227
3922.9805125954904,-0.00014578115773234253,-0.005223126243721378,-3.1277856200004552,-160.67174885921435,-137.2302811781391
3923.4669606268694,-0.00014642594870757454,-0.005294198802100866,-3.130343674505576,-161.15815887934514,-137.23637682501135
3923.953408658248,-0.00014706659765777568,-0.005365582858307132,-3.1329363729452475,-161.6445823114432,-137.241219428686
3925.625083267478,-0.00014922996156669765,-0.005613248745526335,-3.142112394668462,-163.31623779756492,-137.248078241797
3927.2967578767084,-0.0001513203223428883,-0.005864470054520912,-3.151705404921064,-164.98788185940322,-137.23924943223915
3927.783205908087,-0.0001519123025379351,-0.005938224391910756,-3.154576095713658,-165.4742976753122,-137.23363362080107
3928.2696539394656,-0.00015249620104459285,-0.006012263699200592,-3.1574827238083825,-165.9606944485433,-137.22661247728317
3929.9413285486958,-0.00015443511521118726,-0.006268824627637112,-3.1677472776603093,-167.63199454497425,-137.19153269294392
3931.613003157926,-0.00015625713326492568,-0.006528529083523509,-3.178443345379532,-169.3028327030471,-137.1389396509817
3932.0994511893045,-0.00015676310102967928,-0.006604664075779925,-3.1816376493857845,-169.78892151737267,-137.12024300238167
3932.585899220683,-0.0001572575297144317,-0.006681041504089497,-3.1848690342675665,-170.274946842813,-137.09998455760515
3934.2575738299133,-0.00015886343351364442,-0.00694528871565392,-3.1962580734012414,-171.94461245593644,-137.0182159010469
3935.9292484391435,-0.00016031487380128951,-0.007212091369459178,-3.2080909838230003,-173.6132132767812,-136.91706713803634
3936.415696470522,-0.00016070632681166333,-0.007290172425929301,-3.211618282896835,-174.09852874070222,-136.88388862229147
3936.9021445019007,-0.0001610833615066827,-0.0073684396824948255,-3.215183592370242,-174.58372246551727,-136.84898920684662
3938.573819111131,-0.00016226479933596915,-0.007638731883538906,-3.2277268925942812,-176.25006421034638,-136.71569040011846
3940.245493720361,-0.00016326142249170858,-0.007910844589205991,-3.2407235550735534,-177.91456472752182,-136.56112447449877
3940.73194175174,-0.0001635152474043631,-0.00799032551552018,-3.2445911060504455,-178.3985309672343,-136.5120469797928
3941.2183897831187,-0.00016375241259878841,-0.008069925333341162,-3.2484973293310855,-178.88230166141375,-136.46108886465763
3942.890064392349,-0.00016443713388502597,-0.008344267275258556,-3.2622167885198734,-180.54316578215955,-136.27138648557224
3944.561739001579,-0.00016491457094496644,-0.008619580592475548,-3.276395670078921,-182.20121872190273,-136.05853646683812
3945.0481870329577,-0.00016501354665519354,-0.008699827993829588,-3.280608174939732,-182.68311529541364,-135.99214659193694
3945.5346350643363,-0.0001650943118269241,-0.008780118779692429,-3.2848597047262262,-183.16472537301553,-135.92371823795085
3947.2063096735665,-0.00016523081688436616,-0.009056247689838306,-3.2997679991930102,-184.8174440331501,-135.6727797415077
3948.8779842827967,-0.00016514590384753884,-0.009332419722519627,-3.3151379273911807,-186.46617069970645,-135.39685138475159
3949.3644323141752,-0.000165079056956423,-0.009412739256739421,-3.319697212998597,-186.94511944825604,-135.31176312389007
3949.850880345554,-0.0001649931648349148,-0.009493021511448284,-3.324295538000958,-187.42367229546127,-135.2244832755276
3951.522554954784,-0.0001645517313146581,-0.009768499042502973,-3.3403951646458285,-189.06502163040403,-134.9076028287148
3953.194229564014,-0.00016388336386469473,-0.010043048960506047,-3.3569545247511803,-190.70097389917612,-134.56396487113548
3953.680677595393,-0.00016364618245671522,-0.010122712806513823,-3.361859338727193,-191.17592870226738,-134.45884668226194
3954.1671256267714,-0.00016338986103159106,-0.010202256697983103,-3.3668028529168965,-191.65035882200198,-134.35139177505903
3955.8388002360016,-0.00016236316852275245,-0.010474564390647685,-3.384085576457717,-193.276528218587,-133.96408691306036
3957.510474845232,-0.00016111280709059025,-0.01074496883668375,-3.4018219190497283,-194.89566306157548,-133.54837123336605
3957.996922876611,-0.00016070737304991686,-0.010823243897067344,-3.4070678459402233,-195.3654034789122,-133.4219757810326
3958.4833709079894,-0.00016028344740143103,-0.010901317521563444,-3.4123517784349264,-195.83447062739455,-133.29310993071545
3960.1550455172196,-0.00015868691114531315,-0.01116795432307984,-3.430798495559011,-197.44104650724898,-132.83122633950092
3961.82672012645,-0.00015687877789730394,-0.01143174537481479,-3.449688564070247,-199.03871617777688,-132.33943500677705
3962.3131681578284,-0.0001563137875875571,-0.01150792183278992,-3.455268064156382,-199.5018458533747,-132.19063066212024
3962.799616189207,-0.00015573169368006016,-0.011583819776633876,-3.46088453190124,-199.96413402612941,-132.0392372947393
3964.471290798437,-0.00015360333633570336,-0.01184240014159602,-3.480465558294856,-201.54610092898264,-131.49905831126517
3966.1429654076674,-0.00015128398069121925,-0.01209726294212186,-3.500475739639983,-203.11706133259517,-130.92767385194543
3966.629413439046,-0.00015057455458363734,-0.012170682509674936,-3.506378310685845,-203.57201183918926,-130.75547683400066
3967.1158614704245,-0.00014985010248117964,-0.012243753988423084,-3.512316493873543,-204.02593375694806,-130.58059082118177
3968.7875360796547,-0.00014724946115053156,-0.012492103549076466,-3.5329922709304147,-205.57769473194213,-129.95894759986197
3970.459210688885,-0.00014448614089905326,-0.012735969710538975,-3.5540794602497456,-207.11613360883078,-129.30504222708447
3970.9456587202635,-0.00014365323618270866,-0.012806052256493197,-3.5602919182790798,-207.5611741278525,-129.10864811329373
3971.432106751642,-0.00014280798055641444,-0.012875727442347076,-3.5665383539428492,-208.00498158124506,-128.90948712741724
3973.1037813608723,-0.00013981348987082053,-0.013111970865579886,-3.588260553914732,-209.52039882893914,-128.20386496931735
3974.7754559701025,-0.0001366908271274948,-0.013343101343778741,-3.610373402428632,-211.01998422064034,-127.46520417584767
3975.2619040014815,-0.0001357601234627126,-0.013409367899609972,-3.6168802704537435,-211.45323710337084,-127.24401743305795
3975.74835203286,-0.00013482016950351998,-0.013475180362179722,-3.623419252168075,-211.88503716020358,-127.0200111718196
3977.4200266420903,-0.00013152453122350079,-0.013697813721675497,-3.6461322322390886,-213.3574926118504,-126.22864738042038
3979.0917012513205,-0.00012813899931342007,-0.013914862709887895,-3.6692127152184946,-214.81144079150397,-125.40378331691187
3979.578149282699,-0.00012713911626751966,-0.013976952258268715,-3.675996698871751,-215.2309026670077,-125.15744354093385
3980.0645973140777,-0.00012613326989554264,-0.01403855486789695,-3.6828107602415074,-215.64867936562368,-124.90825952168598
3981.736271923308,-0.00012263646046593022,-0.014246493024346937,-3.706453278715165,-217.07115358583457,-124.03022843655005
3983.407946532538,-0.00011908842895200777,-0.01444854283993122,-3.730438480430289,-218.47231436412255,-123.1185789615557
3983.8943945639166,-0.00011804843452382398,-0.014506219888982312,-3.737480997294352,-218.87588210145643,-122.84698268240206
3984.3808425952952,-0.00011700562277403033,-0.01456339116472016,-3.7445514445833936,-219.27752290184063,-122.5725474906682
3986.0525172045254,-0.00011340543144316047,-0.014755979591723227,-3.7690585087022628,-220.64268955053151,-121.60782909732339
3987.7241918137556,-0.00010978892718185141,-0.014942536035334287,-3.793882476247841,-221.98364583532037,-120.60973930244636
3988.210639845134,-0.00010873524014509816,-0.014995685988810783,-3.8011641924880197,-222.36914639310294,-120.31305650969091
3988.697087876513,-0.00010768139932633583,-0.015048323985015197,-3.80847163862554,-222.75247239617548,-120.0135716961767
3990.368762485743,-0.00010406270884257652,-0.015225306053468349,-3.833776309358444,-224.05280470070986,-118.96310136808029
3992.040437094973,-0.00010045518933827345,-0.015396248186042481,-3.859371788117742,-225.32598259599973,-117.87988565888081
3992.526885126352,-9.940879583914852e-05,-0.015444859558327537,-3.866873106272855,-225.69120565957581,-117.55857059129782
3993.013333157731,-9.836418279774185e-05,-0.015492962772422892,-3.87439794978205,-226.054004490214,-117.23452280730311
3994.685007766961,-9.479074591406392e-05,-0.01565440479754518,-3.900432910298768,-227.28188992717565,-116.10022112574234
3996.356682376191,-9.124652427572913e-05,-0.015809897618153244,-3.9267327767826767,-228.47967562058784,-114.93418533250694
3996.84313040757,-9.022138806455114e-05,-0.01585403469590577,-3.934434224269995,-228.82240795552616,-114.58898147406238
3997.3295784389484,-8.919913924550187e-05,-0.015897673992932324,-3.942157024454515,-229.162468249377,-114.24114682709077
3999.0012530481786,-8.570965033517502e-05,-0.016043864087102455,-3.9688557618182587,-230.31032790298062,-113.02592970331426
4000.6729276574088,-8.22574682053898e-05,-0.016184252073660883,-3.9957940318325575,-231.42518800908104,-111.78037383550725
4001.1593756887873,-8.12600905733682e-05,-0.016224023298946285,-4.003676520450777,-231.74324860459626,-111.41231335918187
4001.645823720166,-8.026587982220781e-05,-0.016263310094968585,-4.011578241601092,-232.05839519237378,-111.0417562549316
4003.317498329396,-7.687360201953705e-05,-0.01639464811770758,-4.038875767148964,-233.1188048394519,-109.74952643165774
4004.9891729386263,-7.351734710457794e-05,-0.016520345465049758,-4.066388132447751,-234.1434075105743,-108.4287293485447
4005.475620970005,-7.254715161189191e-05,-0.01655587181080749,-4.074433080098673,-234.43468278104777,-108.0391274044016
4005.9620690013835,-7.157966205424513e-05,-0.016590926647822333,-4.08249519796992,-234.72281186073337,-107.6471942805205
4007.6337436106137,-6.82745474817203e-05,-0.016707818301830466,-4.110328297770926,-235.6886225146302,-106.28281564986514
4009.305418219844,-6.49960758657185e-05,-0.016819207148904062,-4.1383522029306485,-236.6159573053304,-104.89200310804807
4009.791866251223,-6.404634827908702e-05,-0.016850593447962536,-4.14654152437437,-236.87843580955138,-104.4824473767257
4010.2783142826015,-6.30982468109558e-05,-0.01688151778165908,-4.154746003163219,-237.13754958541168,-104.07075574588409
4011.9499888918317,-5.9850619487951786e-05,-0.016984281517531844,-4.183053056593485,-238.00200584889998,-102.6400118724359
4013.621663501062,-5.661385413534736e-05,-0.017081625356108545,-4.211527367399408,-238.8255008792242,-101.18530923870776
4014.1081115324405,-5.5672993980815826e-05,-0.017108936424941032,-4.21984335110536,-239.05730716630816,-100.75764510101277
4014.594559563819,-5.473222068155678e-05,-0.01713578936127144,-4.228172508866865,-239.2855475765153,-100.32806824214626
4016.2662341730493,-5.149735407218892e-05,-0.017224581315875103,-4.25689294289531,-240.04240259049544,-98.83760615408188
4017.9379087822795,-4.825306095552291e-05,-0.017307957747077177,-4.285757281683283,-240.75603789887072,-97.32597667673657
4018.424356813658,-4.7306003318065045e-05,-0.017331200334473173,-4.294182375951138,-240.95546517200773,-96.88228822501603
4018.9108048450366,-4.635719126442789e-05,-0.017353981267113534,-4.302618662119428,-241.15114640042364,-96.4369357330302
4020.582479454267,-4.308024668019419e-05,-0.017428740909729002,-4.331692125745826,-241.79477236191468,-94.8941955825336
4022.254154063497,-3.977103108735649e-05,-0.017497995593974285,-4.360885961919009,-242.39318842068514,-93.3333646376649
4022.7406020948756,-3.880070502798329e-05,-0.01751710655436784,-4.369402496451817,-242.5587297139537,-92.8759516160976
4023.227050126254,-3.7826660386295913e-05,-0.01753574405707244,-4.37792820785287,-242.7203691769432,-92.41714588269058
4024.8987247354844,-3.444786156431028e-05,-0.017596161521598378,-4.407293558409483,-243.24586231729972,-90.83027661792873
4026.5703993447146,-3.101362439553688e-05,-0.017650884396485544,-4.43675514755704,-243.72446250153814,-89.22864192337191
4027.0568473760936,-3.0002620855990952e-05,-0.017665725506097612,-4.445345018018717,-243.854839993782,-88.75999257010147
4027.543295407472,-2.8986016922219397e-05,-0.01768007297062183,-4.453941981145611,-243.98118741369208,-88.29024115889702
4029.2149700167024,-2.5446823434898738e-05,-0.0177255805828156,-4.483536180239624,-244.38446599598294,-86.66800201518885
4030.8866446259326,-2.1831440762926162e-05,-0.017765108133356706,-4.513201454894851,-244.73951137304897,-85.03452954473451
4031.373092657311,-2.0764044039386636e-05,-0.01777546889011247,-4.521845801729218,-244.8337033228089,-84.55728924903254
4031.85954068869,-1.9689501215863837e-05,-0.017785308322954857,-4.5304950532076536,-244.9237673522502,-84.07925307625939
4033.53121529792,-1.5939994165889817e-05,-0.017815101525283768,-4.5602520876329615,-245.2016606823065,-82.43090057919885
4035.20288990715,-1.20990271333415e-05,-0.017838550326214776,-4.590053623710763,-245.4303548411522,-80.77500590542421
4035.6893379385288,-1.0963510988102485e-05,-0.017844160158125212,-4.598732542957523,-245.48761942311947,-80.29194161484156
4036.1757859699073,-9.819895509768162e-06,-0.017849215497923707,-4.607414046586516,-245.54069107481288,-79.80839887971104
4037.8474605791375,-5.8267849879053305e-06,-0.017862307255303415,-4.6372640108352465,-245.69101676007716,-78.14355925730028
4039.5191351883677,-1.7354869866667667e-06,-0.017868641762453754,-4.667130212280557,-245.79157759328183,-76.47497440906636
4040.0055832197463,-5.264131887486121e-07,-0.017869192268765984,-4.675822540707266,-245.8114726769353,-75.98893485672032
4040.492031251125,6.908842067021504e-07,-0.01786915272076767,-4.684514983636604,-245.82714457325676,-75.50274081527769
4042.163705860355,4.936708961736941e-06,-0.01786446207295995,-4.714383471608202,-245.84877043887658,-73.83126834556407
4043.8353804695853,9.276603442385795e-06,-0.01785259516072808,-4.744238120153442,-245.82048499618185,-72.15989507827547
4044.3218285009643,1.0556613988245935e-05,-0.017847771436446985,-4.752921336798537,-245.80288268696003,-71.67376717178281
4044.808276532343,1.1844032992804603e-05,-0.017842323609401932,-4.7616020463663284,-245.78106292991956,-71.1878101347826
4046.479951141573,1.6323041687978783e-05,-0.017818791498247447,-4.79140998892315,-245.67394933353975,-69.51963305985761
4048.1516257508033,2.088087404076123e-05,-0.017787706058229186,-4.821172280093212,-245.51720733728342,-67.85538471443347
4048.638073782182,2.2220842150392066e-05,-0.017777222678608266,-4.829822555403158,-245.46230198032504,-67.37204683043377
4049.1245218135605,2.356649745935197e-05,-0.017766086664343154,-4.838467565597504,-245.40322133990898,-66.88920118039438
4050.7961964227907,2.823114749722664e-05,-0.017722799800916414,-4.86813159338589,-245.16843942876628,-65.23415832872547
4052.467871032021,3.294992662790993e-05,-0.017671669917345367,-4.89771670413495,-244.88474112163962,-63.58679406663064
4052.9543190633995,3.433166799874223e-05,-0.017655305222984027,-4.906309102969741,-244.7930495505674,-63.10906747630726
4053.440767094778,3.57167390297838e-05,-0.017638268278605075,-4.914893373755743,-244.6972607794069,-62.632144983146596
4055.1124417040082,4.049800055346386e-05,-0.017574568484538176,-4.94432669254042,-244.33698283233062,-60.999817909770314
4056.7841163132384,4.530315504012033e-05,-0.01750285600635226,-4.97364682869644,-243.92891777405222,-59.37877473474573
4057.2705643446175,4.670415471314614e-05,-0.017480477272560618,-4.982155644396666,-243.8012709287568,-58.90937484048614
4057.757012375996,4.810581771667158e-05,-0.017457417618111006,-4.990653407596362,-243.66963938130004,-58.44107599891013
4059.4286869852262,5.2923427966506534e-05,-0.017372972449637307,-5.019767067882375,-243.18709887663363,-56.84062287007811
4061.1003615944564,5.773273941532708e-05,-0.017280480740879255,-5.048732837725831,-242.6582941303564,-55.25485204917421
4061.586809625835,5.912886988484287e-05,-0.017252056726240056,-5.0571320072971515,-242.49581975515895,-54.796341412883564
4062.0732576572136,6.052294508889649e-05,-0.017222954812673694,-5.065517187641098,-242.32950509859396,-54.339208801151806
4063.744932266444,6.529374095279447e-05,-0.017117786954318776,-5.094221567012785,-241.72892638188443,-52.77920699747306
4065.416606875674,7.002449109343803e-05,-0.017004677349361733,-5.122743501937877,-241.0839649010812,-51.237021912982414
4065.9030549070526,7.139186914865532e-05,-0.016970280938060602,-5.1310070526507525,-240.88806173512012,-50.79176711404267
4066.389502938431,7.275457224479955e-05,-0.016935221210560618,-5.13925371556203,-240.6884912401209,-50.34814280317534
4068.0611775476614,7.739781296737096e-05,-0.016809708496531336,-5.167460059797316,-239.9749910417504,-48.836447101585115
4069.7328521568916,8.197107051043204e-05,-0.0166764922894337,-5.195450148748536,-239.21930334406733,-47.34538913837349
4070.21930018827,8.328711815356933e-05,-0.01663629689988813,-5.2035526414704325,-238.99160784952622,-46.915523319758506
4070.7057482196487,8.459605821265213e-05,-0.016595463698686634,-5.21163543461637,-238.7604423688291,-46.487512159700955
4072.377422828879,8.903629376503268e-05,-0.0164503217218495,-5.239257357499061,-237.93990742947315,-45.031134493216996
4074.049097438109,9.337904791005819e-05,-0.016297838594577212,-5.266630514216943,-237.07964144524846,-43.59786247692995
4074.535545469488,9.462300036423758e-05,-0.016252111293085597,-5.274547463253002,-236.8219886013053,-43.185255083670285
4075.0219935008668,9.585762853161116e-05,-0.016205781725703347,-5.282442033033103,-236.5610828074212,-42.77469532339996
4076.693668110097,0.00010002595279103326,-0.0160420378876248,-5.309396920118354,-235.64002931103198,-41.379710744686854
4078.365342719327,0.00010407200363158009,-0.015871428168403586,-5.336072342027481,-234.68190450114986,-40.00991794057628
4078.8517907507057,0.00010522511618637006,-0.01582052134692621,-5.343780601690158,-234.39628449827023,-39.61615269670759
4079.3382387820843,0.00010636693176730314,-0.015769056855725477,-5.351463975746284,-234.10764323867346,-39.22459492956318
4081.0099133913145,0.00011020162149023258,-0.015588020714462855,-5.377674267173804,-233.09306458900176,-37.896076757373415
4082.6815880005447,0.00011389227282188048,-0.015400694612416851,-5.4035766676967505,-232.0442170373867,-36.594437741398934
4083.1680360319233,0.0001149380628086258,-0.015345036814027184,-5.411054781149822,-231.73272984316085,-36.22079941173138
4083.654484063302,0.00011597086471508863,-0.015288873872308584,-5.418505712688673,-231.41846259001878,-35.84949433575773
4085.326158672532,0.00011941850483495098,-0.01509210409194414,-5.443900051429945,-230.3176723423245,-34.591479735829935
4086.9978332817623,0.00012270416952320083,-0.014889706364237715,-5.468960751077176,-229.1854976107401,-33.3616277288036
4087.484281313141,0.00012362898780858854,-0.01482979145762445,-5.476189256553327,-228.85030736833775,-33.00909771476422
4087.9707293445194,0.00012453950754697635,-0.014769430453019875,-5.4833885251787775,-228.51258271510773,-32.65899270283407
4089.6424039537496,0.00012755755852309015,-0.014558693971314608,-5.507902748122427,-227.33305928425543,-31.474478274019567
4091.31407856298,0.00013040081830656818,-0.014343058387422522,-5.532060593388,-226.12505947564193,-30.319011885830793
4091.800526594359,0.00013119481058319866,-0.014279431314693386,-5.539022276894728,-225.76835057057085,-29.988272234317755
4092.2869746257375,0.00013197367089323522,-0.01421542184495405,-5.545952934263005,-225.40935259116077,-29.660016242329146
4093.9586492349677,0.0001345337265044597,-0.01399263973293601,-5.5695308594567035,-224.15859180771477,-28.550981606173494
4095.630323844198,0.00013691225886688758,-0.013765729764857454,-5.592732915234261,-222.8822326156431,-27.471498418896246
4096.116771875576,0.0001375701036777263,-0.013698968391077763,-5.599412992991772,-222.50616903048228,-27.162943392826556
4096.603219906955,0.00013821251591661303,-0.013631890775044168,-5.606060536391651,-222.12805709091433,-26.856899310090082
4098.274894516185,0.00014030221025349975,-0.013399072429477143,-5.628654489268116,-220.81343782626428,-25.824355295904276
4099.946569125415,0.00014220994896880221,-0.013162912880242386,-5.650856452925061,-219.4760203804568,-24.821508406709036
4100.433017156794,0.00014273105745996598,-0.013093607795096957,-5.657242670178589,-219.08270965345037,-24.535262407299584
4100.9194651881735,0.00014323694701418754,-0.013024052795051788,-5.663595131572652,-218.6875829524326,-24.251525605688293
4102.591139797403,0.00014485993323553413,-0.012783226076935585,-5.685166175376699,-217.3162498823863,-23.295582522794295
4104.262814406634,0.000146306342555235,-0.012539833843523545,-5.70633249091745,-215.92480094501587,-22.369155228103057
4104.749262438012,0.000146694514175026,-0.012468568499947806,-5.712415133469312,-215.5162636657818,-22.105095618626923
4105.235710469391,0.0001470681342493853,-0.012397117634890618,-5.718463081471988,-215.10613139136595,-21.843517232001503
4106.907385078621,0.0001482423351481052,-0.012150262940667225,-5.738980951948328,-213.68489758686775,-20.963468068949403
4108.579059687851,0.00014925008649416136,-0.011901584489360746,-5.759084637335954,-212.24608022701267,-20.112461410539304
4109.06550771923,0.000149512740200078,-0.011828917786248158,-5.7648564619461515,-211.82422558235876,-19.8702446936752
4109.551955750609,0.0001497618490078459,-0.011756126297607522,-5.7705929238942755,-211.4009831505977,-19.630458077591857
4111.223630359838,0.00015051635800628676,-0.011505121251901609,-5.790035700235261,-209.93625373820439,-18.824871311264104
4112.895304969069,0.00015111783348651078,-0.011252982823783939,-5.809057930491248,-208.4562991871675,-18.047599232929596
4113.381753000447,0.00015126491994880064,-0.011179435746868789,-5.814514028382701,-208.0229066629772,-17.826689075508398
4113.868201031826,0.00015139968033924995,-0.011105819766894197,-5.819934347500769,-207.58831810174078,-17.608137953363098
4115.539875641056,0.00015177079171881336,-0.010852399354459474,-5.838287916541094,-206.08603489309723,-16.87495495062732
4117.211550250287,0.00015200391765036303,-0.010598473897939272,-5.856217426977797,-204.57069501646785,-16.169142267145205
4117.697998281665,0.00015204668774213635,-0.010524521221907685,-5.861355040360113,-204.1274020099074,-15.968838024502338
4118.184446313044,0.00015207841539732208,-0.01045055007454243,-5.8664566884021,-203.68308820742925,-15.770804995753874
4119.8561209222735,0.00015210531293666013,-0.010196284840523987,-5.883714075195201,-202.14869408373266,-15.107437651407924
4121.527795531504,0.00015200926966035724,-0.009942077401091943,-5.90054646155945,-200.60321290453476,-14.470316799308062
4122.014243562882,0.00015195903677178225,-0.009868144783450945,-5.905364775982196,-200.15150773172215,-14.289781432056975
4122.500691594261,0.00015189898714708277,-0.009794238668914507,-5.910147144300178,-199.69894001053316,-14.111415765588806
4124.172366203491,0.00015161968288138512,-0.009540531220041514,-5.926307788483671,-198.13736103850835,-13.514840915579848
4125.844040812722,0.000151231109867191,-0.00928738200791395,-5.9420447829618,-196.56646306184854,-12.943244404338117
4126.3304888441,0.0001510982144101604,-0.00921384805120779,-5.946544718142869,-196.1076826709027,-12.781530963714749
4126.816936875479,0.00015095656456199464,-0.009140380604630557,-5.951008909605658,-195.6481809831252,-12.62187488506762
4128.488611484709,0.0001504046720274093,-0.008888477997389675,-5.966077962259295,-194.06382375355076,-12.088723026235906
4130.160286093939,0.0001497548403285004,-0.008637579836093,-5.9807267552737935,-192.47171647852426,-11.579169502507591
4130.646734125317,0.00014954789770411881,-0.008564782020145231,-5.9849107736438185,-192.00704809377856,-11.435245647262718
4131.133182156696,0.00014933304083613943,-0.008492086598028081,-5.989059414112843,-191.5417830591179,-11.293258613524062
4132.804856765926,0.00014853558800379386,-0.008243104414614068,-6.003047114930317,-189.93854455264355,-10.819895420801153
4134.476531375157,0.00014764860898033698,-0.007995530142182211,-6.016619775338144,-188.32893247194207,-10.368668177286422
4134.962979406536,0.0001473740679849499,-0.00792377332738649,-6.020491722200732,-187.85941838779647,-10.241438443019874
4135.449427437915,0.00014709219189535484,-0.007852151721179632,-6.02432880483828,-187.38941639559178,-10.116019152497001
4137.121102047145,0.00014606844216319038,-0.007607105394159564,-6.037249980424806,-185.7707037327335,-9.698619116562995
4138.792776656375,0.0001449604691312079,-0.00736384084054886,-6.049763007561047,-184.14681124398447,-9.301836645374545
4139.279224687753,0.0001446224441750673,-0.007293407083281571,-6.0533279912317335,-183.67335603451903,-9.190162398015369
4139.765672719132,0.00014427740812125587,-0.007223139405720234,-6.056858761393429,-183.19950668362148,-9.080168486824233
4141.437347328362,0.00014303865717946073,-0.006982978517892077,-6.068732466703622,-181.56826432808865,-8.714780654045715
4143.109021937593,0.0001417180560891359,-0.006744956831968001,-6.080206489180253,-179.9328652349226,-8.368459431544586
4143.595469968971,0.00014131845326963792,-0.006676115289009379,-6.083470804119568,-179.45624472560272,-8.271176593871706
4144.08191800035,0.00014091193286320446,-0.00660746981265216,-6.086701687251358,-178.97930995850842,-8.175442122643473
4145.75359260958,0.00013946226909983822,-0.006373111192727116,-6.09755099397049,-177.33805224226685,-7.858048391381827
4147.42526721881,0.00013793075204340626,-0.006141244354943056,-6.1080106120597035,-175.6935038395884,-7.558158481765368
4147.9117152501885,0.0001374696627749288,-0.006074260066679822,-6.110981702771541,-175.21437528153606,-7.474093224967252
4148.398163281568,0.00013700158806122177,-0.006007501804760218,-6.113920272493261,-174.7349996639919,-7.39144415603255
4150.069837890797,0.000135339618312907,-0.005779857260270717,-6.123772190192486,-173.0858468304823,-7.1180108723909745
4151.741512500028,0.00013359434561994283,-0.005555060616119501,-6.133245940668096,-171.4341268955335,-6.8605251582884135
4152.227960531406,0.00013307073560980272,-0.005490200954425414,-6.1359323989074,-170.95303987702974,-6.788507802379717
4152.714408562785,0.0001325399983422882,-0.00542559777039916,-6.138587377238001,-170.47176156789416,-6.717775714096698
4154.386083172015,0.00013066154464688972,-0.0052055922719868,-6.147472875135523,-168.81647784481368,-6.484299428001182
4156.0577577812455,0.00012869816904373496,-0.00498879791782013,-6.1559932794216055,-167.15922315780986,-6.265237332086516
4156.544205812624,0.0001281108171710494,-0.004926335496624331,-6.158404862011242,-166.67663087272524,-6.204114703924056
4157.030653844003,0.00012751624435129572,-0.004864160554976112,-6.160786138467207,-166.19389291251323,-6.1441489887987935
4158.702328453232,0.00012541780055357575,-0.004652736957309795,-6.168740217821906,-164.5339254014022,-5.946697194194642
4160.374003062463,0.00012323402440062443,-0.004444892598824811,-6.176343857378218,-162.87247067615954,-5.76216366437883
4160.860451093841,0.00012258256334404975,-0.00438510381663081,-6.1784915073019215,-162.38874123985963,-5.710810125779122
4161.34689912522,0.00012192393868870456,-0.00432563363019857,-6.180610159165564,-161.90490285550771,-5.660488878771078
4163.01857373445,0.00011960611044872897,-0.0041237421929976965,-6.1876719132101305,-160.2414202491178,-5.4952363945450005
4164.690248343681,0.00011720492665938609,-0.0039257950820918526,-6.194399467280361,-158.57683655645474,-5.341456720669617
4165.176696375059,0.00011649073163779593,-0.003868954446522961,-6.196295319161108,-158.0922641145873,-5.298784013895362
4165.663144406438,0.00011576967487859181,-0.0038124627741938128,-6.1981636141201975,-157.6076117910853,-5.257023750042253
4167.334819015668,0.00011323999207351835,-0.003621037068158816,-6.2043762123966,-155.94154209875472,-5.120285155734079
4169.006493624898,0.00011063218440696644,-0.003433905468312105,-6.210272398354805,-154.27467401571658,-4.993635933399928
4169.492941656277,0.00010985904440677658,-0.0033802765334418105,-6.211929751768425,-153.7894894317427,-4.958601917529499
4169.979389687656,0.00010907964033972053,-0.003327025002881227,-6.213561116780041,-153.30424754041118,-4.924366184431495
4171.651064296886,0.00010635450747817086,-0.0031469474717795275,-6.218971661816831,-151.6363141270196,-4.812624476065134
4173.322738906117,0.00010356022000373858,-0.00297148327809449,-6.22408503181669,-149.9678149587637,-4.7096607949740275
4173.809186937495,0.00010273471286142737,-0.0029213073058116787,-6.225518280137016,-149.48219589752253,-4.681277080059519
4174.295634968874,0.00010190386428816188,-0.0028715338992712767,-6.226927224756386,-148.99653670153194,-4.653583965494134
4175.967309578104,9.900947614283259e-05,-0.002703595176916406,-6.231586445019105,-147.327292048027,-4.563515384263376
4177.638984187334,9.605868399807466e-05,-0.0025405420743001895,-6.235969009966985,-145.6576565684508,-4.4809941262910575
4178.125432218712,9.519023275852331e-05,-0.002494025747585554,-6.237193517709791,-145.17173682174592,-4.458332560564627
4178.611880250091,9.431766365055903e-05,-0.0024479325021966045,-6.238395505502719,-144.68578970818172,-4.436261045894873
4180.283554859321,9.128972267569419e-05,-0.0022927893050961913,-6.242357267812245,-143.0156464013226,-4.364755878469847
4181.955229468552,8.822144181561318e-05,-0.002142741557622633,-6.246063940145262,-141.34524066105834,-4.299654884274289
4182.44167749993,8.732197945083805e-05,-0.002100045278651584,-6.247095867953844,-140.8591185918905,-4.281852818424175
4182.928125531309,8.641986747249764e-05,-0.002057786756364873,-6.2481071358862055,-140.37297841069545,-4.264547899835333
4184.599800140539,8.33019386316601e-05,-0.0019159238757254528,-6.25142778282287,-138.70223697980046,-4.208726971451118
4186.271474749769,8.016201729853969e-05,-0.0017792915397081169,-6.254515653068291,-137.03132484620156,-4.158259790917004
4186.7579227811475,7.92452436586773e-05,-0.00174052004716946,-6.255371736539817,-136.54507086320373,-4.144524037561556
4187.2443708125265,7.83274197315515e-05,-0.0017021943222265544,-6.256209069377291,-136.05880528877745,-4.1312005344080225
4188.916045421756,7.516786869815334e-05,-0.0015738968476070303,-6.258946612487944,-134.38767863309064,-4.088427131488634
4190.587720030987,7.200554343595939e-05,-0.0014508834330305225,-6.261474100582345,-132.71644485845894,-4.050053129076157
4191.074168062365,7.108587002296968e-05,-0.0014160804147829596,-6.2621713967423105,-132.23010787140257,-4.039662559593896
4191.560616093744,7.016676719964171e-05,-0.0013817241881714298,-6.262851871036552,-131.74376374234657,-4.029607556587845
4193.232290702974,6.701515227763558e-05,-0.0012670646625973336,-6.265065095511282,-130.07239803188745,-3.9974946368678035
4194.9039653122045,6.387961878947195e-05,-0.001157660170204108,-6.267091038921167,-128.40096778872808,-3.9689243814423762
4195.390413343583,6.297123692203893e-05,-0.0011268072990464905,-6.267646659172173,-127.9145806378718,-3.96123115463273
4195.876861374962,6.206497362802147e-05,-0.0010963953785052794,-6.268187375821263,-127.42818927237802,-3.9538050791147903
4197.548535984191,5.896916019092515e-05,-0.000995235230487898,-6.2699349217004405,-125.75668134982362,-3.9302178273014485
4199.220210593422,5.590705781395799e-05,-0.0008992220982265892,-6.271517662796484,-124.0851363155296,-3.9094139048855876
4199.7066586248,5.5023268560026605e-05,-0.0008722415215227588,-6.271948509590144,-123.59872020887602,-3.9038433822992977
4200.193106656179,5.414301971120336e-05,-0.0008456896281966119,-6.272366331764441,-123.11230173422236,-3.898479777473402
4201.864781265409,5.114720781723653e-05,-0.0007576910315409595,-6.27370580525471,-121.44071318282236,-3.8815337592678647
4203.53645587464,4.8200950955042846e-05,-0.0006746590376182932,-6.2749023249971385,-119.76910438673822,-3.866707321563446
4204.022903906019,4.735373879406833e-05,-0.0006514182127808029,-6.27522484467287,-119.2826724156284,-3.86275677040496
4204.509351937398,4.6511319019558765e-05,-0.0006285880235853658,-6.275536153029288,-118.79623918579571,-3.8589608694679733
4206.181026546627,4.365479439486685e-05,-0.0005532326377760222,-6.2765233049814375,-117.12460734354654,-3.8470161719809473
4207.852701155858,4.086155046757125e-05,-0.0004825995392848705,-6.277388434312359,-115.45296509276872,-3.836619645079151
4208.339149187236,4.00613178246592e-05,-0.00046291754163489413,-6.277618394254619,-114.9665249239168,-3.8338558578656494
4208.825597218615,3.9266944948657936e-05,-0.0004436231209785665,-6.277838867173158,-114.48008412590556,-3.831202090512204
4210.497271827845,3.658335614115931e-05,-0.00038023501695628385,-6.278526862297429,-112.80843040866016,-3.8228539158501857
4212.168946437076,3.397447465876792e-05,-0.00032127055703585816,-6.279112590584439,-111.13677167749614,-3.8155703548523636
4212.655394468454,3.322990666617145e-05,-0.0003049252324474347,-6.279264885611464,-110.65032753687241,-3.813626329941713
4213.141842499833,3.249206331202434e-05,-0.00028894025313695883,-6.279409309068135,-110.16388310243047,-3.811754906444382
4214.813517109063,3.000903321505189e-05,-0.00023671116971630933,-6.279848099651515,-108.492219045094,-3.805821124022367
4216.485191718293,2.7609736897130805e-05,-0.0001885629168465354,-6.280202991112679,-106.82055274606594,-3.800550726856252
4216.971639749671,2.692771606235123e-05,-0.00017529849123664294,-6.280291481821202,-106.33410681716285,-3.799121560196186
4217.45808778105,2.62530812306096e-05,-0.00016236388282272964,-6.280373591439091,-105.8476607626879,-3.797734283791926
4219.12976239028,2.3991968529766825e-05,-0.00012037977132078946,-6.280609403088042,-104.17599220049085,-3.7932404612909885
4220.801436999511,2.1821127894714682e-05,-8.210005174930352e-05,-6.280778127232767,-102.5043227559723,-3.7890847637439626
4221.287885030889,2.1206674440166784e-05,-7.163503795569287e-05,-6.280815511847831,-102.0178761132829,-3.78792290397564
4221.774333062268,2.060005080782596e-05,-6.146692556022155e-05,-6.280847868599473,-101.53142942808171,-3.7867783638051913
4223.446007671498,1.8575716921406807e-05,-2.8735486656429058e-05,-6.2809228026983694,-99.8597592246901,-3.7829408006365286
4225.117682280728,1.6645630093583443e-05,6.906998962568337e-07,-6.280945783135139,-98.18808883400781,-3.7791850778750975
4225.6041303121065,1.6101837833639798e-05,8.655310724323839e-06,-6.280943504112024,-97.70164202394608,-3.7780950979761343
4226.0905783434855,1.5566105948218484e-05,1.6357390011103175e-05,-6.280937404905547,-97.21519521778652,-3.777003395944825
4227.762252952715,1.3786794336509829e-05,4.08783075675593e-05,-6.280889161960724,-95.54352491068488,-3.7732106880688474
4229.433927561946,1.2103181972207294e-05,6.250478408181918e-05,-6.280802347302422,-93.87185486496308,-3.7693050943125916
4229.920375593324,1.1631249585056711e-05,6.827723600713434e-05,-6.280770533620286,-93.38540823305664,-3.7681381350277614
4230.406823624703,1.116739773057765e-05,7.38220620949503e-05,-6.280735957607863,-92.89896164013646,-3.7669553019956483
4232.078498233933,9.634949781317797e-06,9.119623400505764e-05,-6.28059768332994,-91.22729232347172,-3.7627489730941877
4233.750172843163,8.197301361795527e-06,0.00010608788857183493,-6.280432440070578,-89.55562366668464,-3.758288953771638
4234.236620874542,7.796649193808177e-06,0.0001099777030974308,-6.28037988473719,-89.0691775136828,-3.75693699379213
4234.723068905921,7.403912256942934e-06,0.00011367447639276857,-6.280325474664867,-88.58273143375285,-3.7555592496319345
4236.39474351515,6.1142863732341035e-06,0.0001249607020417804,-6.280125724848913,-86.91106414132311,-3.750613975292193
4238.066418124381,4.916465848414602e-06,0.00013416782718931325,-6.2799088459258625,-85.23939791732418,-3.745320468751786
4238.55286615576,4.584932484142238e-06,0.00013647853348366498,-6.279843016448801,-84.75295254968135,-3.7437105697911437
4239.039314187139,4.260981108580217e-06,0.0001386296979774889,-6.279776092634717,-84.26650728986354,-3.742068574284796
4240.710988796369,3.204961990748283e-06,0.00014485788925585144,-6.279538907346233,-82.59484308201732,-3.736172494124237
4242.3826634055995,2.2359632400848193e-06,0.00014939349505721324,-6.279292725274607,-80.92318034919077,-3.729872400188771
4242.869111436978,1.970025442635107e-06,0.00015041626923303653,-6.279219803605089,-80.43673607271933,-3.727961062165816
4243.355559468357,1.7112013945273578e-06,0.00015131126171563248,-6.279146406947747,-79.95029193702989,-3.726014290221872
4245.027234077586,8.752002185857904e-07,0.00015346182226964473,-6.27889148095472,-78.27863183968205,-3.719049852711309
4246.698908686817,1.199592495581661e-07,0.00015428236327821583,-6.278634071604166,-76.60697358160101,-3.7116571901626836
4247.185356718195,-8.502466060695601e-08,0.00015429067606385086,-6.278559019375136,-76.12053067208943,-3.7094249348600274
4247.671804749574,-2.834783388585191e-07,0.0001542006883066752,-6.278483979167485,-75.63408793091604,-3.7071562923883215
4249.343479358804,-9.166162665755898e-07,0.00015318738992482593,-6.278226913840618,-73.96243282612647,-3.6990820162749074
4251.015153968035,-1.476429817619819e-06,0.00015117697819443208,-6.277972375843459,-72.29077984108179,-3.690580128276702
4251.501601999413,-1.6260005780894877e-06,0.00015042224820489318,-6.277899020522273,-71.80433851307158,-3.688026411215132
4251.988050030792,-1.7697093735146974e-06,0.0001495959892502554,-6.277826042694837,-71.31789737254822,-3.6854371892828737
4253.6597246400215,-2.2199568938497605e-06,0.00014625222540240476,-6.277578664435245,-69.64624790014251,-3.676270660910736
4255.331399249252,-2.605225630110725e-06,0.00014221010589867864,-6.277337459572481,-67.97460071608255,-3.6666957629540398
4255.81784728063,-2.705615236153201e-06,0.0001409182765067904,-6.277268597342923,-67.48816110112293,-3.663834294632071
4256.304295312009,-2.800880924913546e-06,0.00013957864716333164,-6.277200368989726,-67.00172168277916,-3.6609395410311163
4257.975969921239,-3.0903626570818527e-06,0.00013464672860766572,-6.2769711002951825,-65.33007818198425,-3.6507419043486053
4259.64764453047,-3.32387130058746e-06,0.00012927767518605677,-6.276750441537287,-63.65843701650815,-3.640168208771218
4260.134092561848,-3.381821596906004e-06,0.00012764662259863587,-6.276687953141848,-63.17199915504352,-3.637022749240342
4260.620540593227,-3.4354278691716745e-06,0.0001259882153600326,-6.276626259601747,-62.68556148923473,-3.6338471196072883
4262.292215202457,-3.5877717720628404e-06,0.00012011147655640593,-6.276420530243253,-61.01392398788084,-3.622709258801235
4263.963889811687,-3.693552457297287e-06,0.00011401898759278533,-6.276224805211828,-59.34228875475578,-3.6112358551086245
4264.450337843065,-3.7161165844584743e-06,0.00011221674691418603,-6.276169781223099,-58.85585260109946,-3.6078365302178614
4264.9367858744445,-3.735143106008014e-06,0.00011040416554407679,-6.2761156321909,-58.36941663327576,-3.6044106653151697
4266.608460483674,-3.774815886997394e-06,0.00010412190620406846,-6.275936318367663,-56.69778487869701,-3.592441227154053
4268.280135092905,-3.777480574453415e-06,9.78042596285504e-05,-6.2757675360158185,-55.02615523167381,-3.5801808448589822
4268.766583124284,-3.7718350336473783e-06,9.596808676810124e-05,-6.275720407964542,-54.53972066888711,-3.5765610172003184
4269.253031155663,-3.763456429993574e-06,9.413510269516768e-05,-6.27567416905234,-54.05328627532907,-3.572918477647493
4270.924705764893,-3.7150958519634484e-06,8.788040978432117e-05,-6.2755220481685035,-52.381659794222244,-3.56023382772341
4272.596380374123,-3.639170609964799e-06,8.17295995982893e-05,-6.275380296266933,-50.710035194148574,-3.547303555165935
4273.0828284055015,-3.612415563665308e-06,7.996587067523209e-05,-6.275340970009569,-50.223602054612584,-3.543497267190845
4273.5692764368805,-3.5837150679973442e-06,7.821541624671786e-05,-6.275302496140727,-49.737169063380726,-3.539672041356391
4275.24095104611,-3.4714694831831595e-06,7.231585459932337e-05,-6.275176704780654,-48.065547235917236,-3.5263881947884395
4276.912625655341,-3.3407379426021386e-06,6.661938229750228e-05,-6.275060605818337,-46.39392702664348,-3.5129021737417316
4277.399073686719,-3.2997134764229474e-06,6.50043207660369e-05,-6.275028593547991,-45.907495114204735,-3.508942164921437
4277.885521718098,-3.2574864282461614e-06,6.340930886763392e-05,-6.274997360592233,-45.42106332724163,-3.504966750099952
4279.557196327328,-3.1043644983277493e-06,5.809044046940672e-05,-6.274895843394343,-43.74944546205084,-3.491193263828528
4281.228870936558,-2.9412209956312305e-06,5.3035918517919265e-05,-6.274802996663078,-42.0778289428186,-3.4772573265104483
4281.715318967937,-2.8923128989357036e-06,5.161713758400939e-05,-6.274777544018396,-41.59139805316116,-3.4731736109911884
4282.201766999316,-2.842885827651781e-06,5.0222095350603316e-05,-6.274752775128412,-41.104967266308755,-3.469077652593376
4283.873441608545,-2.670113588494204e-06,4.561378765747971e-05,-6.27467271243833,-39.433352666113706,-3.4549134136883466
4285.545116217776,-2.494921351194149e-06,4.1296321654460214e-05,-6.274600110242874,-37.7617391516622,-3.44062157639625
4286.031564249154,-2.4438809478152388e-06,4.009517388112351e-05,-6.274580315015966,-37.27530908863879,-3.436440552407057
4286.518012280533,-2.3929182438353653e-06,3.891868322955872e-05,-6.274561098170201,-36.78887910742959,-3.432250010718506
4288.189686889763,-2.219296457316905e-06,3.506418880225248e-05,-6.274499300484324,-35.1172671189497,-3.4177808031426262
4289.861361498994,-2.049742520902469e-06,3.1496533446211775e-05,-6.2744437065081105,-33.445655982428555,-3.403213478935136
4290.347809530372,-2.001491716991943e-06,3.051126884215731e-05,-6.274428625468782,-32.959226569191834,-3.398957526158841
4290.834257561751,-1.9538134187057856e-06,2.9549216393182274e-05,-6.274414018736619,-32.472797219372026,-3.3946943251831287
4292.5059321709805,-1.7950653834674918e-06,2.641704308185203e-05,-6.274367275948142,-30.80118726478243,-3.3799920057875488
4294.177606780211,-1.6455017337546153e-06,2.3542568178252693e-05,-6.274325553740314,-29.129577962024644,-3.3652157469210637
4294.664054811589,-1.6039463591520678e-06,2.27523146677649e-05,-6.27431429406191,-28.64314904675934,-3.3609032529647442
4295.150502842968,-1.5633276084138632e-06,2.1981966498337382e-05,-6.27430341506938,-28.156720179438828,-3.356585350774563
4296.822177452198,-1.4314262241708493e-06,1.9480603268458388e-05,-6.274268788349116,-26.485111769701845,-3.3417084132679866
4298.493852061429,-1.31218573595151e-06,1.71891537843343e-05,-6.274238167640509,-24.813503846122533,-3.326776941693281
4298.980300092807,-1.2800075825624201e-06,1.6558748112076702e-05,-6.274229959322411,-24.32707530290711,-3.322422683457678
4299.466748124186,-1.2489826820840177e-06,1.5943678997438664e-05,-6.274222055299442,-23.84064679493173,-3.3180644880951653
4301.138422733416,-1.1514453549917088e-06,1.3939291699368976e-05,-6.274197099056777,-22.169039527510602,-3.3030597404708373
4302.810097342646,-1.0681213372454466e-06,1.208607506027821e-05,-6.274175367143383,-20.497432610774975,-3.2880159707197354
4303.296545374025,-1.046571976331074e-06,1.1571786384959437e-05,-6.274169612673256,-20.011004336589906,-3.2836317606060392
4303.782993405404,-1.0262135900357236e-06,1.1067707333023556e-05,-6.274164107304665,-19.52457608719539,-3.279244799636654
4305.454668014634,-9.653543939507517e-07,9.404966510858722e-06,-6.274147008076325,-17.85296963207751,-3.264149825150216
4307.126342623865,-9.180336713302207e-07,7.832646500358165e-06,-6.2741326128325055,-16.181363414847272,-3.249028527483952
4307.612790655243,-9.067009340111631e-07,7.388847989531793e-06,-6.274128910120256,-15.694935324044495,-3.244624017728013
4308.099238686622,-8.963979859480555e-07,6.950388721920244e-06,-6.274125423205241,-15.208507249131634,-3.240217752799748
4309.770913295852,-8.68528047008443e-07,5.47663411829829e-06,-6.2741150415255635,-13.536901327930885,-3.22506376618256
4311.442587905082,-8.509693105111945e-07,4.04085049630571e-06,-6.274107091746469,-11.865295545685253,-3.2098944580783786
4311.92903593646,-8.47540497409662e-07,3.62770521644707e-06,-6.274105226098504,-11.37886756340913,-3.205477978825449
4312.4154839678395,-8.447462394931258e-07,3.2162189808903892e-06,-6.274103561754857,-10.892439588946555,-3.201060638779064
4314.087158577069,-8.393153711484537e-07,1.8092000615677536e-06,-6.274099362099907,-9.220833952370866,-3.1858752871585225
4315.7588331863,-8.380666429303545e-07,4.0776419823205736e-07,-6.274097509856227,-7.5492283617489635,-3.1706848773440828
4316.245281217678,-8.380604784315329e-07,0.0,-6.274097410453422,-7.062800417922239,-3.1662641651684287
