sLap,u,Kt,aTheta,xi,yi
0.0,7.024379378069337e-13,-0.0002087167806034997,0.0005189447071628344,-5.286124161351684,0.0054921590524424175
0.6488518460528477,1.902991235660847e-13,-0.00020871674894953527,0.00038351857244585754,-4.637272381850957,0.005784941765757288
2.87862581209143,4.4012870781816043e-10,-0.0002087164989265755,-8.1872772725156e-05,-2.4074984612963495,0.006121242121453462
5.108399778130012,2.1764297415184312e-09,-0.00020871382264258927,-0.0005472608553946477,-0.17772462570055303,0.005419828649925266
5.75725162418286,3.0401593527079753e-09,-0.00020871217348127367,-0.0006826848151106108,0.47112709716097234,0.005020802145090555
6.406103470235708,4.077720541447433e-09,-0.00020870986124610645,-0.000818107134097378,1.1199787600393796,0.004533907654591527
8.63587743627429,9.197926713204543e-09,-0.00020869555420215748,-0.0012834696703822206,3.3497514749328445,0.002190878567741664
10.865651402312873,1.6975634714997046e-08,-0.00020866686744158813,-0.0017487842734340547,5.579522858123682,-0.0011897494551171965
11.51450324836572,1.978486379042677e-08,-0.00020865496872867381,-0.0018841746369321493,6.228373633200338,-0.0023683765696222263
12.163355094418568,2.28414158943898e-08,-0.00020864115218438578,-0.002019556137501537,6.877224242782119,-0.003634844787549747
14.39312906045715,3.533031963632627e-08,-0.00020857687383184489,-0.0024847129010419034,9.106992533793722,-0.008656624543093518
16.622903026495734,5.092209312545115e-08,-0.00020848128869778456,-0.0029496914348619966,11.336758248263791,-0.014715396795859804
17.27175487254858,5.604722506087311e-08,-0.00020844660096581673,-0.003084954115617867,11.985607140151215,-0.016673193345269004
17.920606718601427,6.143342223439464e-08,-0.00020840850722452108,-0.0032201926368193184,12.6344557613678,-0.0187187398014491
20.150380684640012,8.1916983738453e-08,-0.00020824923608348062,-0.0036847280294055487,14.86421641817933,-0.0264170067507194
22.38015465067859,1.0535166368301384e-07,-0.00020804100106673186,-0.004148853694160277,17.093973260220732,-0.03515061875943952
23.02900649673144,1.1270527315020364e-07,-0.00020797026474163048,-0.004283819063474058,17.74281933825722,-0.037886395255252815
23.677858342784287,1.2028688312152805e-07,-0.00020789469919637923,-0.004418736482592755,18.391665041327716,-0.04070971763499388
25.90763230882287,1.480319163351033e-07,-0.00020759600402320597,-0.00488197365627866,20.62141487641469,-0.05107905797449168
28.137406274861455,1.7819852400627894e-07,-0.00020723274391544488,-0.005344472824638506,22.851159673259673,-0.062480477377213246
28.7862581209143,1.8739451694933683e-07,-0.0002071141350804682,-0.005478898240206494,23.500002017502165,-0.06599185246577012
29.435109966967147,1.9676686725292128e-07,-0.0002069895248167245,-0.005613244376994733,24.148843884186018,-0.06959040993116727
31.664883933005733,2.3021326592525912e-07,-0.00020651380430109284,-0.006074268063880194,26.37857975637669,-0.08262080408460071
33.89465789904431,2.6534993560017685e-07,-0.00020596162141530512,-0.006534145754643608,28.608309392737365,-0.09667788022301695
34.54350974509716,2.758491332388144e-07,-0.00020578603623812384,-0.006667727894017145,29.25714710220119,-0.10096089234506923
35.19236159115001,2.8645628286190097e-07,-0.00020560362846601564,-0.0068011936573356855,29.90598423425157,-0.1053305252802311
37.42213555718859,3.2363787011149363e-07,-0.00020492360812036605,-0.007258900719535731,32.13570307928803,-0.12100611135726985
39.651909523227175,3.6171112038535675e-07,-0.00020415968713595207,-0.00771499795034264,34.365414529925026,-0.1377004590754146
40.300761369280025,3.7291271202462347e-07,-0.00020392134560466747,-0.007847390492732417,35.01424673237574,-0.14274926643798036
40.949613215332874,3.8415816182842604e-07,-0.00020367574567834403,-0.007979625939911368,35.66307826145152,-0.14788390787871114
43.17938718137145,4.230193404341487e-07,-0.0002027758568284292,-0.008432789667369628,37.89277712681233,-0.16618208169163617
45.40916114741004,4.6200343917807075e-07,-0.00020178917929210757,-0.008883850086521266,40.122467492173854,-0.18548832736590865
46.05801299346288,4.733308357406726e-07,-0.00020148572024151272,-0.009014683328162462,40.771293354583406,-0.19129501671420432
46.70686483951573,4.846378311114746e-07,-0.0002011749391128652,-0.009145317332891393,41.420118452723536,-0.19718651376552693
48.93663880555431,5.232578213029301e-07,-0.00020005114697305867,-0.009592654960557133,43.64979453359539,-0.21807741267752095
51.166412771592896,5.613267420698387e-07,-0.00019884185536468257,-0.01003739146352172,45.87946107541874,-0.2399628276461171
51.81526461764574,5.722663578242757e-07,-0.00019847407459032182,-0.010166291385116544,46.528279814193176,-0.24651733540184095
52.46411646369859,5.831367639324443e-07,-0.00019809923507480064,-0.010294950529998216,47.177097703968116,-0.25315538262562526
54.693890429737166,6.198746483555167e-07,-0.0001967578103260136,-0.010735186505163218,49.40674837740373,-0.2766017488833849
56.92366439577575,6.555201271445979e-07,-0.00019533568630779406,-0.011172341435780934,51.63638855147784,-0.3010262504608895
57.5725162418286,6.656622628301054e-07,-0.00019490704727931766,-0.011298946550964412,52.28519944167839,-0.3083163878978369
58.22136808788145,6.756927816642517e-07,-0.00019447187607903475,-0.011425271656852858,52.93400940525835,-0.3156885632784598
60.45114205392003,7.09267079024828e-07,-0.0001929275264451675,-0.011857191810992736,55.16363226006145,-0.34164594723732755
62.680916019958616,7.413564912709489e-07,-0.00019130996919620283,-0.012285586796307417,57.393243743947075,-0.368562417912545
63.329767866011466,7.503970866954578e-07,-0.00019082599291918813,-0.01240956178964572,58.042046126915345,-0.3765739844374007
63.978619712064315,7.593019972905817e-07,-0.0001903362023794274,-0.012533221158598375,58.69084751349002,-0.38466587136648117
66.2083936781029,7.888182929541005e-07,-0.00018860990195852304,-0.012955715108740119,60.92044037407226,-0.4130831135791207
68.43816764414147,8.166056537527554e-07,-0.00018681971443694948,-0.01337428857224884,63.15002108832191,-0.44243797220403486
69.08701949019432,8.24357941104636e-07,-0.00018628733249674237,-0.013495334283446134,63.798814377341465,-0.4511549367412982
69.73587133624717,8.319569343668262e-07,-0.00018574997367016668,-0.013616033265750883,64.44760660854882,-0.459950311744996
71.96564530228575,8.568963571050845e-07,-0.0001838667517860643,-0.014028124094129873,66.67716755177626,-0.49077023265491754
74.19541926832433,8.799988230052683e-07,-0.00018192996862567904,-0.014435956048609689,68.9067156739648,-0.5225041848615378
74.84427111437718,8.863731783754082e-07,-0.0001813569022815813,-0.014553815781648308,69.55549935781285,-0.5319089140630345
75.49312296043003,8.925929875900297e-07,-0.00018077974989996715,-0.014671302685791457,70.204281931054,-0.541389978986863
77.72289692646861,9.127731567972973e-07,-0.00017876663079420012,-0.015072164247613191,72.43380929583542,-0.5745502034342482
79.95267089250719,9.311241263933926e-07,-0.00017671055382334014,-0.015468489115697728,74.6633232674109,-0.6085990997128219
80.60152273856005,9.361244692005654e-07,-0.00017610476286499723,-0.0155829515573494,75.31209691184803,-0.6186726125241089
81.2503745846129,9.409721403981473e-07,-0.00017549577392555479,-0.01569702021517753,75.9608694015558,-0.6288202508970566
83.48014855065148,9.564907698332076e-07,-0.00017337999572196322,-0.01608598334075325,78.19036179154641,-0.6642540994758264
85.70992251669006,9.702791563769869e-07,-0.00017123154350774555,-0.01647019233134354,80.41984031807401,-0.7005498360714285
86.3587743627429,9.739733323137143e-07,-0.0001706007718945522,-0.01658109156584804,81.06860356547304,-0.7112720664555975
87.00762620879576,9.775289895552066e-07,-0.0001699676431635404,-0.01669158105680771,81.71736562254911,-0.7220661061520419
89.23740017483433,9.886987276360822e-07,-0.0001677752304696304,-0.017068130493683893,83.94682190280678,-0.7597034945716862
91.46717414087291,9.983023534588776e-07,-0.00016555965782271055,-0.017439765525082227,86.17626394857577,-0.7981749026329363
92.11602598692576,1.000813935861649e-06,-0.00016491108912302532,-0.01754697874572332,86.82501651599264,-0.8095249554237843
92.76487783297861,1.0031999322811927e-06,-0.00016426092517287375,-0.01765377088901482,87.47376786572502,-0.8209444229848256
94.99465179901719,1.010481380351695e-06,-0.00016201564500443533,-0.018017535124689555,89.70318715444496,-0.8607127221963267
97.22442576505577,1.0164007978017838e-06,-0.0001597556473628633,-0.018376276484779016,91.93259193263076,-0.9012864027668402
97.87327761110862,1.0178787738077177e-06,-0.00015909567176395584,-0.018479720044346976,92.58133360867365,-0.9132427912338894
98.52212945716147,1.0192521534114519e-06,-0.0001584347642100126,-0.018582735301882515,93.23007404749309,-0.9252661468452895
100.75190342320005,1.0231903950731803e-06,-0.00015615745963064987,-0.018933471472589985,95.45945570406865,-0.9670909693055479
102.98167738923863,1.025987883479766e-06,-0.00015387264547351274,-0.019279121396503125,97.68882266370493,-1.009692044424659
103.63052923529148,1.026600760913404e-06,-0.00015320673153438642,-0.019378745822842432,98.33755330456475,-1.0222329018086271
104.27938108134433,1.027124985854109e-06,-0.00015254044183746345,-0.01947793823461776,98.98628269600243,-1.0348382475972095
106.5091550473829,1.0282934822391386e-06,-0.00015024871132446294,-0.019815514213324895,101.21562630663877,-1.0786441374988405
108.73892901342148,1.0285405313282519e-06,-0.00014795540263823933,-0.020147978391512174,103.44495511758632,-1.1231968998179143
109.38778085947435,1.0284504580716783e-06,-0.00014728806082583415,-0.020243762936274237,104.09367464256472,-1.1363001605514578
110.0366327055272,1.0282925096929606e-06,-0.0001466207931430817,-0.02033911464777426,104.74239291274185,-1.1494654182795747
112.26640667156578,1.027246877723368e-06,-0.00014432896543148236,-0.020663490164135875,106.9716982747174,-1.1951764349857985
114.49618063760435,1.025482219587739e-06,-0.00014204027087573971,-0.02098275891584618,109.20098881165359,-1.2416048891407545
115.1450324836572,1.0248449204316626e-06,-0.00014137509196355825,-0.021074706117578647,109.84969719847102,-1.255248438501359
115.79388432971005,1.024152955491518e-06,-0.00014071033880910978,-0.0211662219693441,110.49840433139666,-1.2689514957142731
118.02365829574863,1.021396013200055e-06,-0.0001384296818286334,-0.021477430289851725,112.72767143686593,-1.3164916894038472
120.25343226178721,1.0180951835628301e-06,-0.0001361557785792263,-0.021783560790445657,114.95692376309788,-1.364719987400893
120.90228410784006,1.0170406270588432e-06,-0.00013549552791215726,-0.021871691428935296,115.60562104319851,-1.3788817808187874
121.55113595389291,1.0159476900579844e-06,-0.0001348359694897391,-0.021959393972900136,116.25431707608394,-1.393100606908117
123.78090991993149,1.0119061880150327e-06,-0.00013257506690826052,-0.02225752529873317,118.48354609607705,-1.4423943931809102
126.01068388597007,1.0074627294456248e-06,-0.00013032362409891996,-0.02255062586942707,120.71276044774133,-1.4923471729608464
126.65953573202293,1.006101821427127e-06,-0.0001296703721912604,-0.022634974576632473,121.36144670174072,-1.507005328054937
127.30838757807578,1.0047102329762035e-06,-0.00012901800989639404,-0.022718899771955986,122.01013172046899,-1.5217180634792433
129.53816154411436,9.997229340861285e-07,-0.00012678323863511598,-0.023004087126712078,124.23932298950571,-1.5726905092274213
131.76793551015294,9.944406367485817e-07,-0.00012455991681299284,-0.023284304211520376,126.46849976048406,-1.6242931502703777
132.4167873562058,9.928523826660094e-07,-0.000123915187477563,-0.02336491589354534,127.11717511383998,-1.6394260158912024
133.06563920225864,9.91243916787228e-07,-0.00012327149290368555,-0.023445109624274933,127.76584924866403,-1.6546110389292594
135.29541316829722,9.855600672997807e-07,-0.00012106753878873358,-0.023717517629389978,129.99500325018428,-1.7071880751349016
137.5251871343358,9.796551095922103e-07,-0.00011887650488407196,-0.023985025719571416,132.2241429778661,-1.760366887499346
138.17403898038864,9.77899238233346e-07,-0.00011824142378372129,-0.024061952840345253,132.87280759679774,-1.7759530946432696
138.8228908264415,9.76125336892618e-07,-0.00011760748637495366,-0.024138468294588048,133.52147101828703,-1.7915890705739939
141.05266479248007,9.699121211692565e-07,-0.00011543784195860199,-0.024398284886984575,135.75058837092942,-1.8456976489752621
143.28243875851865,9.635235375865268e-07,-0.00011328224712425917,-0.024653279326442047,137.97969172279969,-1.900380012699315
143.9312906045715,9.616327243395526e-07,-0.00011265767610349737,-0.024726580012058783,138.62834581044078,-1.9163985121785618
144.58014245062435,9.597296492689903e-07,-0.00011203433511560049,-0.024799475872235504,139.27699872565844,-1.932464429743141
146.80991641666293,9.530868499683955e-07,-0.0001099017329162271,-0.025046906722074918,141.5060801703006,-1.988032639743937
149.0396903827015,9.462934517125072e-07,-0.0001077841105586106,-0.025289599051880822,143.73514793123783,-2.0441471103323385
149.68854222875436,9.442899773384152e-07,-0.0001071707561318849,-0.025359335898701846,144.3837917239854,-2.0605772016219865
150.3373940748072,9.422729074455263e-07,-0.00010655870565966112,-0.02542867521858801,145.0324343728565,-2.077052401111837
152.5671680408458,9.352527395914944e-07,-0.00010446545107186576,-0.025663940366769944,147.26148076027326,-2.1340095611984697
154.79694200688436,9.280943498583554e-07,-0.00010238800397336224,-0.02589455565393175,149.4905138204063,-2.1914859543042136
155.44579385293721,9.259851320460611e-07,-0.00010178649182733296,-0.025960795066471136,150.13914758442144,-2.208307309140136
156.09464569899006,9.238660055886575e-07,-0.00010118635115711572,-0.026026644655905706,150.78778023624818,-2.225171505570976
158.32441966502864,9.164958620330826e-07,-9.913453166592877e-05,-0.02624997672020396,153.0167925152415,-2.2834482402074445
160.55419363106722,9.089965523962117e-07,-9.709928993455062e-05,-0.02646875217314635,155.24579185823194,-2.342217704976067
161.2030454771201,9.067913152179434e-07,-9.651020110420583e-05,-0.026531564021676987,155.89441588605663,-2.3594103881616744
161.85189732317295,9.045742553194631e-07,-9.592254651248835e-05,-0.0265939941262222,156.5430388361473,-2.3766436918553886
164.08167128921153,8.968799484174356e-07,-9.391410732748456e-05,-0.02680563732875504,158.7720180420483,-2.436172000766245
166.3114452552501,8.890707809824957e-07,-9.192295276421056e-05,-0.027012821436280542,161.00098473372742,-2.4961670870678687
166.96029710130296,8.867771473954067e-07,-9.134682125364617e-05,-0.027072278810820836,161.64959934100344,-2.5137115756887582
167.6091489473558,8.844762280634103e-07,-9.077217948623792e-05,-0.02713136286304442,162.29821290740338,-2.5312945113182868
169.83892291339438,8.76503145162122e-07,-8.880887010698575e-05,-0.02733157211590797,164.52716015093065,-2.5920078336809174
172.06869687943296,8.684418093104969e-07,-8.686343729248141e-05,-0.0275274235629797,166.7560953283134,-2.653162554069038
172.7175487254858,8.660820546782754e-07,-8.630071323490496e-05,-0.02758360241134205,167.4047008506168,-2.67103975504889
173.36640057153866,8.637151059771532e-07,-8.573952127767112e-05,-0.027639416644235946,168.05330537095816,-2.6889532789437487
175.59617453757724,8.555445938177549e-07,-8.382273267585079e-05,-0.027828455999437705,170.2822218275174,-2.75078655077699
177.82594850361582,8.47329186940842e-07,-8.192421252186878e-05,-0.028013241716571394,172.5111266883186,-2.813036433970776
178.47480034966867,8.449323084280426e-07,-8.13751995298604e-05,-0.02806622019075322,173.1597234781545,-2.8312276987726612
179.12365219572152,8.4253550960201e-07,-8.082773982959619e-05,-0.028118842943354174,173.80831930667327,-2.849453213178299
181.3534261617601,8.342936769744354e-07,-7.895826776351184e-05,-0.028296982871804217,176.03720620628644,-2.9123429126338545
183.58320012779868,8.260678106819212e-07,-7.710715532059371e-05,-0.028470974769015923,178.266081999163,-2.9756250421335837
184.23205197385153,8.236816560792612e-07,-7.657193536910693e-05,-0.028520832167457964,178.91467042319047,-2.9941121765686676
184.88090381990438,8.212984982763333e-07,-7.603826039878652e-05,-0.028570342779034884,179.56325792798287,-3.012631538752703
187.11067778594295,8.131545713621323e-07,-7.421604671787502e-05,-0.028737855994652325,181.79211654611478,-3.0765157116138417
189.34045175198153,8.051008999692098e-07,-7.241189152847223e-05,-0.028901326218820612,184.02096456192066,-3.1407687412580807
189.98930359803438,8.027779125138002e-07,-7.18902555524909e-05,-0.028948141502764726,184.6695449984955,-3.15953400796418
190.63815544408723,8.004673424615153e-07,-7.137012036940841e-05,-0.02899461878564146,185.3181245591017,-3.178329531722706
192.8679294101258,7.926189440443541e-07,-6.95940406358089e-05,-0.029151774677076976,187.54695620868546,-3.243147788732074
195.0977033761644,7.849396930988323e-07,-6.783527247636068e-05,-0.029304989612609564,189.77577777303756,-3.3083119271332744
195.74655522221724,7.827418880276397e-07,-6.732667834271231e-05,-0.029348839591550987,190.42435061015578,-3.327338038486352
196.3954070682701,7.805601895556723e-07,-6.681950270542126e-05,-0.02939235999106472,191.07292261555284,-3.3463924858785354
198.62518103430867,7.732091645826689e-07,-6.508727076227948e-05,-0.02953941814055445,193.3017286404818,-3.4120859650675857
200.85495500034725,7.661018471890492e-07,-6.337115823683824e-05,-0.029682631775683168,195.53052510786918,-3.478102923326524
201.5038068464001,7.640826204366701e-07,-6.287472887801415e-05,-0.029723589165622864,196.1790907415717,-3.4973730234319627
202.15265869245295,7.62088283290403e-07,-6.237959959794912e-05,-0.02976422481825124,196.8276555886319,-3.5166695855206545
204.38243265849152,7.55420167724873e-07,-6.0687806477931986e-05,-0.029901428368438204,199.05643735887574,-3.5831808764319373
206.6122066245301,7.490604169124023e-07,-5.9010537956556145e-05,-0.030034875795656172,201.28521010841632,-3.649993777726416
207.26105847058295,7.472716562681739e-07,-5.8525091742251945e-05,-0.03007300736630519,201.9337689416742,-3.6694914134039016
207.9099103166358,7.455098715446596e-07,-5.80407957837726e-05,-0.0301108242669045,202.58232703410383,-3.689013680051466
210.13968428267438,7.39681957554616e-07,-5.638504171030036e-05,-0.030238393803658566,204.811085942467,-3.756286711021508
212.36945824871296,7.342144249026719e-07,-5.474188078325661e-05,-0.03036228542302044,207.03983637528017,-3.8238399646150194
213.01831009476584,7.326928944045565e-07,-5.426598025572954e-05,-0.030397650378691597,207.688388817343,-3.843549046344895
213.6671619408187,7.31205042346982e-07,-5.379105483579004e-05,-0.03043270679302031,208.33694056508028,-3.863280966122989
215.89693590685727,7.263410282105963e-07,-5.216612982730738e-05,-0.030550835146328812,210.5656780255046,-3.9312608588778457
218.12670987289584,7.218759750487369e-07,-5.05516056745192e-05,-0.030665351879935233,212.79440756356843,-3.999500003591557
218.7755617189487,7.206540969741795e-07,-5.0083614158375985e-05,-0.030698000547795864,213.44295402973188,-4.019404758008886
219.42441356500154,7.194657345891016e-07,-4.961640378376555e-05,-0.0307303457373587,214.09149984875825,-4.03933058985491
221.65418753104012,7.156547221042723e-07,-4.801648553463796e-05,-0.030839193883707088,216.32021729599666,-4.107963487317313
223.8839614970787,7.122681496159681e-07,-4.6424591779306054e-05,-0.03094448352039943,218.54892738229506,-4.176835010700968
224.53281334313155,7.113627472285731e-07,-4.596273106722602e-05,-0.030974456370191545,219.19746829402786,-4.196919926494491
225.1816651891844,7.104953638110634e-07,-4.550144507608822e-05,-0.03100412964919571,219.8460086065311,-4.217024184986926
227.41143915522298,7.07793237357043e-07,-4.392029489588681e-05,-0.031103823754194633,222.07470749697347,-4.286257058798835
229.64121312126156,7.055287484758104e-07,-4.23446819304723e-05,-0.031199998425054006,224.3033995967047,-4.355708198547902
230.2900649673144,7.04953123440159e-07,-4.1887087415859064e-05,-0.031227325414631777,224.951935382067,-4.375957967665102
230.93891681336726,7.044132672850062e-07,-4.1429854739835116e-05,-0.03125435553113868,225.60047061688806,-4.396225363815182
233.16869077940584,7.028448582887701e-07,-3.98610026043103e-05,-0.03134498509100885,227.8291524303006,-4.466005808042791
235.39846474544441,7.017157606850459e-07,-3.829515788378035e-05,-0.03143211981815847,230.057828032905,-4.535984342018394
236.04731659149726,7.014687787915671e-07,-3.7839930151086275e-05,-0.031456820046184976,230.70635912718706,-4.556383798000465
236.6961684375501,7.012601115239058e-07,-3.7384850544087736e-05,-0.03148122486820785,231.35488972047912,-4.576799177372277
238.9259424035887,7.008208844915935e-07,-3.5821768554538466e-05,-0.03156284188196649,233.5835559624116,-4.647075194521814
241.15571636962727,7.00811451949656e-07,-3.42591867697083e-05,-0.03164097413386974,235.81221658417024,-4.717529225351198
241.80456821568012,7.008893143422438e-07,-3.3804440632522464e-05,-0.03166305578132233,236.46074343067949,-4.7380632805095715
242.45342006173297,7.010013211945678e-07,-3.33496335635516e-05,-0.03168484227020192,237.10926982670722,-4.7586115603688794
244.68319402777155,7.016577354551193e-07,-3.178590319101507e-05,-0.03175746138890713,239.33792203131975,-4.829331345473791
246.91296799381013,7.027228978890574e-07,-3.0220253455031548e-05,-0.031826591602464406,241.56656921827712,-4.900209085387643
247.56181983986298,7.031074035236385e-07,-2.9764166810429322e-05,-0.03184605215457868,242.2150922692012,-4.92086266845291
248.21067168591583,7.035266323755242e-07,-2.9307820478375954e-05,-0.031865216618805446,242.86361492120756,-4.941528775570856
250.4404456519544,7.0521468880091e-07,-2.7737302816101843e-05,-0.03192881626132072,245.0922546542663,-5.012640503915186
252.67021961799298,7.072778459205013e-07,-2.6162602974675887e-05,-0.031988909341782334,247.32088998522204,-5.083890065387089
253.31907146404586,7.079471419018565e-07,-2.570346852318792e-05,-0.032005736097973296,247.9694097024929,-5.104648061256745
253.9679233100987,7.086448314005198e-07,-2.524389210467515e-05,-0.03202226473696657,248.61792907355866,-5.125416872000453
256.1976972761373,7.112667339124029e-07,-2.3660911962446894e-05,-0.032076789220507815,250.84655793534,-5.196868496147027
258.4274712421759,7.142157313419886e-07,-2.2071720896390173e-05,-0.03212777709166101,253.07518302464388,-5.268437694138007
259.0763230882287,7.151314841191197e-07,-2.1608003861991734e-05,-0.03214194798906223,253.7236998807244,-5.289284887444647
259.72517493428154,7.160737707724406e-07,-2.1143686071745585e-05,-0.03215581775453783,254.37221644454073,-5.3101411718935765
261.9549489003202,7.19492963842794e-07,-1.954324018376544e-05,-0.03220118055003567,256.60083607236487,-5.381880234142367
264.18472286635875,7.23174664406487e-07,-1.793487760190487e-05,-0.03224296588673946,258.8294525722263,-5.453716406345711
264.8335747124116,7.242919560553671e-07,-1.7465282015738422e-05,-0.03225445067968566,259.47796705073387,-5.474637430764336
265.4824265584644,7.254266327524878e-07,-1.6994958469511167e-05,-0.032265630498553785,260.12648129220156,-5.49556580279878
267.71220052450303,7.294618501324195e-07,-1.5372955489778425e-05,-0.03230171877345498,262.35509336229086,-5.567539269992372
269.9419744905416,7.336760179216244e-07,-1.3741755377902682e-05,-0.032334180094576205,264.58370296428717,-5.639589122375194
270.59082633659443,7.349299948915932e-07,-1.3265300410246747e-05,-0.032342941944257644,265.2322155603594,-5.660568417869121
271.23967818264725,7.361962988248641e-07,-1.2788031095767729e-05,-0.03235139435816497,265.8807279759193,-5.68155329346549
273.4694521486859,7.406155143370111e-07,-1.1141566636403343e-05,-0.032378075001567766,268.1093342042454,-5.753707422099455
275.69922611472447,7.451090378235719e-07,-9.485165480346241e-06,-0.032401073323089245,270.33793863968054,-5.82591690813867
276.3480779607773,7.464248804064512e-07,-9.001271701405395e-06,-0.03240707085574233,270.9864498599796,-5.846938688671869
276.9969298068301,7.477403447111145e-07,-8.51652825922931e-06,-0.03241275413547204,271.6349609575691,-5.867964254969954
279.22670377286875,7.52255785895602e-07,-6.844192288785094e-06,-0.03242988146278109,273.86356309932245,-5.940244495710565
281.4564777389073,7.567184332903958e-07,-5.161846764251434e-06,-0.03244326869935919,276.09216413805854,-6.012558738855348
282.10532958496015,7.579987017352623e-07,-4.67043028601571e-06,-0.03244645858526825,276.74067450030293,-6.033606973422875
282.75418143101297,7.592697729250434e-07,-4.178190791688112e-06,-0.03244932937085016,277.389184798828,-6.05465717144971
284.9839553970516,7.635352755559621e-07,-2.4803976483179338e-06,-0.03245675466978987,279.61778464612024,-6.127008123214312
287.2137293630902,7.675983335810031e-07,-7.733191010851347e-07,-0.032460383921602845,281.84638409349026,-6.199371393063368
287.862581209143,7.687344417001985e-07,-2.7488933751578433e-07,-0.032460724009100245,282.49489412540015,-6.220429803146501
288.5114330551958,7.698448722792382e-07,2.2426390692227402e-07,-0.032460740506975234,283.1434041536061,-6.241488327324155
290.74120702123446,7.734569509749784e-07,1.9449403204739094e-06,-0.0324583235087291,285.37200353101315,-6.313853751808013
292.97098098727304,7.766960774165856e-07,3.673255053451169e-06,-0.03245206127514912,287.6006032224248,-6.38620950502546
293.61983283332586,7.775578731595358e-07,4.177500510839644e-06,-0.032449514282801524,288.24911345996685,-6.40726158169217
294.2686846793787,7.783817103676213e-07,4.6822869531804515e-06,-0.032446640018925436,288.89762375459924,-6.42831189935031
296.4984586454173,7.808856274423707e-07,6.420797934687904e-06,-0.032434262255460394,291.1262245121714,-6.50063480703496
298.7282326114559,7.828291816954201e-07,8.164267344086068e-06,-0.03241800247738238,293.35482630504856,-6.572925803887464
299.3770844575087,7.832794436890381e-07,8.672359405020679e-06,-0.03241254020376429,294.00333728988414,-6.593954847657502
300.02593630356154,7.836724708286235e-07,9.18071885488108e-06,-0.032406748286378115,294.6518483930414,-6.614980241641369
302.2557102696002,7.845744363859773e-07,1.0929277789505506e-05,-0.03238432812954109,296.88045239646857,-6.687203059639978
304.48548423563875,7.847182715888781e-07,1.2679002673784364e-05,-0.032358007781611436,299.10905815925145,-6.75937156597283
305.1343360816916,7.846058784921611e-07,1.3188139423414379e-05,-0.03234961573683015,299.7575704353123,-6.78036075217952
305.7831879277444,7.844223004067598e-07,1.3697173932956907e-05,-0.03234089352624913,300.40608289092063,-6.801344389220758
308.01296189378303,7.83208564072485e-07,1.5445082987670916e-05,-0.03230840250223429,302.63469200863886,-6.873409219575397
310.2427358598216,7.810379071021854e-07,1.718921882634423e-05,-0.03227201824282367,304.8633036066785,-6.945397301841788
310.89158770587443,7.802163819261003e-07,1.769573785852628e-05,-0.03226070054197876,305.51181771583435,-6.966329773490855
311.54043955192725,7.793042921902042e-07,1.820168859548671e-05,-0.03224905456003291,306.1603320652132,-6.9872548002353305
313.7702135179659,7.754674310478781e-07,1.993529605083036e-05,-0.032206534305438274,308.3889481523874,-7.059103774298725
315.99998748400446,7.704858823689399e-07,2.1659071975853338e-05,-0.032160159459117536,310.6175674307434,-7.130853691761107
316.6488393300573,7.688106676086351e-07,2.2158468359266633e-05,-0.03214594374935426,311.2660839075767,-7.15171268077157
317.2976911761101,7.670328779433092e-07,2.2656739439176245e-05,-0.03213140459242139,311.9146006841173,-7.172562348198746
319.52746514214874,7.601048905826302e-07,2.4359568320068616e-05,-0.032078983581714175,314.14322556363004,-7.24413807840735
321.7572391081873,7.518698927929496e-07,2.6045492186193117e-05,-0.03202278449468061,316.3718543269847,-7.315592771779471
322.4060909542402,7.492207628416217e-07,2.6532493256257463e-05,-0.032005726620196816,317.020373692753,-7.336361747982319
323.054942800293,7.464540273922839e-07,2.701773352743812e-05,-0.03198835357304863,317.66889341579764,-7.357119563398289
325.28471676633166,7.360450631380735e-07,2.867081777644491e-05,-0.03192626252361824,319.89752885660727,-7.428365688082203
327.51449073237023,7.242082736033322e-07,3.029910052412493e-05,-0.03186051312083672,322.12616884675845,-7.499469357733882
328.16334257842306,7.204896546336397e-07,3.076780646108771e-05,-0.03184070117145441,322.7746916026971,-7.520132203128354
328.8121944244759,7.166484702623311e-07,3.1234057876326256e-05,-0.03182058616188844,323.423214770781,-7.540782107001467
331.0419683905145,7.02489021777841e-07,3.281651275496557e-05,-0.031749170839051745,325.65186246427265,-7.61164391702851
333.2717423565531,6.868390456257731e-07,3.436573349410626e-05,-0.031674264051833725,327.88051533593466,-7.682342676643559
333.9205942026059,6.820041761427454e-07,3.480982881634571e-05,-0.03165182139934684,328.5290419561319,-7.7028838802420045
334.56944604865873,6.770415166319618e-07,3.525074594968825e-05,-0.031629091894749856,329.17756903982894,-7.723410442955618
336.79922001469737,6.590248538244966e-07,3.6740583877541616e-05,-0.03154882192698547,331.4062305750525,-7.793835571290184
339.02899398073595,6.395286348693433e-07,3.818859918182227e-05,-0.031465276584894536,333.63489787095773,-7.864078154942551
339.67784582678877,6.335796045934339e-07,3.8601634566116306e-05,-0.03144036349741316,334.28342879510893,-7.88448302120136
340.3266976728416,6.275102204093376e-07,3.901077394446978e-05,-0.03141518393418139,334.93196022979527,-7.904871652457247
342.5564716388802,6.057306392974806e-07,4.038595499699483e-05,-0.03132665624439768,337.1606370687298,-7.9748107996434285
344.7862456049188,5.825686519993568e-07,4.1711031279903094e-05,-0.031235118072859867,339.3893201952563,-8.044549292232942
345.4350974509716,5.75577663691082e-07,4.2086767478512014e-05,-0.031207931521792003,340.0378558216704,-8.064804153757708
346.08394929702445,5.684755286781484e-07,4.245793748644149e-05,-0.031180502888001227,340.68639200058385,-8.085041315072312
348.3137232630631,5.432568197923591e-07,4.369761492710926e-05,-0.031084438488409766,342.91508545477114,-8.154448975954498
350.54349722910166,5.168459716500341e-07,4.487973124670729e-05,-0.030985674062479405,345.14378565949454,-8.223639529637738
351.1923490751545,5.089490771327428e-07,4.5212527173923574e-05,-0.030956445411129328,345.7923263387652,-8.243731952819704
351.8412009212073,5.009640074981229e-07,4.554017941101493e-05,-0.030927002683534363,346.4408676067796,-8.263805361574947
354.07097488724594,4.7287133913488096e-07,4.662606490840216e-05,-0.030824235909414462,348.6695788167818,-8.332640512203247
356.3007488532845,4.4386837677103133e-07,4.7648295230304446e-05,-0.030719118824408906,350.898297169421,-8.401244005911126
356.94960069933734,4.3527644446933903e-07,4.7933510683739135e-05,-0.030688109222890142,351.5468431991932,-8.421162976719417
357.59845254539016,4.2662071522385873e-07,4.8213141795060184e-05,-0.030656916502657963,352.1953898477327,-8.44106178888824
359.8282265114288,3.96448075141817e-07,4.9130872712176524e-05,-0.03054837631276792,354.42411976686674,-8.509288488703435
362.0580004774674,3.657252271386665e-07,4.9980712042302045e-05,-0.03043786548181763,356.6528571450364,-8.577271085323261
362.7068523235202,3.567026926124467e-07,5.021508209562917e-05,-0.03040535900087859,357.30140876626604,-8.597007162028499
363.355704169573,3.4765216178297753e-07,5.04436015316809e-05,-0.030372702409101556,357.9499610297553,-8.616722120384285
365.58547813561165,3.1637652005297943e-07,5.1183944588760896e-05,-0.03025938619343186,360.17871041340203,-8.684309984836258
367.81525210165023,2.849602899943189e-07,5.185439329404255e-05,-0.030144497104390537,362.40746749436113,-8.751643542628937
368.46410394770305,2.758160336124079e-07,5.203631649556202e-05,-0.03011079193036572,363.0560248893917,-8.77118896321185
369.1129557937559,2.666761376645112e-07,5.2212320804637e-05,-0.03007697062321931,363.7045829435506,-8.790712498999396
371.3427297597945,2.3536997814922153e-07,5.2771994345442695e-05,-0.02995991206294754,365.9333523450005,-8.857637003315578
373.5725037258331,2.0433903176974187e-07,5.326216905832718e-05,-0.029841683040523558,368.16212960417715,-8.924299306284052
374.2213555718859,1.953826112457183e-07,5.3391840815454626e-05,-0.02980708142527565,368.81069289682017,-8.94364804117312
374.87020741793873,1.8646748954293374e-07,5.3515726518408915e-05,-0.02977239746509104,369.45925685897214,-8.962974320345237
377.09998138397737,1.5618441675783627e-07,5.3897622616893944e-05,-0.029652631309397492,371.6880466322348,-9.029216907835357
379.32975535001594,1.2655819022705927e-07,5.421272661740986e-05,-0.02953208807736639,373.91684434869677,-9.095191695293316
379.97860719606877,1.1808096602715488e-07,5.429208425505136e-05,-0.029496886066290043,374.5654136063147,-9.114339441110653
380.6274590421216,1.0967203341405749e-07,5.436597371068432e-05,-0.02946163418978986,375.2139835376857,-9.133464351465134
382.8572330081602,8.13545586042584e-08,5.457876474704915e-05,-0.02934016158933291,377.44279384699814,-9.199012339033567
385.0870069741988,5.401668705319879e-08,5.472950636222078e-05,-0.02921828369105483,379.67161211534284,-9.264289135066532
385.7358588202516,4.626082327926092e-08,5.476202953705822e-05,-0.029182761616007205,380.3201873527348,-9.28323325106403
386.38471066630444,3.86006021892322e-08,5.4789559285231964e-05,-0.029147219858022214,380.96876326252084,-9.302154332582374
388.6144846323431,1.302787927985558e-08,5.484689022378372e-05,-0.029024977267489538,383.197594097665,-9.367000625870766
390.84425859838166,-1.131252109983364e-08,5.4848573670898614e-05,-0.02890266888258644,385.42643284525303,-9.431574387297822
391.4931104444345,-1.8151193836737477e-08,5.483900509144773e-05,-0.02886708326168782,386.0750140300013,-9.450313780908601
392.1419622904873,-2.4878815331753452e-08,5.482504098155471e-05,-0.028831505035857363,386.72359588085493,-9.469030106124364
394.37173625652594,-4.7111223055457655e-08,5.474451752912758e-05,-0.02870933844278729,388.95244707700607,-9.533172750446596
396.6015102225645,-6.792987821302059e-08,5.4615997007088926e-05,-0.028587404910123206,391.18130608519107,-9.597043362864085
397.25036206861733,-7.37149979972757e-08,5.457003485078818e-05,-0.028551982057896712,391.8298931440669,-9.615578333476678
397.89921391467016,-7.93735992615887e-08,5.4520363718113346e-05,-0.0285165899651272,392.478480858598,-9.634090347170662
400.1289878807088,-9.785104765645332e-08,5.4322494108952056e-05,-0.02839523514088801,394.70735211930815,-9.697531947317039
402.35876184674737,-1.1479924377810601e-07,5.4085128909854194e-05,-0.028274365554271083,396.93623104726714,-9.760703603486348
403.0076136928002,-1.1943834352694435e-07,5.400912738388825e-05,-0.028239296953249712,397.5848238732971,-9.779035654528945
403.656465538853,-1.2394657970281238e-07,5.39301601013207e-05,-0.02820427834587246,398.23341734118907,-9.79734498286786
405.88623950489165,-1.3841801540373263e-07,5.363735818265761e-05,-0.028084347053017905,400.46230826316656,-9.86009202653392
408.1160134709302,-1.513015945154066e-07,5.33140585140596e-05,-0.027965102643803183,402.69120667305083,-9.922572521478406
408.76486531698305,-1.5475125963177701e-07,5.321475939820206e-05,-0.027930541958852462,403.33980513288043,-9.940704150669594
409.41371716303587,-1.580641937084705e-07,5.311326672521733e-05,-0.027896046127295772,403.988404218269,-9.958813389565998
411.6434911290745,-1.684173954401255e-07,5.274897938570033e-05,-0.02777801772894771,406.21731431678757,-10.020875507257514
413.8732650951131,-1.7717079960844878e-07,5.236339033997573e-05,-0.027660825358020405,408.44623169911296,-10.082675481548717
414.5221169411659,-1.794172019762543e-07,5.224769652951922e-05,-0.027626886878077527,409.09483564037237,-10.100609958178238
415.1709687872187,-1.8153045403685323e-07,5.2130587560824475e-05,-0.0275930236379144,409.74344018919584,-10.118522449596147
417.40074275325736,-1.8776587329957557e-07,5.171857132648382e-05,-0.027477241305165708,411.97236892319717,-10.17991163985118
419.63051671929594,-1.9242678615444002e-07,5.129440691330257e-05,-0.027362391219336365,414.20130472162657,-10.2410437980887
420.2793685653488,-1.9349036727646684e-07,5.116919915871404e-05,-0.027329149477119445,414.8499139800685,-10.25878493482826
420.92822041140164,-1.9442129942967026e-07,5.104334260266285e-05,-0.02729598890649061,415.49852382716887,-10.276504538374668
423.1579943774403,-1.9662924761933496e-07,5.06070831599871e-05,-0.027182659569890962,417.72747062335395,-10.3372343822899
425.38776834347885,-1.9731805670752338e-07,5.016759416032926e-05,-0.027070306593830053,419.95642425825565,-10.397712708887623
426.0366201895317,-1.9723622945974245e-07,5.0039584566289966e-05,-0.027037796930227016,420.60503866450006,-10.415264634222353
426.6854720355845,-1.9703051779405126e-07,4.991166569395075e-05,-0.027005370028664797,421.25365364031603,-10.432795499966955
428.91524600162313,-1.9537509208437573e-07,4.9473910655041506e-05,-0.02689456732699902,423.4826179157303,-10.49288038434675
431.1450199676617,-1.922820369316779e-07,4.904144963563479e-05,-0.02678473481788905,425.71158880608124,-10.552719374362441
431.79387181371453,-1.9111790563730497e-07,4.891706010963055e-05,-0.026752954711364012,426.36020819185444,-10.570086310530966
432.44272365976735,-1.8983492185703253e-07,4.8793461103310575e-05,-0.02672125480807208,427.00882812859885,-10.58743265782895
434.672497625806,-1.8454669551942588e-07,4.8375820728571744e-05,-0.026612924507230157,429.23780931137105,-10.646887022568032
436.90227159184457,-1.779282024486407e-07,4.797145500031176e-05,-0.026505510650292403,431.4667968947137,-10.706100942129847
437.5511234378974,-1.7575837417958238e-07,4.785670575831096e-05,-0.02647442170960323,432.1154210985046,-10.723286992642974
438.1999752839502,-1.7348293470187177e-07,4.774339436322155e-05,-0.026443406529121083,432.7640458357498,-10.740452898968694
440.42974924998884,-1.6486109336130204e-07,4.736595718778728e-05,-0.0263373741706594,434.993043383745,-10.799290522049876
442.6595232160274,-1.5504546591830951e-07,4.7009075706299584e-05,-0.026232160494509688,437.2220471339778,-10.857892711358602
443.30837506208024,-1.519741690389836e-07,4.690946810717451e-05,-0.0262016911022355,437.87067600604763,-10.87490166183601
443.95722690813307,-1.4880731059751968e-07,4.681187889444129e-05,-0.02617128548509145,438.51930539565984,-10.891890865361836
446.1870008741717,-1.3723062185546304e-07,4.649278903845005e-05,-0.026067266333566094,440.74831881284274,-10.950124198357193
448.4167748402103,-1.2463200827672763e-07,4.6200651912326786e-05,-0.02596392863104674,442.97733825563813,-11.008126430436645
449.0656266862631,-1.2078386661081104e-07,4.6121031186172176e-05,-0.025933977313240004,443.62597166232484,-11.02496156668519
449.7144785323159,-1.1685944974781745e-07,4.6043925271356115e-05,-0.025904076676100583,444.27460557268387,-11.041777286580528
451.94425249835456,-1.0280427156793051e-07,4.579887520339049e-05,-0.025801688323829123,446.50363442296646,-11.099416854794832
454.17402646439314,-8.794267391362614e-08,4.558606407239325e-05,-0.025699810435048393,448.73266914857066,-11.15682876503787
454.82287831044596,-8.348064406768749e-08,4.553045078222274e-05,-0.025670250106902773,449.38130697581033,-11.173492712952363
455.4717301564988,-7.895980202248787e-08,4.5477743308908367e-05,-0.025640724799127594,450.029945295237,-11.19013749208215
457.7015041225374,-6.302226295129139e-08,4.531934931956254e-05,-0.025539503017296107,452.2589892135217,-11.24719137624131
459.931278088576,-4.6546373611936863e-08,4.5197092639626616e-05,-0.025438594129242553,454.4880388866155,-11.304019981040051
460.5801299346288,-4.1666631387965154e-08,4.5168476705918804e-05,-0.02540927741731931,455.13668104258096,-11.32051457392955
461.22898178068164,-3.675623250187042e-08,4.514302659342618e-05,-0.025379978178191275,455.785323681868,-11.336990149685121
463.45875574672027,-1.967485287095026e-08,4.508007332836838e-05,-0.025279396739213096,458.01438238190906,-11.39346356990618
465.68852971275885,-2.3836804703184455e-09,4.505544157414366e-05,-0.0251789129476328,460.2434467481135,-11.449712896741868
466.33738155881167,2.6665802622507696e-09,4.5055539135539714e-05,-0.02514967880677,460.8920931648422,-11.466039076907183
466.9862334048645,7.719864571650359e-09,4.5058902143763685e-05,-0.02512044354105259,461.54074005875964,-11.482346287134892
469.2160073709031,2.5045527599147626e-08,4.5095466111582987e-05,-0.025019938749671625,463.76981333736796,-11.538241314187593
471.4457813369417,4.2186820757432235e-08,4.5170456840198066e-05,-0.02491930958741169,465.9988922258883,-11.593912169797223
472.0946331829945,4.711719182069005e-08,4.519943768895252e-05,-0.024889991407774942,466.64754285974686,-11.61006993239621
472.74348502904735,5.2011459841340064e-08,4.5231591443506246e-05,-0.024860653469716776,467.29619396736473,-11.626208664583602
474.973258995086,6.85109283206461e-08,4.536608004859915e-05,-0.024759654007686958,469.5252817044088,-11.681524087390635
477.20303296112456,8.436586491189019e-08,4.5536640158748506e-05,-0.02465831445081531,471.75437502625357,-11.736613994201642
477.8518848071774,8.883044500716554e-08,4.559284158333982e-05,-0.02462874978286257,472.4030298570714,-11.75260238239167
478.5007366532302,9.322028874764837e-08,4.56518992912425e-05,-0.0245991478858575,473.05168516073303,-11.768571575178054
480.73051061926884,1.0765593961275912e-07,4.587606997386966e-05,-0.024497110284132123,475.2807873143607,-11.82330295622331
482.9602845853074,1.20927039630658e-07,4.6131130552398e-05,-0.024394538393711807,477.50989505556214,-11.877806289251948
483.60913643136024,1.245405161396662e-07,4.621078152423477e-05,-0.024364580304243422,478.1585540842727,-11.893623450027238
484.25798827741306,1.280302311727963e-07,4.6292719230247154e-05,-0.024334570053514464,478.80721358705875,-11.909421156457945
486.4877622434517,1.3901930936169092e-07,4.659077076582314e-05,-0.024231019654210127,481.0363301836027,-11.963561107356334
488.7175362094903,1.48278280278659e-07,4.6911396587778756e-05,-0.02412677949957317,483.2654523929472,-12.017469463275654
489.3663880555431,1.5061459046383794e-07,4.700838381804418e-05,-0.024096309411955782,483.9141156376,-12.033112773053638
490.0152399015959,1.5278104919913143e-07,4.7106813480871585e-05,-0.024065776292706058,484.5627793591513,-12.048736294528577
492.24501386763455,1.5883985384054148e-07,4.7454666193199256e-05,-0.023960352960135597,486.7919104773168,-12.102275001552924
494.47478783367313,1.6258116496790164e-07,4.781344492702957e-05,-0.023854141813363997,489.0210472482578,-12.15557782777491
495.12363967972595,1.6320262802716174e-07,4.791915860419203e-05,-0.02382308348464683,489.6697147383258,-12.171044095381594
495.7724915257788,1.6360181208223088e-07,4.8025185431423975e-05,-0.023791956933742964,490.31838270895827,-12.18649019371357
498.0022654918174,1.632148214505684e-07,4.8390086585263444e-05,-0.023684464042367667,492.5475284581253,-12.239416216761704
500.232039457856,1.5993492801674652e-07,4.8750899577790025e-05,-0.023576162061737176,494.77667990483366,-12.292101720390107
500.8808913039088,1.5840551020370922e-07,4.8854200964146654e-05,-0.02354449611799649,495.4253516738266,-12.307387472442247
501.52974314996163,1.566100227009338e-07,4.895640747382407e-05,-0.023512764073175235,496.0740239269599,-12.322652664637975
503.75951711600027,1.483252118644549e-07,4.929700989012909e-05,-0.02340321847757872,498.30318441977727,-12.374954022316578
505.98929108203885,1.3662789751628481e-07,4.961533449517265e-05,-0.023292938252823317,500.5323506476635,-12.427010366161575
506.6381429280917,1.3255740767238175e-07,4.9702689130675714e-05,-0.02326071645522946,501.18102672417575,-12.44211221580155
507.28699477414455,1.2817814126583254e-07,4.978728970071834e-05,-0.023228439526076842,501.82970328722075,-12.457193151975481
509.5167687401832,1.1072768196811139e-07,5.00543531236599e-05,-0.023117119355929205,504.05887860710214,-12.508858689792834
511.74654270622176,8.945389100721609e-08,5.027824338406091e-05,-0.02300525182791072,506.28805967861365,-12.56027546503398
512.3953945522745,8.25257368252173e-08,5.0334061845743136e-05,-0.022972609993510855,506.9367400760784,-12.575190559490427
513.0442463983273,7.526362395198204e-08,5.0385269197855555e-05,-0.022939934151324243,507.58542096006965,-12.590084478678682
515.2740203643659,4.770682864264959e-08,5.0523122741416136e-05,-0.022827420439052285,509.81461112470987,-12.641105496732951
517.5037943304045,1.6084760287807036e-08,5.059499854020761e-05,-0.022714672902266562,512.0438070217199,-12.691875439383507
518.1526461764574,6.1124653842316105e-09,5.060222072914058e-05,-0.022681841177070755,512.6924917272904,-12.706601974969278
518.8014980225103,-4.20776267880868e-09,5.060285941632339e-05,-0.022649007638335526,513.3411769157035,-12.721307226604964
521.0312719885488,-4.2325173581587144e-08,5.055173747329614e-05,-0.022536215058026214,515.5703818382559,-12.771679318004223
523.2610459545874,-8.451665783513199e-08,5.0411080188438405e-05,-0.022423636289881664,517.7995924228853,-12.821800209625172
523.9098978006402,-9.755293479868321e-08,5.035202864773419e-05,-0.02239094529258959,518.4482813860163,-12.83633799474197
524.5587496466931,-1.1092286289249871e-07,5.02844195070709e-05,-0.02235829609856403,519.0969708233575,-12.850854605397972
526.7885236127316,-1.5940190844168895e-07,4.998374135264369e-05,-0.022246487560934808,521.3261902734073,-12.900579627815922
529.0182975787702,-2.1166652686936578e-07,4.957074539862696e-05,-0.022135474689279188,523.5554152495872,-12.950056291017765
529.6671494248232,-2.2756017021550563e-07,4.942825772490395e-05,-0.022103355939236017,524.204108371015,-12.964407328863011
530.316001270876,-2.4375122371957237e-07,4.927538137494389e-05,-0.022071333639548284,524.8528019518967,-12.97873758493108
532.5457752369146,-3.01576971599629e-07,4.866798570061954e-05,-0.021962113245224676,527.0820355187757,-13.027825656586794
534.7755492029531,-3.625436590688689e-07,4.792814988644305e-05,-0.021854394861750694,529.3112743972144,-13.07667192435438
535.424401049006,-3.808286722990577e-07,4.768698010991487e-05,-0.021823373902629353,529.9599715191357,-13.090840977830345
536.0732528950588,-3.99336847522183e-07,4.74339067364895e-05,-0.02179251376199267,530.6086690786426,-13.104989985613575
538.3030268610974,-4.6453426655384886e-07,4.647117697777337e-05,-0.021687792760062382,532.8379161398973,-13.153461365518233
540.5328008271359,-5.318246405460727e-07,4.536073830320591e-05,-0.021585383106631956,535.0671682093285,-13.201701872465021
541.1816526731889,-5.517281190762363e-07,4.500919231921294e-05,-0.02155606386499516,535.7158691076193,-13.21569696494299
541.8305045192417,-5.717507114162347e-07,4.464473987071418e-05,-0.021526977155960494,536.3645704138094,-13.229673140880728
544.0602784852803,-6.412758383240056e-07,4.329246624519369e-05,-0.021428908176618557,538.5938301117458,-13.27755982391319
546.2900524513188,-7.114138605839704e-07,4.1784483992658565e-05,-0.021334028059323155,540.8230944193822,-13.325231439905739
546.9389042973717,-7.31845049825431e-07,4.1316225792816677e-05,-0.02130706725831949,541.471798798705,-13.339064237816853
547.5877561434245,-7.522486812653318e-07,4.0834779892674335e-05,-0.021280414502573737,542.1205035480943,-13.352879674068802
549.8175301094631,-8.219333171511942e-07,3.907950292146079e-05,-0.021191290506616434,544.3497747772793,-13.400226507297667
552.0473040755016,-8.903158357137019e-07,3.717029667697019e-05,-0.02110625199529579,546.5790501212973,-13.44737921261962
552.6961559215546,-9.098513889380323e-07,3.658623126130978e-05,-0.021082322895974455,547.2277576139084,-13.46106523026695
553.3450077676074,-9.291825855683691e-07,3.598962925595054e-05,-0.021058776388895407,547.876465430744,-13.474735875606642
555.574781733646,-9.937514953284781e-07,3.384510208647283e-05,-0.020980892553800607,550.1057468391837,-13.521600986609652
557.8045556996846,-1.0546985483878956e-06,3.156063880388647e-05,-0.020907946542508712,552.3350317758889,-13.568297976399219
558.4534075457375,-1.0716151738844376e-06,3.0870746056454754e-05,-0.020887691917964912,552.983741944901,-13.581856540929934
559.1022593917903,-1.088113377691577e-06,3.0170095855417456e-05,-0.02086788752434248,553.6324523849707,-13.59540213485913
561.3320333578289,-1.1412925975620664e-06,2.7683393947071832e-05,-0.020803366688383545,555.8617423915006,-13.641856459151516
563.5618073238675,-1.1881956296878713e-06,2.508511163874426e-05,-0.020744515035136614,558.0910352596413,-13.6881732668324
564.2106591699203,-1.2005097083318866e-06,2.431007450438563e-05,-0.020728490096655502,558.7397476074508,-13.701627183020582
564.8595110159731,-1.2121731411893507e-06,2.3527348393618422e-05,-0.020712969139216546,559.3884601671331,-13.715070883261971
567.0892849820117,-1.2469057189668312e-06,2.0784053165512712e-05,-0.02066355443941645,561.6177569973994,-13.761196589918859
569.3190589480503,-1.272488221128172e-06,1.7973513439903416e-05,-0.020620331637912066,563.8470559619719,-13.807219038286703
569.9679107941032,-1.2780516035748753e-06,1.7145957664133794e-05,-0.020608938612670234,564.4957699445247,-13.820593899668715
570.616762640156,-1.28271446405945e-06,1.6315175820817797e-05,-0.020598081672000234,565.1444840757568,-13.833961550725565
572.8465366061946,-1.2914949376299157e-06,1.34429784907856e-05,-0.020564903557827866,567.3737858191093,-13.87984919620719
575.0763105722332,-1.2881946717691634e-06,1.0564671348513588e-05,-0.020538136606237448,569.6030889369719,-13.925670023851335
575.725162418286,-1.284803705966258e-06,9.729816297037694e-06,-0.020531553773955397,570.2518039845434,-13.938993129683192
576.3740142643388,-1.280271686122432e-06,8.897618298930408e-06,-0.02052550933721191,570.9005191163768,-13.952312133802277
578.6037882303774,-1.25560433626708e-06,6.067642309090292e-06,-0.02050883806125013,573.1298238059792,-13.998056426498476
580.833562196416,-1.2160790395380268e-06,3.30923386533268e-06,-0.020498397202349465,575.3591291155518,-14.043770498587055
581.4824140424689,-1.201641721778399e-06,2.5247475646137197e-06,-0.020496506376980028,576.0078446606983,-14.05706935563438
582.1312658885217,-1.1858407190406774e-06,1.7501450645085327e-06,-0.020495118455086475,576.6565602280937,-14.070367127812458
584.3610398545603,-1.1208181629727156e-06,-8.247200868962044e-07,-0.020494117220216646,578.885865946424,-14.11606126147094
586.5908138205989,-1.0385677283972537e-06,-3.23539249808227e-06,-0.020498674296278687,581.1151715835025,-14.161759358657733
587.2396656666517,-1.0112814733211974e-06,-3.900533171375012e-06,-0.020500991915006365,581.7638870967295,-14.175059773188009
587.8885175127045,-9.824609312246344e-07,-4.5474196147281545e-06,-0.02050373191836185,582.4126025771156,-14.188361788978485
590.1182914787431,-8.714495896792553e-07,-6.617832508144817e-06,-0.02051622982300573,584.6419075884534,-14.234090402117236
592.3480654447817,-7.415366767716112e-07,-8.419642086378175e-06,-0.020533044818078584,586.8712119292851,-14.279851688947215
592.9969172908346,-7.00115087100204e-07,-8.887459652942444e-06,-0.02053866288172004,587.5199269626667,-14.293175487198498
593.6457691368875,-6.570551410390738e-07,-9.327849198621435e-06,-0.020544572109017,588.1686419204359,-14.306502965670663
595.875543102926,-4.964621317767228e-07,-1.0617526621635056e-05,-0.020566879540244613,590.3979448304324,-14.352333904677373
598.1053170689646,-3.163010537212846e-07,-1.1527301748287449e-05,-0.020591639112489603,592.6272466612056,-14.398217306974386
598.7541689150174,-2.601957284647622e-07,-1.1714423096392279e-05,-0.020599183100464796,593.2759608994922,-14.411579760973414
599.4030207610703,-2.0245207820751496e-07,-1.1864630395351256e-05,-0.020606833043975717,593.9246750378654,-14.42494706432999
601.6327947271088,8.464608985021646e-09,-1.2084418790664551e-05,-0.02063362483312095,596.1539749773333,-14.4709222664964
603.8625686931474,2.3829419620312864e-07,-1.181282490182316e-05,-0.020660358864995787,598.383273685573,-14.516957131201124
604.5114205392003,3.0864644647742305e-07,-1.1635444011345672e-05,-0.02066797030365975,599.0319870031271,-14.530364209583235
605.1602723852532,3.805177854085209e-07,-1.1411994335946173e-05,-0.020675448485600736,599.6807002215521,-14.543776084061005
607.3900463512917,6.388474321428535e-07,-1.027860953464058e-05,-0.020699741537232696,601.9099970467444,-14.589902047209591
609.6198203173303,9.138184644103678e-07,-8.550654748280471e-06,-0.020720844518604353,604.1392928244478,-14.636078610963517
610.2686721633831,9.967840603635867e-07,-7.930825082844619e-06,-0.020726195987038447,604.7880053445465,-14.649524219178167
610.917524009436,1.0809963686183741e-06,-7.256889198056314e-06,-0.020731125088279904,605.4367177979328,-14.662973046630832
613.1472979754745,1.3794460640942567e-06,-4.51609787918365e-06,-0.020744376884203386,607.6660122926919,-14.709211505695716
615.3770719415131,1.6904024361877223e-06,-1.095887668204937e-06,-0.020750759859718856,609.8953063334523,-14.755471850603335
616.0259237875661,1.7829525288542315e-06,3.099414465407269e-08,-0.02075110974735496,610.5440184841724,-14.768935268617808
616.6747756336189,1.8763167508139912e-06,1.2179971804689983e-06,-0.0207507072479816,611.1927306378972,-14.782398541574857
618.9045495996575,2.202629596038437e-06,5.764383101911833e-06,-0.020743059196077124,613.422024694612,-14.828658118467128
621.134323565696,2.5352835239823394e-06,1.1045442501002288e-05,-0.020724454653308435,615.6513193582443,-14.87488843297654
621.7831754117489,2.6328751344217356e-06,1.272222785524896e-05,-0.020716747826692243,616.3000319165801,-14.88833219767834
622.4320272578017,2.73066777994146e-06,1.4462141529770337e-05,-0.02070793213752471,616.9487445886346,-14.901770468980443
624.6618012238403,3.0672717875602938e-06,2.0926543857956424e-05,-0.02066861682031096,619.1780413362541,-14.947900187029123
626.8915751898788,3.4019654165419144e-06,2.813936718291997e-05,-0.020614052942252686,621.4073402461954,-14.993925262723703
627.5404270359318,3.498484476303495e-06,3.0378228188626306e-05,-0.020595071545855447,622.0560543597975,-15.007293772456395
628.1892788819846,3.594422806878928e-06,3.267920571491048e-05,-0.02057461858661362,622.7047687392721,-15.02064935951821
630.4190528480232,3.918397361250912e-06,4.105741003139409e-05,-0.020492542305661724,624.9340725799073,-15.066435002677094
632.6488268140617,4.230215139347451e-06,5.0144450943250304e-05,-0.020390994250149497,627.1633806134967,-15.112015968397003
633.2976786601146,4.318048952405918e-06,5.2917986199782864e-05,-0.020357560107867434,627.8120977882735,-15.125235103832821
633.9465305061674,4.404356116621368e-06,5.574764191249801e-05,-0.020322311435690573,628.460815418407,-15.138431842537035
636.176304472206,4.687800408438301e-06,6.588885266642557e-05,-0.020186812930163837,630.6901319323063,-15.183596176246573
638.4060784382445,4.947114201112869e-06,7.663517734368115e-05,-0.0200280271832775,632.9194550651016,-15.228432483045907
639.0549302842975,5.017334365900073e-06,7.986824233861492e-05,-0.01997725368352756,633.5681771078317,-15.241410537143299
639.7037821303503,5.084959214267837e-06,8.314561349430599e-05,-0.01992437360206687,634.216899823054,-15.254354876569462
641.9335560963889,5.295838022374789e-06,9.472597170533044e-05,-0.01972614651919808,636.4462355082125,-15.298562715396194
644.1633300624275,5.469354306918358e-06,0.0001067348870014874,-0.019501620062357235,638.6755804839459,-15.342299323383484
644.8121819084804,5.512070806243862e-06,0.00011029796288060007,-0.019431207064915156,639.3243093928841,-15.354929508916673
645.4610337545332,5.551039140353355e-06,0.00011388710777208436,-0.01935848172154973,639.9730392034743,-15.367513211016934
647.6908077205718,5.654563548058064e-06,0.00012638959583476954,-0.019090632645281203,642.2024010334933,-15.410382202763188
649.9205816866104,5.706921396457203e-06,0.00013906587499566852,-0.01879471208918661,644.4317748531776,-15.45262276945769
650.5694335326632,5.711778691029644e-06,0.00014277088061929522,-0.018703272425937126,645.0805126568775,-15.464787521523435
651.218285378716,5.711728425569835e-06,0.00014647702524978132,-0.018609438881732256,645.7292515824864,-15.476892175550432
653.4480593447546,5.672302885473681e-06,0.00015918094391780566,-0.018268635065513426,647.9586463953464,-15.518009959722878
655.6778333107932,5.568241134313453e-06,0.0001717248904725795,-0.017899682733008657,650.1880556521986,-15.558336577858622
656.3266851568461,5.525100061477589e-06,0.00017532438702756508,-0.017787083511279816,650.8368042071353,-15.569913787861145
656.9755370028989,5.475961090124298e-06,0.00017889357112189734,-0.017672171378554227,651.4855540710463,-15.58141726497505
659.2053109689375,5.2596923060594436e-06,0.0001908768555227618,-0.01725981365711835,653.7149878399168,-15.620365346694129
661.4350849349761,4.966765481479684e-06,0.00020229244436773767,-0.016821368836483358,655.9444379673764,-15.65836502083244
662.0839367810289,4.866521149783119e-06,0.00020548316475814404,-0.016689065304291675,656.5931987370129,-15.669236226225822
662.7327886270817,4.75936956654235e-06,0.0002086063125655128,-0.016554728111660526,657.241960945123,-15.680021083963808
664.9625625931203,4.337088544396601e-06,0.00021876380499676523,-0.016078065964956575,659.4714380238025,-15.716405339772233
667.1923365591589,3.828863249712766e-06,0.00022788388804776698,-0.015579911500283273,661.7009325638592,-15.751702925554605
667.8411884052118,3.6644154847799347e-06,0.00023031542960163512,-0.015431246095672542,662.3497064128866,-15.761763336608544
668.4900402512646,3.492436848638156e-06,0.00023263766827107701,-0.015281054467491449,662.9984817521337,-15.771727036576994
670.7198142173032,2.8431331429860773e-06,0.0002397180380543705,-0.014754143347069834,665.2280042214161,-15.805214240936568
672.9495881833418,2.1027425206420195e-06,0.00024524905572100513,-0.014213171954942469,667.4575442475065,-15.83751100649853
673.5984400293946,1.8700392733722516e-06,0.000246538392979341,-0.014053606812290861,668.1063312912917,-15.846681080601895
674.2472918754474,1.6295986645446317e-06,0.00024767424853988705,-0.013893271321964698,668.7551197877514,-15.855747709216866
676.477065841486,7.441087013053136e-07,0.0002503375053396222,-0.013337658843930957,670.9846870409572,-15.886106853821506
678.7068398075246,-2.3201657999813729e-07,0.00025092527153582615,-0.012778421842677535,673.2142708692098,-15.915223177840796
679.3556916535775,-5.328807342018476e-07,0.0002506774666940179,-0.01261567000353824,673.8630704156999,-15.923461259398849
680.0045434996304,-8.411600340019352e-07,0.00025023227771538885,-0.012453158719604781,674.5118712885195,-15.93159424714189
682.2343174656689,-1.9564289008225836e-06,0.00024712874131220465,-0.01189817807547397,676.7414799701027,-15.958740744263297
684.4640914317075,-3.154894096916875e-06,0.000241445652920108,-0.01135299352495208,678.971103251175,-15.984660768482303
685.1129432777603,-3.518637616232724e-06,0.0002392807626155371,-0.011197012970091224,679.6199138569866,-15.991976107623735
685.7617951238132,-3.88882455319419e-06,0.00023687826117028694,-0.01104252783249543,680.2687255872494,-15.999191236805146
687.9915690898517,-5.208410453424732e-06,0.00022674842514341503,-0.010525075743378083,682.4983699273581,-16.023231389018424
690.2213430558903,-6.595552242275588e-06,0.00021360089364940818,-0.010033575288308708,684.7280261211639,-16.046146735679425
690.8701949019433,-7.010776438317262e-06,0.0002091865952260678,-0.009896391240078222,685.3768457538906,-16.052611994492633
691.5190467479961,-7.430741773775319e-06,0.0002045021195069619,-0.00976216904769955,686.025666256307,-16.05898978202083
693.7488207140347,-8.907213374768302e-06,0.0001862951020401196,-0.009325853704187414,688.2553387258259,-16.080262211677855
695.9785946800732,-1.0426502180785989e-05,0.0001647481502912563,-0.008933859543477207,690.4850198278431,-16.100611210225757
696.627446526126,-1.0875012319593845e-05,0.00015783705171746953,-0.008829184806299814,691.1338460852576,-16.106373377014524
697.2762983721789,-1.1325764268815293e-05,0.00015063528703975607,-0.00872909327998265,691.7826729283486,-16.112069733412934
699.5060723382175,-1.2887741583397084e-05,0.00012364155325451486,-0.008422656664569317,694.0123649881244,-16.131179854436255
701.735846304256,-1.445826883717077e-05,9.315543090176557e-05,-0.008180303592550044,696.2420622207478,-16.149678158855867
702.384698150309,-1.4914720745853477e-05,8.362540717904654e-05,-0.008122934428495576,696.8908925124033,-16.154966637518463
703.0335499963618,-1.5370115807949985e-05,7.380092618353459e-05,-0.008071841946302331,697.5397230880103,-16.16022055523399
705.2633239624004,-1.692161522782457e-05,3.7792781090775365e-05,-0.007946792013653616,699.769425656808,-16.17806370362485
707.4930979284389,-1.8438055478940214e-05,-1.6357700058594178e-06,-0.007905845471628429,701.9991297040635,-16.195721790612687
708.1419497744918,-1.887007776186408e-05,-1.3740521670621843e-05,-0.00791082191651753,702.6479612653081,-16.20085233405952
708.7908016205446,-1.9296983251551745e-05,-2.6122300687905833e-05,-0.0079237313471418,703.2967927749609,-16.20598926745489
711.0205755865832,-2.071847138678895e-05,-7.07511880182645e-05,-0.008031163418040227,705.5264959459203,-16.223757856562546
713.2503495526217,-2.2052895085611876e-05,-0.00011845260557876565,-0.008241533343999668,707.7561962531257,-16.24188074740478
713.8992013986747,-2.2421757617689997e-05,-0.00013288273808281128,-0.008323068011331274,708.4050258536089,-16.24725388195652
714.5480532447275,-2.278080744332497e-05,-0.00014754718921998537,-0.008414020623942059,709.0538549756277,-16.25268346929162
716.7778272107661,-2.3932315155360387e-05,-0.00019965410393640664,-0.008800663900022139,711.2835465346249,-16.271853573397777
719.0076011768047,-2.4938180867579832e-05,-0.00025416624620104133,-0.009306175374872184,713.5132292810255,-16.292018290149095
719.6564530228575,-2.5200136026670802e-05,-0.00027043418237035754,-0.009476373453329601,714.1620525279792,-16.298110952580966
720.3053048689103,-2.5447132635968017e-05,-0.0002868652845053854,-0.00965714790703212,714.8108746735442,-16.3043178171101
722.5350788349489,-2.617371166672235e-05,-0.0003444553425659715,-0.010360741108053476,717.0405371750458,-16.32661098089766
724.7648528009875,-2.6692283810825855e-05,-0.0004034336034632976,-0.011194294810513442,719.2701818098436,-16.350617796452678
725.4137046470404,-2.680060916235583e-05,-0.0004207901741561519,-0.011461709598508356,719.9189920442723,-16.357967095493446
726.0625564930932,-2.688866647794582e-05,-0.00043820850782166475,-0.011740362936011462,720.56780021548,-16.365493666977855
728.2923304591318,-2.7028364502899383e-05,-0.0004983701449063722,-0.012784540417348694,722.7974067857037,-16.39281055001219
730.5221044251704,-2.6897679528246684e-05,-0.0005585418305235372,-0.013962875953789694,725.0269815124143,-16.422605078746475
731.1709562712232,-2.680548151076581e-05,-0.0005759668632106878,-0.014330967994695304,725.6757684546125,-16.43178341403084
731.819808117276,-2.668789455907068e-05,-0.0005933220384715264,-0.014710289443383649,726.3245518817084,-16.44120404866376
734.0495820833146,-2.608227474574574e-05,-0.0006522157685392598,-0.016099242212479912,728.5540615255352,-16.475527791531714
736.2793560493532,-2.514861153969495e-05,-0.0007093933720055083,-0.017617601400434887,730.7835187790729,-16.5130924340885
736.9282078954061,-2.4812328992849225e-05,-0.0007256044628653563,-0.01808319379502903,731.4322672793089,-16.52467366851396
737.5770597414589,-2.444616978418405e-05,-0.0007415861906422878,-0.01855916667782412,732.0810102158205,-16.53655982447157
739.8068337074975,-2.295320486233874e-05,-0.0007945008978675876,-0.020272426525384916,734.3103641060388,-16.579828795083912
742.0366076735361,-2.1084804063857556e-05,-0.0008436680622061276,-0.022099496122754473,736.5396377605879,-16.62704401525181
742.685459519589,-2.0468354270768443e-05,-0.0008571514280585519,-0.022651342172088727,737.1883272066526,-16.64156100424644
743.3343113656418,-1.9818663044404804e-05,-0.00087022307011103,-0.023211732573727314,737.8370084525134,-16.65643785350647
745.5640853316804,-1.732761006115375e-05,-0.0009117124812467981,-0.025199505618817782,740.0661292919253,-16.710389694601833
747.793859297719,-1.4430158310040569e-05,-0.0009471943185962848,-0.027273092906911187,742.2951358469736,-16.768868047870917
748.4427111437718,-1.3509534571768828e-05,-0.0009562609114579079,-0.027890692803885047,742.9437409032581,-16.78676257191341
749.0915629898246,-1.2553972195388773e-05,-0.0009647185858488741,-0.028513903724350784,743.5923347355429,-16.805058185645507
751.3213369558632,-9.001592739857786e-06,-0.0009888276205737448,-0.030693444661948902,745.82113154127,-16.871049786606
753.5511109219018,-5.034735576129812e-06,-0.0010045535562695608,-0.032917397089537975,748.0497775754934,-16.941948465328146
754.1999627679547,-3.802854727618419e-06,-0.0010074224979744898,-0.03357021566999766,748.6982708934414,-16.963515464234664
754.8488146140076,-2.536542422095709e-06,-0.0010094816433595345,-0.034224559942493814,749.3467500264826,-16.98550457090035
757.0785885800461,2.07623146096442e-06,-0.0010100679272550227,-0.036478122140968995,751.575130295867,-17.064315615173754
759.3083625460847,7.082350308463071e-06,-0.0009999302328541513,-0.03872103559620223,753.8033277655364,-17.148136383421683
759.9572143921375,8.610892590278134e-06,-0.0009948400593749553,-0.03936828070653705,754.4516850321006,-17.173465306070373
760.6060662381904,1.017063463396928e-05,-0.000988749743215036,-0.040011832470426695,755.1000259251958,-17.199210539622108
762.8358402042289,1.576274970423276e-05,-0.0009598996284199195,-0.0421867431173474,757.3279158566619,-17.29084144706947
765.0656141702675,2.1692178763099655e-05,-0.0009182042940509523,-0.044283003561283785,759.5556051470414,-17.38722999507077
765.7144660163204,2.3476796799193076e-05,-0.0009035504981751315,-0.04487412185651718,760.2038122794115,-17.416146988991784
766.3633178623733,2.5286231906850316e-05,-0.0008877337079119792,-0.045455302322181756,760.8520025202481,-17.44544144978457
768.5930918284118,3.168267155331399e-05,-0.0008242647729724488,-0.04736668746261919,763.0793736921447,-17.54891958749985
770.8228657944504,3.8321040466727735e-05,-0.0007462634996433617,-0.049120349309372875,765.3065517127449,-17.656479268402713
771.4717176405032,4.029176175235167e-05,-0.0007207584837871706,-0.04959638091258159,765.9546131860499,-17.688494757987204
772.1205694865561,4.227745646998273e-05,-0.0006939742259127263,-0.05005541722203898,766.6026598331295,-17.720810518345537
774.3503434525946,4.919907457161669e-05,-0.000592007668981313,-0.05149203116163705,768.8295576787543,-17.834021205086792
776.5801174186332,5.6225295806599746e-05,-0.00047449084753226035,-0.05268394593968961,771.0563050511299,-17.950158537704635
777.2289692646862,5.8280725946463496e-05,-0.00043733974664605566,-0.05297984947478327,771.7042513827095,-17.98442539531401
777.877821110739,6.033771462143861e-05,-0.00039886010517522385,-0.05325121382152933,772.3521881845179,-18.018873213870073
780.1075950767776,6.739640490944082e-05,-0.0002564371103872396,-0.05398470526113686,774.578754301687,-18.138434024853794
782.3373690428161,7.438035595056902e-05,-9.835815757419867e-05,-0.054383170990992026,776.8052525341101,-18.259255012959475
782.986220888869,7.63875184609614e-05,-4.9441210753328705e-05,-0.054431184864569784,777.4531440794206,-18.294542949596835
783.6350727349218,7.837936841848608e-05,7.662695222842186e-07,-0.05444707360078153,778.1010346503247,-18.32984885213346
785.8648467009604,8.508021796380162e-05,0.00018305968715121043,-0.0542448440511246,780.3275123961712,-18.451046857169374
788.0946206669989,9.148801975221122e-05,0.00037996776951704534,-0.05361984768518207,782.5540399508534,-18.57132394482565
788.7434725130519,9.32845045384652e-05,0.00043991835961726416,-0.05335389187720336,783.2019637276474,-18.606015902442508
789.3923243591047,9.504576582958063e-05,0.0005010153221431605,-0.05304874095620497,783.8498973943102,-18.640520411508874
791.6220983251433,0.00010079772133942126,0.0007194596877816685,-0.051690319813699044,786.0766095773143,-18.75733217071353
793.8518722911818,0.00010600606434205416,0.0009501235475617387,-0.049831193756707005,788.3035062043989,-18.870561474920645
794.5007241372347,0.00010740491729503101,0.0010193668395153427,-0.0491922395593845,788.9515628337812,-18.902677680655312
795.1495759832875,0.00010874632782138819,0.00108949062869201,-0.04850819423147381,789.5996403509362,-18.934363322204728
797.3793499493261,0.00011288267025170134,0.00133673347321793,-0.04580477337793583,791.8269304272208,-19.039576687842253
799.6091239153646,0.00011620336311250895,0.0015922900693218355,-0.042540787972970236,794.0545232721406,-19.138143972675632
800.2579757614176,0.00011700100725919569,0.0016679563595504922,-0.04148303294410775,794.702802635052,-19.16539889368894
800.9068276074704,0.00011771778304086529,0.001744105264077751,-0.04037619811913483,795.351110619428,-19.191951148777324
803.136601573509,0.00011952735565375692,0.0020088100732027683,-0.03619264476334626,797.5792455780683,-19.277406035556353
805.3663755395476,0.00012024286826125476,0.0022763300669710112,-0.031415720902771956,799.8077390562463,-19.35287747173811
806.0152273856004,0.00012023027070599506,0.0023543557612604182,-0.029913305741275164,800.4562860536466,-19.37277409309496
806.6640792316532,0.00012011362805250796,0.002432331246320434,-0.028360501953848306,801.1048619111335,-19.39168008980582
808.8938531976918,0.00011888326658467084,0.002699038375086344,-0.022638813366563388,803.3339061184313,-19.448641911774477
811.1236271637304,0.0001162934743042084,0.002961486464165141,-0.01632717651490664,805.5632500594095,-19.49219136553106
811.7724790097833,0.00011527054444230431,0.003036622589433745,-0.014381073884565202,806.2120257393493,-19.502155783433867
812.4213308558361,0.00011412246346611854,0.003111047258066523,-0.01238671677956134,806.8608188218471,-19.510843504828664
814.6511048218747,0.00010919038028762262,0.0033603109842449885,-0.005169511179016729,809.0905022748595,-19.530517016723202
816.8808787879133,0.00010266991977101581,0.003596806418535322,0.0025892609864169376,811.3202675185012,-19.53349436231238
817.5297306339661,0.00010046292056942271,0.0036627188925760093,0.004944662468013518,811.9691151280844,-19.531051306170248
818.1785824800189,9.811385090518147e-05,0.003727148122227939,0.007342047539248507,812.6179541293851,-19.527069582907433
820.4083564460575,8.893274992060372e-05,0.00393600992729681,0.01588977008695794,814.8475728966627,-19.50125120060062
822.6381304120961,7.799729394671004e-05,0.004122444044869514,0.02487820291326106,817.0768767152579,-19.455884774429023
823.286982258149,7.447865428959142e-05,0.0041719214828573265,0.02756939483689184,817.7255057507693,-19.438871021923003
823.9358341042018,7.080754957361858e-05,0.004219064112873124,0.03029160843160599,818.3740856789472,-19.420106778030778
826.1656080702404,5.701490226675023e-05,0.004361911578010006,0.0398645200852439,820.6024820344508,-19.341959207359228
828.395382036279,4.139313264908837e-05,0.004471965292604623,0.04971938797215466,822.8300121244612,-19.24216952880487
829.0442338823318,3.650261305925311e-05,0.004497245422258907,0.05262957238905069,823.4780145423093,-19.208977212990742
829.6930857283846,3.1458142815738676e-05,0.004519303850632156,0.0555547875699452,824.1259173100582,-19.17390134621749
831.9228596944232,1.2949267431214217e-05,0.004569144753604469,0.06569541905468897,826.3515862152321,-19.038815997842114
834.1526336604618,-7.344502799709255e-06,0.004575725092073403,0.07589895384708131,828.5757654387513,-18.881098568136913
834.8014855065147,-1.3578902940823083e-05,0.004568943144111063,0.07886610456640818,829.2226750853965,-18.830934647143753
835.4503373525675,-1.9957582933520874e-05,0.004558075157391996,0.08182722317772075,829.8694340925977,-18.77886218502584
837.6801113186061,-4.295961326637513e-05,0.004488226332704784,0.09192268808400447,832.0907855052404,-18.585355243312225
839.9098852846447,-6.755860383990422e-05,0.004365307749430614,0.10180323911640161,834.310095006577,-18.369671476934695
840.5587371306976,-7.500192399305188e-05,0.004319059923653569,0.10462108181178974,834.9554927395733,-18.30281446504082
841.2075889767505,-8.256683893604448e-05,0.0042679540964075165,0.10740708324870765,835.6007025983824,-18.234159640174152
843.437362942789,-0.00010945145758322831,0.004054107019560972,0.11669663804320277,837.816472429659,-17.984732141302924
845.6671369088276,-0.0001375826013824148,0.003778923585302084,0.1254409790865671,840.0299067839376,-17.71533526575554
846.3159887548804,-0.00014597853309340913,0.003686926853114465,0.12786350468939772,840.6735596580805,-17.633367523104745
846.9648406009333,-0.00015445911122400545,0.0035894714044324744,0.13022438902775252,841.3170175858319,-17.54987197718019
849.1946145669718,-0.00018418601161990377,0.0032120547839368284,0.13781978847966875,843.5267660845266,-17.25175902005883
851.4243885330104,-0.00021463631534569819,0.002767547381891409,0.14449883553782294,845.7343354427412,-16.93788170434212
852.0732403790633,-0.00022359916236289174,0.0026253647455095654,0.14624881828033628,846.3763406101717,-16.843876586020652
852.7220922251162,-0.00023259502790985237,0.002477377678047149,0.1479045947376939,847.0181881074858,-16.74879035582986
854.9518661911547,-0.00026367597309739894,0.0019240968290671406,0.1528246247944673,849.222762140883,-16.41453297658956
857.1816401571933,-0.00029478506513574407,0.0013014811171104975,0.15643366308207513,851.4258947881618,-16.070876558239064
857.8304920032461,-0.0003037996952499035,0.0011072708076636554,0.15721544502665555,852.0667813613961,-15.969524301974808
858.479343849299,-0.00031278158882042074,0.0009072487741957875,0.15786940042282316,852.7075977595267,-15.867724071354353
860.7091178153375,-0.0003432912388381086,0.000175648150638057,0.15908917778745946,854.9093786582018,-15.515515443972703
862.9388917813761,-0.00037297442972092484,-0.0006230606877105977,0.15860283305302492,857.1110307073563,-15.16249933776529
863.5877436274291,-0.0003814053505348607,-0.0008678215310390828,0.15811937371647852,857.7517612058056,-15.060160787927646
864.2365954734819,-0.00038972530212461694,-0.0011179858363868855,0.15747558728286856,858.3925500589797,-14.958194861683127
866.4663694395205,-0.0004173446282840366,-0.0020181146794233406,0.15399025718939713,860.5952810730558,-14.611966759677623
868.696143405559,-0.00044314986973695823,-0.0029778058774642285,0.14843143794137004,862.7995483369754,-14.275704110688553
869.3449952516119,-0.00045026043152238224,-0.003267678419481653,0.14640532540472284,863.4413613567112,-14.180381819788309
869.9938470976647,-0.00045717217411591813,-0.0035620663840851947,0.14419009016643058,864.0833723328859,-14.086430815138598
872.2236210637033,-0.00047926806440422054,-0.004606628998957399,0.13509147353671833,866.291379142942,-13.775636623676753
874.4533950297418,-0.0004984708404371386,-0.005697234959327187,0.1236123852559168,868.5024486649177,-13.487578485409763
875.1022468757948,-0.0005034538401937511,-0.006022318487595782,0.11981016891689822,869.1465014490379,-13.408784849556607
875.7510987218476,-0.0005081448381792527,-0.006350505833493044,0.11579663927092275,869.7908496153902,-13.332515897569412
877.9808726878862,-0.0005218912869971613,-0.007499623553055312,0.10036017648247471,872.0075511258664,-13.09151724759717
880.2106466539248,-0.0005316345413669472,-0.008674929636936522,0.08233224385254723,874.227942418976,-12.887642962875892
880.8594984999776,-0.0005336567430536998,-0.00902057589237974,0.07659106764558535,874.8747504404166,-12.836123587722659
881.5083503460304,-0.0005352945473869171,-0.009367376686325975,0.0706260643188848,875.5218358694153,-12.788393459438552
883.738124312069,-0.0005378468197761277,-0.010564748011615341,0.04840400744173898,877.7476039560421,-12.655274498754586
885.9678982781076,-0.0005353403690082429,-0.011762170422833857,0.02351202620074432,879.9758432889005,-12.57461933753404
886.6167501241605,-0.0005336056912367295,-0.012109005274066182,0.01576707329814446,880.6245762153862,-12.561865075558865
887.2656019702133,-0.0005314035872246026,-0.012454535613526893,0.007798495123564754,881.2733716726952,-12.55420368506997
889.4953759362519,-0.0005201436343392067,-0.013627995950097078,-0.021286475938900262,883.5030410686818,-12.5687639211251
891.7251499022905,-0.000502942125572008,-0.014769724973553071,-0.052952621482083254,885.7311816710017,-12.651027112645016
892.3740017483433,-0.0004967789843053454,-0.01509410110427098,-0.0626419826438083,886.3789579325319,-12.688501025799305
893.0228535943961,-0.000490086261833049,-0.01541428949643502,-0.07253933128799107,887.0263167259092,-12.732303355185866
895.2526275604347,-0.00046295613524603474,-0.016478031498195992,-0.10810825165266796,889.2469452838727,-12.933002575403279
897.4824015264733,-0.0004293279204561019,-0.01747403481604595,-0.14597355526251393,891.4586487137841,-13.215066212172259
898.1312533725262,-0.0004183031391818594,-0.017749064085602638,-0.15740182607014275,892.1000574217924,-13.313111485926516
898.780105218579,-0.0004067217566546755,-0.018016758322589976,-0.16900498998437297,892.7402782583201,-13.418512611012293
901.0098791846176,-0.00036264503992391404,-0.018875732033772248,-0.2101555657756214,894.9300298253203,-13.838359414743815
903.2396531506562,-0.0003120204782829118,-0.019629124522422537,-0.25310374765492333,897.1001451771725,-14.34985931991558
903.888504996709,-0.000296073865815567,-0.019826431277721875,-0.26590531562785574,897.7272752036008,-14.516362512628175
904.5373568427618,-0.00027959432069547433,-0.020013238659412406,-0.27883037341153105,898.3522044638487,-14.6908861875107
906.7671308088004,-0.00021895051117839758,-0.020570157861891678,-0.32410262433714127,900.4813085442685,-15.3527165567355
908.996904774839,-0.00015239726516275335,-0.020985266722879117,-0.37045857669783977,902.5778394236728,-16.111331997186223
909.6457566208919,-0.00013197809571028208,-0.021077533876908413,-0.38410610210490703,903.1810532165758,-16.35037905288602
910.2946084669447,-0.00011111405100085929,-0.02115645349781416,-0.39780822809032296,903.7809490528273,-16.597615682648687
912.5243824329833,-3.6182041661591176e-05,-0.02132149944520904,-0.4451983135606325,905.8153828059624,-17.509783667309755
914.7541563990219,4.320307036073602e-05,-0.02131449924274085,-0.4927646021746821,907.8042356288208,-18.517458147637022
915.4030082450747,6.703585019219835e-05,-0.02127872143040453,-0.5065841969225912,908.3737441782202,-18.828365774510477
916.0518600911275,9.115524846463675e-05,-0.021227457342722925,-0.5203749529542533,908.9389302980288,-19.14707167553873
918.2816340571661,0.0001759542317461358,-0.020930067236706772,-0.5674114161358024,910.8466742498807,-20.300950679899554
920.5114080232047,0.0002629423688239032,-0.02044115390635169,-0.6135712398514375,912.6986338686073,-21.542443597546995
921.1602598692576,0.00028852120296052054,-0.02026220766911078,-0.6267775695724899,913.2266304329981,-21.91955877409964
921.8091117153105,0.00031416683943825453,-0.02006673257418285,-0.6398622927420297,913.749661990586,-22.303557181794982
924.038885681349,0.00040244104887821,-0.01926766715136066,-0.6837521337409111,915.5082995196299,-23.67402429515941
926.2686596473876,0.0004900230829971116,-0.018272541891712006,-0.7256416549028508,917.2066169529124,-25.11866551194592
926.9175114934405,0.0005152072692608095,-0.01794636023889976,-0.7373928315144288,917.6894351133253,-25.552113321922644
927.5663633394934,0.000540199076545339,-0.017603999106305696,-0.7489275291830795,918.1672190609044,-25.991140798922174
929.7961373055319,0.0006241960812251502,-0.016305110709840243,-0.7867663542846657,919.7708142691889,-27.54021776060326
932.0259112715705,0.0007043215258953624,-0.014823244330973193,-0.8215049520842642,921.317216455401,-29.146508557567884
932.6747631176233,0.0007267322931734921,-0.014358897876778047,-0.8309728315515891,921.7568717215973,-29.623678591423086
933.3236149636762,0.0007486820795940471,-0.013880255995761518,-0.8401357627720053,922.1921062173234,-30.104921943762943
935.5533889297147,0.0008201706235449038,-0.0121298671495424,-0.8691622857238138,923.6552716006626,-31.787345907613663
937.7831628957533,0.0008846877565746117,-0.010227847344440913,-0.8941167858135973,925.0725548572954,-33.50870460146511
938.4320147418063,0.0009019899357144001,-0.00964811815750279,-0.9005650351259961,925.4772012685495,-34.01590444047209
939.0808665878591,0.0009185866093152904,-0.00905747169596171,-0.9066350811006597,925.8786984517772,-34.52563035345569
941.3106405538977,0.0009698625980186587,-0.006950285948010059,-0.9245011840017173,927.2366484995122,-36.29414239721564
943.5404145199362,0.0010115682430242962,-0.004739436186976362,-0.9375531653215914,928.5671314476625,-38.08347885900167
944.189266365989,0.0010217846874933654,-0.004079680383380576,-0.9404137969087987,928.9503172311663,-38.60708771733595
944.8381182120419,0.001031112459903881,-0.0034136349319316135,-0.9428461852809505,929.3321333237915,-39.13170979900705
947.0678921780805,0.0010561239673122715,-0.001084516812148972,-0.9478691540025597,930.6367672948795,-40.93996622276332
949.297666144119,0.0010699124720625,0.0012878589361303083,-0.9476504884099208,931.9370592628765,-42.75135895355636
949.946517990172,0.0010717582427009075,0.001982742806577033,-0.9465884539059065,932.3159806867734,-43.27807190658529
950.5953698362248,0.001072627589410163,0.002678495667567841,-0.9450773259480969,932.6955774287823,-43.804291144036114
952.8251438022634,0.0010680657541458935,0.005067283631943549,-0.9364373627427325,934.008516585131,-45.60654565308601
955.054917768302,0.0010518965306429982,0.007432958808755536,-0.9224967104700119,935.3416928118719,-47.393826641059064
955.7037696143548,0.0010450276185265024,0.008113303144703864,-0.9174517898006307,935.7347809341416,-47.910063531125296
956.3526214604076,0.0010372071972299813,0.008788911780329528,-0.9119689754701147,936.1305584840405,-48.424212610031546
958.5823954264462,0.0010031561328967995,0.01106566377661018,-0.889817054778476,937.5143161430669,-50.172655206083085
960.8121693924847,0.0009584628478406604,0.013254624722770348,-0.8626863688574083,938.9406727690961,-51.8864045874879
961.4610212385377,0.0009435476127288334,0.01387170599164902,-0.8538843777072723,939.3648496303294,-52.37742485662964
962.1098730845905,0.0009278149872000437,0.014478910930813606,-0.8446869269765706,939.7933872886603,-52.86459707080152
964.3396470506291,0.0008677678824368093,0.016482359952272475,-0.8101419718788875,941.3018255754079,-54.50660937732358
966.5694210166677,0.0007992335326397887,0.018342455183784415,-0.7712896015852476,942.8694051785723,-56.09209379110158
967.2182728627205,0.000777842743755141,0.018854090929651044,-0.7592205407239071,943.33737038118,-56.54158074344405
967.8671247087733,0.0007558549204666282,0.019351745646065583,-0.7468253071373686,943.8107453718452,-56.98530925187346
970.0968986748119,0.0006761167608081228,0.02094925729440562,-0.7018600632699937,945.4801861905775,-58.463217747130905
972.3266726408505,0.0005908620195579233,0.022362820505231935,-0.6535378112372369,947.2166190229934,-59.86161982231922
972.9755244869034,0.0005651964752082804,0.022737842929970647,-0.6389045722071097,947.7346553561135,-60.2523440507025
973.6243763329562,0.0005392040297093772,0.023096209778450547,-0.6240340996523349,948.2583440880783,-60.63540065647456
975.8541502989948,0.0004478304557879639,0.02419704689486878,-0.5712691533371461,950.1011967067288,-61.89030284583262
978.0839242650334,0.0003542761222795991,0.02509171029449654,-0.5162794494720089,952.0088621094046,-63.044122971370896
978.7327761110862,0.0003268298370560609,0.02531262799844944,-0.4999258052172678,952.5757593640518,-63.3597915345964
979.381627957139,0.0002993388015364689,0.02551582369793857,-0.4834346687333602,953.1477197820578,-63.66614333886521
981.6114019231776,0.00020497230291990098,0.026077874488941402,-0.425874649850971,955.1506398767626,-64.64537882193699
983.8411758892162,0.00011167727477901208,0.026430703886548796,-0.36729464295527753,957.2069614925956,-65.50673602649631
984.4900277352691,8.490055290987239e-05,0.026494418657107617,-0.35012351446250006,957.8145229246862,-65.7345023117568
985.1388795813219,5.8336290636406196e-05,0.02654091425112167,-0.3329161880846802,958.4258859105098,-65.95183970564649
987.3686535473605,-3.0937354345218436e-05,0.026570748825048583,-0.2736664919910698,960.5535900750968,-66.61764723310618
989.5984275133991,-0.0001163784485648337,0.026405796210498395,-0.214567437242121,962.716943015357,-67.15649624804412
990.2472793594519,-0.00014038767699696043,0.02632243367886102,-0.1974605384274086,963.3520718516284,-67.28919463358595
990.8961312055047,-0.00016398184941891251,0.026223689796449744,-0.18041184652186046,963.9893744895675,-67.41107735892557
993.1259051715433,-0.00024160023182684355,0.025770428939048285,-0.12241332822561801,966.1933454641966,-67.74711772291695
995.3556791375819,-0.0003133919726583565,0.02515059268011583,-0.06561119193589159,968.4130123541873,-67.95620521166451
996.0045309836348,-0.00033310171736269646,0.024940798530017204,-0.04936008803468726,969.0607789356999,-67.99345268684152
996.6533828296876,-0.00035226426076402737,0.024718428702276744,-0.03324803389973803,969.7090838537006,-68.02025538529031
998.8831567957262,-0.0004137625152363426,0.023863104105465886,0.020938925194757183,971.9385143853817,-68.03358196853456
1001.1129307617648,-0.0004683112817866196,0.022878400195498756,0.07307446045866124,974.1655857208423,-67.92845030282064
1001.7617826078176,-0.00048284083323992476,0.022569777492320753,0.08781889870654976,974.8123178413617,-67.87628083529728
1002.4106344538704,-0.0004967638167429301,0.022251933916163945,0.10236137951098186,975.458248705943,-67.81467413373248
1004.640408419909,-0.0005399180553057125,0.02109480394606492,0.15070447158040942,977.6698818333642,-67.53281560057843
1006.8701823859476,-0.000575823960501378,0.019849530850813948,0.19636915574431255,979.8659241657648,-67.14735414156607
1007.5190342320005,-0.0005849147217596383,0.019472925191222488,0.20912603127839496,980.5014611669982,-67.01667882276232
1008.1678860780534,-0.0005934035278749381,0.019090605008038105,0.22163796939625027,981.1353306447567,-66.87799663440573
1010.3976600440919,-0.0006180153199537916,0.017738733055460226,0.2627072927193019,983.2997147146317,-66.34275643077034
1012.6274340101305,-0.0006357554837751367,0.016339643458543794,0.30070960482003556,985.4413415543743,-65.72237205872356
1013.2762858561834,-0.0006396632043854302,0.01592584484580036,0.31117686878967876,986.0600395453769,-65.52692709142602
1013.9251377022363,-0.00064302268767651,0.015509662185509867,0.3213760317577607,986.6767141230065,-65.32509955295173
1016.1549116682748,-0.000650488760728647,0.01406642560869217,0.35435187453697753,988.7801053024235,-64.58546507210829
1018.3846856343134,-0.0006519407680249599,0.01261324638018045,0.38409854103742097,990.8593423898367,-63.780218295998736
1019.0335374803662,-0.0006512908741454896,0.012190435285427263,0.3921449198196537,991.459914239463,-63.534649227346996
1019.6823893264191,-0.0006501786584777737,0.011768160549811205,0.39991811685529877,992.0585452959026,-63.284329862324796
1021.9121632924576,-0.0006429770457407611,0.010325532218568488,0.4245460935840161,994.1012194706891,-62.390445270501125
1024.1419372584962,-0.0006309003042805919,0.008904397073474237,0.44598129769051903,996.1228166466835,-61.449734889092134
1024.790789104549,-0.0006265380027974377,0.008496451128623812,0.4516259796446875,996.7073963705939,-61.168198331013
1025.4396409506019,-0.0006218155001104994,0.008091413627117,0.457007678802486,997.2904258962895,-60.88343186088012
1027.6694149166406,-0.0006030053585736289,0.006725202820447389,0.4735179867072851,999.2828990652147,-59.8825461391379
1029.899188882679,-0.0005805680792061012,0.005404978226427202,0.48703322275313254,1001.2601521275444,-58.851846902089896
1030.548040728732,-0.0005734274846320577,0.005030598200019998,0.4904182073382963,1001.8330349155093,-58.54720475508645
1031.196892574785,-0.0005660324193624335,0.004660895364959833,0.4935623377599766,1002.404922677092,-58.24068165668511
1033.4266665408236,-0.0005388456045345829,0.0034286363293265882,0.5025694911626513,1004.3635477250764,-57.175027166561264
1035.656440506862,-0.0005092644180448778,0.0022596671994143036,0.5088995465402996,1006.3139565690152,-56.094376918318225
1036.3052923529149,-0.0005002731050006835,0.001932157634834774,0.5102589449452951,1006.8803668612335,-55.77785664783737
1036.9541441989677,-0.000491128066004994,0.001610496363992823,0.511408066641669,1007.4463761364109,-55.460614019587
1039.1839181650064,-0.0004586850179538432,0.0005513283551737618,0.5138045543147537,1009.3893463710078,-54.36665251671705
1041.4136921310449,-0.0004249839129937561,-0.00043409639845023594,0.5139215521314147,1011.3309420978479,-53.270249018352956
1042.0625439770977,-0.00041500016939210863,-0.0007065954991621469,0.5135510139235057,1011.8960350345203,-52.95137839310643
1042.7113958231505,-0.0004049529602389686,-0.0009726270819449462,0.5130059010810185,1012.4612665898278,-52.63275485951441
1044.9411697891892,-0.0003700796032501421,-0.0018367507535740199,0.5098592577272268,1014.4055617466419,-51.54114462901289
1047.1709437552277,-0.00033493740190443193,-0.0026228149906070905,0.5048728413545316,1016.3542750145174,-50.457452627700796
1047.8197956012805,-0.0003247109631800358,-0.0028368069503258873,0.5031012131661082,1016.9224519771982,-50.14410791356835
1048.4686474473333,-0.00031449749156970167,-0.003044193206272202,0.5011928544607082,1017.4911956374052,-49.831797990064466
1050.698421413372,-0.0002796128101671216,-0.0037064579988457555,0.49365230039158964,1019.4506299874253,-48.76760848131362
1052.9281953794105,-0.0002452719469920476,-0.004291544132877258,0.4847210910111417,1021.4187547606488,-47.71959645987888
1053.5770472254635,-0.00023542102086671724,-0.004447477949795537,0.48188562876485497,1021.9932920363235,-47.41807152791902
1054.2258990715163,-0.0002256438689575101,-0.004597063495434259,0.4789508936319306,1022.5686880705894,-47.11819468048407
1056.455673037555,-0.00019269712664417283,-0.005063249720824104,0.46816732714001796,1024.5529889539403,-46.101136654125234
1058.6854470035935,-0.00016091662847811372,-0.005457272388356708,0.4564247249507082,1026.5486116414365,-45.10649535632085
1059.3342988496463,-0.0001519169726670918,-0.0055587488954239326,0.4528506326861853,1027.1315555451313,-44.821562994588824
1059.9831506956991,-0.00014303567985076595,-0.0056544379790347534,0.44921232480308204,1027.7155156656943,-44.53872445250278
1062.2129246617378,-0.00011348191786654145,-0.005940129183776253,0.43627377899572456,1029.730237462598,-43.58335651576047
1064.4426986277763,-8.5526125219645e-05,-0.006161703734660274,0.42276968920048835,1031.7574087957905,-42.654710503510245
1065.091550473829,-7.771014529487105e-05,-0.0062146483823661055,0.41875435199213223,1032.3496686072112,-42.38968657775222
1065.740402319882,-7.00413647959242e-05,-0.006262577368019586,0.4147059767913205,1032.9429864977146,-42.1270432649717
1067.9701762859206,-4.4849715718233374e-05,-0.006390324168641254,0.4005893673217401,1034.9900111263848,-41.24301639908732
1070.199950251959,-2.1508134928143655e-05,-0.006463961903039444,0.3862482368554843,1037.0494044181441,-40.388205302336935
1070.848802098012,-1.5072733287597448e-05,-0.006475818177877268,0.38205018099022203,1037.6509680840395,-40.14503916897903
1071.4976539440647,-8.798963146913452e-06,-0.006483554273681677,0.3778454255740303,1038.2535444449863,-39.904394297526366
1073.7274279101034,1.151078602890006e-05,-0.006480169862727949,0.3633843259728444,1040.3319130322086,-39.09681253321982
1075.9572018761419,2.987754944283972e-05,-0.006433665511339318,0.34897884670339274,1042.4217211615332,-38.319310807299736
1076.606053722195,3.48559957422745e-05,-0.00641265498018712,0.3448111715083568,1043.0319238838808,-38.09871929477134
1077.2549055682478,3.9670752145549556e-05,-0.006388466129838941,0.3406578119776478,1043.6430372750783,-37.880661619587244
1079.4846795342864,5.4969603140980724e-05,-0.006282599121578957,0.3265250619262288,1045.7498873730242,-37.15060196158403
1081.714453500325,6.836489931103108e-05,-0.006144741382155333,0.3126640374234416,1047.8667518474765,-36.45010082505301
1082.3633053463777,7.191061916405224e-05,-0.006099225377698054,0.3086918282584868,1048.4845414896772,-36.251748830850346
1083.0121571924305,7.530054821874578e-05,-0.006051454888400184,0.3047495518361549,1049.103110813318,-36.05583796641895
1085.2419311584692,8.577794684812534e-05,-0.005871543255544233,0.2914527802855062,1051.2345486908905,-35.40102172333376
1087.4717051245077,9.449382812257467e-05,-0.005670233284762052,0.27858102773839916,1053.374375514515,-34.774147465458846
1088.1205569705605,9.670941227398132e-05,-0.00560819723684669,0.27492209731842804,1053.9985374688563,-34.596864591167616
1088.7694088166133,9.878452852087155e-05,-0.0055447624900966256,0.2713035733502027,1054.6233409270824,-34.42185058804576
1090.999182782652,0.00010487120708117151,-0.005317422012835694,0.25919126374296075,1056.7751450530975,-33.83741714746139
1093.2289567486905,0.0001094114582885192,-0.005078233709907346,0.24759908099995553,1058.9337290875842,-33.27852642274601
1093.8778085947433,0.00011045562296677449,-0.005006900412712332,0.24432730827455446,1059.5630524847907,-33.12054089687012
1094.5266604407961,0.0001113796371536853,-0.0049349204731233085,0.24110177355322268,1060.1928868931052,-32.964598812270836
1096.7564344068348,0.00011367244143853294,-0.004683773851612139,0.2303773329376035,1062.3610019974967,-32.44391291599367
1098.9862083728733,0.00011467907811583283,-0.004428948726321026,0.22021699363626948,1064.5344402201322,-31.945894115805068
1099.6350602189264,0.00011474564723104506,-0.0043545164508787025,0.21736752645779428,1065.1678233739408,-31.805063428598128
1100.2839120649792,0.00011471511697254842,-0.004280063726057839,0.21456615382572355,1065.801603207117,-31.666022435670037
1102.5136860310179,0.00011390691258645438,-0.004024989099576697,0.20530750177014162,1067.9824331615905,-31.201446535336547
1104.7434599970563,0.00011209285721883695,-0.00377283799636106,0.19661434907805098,1070.167348867216,-30.75646311876793
1105.3923118431092,0.0001113917596393246,-0.0037003342870505274,0.19418997602164087,1070.803852534493,-30.630483781683044
1106.041163689162,0.00011061738840121332,-0.0036283005210812212,0.19181233770729625,1071.440658133771,-30.50603374971598
1108.2709376552007,0.00010743515758611067,-0.003385061558357954,0.18399470062272458,1073.6311954861462,-30.089611285565805
1110.5007116212391,0.00010352630107794979,-0.003149728356586843,0.17671061741478286,1075.8248176409434,-29.689740360815424
1111.149563467292,0.0001022675127111329,-0.0030829650979189716,0.17468868168485807,1076.4636797751684,-29.576324688448203
1111.7984153133448,0.0001009584454093414,-0.0030170267231966912,0.17270968979921963,1077.1027686681607,-29.46418879676065
1114.0281892793835,9.611222891677513e-05,-0.0027972287766424653,0.16622955627709693,1079.3006099848474,-29.088204296807884
1116.257963245422,9.080094099801617e-05,-0.002588755299536384,0.16022689699041212,1081.5007573244513,-28.725944225384158
1116.906815091475,8.91818260787628e-05,-0.002530366571112864,0.15856622126173212,1082.1413835660544,-28.62295795271593
1117.5556669375278,8.753339641917753e-05,-0.0024730306419320693,0.1569430262907674,1082.7821790072921,-28.52102577275069
1119.7854409035665,8.16771924463859e-05,-0.002284336643282449,0.15164157409096582,1084.985472893404,-28.178427253362905
1122.015214869605,7.558787569157046e-05,-0.0021089605501974228,0.14674601889734568,1087.1904863921977,-27.847066387215534
1122.6640667156578,7.378403751063592e-05,-0.0020605032247263547,0.14539342193050178,1087.8324282418885,-27.752625976077216
1123.3129185617106,7.196899067997004e-05,-0.0020132138392153684,0.14407186300653615,1088.4744965681793,-27.65904635909101
1125.5426925277493,6.567352204369237e-05,-0.0018597508792106987,0.13975656135367884,1090.6818612558877,-27.343731189474035
1127.7724664937878,5.9339766518605955e-05,-0.001720368076829165,0.13576774962933813,1092.8905171154956,-27.03758366324509
1128.4213183398406,5.7499195095400826e-05,-0.0016824654630669344,0.1346638506577168,1093.5334462230514,-26.950115808517538
1129.0701701858934,5.566220053987438e-05,-0.0016457511000714713,0.1335841662951257,1094.1764710504349,-26.863352413702945
1131.299944151932,4.9398659126035514e-05,-0.0015286416263055227,0.1300476483206402,1096.3869060195489,-26.570328605732424
1133.5297181179706,4.3250884246657626e-05,-0.0014253693675170152,0.1267568310710748,1098.5983290106963,-26.2848520935324
1134.1785699640234,4.1491067380771786e-05,-0.0013978798145065112,0.1258409471917636,1099.2420125194344,-26.203120229231452
1134.8274218100762,3.974612082478974e-05,-0.001371523737253073,0.12494256334476245,1099.885770369044,-26.12197467739561
1137.057195776115,3.387950509051735e-05,-0.001289481978514632,0.12197822601700865,1102.0985751923936,-25.847415933222777
1139.2869697421534,2.82415755558104e-05,-0.001220266487542131,0.11918252342804478,1104.3121619300707,-25.579231193131957
1139.9358215882064,2.664908646620527e-05,-0.0012024612554659847,0.11839656274023679,1104.9564410558978,-25.50233497735077
1140.5846734342592,2.5079360364447567e-05,-0.0011856795859386642,0.11762187099567896,1105.600780336881,-25.425943687888648
1142.814447400298,1.986974705975698e-05,-0.0011356226588692512,0.11503597709899809,1107.8154856408232,-25.167159469183424
1145.0442213663364,1.496284262345232e-05,-0.0010968445057427565,0.11254912427686302,1110.0308403788115,-24.913993372177995
1145.6930732123892,1.3594922433951873e-05,-0.0010875820188440471,0.11184045991533563,1110.6756126158243,-24.841347497182383
1146.341925058442,1.2254524953691194e-05,-0.0010791969284027138,0.1111375792143711,1111.320436214263,-24.769158558583374
1148.5716990244807,7.864498562721145e-06,-0.0010568300349980255,0.108757898607827,1113.536746688728,-24.524500923651345
1150.8014729905192,3.81644777530351e-06,-0.001043870644001233,0.10641760281592043,1115.753628448293,-24.28507442189858
1151.450324836572,2.7040340307444296e-06,-0.0010417572218318289,0.10574097865804749,1116.398832903464,-24.21637290541906
1152.0991766826248,1.621184575384645e-06,-0.0010403556706075623,0.10506555764314963,1117.0440838238467,-24.14810908912064
1154.3289506486635,-1.8723538168065133e-06,-0.0010407010772852758,0.10274678912912014,1119.261831081587,-23.916836871286108
1156.558724614702,-5.0140285981770235e-06,-0.0010484439967597505,0.10041900304554904,1121.4801096473361,-23.690717714094923
1157.2075764607548,-5.862302312989713e-06,-0.0010519741207333237,0.09973757031762336,1122.1257147730569,-23.625889271558712
1157.8564283068076,-6.681209881241334e-06,-0.0010560455276555744,0.09905373393762698,1122.771364101287,-23.561502710784545
1160.0862022728463,-9.272541752193008e-06,-0.0010738950322764162,0.096680094486524,1124.9904669525054,-23.343621373589464
1162.3159762388848,-1.1525500700900856e-05,-0.0010971453736740553,0.09426063335209083,1127.2100855126591,-23.13105885382115
1162.9648280849378,-1.2118826320989925e-05,-0.0011048173384475032,0.09354624918320757,1127.8560786468454,-23.070218171331476
1163.6136799309907,-1.268470090746787e-05,-0.0011128663291689951,0.09282682321306747,1128.5021152711283,-23.00984142860224
1165.8434538970293,-1.4423623338130845e-05,-0.0011431462018729138,0.09031228096532681,1130.7225457105549,-22.80593407419264
1168.0732278630678,-1.5854954747078313e-05,-0.0011769605493154804,0.08772628090585796,1132.943488812568,-22.607690085409242
1168.7220797091206,-1.621576865241258e-05,-0.0011873658565294029,0.08695921639456566,1133.5898672119076,-22.551088919764123
1169.3709315551735,-1.6552268065698193e-05,-0.0011979987075463106,0.08618537843147432,1134.236289017892,-22.494986266174298
1171.6007055212121,-1.752857292856406e-05,-0.0012360442806063395,0.08347204514522272,1136.4580431830896,-22.306048140617037
1173.8304794872506,-1.8239629030296085e-05,-0.0012759710704414522,0.080671781486544,1138.6803095915302,-22.12323566447131
1174.4793313333034,-1.8399295936159124e-05,-0.0012878580659750817,0.0798399899418345,1139.3270728930088,-22.071216777155822
1175.1281831793563,-1.853854083802275e-05,-0.001299843561883529,0.07900049716125798,1139.9738793902936,-22.019738588771226
1177.357957145395,-1.886771009244795e-05,-0.001341587509673927,0.07605569160122798,1142.1969534933257,-21.847024299505236
1179.5877311114334,-1.8980504709401047e-05,-0.0013838241972314882,0.07301725712402278,1144.4205341351153,-21.68096137672825
1180.2365829574862,-1.8975499852949915e-05,-0.0013961381863180436,0.0721153450653294,1145.0676783249032,-21.633917432669627
1180.885434803539,-1.8954340837957862e-05,-0.0014084452905976028,0.07120547984125239,1145.7148647926172,-21.587459741530665
1183.1152087695777,-1.8765258327239676e-05,-0.0014505290594435396,0.06801793400880235,1147.9392363698514,-21.432349492713627
1185.3449827356162,-1.841107173465777e-05,-0.0014920071446379293,0.06473722615300574,1150.1640977355821,-21.28443395096
1185.9938345816693,-1.827984333175655e-05,-0.0015039104598164562,0.06376525291336428,1150.8116107289593,-21.24277273119662
1186.642686427722,-1.813678157404014e-05,-0.0015157263642035642,0.06278560990212906,1151.4591639806029,-21.201743199640745
1188.8724603937608,-1.7561727133973387e-05,-0.001555547492869087,0.059361224622473875,1153.6847787600643,-21.065631814489976
1191.1022343597992,-1.687190234992476e-05,-0.0015939584241525505,0.05584961943752674,1155.9108519636102,-20.937239659022378
1191.751086205852,-1.665232702955375e-05,-0.001604834196951618,0.054811829822763496,1156.5587108313086,-20.901356280588605
1192.3999380519049,-1.6425047705622716e-05,-0.001615566464650367,0.05376704656606522,1157.2066066228879,-20.866147226428296
1194.6297120179436,-1.5591653352093497e-05,-0.0016512741028654983,0.050124529159626854,1159.4333709944078,-20.750357634864436
1196.859485983982,-1.4690261254279859e-05,-0.0016850476502477082,0.04640454808380122,1161.660546315072,-20.642766084971836
1197.5083378300349,-1.4417650100825866e-05,-0.001694490524057841,0.0453081223808447,1162.308716072746,-20.613022391925682
1198.1571896760877,-1.4141072573775132e-05,-0.0017037565226826709,0.04420563562671632,1162.9569180565775,-20.583990975625017
1200.3869636421264,-1.3166110266836229e-05,-0.001734205906722648,0.040372286584117664,1165.1846966970613,-20.48971216569758
1202.6167376081648,-1.216444741646988e-05,-0.0017624515771044356,0.03647349918937654,1167.4128229879298,-20.404046779576685
1203.265589454218,-1.187006952713417e-05,-0.0017702484332904704,0.035327386867153115,1168.0612567386834,-20.380757645813702
1203.9144413002707,-1.1574946370855721e-05,-0.0017778551265056487,0.034176278954335976,1168.7097167398244,-20.358212918604075
1206.1442152663094,-1.0559932677561671e-05,-0.0018025315499919487,0.03018413354301542,1170.9383345317979,-20.28646101616392
1208.3739892323479,-9.552803382472138e-06,-0.0018249535125826944,0.02613947875413632,1173.1672225004165,-20.223665139252017
1209.0228410784007,-9.262936491663355e-06,-0.0018310572318675018,0.024953364589613457,1173.8158626193203,-20.20709109572788
1209.6716929244535,-8.974942099130002e-06,-0.0018369743349589236,0.02376334667861997,1174.4645219148815,-20.191287290121537
1211.9014668904922,-8.003443499261625e-06,-0.0018558967884917683,0.019645817495107697,1176.693769001275,-20.14288741995088
1214.1312408565307,-7.0670743622960884e-06,-0.0018726921851194929,0.015488466945389953,1178.9231971354247,-20.103711302489486
1214.7800927025835,-6.802499611697949e-06,-0.0018771912502741665,0.014271901456926127,1179.5719771294887,-20.09405666535597
1215.4289445486363,-6.541788795421726e-06,-0.0018815205225024925,0.01305246368482824,1180.2207683612373,-20.08519188345918
1217.658718514675,-5.6782372318639424e-06,-0.0018951342635006292,0.008841574013732078,1182.4504070521662,-20.06077776407692
1219.8884924807135,-4.869616537519478e-06,-0.0019068837214150632,0.004602407242320548,1184.6801289037821,-20.0457841075496
1220.5373443267663,-4.645526300718793e-06,-0.0019099701382542524,0.0033641180700124005,1185.3289755759877,-20.04319963422276
1221.186196172819,-4.426665062454043e-06,-0.0019129132506497306,0.0021238616907278195,1185.9778249271797,-20.04141894901903
1223.4159701388578,-3.7163204926566145e-06,-0.0019219792253831831,-0.0021518903512738655,1188.20759721662,-20.041446761410494
1225.6457441048963,-3.073429566392327e-06,-0.0019295364954771152,-0.006446175432549148,1190.4373488570996,-20.051029145082527
1226.2945959509493,-2.8995374238163325e-06,-0.0019314738047795778,-0.007698787171349465,1191.0861844423173,-20.055618174065817
1226.9434477970021,-2.731665383330171e-06,-0.001933300431686157,-0.008952632790430216,1191.7350137531182,-20.06102009568703
1229.1732217630408,-2.2016797172746805e-06,-0.0019387868820630568,-0.013269776877021367,1193.9646483822958,-20.085793004369442
1231.4029957290793,-1.745272048178034e-06,-0.0019431736153504566,-0.0175979284475608,1196.1941550614706,-20.120203561329355
1232.0518475751321,-1.6264520056644322e-06,-0.0019442670975307011,-0.018859112389273736,1196.8428990722682,-20.13203058180222
1232.700699421185,-1.5139141948891068e-06,-0.0019452855351865179,-0.02012099484292564,1197.4916276408142,-20.144675837353628
1234.9304733872236,-1.1753233898662058e-06,-0.0019482699943352548,-0.02446199419184855,1199.720845911577,-20.19437558692809
1237.160247353262,-9.106602329167338e-07,-0.0019505818934943324,-0.028808898381706236,1201.9498272385017,-20.25375843805151
1237.809099199315,-8.474075208570263e-07,-0.0019511519578237079,-0.0300747173959813,1202.5983978444879,-20.272859094635535
1238.4579510453677,-7.902585464245633e-07,-0.001951682823993941,-0.03134090656233325,1203.246943747077,-20.292780737509144
1240.6877250114064,-6.399574087629606e-07,-0.0019532644421283783,-0.03569452931780302,1205.4754635884733,-20.36750302665638
1242.917498977445,-5.591396381434283e-07,-0.0019545883888004417,-0.04005139144965386,1207.7036368519143,-20.45193030491364
1243.5663508234977,-5.483129084056781e-07,-0.001954947473995757,-0.04131974020025983,1208.3519517025316,-20.47832194052724
1244.2152026695505,-5.430441857798397e-07,-0.0019553010820212375,-0.042588332004056546,1209.0002325520907,-20.50553590329474
1246.4449766355892,-5.66349807463838e-07,-0.0019565265467426343,-0.0469495553589974,1211.227770631421,-20.60532658268019
1248.6747506016277,-6.509219120352255e-07,-0.0019578722829367893,-0.051313645312369684,1213.454852153054,-20.714834249551288
1249.3236024476807,-6.864975113343129e-07,-0.001958306071944107,-0.052584148181787325,1214.102828630814,-20.748526203975867
1249.9724542937336,-7.268145556632419e-07,-0.0019587641412466936,-0.053854950496657256,1214.7507617683784,-20.78304152766035
1252.2022282597723,-9.001271982072719e-07,-0.001960568647031932,-0.058224481372148286,1216.9770336850356,-20.90793110532683
1254.4320022258107,-1.1237609859028257e-06,-0.0019628157032251987,-0.06259852928135,1219.202738323962,-21.042552234079494
1255.0808540718635,-1.1976254603327698e-06,-0.001963568806133136,-0.06387234295202703,1219.8502932763718,-21.083555258488072
1255.7297059179164,-1.2752237130547141e-06,-0.001964370653310561,-0.06514666905929414,1220.497795449596,-21.125383375105397
1257.959479883955,-1.5687273475215266e-06,-0.0019675343331767084,-0.06953016933266377,1222.722514237951,-21.27541781693595
1260.1892538499935,-1.8999253047720406e-06,-0.0019713944847157307,-0.0739215003842379,1224.9465533283767,-21.435211531990273
1260.8381056960463,-2.0026531060164518e-06,-0.0019726606463417377,-0.07520104701030794,1225.5936023696465,-21.48354583075676
1261.4869575420992,-2.108013441138544e-06,-0.0019739939030904755,-0.07648144258282683,1226.2405889930988,-21.53270842772489
1263.7167315081379,-2.48837814085354e-06,-0.001979113820066887,-0.08088854826972598,1228.463462284846,-21.707974765380058
1265.9465054741763,-2.893176710265714e-06,-0.0019851091053515917,-0.08530804615093962,1230.6855403890042,-21.89304955571339
1266.5953573202291,-3.014826291852591e-06,-0.001987025940972523,-0.08659670318633474,1231.3319968873961,-21.94875112113362
1267.244209166282,-3.1379934377478552e-06,-0.001989021800386252,-0.0878866328670382,1231.9783810022761,-22.00528627061938
1269.4739831323207,-3.571088240556127e-06,-0.0019964995140580766,-0.09232985685770069,1234.1991072629837,-22.20593206084996
1271.7037570983591,-4.015776107221169e-06,-0.0020049558562020148,-0.0967908455197788,1236.4189181645263,-22.41646271745665
1272.3526089444122,-4.146671962354279e-06,-0.0020076041345971516,-0.09809261831475927,1237.0646920399615,-22.479587777859802
1273.001460790465,-4.2780524836083715e-06,-0.0020103371434380384,-0.09939613800428264,1237.7103830979431,-22.54355416897357
1275.2312347565037,-4.731630050062315e-06,-0.0020203818978151394,-0.10388974624127403,1239.9286473646007,-22.769800380511853
1277.4610087225421,-5.18533355300664e-06,-0.002031438168046451,-0.10840687973592962,1242.145869721549,-23.006038339984997
1278.109860568595,-5.316798031920983e-06,-0.0020348455207901428,-0.10972608293056238,1242.7908661730564,-23.07666589638866
1278.7587124146478,-5.447856898570615e-06,-0.002038337747540319,-0.11104752370192413,1243.4357687625402,-23.14814516254913
1280.9884863806865,-5.8938163018975915e-06,-0.0020509841587651625,-0.11560647261867422,1245.6512382764215,-23.40029259501143
1283.218260346725,-6.330479293975166e-06,-0.0020646145942095624,-0.12019471724973056,1247.8655313055149,-23.662569989823563
1283.8671121927778,-6.455340553125192e-06,-0.002068762837106108,-0.12153568849729636,1248.5096495718053,-23.740802564217237
1284.5159640388306,-6.5791012362551704e-06,-0.0020729915192677535,-0.12287937512299744,1249.1536621875152,-23.819899844026338
1286.7457380048693,-6.994973952435027e-06,-0.0020881281084679758,-0.12751838430207435,1251.3659822498687,-24.09832966614116
1288.9755119709077,-7.3945429578071055e-06,-0.0021041738230289657,-0.13219215822571512,1253.5769817380608,-24.38705782684584
1289.6243638169608,-7.50743450039856e-06,-0.0021090085887644546,-0.13355902134779196,1254.2201139709953,-24.473020665714824
1290.2732156630136,-7.618736995519799e-06,-0.002113915947737848,-0.1349290417138845,1254.863127903826,-24.559863651920033
1292.5029896290523,-7.98843124944607e-06,-0.0021313200377319737,-0.1396618511854929,1257.071918196285,-24.865033009976443
1294.7327635950908,-8.33734523014564e-06,-0.002149525294692773,-0.14443436105449503,1259.2792330463187,-25.180696470914164
1295.3816154411436,-8.434794209782405e-06,-0.0021549667649772802,-0.14583084835218327,1259.9212633508641,-25.2745355257069
1296.0304672871964,-8.530381947167861e-06,-0.0021604707965527147,-0.1472308827102104,1260.56316174862,-25.369272330120424
1298.260241253235,-8.84430770902824e-06,-0.0021798458516318567,-0.1520697199032122,1262.7680132698129,-25.701706192925638
1300.4900152192736,-9.135416373661023e-06,-0.002199895451717373,-0.15695251113106695,1264.971222696971,-26.04485341432263
1301.1388670653264,-9.215792712894742e-06,-0.002205849179963722,-0.15838184817899598,1265.6120263653697,-26.146732457797327
1301.7877189113792,-9.294227988733921e-06,-0.002211854434506052,-0.159815060915274,1266.2526834893174,-26.249528653080073
1304.017492877418,-9.54892550796865e-06,-0.0022328666326412003,-0.16477032174424824,1268.4531561722426,-26.609809142395196
1306.2472668434564,-9.780957504849174e-06,-0.002254421479178115,-0.16977304001723284,1270.6518075852591,-26.981041199354834
1306.8961186895092,-9.844282432452211e-06,-0.002260788499321621,-0.17123789104951762,1271.2912505292663,-27.091138439733907
1307.544970535562,-9.905761409898221e-06,-0.002267196069810227,-0.17270688256587716,1271.930531207845,-27.202173638516957
1309.7747445016007,-1.0103150676761053e-05,-0.0022895075907168536,-0.17778701466634894,1274.1261522040293,-27.59092806753444
1312.0045184676392,-1.0279845773414403e-05,-0.0023122361734109133,-0.1829173613920388,1276.319759728698,-27.990886494070992
1312.6533703136922,-1.0327528637387416e-05,-0.00231892178509114,-0.1844198293252102,1276.9576980929323,-28.1093910245334
1313.302222159745,-1.0373591693319505e-05,-0.0023256379141577996,-0.18592664168665052,1277.5954573535546,-28.228855329279174
1315.5319961257837,-1.0519950633441286e-05,-0.0023489350764735414,-0.19113820521934544,1279.7857199029836,-28.646744059476404
1317.7617700918222,-1.0648959224037875e-05,-0.0023725392424648255,-0.19640205843245603,1281.9737634451953,-29.076098896236598
1318.410621937875,-1.0683455380286496e-05,-0.0023794600406485114,-0.19794373058084003,1282.6100433676713,-29.20320727202432
1319.0594737839278,-1.0716658004003219e-05,-0.0023864029335036833,-0.19948989771057835,1283.2461262110542,-29.331297881809448
1321.2892477499665,-1.0821425236635596e-05,-0.0024104179012107247,-0.20483777013074336,1285.4304889640189,-29.779002932340493
1323.519021716005,-1.0913066136805802e-05,-0.0024346518417883846,-0.21023943463069975,1287.6124136622402,-30.238441831198166
1324.1678735620578,-1.0937517872214401e-05,-0.0024417407165573,-0.21182146314696543,1288.2468711357938,-30.374355006534355
1324.8167254081106,-1.0961050832115027e-05,-0.002448845301971752,-0.2134080944281031,1288.8811124054557,-30.51127320553548
1327.0464993741493,-1.10355362361565e-05,-0.0024733705956275403,-0.21889577976599783,1291.0589990263074,-30.989488329218073
1329.2762733401878,-1.1101491291141191e-05,-0.002498052464522984,-0.22443832552889212,1293.234214914578,-31.479707335734425
1329.9251251862406,-1.111933735167062e-05,-0.002505261433430537,-0.22606153042669597,1293.8666756958519,-31.62462812329137
1330.5739770322934,-1.1136654153282239e-05,-0.002512481949335903,-0.2276894154819464,1294.4988999890343,-31.770576805548163
1332.8037509983321,-1.1192728723875143e-05,-0.0025373774423617544,-0.2333194155921936,1296.669698854993,-32.2799994994211
1335.0335249643706,-1.1244741624010358e-05,-0.002562393440701746,-0.23900506137446748,1298.8375805487024,-32.80169588240097
1335.6823768104236,-1.125935064531684e-05,-0.0025696942934832034,-0.24067004354440222,1299.467860060384,-32.95582702406236
1336.3312286564765,-1.1273784479166066e-05,-0.0025770046891792865,-0.24233976559528372,1300.0978816263712,-33.11100883486363
1338.5610026225152,-1.1322611138855023e-05,-0.00260219715159151,-0.24811397011901992,1302.260945439131,-33.65233449718353
1340.7907765885536,-1.1371249037510701e-05,-0.002627498275971135,-0.2539444692853961,1304.4208316692639,-34.206201738458084
1341.4396284346064,-1.1385557030671064e-05,-0.0026348811129788176,-0.2556517210980374,1305.0487348468314,-34.36974460189576
1342.0884802806593,-1.1399979878954023e-05,-0.002642273359990902,-0.2573637665531284,1305.6763574249858,-34.53436070212948
1344.318254246698,-1.1450839848555803e-05,-0.0026677489452188873,-0.26328381967497755,1307.831002580477,-35.10827889572181
1346.5480282127364,-1.150437042537719e-05,-0.002693340914108227,-0.26926080734816643,1309.9821954386261,-35.69500370642504
1347.1968800587892,-1.152057367847321e-05,-0.0027008107502278786,-0.2710108091708171,1310.6075164852177,-35.86815755139933
1347.845731904842,-1.153707619181596e-05,-0.002708291243347755,-0.2727656618840496,1311.2325330481588,-36.042406941226155
1350.0755058708808,-1.159634146361525e-05,-0.002734081614988283,-0.2788332671219372,1313.3780386606377,-36.649599488040906
1352.3052798369192,-1.1659775281322481e-05,-0.0027600087822465284,-0.2849585315707366,1315.519802476642,-37.26986049230566
1352.954131682972,-1.1679056825270514e-05,-0.002767580472444881,-0.28675182375791003,1316.142324508599,-37.45282218709913
1353.6029835290249,-1.1698699631223395e-05,-0.0027751647864757193,-0.28855003368615173,1316.7645168955758,-37.63690146281797
1355.8327574950636,-1.1769001057887153e-05,-0.0028013278685861923,-0.29476716279229787,1318.900123444904,-38.278041888054375
1358.062531461102,-1.1843349042929163e-05,-0.002827652218442875,-0.3010428094531161,1321.03168329934,-38.932509422620335
1358.711383307155,-1.1865689554467536e-05,-0.002835344044304517,-0.30288003108447226,1321.651177889722,-39.125473437892175
1359.360235153208,-1.1888304679075162e-05,-0.0028430503957364663,-0.30472224884222937,1322.270316340577,-39.31957680411208
1361.5900091192466,-1.1967948626326138e-05,-0.0028696470202088267,-0.31109122738280676,1324.395224002827,-39.99533048139048
1363.819783085285,-1.2049754952989995e-05,-0.0028964236434899783,-0.3175197110625457,1326.5157639737129,-40.68466681096214
1364.4686349313379,-1.2073811663872863e-05,-0.0029042499941277847,-0.3194015989130769,1327.1319906303243,-40.88782527871083
1365.1174867773907,-1.2097910945502944e-05,-0.0029120918541197267,-0.3212885699963407,1327.7478332600501,-41.09214460007463
1367.3472607434294,-1.2180628267810483e-05,-0.0029391599545547935,-0.3278120205048762,1329.8612000859714,-41.80316883272264
1369.5770347094679,-1.2261875847862687e-05,-0.00296641085732517,-0.33439603056301564,1331.9698614363904,-42.52802798734506
1370.2258865555207,-1.228499530132253e-05,-0.00297437458554065,-0.3363233746793486,1332.5825670824468,-42.741570590025106
1370.8747384015735,-1.230777936984375e-05,-0.0029823530435286122,-0.3382558901138715,1333.194859368016,-42.9562952462658
1373.1045123676122,-1.2382897139088346e-05,-0.0030098815963408927,-0.3449365247712523,1335.2957995826905,-43.70323846695796
1375.3342863336507,-1.2451347126486917e-05,-0.003037570210976234,-0.3516787203298593,1337.3916792032649,-44.464264883832584
1375.9831381797035,-1.2469686007110777e-05,-0.0030456553768462343,-0.3536522763651994,1338.000597759433,-44.68837833752822
1376.6319900257563,-1.2487196499832155e-05,-0.0030537519722505617,-0.35563108039053287,1338.6090721408077,-44.91369464717633
1378.861763991795,-1.2540231616573463e-05,-0.0030816571600348623,-0.36247134890746563,1340.6966549381962,-45.69719394467652
1381.0915379578335,-1.2580167869100661e-05,-0.0031096660003885517,-0.3693739552465374,1342.7788044516872,-46.49501915661342
1381.7403898038865,-1.2588945785679287e-05,-0.0031178316975058024,-0.37139431781996324,1343.383656643796,-46.72988607588595
1382.3892416499393,-1.259631221848663e-05,-0.0031260024074179415,-0.373419977320699,1343.988032365803,-46.9659760804446
1384.619015615978,-1.2609938419153298e-05,-0.003154108300222724,-0.38042158956034217,1346.061281650343,-47.78665237438411
1386.8487895820165,-1.2603264383768057e-05,-0.0031822219439060794,-0.38748588022940705,1348.1287076526205,-48.62188913080264
1387.4976414280693,-1.2597097325874117e-05,-0.003190397821070598,-0.38955332534975695,1348.7292011864517,-48.86768611034725
1388.1464932741221,-1.2588898286191644e-05,-0.0031985688065292507,-0.3916260694678453,1349.3291845241738,-49.1147255607375
1390.3762672401608,-1.2544230195888864e-05,-0.0032265945520246267,-0.39878942470625905,1351.3870800973127,-49.97317593534749
1392.6060412061993,-1.2471858625878466e-05,-0.00325448981152622,-0.40601512554522085,1353.438746039409,-50.84640935827156
1393.254893052252,-1.2445190599724238e-05,-0.0032625738063223487,-0.40812943339700763,1354.0345762897675,-51.10330417420449
1393.903744898305,-1.2415875489310436e-05,-0.0032706394218435554,-0.4102489749531339,1354.62986130447,-51.3614596309624
1396.1335188643436,-1.2294003843170529e-05,-0.0032981945856355843,-0.4175725401570311,1356.6713419975922,-52.258246592581706
1398.363292830382,-1.2137468743074323e-05,-0.0033254393573702475,-0.42495720109571694,1358.706172198483,-53.17002224437941
1399.0121446764351,-1.2085044663356311e-05,-0.0033332980448532072,-0.4271174731417019,1359.297023551696,-53.438170161256224
1399.660996522488,-1.20294292004206e-05,-0.0033411215001493185,-0.42928282607630835,1359.8872935145394,-53.70759520466935
1401.8907704885266,-1.1813127507086998e-05,-0.0033677107806444903,-0.43676251386531245,1361.9112627227526,-54.6432329288938
1404.120544454565,-1.1556331771656035e-05,-0.00339377261097463,-0.4443009016924167,1363.928148934018,-55.594041982591136
1404.769396300618,-1.1473720280655408e-05,-0.003401244432827383,-0.4465053879857563,1364.5136968988954,-55.87358124565283
1405.4182481466707,-1.1387493551601543e-05,-0.0034086613547790797,-0.4487146968779881,1365.0986264936712,-56.154411886159586
1407.6480221127094,-1.106299813238166e-05,-0.003433699386406904,-0.45634329946868657,1367.1039604607126,-57.129349848542034
1409.877796078748,-1.0693992262725305e-05,-0.0034579642424750496,-0.4640268692071023,1369.1017712767182,-58.11961188377873
1410.5266479248007,-1.0578091900047115e-05,-0.0034648657140536237,-0.4662728228644784,1369.6816854374692,-58.41065857285492
1411.1754997708535,-1.0458337844391604e-05,-0.0034716906856218747,-0.4685232215359275,1370.260943810056,-58.70300804889297
1413.4052737368922,-1.0017088849574088e-05,-0.003494527033928012,-0.4762899593577568,1372.246502849611,-59.71761276410602
1415.6350477029307,-9.529763722921453e-06,-0.0035163281270333517,-0.48410646288197073,1374.2240960683794,-60.747657036712134
1416.2838995489835,-9.379292246042519e-06,-0.0035224629284677346,-0.48639003868834246,1374.7980438937732,-61.05029955101217
1416.9327513950363,-9.224955198730427e-06,-0.003528498887674624,-0.48867755479217273,1375.3712985548857,-61.35425279331616
1419.162525361075,-8.665169086381413e-06,-0.0035484526535010455,-0.4965677971304921,1377.335941169087,-62.40878869426616
1421.3922993271135,-8.060719417215886e-06,-0.003567108428009489,-0.5045010847427508,1379.2921789631218,-63.47883501676408
1422.0411511731666,-7.876606665359445e-06,-0.0035722790596710565,-0.5068172976958735,1379.8598304107888,-63.79312854009994
1422.6900030192194,-7.688888965894872e-06,-0.0035773292090777405,-0.5091368188796106,1380.4267519215966,-64.1087366598036
1424.919776985258,-7.016791015250531e-06,-0.0035937318001724853,-0.5171320281921511,1382.3693515010953,-65.20334740097624
1427.1495509512965,-6.304761264719214e-06,-0.003608591245310351,-0.5251620911419496,1384.3031179650623,-66.31348799483561
1427.7984027973494,-6.0904223653299844e-06,-0.0036126126307457784,-0.5275048480838582,1384.864150732181,-66.63944934966372
1428.4472546434022,-5.8730209956502345e-06,-0.003616494203002918,-0.5298501624579994,1385.4244180137546,-66.96672456337613
1430.6770286094409,-5.103527729535457e-06,-0.003628737726135395,-0.5379281026355662,1387.343881493056,-68.10141619968174
1432.9068025754793,-4.302218645071567e-06,-0.0036392299821743123,-0.5460313906373794,1389.2541018187374,-69.25160000476478
1433.5556544215322,-4.063606729825736e-06,-0.003641944043035742,-0.548393603561018,1389.808206997896,-69.58920333099542
1434.204506267585,-3.822755471197415e-06,-0.003644502903453198,-0.5507575224125839,1390.361513013119,-69.92811475944251
1436.4342802336237,-2.979368008849102e-06,-0.003652090334976955,-0.558892752943355,1392.2568005404496,-71.10274229899386
1438.6640541996621,-2.115354604931181e-06,-0.003657774207500113,-0.5670427794782553,1394.1424607648553,-72.29276321758489
1439.312906045715,-1.8607527185897832e-06,-0.003659064028583833,-0.5694165623325735,1394.6893485781275,-72.64193689872502
1439.9617578917678,-1.6049609839942948e-06,-0.0036601886845703618,-0.5717911259929688,1395.2354060506568,-72.99240765700804
1442.1915318578065,-7.186058288649356e-07,-0.0036627805285463105,-0.5799557777665618,1397.1055504582519,-74.20666638168743
1444.421305823845,1.7490475350404468e-07,-0.0036633880233799972,-0.5881239964413477,1398.9657164883433,-75.43615676378003
1445.070157669898,4.35466772925949e-07,-0.0036631897799383486,-0.5905009380358709,1399.5051217092025,-75.79678196033846
1445.7190095159508,6.960245825145612e-07,-0.0036628229198424358,-0.5928776963042496,1400.0436684843294,-76.1586878892691
1447.9487834819895,1.5894894140055653e-06,-0.003660273484337316,-0.601042489844577,1401.8877931711559,-77.41211055456638
1450.178557448028,2.4757120716444148e-06,-0.00365573989841672,-0.609199386616516,1403.721627671626,-78.68054087465909
1450.8274092940808,2.7314417653315905e-06,-0.0036540502713771532,-0.6115708803726352,1404.253314322514,-79.05245190678659
1451.4762611401336,2.9859671951234474e-06,-0.0036521955334037027,-0.6139412267991298,1404.78411795892,-79.42562217044077
1453.7060351061723,3.849570940822386e-06,-0.0036445707811542335,-0.6220766500456147,1406.6014517932424,-80.7175827187348
1455.9358090722108,4.69218730484498e-06,-0.003635043786314267,-0.6301929510325331,1408.4082276032125,-82.02426784196004
1456.5846609182636,4.932721146852605e-06,-0.0036319208866138148,-0.6325505492859829,1408.9319925567154,-82.40725448890161
1457.2335127643164,5.170956277918037e-06,-0.003628643034433696,-0.6349060758453309,1409.4548537859137,-82.79147408372187
1459.463286730355,5.970465253195399e-06,-0.003616215496833443,-0.6429835987577515,1411.244741860384,-84.12119784803784
1461.6930606963936,6.737082484405019e-06,-0.0036020419055118095,-0.6510314644178029,1413.0238509179796,-85.46530958530644
1462.3419125424464,6.953389786091952e-06,-0.0035976000175174322,-0.653367219475571,1413.539526135927,-85.85912116209505
1462.9907643884992,7.166496737393271e-06,-0.0035930191100504135,-0.655700054105419,1414.0542809383016,-86.2541351756857
1465.220538354538,7.87308113364115e-06,-0.0035762438296538072,-0.663693256037091,1415.8161904330366,-87.6207148520494
1467.4503123205764,8.53741480022977e-06,-0.0035579401305541555,-0.6716473488711444,1417.5671476491361,-89.00129985142149
1468.0991641666294,8.722354598424907e-06,-0.003552340277285102,-0.6739541107692462,1418.07460093242,-89.40565074701769
1468.7480160126822,8.903419831926005e-06,-0.0035466218868426946,-0.6762572089722275,1418.5811211181278,-89.8111700354982
1470.977789978721,9.495147086915828e-06,-0.003526100506611554,-0.6841427301721443,1420.3146420051694,-91.2135861822567
1473.2075639447594,1.003812966776174e-05,-0.0035043140531549333,-0.6919810829190023,1422.0370839944578,-92.62958778436867
1473.8564157908122,1.0186698451833557e-05,-0.0034977522805622026,-0.6942527354866104,1422.5362182483298,-93.04416404308476
1474.505267636865,1.0330968024824053e-05,-0.003491095617460928,-0.696520108802012,1423.0344105614229,-93.45987190183615
1476.7350416029037,1.079337949528218e-05,-0.0034675346312215208,-0.7042783758306603,1424.7392513139243,-94.89701646432461
1478.9648155689422,1.120344755543419e-05,-0.0034430009289104823,-0.7119830227170909,1426.4329302921542,-96.34729898082523
1479.613667414995,1.131282152155393e-05,-0.0034356957884281174,-0.7142146492710134,1426.9236814223984,-96.77176547558466
1480.2625192610478,1.141770668212734e-05,-0.003428321165279441,-0.7164415228859835,1427.4134852944392,-97.19732485160063
1482.4922932270865,1.1743717628436765e-05,-0.0034024889058289335,-0.7240572281669126,1429.0894641127852,-98.66802616678349
1484.722067193125,1.2016508946434088e-05,-0.0033759890495285447,-0.7316145890531967,1430.7542375829232,-100.15140006377517
1485.370919039178,1.2085914354799419e-05,-0.0033681693618132775,-0.7338025664050692,1431.2365712228236,-100.58540782766359
1486.0197708852309,1.2150863714017959e-05,-0.003360306038470446,-0.7359854652786544,1431.717955383694,-101.02046864428628
1488.2495448512695,1.2340201335441888e-05,-0.0033329916670256686,-0.743447803506223,1433.364987706886,-102.52351648993168
1490.479318817308,1.2477864727979035e-05,-0.0033053127264069896,-0.7508488304060184,1435.000804776199,-104.03876311208482
1491.1281706633608,1.2508364601273043e-05,-0.00329720635694822,-0.7529908550610874,1435.474712101149,-104.48195644637926
1491.7770225094137,1.2534627077310234e-05,-0.0032890814602822105,-0.7551276229045416,1435.947670308659,-104.92616266576395
1494.0067964754523,1.2592988974315121e-05,-0.003261058075166848,-0.7624303024309699,1437.5657535412865,-106.46033212504047
1496.2365704414908,1.260327569292531e-05,-0.003232958154603531,-0.7696704108144523,1439.1726388385073,-108.00622682621493
1496.8854222875436,1.2597488050032691e-05,-0.0032247822343055487,-0.7717654645626086,1439.638131755745,-108.45824987353147
1497.5342741335965,1.2587842919057392e-05,-0.003216611156346988,-0.7738552231506408,1440.1026779334754,-108.91124599395397
1499.7640480996351,1.2525922126667912e-05,-0.0031886041916326263,-0.7809962798413556,1441.6918743936928,-110.47531916073332
1501.9938220656736,1.2421189979940508e-05,-0.0031607830261107645,-0.7880750944763829,1443.2699106002633,-112.05065196930883
1502.6426739117264,1.2383003946073248e-05,-0.003152735814280535,-0.7901233583606228,1443.7270166088942,-112.51115451759533
1503.2915257577793,1.234146134008182e-05,-0.00314471426346081,-0.7921664162821854,1444.183179687104,-112.97259127996189
1505.521299723818,1.2173945438896558e-05,-0.00311737561772924,-0.799147861859389,1445.7435987828137,-114.56537609509085
1507.7510736898564,1.1970168479675427e-05,-0.0030904509215746224,-0.8060688099430678,1447.2929087700868,-116.1689693037217
1508.3999255359095,1.1904451834993406e-05,-0.003082705337139529,-0.8080715362022799,1447.7416657760043,-116.63761166175605
1509.0487773819623,1.1835977123658254e-05,-0.003075003053287347,-0.8100692566622707,1448.1894845181514,-117.10715081398422
1511.278551348001,1.158059105665052e-05,-0.0030488908794226825,-0.816896594519487,1449.721265104033,-118.72749657227722
1513.5083253140394,1.1296429982649592e-05,-0.0030233802396422518,-0.8236663787737428,1451.2419945966071,-120.35821888065539
1514.1571771600923,1.1208771933318966e-05,-0.003016078978512889,-0.8256257301650927,1451.6824459432148,-120.83467573294024
1514.806029006145,1.1119016140977533e-05,-0.0030088350209640535,-0.8275803671886599,1452.1219640157292,-121.31199376704271
1517.0358029721838,1.0795642281677512e-05,-0.002984398812396523,-0.8342620073115542,1453.625257790113,-122.95880305341808
1519.2655769382222,1.0451596435753317e-05,-0.002960706701370555,-0.8408899897974185,1455.117559370949,-124.61558009731878
1519.914428784275,1.0348059318995758e-05,-0.0029539588088494254,-0.8428088550629652,1455.5497493144303,-125.09954330310468
1520.5632806303279,1.0243128107399322e-05,-0.0029472782845896273,-0.844723366783514,1455.9810108245492,-125.58433413543332
1522.7930545963666,9.873005446829082e-06,-0.0029248487937012352,-0.8512699689380547,1457.4559675075711,-127.25657113036037
1525.022828562405,9.490637024271312e-06,-0.002903258245326258,-0.8577674937238281,1458.9199866569463,-128.93839239767692
1525.6716804084579,9.377541971349845e-06,-0.002897137016075401,-0.8596492871985312,1459.343956477966,-129.42957274493182
1526.3205322545107,9.26376819226767e-06,-0.002891089123488111,-0.8615271341466421,1459.7670021671722,-129.92154935498021
1528.5503062205494,8.868745566060265e-06,-0.002870872717464509,-0.8679509059491209,1461.213757071323,-131.61824459529464
1530.7800801865878,8.469942475810165e-06,-0.002851541337398968,-0.8743305864396812,1462.6496207983478,-133.32416686321108
1531.428932032641,8.353648387366184e-06,-0.00284608346211705,-0.8761790391798455,1463.0654057028019,-133.822294824994
1532.0777838786937,8.237385452469753e-06,-0.0028407007771060976,-0.8780239749035275,1463.4802699439747,-134.3211899038696
1534.3075578447324,7.839183434300644e-06,-0.00282277804242209,-0.8843379496504585,1464.898934411281,-136.04144170108236
1536.5373318107709,7.445408947226285e-06,-0.002805738272034633,-0.890612945155591,1466.306742897776,-137.7705892353331
1537.1861836568237,7.332097699726347e-06,-0.0028009442298880445,-0.8924318947180729,1466.7143698184063,-138.27541480556727
1537.8350355028765,7.21948862733903e-06,-0.002796223243305875,-0.8942477558675858,1467.1210785237752,-138.78098049415465
1540.0648094689152,6.838910512808611e-06,-0.0027805519561851883,-0.9004650747582761,1468.5117335613522,-140.52395330743315
1542.2945834349537,6.470382495479542e-06,-0.0027657158377398087,-0.9066483813396146,1469.8915550924266,-142.275515154114
1542.9434352810065,6.36580682122645e-06,-0.0027615516302745085,-0.9084415676162252,1470.291041460125,-142.78680686496955
1543.5922871270593,6.262544302812382e-06,-0.002757454640148227,-0.9102320709565483,1470.6896109637917,-143.29881368669248
1545.822061093098,5.9186175210265146e-06,-0.00274387750916686,-0.9163652959503268,1472.052304257617,-145.06373383132376
1548.0518350591365,5.593460932820941e-06,-0.0027310463305252495,-0.9224690786634622,1473.40417355626,-146.83695861302505
1548.7006869051893,5.502711876793731e-06,-0.002727446641958803,-0.9242399538166889,1473.7955270631376,-147.3545018594612
1549.349538751242,5.413796725345825e-06,-0.00272390506564827,-0.9260085082540245,1474.18596399476,-147.87273697571192
1551.5793127172808,5.12301777811683e-06,-0.002712162234940491,-0.9320689934961509,1475.520710315958,-149.65888612621373
1553.8090866833193,4.8565998182633936e-06,-0.002701040615811395,-0.9381039874607797,1476.844630229952,-151.4530748292507
1554.4579385293723,4.783925325065856e-06,-0.002697913180553314,-0.9398555477131159,1477.2278495567705,-151.97666964719136
1555.1067903754251,4.7135066815298266e-06,-0.0026948320329013126,-0.9416050889385377,1477.6101516735828,-152.5009345838609
1557.3365643414638,4.489327841371413e-06,-0.0026845772412079985,-0.9476024353727525,1478.9169365238222,-154.30764159547266
1559.5663383075023,4.293826651388481e-06,-0.0026747903453173193,-0.9535774375903614,1480.2128828519621,-156.12213888908977
1560.215190153555,4.242526441302769e-06,-0.0026720211282004053,-0.9553120826713786,1480.5879592873737,-156.65159734709604
1560.864041999608,4.19378848267466e-06,-0.0026692842735843297,-0.9570449359805397,1480.962117187486,-157.18170535293518
1563.0938159656466,4.046288919730497e-06,-0.0026601033947946874,-0.9629865463581716,1482.2409033859612,-159.00833695856252
1565.323589931685,3.930413613553269e-06,-0.002651216149218281,-0.9689080128191393,1483.5088324990231,-160.8425216069485
1565.972441777738,3.902758492769779e-06,-0.0026486750500776942,-0.9706274368505239,1483.8757523421916,-161.37766497462655
1566.6212936237907,3.877856169282007e-06,-0.002646150954834023,-0.9723452117390601,1484.2417519472199,-161.91343817454302
1568.8510675898294,3.8135173179468024e-06,-0.002637582098389936,-0.9782359571476499,1485.492488749183,-163.7593891152207
1571.080841555868,3.7823068740076923e-06,-0.0026291197686113842,-0.9841077147084138,1486.7323475587104,-165.6126640343176
1571.729693401921,3.7794901554506473e-06,-0.0026266666911447345,-0.9858128310317318,1487.09109516878,-166.15331988651337
1572.3785452479738,3.7794886320020585e-06,-0.0026242145282949023,-0.9875163499695664,1487.4489208364273,-166.69458638806057
1574.6083192140125,3.8010158951569885e-06,-0.002615769277726468,-0.9933583554878129,1488.6715550835713,-168.55926951380178
1576.838093180051,3.855668956925258e-06,-0.0026072390947054123,-0.9991814353161185,1489.8832928279433,-170.43105199754623
1577.4869450261037,3.877751299218891e-06,-0.002604730310220497,-1.0008723371273252,1490.233854160408,-170.9770514044288
1578.1357968721566,3.902584252500779e-06,-0.002602206354828013,-1.0025616003315352,1490.5834922645877,-171.52364250637527
1580.3655708381953,4.00874322526553e-06,-0.0025933919822007834,-1.0083541558077547,1491.777980990768,-173.4064793492465
1582.5953448042337,4.146457303916145e-06,-0.0025843057186830188,-1.0141267540977477,1492.961562234083,-175.29619195089504
1583.2441966502865,4.192326994455271e-06,-0.002581600502696843,-1.0158027125111389,1493.3039286830176,-175.84736689202623
1583.8930484963394,4.24074444240004e-06,-0.002578864798061269,-1.0174769003245623,1493.645371478163,-176.39911453160002
1586.122822462378,4.4262072944168356e-06,-0.0025692073968450273,-1.0232165017200434,1494.8116953229703,-178.2995268085721
1588.3525964284165,4.6400342281970975e-06,-0.0025591048326441455,-1.0289340729872951,1495.96711349261,-180.20658931541365
1589.0014482744693,4.707361063984173e-06,-0.0025560723526854763,-1.0305935740485648,1496.301285837642,-180.76277044156691
1589.6503001205222,4.776897347678033e-06,-0.0025529956230000905,-1.0322510884269154,1496.6345354038892,-181.31950500237897
1591.8800740865609,5.0321234999473524e-06,-0.0025420640448366155,-1.0379316147484214,1497.772712118704,-183.23690745341875
1594.1098480525993,5.310875780548505e-06,-0.002530537141069118,-1.0435871024007632,1498.9000028410828,-185.16073033794746
1594.7586998986524,5.396096149796915e-06,-0.0025270635276477154,-1.0452279243330034,1499.2259950790385,-185.72174518775196
1595.4075517447052,5.483045732228733e-06,-0.002523534260795768,-1.0468664706756232,1499.5510671262255,-186.28329377342186
1597.6373257107439,5.794247948439383e-06,-0.0025109645241842907,-1.0524795003113334,1500.6611643948286,-188.2170886796278
1599.8670996767823,6.1225172763784575e-06,-0.0024976818490722273,-1.0580637074297325,1501.7604178300958,-190.1570683457428
1600.5159515228352,6.220844933295887e-06,-0.0024936772898865533,-1.0596830387608107,1502.078260655057,-190.72274010468513
1601.164803368888,6.320291390660937e-06,-0.0024896088176717813,-1.061299748623895,1502.395187947763,-191.28892536328402
1603.3945773349267,6.669563470821327e-06,-0.0024751282885846007,-1.0668350159949778,1503.477334693817,-193.23849901853168
1605.6243513009651,7.027936074463007e-06,-0.0024598588156508447,-1.0723371154760615,1504.548706028606,-195.19401508518305
1606.273203147018,7.133449547482246e-06,-0.0024552643808716866,-1.073931713412479,1504.8584497138004,-195.7641619513842
1606.9220549930708,7.23934998522336e-06,-0.0024506016472130724,-1.0755233072733035,1505.1672848703126,-196.33480151224666
1609.1518289591095,7.6050528501204185e-06,-0.002434051791499893,-1.0809692953012753,1506.2216801997338,-198.29952283730344
1611.381602925148,7.970625362642102e-06,-0.002416686646387425,-1.0863774719362966,1507.2653974471134,-200.26993761179335
1612.0304547712008,8.076438898799627e-06,-0.0024114803864626164,-1.0879438582018195,1507.5671138822627,-200.84437280561093
1612.6793066172536,8.181819796535593e-06,-0.0024062059247807258,-1.0895068451871652,1507.8679313020377,-201.41927936219184
1614.9090805832923,8.539338626257491e-06,-0.002387561826457145,-1.0948515004670525,1508.8948502468306,-203.39850075047576
1617.1388545493307,8.886651271666131e-06,-0.002368131920696718,-1.100153707535394,1509.9112185432023,-205.38316093754509
1617.7877063953838,8.985228046526585e-06,-0.0023623335873902604,-1.1016883957130417,1510.2050021973619,-205.96169335998275
1618.4365582414366,9.08250362652313e-06,-0.0023564720352129112,-1.1032193039012075,1510.4978988902353,-206.54067539982196
1620.6663322074753,9.405497603313428e-06,-0.0023358561971816216,-1.1084508491484297,1511.497694202663,-208.5337357677258
1622.8961061735138,9.70800815088266e-06,-0.0023145429922983023,-1.1136356482514949,1512.4870959045622,-210.53197633785535
1623.5449580195666,9.791628111398485e-06,-0.0023082165288862643,-1.115135392343555,1512.7730635237488,-211.11441184584478
1624.1938098656194,9.873100572430897e-06,-0.0023018368027025037,-1.116631018793072,1513.0581586564058,-211.69727499124727
1626.423583831658,1.0135369645816816e-05,-0.0022795240362751892,-1.1217388207965264,1514.031258071818,-213.70350487315312
1628.6533577976966,1.0367590305611745e-05,-0.0022566599696811126,-1.1267962557369102,1514.9941481652295,-215.71465487448455
1629.3022096437494,1.0429030490916825e-05,-0.0022499127100528427,-1.1282583041443792,1515.2724370832182,-216.30079809950396
1629.9510614898022,1.0487581472562145e-05,-0.0022431267618897026,-1.1297159681660853,1515.549870131292,-216.88734698044252
1632.180835455841,1.0665641897644537e-05,-0.0022195362912484687,-1.1346913990649483,1516.496768798534,-218.9060753600088
1634.4106094218794,1.0805937471226889e-05,-0.002195590889648355,-1.139613832838622,1517.433665463083,-220.92946530408543
1635.0594612679322,1.0839311885205507e-05,-0.00218856832084596,-1.1410361654435344,1517.7044305093598,-221.51912189469724
1635.708313113985,1.0869260733562408e-05,-0.002181525358535103,-1.1424539420985649,1517.9743580134518,-222.10916242919697
1637.9380870800237,1.0945277612455327e-05,-0.002157196697426011,-1.1472911495115947,1518.895606203943,-224.13972483671282
1640.1678610460622,1.09786914293512e-05,-0.002132746033458639,-1.1520739734900558,1519.8070768362977,-226.1746951246279
1640.8167128921152,1.0980238236376727e-05,-0.002125621735908927,-1.1534554945220392,1520.070485968297,-226.76767424606027
1641.465564738168,1.0978096082152106e-05,-0.002118497670313163,-1.1548324008403865,1520.3330770385699,-227.3610161562614
1643.6953387042067,1.0942292461408886e-05,-0.002094050763213184,-1.15952889233223,1521.2292637690207,-229.40276340528845
1645.9251126702452,1.0862621165307412e-05,-0.0020697325975948585,-1.1641710162792733,1522.1159073107974,-231.4486731188399
1646.573964516298,1.0831233894177277e-05,-0.002062694359653529,-1.1655116775677528,1522.3721362552867,-232.0447900053904
1647.2228163623508,1.0796216397750652e-05,-0.0020556775819524377,-1.1668477867439468,1522.6275671261217,-232.64124936227697
1649.4525903283895,1.0648387483559848e-05,-0.00203176161287225,-1.1714047497077074,1523.4993008540307,-234.69355619726667
1651.682364294428,1.0459338120873374e-05,-0.0020082212249978135,-1.1759088041968366,1524.36172775819,-236.74979151133257
1652.3312161404808,1.0396840325449626e-05,-0.0020014548347672212,-1.1772096410566089,1524.6109540798568,-237.34886985426976
1652.9800679865336,1.0331101055881709e-05,-0.0019947298437682373,-1.1785061078309111,1524.8594021449162,-237.94827143392223
1655.2098419525723,1.0081199899105814e-05,-0.0019719659890419868,-1.182928414653709,1525.707290101909,-240.01054434866313
1657.4396159186108,9.796607702814957e-06,-0.0019497980339975786,-1.1873006275866689,1526.5461016170852,-242.0765258429207
1658.0884677646636,9.707741073570389e-06,-0.0019434703094531553,-1.1885636984344117,1526.788498720932,-242.6783998089174
1658.7373196107164,9.616338172612411e-06,-0.0019372007570406403,-1.1898226877718423,1527.0301365621037,-243.28057905802933
1660.9670935767551,9.284097446586419e-06,-0.0019161243183404436,-1.1941185669680336,1527.8547645334215,-245.35226261420004
1663.1968675427936,8.927159751117113e-06,-0.0018958162356913482,-1.1983683071000735,1528.670533161686,-247.4274508578474
1663.8457193888466,8.819292203863585e-06,-0.0018900589206462324,-1.1995965370614017,1528.9062647741548,-248.03196656527683
1664.4945712348995,8.709852211389101e-06,-0.0018843717123482452,-1.2008210574488132,1529.1412547302873,-248.6367710079044
1666.7243452009382,8.323384348068173e-06,-0.0018653793356515627,-1.205001443458087,1529.9431691545778,-250.7173521144492
1668.9541191669766,7.92484542522092e-06,-0.0018472621528023592,-1.2091404565024766,1530.7364221317944,-252.80125104898715
1669.6029710130294,7.80735805972888e-06,-0.0018421584070693563,-1.2103373949132974,1530.965637789876,-253.40826737694334
1670.2518228590823,7.689436704307828e-06,-0.0018371305993324816,-1.211531047305121,1531.194127589183,-254.01555734350046
1672.481596825121,7.282735181157027e-06,-0.0018204386739241246,-1.215608655565851,1531.973821728066,-256.10456713704275
1674.7113707911594,6.877939506473417e-06,-0.0018046514761783888,-1.2196500532749555,1532.7450291736986,-258.19672497782733
1675.3602226372122,6.761288716697151e-06,-0.0018002268202165933,-1.2208195652990277,1532.9678611775041,-258.8061136425457
1676.009074483265,6.645386640527445e-06,-0.0017958771843299018,-1.2219862291324675,1533.1899810769642,-259.4157622631339
1678.2388484493038,6.254675352599684e-06,-0.0017814979709532878,-1.2259744394760195,1533.9478866740749,-261.5127754489538
1680.4686224153422,5.879559293830687e-06,-0.0017679725685167443,-1.2299315393266341,1534.6974556442067,-263.6127830594877
1681.1174742613953,5.77405403710015e-06,-0.001764192139923432,-1.231077462831448,1534.9140177923462,-264.2244279632185
1681.766326107448,5.670390436688517e-06,-0.0017604792007880888,-1.2322209513977298,1535.1298795242517,-264.8363204387683
1683.9961000734868,5.3298660673598495e-06,-0.0017482202624027263,-1.236132619359868,1535.8663648264635,-266.9409522048843
1686.2258740395253,5.0168121104646154e-06,-0.0017366899899856527,-1.2400177650405453,1536.5946398777385,-269.0484391594622
1686.874725885578,4.931462118341932e-06,-0.001733462828162501,-1.241143572085852,1536.8050281090186,-269.66223509398634
1687.523577731631,4.848840662187182e-06,-0.00173028988106558,-1.2422672969895723,1537.01472573387,-270.2762673358778
1689.7533516976696,4.58704420746827e-06,-0.001719776703369251,-1.2461136303914866,1537.7301000235032,-272.3881682158323
1691.983125663708,4.361668582235986e-06,-0.0017098066674833485,-1.249937127325207,1538.4373701425072,-274.50279701778766
1692.6319775097609,4.303327679072317e-06,-0.0017069958149267103,-1.2510456279167965,1538.6416649869382,-275.11864787434615
1693.2808293558137,4.248324715193489e-06,-0.00170422156705044,-1.2521523094836513,1538.8452775321875,-275.7347246706742
1695.5106033218524,4.085611228251371e-06,-0.0016949379292501138,-1.2559419293934244,1539.539801581693,-277.8535739428957
1697.7403772878909,3.964653903796398e-06,-0.0016859705523448755,-1.2597112014844745,1540.226312640638,-279.9750330432746
1698.3892291339437,3.9374883815756615e-06,-0.001683407145065329,-1.260804317838846,1540.4245831921794,-280.5928497250408
1699.0380809799965,3.913946868663528e-06,-0.0016808601430788302,-1.2618957685577026,1540.6221787710904,-281.21088263280785
1701.2678549460352,3.861024502291406e-06,-0.0016721999538274485,-1.265634038633107,1541.296080040291,-283.33638096019536
1703.4976289120737,3.8512910343377275e-06,-0.0016636096187501658,-1.2693530763234862,1541.9620514208025,-285.46437729909866
1704.1464807581267,3.856542120371219e-06,-0.001661109186213065,-1.2704317054523249,1542.1543604072526,-286.084075547876
1704.7953326041795,3.865376784177899e-06,-0.001658604256776129,-1.2715087031093253,1542.3460013813121,-286.7039807229392
1707.0251065702182,3.922877060703908e-06,-0.0016499288199698873,-1.2751973758508035,1542.999492375469,-288.8358427572472
1709.2548805362567,4.021203139208579e-06,-0.001641079654388809,-1.2788665106411967,1543.6451360740969,-290.97009453841866
1709.9037323823095,4.057255004334364e-06,-0.001638458905768647,-1.2799304829974723,1543.8315455178026,-291.59159287805727
1710.5525842283623,4.096544894557397e-06,-0.0016358138896019345,-1.2809927401253414,1544.0172941906021,-292.2132890429668
1712.782358194401,4.255610216885086e-06,-0.0016265087156887132,-1.2846299343229215,1544.6505921851344,-294.35123665994996
1715.0121321604395,4.449845565141758e-06,-0.001616809651456764,-1.2882459409427705,1545.2761325748531,-296.49146698362097
1715.6609840064923,4.512582139317443e-06,-0.0016139020417442317,-1.2892940730188178,1545.456709511109,-297.1146849529886
1716.3098358525451,4.57796937164581e-06,-0.0016109531154971973,-1.2903402994446924,1545.6366338210032,-297.73809167112677
1718.5396098185838,4.8218711471256235e-06,-0.0016004783939727854,-1.2939207893030473,1546.2499801354159,-299.8818483784198
1720.7693837846223,5.092887666071326e-06,-0.0015894295967445989,-1.297477282870515,1546.8556726082204,-302.02778021183906
1721.418235630675,5.176351394043615e-06,-0.0015860979533617132,-1.2985075117691307,1547.0304943570413,-302.6526370140611
1722.067087476728,5.26171908913653e-06,-0.0015827118291135618,-1.2995355571887903,1547.2046730710413,-303.27767339080845
1724.2968614427666,5.56838823770062e-06,-0.0015706407788679015,-1.3030513196988291,1547.7983502443806,-305.4269602752107
1726.526635408805,5.892792481112575e-06,-0.0015578661531121959,-1.3065393820881084,1548.3844972050122,-307.5783130495539
1727.1754872548581,5.989983572770727e-06,-0.001554010978524013,-1.3075489607605941,1548.5536557772052,-308.20472668626155
1727.824339100911,6.088262651826132e-06,-0.0015500926941441006,-1.308556015194607,1548.7221827797164,-308.8313105590363
1730.0541130669496,6.4329887255377665e-06,-0.0015361343915720734,-1.3119969540748695,1549.2965283575468,-310.98584393191385
1732.283887032988,6.785666814456871e-06,-0.0015213985621772242,-1.3154059022409121,1549.8634914540064,-313.142331842391
1732.932738879041,6.8892472369839176e-06,-0.0015169619265820956,-1.3163916295321108,1550.027096802269,-313.77021874023194
1733.5815907250937,6.993094561939875e-06,-0.0015124582931548992,-1.3173744557858436,1550.190084205056,-314.3982663581907
1735.8113646911324,7.35072271797338e-06,-0.0014964662724898023,-1.3207292144727216,1550.745500319194,-316.5577570539332
1738.041138657171,7.706814433529291e-06,-0.0014796785348303474,-1.324047427433736,1551.2937082740955,-318.7190889505155
1738.6899905032237,7.809637464833514e-06,-0.0014746444234069109,-1.325005889870225,1551.45189023739,-319.34836403570057
1739.3388423492765,7.911955802800192e-06,-0.0014695440312505635,-1.3259610654743557,1551.609470173276,-319.97779018017667
1741.5686163153152,8.25852900258046e-06,-0.0014515138681162674,-1.3292178563783001,1552.1464285469644,-322.1419443069663
1743.7983902813537,8.59487632819261e-06,-0.0014327223257777735,-1.332433595242119,1552.6763803745703,-324.30782493164315
1744.4472421274065,8.690377416713867e-06,-0.0014271143474852927,-1.3333614028194982,1552.8292892797333,-324.93840207471044
1745.0960939734593,8.784683580543249e-06,-0.0014214450276307678,-1.3342855542824323,1552.9816143553528,-325.5691205398795
1747.325867939498,9.098611074529434e-06,-0.001401503872961161,-1.3374329496515995,1553.5006567308371,-327.73764138869046
1749.5556419055365,9.394766838005394e-06,-0.0013808825444092503,-1.340535122436223,1554.0129204535422,-329.9077736441213
1750.2044937515896,9.477225181494617e-06,-0.001374759775299855,-1.3414291255094597,1554.1607264273073,-330.53956638036993
1750.8533455976424,9.557907083154488e-06,-0.0013685842735000242,-1.3423191424815337,1554.307968896629,-331.17149071858944
1753.083119563681,9.820747417069935e-06,-0.0013469748126543847,-1.3453467878968735,1554.8097031580073,-333.34408149690097
1755.3128935297195,1.0059632704530332e-05,-0.0013248059844444247,-1.3483256254676046,1555.3049103808396,-335.5181694094186
1755.9617453757724,1.012434457522016e-05,-0.0013182575710683794,-1.349183103876605,1555.4478014911292,-336.1510918371086
1756.6105972218252,1.0186817941951295e-05,-0.0013116680430879275,-1.3500363247588043,1555.5901512747155,-336.7841362712982
1758.8403711878639,1.0383764132491368e-05,-0.001288728845334259,-1.3529355490648147,1556.0752437384974,-338.9605033299142
1761.0701451539023,1.0552060428518746e-05,-0.00126538244348667,-1.3557831701583272,1556.5540806137517,-341.13825538435503
1761.7189969999552,1.0595433865574741e-05,-0.0012585214461102697,-1.3566019888988599,1556.6922600049852,-341.77222314909426
1762.367848846008,1.063623747234555e-05,-0.0012516332384788689,-1.357416352512976,1556.8299217238837,-342.40630356171437
1764.5976228120467,1.075638522187914e-05,-0.0012277769738450986,-1.3601806578775792,1557.2990862062748,-344.58615981378426
1766.8273967780851,1.0844737501056337e-05,-0.0012036882552433584,-1.3628915100044703,1557.7622814362596,-346.76729237627876
1767.4762486241382,1.0864344127589544e-05,-0.0011966450782999764,-1.3636702381267773,1557.8959636535524,-347.40222366251504
1768.125100470191,1.0881180053534312e-05,-0.0011895901281881128,-1.364444398351279,1558.0291528752878,-348.03725858369444
1770.3548744362297,1.0917646603854441e-05,-0.001165280698669155,-1.3670698213779162,1558.483137232374,-350.22032686286923
1772.5846484022682,1.0920738828510343e-05,-0.0011409271655869113,-1.369640990700993,1558.931447829685,-352.404567459416
1773.233500248321,1.0915325204012285e-05,-0.0011338428130995227,-1.3703789817897865,1559.0608545449027,-353.0403839255098
1773.8823520943738,1.0907073989781006e-05,-0.0011267628947422932,-1.3711123836673142,1559.189793455991,-353.676295458609
1776.1121260604125,1.08570175754102e-05,-0.0011024921863681222,-1.3735977234805057,1559.62936434311,-355.8623116182493
1778.341900026451,1.0773562308988233e-05,-0.0010783703284289467,-1.3760291110514384,1560.063559906504,-358.0494018924186
1778.9907518725038,1.0743045193389504e-05,-0.0010713896436950468,-1.3767265447674595,1560.1889152684412,-358.6860295018702
1779.6396037185566,1.0709752179117498e-05,-0.0010644296138748106,-1.3774194616668212,1560.3138279963264,-359.322744140807
1781.8693776845953,1.0574320202145151e-05,-0.0010406943499317641,-1.3797663742491189,1560.7397546162877,-361.5114597504467
1784.0991516506338,1.0406981675214494e-05,-0.0010172966408823602,-1.3820607388933548,1561.1606008953527,-363.7011579760166
1784.7480034966866,1.0352417627636937e-05,-0.0010105616476578847,-1.3827186238340077,1561.2821267293057,-364.3385276922399
1785.3968553427394,1.029526676911077e-05,-0.0010038628054303326,-1.3833721560012766,1561.403234539007,-364.97597699949364
1787.626629308778,1.0079477181689854e-05,-0.000981141886474317,-1.385585116486157,1561.8162721526107,-367.1671615429973
1789.8564032748166,9.834722454307515e-06,-0.0009589344223799784,-1.387747986901605,1562.224514671749,-369.35924461230877
1790.5052551208696,9.75826150247372e-06,-0.0009525778833935433,-1.3883681256892513,1562.3424257518045,-369.9972929367674
1791.1541069669224,9.679519620865633e-06,-0.0009462715621485758,-1.3889841611741764,1562.4599423400832,-370.63541406310964
1793.3838809329611,9.39205489313062e-06,-0.0009250043247764536,-1.3910702980843068,1562.8608162999597,-372.8288565822417
1795.6136548989996,9.079903174575919e-06,-0.000904405591975103,-1.3931097591692583,1563.2571647934526,-375.0231214266224
1796.2625067450524,8.984703299088027e-06,-0.0008985449404439825,-1.3936946774373964,1563.3716644041406,-375.66179076979665
1796.9113585911052,8.887635981546785e-06,-0.0008927464952183764,-1.3942758171703966,1563.4857915067369,-376.30052680613534
1799.141132557144,8.540504861104092e-06,-0.0008733125103898508,-1.3962446255536565,1563.8751825459374,-378.49603696305576
1801.3709065231824,8.17412085737091e-06,-0.0008546740142854555,-1.3981709874235118,1564.2602969183806,-380.6923013880959
1802.0197583692352,8.064218284302669e-06,-0.0008494058948759354,-1.398723829480908,1564.3715729098042,-381.3315402698475
1802.668610215288,7.952947231489874e-06,-0.0008442093325540957,-1.399273279439283,1564.482496423957,-381.97084042842977
1804.8983841813267,7.560946103320491e-06,-0.0008269106897758942,-1.401136224302287,1564.8610278784631,-384.16824898244164
1807.1281581473652,7.156001726326623e-06,-0.0008105005511675743,-1.402961587683708,1565.2355063413472,-386.36635192039734
1807.777009993418,7.036101840964165e-06,-0.0008058963249589882,-1.4034859833210271,1565.3437278610845,-387.0061150016086
1808.4258618394708,6.915392691598024e-06,-0.0008013699450879317,-1.4040074184799902,1565.4516146635935,-387.64593462900115
1810.6556358055095,6.4952932618365995e-06,-0.0007864174071021555,-1.4057774466037216,1565.8198422230305,-389.84509333983726
1812.885409771548,6.069065230970189e-06,-0.0007724084285856043,-1.407515185909695,1566.1842121573077,-392.0448945375993
1813.534261617601,5.944270347534051e-06,-0.0007685110883606972,-1.4080150951901513,1566.2895272097096,-392.68514248960884
1814.1831134636539,5.8192523000489124e-06,-0.0007646945740781672,-1.4085125023719576,1566.3945228166178,-393.32544291850706
1816.4128874296925,5.388852826914605e-06,-0.0007521989662072272,-1.4102034890910002,1566.7529272675526,-395.5262239045313
1818.642661395731,4.959328632220206e-06,-0.000740662076039939,-1.4118676822908098,1567.1076392139835,-397.72760308198787
1819.2915132417838,4.834894103695001e-06,-0.000737484706893176,-1.4123472271264594,1567.2101731512214,-398.368302305174
1819.9403650878367,4.7108311399195485e-06,-0.0007343877365702797,-1.4128247356105723,1567.3124003178166,-399.0090505569135
1822.1701390538753,4.288246237634679e-06,-0.0007243562469292146,-1.4144508968349767,1567.661383574357,-401.2113451529508
1824.3999130199138,3.873543316440869e-06,-0.0007152582385835859,-1.4160557308310824,1568.0068085801342,-403.4142006817278
1825.0487648659666,3.754735006726119e-06,-0.0007127835891243131,-1.4165190211629952,1568.1066635795523,-404.05532288862673
1825.6976167120195,3.636887413092362e-06,-0.0007103854995875612,-1.41698072859809,1568.2062218902847,-404.69649124209946
1827.9273906780581,3.2401487694849017e-06,-0.0007027211306222631,-1.4185560214722563,1568.5461064469016,-406.900208412741
1830.1571646440966,2.858205292300765e-06,-0.0006959249042173448,-1.420115192416877,1568.8825368551875,-409.10445557314176
1830.8060164901494,2.7502211429492205e-06,-0.0006941055763875121,-1.4205661518989399,1568.9797924003647,-409.74597725312003
1831.4548683362023,2.6437777204263926e-06,-0.0006923556017323484,-1.4210159501138797,1569.076758862942,-410.38754269716014
1833.684642302241,2.290628061951982e-06,-0.0006868583030373474,-1.4225534758909397,1569.407790697513,-412.5926070642314
1835.9144162682794,1.9590379737400343e-06,-0.0006821244117726825,-1.4240795950474914,1569.7354443804547,-414.79817593878374
1836.5632681143325,1.866967598058845e-06,-0.0006808833754044087,-1.4245217888487578,1569.830158741944,-415.44007772114435
1837.2121199603853,1.7770018316731776e-06,-0.0006797011902772189,-1.4249631919947865,1569.924589379852,-416.08202130723174
1839.441893926424,1.4847581429815227e-06,-0.0006760699208438688,-1.4264746082993685,1570.2469442761128,-418.28837084892257
1841.6716678924624,1.2206301514235734e-06,-0.0006730589429545488,-1.427978619248871,1570.565972265792,-420.49520390968394
1842.3205197385153,1.1494081831270417e-06,-0.0006722902855233785,-1.4284150854915125,1570.658184965977,-421.137469841818
1842.969371584568,1.0808342823742909e-06,-0.0006715667855412145,-1.4288510619809962,1570.7501173928401,-421.7797759537261
1845.1991455506068,8.662070851270153e-07,-0.0006694024390424894,-1.4303460093069276,1571.0639106182525,-423.9873594328502
1847.4289195166452,6.859398404084815e-07,-0.0006676783552167782,-1.4318366214725045,1571.3744080606382,-426.1954088809688
1848.077771362698,6.402725746748905e-07,-0.0006672483636832895,-1.4322697078550841,1571.4641432988149,-426.83802563887275
1848.7266232087509,5.977623565083355e-07,-0.0006668467990056656,-1.432702517714355,1571.5536002496474,-427.4806811967557
1850.9563971747896,4.765341658322275e-07,-0.000665656533383267,-1.4341880664165836,1571.8588994946024,-429.6894553798416
1853.186171140828,3.9541902540297607e-07,-0.000664691857706818,-1.4356712126028077,1572.1609198170768,-431.8986803021769
1853.835022986881,3.796508407343249e-07,-0.0006644406863264933,-1.4361024207847413,1572.248190819588,-432.5416363528925
1854.483874832934,3.6749720405987046e-07,-0.0006641984177908061,-1.436533461165022,1572.3351846020246,-433.1846299717198
1856.7136487989726,3.539860245097011e-07,-0.0006634024254642167,-1.4380135898084814,1572.6320260390344,-435.39455671030163
1858.943422765011,3.855732282221106e-07,-0.0006625862804135834,-1.4394919211009627,1572.92559816347,-437.60492012955854
1859.5922746110639,4.0348518038937507e-07,-0.000662330576728533,-1.439921763247257,1573.0104124041895,-438.2482048688356
1860.2411264571167,4.2538768134179233e-07,-0.0006620618370122648,-1.4403514267355733,1573.0949502120677,-438.89152599496316
1862.4709004231554,5.316491121768923e-07,-0.0006610039415686304,-1.4418265497135085,1573.3833574525352,-441.1025692547813
1864.7006743891939,6.868433220377948e-07,-0.0006596545526345466,-1.4432989888414254,1573.6685057882685,-443.31403516518515
1865.3495262352467,7.4136767567408e-07,-0.0006591914839246445,-1.4437268630963946,1573.7508709929893,-443.9576380583693
1865.9983780812995,8.001422445114148e-07,-0.0006586915906710217,-1.4441544158813164,1573.832960991349,-444.60127611279034
1868.2281520473382,1.034896683507277e-06,-0.000656655230485485,-1.4456209867872056,1574.1129665907038,-446.8133990531732
1870.4579260133767,1.3207818404469777e-06,-0.0006540384159915947,-1.4470823699292141,1574.3897333952764,-449.02592955015973
1871.1067778594295,1.4136435545802044e-06,-0.0006531515531990689,-1.447506464204881,1574.4696641971132,-449.66983930898294
1871.7556297054823,1.5108520506623882e-06,-0.0006522030288065006,-1.447929953776005,1574.5493222395407,-450.313782870397
1873.985403671521,1.8781596029870611e-06,-0.0006484341633296565,-1.449380180026474,1574.8209912228551,-452.52694509103753
1876.2151776375595,2.2965907288473413e-06,-0.0006437892880284486,-1.4508210259068697,1575.0894607194086,-454.74049771650834
1876.8640294836125,2.4278816072865953e-06,-0.0006422567570863038,-1.4512382618979436,1575.1669857706609,-455.3847015478089
1877.5128813296653,2.563404084175294e-06,-0.0006406377559075461,-1.4516544664513027,1575.2442425465767,-456.0289376117584
1879.742655295704,3.061148685063497e-06,-0.0006343759889334286,-1.4530761789109492,1575.5076971967517,-458.24309269273266
1881.9724292617425,3.607187115272372e-06,-0.0006269505218448441,-1.454482631651504,1575.768020588783,-460.45761812234167
1882.6212811077953,3.774905478374851e-06,-0.0006245557205897742,-1.454888663058801,1575.8431898592687,-461.10210108538075
1883.2701329538481,3.946474048473093e-06,-0.0006220510448442854,-1.4552930967753301,1575.9180981919853,-461.7466144359628
1885.4999069198868,4.564757263198706e-06,-0.0006125697925869261,-1.456669824351589,1576.17354306908,-463.96170789458336
1887.7296808859253,5.225064871114201e-06,-0.0006016630560647956,-1.4580238216245465,1576.4259633067168,-466.17714808609287
1888.378532731978,5.424649703339027e-06,-0.0005982080574761256,-1.45841310180554,1576.4988552131267,-466.82189259193365
1889.027384578031,5.6273887784079085e-06,-0.0005946228588389584,-1.4588000912893617,1576.5714971432621,-467.4666653189233
1891.2571585440696,6.346971534705251e-06,-0.0005812787020927071,-1.460111393353324,1576.819243002164,-469.68263309070056
1893.486932510108,7.098315520136363e-06,-0.000566294628269127,-1.4613911126417714,1577.064117847801,-471.8989199903934
1894.135784356161,7.322228747961086e-06,-0.0005616161515804069,-1.461757046941915,1577.1348457690915,-472.5439054693263
1894.7846362022137,7.548242383283259e-06,-0.0005567921693500846,-1.4621198939830344,1577.2053389684186,-473.1889166556125
1897.0144101682524,8.339206005090805e-06,-0.0005390826350321878,-1.4633420017927905,1577.445823936026,-475.40568417588486
1899.244184134291,9.147257011038874e-06,-0.0005195903801201484,-1.4645226338119879,1577.6836455771925,-477.622739044563
1899.893035980344,9.384662235788058e-06,-0.0005135779174937306,-1.4648578303260666,1577.7523632255572,-478.26794179645253
1900.5418878263968,9.622731060047062e-06,-0.0005074118052928777,-1.4651890744559242,1577.8208662019592,-478.9131673892794
1902.7716617924355,1.0443555450223464e-05,-0.00048503975568275274,-1.466295885415194,1578.0546722947502,-481.1306493109233
1905.001435758474,1.1262184197459211e-05,-0.00046083990111045643,-1.4673507739647147,1578.2860814912083,-483.34838268796636
1905.6502876045267,1.149878925975777e-05,-0.00045345525226815554,-1.4676474031547382,1578.3529865367202,-483.9937759177259
1906.2991394505796,1.1734232078722369e-05,-0.0004459182059928915,-1.4679391939222415,1578.4197020217396,-484.63918878459333
1908.5289134166183,1.2531504673015154e-05,-0.0004188598238337357,-1.4689036486375193,1578.647564866225,-486.8572893245622
1910.7586873826567,1.330279371196327e-05,-0.00039005267272761575,-1.4698058195969592,1578.8733574345838,-489.07560160872265
1911.4075392287095,1.3520914160698079e-05,-0.0003813497804877085,-1.470056087860569,1578.9386927355179,-489.721155638384
1912.0563910747624,1.3735683410592126e-05,-0.0003725073197852173,-1.4703006711911208,1579.0038686035405,-490.36672579821425
1914.286165040801,1.4444655315144698e-05,-0.00034107943228983093,-1.4710965223736427,1579.226678105912,-492.58533967497755
1916.5159390068395,1.509983877401455e-05,-0.0003081306657369487,-1.4718206008625543,1579.4478014796746,-494.80412227876735
1917.1647908528923,1.5278749060120105e-05,-0.0002982742856627933,-1.4720173357306978,1579.5118532619565,-495.4498049232817
1917.8136426989452,1.5451814848620743e-05,-0.0002883046828337209,-1.472207651083742,1579.5757803264764,-496.09549994013184
1920.0434166649839,1.5998006369625535e-05,-0.00025322595395633216,-1.4728116053019893,1579.7945700655637,-498.3145138611658
1922.2731906310223,1.6459529669787163e-05,-0.00021702373694222903,-1.4733360893215235,1580.0121077630965,-500.5336509075069
1922.9220424770754,1.6576149977725675e-05,-0.0002063051420220135,-1.4734734245420906,1580.075200133246,-501.1794280078948
1923.5708943231282,1.6684230303771576e-05,-0.00019551466538748826,-1.473603799948164,1580.138206212872,-501.82521354239907
1925.8006682891669,1.6986255072177413e-05,-0.00015795410675768304,-1.4739979785431623,1580.3541295426844,-504.0445082395392
1928.0304422552053,1.717110506385698e-05,-0.00011985073779549772,-1.4743078004102026,1580.5692716690264,-506.26387882621566
1928.6792941012582,1.7201068872085352e-05,-0.00010869838760605222,-1.474381937997636,1580.6317569463372,-506.9097149537438
1929.328145947311,1.721973888577498e-05,-9.75312636775416e-05,-1.474448858707458,1580.6941967019602,-507.5555554890534
1931.5579199133497,1.719346097825104e-05,-5.9136687592776815e-05,-1.4746234839440697,1580.9084879819284,-509.77500838539135
1933.7876938793881,1.701785396700482e-05,-2.0967190376016666e-05,-1.4747127488919891,1581.1224864149174,-511.9944895454242
1934.436545725441,1.693697124487958e-05,-9.950119026175715e-06,-1.4747227627426813,1581.1847309392197,-512.6403489231967
1935.0853975714938,1.6842173486704073e-05,1.0090438126909643e-06,-1.4747256766329129,1581.2469711625508,-513.2862087159835
1937.3151715375325,1.640623510378752e-05,3.8110454266926836e-05,-1.4746818451879466,1581.4608912114795,-515.5056974316357
1939.544945503571,1.579166420782404e-05,7.404066560059839e-05,-1.4745565917384988,1581.6749989001587,-517.7251680489385
1940.193797349624,1.5577778107617235e-05,8.421902902575554e-05,-1.474505224292408,1581.7373642166558,-518.3710157761587
1940.8426491956768,1.534771907921541e-05,9.425263599308608e-05,-1.474447334034124,1581.7997645039986,-519.0168601220589
1943.0724231617155,1.4430376716912535e-05,0.00012748940453609627,-1.4741996947703024,1582.0145303106215,-521.2362671570244
1945.302197127754,1.3310912553686484e-05,0.00015845536399686545,-1.4738804767207545,1582.229925150702,-523.4556132170537
1945.9510489738068,1.2946105658002527e-05,0.0001669750982427019,-1.4737748672719844,1582.292744793682,-524.1014169129957
1946.5999008198596,1.256349926227667e-05,0.00017525191117148098,-1.473663846483361,1582.3556338672772,-524.7472138456957
1948.8296747858983,1.1110586610249959e-05,0.00020168606568785264,-1.4732429564169012,1582.5723337809206,-526.9664328623367
1951.0594487519368,9.441198156693304e-06,0.00022463920734454252,-1.4727670050968102,1582.7900288146643,-529.1855544648712
1951.7083005979896,8.914274559947477e-06,0.00023059534503353364,-1.4726192768057644,1582.8535813016576,-529.8312864548332
1952.3571524440424,8.368846186948489e-06,0.0002362035409647246,-1.4724678360872339,1582.917229637839,-530.4770089988249
1954.586926410081,6.352545232807858e-06,0.000252656769220113,-1.4719219314901804,1583.1367266788038,-532.6959530916109
1956.8167003761196,4.118066525114803e-06,0.0002643708585628396,-1.4713446235173888,1583.3574698567045,-534.9147735505154
1957.4655522221724,3.4271863164141905e-06,0.0002668196285522559,-1.4711722472150313,1583.4219489508419,-535.5604136719189
1958.1144040682252,2.7183166703281202e-06,0.00026881474756880464,-1.4709984673804497,1583.4865388255134,-536.20604271795
1960.344178034264,1.4627190987556728e-07,0.00027204629711548696,-1.4703943605750853,1583.7093663411918,-538.42465482625
1962.5739520003024,-2.629508444322064e-06,0.0002693156260543819,-1.469789695346816,1583.9335347141582,-540.6431318552676
1963.2228038463554,-3.4742018195715233e-06,0.0002673359313324055,-1.4696155432302964,1583.9990184936873,-541.2886708484434
1963.8716556924082,-4.334864289302433e-06,0.0002648040457587646,-1.4694428885933457,1584.064613039039,-541.934198598475
1966.101429658447,-7.410701882504966e-06,0.0002517406474444101,-1.4688656900356922,1584.2908686048484,-544.1524637301958
1968.3312036244854,-1.0656496714061781e-05,0.00023162934342825856,-1.4683254775218315,1584.518363493822,-546.3706021207498
1968.9800554705382,-1.1630464009362207e-05,0.00022439885405341938,-1.4681774802474075,1584.5847842546157,-547.0160453766699
1969.628907316591,-1.2616628023160914e-05,0.00021653420444687674,-1.4680344059245785,1584.6512976063157,-547.661479104483
1971.8586812826297,-1.6092178094549566e-05,0.00018454836391616642,-1.4675857805118617,1584.8805427203858,-549.8794372853608
1974.0884552486682,-1.968200185433713e-05,0.0001446854300709124,-1.4672172583624414,1585.1106940173536,-552.09730164177
1974.737307094721,-2.074434832706843e-05,0.0001315693849213404,-1.4671275862151416,1585.1778114909837,-552.7426728199367
1975.3861589407738,-2.181318906253277e-05,0.0001177644198245121,-1.4670466614198867,1585.2449825560063,-553.3880384291663
1977.6159329068125,-2.5526304812102783e-05,6.49927557309187e-05,-1.4668413621189835,1585.476157174829,-555.6057963493671
1979.845706872851,-2.9274516908074874e-05,3.902554346290921e-06,-1.466763005929763,1585.7076463323174,-557.823521473597
1980.4945587189038,-3.036675520780725e-05,-1.5448102277893777e-05,-1.4667667098756285,1585.7750270897827,-558.4688652188453
1981.1434105649566,-3.145777482235938e-05,-3.550383039046361e-05,-1.466783195259559,1585.8423998422682,-559.1142097972272
1983.3731845309953,-3.5185131465928065e-05,-0.00010981573920055579,-1.4669436798692006,1586.0737620156738,-561.3319481772629
1985.6029584970338,-3.8844678122127966e-05,-0.00019236321034438224,-1.467279044959716,1586.3045743461855,-563.5497438175182
1986.2518103430868,-3.989049107843421e-05,-0.00021790931334610825,-1.4674121173308943,1586.3715805367403,-564.1951265693795
1986.9006621891397,-4.0925412783409015e-05,-0.0002441265329053416,-1.4675619593976148,1586.4384940141667,-564.8405189146488
1989.1304361551784,-4.438318332712679e-05,-0.000339271831062148,-1.4682109899751248,1586.6675956713425,-567.0584919522418
1991.3602101212168,-4.7647993611737206e-05,-0.00044191204707675247,-1.4690805290478126,1586.8950131767597,-569.2766381800812
1992.0090619672696,-4.855427514397373e-05,-0.0004731258785411843,-1.4693773767779836,1586.9608038863457,-569.9221459855141
1992.6579138133225,-4.9438244013310734e-05,-0.0005049160053611414,-1.4696946166017226,1587.0263951748957,-570.5676740198403
1994.8876877793612,-5.22875026997716e-05,-0.0006183912965713103,-1.4709458665434176,1587.2501053674612,-572.7861972842766
1997.1174617453996,-5.479997193875212e-05,-0.0007378443084520444,-1.4724568052182039,1587.4707513319054,-575.0050271323454
1997.7663135914524,-5.545941450976884e-05,-0.0007736195823857112,-1.4729471708640023,1587.5342998017068,-575.6507595557591
1998.4151654375053,-5.6083775649158724e-05,-0.0008098064543668117,-1.4734608076764255,1587.5975232331475,-576.2965237650009
2000.644939403544,-5.794153801661424e-05,-0.0009370234634055281,-1.475407658100068,1587.8121097340318,-578.5159479552245
2002.8747133695824,-5.9305952989489516e-05,-0.0010678328360179583,-1.4776421787778877,1588.0220556108463,-580.7358154823144
2003.5235652156352,-5.960141586582586e-05,-0.001106414617048201,-1.4783475957597612,1588.0821852929064,-581.3818752494664
2004.172417061688,-5.984829182722537e-05,-0.0011451673200465339,-1.479077998107574,1588.1418507836431,-582.0279778695748
2006.4021910277268,-6.030487227132066e-05,-0.0012792460677483076,-1.4817808913761856,1588.3431297148968,-584.2486482076131
2008.6319649937652,-6.010731064590722e-05,-0.001413613592159386,-1.4847830718992148,1588.5380732406038,-586.4698830332077
2009.2808168398183,-5.991809189430085e-05,-0.0014525588129639213,-1.4857129990833042,1588.5935151276412,-587.1163619783531
2009.929668685871,-5.9666871161278716e-05,-0.0014913563375564785,-1.4866680155938152,1588.6483480152147,-587.7628926244339
2012.1594426519098,-5.830983337902634e-05,-0.001623037195868076,-1.4901409420762504,1588.8319089170413,-589.985097300829
2014.3892166179483,-5.614464487449628e-05,-0.00175079116994129,-1.493903109076252,1589.0074296535881,-592.2079506993516
2015.038068464001,-5.535465699328897e-05,-0.0017869707717082571,-1.4950509525984725,1589.0569024309737,-592.85491382685
2015.686920310054,-5.449037607816615e-05,-0.0018226095185215857,-1.4962219373715717,1589.1056262297454,-593.5019335242728
2017.9166942760926,-5.0934897223906876e-05,-0.0019403218270775517,-1.5004188488220738,1589.2671364218068,-595.7258490903656
2020.146468242131,-4.643738385189552e-05,-0.0020490559594260912,-1.50486822246189,1589.4190307902736,-597.9504412935432
2020.7953200881839,-4.4945079924937935e-05,-0.0020787092554344676,-1.506207515361197,1589.4613440399814,-598.5979120823554
2021.4441719342367,-4.336852804300029e-05,-0.002107363882391789,-1.5075655453566614,1589.5027861671147,-599.2454389617446
2023.6739459002754,-3.729343251486231e-05,-0.0021974862119244665,-1.512367699324731,1589.6383731293713,-601.4710848629386
2025.9037198663138,-3.0177730979954568e-05,-0.002272902293515903,-1.517354409912551,1589.763065222177,-603.6973670529951
2026.552571712367,-2.7907441760170374e-05,-0.0022917527551790623,-1.5188354776545148,1589.7972441030086,-604.3453181249589
2027.2014235584197,-2.554662434699448e-05,-0.002309099336687419,-1.5203280960009902,1589.8304627652458,-604.9933189665386
2029.4311975244584,-1.673465543743085e-05,-0.0023564402750109177,-1.5255335217032955,1589.9371664480348,-607.2205359681851
2031.6609714904969,-6.835097187298429e-06,-0.0023829199752716575,-1.5308212490746351,1590.0321834645156,-609.4482818207632
2032.3098233365497,-3.749220213743311e-06,-0.002386359064738173,-1.5323687352004656,1590.0576110158795,-610.0966352296299
2032.9586751826025,-5.715970889002695e-07,-0.002387766815501239,-1.533917598784295,1590.0820391250888,-610.7450270464605
2035.1884491486412,1.1048281598147393e-05,-0.0023762847028734584,-1.5392340131849072,1590.158317788394,-612.9734932066336
2037.4182231146797,2.3734850773808774e-05,-0.0023377036479201047,-1.544494612811653,1590.2228102148445,-615.2023318205372
2038.0670749607325,2.762360089106097e-05,-0.0023210454371327864,-1.5460062665462373,1590.239380832816,-615.850971939854
2038.7159268067853,3.15989191669223e-05,-0.002301839219833174,-1.5475061012685434,1590.2549802011993,-616.4996363228857
2040.945700772824,4.5910193007610944e-05,-0.0022156042505996733,-1.5525486691870138,1590.301244297602,-618.7289276061348
2043.1754747388625,6.118442182755481e-05,-0.0020963847895637488,-1.557362178635572,1590.3365218785411,-620.9584206485091
2043.8243265849153,6.580171008958628e-05,-0.0020551889110625183,-1.5587093077112688,1590.344796903281,-621.6072195376238
2044.4731784309681,7.049283811866685e-05,-0.0020109794138713504,-1.5600285728175667,1590.3522133836227,-622.2560291748458
2046.7029523970068,8.71547800479961e-05,-0.0018353621628645666,-1.5643238707649891,1590.3713533738023,-624.4857187774393
2048.9327263630453,0.000104581067027829,-0.0016217403891727745,-1.5681852111904906,1590.3813998627065,-626.7154692113235
2049.581578209098,0.00010978175842391193,-0.0015521945435249323,-1.5692151712821731,1590.382754008863,-627.3643194027386
2050.230430055151,0.00011503517427005828,-0.0014792665876134958,-1.5701987981877223,1590.3834621067203,-628.0131710711374
2052.4602040211894,0.0001334550407421708,-0.0012023141942142268,-1.5731961855000578,1590.3813293487194,-630.2429426721937
2054.6899779872283,0.0001523383410520135,-0.0008837729857443568,-1.5755296647471968,1590.3732532967265,-632.4727019830665
2055.338829833281,0.0001579007127899799,-0.0007831191531191848,-1.5760706862759468,1590.3699991985877,-633.1215454580089
2055.987681679334,0.00016348593393168134,-0.0006788614552859945,-1.5765451820788694,1590.3664233145223,-633.7703875464291
2058.2174556453724,0.00018280442581863286,-0.00029279782646509457,-1.5776364887329124,1590.3522191881784,-636.0001159664093
2060.4472296114113,0.00020218203908717704,0.00013640758628721386,-1.5778188625448455,1590.336595081109,-638.2298353187012
2061.096081457464,0.00020780667448327345,0.0002694264734080108,-1.577687403119693,1590.3320725432252,-638.8786713619955
2061.744933303517,0.0002134157591771554,0.00040607416137111854,-1.57746849171756,1590.3276713866385,-639.5275080392696
2063.9747072695554,0.000232510166979409,0.0009033132382777944,-1.57601649253284,1590.3141981262513,-641.757241705544
2066.2044812355944,0.00025116291686395274,0.001442636129935457,-1.573408843902273,1590.305250862489,-643.9869963831887
2066.8533330816467,0.000256477562946028,0.0016073396943992227,-1.5724194995362408,1590.3038670369838,-644.6358470680424
2067.5021849276995,0.0002617307233054959,0.001775453546975522,-1.5713223133232237,1590.3031673668745,-645.284697662513
2069.731958893738,0.00027924019325505957,0.0023787649110509033,-1.5666978720875175,1590.3068924615627,-647.5144685122171
2071.961732859777,0.0002957275093205365,0.0030199788493189446,-1.5606859257921892,1590.322475734191,-649.7441825346392
2072.6105847058298,0.0003002992337572798,0.003213361084690349,-1.5586637362060891,1590.3296815160406,-650.392995244255
2073.2594365518826,0.00030475790383332655,0.0034096532637203645,-1.5565153686140547,1590.3382463200642,-651.0417887302413
2075.489210517921,0.00031913559009835805,0.004105531295348643,-1.5481424015985505,1590.3791277049318,-653.2711853372047
2077.71898448396,0.00033185949553306445,0.00483162453878206,-1.5381840973182512,1590.4404404821048,-655.5001028098075
2078.3678363300123,0.0003352156450555608,0.005048060192348832,-1.5349788382163523,1590.462626214331,-656.148576872886
2079.016688176065,0.000338404512555558,0.005266599201153219,-1.5316328197255105,1590.486940106068,-656.7969699388684
2081.2464621421036,0.00034800178037671026,0.0060322910732034775,-1.519039334995243,1590.5879503264007,-659.0244464379902
2083.4762361081425,0.00035530411963180113,0.006816824097201177,-1.5047175247076177,1590.7189256186819,-661.2503446834386
2084.1250879541954,0.00035696303475442375,0.007047923873970521,-1.5002192891785362,1590.7632162250497,-661.8976855803049
2084.773939800248,0.0003584017962016252,0.007280009985688058,-1.495571253936443,1590.8104679213586,-662.5448101401064
2087.0037137662866,0.00036158491401401164,0.008083251355478919,-1.4784436733764894,1590.9967462240263,-664.7667710850923
2089.2334877323256,0.00036187504644177675,0.00889036500675129,-1.4595207289655117,1591.2230399989028,-666.9849897203406
2089.8823395783784,0.000361385150965897,0.009125032639456491,-1.4536757844894006,1591.2969686766828,-667.6296194069834
2090.531191424431,0.00036062846000540756,0.009359280577518152,-1.4476792800583687,1591.3747099585496,-668.2737913394564
2092.7609653904697,0.00035592233111448164,0.010158782748309505,-1.4259161941715304,1591.6722745458185,-670.4835877490376
2094.9907393565086,0.0003478309921931835,0.010944017188821391,-1.4023863060652346,1592.0197959086845,-672.6860502676717
2095.639591202561,0.00034481749454577887,0.011168753306696736,-1.3952119334878967,1592.1308417076148,-673.3253329395129
2096.2884430486138,0.00034150253371911983,0.011391426682152468,-1.387893050905913,1592.2465096641115,-673.9637848453355
2098.5182170146522,0.0003277609674942421,0.01213826712794702,-1.3616536418577916,1592.6804981406688,-676.1508639089899
2100.747990980691,0.00031032065820936743,0.012850343306629613,-1.3337877056557286,1593.1734761156224,-678.3253725233645
2101.396842826744,0.00030453986867604347,0.013049840504010694,-1.325384471637783,1593.3284704043822,-678.9554441296663
2102.045694672797,0.0002984413854018332,0.013245482192247708,-1.3168537189126885,1593.4887812503787,-679.5841729526925
2104.2754686388353,0.0002750414746939686,0.013885548560830288,-1.2865952127777045,1594.0812760723068,-681.7337111571019
2106.505242604874,0.00024788624409601814,0.014469251660446299,-1.2549723419924081,1594.7399703630406,-683.8638629207918
2107.154094450927,0.00023928421422841705,0.014627317836038926,-1.2455320128337712,1594.9444141882393,-684.4796674500042
2107.80294629698,0.00023037310832199414,0.014779710956230515,-1.2359916177060761,1595.1546757408494,-685.0934999579227
2110.0327202630183,0.0001974143733934561,0.015257293174510514,-1.2024893752706771,1595.9223182719588,-687.1868687343476
2112.262494229057,0.00016097085430278175,0.015657499723192282,-1.1680084975651508,1596.760644479043,-689.2529197550903
2112.9113460751096,0.00014973655895493443,0.015758309063651704,-1.1578156789240364,1597.0180284823011,-689.8485404258865
2113.5601979211624,0.00013823172052496318,0.015851761585148897,-1.1475604087544726,1597.281468503261,-690.4415005321691
2115.789971887201,9.670203320843478e-05,0.016114213815968774,-1.1119041638537779,1598.2332384029726,-692.4578140769237
2118.01974585324,5.2332702491198885e-05,0.016280898349728654,-1.075769479960317,1599.2567426747387,-694.4386644868491
2118.6685976992926,3.8934768460755834e-05,0.016310505739852505,-1.065195250462242,1599.5680056104,-695.0079825032452
2119.3174495453454,2.533738311439963e-05,0.0163313875751759,-1.054605060969193,1599.885255305341,-695.5739843934322
2121.547223511384,-2.278903423012873e-05,0.016334564327323726,-1.018165902268824,1601.0209140074076,-697.4927380704241
2123.776997477423,-7.272172155716494e-05,0.016228416260106685,-0.9818415449472491,1602.2256075768414,-699.3689213251309
2124.4258493234756,-8.752328689185975e-05,0.01617641488252015,-0.9713278897067286,1602.5888805166928,-699.9065429337937
2125.0747011695285,-0.00010242139078143473,0.01611482146678036,-0.9608512884927969,1602.9577581257192,-700.4403393304634
2127.304475135567,-0.00015418214328286804,0.015828815466463968,-0.9252162108527613,1604.2674280894175,-702.2448050361155
2129.534249101606,-0.0002063623442656076,0.015426927050105448,-0.8903480577435674,1605.6398874986774,-704.0020120982488
2130.183100947658,-0.0002215400804760534,0.015288078690337555,-0.880382739550196,1606.050624738076,-704.5043027325719
2130.831952793711,-0.0002366855836280074,0.015139443306812416,-0.8705106167623891,1606.4663112710164,-705.0025171339757
2133.0617267597495,-0.00028827557276024304,0.01455394648555558,-0.8373847182626689,1607.9314273555542,-706.6832354205565
2135.2915007257884,-0.00033865757536695755,0.013854762418076426,-0.8056910937631334,1609.4502550425118,-708.31562489392
2135.9403525718412,-0.0003529977541685639,0.013630335537069728,-0.7967738203087822,1609.9017493103968,-708.7816200865118
2136.589204417894,-0.00036716417952391197,0.013396712554272673,-0.7880047793156374,1610.3573403475532,-709.2436290277712
2138.8189783839325,-0.0004142954988289253,0.01252493696816442,-0.7590861400165517,1611.9528067226404,-710.8011785023115
2141.0487523499714,-0.0004585402674804398,0.0115512873710342,-0.7322249412323939,1613.5911155154836,-712.3136624830004
2141.697604196024,-0.00047078232573345507,0.011249748380889154,-0.7248275272492003,1614.0752681644756,-712.7456277616916
2142.3464560420766,-0.00048271384022576625,0.010940413951220147,-0.717627636675753,1614.5625595796364,-713.1740707460136
2144.576230008115,-0.0005211347735531416,0.00982041802394487,-0.6944666487950891,1616.2595295197484,-714.6204079127801
2146.806003974154,-0.0005551525259464172,0.0086196611488926,-0.673893038004545,1617.9877500744315,-716.0293221803145
2147.454855820207,-0.0005641485864826616,0.008256486087372259,-0.6684180654911768,1618.4958752326384,-716.4328165651477
2148.1037076662597,-0.0005727198080430934,0.00788764744429027,-0.6631796763298315,1619.0061565734177,-716.8336009615128
2150.333481632298,-0.0005987637171975435,0.0065805439230635105,-0.6470396378085082,1620.7746327408063,-718.1916217214329
2152.563255598337,-0.0006192548404814541,0.005221559099916835,-0.6338719864779058,1622.5628441562683,-719.5236024423338
2153.21210744439,-0.0006241242047948592,0.004818132922221563,-0.6306151887770405,1623.0862823290945,-719.9070268126858
2153.8609592904427,-0.0006284926981192344,0.004411729233272999,-0.6276200593659266,1623.6109192630856,-720.2888230708985
2156.090733256481,-0.0006395797581500546,0.0029968235391328,-0.619357046812811,1625.421487658237,-721.5902367844781
2158.32050722252,-0.000644487434237431,0.001564085521897591,-0.6142688351657839,1627.2407161968647,-722.8795440945302
2158.9693590685724,-0.0006447363382661764,0.0011457936175523482,-0.6133902396920619,1627.7711265598384,-723.2532694170575
2159.6182109146253,-0.0006444564569233448,0.0007275125978178722,-0.6127819295639998,1628.3018162804892,-723.626601458145
2161.8479848806637,-0.0006394353097356187,-0.0007050347759854232,-0.6127602353545799,1630.126239353039,-724.908544057567
2164.0777588467026,-0.0006282082121665204,-0.002119467193212425,-0.6159126018550981,1631.9486505029204,-726.1933387914406
2164.7266106927555,-0.0006237910305694399,-0.0025256715752293734,-0.6174203322003275,1632.477998941791,-726.5685722554953
2165.3754625388083,-0.00061886851671716,-0.0029288637946755496,-0.6191895807516976,1633.0067321661963,-726.9446648717305
2167.6052365048467,-0.0005981534729646185,-0.004286752165154617,-0.6272439264197969,1634.8176433728775,-728.2456258031359
2169.8350104708857,-0.0005718070271925879,-0.005592172293561238,-0.6382675600650679,1636.6160456451541,-729.5637889680913
2170.4838623169385,-0.0005631302453273147,-0.005960385684959116,-0.642016333934552,1637.1364395799549,-729.951349740026
2171.1327141629913,-0.0005540200768283021,-0.006322862994329797,-0.6460012439729705,1637.655331256665,-730.3409045700022
2173.3624881290298,-0.0005195382214604434,-0.007520599676731428,-0.6614503640502143,1639.4256610480586,-731.6965512729619
2175.5922620950687,-0.0004805329831490235,-0.008636406554970107,-0.6794788237278635,1641.1730274062922,-733.0816192361569
2176.241113941121,-0.0004684072260209697,-0.008944263994898815,-0.6851832934998852,1641.6766101275605,-733.4907882396228
2176.889965787174,-0.00045596004975591406,-0.00924419623842937,-0.6910842638116008,1642.177812516335,-733.9028518334876
2179.1197397532123,-0.00041092429512843223,-0.010211234547867007,-0.7127941543546054,1643.8806692691414,-735.3423074355231
2181.3495137192513,-0.00036287350372285633,-0.011074491878838156,-0.736544617682178,1645.5503455142814,-736.8200696156562
2181.998365565304,-0.00034841630293907096,-0.011305236803391043,-0.7438059698502717,1646.0294275646102,-737.2576709282522
2182.647217411357,-0.00033377593987447574,-0.011526595295243419,-0.7512136061810695,1646.5052938210029,-737.6987514988022
2184.8769913773954,-0.00028229445652549497,-0.012213684212257825,-0.7777029324384619,1648.114789295101,-739.2418563268346
2187.1067653434343,-0.000229521085577888,-0.012784540749300383,-0.8055947257079301,1649.6817198633316,-740.8281256618045
2187.7556171894867,-0.00021401946411420838,-0.012928410987838182,-0.8139373400467776,1650.129209515811,-741.2979825703119
2188.4044690355395,-0.00019848220381345498,-0.013062264942427333,-0.8223699770113663,1650.5727542798916,-741.7715549858854
2190.634243001578,-0.0001450517751048048,-0.013445186555257152,-0.8519448380321039,1652.0658065746022,-743.4275595235081
2192.864016967617,-9.205160610245451e-05,-0.013709450080104003,-0.8822412373384402,1653.5086172037204,-745.1274954306231
2193.5128688136697,-7.680118560590083e-05,-0.0137641986427045,-0.8911548998267603,1653.918667524071,-745.6303554258574
2194.1617206597225,-6.165330465804067e-05,-0.01380913223775117,-0.9001011157755986,1654.324227283804,-746.1368403128953
2196.391494625761,-1.05926986017186e-05,-0.013889318015874657,-0.9310025113144146,1655.6828990630763,-747.9047512999682
2198.6212685918,3.852860513168449e-05,-0.013857812286839556,-0.9619581796062913,1656.9862546152813,-749.7138275846013
2199.2701204378527,5.238361786426541e-05,-0.013828284877113819,-0.9709405773905025,1657.354936890301,-750.2477560033451
2199.9189722839055,6.602295740172468e-05,-0.013789873386344166,-0.979901388139005,1657.7188328187167,-750.7849602122295
2202.148746249944,0.00011108177268291998,-0.013591848632482976,-1.0104469437284227,1658.9324878809023,-752.6553948954978
2204.378520215983,0.0001530568906885658,-0.013296790879319306,-1.0404427680492032,1660.0889870596511,-754.5617131566466
2205.0273720620353,0.00016464043204232536,-0.013193690722347988,-1.0490370912852798,1660.4147790657737,-755.1228397507838
2205.676223908088,0.00017592964202253964,-0.01308319236743711,-1.05756273950499,1660.7357742960648,-755.6867307555133
2207.9059978741266,0.00021236998690528852,-0.012649577532447952,-1.0862661822384525,1661.8023820777794,-757.6447555972289
2210.1357718401655,0.00024501819932775716,-0.012138936764243616,-1.1139168866912705,1662.8134160648092,-759.6320708781893
2210.7846236862183,0.00025377932100111787,-0.011977087787189273,-1.1217407093905505,1663.0973620986417,-760.2154888424146
2211.433475532271,0.0002622046702624529,-0.011809671997897838,-1.1294584213496124,1663.3767816480718,-760.801097234407
2213.6632494983096,0.0002885464184140957,-0.01119489055996661,-1.155115979624619,1664.3030138447145,-762.8293152530107
2215.8930234643485,0.000310818418007021,-0.01052591028747917,-1.1793422886793807,1665.1783885875843,-764.8800253215371
2216.5418753104013,0.0003165306015625443,-0.010322361941816917,-1.1861058344916113,1665.4239031678312,-765.4806284134775
2217.190727156454,0.00032189979921944594,-0.010115215786032845,-1.1927368684080752,1665.6654012503277,-766.0828672546052
2219.4205011224926,0.0003377363804012678,-0.00937905731570086,-1.214476517668605,1666.4655656293262,-768.1640661985866
2221.6502750885315,0.0003495975982205205,-0.00861201892980428,-1.234540272321209,1667.2220682259187,-770.2615580335703
2222.299126934584,0.00035231655363570903,-0.008384286163643803,-1.2400540431657217,1667.434458453477,-770.8746588020323
2222.9479787806367,0.0003547134442737843,-0.008154881832219227,-1.2454201916808765,1667.6435168621492,-771.4889121408279
2225.177752746675,0.000360537191719056,-0.007356791099132692,-1.2627156230855319,1668.3376732872873,-773.6078453198913
2227.407526712714,0.00036277074877546757,-0.006549717382139002,-1.2782214775391867,1668.9969932848471,-775.73789822543
2228.056378558767,0.0003627741791543024,-0.006314324394776312,-1.2823945747536734,1669.1828274084648,-776.3595647152082
2228.7052304048198,0.0003624973538670251,-0.006079001897129089,-1.2864155565743627,1669.3661149208804,-776.9819933206293
2230.935004370858,0.00035948196443422864,-0.005273518549160298,-1.29907046238381,1669.977828002642,-779.1261962135485
2233.164778336897,0.00035346355858407053,-0.0044781068619597275,-1.309940551157366,1670.5642825664706,-781.2774608578061
2233.81363018295,0.00035118472235188506,-0.004249498804824645,-1.3127716549541266,1670.7307310669296,-781.9045972974523
2234.462482029003,0.0003486807503047999,-0.0040224206389052304,-1.3154554028482484,1670.8954476915253,-782.5321950994601
2236.6922559950413,0.00033845019639971367,-0.0032559193205221855,-1.3235652134211429,1671.4495755875196,-784.6920078898382
2238.92202996108,0.00032591642999516853,-0.0025147976465296263,-1.3299941947445364,1671.987990709692,-786.8558005486207
2239.5708818071325,0.0003218769829484437,-0.0023046392435371976,-1.331557389805656,1672.1422321517384,-787.4860515962304
2240.2197336531854,0.0003176735251148673,-0.002097132213244648,-1.3329854343750307,1672.2955258787529,-788.1165359727737
2242.449507619224,0.00030207553392985813,-0.0014058900507173918,-1.3368841201198263,1672.8163093977596,-790.2846374250267
2244.6792815852627,0.0002849060622399043,-0.0007511799060159976,-1.3392822211575268,1673.3302651261092,-792.4543711759208
2245.3281334313156,0.0002796549507363645,-0.0005680275542740202,-1.3397098759221702,1673.4790069926848,-793.0859437515575
2245.9769852773684,0.0002743008640282958,-0.0003882938719818922,-1.340020022371636,1673.627508925151,-793.7175732949072
2248.206759243407,0.00025521191091686243,0.00020221475494638987,-1.3402193902322517,1674.1370867520325,-795.8883387748951
2250.4365332094458,0.00023525259084286647,0.0007491889703908562,-1.339150593278497,1674.6476081001929,-798.0588821300305
2251.085385055498,0.00022931825949308916,0.0008998997116937742,-1.3386152965183817,1674.7967390468436,-798.6903635901447
2251.734236901551,0.00022333741263492126,0.0010467644951189128,-1.3379835596743048,1674.9462303812854,-799.3217593036318
2253.9640108675894,0.00020251638935242812,0.001521588660198596,-1.335111459007679,1675.4636066193725,-801.4906794033149
2256.1937848336283,0.00018145154992317458,0.0019497148221684192,-1.331232670775111,1675.9883003640177,-803.6578383226934
2256.842636679681,0.0001753081589671662,0.002065447603520317,-1.3299298088870717,1676.142670036164,-804.2880599159765
2257.491488525734,0.00016916712233930325,0.0021772114608389114,-1.3285531381016418,1676.2978754866886,-804.9180752158893
2259.7212624917724,0.000148155339796005,0.0025309379982737423,-1.323295435998683,1676.8383112955953,-807.0813631490302
2261.9510364578114,0.0001274241866990154,0.002838125880130203,-1.3173008890127658,1677.390908618518,-809.2415733247002
2262.599888303864,0.00012147023636869141,0.0029188639670632154,-1.3154329883053621,1677.5542217450513,-809.8695367862982
2263.248740149917,0.00011555819100980321,0.002995765257838818,-1.3135138577254506,1677.7187154715111,-810.4971910398499
2265.4785141159555,9.561972602687665e-05,0.0032310767444273837,-1.3065635143732282,1678.2934930831148,-812.6516066996684
2267.7082880819944,7.63702504323338e-05,0.0034226981061747934,-1.2991371891457715,1678.883741631542,-814.8018326060104
2268.3571399280468,7.091753133236795e-05,0.003470472647056289,-1.2969007373157027,1679.0585493158828,-815.4266936905767
2269.0059917740996,6.553622213404974e-05,0.003514741449448273,-1.2946342735181526,1679.234755995353,-816.0511610119034
2271.235765740138,4.763061544205959e-05,0.0036407280095728882,-1.286649517578409,1679.8512536805983,-818.1940092358834
2273.465539706177,3.070272578084891e-05,0.003727879158040267,-1.2784271371817644,1680.4850951488636,-820.331789981773
2274.11439155223,2.5973227936383598e-05,0.00374625768599409,-1.2760022570796126,1680.6728643503454,-820.952878984372
2274.7632433982826,2.133466854941896e-05,0.0037616024830412036,-1.2735662436027078,1680.862136203407,-821.573511429141
2276.993017364321,6.114806086356321e-06,0.0037919915446933765,-1.265138772573043,1681.5241469314415,-823.7027377293584
2279.22279133036,-7.95336846627778e-06,0.003789727755118559,-1.256679945043644,1682.2041110587054,-825.8262985949045
2279.871643176413,-1.1824135912956754e-05,0.0037833039846810086,-1.2542230272335824,1682.4053518445862,-826.4431540832254
2280.5204950224656,-1.5593709159698437e-05,0.003774403762146066,-1.2517708660784732,1682.6081010811642,-827.0595155329554
2282.750268988504,-2.7763386491525502e-05,0.003725838369761765,-1.2434041547879267,1683.3163235295408,-829.1738197879226
2284.980042954543,-3.8710711290638795e-05,0.0036515001326152463,-1.235174467154109,1684.0420664856545,-831.2821751776564
2285.6288948005954,-4.166538284890462e-05,0.003625418013572155,-1.2328136551034843,1684.256496060722,-831.8945707172301
2286.277746646648,-4.451669846434056e-05,0.003597451814603888,-1.2304701579495851,1684.472361780153,-832.5064619251757
2288.5075206126867,-5.3526582540189097e-05,0.0034879205969875755,-1.222567285243005,1685.2249921275888,-834.6053690335673
2290.7372945787256,-6.133074878845324e-05,0.0033596436135330753,-1.214929541804253,1685.9939091909905,-836.6983661352352
2291.3861464247784,-6.337825251883287e-05,0.0033191802373393462,-1.2127627974955713,1686.2206327210642,-837.3063173386976
2292.0349982708312,-6.532685762911022e-05,0.003277417790705724,-1.2106225187973247,1686.4486625116253,-837.9137804019715
2294.2647722368697,-7.127841967066141e-05,0.0031249101736732523,-1.203482412899635,1687.2420212131299,-839.9976349330027
2296.4945462029086,-7.610966245624783e-05,0.002960380947898564,-1.196695767251128,1688.0498718294248,-842.075916260342
2297.143398048961,-7.73113880625486e-05,0.002910604095436795,-1.1947911287190018,1688.287562896511,-842.679663854487
2297.792249895014,-7.842367923871271e-05,0.0028600723250893187,-1.1929188422445334,1688.52639238237,-843.2829626763546
2300.0220238610523,-8.158070468549897e-05,0.0026815024229922928,-1.1867395087927444,1689.3555317621906,-845.3528421347064
2302.251797827091,-8.375235365902066e-05,0.002496991651147315,-1.1809649692581181,1690.197028438321,-847.4177306175809
2302.900649673144,-8.420772718634168e-05,0.002442499300967868,-1.1793625453950902,1690.4440961217183,-848.0177021224629
2303.549501519197,-8.458653726531254e-05,0.002387731142809604,-1.1777954050449777,1690.6921139592405,-848.6172820809243
2305.7792754852353,-8.532587317202095e-05,0.0021981457741042103,-1.172682533963496,1691.551367661952,-850.6748441265693
2308.009049451274,-8.52459293255356e-05,0.0020078252577741644,-1.167993215008012,1692.420695892792,-852.728171622367
2308.657901297327,-8.507855290237722e-05,0.0019525670011994642,-1.1667084427418966,1692.6754300823993,-853.3249285475958
2309.30675314338,-8.484940777476709e-05,0.0018974317384627376,-1.1654593529577921,1692.9309205150175,-853.9213625884994
2311.5365271094183,-8.36148201119514e-05,0.0017094945252631101,-1.1614386816057933,1693.8143714860453,-855.968652901551
2313.7663010754572,-8.17417546869733e-05,0.001525021994038802,-1.1578332050302014,1694.7056229459222,-858.0125607583135
2314.4151529215096,-8.10869577179215e-05,0.0014721965192856198,-1.1568609117637005,1694.966313704438,-858.6067398283571
2315.0640047675624,-8.038582801896029e-05,0.0014198052565122894,-1.1559226543087902,1695.227572911924,-859.2006695322135
2317.293778733601,-7.764751725197385e-05,0.0012435310631605581,-1.152954564488078,1696.129430007434,-861.2399195690633
2319.52355269964,-7.44524400460553e-05,0.0010738719268250205,-1.150372151233626,1697.0369433745527,-863.2766596039666
2320.1724045456926,-7.344679938780594e-05,0.0010258907020624845,-1.1496910114895544,1697.3019734297761,-863.8689159731914
2320.8212563917455,-7.240985942279509e-05,0.000978566759142648,-1.1490407239930487,1697.567399051706,-864.4609954009775
2323.051030357784,-6.863117679510137e-05,0.0008212689991658479,-1.147035735161954,1698.4822822213364,-866.4944354080512
2325.280804323823,-6.45675614698964e-05,0.0006727145150936926,-1.1453717370164762,1699.4008943723543,-868.5261940713442
2325.9296561698757,-6.334066637321128e-05,0.0006312194227769518,-1.1449487766437136,1699.6688059818741,-869.1171526032759
2326.5785080159285,-6.209632176993945e-05,0.0005905212250463873,-1.1445524442103578,1699.936961237944,-869.7080007415126
2328.808281981967,-5.77083630409501e-05,0.0004569282579627846,-1.1433865015277735,1700.8601013614384,-871.7377059688904
2331.038055948006,-5.3189717613220585e-05,0.0003332651479164127,-1.142507370296883,1701.7853165408294,-873.7664663888407
2331.6869077940582,-5.185824854412192e-05,0.0002991868548773348,-1.142302245497989,1702.054855167495,-874.3566846554588
2332.335759640111,-5.052146719620688e-05,0.0002659700680068316,-1.1421189411839037,1702.3245101014893,-874.9468498435022
2334.5655336061495,-4.5905530149533704e-05,0.00015846508410004778,-1.1416476562071518,1703.2518727028616,-876.9746295018621
2336.7953075721884,-4.129077840121651e-05,6.12512749751005e-05,-1.1414046095479295,1704.1799595238576,-879.0020778637626
2337.4441594182413,-3.995478725220541e-05,3.4895271292488e-05,-1.1413734641121962,1704.450097270933,-879.592022187499
2338.093011264294,-3.862361809087617e-05,9.401186015705005e-06,-1.1413591500715683,1704.7202500966741,-880.181959612992
2340.3227852303326,-3.4100990909878344e-05,-7.165837138680118e-05,-1.141430411152679,1705.6485933152285,-882.209290576113
2342.5525591963715,-2.968687257996419e-05,-0.00014275446754863559,-1.14167130859134,1706.5766200899695,-884.2367663917672
2343.2014110424243,-2.842804265269069e-05,-0.00016160624533163745,-1.1417700854557447,1706.8465619531669,-884.826800385615
2343.850262888477,-2.7182076321575817e-05,-0.00017964801300899942,-1.1418808586490499,1707.1164435579124,-885.4168619316545
2346.0800368545156,-2.3010256715126582e-05,-0.00023557124493191683,-1.142345470050489,1708.0433208240183,-887.4448635233244
2348.3098108205545,-1.9029739873600083e-05,-0.00028240554306779224,-1.142924644484597,1708.9691395458483,-889.4733485290283
2348.958662666607,-1.7911308719100338e-05,-0.00029438802155379274,-1.143111793033014,1709.2383154544084,-890.0637323510892
2349.6075145126597,-1.681176864502337e-05,-0.000305652828187269,-1.143306523646968,1709.5073800165242,-890.6541669117491
2351.837288478698,-1.3185966768010397e-05,-0.0003390502236636579,-1.1440267448920736,1710.4310974609828,-892.6836096599753
2354.067062444737,-9.811432991014082e-06,-0.0003646430360426257,-1.144812733552042,1711.353286245096,-894.7137474552503
2354.71591429079,-8.879404983614875e-06,-0.00037070478727782097,-1.145051309109237,1711.6213317003132,-895.3046453806085
2355.3647661368427,-7.970473581097735e-06,-0.0003761705492311162,-1.145293673587691,1711.889236208669,-895.8956072126582
2357.594540102881,-5.028980870529934e-06,-0.00039060936801505077,-1.146149704948672,1712.8087742181303,-897.9269470444729
2359.82431406892,-2.3786590393147324e-06,-0.00039881394555489315,-1.1470309811374646,1713.7265473432788,-899.959084855062
2360.4731659149725,-1.6638415563659833e-06,-0.0004001235466787933,-1.1472901755011256,1713.9932752620912,-900.5505786729606
2361.1220177610253,-9.747650260830744e-07,-0.00040097842585640615,-1.1475501268917079,1714.2598505202968,-901.1421413055334
2363.3517917270638,1.1933957843668062e-06,-0.0004006762779087111,-1.148444714498896,1715.1747581239806,-903.1755708416805
2365.5815656931027,3.047268086188133e-06,-0.000395890017598872,-1.1493336291059528,1716.087852052747,-905.2098154424518
2366.2304175391555,3.5268189440520074e-06,-0.00039375548853505516,-1.1495897984964467,1716.3532181943392,-905.8019214514401
2366.8792693852083,3.979263844814535e-06,-0.000391318909887319,-1.1498445426929678,1716.6184336601866,-906.3940949700282
2369.109043351247,5.325732578850994e-06,-0.00038088469190912847,-1.150705953196983,1717.5287036097352,-908.429604789061
2371.3388173172857,6.348229882661041e-06,-0.0003678093445321278,-1.1515411531926063,1718.437246505136,-910.4658860774247
2371.9876691633385,6.584693829939291e-06,-0.00036361201295185115,-1.1517784237168653,1718.7013106015506,-911.0585739088993
2372.6365210093913,6.79369075405416e-06,-0.00035927014821565906,-1.1520129825172727,1718.9652351520397,-911.6513239003282
2374.86629497543,7.302278009364304e-06,-0.00034349466557327685,-1.1527966296084833,1719.871166639965,-913.6887683265286
2377.0960689414687,7.487582873281036e-06,-0.00032694557163954856,-1.153544238450037,1720.7755379464804,-915.7269057806938
2377.744920787521,7.481058203133624e-06,-0.0003220879660424588,-1.1537547717506718,1721.0384223760282,-916.3201177907652
2378.393772633574,7.447473726474229e-06,-0.0003172431089788083,-1.1539622151008857,1721.3011828039282,-916.9133847441742
2380.6235465996124,7.12664705667812e-06,-0.00030093613087041424,-1.1546512169630592,1722.2032377727103,-918.9525484322253
2382.8533205656513,6.491094898842078e-06,-0.0002856954070677823,-1.1553050467030268,1723.103923418691,-920.9923173305967
2383.502172411704,6.2476934301560535e-06,-0.0002815613862079729,-1.1554890419717696,1723.3657709647218,-921.585987757552
2384.151024257757,5.978224014295341e-06,-0.000277593295930473,-1.155670464386514,1723.6275097159535,-922.179706163357
2386.3807982237954,4.855193323742222e-06,-0.0002654595013731573,-1.1562753794178628,1724.5261676912341,-924.2203691962393
2388.6105721898343,3.432086017147133e-06,-0.00025616436292583264,-1.1568564036107438,1725.423615461701,-926.2615647568222
2389.259424035887,2.962565523925101e-06,-0.00025408871005499323,-1.1570218987998422,1725.6845474097215,-926.8556381810937
2389.90827588194,2.468438213630772e-06,-0.0002523250685261157,-1.1571862009879483,1725.9453807836117,-927.4497548939546
2392.1380498479784,5.85193913273959e-07,-0.00024886852604733624,-1.1577441368566053,1726.8409961994462,-929.4917550985865
2394.3678238140174,-1.578371730989034e-06,-0.0002499237192985663,-1.158299395492266,1727.7354749053777,-931.5342534849668
2395.0166756600697,-2.2593799372208192e-06,-0.0002511679015896948,-1.1584619128583733,1727.9955504726645,-932.1287023189926
2395.6655275061225,-2.9631174027369215e-06,-0.00025286055539785866,-1.158625431555882,1728.2555282530052,-932.7231939239388
2397.895301472161,-5.551739185894423e-06,-0.0002623061451341448,-1.159198658703743,1729.1481934041929,-934.7664855701569
2400.1250754382,-8.396062420654243e-06,-0.0002778088545503663,-1.1597997003855767,1730.039658709922,-936.8103009674456
2400.7739272842527,-9.270267520571889e-06,-0.00028353958814515353,-1.1599817621057327,1730.2988365932886,-937.4051417397712
2401.4227791303056,-1.0164900312402937e-05,-0.00028984323761451516,-1.1601677717033263,1730.5579038761466,-938.0000306811016
2403.652553096344,-1.3391330535426538e-05,-0.000316063803266292,-1.1608419059963522,1731.4473199902434,-940.0447386762115
2405.882327062383,-1.6843628438879018e-05,-0.00034973039596940166,-1.1615828077026769,1732.3352892002142,-942.0900754051733
2406.531178908436,-1.788883968432931e-05,-0.0003609980634729849,-1.1618133289091355,1732.5933918803198,-942.6853835024041
2407.1800307544886,-1.8951708613759866e-05,-0.0003729485201535579,-1.162051420347296,1732.8513537242734,-943.2807526205073
2409.409804720527,-2.2734411605575327e-05,-0.00041938850346663907,-1.1629331799268279,1733.7367122178716,-945.3272208184308
2411.639578686566,-2.6707247727857928e-05,-0.0004744750363843249,-1.163928130097736,1734.6201499774197,-947.3745188231783
2412.2884305326183,-2.7896872077599894e-05,-0.0004921898594679671,-1.1642416819301462,1734.8768313320058,-947.9704411458298
2412.937282378671,-2.910085353441026e-05,-0.0005106798979030965,-1.1645670101571777,1735.1333207769137,-948.5664460500544
2415.1670563447096,-3.334247635262721e-05,-0.0005802696865773014,-1.1657815076179272,1736.0131965347255,-950.6152774833602
2417.3968303107486,-3.773191860178871e-05,-0.0006594821373447186,-1.1671619027584736,1736.8904132413775,-952.6652486361832
2418.0456821568014,-3.9034446345895424e-05,-0.0006843872838419889,-1.167597829438702,1737.1451299855107,-953.2620133534184
2418.694534002854,-4.0347459382677445e-05,-0.0007101394353373325,-1.168050212974971,1737.3995799563938,-953.8588917842039
2420.9243079688927,-4.4933325892026105e-05,-0.0008051995354942385,-1.169737724188394,1738.2718384042892,-955.9109776622842
2423.1540819349316,-4.9617878175649044e-05,-0.0009105951048905655,-1.1716487208184732,1739.140403103308,-957.9646293566409
2423.802933780984,-5.0996681728613886e-05,-0.000943237569212189,-1.1722500946325123,1739.392390574938,-958.5625516649429
2424.4517856270368,-5.238154153571303e-05,-0.0009767749051541206,-1.172872951751324,1739.644010190351,-959.160628721454
2426.6815595930752,-5.7179658144338496e-05,-0.001098915190694104,-1.1751851146465817,1740.5057299585337,-961.2171621199562
2428.911333559114,-6.20212042345531e-05,-0.00123180261069772,-1.1777816046110579,1741.3623995354083,-963.2758037840292
2429.560185405167,-6.34350170293783e-05,-0.0012725047029487392,-1.1785940131093477,1741.6106523566145,-963.8752863509196
2430.20903725122,-6.485001949972772e-05,-0.0013141226865737209,-1.1794331308765953,1741.858408172514,-964.4749742472354
2432.4388112172583,-6.971393458591307e-05,-0.0014641492143018808,-1.1825285780790207,1742.7058211773935,-966.5374437758036
2434.668585183297,-7.456209775544322e-05,-0.0016250036116554015,-1.1859706223780875,1743.5464876671563,-968.6026714762934
2435.31743702935,-7.596659894802247e-05,-0.0016738401750306228,-1.1870408048764285,1743.7897458063094,-969.2041981538898
2435.966288875403,-7.73672479524325e-05,-0.0017235849602550966,-1.18814296152808,1744.032348517031,-969.8059890893524
2438.1960628414413,-8.21432496441337e-05,-0.0019014350260109592,-1.1921824857941792,1744.860799219095,-971.8761477156739
2440.42583680748,-8.684450834897434e-05,-0.002089851166017609,-1.196630355485402,1745.6804569016476,-973.9498021814628
2441.0746886535326,-8.819532869547727e-05,-0.0021466400007426065,-1.1980047424204683,1745.9171975993602,-974.5539236765692
2441.7235404995854,-8.953747597654571e-05,-0.0022043008056892703,-1.1994162413469123,1746.153094645657,-975.1583745336237
2443.953314465624,-9.407619846472116e-05,-0.0024090332642803347,-1.20455773366279,1746.957019909451,-977.238179390753
2446.183088431663,-9.848595872165021e-05,-0.002623742269801687,-1.210166855807144,1747.7497533855671,-979.3222737690475
2446.8319402777156,-9.974213118188763e-05,-0.002688054106035208,-1.2118901079525708,1747.9781892400777,-979.929584306878
2447.4807921237684,-0.00010098534374368924,-0.0027531753374334944,-1.213655323956445,1748.2055635954364,-980.5372922678373
2449.710566089807,-0.00010515234667325374,-0.002983028219844311,-1.2200488525499638,1748.9784938746438,-982.6288127823353
2451.940340055846,-0.00010914361167169558,-0.0032219766489720437,-1.2269650416233384,1749.737487539057,-984.7254282376856
2452.5891919018986,-0.00011026966561274867,-0.0032931615781816048,-1.229078697947115,1749.9555708178846,-985.336532825879
2453.2380437479515,-0.00011137914351867326,-0.0033650705520594814,-1.2312387423166513,1750.1723460008268,-985.9481015865312
2455.46781771399,-0.00011506009215935546,-0.0036175645509360908,-1.2390221106135497,1750.9069278920301,-988.0533953815905
2457.697591680029,-0.00011852661956303686,-0.003878027177816,-1.2473773675753566,1751.6244967669995,-990.1645448628478
2458.346443526081,-0.00011949314997762749,-0.003955248570362739,-1.2499186710548307,1751.8299299391178,-990.7800174142983
2458.995295372134,-0.00012044014694516034,-0.004033089767656067,-1.2525102391812268,1752.0337812552323,-991.3960143254789
2461.2250693381725,-0.00012354121787177156,-0.00430514709151697,-1.2618051969914421,1752.7218215579576,-993.5169725870721
2463.4548433042114,-0.00012639647306323946,-0.004583845045833533,-1.2717141846921254,1753.3894639175471,-995.6444352878167
2464.1036951502642,-0.00012717959287401,-0.004666113330097298,-1.2747151060788326,1753.5797166049033,-996.2647684917638
2464.752546996317,-0.00012794077191476003,-0.00474888180633871,-1.2777695228053807,1753.7680888541918,-996.8856735872819
2466.9823209623555,-0.00013038574761544216,-0.00503693715289253,-1.2886786482394976,1754.4006212669956,-999.0238397060252
2469.2120949283944,-0.00013255909455902787,-0.005330141407245824,-1.30023581243642,1755.0090947253036,-1001.16897082719
2469.860946774447,-0.00013313918776171357,-0.00541634248868688,-1.303722255004837,1755.1814276715934,-1001.7945192576551
2470.5097986204996,-0.0001336953174458622,-0.005502911482351783,-1.307264697436767,1755.3515599692698,-1002.4206677244262
2472.739572586538,-0.00013542076983047845,-0.005803000123357107,-1.3198688571135597,1755.918937048812,-1004.5770350658637
2474.969346552577,-0.00013685228185695677,-0.0061066084228902084,-1.333146070651046,1756.4583613519806,-1006.7405575210681
2475.61819839863,-0.00013721245130234665,-0.006195523855573626,-1.337137215656771,1756.6098584654058,-1007.3714760636831
2476.2670502446827,-0.0001375468472296478,-0.00628466396710105,-1.3411860713661625,1756.7588172813792,-1008.0029963030051
2478.496824210721,-0.00013849677558479536,-0.006592479879998616,-1.3555423030299758,1757.2508318251569,-1010.1777930116633
2480.72659817676,-0.00013913202948157423,-0.006902063091954564,-1.3705868649414146,1757.7108230107403,-1012.3595798037643
2481.375450022813,-0.00013925664243662943,-0.006992381402854235,-1.375094607482555,1757.8384329212497,-1012.9957600987138
2482.0243018688657,-0.00013935374668559375,-0.00708277100474577,-1.379660917500926,1757.9631548104499,-1013.6325101489174
2484.254075834904,-0.00013947504690605355,-0.007393695850725809,-1.395800561106202,1758.3691959332555,-1015.8249810678161
2486.483849800943,-0.0001392613166811837,-0.007704517647697085,-1.412633381950439,1758.739037342529,-1018.0238393121172
2487.1327016469954,-0.00013913506729992814,-0.007794838550249439,-1.4176618101281162,1758.8396260893721,-1018.6648475792548
2487.7815534930482,-0.00013897960319067852,-0.00788506744306876,-1.4227487508566081,1758.9369717284637,-1019.3063533445862
2490.0113274590867,-0.00013821995618893554,-0.008194179543863648,-1.440675682253059,1759.246221128721,-1021.5145515006295
2492.2411014251256,-0.00013710554492027776,-0.00850120228148744,-1.4592895343606462,1759.515076515463,-1023.7280215076662
2492.8899532711785,-0.0001367135712997515,-0.008590038265526024,-1.4648344222298946,1759.5854928122094,-1024.3730418403259
2493.5388051172313,-0.00013629080203156829,-0.008678609398670262,-1.470436799754456,1759.6523137420143,-1025.018441294645
2495.7685790832697,-0.0001346007395666519,-0.008980691947517935,-1.490125702221994,1759.853986521744,-1027.2390439071892
2497.9983530493087,-0.00013253882608453552,-0.009278591467221651,-1.510483516887804,1760.0111587095905,-1029.463229237598
2498.6472048953615,-0.0001318681561382189,-0.009364373914269909,-1.5165318358778783,1760.0483125781388,-1030.1110171704931
2499.2960567414143,-0.00013116545951664471,-0.009449710469242457,-1.5226356019602105,1760.081531332638,-1030.7590154153322
2501.5258307074528,-0.0001285048054284345,-0.009739284606997814,-1.544030344474143,1760.1651627606734,-1032.9871817479675
2503.7556046734917,-0.00012546129913011315,-0.010022499250589165,-1.5660636817444173,1760.200397522471,-1035.2166283104762
2504.404456519544,-0.00012450336770179806,-0.0101035961427857,-1.5725931776643092,1760.20135183281,-1035.8654800418965
2505.053308365597,-0.00012351285558100442,-0.01018406087554945,-1.5791750188436917,1760.1980548128636,-1036.5143206428513
2507.2830823316353,-0.00011985971387045864,-0.010455465297118176,-1.6021873512224163,1760.153829349663,-1038.7436106169082
2509.5128562976743,-0.00011582171594892658,-0.010718294967226507,-1.6257952942358356,1760.057658347456,-1040.9712539464085
2510.161708143727,-0.00011457463302080861,-0.010793043199016653,-1.63277420917168,1760.01973096817,-1041.618996784325
2510.81055998978,-0.00011329536099831081,-0.01086697218649125,-1.6398012902177288,1759.9772715324907,-1042.266454938201
2513.0403339558184,-0.00010865461693390467,-0.011114490666299432,-1.66431013709782,1759.7963835933513,-1044.4888273506335
2515.2701079218573,-0.00010364071291057303,-0.011351245304628955,-1.6893588937735478,1759.560492955703,-1046.706026226236
2515.91895976791,-0.00010211266758212478,-0.011417998397784438,-1.6967459146833528,1759.4813650543497,-1047.3500353555569
2516.567811613963,-0.00010055406371465721,-0.011483750957646652,-1.7041758587516846,1759.3974721196225,-1047.9934378794094
2518.7975855800014,-9.496787991539437e-05,-0.011701800117366788,-1.730027514007139,1759.0725004722888,-1050.1993444205934
2521.0273595460403,-8.903570657637487e-05,-0.011907007610647677,-1.756351052595499,1758.690103946183,-1052.396015160098
2521.6762113920927,-8.72464430157361e-05,-0.011964199059550384,-1.764095585552433,1758.5679277589393,-1053.03326048283
2522.3250632381455,-8.542959565678435e-05,-0.012020221939085377,-1.7718767894141463,1758.4408129906947,-1053.669536164568
2524.554837204184,-7.898078868733078e-05,-0.012203577242003003,-1.7988863224723441,1757.96608324638,-1055.8481216046732
2526.784611170223,-7.222896155515004e-05,-0.012372215329793108,-1.8262882883799498,1757.432271971371,-1058.0129802580216
2527.4334630162757,-7.021010075438009e-05,-0.012418426732576409,-1.8343311141412664,1757.265769515995,-1058.640104748587
2528.0823148623285,-6.816791241490718e-05,-0.012463322420614069,-1.8424034477170965,1757.094224437771,-1059.265866188057
2530.312088828367,-6.097912100247782e-05,-0.012607352441858637,-1.8703574461901815,1756.4661288763027,-1061.4052760650925
2532.541862794406,-5.354452104089162e-05,-0.012735079034412705,-1.8986144225745385,1755.7781660054943,-1063.5261856632342
2533.1907146404583,-5.133846033531407e-05,-0.01276910576999002,-1.9068887414245481,1755.5667093877087,-1064.139613583441
2533.839566486511,-4.91144515998453e-05,-0.012801697460286242,-1.915184634814722,1755.350183042533,-1064.7512684906778
2536.0693404525496,-4.1343569470339584e-05,-0.012902580673030184,-1.9438452560832185,1754.567425689206,-1066.8390543434832
2538.2991144185885,-3.339647642295964e-05,-0.012985940119849984,-1.9727112870945778,1753.7249544798424,-1068.9034626175276
2538.9479662646413,-3.105499374224134e-05,-0.013006849299530101,-1.9811441203133249,1753.4686188973076,-1069.4995324722563
2539.596818110694,-2.8701906016375614e-05,-0.013026237938243689,-1.9895900025119784,1753.2072673028538,-1070.0934189185728
2541.8265920767326,-2.0537312144984692e-05,-0.013081152016357872,-2.0187001944957466,1752.2710054457605,-1072.117019217706
2544.0563660427715,-1.2276306355767822e-05,-0.01311775340722215,-2.0479124158846216,1751.276144494264,-1074.112460588022
2544.7052178888243,-9.8589440180181e-06,-0.01312493358776912,-2.056426317686678,1750.9757268368726,-1074.687574415126
2545.354069734877,-7.4370336603887185e-06,-0.01313054646754912,-2.064944360213805,1750.6704274092979,-1075.2601112987834
2547.5838437009156,9.092143628094051e-07,-0.013137826194543333,-2.0942340871833074,1749.5842884188573,-1077.2073756164125
2549.8136176669545,9.26593644407003e-06,-0.013126483997590312,-2.123519284957932,1748.4415968955623,-1079.1220016246623
2550.462469513007,1.1694829507074422e-05,-0.013119682261405481,-2.1320343080218054,1748.0985957794157,-1079.6727796354003
2551.1113213590597,1.4120942194596157e-05,-0.01311130813081673,-2.140544413534624,1747.750922954338,-1080.2206211595649
2553.341095325098,2.242557179929648e-05,-0.013070548850721333,-2.169737650223469,1746.5208866087607,-1082.0803376125627
2555.570869291137,3.0654602518586633e-05,-0.013011356407949044,-2.198819452037556,1745.2371948855684,-1083.903434158979
2556.21972113719,3.303031594916825e-05,-0.01299069350224235,-2.207255267633868,1744.8537518087462,-1084.426862412088
2556.8685729832428,3.539612528329374e-05,-0.01296849489030564,-2.2156771989316604,1744.465914016691,-1084.9470442097315
2559.098346949281,4.3439685231900215e-05,-0.012880572634982735,-2.2444992878861014,1743.1000645755876,-1086.7094276115636
2561.32812091532,5.132590340044584e-05,-0.012774890477394621,-2.2731055298007306,1741.6841802277904,-1088.4318770317425
2561.976972761373,5.358681821453074e-05,-0.012740851930614428,-2.28138356307198,1741.262985831271,-1088.9254361749495
2562.625824607426,5.58311740622834e-05,-0.012705354117861311,-2.289639072248942,1740.837728279422,-1089.4155012631027
2564.8555985734642,6.340738219373437e-05,-0.012572373391028412,-2.317823972439105,1739.3458951317073,-1091.07260282552
2567.085372539503,7.075103264150285e-05,-0.01242275870807704,-2.3456938106854364,1737.8082082075744,-1092.687254465151
2567.7342243855555,7.284035003346714e-05,-0.012376171591244932,-2.3537392785665086,1737.352381471445,-1093.149019604779
2568.3830762316084,7.490709389209647e-05,-0.012328238213048903,-2.3617541296630105,1736.8928629211546,-1093.6071145367525
2570.612850197647,8.182809512359765e-05,-0.01215344066150745,-2.3890512403927526,1735.2861804701283,-1095.1531225966564
2572.8426241636857,8.845025246702218e-05,-0.011963544018761832,-2.4159417583124996,1733.6382020030203,-1096.6550456643538
2573.4914760097386,9.031776706693365e-05,-0.011905544579763018,-2.423685547535669,1733.1511527753405,-1097.0837506015218
2574.1403278557914,9.215761193692121e-05,-0.011846344042457083,-2.4313913729815844,1732.6608069079005,-1097.508685455744
2576.37010182183,9.826161110798597e-05,-0.01163398270457167,-2.457571739722991,1730.9512313174703,-1098.9400985393413
2578.5998757878688,0.00010401351290774397,-0.011408403377021911,-2.483263852117167,1729.2051040361316,-1100.326703602889
2579.2487276339216,0.00010561862619686027,-0.011340390846606402,-2.490644174664926,1728.69039037475,-1100.7217664437437
2579.8975794799744,0.00010719224193197815,-0.011271348209317312,-2.4979801000481943,1728.1727832607135,-1101.1130360966852
2582.127353446013,0.00011235429142281703,-0.01102650637691198,-2.5228417460763697,1726.372605662877,-1102.4287029620752
2584.357127412052,0.00011712745736491767,-0.01077058790214696,-2.547145100956466,1724.5406260299628,-1103.6997319918694
2585.005979258104,0.00011844181740087665,-0.010694160836618068,-2.5541088322410124,1724.0018175592058,-1104.0612430877454
2585.654831104157,0.00011972230343501904,-0.010616892551439924,-2.5610227729468957,1723.460512321526,-1104.4190111582116
2587.8846050701954,0.00012386123057956522,-0.0103452485708246,-2.5843948214928765,1721.5819055102454,-1105.6200458434525
2590.1143790362344,0.00012759185123678015,-0.010064830933802832,-2.607151383727527,1719.676091941714,-1106.7774435959916
2590.763230882287,0.00012860013294603497,-0.009981713544353718,-2.6136550002258545,1719.1166488658666,-1107.1061203779886
2591.41208272834,0.00012957359007358612,-0.009897953344219435,-2.620104551559866,1718.55508693002,-1107.431170758287
2593.6418566943785,0.00013265239295034094,-0.00960552450420206,-2.6418499154652557,1716.60971570407,-1108.5207620420636
2595.8716306604174,0.0001353194683476438,-0.009306689659290917,-2.662936087184784,1714.641449514593,-1109.568451580387
2596.5204825064698,0.00013601844048889355,-0.009218658789227445,-2.6689461770615526,1714.0646242697271,-1109.8655674637155
2597.1693343525226,0.00013668287838772283,-0.00913018529997305,-2.67489907804038,1713.4860298393226,-1110.1592308232766
2599.399108318561,0.00013870382185798673,-0.008823085547244461,-2.6949157000486124,1711.4847450632806,-1111.142372839458
2601.6288822846,0.00014032272281190732,-0.008511927779347126,-2.714243034794942,1709.4644998768615,-1112.085963485544
2602.277734130653,0.00014071913236650757,-0.008420748946646892,-2.719736410932499,1708.8732651728706,-1112.3532592650402
2602.9265859767056,0.00014108225753195505,-0.008329323106987457,-2.725170616462255,1708.2805763162116,-1112.6173230029897
2605.156359942744,0.0001420786698131314,-0.008013559540501192,-2.743391417121886,1706.233201530552,-1113.5004963107247
2607.386133908783,0.00014269225680003364,-0.0076960010067882705,-2.760906135215944,1704.1703657947153,-1114.346953129757
2608.034985754836,0.00014280016510263152,-0.007603378522311054,-2.765869619035316,1703.567369637937,-1114.5865392085702
2608.6838376008886,0.00014287669901765868,-0.007510695409254465,-2.7707730519646416,1702.963196250181,-1114.8231491201889
2610.913611566927,0.00014290371434798723,-0.007192016125484994,-2.787164850811116,1700.8784053431827,-1115.6139798457139
2613.143385532966,0.00014257327152916534,-0.006873675129072727,-2.802846444039294,1698.7811930394237,-1116.3712807533893
2613.7922373790184,0.00014241150001142541,-0.006781217540920936,-2.8072764065564195,1698.1687387204925,-1116.5855374531075
2614.441089225071,0.00014222067277829694,-0.006688873431473068,-2.811646476729965,1697.5553451017006,-1116.7970981940798
2616.6708631911097,0.00014134711925511563,-0.006372666380632605,-2.82620818749016,1695.4406215566285,-1117.5040182138043
2618.9006371571486,0.00014014522375743017,-0.00605877322088942,-2.840067407727575,1693.3160592967909,-1118.1808194239065
2619.5494890032014,0.00013973550187463215,-0.005967971705506398,-2.8439691508859313,1692.6961065348205,-1118.3723009584626
2620.1983408492542,0.0001392993103912112,-0.005877443620176629,-2.847812122608275,1692.0754146267434,-1118.5613806889237
2622.4281148152927,0.00013760264335628775,-0.0055686741610500405,-2.8605724859554837,1689.937077770524,-1119.1933057838946
2624.6578887813316,0.00013560957683836797,-0.005264018337832321,-2.8726489494403493,1687.7910525121733,-1119.7986301405947
2625.3067406273844,0.00013497578569961603,-0.0051762326764417926,-2.876035987921128,1687.1652350026739,-1119.9699760455405
2625.9555924734373,0.00013431835634539614,-0.005088864813978086,-2.8793662525732926,1686.5388434730721,-1120.1392188549519
2628.1853664394757,0.00013188337093292276,-0.004792031414625029,-2.89038127214791,1684.382124884084,-1120.7052557918867
2630.4151404055146,0.0001291870563241303,-0.0045009188348716445,-2.9007407984037012,1682.2194751909353,-1121.2482128901274
2631.063992251567,0.00012835540750569753,-0.004417364852141048,-2.9036340675099788,1681.589129591892,-1121.4020691404082
2631.71284409762,0.00012750325417760613,-0.004334355903818493,-2.9064733430746084,1680.9583438125142,-1121.554117336168
2633.9426180636583,0.00012442347971547115,-0.004053444779879979,-2.91582347081648,1678.7874970550668,-1122.0633059618106
2636.172392029697,0.0001211215070546621,-0.0037796485827377535,-2.9245551625866915,1676.6121315276105,-1122.5528486618384
2636.82124387575,0.00012012122159412122,-0.0037013829189460534,-2.926982147503545,1675.978333234892,-1122.6917995738538
2637.470095721803,0.00011910395431935753,-0.003623770406802232,-2.9293585977347645,1675.3442015623818,-1122.8292268290072
2639.6998696878413,0.00011548426815763751,-0.0033621979862203284,-2.9371456263721853,1673.1626299784612,-1123.2903199124598
2641.9296436538802,0.00011168663585515186,-0.003108895037443074,-2.9443586271624276,1670.9776584587933,-1123.7350390772579
2642.5784954999326,0.00011055073781987764,-0.003036795506502348,-2.9463523921621917,1670.3412601624493,-1123.8615503866401
2643.2273473459854,0.0001094018488590895,-0.002965435644180068,-2.9482996429056336,1669.70461259778,-1123.9868060820029
2645.457121312024,0.00010536103657958577,-0.0027259755387306433,-2.954643222451882,1667.5150023445226,-1124.40808769681
2647.686895278063,0.0001011923546314323,-0.0024956680915328034,-2.9604630642686365,1665.3228681680157,-1124.816045500988
2648.3357471241156,9.99582192248776e-05,-0.0024304100013782448,-2.962061156525746,1664.6845379878446,-1124.93241865593
2648.9845989701685,9.871557789646578e-05,-0.0023659536918055972,-2.963617184173767,1664.0460241083158,-1125.047783433066
2651.214372936207,9.43875838524565e-05,-0.0021506520897854094,-2.968650881033707,1661.8504725104901,-1125.4369258050265
2653.444146902246,8.998747161180219e-05,-0.0019450813398484003,-2.973215352786935,1659.6530770299378,-1125.8155274035005
2654.0929987482987,8.869675148562692e-05,-0.0018871122649978696,-2.9744585636971452,1659.0133338952558,-1125.9238649983115
2654.7418505943515,8.740243857461733e-05,-0.0018299799670272953,-2.9756644403715042,1658.3734578214262,-1126.031417443068
2656.97162456039,8.293500880133465e-05,-0.0016400706944388551,-2.9795313011889943,1656.1735900921285,-1126.3953759742715
2659.201398526429,7.845536368267719e-05,-0.0014601363991835362,-2.9829858282269393,1653.9724036588173,-1126.751279230485
2659.8502503724812,7.715290720808431e-05,-0.0014096540861017076,-2.9839168157149323,1653.331648448977,-1126.8534614919133
2660.499102218534,7.585199334825478e-05,-0.0013600144828287326,-2.984815317783951,1652.6907994550238,-1126.9550558590222
2662.7288761845725,7.140133283349296e-05,-0.0011958526591324243,-2.987662986799957,1650.4878696931073,-1127.3000020051359
2664.9586501506114,6.699906934992328e-05,-0.0010415608451635136,-2.990155616000633,1648.2840260318646,-1127.6390648882807
2665.6075019966643,6.57304201775551e-05,-0.0009985012483754688,-2.9908174248594284,1647.6425677716932,-1127.7367370800755
2666.256353842717,6.446830003440317e-05,-0.0009562609437537968,-2.991451546374692,1647.0010459136213,-1127.8339919100401
2668.4861278087556,6.018855985990205e-05,-0.0008173020697887364,-2.993427117161056,1644.7960208194527,-1128.1652832649224
2670.7159017747945,5.601342118558363e-05,-0.0006877694301952292,-2.9951033502538995,1642.5903940941075,-1128.4925479709475
2671.3647536208473,5.482103537588677e-05,-0.0006518132818212584,-2.9955379133068134,1641.948471148583,-1128.58711836834
2672.0136054669,5.3639585730962396e-05,-0.0006166257865831112,-2.9959493723042363,1641.306507917496,-1128.681415609463
2674.2433794329386,4.9669617702742846e-05,-0.0005014759273812784,-2.9971943159663312,1639.1001337013265,-1129.0036015196965
2676.4731533989775,4.585155887927542e-05,-0.00039500883793979516,-2.9981921817771644,1636.8933993679655,-1129.3233130191607
2677.12200524503,4.477138203751907e-05,-0.00036560985587521394,-2.9984389222070766,1636.2511960587487,-1129.4159606531025
2677.7708570910827,4.3705668028844673e-05,-0.00033690593843535457,-2.9986667818255137,1635.6089705240602,-1129.5084544279814
2680.000631057121,4.015883773030518e-05,-0.00024344134581701652,-2.9993123727776454,1633.4018248941347,-1129.825313691396
2682.23040502316,3.679957724152313e-05,-0.00015767626392101234,-2.999758142898687,1631.1945066086687,-1130.1409685227861
2682.879256869213,3.5858909772686976e-05,-0.00013410535362937522,-2.999852788629729,1630.5521659702847,-1130.2326593429818
2683.5281087152657,3.4935176411432e-05,-0.00011113859506601596,-2.9999323003376506,1629.909817153252,-1130.3242929532817
2685.757882681304,3.189340782301275e-05,-3.667132236526744e-05,-3.000095874943658,1627.7023490701736,-1130.6388983724382
2687.987656647343,2.9061773300755182e-05,3.1247769661362625e-05,-3.0001007048450687,1625.494854494599,-1130.9533179180924
2688.636508493396,2.827812931694131e-05,4.984907444197639e-05,-3.0000743867499233,1624.8524880159002,-1131.0448276127224
2689.2853603394487,2.751275057334976e-05,6.794811253248066e-05,-3.0000361232740103,1624.210124344008,-1131.1363569863815
2691.515134305487,2.5023512893311444e-05,0.0001264794257870036,-2.9998183725476397,1622.0026844735614,-1131.451160383804
2693.744908271526,2.2753219491299e-05,0.0001797043997928724,-2.999476026191329,1619.795332875579,-1131.7665819555161
2694.3937601175785,2.2133803599724676e-05,0.0001942658783842739,-2.9993546989621205,1619.1530280519946,-1131.858523445367
2695.0426119636313,2.1532804803836147e-05,0.00020843125661085458,-2.999224012836052,1618.5107347098178,-1131.9505450281242
2697.27238592967,1.9607777759653516e-05,0.0002542586496529564,-2.9987074125655897,1616.3035992799269,-1132.2674757621382
2699.5021598957087,1.7896441963290973e-05,0.0002960319090985993,-2.998093147467962,1614.0966434464672,-1132.5856544260405
2700.1510117417615,1.743790399928248e-05,0.00030749453159420714,-2.997897351457114,1613.454469835243,-1132.678507962056
2700.7998635878143,1.699673206189714e-05,0.0003186646446555413,-2.997694175897139,1612.8123146843027,-1132.7714889772917
2703.029637553853,1.5611061278382755e-05,0.00035498259321647626,-2.996942601441492,1610.6057048933333,-1133.0920588001932
2705.2594115198917,1.44194322928742e-05,0.00038842714381358864,-2.9961132496836287,1608.3993492355369,-1133.4143727596945
2705.908263365944,1.41076215541594e-05,0.0003976816582323742,-2.99585822258884,1607.7573635067104,-1133.5085165326627
2706.557115211997,1.3810884407946913e-05,0.00040673765301042216,-2.995597223105471,1607.1154020427007,-1133.602825517394
2708.7868891780354,1.290212628905146e-05,0.0004364900195933345,-2.994656776053392,1604.90950043768,-1133.9282325842182
2711.0166631440743,1.2152781568343844e-05,0.00046439378890386575,-2.993652048925912,1602.7039164085675,-1134.255784921225
2711.665514990127,1.1962320020923237e-05,0.0004722173855003259,-2.9933481960589394,1602.0621666618279,-1134.3515240860768
2712.31436683618,1.1783352542002995e-05,0.0004799195624845853,-2.993039281899839,1601.4204462544615,-1134.4474596037055
2714.5441408022184,1.1249972513466662e-05,0.0005055787663463078,-2.9919403643373337,1599.2154107323554,-1134.7786843966442
2716.7739147682573,1.0826112563195692e-05,0.0005301707558160321,-2.990785422373499,1597.010749923769,-1135.112393891606
2717.42276661431,1.0720158469785677e-05,0.000537161456538959,-2.9904391586135097,1596.3692793254145,-1135.2099858772488
2718.071618460363,1.0620854825618971e-05,0.0005440835520146236,-2.990088367187469,1595.7278427721915,-1135.3078012731567
2720.3013924264014,1.032234035561611e-05,0.0005674244319748029,-2.988849047105379,1593.5238181408981,-1135.6456870648153
2722.5311663924404,1.0069116916940047e-05,0.0005901501865225573,-2.9875583679321225,1591.3202227460206,-1135.9863606679712
2723.1800182384927,1.0000007293657863e-05,0.0005966621983899382,-2.987173337111967,1590.6790723504068,-1136.0860346048764
2723.8288700845455,9.931578614878824e-06,0.0006031271995815186,-2.9867840949398383,1590.0379605898277,-1136.185956637364
2726.058644050584,9.691926756460028e-06,0.0006250109484383092,-2.985414753991973,1587.8350870217832,-1136.531267061403
2728.288418016623,9.421286158393986e-06,0.0006463257788778313,-2.9839972515103623,1585.6326968043893,-1136.8796466727913
2728.9372698626757,9.332198319850108e-06,0.0006524115011245654,-2.9835759016490675,1584.9919072775758,-1136.981614830177
2729.5861217087286,9.236943176212591e-06,0.0006584347647732852,-2.9831506366253864,1584.3511609660598,-1137.0838540861603
2731.815895674767,8.851589132692463e-06,0.0006786229422386234,-2.9816597847514688,1582.1495782343607,-1137.4373007956551
2734.045669640806,8.350483882763778e-06,0.0006978228177767183,-2.980125019649969,1579.948532767535,-1137.7940776639387
2734.694521486859,8.178061268187213e-06,0.000703187213473942,-2.97967047914123,1579.3081446325996,-1137.8985370257803
2735.3433733329116,7.99209966371642e-06,0.0007084325742431743,-2.979212525538612,1578.6678041963066,-1138.0032882890134
2737.57314729895,7.238108303283686e-06,0.0007254504798085309,-2.9776135532851793,1576.4676503017474,-1138.3655227328918
2739.802921264989,6.279908149408248e-06,0.0007405594853421487,-2.9759787631567556,1574.2680850152587,-1138.7313140813367
2740.4517731110413,5.957807349308977e-06,0.0007445322460902212,-2.9754969309708077,1573.628136984345,-1138.8384366142798
2741.100624957094,5.6147256589255736e-06,0.0007482865119295085,-2.975012636732992,1572.9882407076657,-1138.945867798178
2743.3303989231326,4.2640756005434944e-06,0.0007593542256645493,-2.973331167925516,1570.7896433727528,-1139.3174328276189
2745.5601728891716,2.6229917824403506e-06,0.0007670864942440382,-2.9716287392624743,1568.5916778793019,-1139.692717232103
2746.2090247352244,2.086287585576233e-06,0.0007686171299796237,-2.9711304717876112,1567.9522028302626,-1139.8026279993624
2746.857876581277,1.5216374971398254e-06,0.0007697880566167393,-2.9706313874259083,1567.312782542102,-1139.9128568766307
2749.0876505473157,-6.426364474854754e-07,0.0007708363270060263,-2.9689127925150847,1565.115842098898,-1140.2940961681916
2751.3174245133546,-3.1743928114420723e-06,0.0007666490543324109,-2.967197697237045,1562.9195594174203,-1140.679106702304
2751.966276359407,-3.9840311794326805e-06,0.0007643296189275907,-2.966700945963862,1562.2805776370758,-1140.791849741272
2752.6151282054598,-4.827481387849979e-06,0.0007614720103593581,-2.9662059462378125,1561.641651631084,-1140.9049084831356
2754.8449021714982,-7.992662344892492e-06,0.0007472584572982889,-2.9645224822800316,1559.44641417827,-1141.29583457333
2757.074676137537,-1.1585464979530838e-05,0.000725510516299396,-2.9628791113238653,1557.2518299865642,-1141.6904117252323
2757.72352798359,-1.2713996306345359e-05,0.0007176299824392802,-2.962410840265557,1556.613339487976,-1141.8059045082337
2758.372379829643,-1.3880435126629407e-05,0.000709003812265755,-2.961948005017759,1555.974902516157,-1141.9216929609233
2760.6021537956813,-1.818381882191565e-05,0.0006733418093936051,-2.9604049669829315,1553.7813230680565,-1142.321817925859
2762.83192776172,-2.2950118364015497e-05,0.0006275681347399848,-2.958952720524928,1551.588345224298,-1142.7252276557613
2763.480779607773,-2.4425167748841945e-05,0.0006122008500454786,-2.9585504129950104,1550.9503093220399,-1142.8432059517609
2764.129631453826,-2.593980048533337e-05,0.000595863554650454,-2.958158475326833,1550.312319903747,-1142.9614355830868
2766.3594054198643,-3.144853952682041e-05,0.0005319686404156786,-2.9568986909407995,1548.1202168492866,-1143.3695718915346
2768.589179385903,-3.742332951254833e-05,0.0004552708891493365,-2.9557956514874393,1545.9285973662704,-1143.780297716282
2769.2380312319556,-3.924866287853366e-05,0.0004303983690666002,-2.955508210441041,1545.2909303289393,-1143.9002536918065
2769.8868830780084,-4.111226517312636e-05,0.00040433017804805205,-2.955237377053242,1544.6532962840945,-1144.0203851567683
2772.116657044047,-4.7805360391391555e-05,0.0003052771604020974,-2.9544433826699126,1542.4623010142948,-1144.4344276626075
2774.346431010086,-5.492945350341275e-05,0.00019081953934478002,-2.9538874285184074,1540.271585594268,-1144.8499489616395
2774.9952828561386,-5.708038772717607e-05,0.00015448161271865634,-2.953775288618488,1539.6341381159368,-1144.9710662887292
2775.6441347021914,-5.9264856218748775e-05,0.00011673960409874997,-2.953687253161107,1538.9967021842954,-1145.0922444757684
2777.87390866823,-6.701900685596666e-05,-2.398690159020619e-05,-2.9535805583663146,1536.8062112515563,-1145.5089475045404
2780.103682634269,-7.512689425450119e-05,-0.00018239778700937978,-2.9538073679549997,1534.6156953112927,-1145.925518974596
2780.7525344803216,-7.754718725361829e-05,-0.00023192938211609798,-2.9539416687532682,1533.9782427079663,-1146.0466094558235
2781.4013863263744,-7.999263341643053e-05,-0.0002830357617635722,-2.9541086721877434,1533.3407712996575,-1146.1676005930517
2783.631160292413,-8.857393423173248e-05,-0.00047092511481267214,-2.954945649617267,1531.1499126633241,-1146.582366346757
2785.860934258452,-9.738836537183505e-05,-0.0006782087429789452,-2.956223200259586,1528.958617074915,-1146.994815489223
2786.509786104504,-9.998923175118098e-05,-0.0007422446393712014,-2.9566839191692553,1528.3208543652204,-1147.1142622189575
2787.158637950557,-0.00010260328608970159,-0.0008079673418797242,-2.9571867626845707,1527.6830337347285,-1147.2333981020674
2789.3884119165955,-0.00011166714150386672,-0.0010468412850020915,-2.959250894399675,1525.490662840822,-1147.6400940583596
2791.6181858826344,-0.00012080293666376462,-0.0013060057816449808,-2.961870282688314,1523.2973465258417,-1148.0416547260916
2792.2670377286872,-0.00012346495083277365,-0.001385255519833851,-2.96274329725265,1522.6588956146327,-1148.1573670834935
2792.91588957474,-0.00012612503798092704,-0.0014662258205904613,-2.963668286752071,1522.0203407641548,-1148.2725017391467
2795.1456635407785,-0.00013522703230955678,-0.0017576265204754633,-2.967258771868841,1519.8250852755389,-1148.6633254089909
2797.3754375068174,-0.0001442069762419926,-0.0020691865379554846,-2.97152149004067,1517.6283140402286,-1149.0455258691857
2798.0242893528703,-0.00014678569645934993,-0.00216359638377544,-2.9728946349101277,1516.9887486919529,-1149.1549117184047
2798.673141198923,-0.00014934510484195654,-0.0022596664725583796,-2.9743295348636227,1516.3490306835415,-1149.2633958774068
2800.9029151649615,-0.00015796538370793542,-0.002602345415348663,-2.979746626694912,1514.1494031557934,-1149.6288053509197
2803.1326891310005,-0.00016624941668534976,-0.0029638707553700425,-2.9859488267144916,1511.9476932143914,-1149.9814291726518
2803.781540977053,-0.00016858466114224652,-0.003072505108973711,-2.9879071321268436,1511.3065869302095,-1150.0813895637987
2804.4303928231056,-0.00017088208559197754,-0.003182635512432266,-2.989936329581057,1510.6652835706325,-1150.1800682196754
2806.660166789144,-0.00017845956292864985,-0.003572215468150902,-2.9974642008682,1508.4598777448123,-1150.5087964570168
2808.889940755183,-0.00018548003767368892,-0.003978070490624174,-3.0058788922583655,1506.2519268442143,-1150.8199338867987
2809.538792601236,-0.00018740612706233094,-0.004099050938585818,-3.0084993031145904,1505.6089267681173,-1150.9068853376343
2810.1876444472887,-0.00018927588655527874,-0.004221256154807526,-3.011198489407223,1504.9656994703805,-1150.9921234451542
2812.417418413327,-0.00019524289204027144,-0.004650094452924496,-3.021086730228453,1502.753477091353,-1151.2712934964063
2814.647192379366,-0.00020043860606794994,-0.005091377921721235,-3.031945058481255,1500.5384853296093,-1151.5275002743333
2815.2960442254184,-0.00020179417125602148,-0.005221879918396119,-3.035290969728266,1499.893411776727,-1151.5974295329688
2815.9448960714712,-0.00020307600099261466,-0.0053532314764105525,-3.038721675757909,1499.2481077036862,-1151.6651707328801
2818.1746700375097,-0.00020689193233127285,-0.0058104788483370395,-3.051166570125162,1497.0287688103908,-1151.8805286135453
2820.4044440035486,-0.00020974206384755253,-0.006275158126968481,-3.064639308514418,1494.806835456087,-1152.0671087869841
2821.0532958496015,-0.00021038002703589322,-0.00641146428945288,-3.0687552438920602,1494.1598017423726,-1152.115664848743
2821.7021476956543,-0.00021092911802426053,-0.0065481505543201505,-3.072959555658505,1493.5125752914953,-1152.1615279524178
2823.9319216616927,-0.00021211548800880825,-0.007020006773354587,-3.088086259444491,1491.2869866304777,-1152.2978090862218
2826.1616956277317,-0.0002121754952238804,-0.007493252562104806,-3.1042666451565784,1489.0595497186273,-1152.399236750092
2826.8105474737845,-0.0002119736776992638,-0.007630865206782594,-3.109173411540422,1488.4110911005268,-1152.4218642071435
2827.4593993198373,-0.00021167133889316215,-0.007768310807101915,-3.1141691998524945,1487.762532856232,-1152.4412813557979
2829.6891732858758,-0.00020984878704262286,-0.008238488228454707,-3.1320159834222587,1485.5331683294592,-1152.4827225543647
2831.9189472519147,-0.00020678779648125516,-0.008703221051941433,-3.150905086254283,1483.3034329478448,-1152.4832113734692
2832.567799097967,-0.00020565983186793436,-0.008837036920350039,-3.1565957540745266,1482.654627466988,-1152.4753269358148
2833.21665094402,-0.00020442442437479803,-0.008970084522167113,-3.162372770600892,1482.0058827932658,-1152.4637248793922
2835.4464249100583,-0.00019935023072971994,-0.009420486979089074,-3.182878548587861,1479.7772100567265,-1152.3947234227855
2837.6761988760973,-0.00019298792514250854,-0.009858139031885638,-3.204374406987924,1477.5504930863463,-1152.278939193301
2838.32505072215,-0.0001908937763546165,-0.009982686364285776,-3.210811477123016,1476.9030522567286,-1152.2361486216255
2838.973902568203,-0.00018869107802635016,-0.010105840550558057,-3.2173286772647645,1476.2559070782868,-1152.189169676301
2841.2036765342414,-0.00018029399134746778,-0.010517451626406101,-3.2403250577346285,1474.034640586639,-1151.9950719898973
2843.4334505002803,-0.00017063529656873548,-0.010908932546538802,-3.264216795016976,1471.8185497591573,-1151.7489610118128
2844.082302346333,-0.00016759152617390236,-0.011018666629000844,-3.2713308997003776,1471.1748550234915,-1151.6673065387004
2844.731154192386,-0.0001644451139520573,-0.011126396065912415,-3.278515337170602,1470.5317647651223,-1151.581058364283
2846.9609281584244,-0.00015286128419559936,-0.01148037002832933,-3.3037243635619093,1468.3269037558064,-1151.2490334426475
2849.1907021244633,-0.0001401301301097802,-0.011807235531768157,-3.329692449011222,1466.131273333644,-1150.860709743681
2849.8395539705157,-0.00013621883500169421,-0.011896892662694324,-3.337382925853447,1465.4943368000422,-1150.736929051042
2850.4884058165685,-0.0001322184680481154,-0.011983989513035687,-3.3451305572835444,1464.8583776439798,-1150.6082432705712
2852.718179782607,-0.00011781585802212801,-0.012262924401532599,-3.3721692883007024,1462.680963419065,-1150.1281640511172
2854.947953748646,-0.00010247213169006995,-0.012508695486831404,-3.399793007177955,1460.5174925345377,-1149.58876669569
2855.5968055946987,-9.784435386577724e-05,-0.012573683135040684,-3.407930630514779,1459.8908289387325,-1149.420535491236
2856.2456574407515,-9.314864535652746e-05,-0.01263565508878578,-3.4161092988452224,1459.2655596663474,-1149.2472063448251
2858.47543140679,-7.652966350102543e-05,-0.012824948060562918,-3.4445020142409235,1457.1281230338996,-1148.6124339798575
2860.705205372829,-5.9260388299412086e-05,-0.012976459455669857,-3.4732746879890173,1455.0097068023024,-1147.9168421524196
2861.3540572188817,-5.4131150892754665e-05,-0.013013243691634807,-3.4817066618877184,1454.3971177971498,-1147.7029666976937
2862.0029090649346,-4.896148135742909e-05,-0.013046697714298035,-3.4901613372157994,1453.7863551643516,-1147.4839358303693
2864.232683030973,-3.093301773432811e-05,-0.013135826184194314,-3.5193594233907928,1451.702079069926,-1146.69188951895
2866.462456997012,-1.2607845055333443e-05,-0.013184424458191958,-3.548711059319764,1449.6418810801963,-1145.8391799887559
2867.1113088430643,-7.24036948274536e-06,-0.013190858350256086,-3.5572681011504934,1449.0471705171944,-1145.5797069755808
2867.760160689117,-1.8638894733695205e-06,-0.013193818553122457,-3.565828171570212,1448.454698800476,-1145.3151624078464
2869.9899346551556,1.663055885641953e-05,-0.013177339477375689,-3.59523667734952,1446.4363821696597,-1144.3675715331467
2872.2197086211945,3.5039393473046776e-05,-0.013119717411841274,-3.6245625687309837,1444.4467561636773,-1143.361128844799
2872.8685604672473,4.0358797673648084e-05,-0.0130952489548492,-3.63306756288547,1443.8734115301804,-1143.0573497346315
2873.5174123133,4.565483700981242e-05,-0.013067348354182117,-3.6415556167894696,1443.3026629237122,-1142.7487177329356
2875.7471862793386,6.362553246487088e-05,-0.012945427107609656,-3.6705642713766307,1441.3616223751221,-1141.6514969564205
2877.9769602453775,8.113348068055264e-05,-0.012783951183033496,-3.6992569701466507,1439.4530326591569,-1140.498740542458
2878.62581209143,8.612102185713248e-05,-0.012729680797030605,-3.7075343868392197,1438.9039179411038,-1140.1530847824627
2879.2746639374827,9.105452697318133e-05,-0.012672202467620075,-3.7157756641285875,1438.3576696072462,-1139.8029112412294
2881.504437903521,0.00010754892225174579,-0.012450632400119272,-3.743791452866432,1436.5027387336402,-1138.5656644392193
2883.73421186956,0.00012323785197469934,-0.012193181562503987,-3.771273187432566,1434.6828383345044,-1137.2774253907573
2884.383063715613,0.00012763438005367422,-0.01211178271968379,-3.7791584286074564,1434.1599436502931,-1136.893257018555
2885.0319155616658,0.00013195028104945463,-0.012027566095296868,-3.786990111012854,1433.6400761250848,-1136.5049949812706
2887.261689527704,0.00014612677669850226,-0.011717339797216668,-3.8134686461814566,1431.8768491372377,-1135.1402208846994
2889.491463493743,0.00015921721004466468,-0.011376713954932787,-3.8392215547708943,1430.1498484100584,-1133.7298631148528
2890.140315339796,0.0001628090695051882,-0.0112722309677434,-3.846569486123512,1429.6541317252938,-1133.3112119620505
2890.789167185849,0.00016630003365681809,-0.01116545622584633,-3.853849094207743,1429.161482362364,-1132.8889479239926
2893.0189411518872,0.00017749788148871564,-0.010781922381094166,-3.8783223150985315,1427.4919039617614,-1131.4110692949484
2895.248715117926,0.0001874147508670105,-0.010374848012974216,-3.9019140971841173,1425.8583080909311,-1129.8934883199595
2895.8975669639785,0.00019005172938290512,-0.010252379588831946,-3.90860607939821,1425.3896470811815,-1129.4447560512697
2896.5464188100314,0.00019257541800976908,-0.0101282399577393,-3.915218296199169,1424.9239744396782,-1128.9929157195415
2898.77619277607,0.00020036759200899265,-0.00968989688870777,-3.9373162220485294,1423.3463134016329,-1127.417273516457
2901.0059667421087,0.00020678192898743728,-0.009235715165513109,-3.9584190836250106,1421.803039835861,-1125.8079131957306
2901.6548185881616,0.0002083870596004485,-0.009101016431645034,-3.964367924244047,1421.3602921758718,-1125.3335941189064
2902.3036704342144,0.00020987490643542675,-0.008965314232565868,-3.9702292890578104,1420.92034751222,-1124.856666974504
2904.533444400253,0.00021409030890221084,-0.008492385219831143,-3.9896941123835625,1419.4295249339677,-1123.1986085415629
2906.7632183662918,0.00021692953832695697,-0.008011591089830551,-4.008095642192071,1417.9703492433077,-1121.5126124696462
2907.4120702123446,0.00021749993646724304,-0.0078706454792408,-4.013248144661002,1417.5515025047164,-1121.0170602325923
2908.0609220583974,0.0002179570650172056,-0.007729363703425823,-4.018309326169309,1417.1351880027235,-1120.519372645521
2910.290696024436,0.0002186733804564184,-0.007242331263738742,-4.0350011045096466,1415.7233795352886,-1118.7935246393963
2912.520469990475,0.00021810432988671413,-0.006755134640365583,-4.050606727549096,1414.3396154367963,-1117.045094044793
2913.169321836527,0.00021770454776406516,-0.006613743408759879,-4.0549438055234726,1413.941997180764,-1116.5323513987344
2913.81817368258,0.00021720241618594391,-0.006472639674208,-4.059189452673166,1413.5465807873807,-1116.017903821869
2916.0479476486184,0.00021471593222913105,-0.005990891186848896,-4.0730836185029435,1412.2039852094651,-1114.2376703664443
2918.2777216146574,0.00021110820645792028,-0.00551593705458735,-4.085911169035483,1410.8852875816797,-1112.4396498318933
2918.92657346071,0.0002098585803368669,-0.0053793628901005015,-4.089445739320347,1410.5058031550486,-1111.913344202276
2919.575425306763,0.0002085229399201321,-0.005243620649714399,-4.092892146374331,1410.1281575941364,-1111.3857137298842
2921.8051992728015,0.00020330466391042402,-0.004784311630759884,-4.104069808421315,1408.843821979704,-1109.5629936124308
2924.0349732388404,0.00019718342177933474,-0.004337644892974248,-4.1142374098901735,1407.5790076306212,-1107.7266638517135
2924.6838250848928,0.00019524580394834554,-0.004210330840034061,-4.117010443225406,1407.214376246607,-1107.1899602838125
2925.3326769309456,0.0001932421863805504,-0.004084287615120699,-4.119701421741159,1406.8512133947202,-1106.6522591933838
2927.562450896984,0.00018588626407511216,-0.003661481017908598,-4.128333895476196,1405.6138211859916,-1104.797343546322
2929.792224863023,0.00017787795506865513,-0.003255803802190223,-4.136042703392549,1404.3916228019445,-1102.932375004831
2930.441076709076,0.0001754394130335139,-0.0031411801649393408,-4.138117904695844,1404.03858916651,-1102.3879719847823
2931.0899285551286,0.00017295660816043568,-0.003028145079200227,-4.140119342402923,1403.686667904829,-1101.8428474002728
2933.319702521167,0.00016412164412681944,-0.0026522677202287445,-4.14644861853731,1402.4852214674602,-1099.9644449722566
2935.549476487206,0.0001548927213943631,-0.0022965295534754875,-4.151962226045487,1401.2949169299784,-1098.0789582073392
2936.198328333259,0.00015214727738872467,-0.002196920595881855,-4.153419884668424,1400.950423601554,-1097.5291107315609
2936.8471801793116,0.00014937895327529288,-0.0020990928414524167,-4.154813539098854,1400.60671722116,-1096.9787698905711
2939.07695414535,0.00013972450122246195,-0.0017767471569340096,-4.159130631363042,1399.4310738140102,-1095.0841081037615
2941.306728111389,0.0001299193270603355,-0.0014760967563770776,-4.162753153401504,1398.2629600090827,-1093.1847924414094
2941.9555799574414,0.00012705052154070656,-0.0013927325245886208,-4.16368376101478,1397.9242733635024,-1092.6313490167236
2942.604431803494,0.00012417819175084845,-0.001311224225614729,-4.164560887900065,1397.5860902012378,-1092.0775972044235
2944.8342057695327,0.0001143101555858301,-0.0010453480352952593,-4.167184123740117,1396.4273356106632,-1090.1725577877605
2947.0639797355716,0.00010450327572534671,-0.0008014071527446178,-4.169238971161901,1395.273039638754,-1088.264812365501
2947.7128315816244,0.00010167171680517847,-0.0007345223922832772,-4.169737172435004,1394.937828888931,-1087.7092565494686
2948.3616834276772,9.885289949314577e-05,-0.0006694653797869963,-4.170192541872815,1394.6028862795902,-1087.1535387768781
2950.5914573937157,8.928759042076393e-05,-0.0004597531934357812,-4.171447577980417,1393.4535509488248,-1085.2428009664552
2952.8212313597546,7.995475423576518e-05,-0.0002711103032352267,-4.172258493198548,1392.3061898009125,-1083.330876647969
2953.4700832058074,7.729091884865446e-05,-0.00022009948817271888,-4.172417782043375,1391.9725633134722,-1082.7743678700026
2954.1189350518603,7.465246847950987e-05,-0.00017080487002241805,-4.172544475671134,1391.6390195155936,-1082.217809463599
2956.3487090178987,6.579753582928832e-05,-1.4285803947856278e-05,-4.172747236531926,1390.4931559775634,-1080.3049872971656
2958.5784829839376,5.7302184887374055e-05,0.00012288965679814037,-4.1726225611877785,1389.3473671173758,-1078.3921203863642
2959.22733482999,5.4903455657100924e-05,0.00015928853806273133,-4.172530964012239,1389.0138731047246,-1077.8355321503814
2959.876186676043,5.253900956900873e-05,0.00019414475952187052,-4.1724161772191755,1388.680324492271,-1077.2789766551825
2962.1059606420813,4.468763995200396e-05,0.0003024591598248988,-4.171859358744134,1387.5334724944546,-1075.3667469402887
2964.33573460812,3.727932322797319e-05,0.0003937607344613492,-4.171079991017026,1386.3853432621513,-1073.4552839507096
2964.984586454173,3.5210245735196944e-05,0.0004172750721427697,-4.170816838055916,1386.0509431600383,-1072.8992396057201
2965.633438300226,3.3180788830512674e-05,0.00043946112094449735,-4.170538774587807,1385.716395051198,-1072.3432843420787
2967.8632122662643,2.6515789666523143e-05,0.0005059256717918753,-4.169482114459158,1384.5654633852366,-1070.4335074025305
2970.0929862323032,2.0337229672422636e-05,0.0005580711057182604,-4.168293217602425,1383.4123882459942,-1068.5250240021091
2970.741838078356,1.8632065547664346e-05,0.0005707110765726589,-4.1679269963155905,1383.0764111549656,-1067.969931097885
2971.390689924409,1.6968684675232817e-05,0.0005822584982060349,-4.167552839160216,1382.7402306113206,-1067.4149614206592
2973.6204638904474,1.157336534018107e-05,0.0006139876483269974,-4.166217027071553,1381.5833237889954,-1065.5087982842808
2975.8502378564863,6.673216787331902e-06,0.0006342385153156457,-4.164823263138433,1380.4238165673078,-1063.6042159051926
2976.4990897025386,5.339949769702073e-06,0.0006381337481941449,-4.1644104714200845,1380.0859024240867,-1063.0503000661588
2977.1479415485915,4.047961315165972e-06,0.0006411766850162108,-4.163995340894198,1379.7477605736572,-1062.4965232149036
2979.37771551463,-7.892932081283484e-08,0.0006455133308823933,-4.162559215602622,1378.5839753561133,-1060.59455185536
2981.607489480669,-3.7302045400442183e-06,0.0006411782008848364,-4.161123088621021,1377.417459869326,-1058.6942537986906
2982.2563413267217,-4.705116050082042e-06,0.0006384399537977422,-4.160707956968446,1377.0774978393988,-1058.1415924826838
2982.9051931727745,-5.641367105452659e-06,0.0006350804019277776,-4.160294721197073,1376.7373080671946,-1057.5890713152949
2985.134967138813,-8.568845841932338e-06,0.0006191568871589678,-4.15889526545273,1375.5665204779375,-1055.6914023567208
2987.364741104852,-1.1061841106626542e-05,0.0005971901564844541,-4.157538053049811,1374.3931183574948,-1053.7953488996066
2988.0135929509042,-1.1708436514140171e-05,0.0005898017940106865,-4.157152979506051,1374.051185564499,-1053.24390473319
2988.662444796957,-1.2320530629690187e-05,0.000582003336280379,-4.156772759343267,1373.709042529096,-1052.6925909654906
2990.8922187629955,-1.4167980564531478e-05,0.0005524013147007537,-4.1555073393256645,1372.5317011870436,-1050.7989810446343
2993.1219927290344,-1.5636960300878775e-05,0.0005191018488506209,-4.154312047357608,1371.3520308887444,-1048.9068210510343
2993.7708445750873,-1.5996740950766113e-05,0.0005088384282733077,-4.153978579227848,1371.0083352158422,-1048.3564739015048
2994.41969642114,-1.6327170874787086e-05,0.000498349068161238,-4.153651781136844,1370.6644582778738,-1047.8062399691025
2996.6494703871786,-1.724731108753187e-05,0.0004608589997374877,-4.15258205632668,1369.4813952524632,-1045.916199431702
2998.8792443532175,-1.785361398815485e-05,0.0004216671197563239,-4.151597823222621,1368.296391784903,-1044.0273748162322
2999.5280961992703,-1.797481903742794e-05,0.00041004321860597796,-4.15132801960235,1367.9512212188338,-1043.4779514984505
3000.176948045323,-1.8072313733367935e-05,0.0003983462470906753,-4.151065731157931,1367.6059046206428,-1042.9286199276094
3002.4067220113616,-1.8235579950684594e-05,0.00035782132335347987,-4.150222673110472,1366.4181708769563,-1041.041510999082
3004.6364959774005,-1.8152763711069393e-05,0.0003172067069833605,-4.149470076480083,1365.228931895817,-1039.1553502320778
3005.285347823453,-1.8086203435721464e-05,0.0003054499403794416,-4.149268095647039,1364.8826118059897,-1038.606650768918
3005.9341996695057,-1.8001639129493327e-05,0.00029374012535843936,-4.149073689400001,1364.5361828869077,-1038.0580199922122
3008.163973635544,-1.7582719715288243e-05,0.0002540341881663923,-4.148463193752521,1363.3449119513764,-1036.1731419376545
3010.393747601583,-1.698405804511524e-05,0.00021546273887948467,-4.147939968544288,1362.1525727248836,-1034.288939439158
3011.042599447636,-1.6779665568241803e-05,0.00020450924912857518,-4.147803742590078,1361.8054316118264,-1033.7407590331584
3011.6914512936887,-1.6562699247740397e-05,0.00019369053320687367,-4.1476745530904875,1361.4582175105577,-1033.1926248432524
3013.921225259727,-1.572964069690411e-05,0.00015766624030531408,-4.1472831996627875,1360.264518316861,-1031.3092836431838
3016.150999225766,-1.4778273583622809e-05,0.00012363138034884457,-4.146969954272647,1359.0701556863153,-1029.4263630822259
3016.799851071819,-1.448243488815804e-05,0.0001141389530572029,-4.146892836798092,1358.722499293812,-1028.8785093183928
3017.4487029178717,-1.4178926985632566e-05,0.00010483927214769907,-4.146821799416424,1358.3748019725238,-1028.330681523671
3019.67847688391,-1.308494885028111e-05,7.443119610154881e-05,-4.146622399673725,1357.179679899298,-1026.4482429087302
3021.908250849949,-1.1926735845111834e-05,4.653405864123635e-05,-4.146488003654604,1355.9842436633792,-1024.5660037765394
3022.5571026960015,-1.1580404696041133e-05,3.890833678895763e-05,-4.14646030208865,1355.6363369002945,-1024.0183089703162
3023.2059545420543,-1.1230615239863635e-05,3.1507033235387724e-05,-4.146437468117943,1355.2884158960624,-1023.4706232089621
3025.435728508093,-1.0008559795395898e-05,7.824221096717715e-06,-4.14639412847995,1354.0927196752637,-1021.588549224008
3027.6655024741317,-8.767494199165639e-06,-1.3112489456077218e-05,-4.14640053456699,1352.8969886984642,-1019.7064973194513
3028.3143543201845,-8.405031308479782e-06,-1.8683058619063776e-05,-4.146410864412968,1352.549044523563,-1019.158826278361
3028.9632061662373,-8.042539954932696e-06,-2.401955846588538e-05,-4.146424732566507,1352.2011065554173,-1018.6111512944427
3031.192980132276,-6.801725262501909e-06,-4.0566129456398784e-05,-4.146497248944941,1351.0054978870216,-1016.7290216886339
3033.4227540983147,-5.577631939704823e-06,-5.436460658639471e-05,-4.146603596622521,1349.8100575472788,-1014.846785166542
3034.071605944367,-5.2262881659135305e-06,-5.786904385953798e-05,-4.146640018975487,1349.4622317982341,-1014.2990389051004
3034.72045779042,-4.877538778173687e-06,-6.114718196543884e-05,-4.146678647162629,1349.1144261976322,-1013.751279850576
3036.9502317564584,-3.7026806602552943e-06,-7.070516443317581e-05,-4.146826125488882,1347.9193684387462,-1011.8688003986114
3039.1800057224973,-2.57083584721008e-06,-7.769143382948896e-05,-4.1469920487861796,1346.7246056817394,-1009.9861337050521
3039.82885756855,-2.2507619960523495e-06,-7.925509655444056e-05,-4.147042973620681,1346.3769967490553,-1009.4382498227972
3040.477709414603,-1.9351289808051565e-06,-8.061307146991412e-05,-4.147094855664915,1346.029415610046,-1008.8903483081966
3042.7074833806414,-8.869407358847914e-07,-8.374812607697866e-05,-4.1472785215896195,1344.8351777243895,-1007.0073486270675
3044.9372573466803,1.0078836608837114e-07,-8.461336293548837e-05,-4.147466647387203,1343.6412899015404,-1005.124126975115
3045.586109192733,3.76115286037431e-07,-8.445812601859197e-05,-4.14752150268002,1343.2939421377348,-1004.5760774799649
3046.234961038786,6.458658314546424e-07,-8.412635690195641e-05,-4.147576211780557,1342.9466240795277,-1004.0280091587815
3048.4647350048244,1.5288049218672457e-06,-8.168883109162316e-05,-4.147761428289585,1341.7532960703102,-1002.1444327238811
3050.6945089708634,2.3417080608326766e-06,-7.736063285450184e-05,-4.147939101780939,1340.5603098457145,-1000.2606397957269
3051.3433608169157,2.5647679719517728e-06,-7.576841545334082e-05,-4.147988782203022,1340.2132196439209,-999.7124271457071
3051.9922126629685,2.781730954641124e-06,-7.403353924166734e-05,-4.14803739617,1339.8661561277322,-999.1641976005352
3054.221986629007,3.480234561343832e-06,-6.703859845513589e-05,-4.148194949952564,1338.673672384194,-997.2800865508651
3056.451760595046,4.105778604338265e-06,-5.856749417905973e-05,-4.148335260842805,1337.4814692579187,-995.3957979210875
3057.1006124410987,4.274101877888763e-06,-5.5848508974356386e-05,-4.14837237954823,1337.1345928199041,-994.8474499891764
3057.7494642871516,4.436316269761906e-06,-5.302221723769329e-05,-4.148407712212617,1336.7877360518182,-994.2990896141345
3059.97923825319,4.947338152541155e-06,-4.254739240154111e-05,-4.148514458638264,1335.5959033775296,-992.4145666483917
3062.209012219229,5.387802206007861e-06,-3.101176828054234e-05,-4.148596665900874,1334.4042487514203,-990.5299310890125
3062.857864065282,5.502978045005973e-06,-2.7478277020648134e-05,-4.148615639123233,1334.0575106821195,-989.9814956515456
3063.5067159113346,5.612426080825774e-06,-2.3871714620246237e-05,-4.14863230812395,1333.7107822536987,-989.4330541184742
3065.736489877373,5.945605713474852e-06,-1.0973892435493413e-05,-4.148671281789317,1332.5193097772265,-987.5483033986809
3067.966263843412,6.214619265728885e-06,2.595307092370852e-06,-4.148680747716694,1331.3278829490973,-985.6635238217699
3068.6151156894643,6.281289914618651e-06,6.649454388180399e-06,-4.14867774489208,1330.9811849529042,-985.115063050619
3069.263967535517,6.342898601068113e-06,1.0745502410656988e-05,-4.148672108727187,1330.6344845111541,-984.5666038255401
3071.4937415015556,6.517156581822039e-06,2.5093238918385664e-05,-4.148632213376822,1329.443013171821,-982.6818523860705
3073.7235154675946,6.6363683548232846e-06,3.976816103448586e-05,-4.148559961042142,1328.2514361498252,-980.7971677610792
3074.3723673136474,6.66127956943762e-06,4.4082332795876796e-05,-4.148532753554369,1327.9046652529655,-980.248753078985
3075.0212191597,6.681975589537197e-06,4.8411635080745725e-05,-4.148502750899251,1327.5578786409683,-979.7003483350874
3077.2509931257387,6.722349148181467e-06,6.336417923215296e-05,-4.148378141043299,1326.3660084599064,-977.8158490885094
3079.4807670917776,6.718393629780225e-06,7.83573253825742e-05,-4.148220145127028,1325.1738720074354,-975.9315182784027
3080.1296189378304,6.709536931849455e-06,8.271369566678575e-05,-4.148167885098361,1324.8269078811645,-975.3832258254853
3080.778470783883,6.697406077076032e-06,8.706361186879407e-05,-4.148112807527301,1324.4799143407165,-974.8349519890173
3083.0082447499217,6.632255490380372e-06,0.00010193080602909004,-4.147902066285435,1323.2872281983318,-972.9509690548853
3085.2380187159606,6.5341258262736926e-06,0.00011661596116318228,-4.14765837751402,1322.0941140205214,-971.0672571702711
3085.886870562013,6.500008919892917e-06,0.00012084451801438803,-4.147581334923257,1321.746835123121,-970.5191640334807
3086.535722408066,6.463576927319162e-06,0.00012505053765795145,-4.1475015608985695,1321.3995132926693,-969.9710981045328
3088.7654963741043,6.322238170582072e-06,0.0001393093231796748,-4.14720676645919,1320.2055964105941,-968.0878948775113
3090.995270340143,6.159121232684042e-06,0.00015322867501054327,-4.146880556581267,1319.0110948513027,-966.2050624611522
3091.644122186196,6.108170452669654e-06,0.00015720840552687,-4.146779838930882,1318.6633832360387,-965.6572437393121
3092.292974032249,6.055825529283731e-06,0.00016115495188943072,-4.146676552791756,1318.315615804509,-965.1094604522939
3094.5227479982873,5.86673712188293e-06,0.00017444936626901593,-4.146302311215818,1317.1200705520898,-963.2272905755412
3096.752521964326,5.666323034303808e-06,0.00018730952938709433,-4.145898910241879,1315.9237935668996,-961.345585701586
3097.4013738103786,5.606427657465665e-06,0.0001909665749086504,-4.145776184504082,1315.5755383135213,-960.7981124164319
3098.0502256564314,5.545975267587703e-06,0.00019458486756728763,-4.145651099672588,1315.2272152987405,-960.2506822446119
3100.27999962247,5.335269641546301e-06,0.00020671660679091086,-4.145203606157417,1314.0296712976203,-958.3697834602266
3102.509773588509,5.122514038831923e-06,0.0002183762346027808,-4.144729587956826,1312.8312607934106,-956.4894366585385
3103.1586254345616,5.060694997838638e-06,0.00022167978632024895,-4.144586820001716,1312.4823601099026,-955.9423744751823
3103.8074772806144,4.999044856804679e-06,0.00022494352712409228,-4.1444419211129615,1312.1333808169993,-955.39536243827
3106.037251246653,4.78956655569265e-06,0.00023585565014726817,-4.143928096512111,1310.9335005963442,-953.5159531422996
3108.267025212692,4.5858597227268295e-06,0.00024630711844288346,-4.143390453921385,1309.7326324779824,-951.6371749312
3108.9158770587446,4.52805722712367e-06,0.00024926375609501944,-4.143229676372711,1309.3829945866066,-951.090583617534
3109.5647289047974,4.471018026652697e-06,0.00025218333159254564,-4.143066990823062,1309.0332683667064,-950.5440488187032
3111.794502870836,4.281712758271087e-06,0.0002619394097657582,-4.1424937261206205,1307.8307490266654,-948.6663270460044
3114.024276836875,4.10439495483572e-06,0.0002712867446485273,-4.141899163271628,1306.6271334690994,-946.7893077687436
3114.673128682927,4.055347397662239e-06,0.0002739338246190909,-4.14172227895761,1306.2766764375144,-946.243241300204
3115.32198052898,4.007519998365089e-06,0.00027654961941270023,-4.141543684649384,1305.926122411609,-945.6972370969373
3117.5517544950185,3.853129113856061e-06,0.0002853102801037745,-4.140917213821158,1304.7206938894974,-943.821381593391
3119.7815284610574,3.715285281757982e-06,0.0002937451321133169,-4.140271571939652,1303.5140724664348,-941.9462931973147
3120.43038030711,3.6784892507347945e-06,0.00029614372111923807,-4.140080196929238,1303.1627231732277,-941.4008003990272
3121.079232153163,3.643229371871782e-06,0.00029851902569596046,-4.139887269884422,1302.8112691127953,-940.8553750986354
3123.3090061192015,3.5342229729913253e-06,0.0003065174552056866,-4.139212681458033,1301.6026897246052,-938.9815480979756
3125.5387800852404,3.4446912698872202e-06,0.0003142945371698765,-4.138520505119247,1300.3928300832606,-937.1085474641337
3126.1876319312933,3.422414521541773e-06,0.00031652227671624114,-4.138315852799496,1300.040522520724,-936.5636730749525
3126.836483777346,3.4018559551524816e-06,0.0003187361629863065,-4.138109755851699,1299.6881030886723,-936.0188710387829
3129.0662577433845,3.3445430136606853e-06,0.0003262537613189472,-4.137390645553908,1298.4761530489807,-934.1472223426703
3131.2960317094235,3.308079144781674e-06,0.0003336668091063962,-4.136654889273105,1297.2628418354554,-932.276455761995
3131.944883555476,3.3014199601342368e-06,0.0003358109950130001,-4.1364376950032975,1296.9095149541802,-931.7322418027828
3132.5937354015286,3.296532968064513e-06,0.0003379514335292214,-4.136219106921597,1296.5560695103127,-931.1881048414914
3134.823509367567,3.2932974307784687e-06,0.0003452944871407668,-4.135457367904156,1295.3405431278227,-929.3187767995682
3137.053283333606,3.3108488637687413e-06,0.00035265350135808284,-4.134679237742664,1294.1235778506268,-927.4503851952397
3137.702135179659,3.3198198518832255e-06,0.00035480458027815096,-4.134449722231595,1293.7691731436212,-926.9068725256773
3138.3509870257117,3.3305026034362257e-06,0.0003569619933071815,-4.1342188052932745,1293.4146433111628,-926.363441470281
3140.58076099175,3.380128737643155e-06,0.00036443997780896063,-4.1334145482133575,1292.1953405251718,-924.4965744678834
3142.810534957789,3.449188383695324e-06,0.0003720502835422198,-4.132593469395058,1290.9745210046465,-922.6306989785851
3143.459386803842,3.4728268098118143e-06,0.00037429591072557,-4.13235133796448,1290.6189800158309,-922.0879289319208
3144.1082386498947,3.498013021764717e-06,0.00037655730062483185,-4.132107741046299,1290.263307192126,-921.5452452707771
3146.338012615933,3.596080040730142e-06,0.0003844632613842369,-4.131259333272749,1289.040025065263,-919.6809833528849
3148.567786581972,3.7111061901516686e-06,0.00039260679694324646,-4.130393032124666,1287.815145061276,-917.8177709158845
3149.2166384280245,3.7475984890753023e-06,0.0003950265700422444,-4.1301375062901275,1287.4584069861535,-917.2757869086677
3149.8654902740773,3.7853891460624776e-06,0.0003974703363230231,-4.1298803998341755,1287.1015299632215,-916.7338943884312
3152.0952642401157,3.924732820675904e-06,0.00040606373064194497,-4.128984610705829,1285.8740546830502,-914.8723906775488
3154.3250382061547,4.077640018719554e-06,0.00041498295165456797,-4.128069296990607,1284.6448942264144,-913.0119992826249
3154.9738900522075,4.1244730246602084e-06,0.00041764393573114696,-4.1277991741434015,1284.2868937525052,-912.4708483063602
3155.6227418982603,4.172285312330445e-06,0.0004203354974426464,-4.127527312705327,1283.9287465925634,-911.9297944051132
3157.8525158642988,4.343541691613522e-06,0.0004298279204560171,-4.126579549497014,1282.6968464613499,-910.0712160075661
3160.0822898303377,4.524278832611315e-06,0.0004397127764632557,-4.12561018281255,1281.4631653369222,-908.2138193327261
3160.73114167639,4.5784116280913605e-06,0.00044266596017066673,-4.125323919057039,1281.1038308481695,-907.6735532466159
3161.379993522443,4.633157893887661e-06,0.00044565432485182586,-4.125035726403317,1280.7443411354782,-907.1333904398738
3163.6097674884813,4.825380605415756e-06,0.0004561986076754767,-4.124030342974957,1279.5077609427124,-905.2779225802958
3165.8395414545203,5.022547105633323e-06,0.0004671770154626307,-4.123000964178993,1278.269293682527,-903.4237137690761
3166.488393300573,5.080589230555935e-06,0.00047045479678612474,-4.12269677461353,1277.9085459248881,-902.8843903279053
3167.137245146626,5.138847474976464e-06,0.00047377015814383997,-4.122390445601835,1277.547633487912,-902.3451770833664
3169.3670191126644,5.340074200701653e-06,0.0004854529460443748,-4.1213211036506925,1276.3060905633454,-900.4930262612388
3171.5967930787033,5.541438008075181e-06,0.0004975845768897478,-4.120225211314078,1275.0625432086279,-898.64222065752
3172.245644924756,5.599787640261263e-06,0.0005011991668773547,-4.119901182045398,1274.700294484884,-898.1039042252531
3172.894496770809,5.6579408578833494e-06,0.0005048513986692448,-4.119574795653262,1274.3378706536182,-897.5657056786541
3175.1242707368474,5.855633885362354e-06,0.000517688623912369,-4.118434860008546,1273.0910527998922,-895.717101696596
3177.3540447028863,6.0485337784343374e-06,0.0005309613161182746,-4.117265814756735,1271.8421015961371,-893.8699384060066
3178.0028965489387,6.103491573118403e-06,0.0005349038592186851,-4.116920021959864,1271.478255531517,-893.3327003203863
3178.6517483949915,6.1578343532858145e-06,0.0005388817079217872,-4.116571660896375,1271.1142229689262,-892.795588599188
3180.88152236103,6.339243213237571e-06,0.000552816341666274,-4.115354614101638,1269.8617883883712,-890.9507853588764
3183.111296327069,6.510940022651517e-06,0.0005671446483251665,-4.11410605732254,1268.6070804999194,-889.1075275472995
3183.7601481731217,6.558808102460383e-06,0.000571384945637872,-4.113736689602806,1268.2415323987295,-888.5714461119237
3184.4090000191745,6.605650999907899e-06,0.0005756558205286333,-4.113364562828128,1267.8757855242795,-888.0355002843961
3186.638773985213,6.758167247243618e-06,0.0005905576561096458,-4.11206442679734,1266.6173647855833,-886.1947752809067
3188.868547951252,6.896214366129804e-06,0.000605783437005401,-4.110730701879109,1265.356521050918,-884.3557091526245
3189.5173997973047,6.933411177944292e-06,0.0006102702754393235,-4.110336182512799,1264.989158845821,-883.8208692419009
3190.1662516433576,6.969192767708975e-06,0.0006147806521616383,-4.1099387472359465,1264.621584850702,-883.2861748779825
3192.396025609396,7.080766095611947e-06,0.0006304482752055683,-4.108550500031812,1263.3567848783819,-881.4498273530253
3194.625799575435,7.1734668634608535e-06,0.0006463436407798197,-4.107127063662517,1262.089404564019,-879.6152597807632
3195.2746514214873,7.19666674652282e-06,0.0006510058458556815,-4.106706168942222,1261.7201103408704,-879.0817520519744
3195.92350326754,7.218102925886393e-06,0.0006556824136458825,-4.106282248243167,1261.3505907755125,-878.5484003912536
3198.1532772335786,7.27778240281831e-06,0.0006718478993314221,-4.104802222008616,1260.0790007776702,-876.7167481380798
3200.3830511996175,7.314795051864256e-06,0.0006881211858095743,-4.103286030209232,1258.8046682165577,-874.8870029527385
3201.0319030456703,7.321120012637175e-06,0.0006928696207948498,-4.102837999133618,1258.4333202756857,-874.3549226705719
3201.680754891723,7.325396393392318e-06,0.0006976214063367664,-4.102386890303059,1258.0617331676508,-873.8230094042594
3203.9105288577616,7.3240508151589736e-06,0.0007139586268092545,-4.100813132253791,1256.7829323355345,-871.9963842601701
3206.1403028238005,7.297182625300283e-06,0.0007302643921189542,-4.099202980964584,1255.5012252460285,-870.1717972576072
3206.789154669853,7.284443931638522e-06,0.0007349952075523448,-4.098727609974063,1255.1277006330668,-869.6412427523114
3207.4380065159057,7.269467455518352e-06,0.0007397169826572357,-4.0982491770818,1254.753923064843,-869.1108664425508
3209.667780481944,7.20066870023119e-06,0.000755854584457126,-4.0965817496906,1253.4674897733375,-867.289608567097
3211.897554447983,7.104771104946656e-06,0.0007718085684396125,-4.094878543808143,1252.1779889406537,-865.4705213605441
3212.546406294036,7.071728735494898e-06,0.0007764079316662335,-4.094376258588372,1251.8021663449763,-864.9415921633836
3213.1952581400888,7.036378065124771e-06,0.0007809851056418076,-4.093871001171596,1251.4260773854332,-864.4128523465085
3215.425032106127,6.8972284463863434e-06,0.0007965245447841714,-4.092112192921731,1250.1315994953793,-862.5973034692945
3217.654806072166,6.730940922673771e-06,0.0008117234560322855,-4.090319114885133,1248.8338993639868,-860.7840564092801
3218.303657918219,6.6774983156542075e-06,0.0008160736114116923,-4.089791010943864,1248.45566224355,-860.2568511372042
3218.952509764272,6.621815355259779e-06,0.0008203884153520008,-4.089260100629348,1248.077146087644,-859.7298461861241
3221.1822837303102,6.413526073427803e-06,0.0008349260853657237,-4.087414520458562,1246.7742318189019,-857.9203421075913
3223.412057696349,6.179740741831552e-06,0.0008489708921474114,-4.085537074056453,1245.4679514204704,-856.1132665900832
3224.0609095424015,6.107060414927601e-06,0.0008529571205996956,-4.084984919587716,1245.087191178103,-855.5878806796857
3224.7097613884544,6.032350106497198e-06,0.0008568956361715209,-4.084430198440233,1244.7061403168582,-855.0627055283487
3226.939535354493,5.760512108827938e-06,0.0008700474629362646,-4.082504734838214,1243.3944290596396,-853.2595682484656
3229.1693093205317,5.466511209985871e-06,0.0008825684432808012,-4.080550648957728,1242.0792226177027,-851.4589788162289
3229.8181611665846,5.377025634106926e-06,0.0008860863945724875,-4.079976846291265,1241.6958416333114,-850.9355022299885
3230.4670130126374,5.285859881625488e-06,0.0008895458902072593,-4.079400783530979,1241.3121598572056,-850.4122460850375
3232.696786978676,4.96034960976875e-06,0.0009009724685505426,-4.07740441947126,1239.9913322376783,-848.6157760047777
3234.9265609447148,4.6175492120724e-06,0.0009116539560277277,-4.0753834074167345,1238.6668987603055,-846.8219627063295
3235.5754127907676,4.514856709031216e-06,0.000914616724418433,-4.074790912659908,1238.2808130789683,-846.300477749252
3236.2242646368204,4.410949495865738e-06,0.0009175126554905825,-4.074196519770473,1237.8944181153188,-845.779221928059
3238.454038602859,4.045388472095108e-06,0.0009269426030848974,-4.072140006824924,1236.5642046380624,-843.9896906084575
3240.683812568898,3.6685986698654945e-06,0.0009355449134064701,-4.0700633899497465,1235.230295841057,-842.2029121044236
3241.33266441495,3.557205604394025e-06,0.0009378890862967906,-4.069455594440556,1234.8414373309076,-841.683491493608
3241.981516261003,3.4451422725575877e-06,0.0009401609711545113,-4.068846302793471,1234.4522629320275,-841.164307530835
3244.2112902270414,3.0558070727912082e-06,0.0009474096445696446,-4.0667417126262055,1233.1124505950988,-839.3819514928607
3246.4410641930804,2.661899502469088e-06,0.0009537850908158615,-4.06462193310527,1231.768876599992,-837.6024293779021
3247.089916039133,2.5467879235954873e-06,0.0009554748242276371,-4.064002515222402,1231.3771944289922,-837.0851346971389
3247.738767885186,2.4315671226795086e-06,0.0009570900335608479,-4.063382025373662,1230.9851917656715,-836.5680828495729
3249.9685418512245,2.035667295662029e-06,0.0009620701418292506,-4.061242215038679,1229.6356281944322,-834.7930988393161
3252.1983158172634,1.6416684758742358e-06,0.0009661696023784246,-4.059092282010607,1228.2822606287396,-833.0210135621204
3252.847167663316,1.527715013111379e-06,0.0009671977132321486,-4.058465043699804,1227.8877219691153,-832.5058942032613
3253.496019509369,1.4141691813961629e-06,0.0009681521934315671,-4.057837161333007,1227.4928602464256,-831.9910224498516
3255.7257934754075,1.0278655162471354e-06,0.0009708733866695075,-4.055675208459244,1226.1334551288317,-830.2235644607978
3257.9555674414464,6.490933331154852e-07,0.0009727416068031764,-4.053508138908249,1224.770227522592,-828.4590530627917
3258.604419287499,5.405684894118523e-07,0.0009731274382664129,-4.052876845423294,1224.3728174741375,-827.9461457034133
3259.2532711335516,4.328766731298074e-07,0.000973443261040495,-4.052245322544476,1223.9750837705908,-827.4334892833208
3261.48304509959,6.978452762516196e-08,0.0009740014565545298,-4.050073993810152,1222.6058076737916,-825.6736674292932
3263.712819065629,-2.813875815530099e-07,0.0009737633281485819,-4.047902308237172,1221.232713344474,-823.916823114218
3264.361670911682,-3.8113270695073953e-07,0.0009735482683093414,-4.047270547465913,1220.8324341525802,-823.4061517200934
3265.0105227577346,-4.797319904207662e-07,0.0009732689538967839,-4.046638944656988,1220.431832566715,-822.895733190922
3267.240296723773,-8.093858051025368e-07,0.0009718289663859115,-4.044470246806111,1219.05271348232,-821.1436143218957
3269.470070689812,-1.1241491720119322e-06,0.0009696705265476482,-4.042305560795041,1217.6698013337277,-819.3944876831895
3270.1189225358644,-1.2128214903003751e-06,0.0009689122439168292,-4.041676632545985,1217.2666710383962,-818.8860639742304
3270.767774381917,-1.3001578425438695e-06,0.0009680969086827811,-4.041048211984249,1216.8632212839223,-818.3778937245999
3272.9975483479557,-1.5898424561798692e-06,0.0009648718301386299,-4.0388930536811625,1215.4743394186498,-816.6335035278805
3275.2273223139946,-1.8630868553589087e-06,0.0009610191493657265,-4.036745786279805,1214.0817082088997,-814.8921051346367
3275.8761741600474,-1.939463064631095e-06,0.0009597854126458428,-4.036122626319218,1213.675758891439,-814.3859294206553
3276.5250260061002,-2.0144274528800776e-06,0.0009585025857999919,-4.035500279798109,1213.2694945094715,-813.8800065408409
3278.7547999721387,-2.2612035765197203e-06,0.0009537326382194671,-4.033368254851633,1211.8709759097203,-812.1433327796688
3280.9845739381776,-2.4912845461143184e-06,0.000948431048872934,-4.031247458530573,1210.4687675832124,-810.4096367524448
3281.6334257842304,-2.555118831666603e-06,0.0009467937941830768,-4.0306325977597375,1210.0600433834056,-809.9056990285952
3282.2822776302833,-2.6175679946738104e-06,0.000945115544672197,-4.030018809676687,1209.6510097440673,-809.4020124280986
3284.5120515963217,-2.8216856646391466e-06,0.0009390484429744923,-4.027918098489422,1208.2430193391492,-807.6730089306008
3286.7418255623606,-3.009934844030123e-06,0.0009325438965838714,-4.025831403268962,1206.8314119902523,-805.9469571166295
3287.390677408413,-3.0618050133210877e-06,0.000930574017277713,-4.025226959163778,1206.419967054927,-805.4452383051498
3288.039529254466,-3.1123959078714505e-06,0.000928570846112921,-4.024623801294566,1206.008219307094,-804.94376796415
3290.2693032205043,-3.276695934524795e-06,0.0009214450875443906,-4.02256117748517,1204.5909538979877,-803.2223589786264
3292.499077186543,-3.4267708056128603e-06,0.0009139688364945795,-4.020514833266222,1203.1701548605977,-801.5038653529448
3293.147929032596,-3.467878263119701e-06,0.0009117320036755995,-4.019922528457303,1202.7560513605742,-801.0043385851725
3293.796780878649,-3.5078708533541364e-06,0.0009094687923605722,-4.019331681199906,1202.3416524635459,-800.5050568351832
3296.0265548446873,-3.6370779392828857e-06,0.0009015007426296048,-4.017312603801661,1200.9153340910996,-798.7911414038491
3298.2563288107262,-3.7542336096791436e-06,0.000893258026268509,-4.015311599575512,1199.4855735462015,-797.0800963693711
3298.905180656779,-3.786191922891915e-06,0.0008908117038667287,-4.01473280109951,1199.0688798675374,-796.5827282172847
3299.554032502832,-3.8172311375026855e-06,0.0008883448680208827,-4.014155594615634,1198.6518988068158,-796.0856009623574
3301.7838064688704,-3.917212850702179e-06,0.0008797200477466609,-4.01218436262598,1197.2167688214795,-794.3790570258255
3304.0135804349093,-4.007564793845754e-06,0.000870883026956551,-4.010232598615627,1195.7782941993435,-792.675331352434
3304.6624322809616,-4.032184161752575e-06,0.0008682747241001122,-4.009668370784612,1195.3590833807546,-792.1800829395995
3305.3112841270145,-4.056091507875362e-06,0.0008656506027131281,-4.009105838961151,1194.9395936359726,-791.6850707504843
3307.541058093053,-4.1331440556092485e-06,0.0008565191892638315,-4.007185783848202,1193.4959076734688,-789.985758770595
3309.770832059092,-4.202978013244761e-06,0.0008472240139617166,-4.005286272299191,1192.0489790100626,-788.2892069923139
3310.4196839051447,-4.222072965968629e-06,0.0008444907180061862,-4.004737436185018,1191.6273274646778,-787.7960349376035
3311.0685357511975,-4.240651019155865e-06,0.0008417451317766649,-4.004190376451454,1191.2054057641765,-787.3030939749409
3313.298309717236,-4.3008609188364125e-06,0.0008322213755467627,-4.002324069079266,1189.753429718268,-785.610859945853
3315.528083683275,-4.356034855525572e-06,0.0008225689793796404,-4.000479140949766,1188.2983160161211,-783.9213231180743
3316.1769355293272,-4.3712556000518815e-06,0.0008197376331919714,-3.9999463340446573,1187.8743025447936,-783.4301802896169
3316.82578737538,-4.386129318010483e-06,0.0008168964676008296,-3.999415366698102,1187.4500279108606,-782.9392630362672
3319.0555613414185,-4.434849838943398e-06,0.00080706146943623,-3.9976048176196723,1185.9900348932613,-781.253940835443
3321.2853353074574,-4.480323438689424e-06,0.0007971214554726078,-3.9958163154448503,1184.5270114422192,-779.5712486338685
3321.9341871535103,-4.493032542523429e-06,0.0007942102793487835,-3.99530004603403,1184.100716519323,-779.0820847133517
3322.583038999563,-4.5055248575721455e-06,0.0007912908866309593,-3.994785667738662,1183.6741695824246,-778.5931405183562
3324.8128129656016,-4.546997892313367e-06,0.0007811979838835212,-3.9930325035873677,1182.2064377765796,-776.9145536236024
3327.0425869316405,-4.586517526697131e-06,0.0007710147834635549,-3.9913019449995577,1180.7357843145885,-775.2385258367264
3327.6914387776933,-4.597707574840872e-06,0.0007680351922973778,-3.9908026370798426,1180.307289606925,-774.7512877136487
3328.340290623746,-4.6087688048420665e-06,0.0007650483579645347,-3.990305264537695,1179.8785521476818,-774.2642631693362
3330.5700645897846,-4.645916418738734e-06,0.0007547302094745645,-3.988610868050351,1178.4033634016143,-772.5922258296897
3332.7998385558235,-4.681877891281306e-06,0.0007443305526157822,-3.986939569574503,1176.9253629434097,-770.922673351902
3333.448690401876,-4.692148360379766e-06,0.000741289379370397,-3.9864575957066832,1176.4947510094078,-770.4373053821614
3334.0975422479287,-4.702333271508308e-06,0.0007382415604640611,-3.985977597075994,1176.0639056744635,-769.9521445700911
3336.327316213967,-4.736738729600859e-06,0.0007277178950324972,-3.9843432038925135,1174.5815446409686,-768.2864625621303
3338.557090180006,-4.770245841503031e-06,0.0007171185147606624,-3.9827323605177263,1173.0964827757086,-766.6231880302865
3339.205942026059,-4.779831855171316e-06,0.0007140202192941448,-3.982268061759496,1172.6638368862532,-766.1396322022936
3339.8547938721117,-4.789340904044045e-06,0.0007109157310695149,-3.9818057751743825,1172.2309670191942,-765.6562768517862
3342.08456783815,-4.8214288311904005e-06,0.0007002006271214754,-3.980232526823071,1170.74172064134,-763.9967479747999
3344.314341804189,-4.85253796801734e-06,0.0006894150655894465,-3.9786832492838258,1169.2498851005598,-762.3395462034929
3344.963193650242,-4.861394490010454e-06,0.0006862636056421561,-3.978236943240086,1168.8152891248826,-761.8577422567713
3345.6120454962947,-4.870155160351817e-06,0.0006831064402891659,-3.977792683670363,1168.3804786563703,-761.3761318607341
3347.841819462333,-4.899497508829674e-06,0.0006722141386669415,-3.9762816425127734,1166.884635813411,-759.7225463209749
3350.071593428372,-4.92753192526603e-06,0.0006612578684363858,-3.9747949600435373,1165.3863161376573,-758.0712046790355
3350.7204452744245,-4.935420640913055e-06,0.0006580580573445074,-3.9743669395993804,1164.9498544472804,-757.5910902148776
3351.3692971204773,-4.943179463102359e-06,0.0006548531846030459,-3.973940996720163,1164.513187798761,-757.1111621415569
3353.599071086516,-4.968789040736733e-06,0.0006438021280192297,-3.972493132576079,1163.0110389670144,-755.4633029503132
3355.8288450525547,-4.992612305708784e-06,0.0006326959594026573,-3.971069971233947,1161.506526143569,-753.8176017901632
3356.4776968986075,-4.9991802527898695e-06,0.0006294543453060243,-3.970660496889361,1161.0682835005834,-753.3391124042378
3357.1265487446603,-5.005573632258242e-06,0.0006262085432105108,-3.9702531268575942,1160.6298454693388,-752.8608020336616
3359.356322710699,-5.026145806558329e-06,0.0006150238763906663,-3.9688692849497214,1159.1216822983445,-751.2184455092926
3361.5860966767377,-5.04438554602047e-06,0.0006037959386733817,-3.967510430562899,1157.6112682867008,-749.5781587262888
3362.2349485227905,-5.049223968930207e-06,0.0006005212893129076,-3.967119718878496,1157.1713296950225,-749.1012281832889
3362.8838003688434,-5.053841916988466e-06,0.0005972435890966676,-3.9667311324741408,1156.731205300443,-748.6244690874692
3365.113574334882,-5.0679531010851535e-06,0.0005859583966344777,-3.9654119907317726,1155.2173200443456,-746.9873855193564
3367.3433483009208,-5.079185329241625e-06,0.0005746449491318609,-3.964118043918931,1153.7012971425015,-745.3522812878734
3367.992200146973,-5.081883973339734e-06,0.0005713484122220025,-3.9637462541342576,1153.259747650757,-744.8768417498061
3368.641051993026,-5.08431708011853e-06,0.0005680502257437043,-3.9633766032829523,1152.8180219314827,-744.4015659274202
3370.8708259590644,-5.090589259912723e-06,0.0005567057289875641,-3.962122625609292,1151.298706707259,-742.7695204322222
3373.1005999251033,-5.093491819958899e-06,0.0005453510034334028,-3.9608939550031064,1149.7773667409588,-741.139362139288
3373.749451771156,-5.093678513572347e-06,0.0005420459977564234,-3.9605411755301136,1149.334291193632,-740.665344451744
3374.398303617209,-5.0935629795970095e-06,0.000538740981068826,-3.960190539874433,1148.8910489529992,-740.1914826208833
3376.6280775832474,-5.090801612133463e-06,0.000527385867452978,-3.9590019308511772,1147.3665948225164,-738.5642361978672
3378.8578515492864,-5.08428326006439e-06,0.0005160410996756426,-3.9578386296301993,1145.8402281628473,-736.9387835728842
3379.5067033953387,-5.0816630696853654e-06,0.0005127429802137197,-3.957504865842701,1145.3957109027554,-736.4661176073782
3380.1555552413915,-5.078712861200817e-06,0.0005094466755265196,-3.957173240754914,1144.9510364062482,-735.9935995538058
3382.38532920743,-5.066023214607619e-06,0.0004981356978479863,-3.9560499063690484,1143.4217322995535,-734.3709103256541
3384.615103173469,-5.049332365418822e-06,0.0004868574761017547,-3.9549517563875742,1141.890626733148,-732.7499207454405
3385.2639550195217,-5.043714688537203e-06,0.00048358300870275515,-3.9546369209027117,1141.4447512635,-732.2785357904928
3385.9128068655746,-5.037754339941715e-06,0.0004803122996105416,-3.9543242081120593,1140.9987278970002,-731.8072907635124
3388.142580831613,-5.014638567487954e-06,0.0004691042613588968,-3.9532657263673348,1139.4648594108678,-730.1889153712902
3390.372354797652,-4.987452870632227e-06,0.00045795230356061146,-3.9522321734911428,1137.9292989023184,-728.5721453029386
3391.0212066437048,-4.978779239102089e-06,0.00045471898143730383,-3.951936079946175,1137.4821475208726,-728.101970491871
3391.6700584897576,-4.969764612175531e-06,0.00045149139370639994,-3.9516420817627624,1137.0348574226362,-727.6319276352959
3393.899832455796,-4.936198776949841e-06,0.00044044663204742025,-3.9506476863914557,1135.4967055419274,-726.0176227410022
3396.129606421835,-4.898693409612854e-06,0.00042948110674704475,-3.9496778300025692,1133.956968940444,-724.4048292707132
3396.7784582678873,-4.887052427945427e-06,0.00042630634325520995,-3.9494001911407666,1133.5086223616904,-723.9357940301402
3397.42731011394,-4.875091205129874e-06,0.0004231392261837779,-3.9491246090671224,1133.0601460443131,-723.4668828319459
3399.6570840799786,-4.831578036537545e-06,0.0004123167184940454,-3.948193188883387,1131.5179858444014,-721.8564066693044
3401.8868580460176,-4.784467173824722e-06,0.0004015952463571633,-3.9472857878023193,1129.9743455963378,-720.2473490536834
3402.5357098920704,-4.770107488262171e-06,0.0003984954863209647,-3.9470262184637837,1129.5248825801914,-719.779383553502
3403.184561738123,-4.7554646090061625e-06,0.00039540511822142233,-3.946768656761779,1129.0752985612862,-719.3115342946629
3405.4143357041617,-4.7030542712697535e-06,0.0003848593724042129,-3.94589877238404,1127.5293979575097,-717.7046481990387
3407.6441096702006,-4.647596598925802e-06,0.000374433887227326,-3.9450522685587512,1125.982118892744,-716.099089366944
3408.2929615162534,-4.630922163264762e-06,0.00037142369288799813,-3.9448102938917096,1125.5316158998448,-715.6321249504574
3408.941813362306,-4.614020028832143e-06,0.00036842436866671744,-3.9445702683831687,1125.0810003616205,-715.1652691314421
3411.1715873283447,-4.55428761741201e-06,0.0003582023122332316,-3.9437601869826477,1123.531618975707,-713.5617389739007
3413.4013612943836,-4.4922433176370775e-06,0.0003481160230698917,-3.942972747092276,1121.9809572381323,-711.9594469029187
3414.050213140436,-4.4737999243012545e-06,0.0003452072103620413,-3.942747815923831,1121.5294881321327,-711.4934164749426
3414.699064986489,-4.4551964555130196e-06,0.00034231038949122727,-3.942524767913609,1121.077914630194,-711.0274871977424
3416.9288389525273,-4.390161638149531e-06,0.0003324485469856186,-3.9417725152028495,1119.525302842702,-709.4270846476608
3419.158612918566,-4.3236850234872966e-06,0.00032273332486369336,-3.9410420887066056,1117.9715050318453,-707.8278335411798
3419.807464764619,-4.304120356499894e-06,0.0003199342509153347,-3.9408335915060566,1117.5191408476624,-707.3626718930459
3420.456316610672,-4.2844729483459045e-06,0.0003171478698194204,-3.9406269061940122,1117.0666800877082,-706.8976041779086
3422.6860905767103,-4.216444147667147e-06,0.0003076702110017076,-3.939930332943087,1115.5110783380317,-705.3001077250062
3424.915864542749,-4.147893301381828e-06,0.0002983448230545401,-3.9392547229642365,1113.9543809182267,-703.7036789256288
3425.564716388802,-4.127897862823459e-06,0.0002956599558723225,-3.9390620131669056,1113.5011897115191,-703.2393229795073
3426.213568234855,-4.1078946749217066e-06,0.0002929880390459939,-3.938871041230948,1113.0479094086022,-702.7750539993912
3428.4433422008933,-4.039217915213371e-06,0.000283904989521459,-3.938227899090084,1111.4895477878902,-701.180249681783
3430.6731161669322,-3.970865411147307e-06,0.00027497471213939865,-3.937604839772906,1109.9301768012017,-699.5864322768108
3431.3219680129846,-3.951078393673732e-06,0.0002724046434080528,-3.9374272563860693,1109.476223587633,-699.1228212384511
3431.9708198590374,-3.931348476131016e-06,0.00026984737483159917,-3.93725133655729,1109.0221884155742,-698.6592904612735
3434.200593825076,-3.864074698725861e-06,0.0002611565396851461,-3.9366593548767916,1107.4612865705456,-697.0669722736493
3436.430367791115,-3.797773279906332e-06,0.00025261462578621795,-3.936086585763882,1105.8994576575317,-695.4755633808696
3437.0792196371676,-3.778691601420696e-06,0.00025015663804144733,-3.935923474313491,1105.4448044401488,-695.0126388002544
3437.7280714832204,-3.7597097623662903e-06,0.0002477109874417486,-3.935761953939773,1104.990076068107,-694.5497880397875
3439.957845449259,-3.6953053272870497e-06,0.00023939973808350556,-3.9352189069382857,1103.4268433947582,-692.9597580356174
3442.187619415298,-3.632245907949695e-06,0.00023123059651735685,-3.934694233710111,1101.8627620855207,-691.3705628003502
3442.83647126135,-3.6141607460565434e-06,0.0002288796844457208,-3.9345449625185984,1101.4074679562186,-690.9082685524843
3443.485323107403,-3.5961950320734612e-06,0.00022654046595442796,-3.9343972131764198,1100.9521051570812,-690.4460419414861
3445.7150970734415,-3.5353839954975676e-06,0.00021858982432417236,-3.9339009681123236,1099.3867412219245,-688.8581100860853
3447.9448710394804,-3.4759883272626263e-06,0.00021077319958438177,-3.933422301768258,1097.8206034218747,-687.2709414603409
3448.593722885533,-3.4589661921735084e-06,0.0002085233256867321,-3.9332862715727632,1097.3647247128076,-686.809223669113
3449.242574731586,-3.4420562081145942e-06,0.00020628446695066842,-3.9331516978746337,1096.9087835184189,-686.3475675785402
3451.4723486976245,-3.384785580631019e-06,0.00019867353248648268,-3.932700238952855,1095.3414786159049,-684.7615514410394
3453.7021226636634,-3.3287128210326953e-06,0.00019118896308916567,-3.9322656098118305,1093.7734711883654,-683.1762298403038
3454.3509745097163,-3.3126014155639452e-06,0.00018903434773101426,-3.932142255967533,1093.3170616439588,-682.7150367742407
3454.999826355769,-3.2965739441875922e-06,0.00018689017326731233,-3.9320202969371376,1092.8605955175658,-682.2538997077295
3457.2296003218075,-3.2420785879905802e-06,0.00017960045208107155,-3.9316117237350974,1091.291531260572,-680.6696240941407
3459.4593742878465,-3.1883227239903323e-06,0.00017243141877112448,-3.9312192704102316,1089.7218326026762,-679.0859770352317
3460.108226133899,-3.172788247411819e-06,0.00017036770289161822,-3.931108057964616,1089.2649435423473,-678.6252590051729
3460.7570779799516,-3.1572902882746845e-06,0.00016831407424528107,-3.9309981813690906,1088.8080035385403,-678.1645914986913
3462.98685194599,-3.104235026866314e-06,0.0001613332018547464,-3.930630683871014,1087.2373533818677,-676.5818881272203
3465.216625912029,-3.0512910439752243e-06,0.00015447050664189096,-3.9302786203862534,1085.6661338981617,-674.9997499445212
3465.865477758082,-3.035867270516274e-06,0.00015249566278067314,-3.9301790331329354,1085.208814342998,-674.5394592305537
3466.5143296041347,-3.0204234895828475e-06,0.0001505308552445105,-3.9300807239603297,1084.7514492289488,-674.0792137840697
3468.744103570173,-2.9671008488873975e-06,0.0001438553308447543,-3.929752538850606,1083.1793788404377,-672.4979210905294
3470.973877536212,-2.9131783933965522e-06,0.0001372993726067287,-3.929439105348638,1081.6068012369449,-670.9171328106644
3471.622729382265,-2.8973347359328595e-06,0.00013541427584505298,-3.9293506305811996,1081.149097979573,-670.457223639963
3472.2715812283177,-2.8814098363999594e-06,0.0001335395073396408,-3.9292633754396595,1080.6913542975958,-669.9973547019829
3474.501355194356,-2.8259725463047305e-06,0.00012717617965794285,-3.9289727301520614,1079.118021714771,-668.4173178405597
3476.731129160395,-2.7692363472943545e-06,0.00012093791273908848,-3.9286961342182454,1077.5442410621242,-666.8377272701266
3477.3799810064475,-2.752445508484687e-06,0.00011914651807557188,-3.928618245312556,1077.0861986669313,-666.3781558594725
3478.0288328525003,-2.735518938349993e-06,0.0001173660805889182,-3.928541514913171,1076.6281207265176,-665.9186198772409
3480.2586068185387,-2.6762265989718645e-06,0.00011133224452529338,-3.928286567085504,1075.0536762657073,-664.3396909528184
3482.4883807845777,-2.615043079640875e-06,0.00010543272542831132,-3.928044923600166,1073.4788398105077,-662.7611530030431
3483.1372326306305,-2.5968557228709372e-06,0.00010374183258608605,-3.92797706276233,1073.0205005404996,-662.3018776705758
3483.7860844766833,-2.5784892523849455e-06,0.000102062811093502,-3.9279102948338123,1072.5621303371643,-661.8426332094186
3486.0158584427218,-2.513948428343318e-06,9.638489308295805e-05,-3.9276890752868674,1070.9867162541398,-660.2646717450643
3488.2456324087607,-2.447117532915565e-06,9.08534396923873e-05,-3.9274803529221822,1069.4109629902252,-658.6870489840247
3488.894484254813,-2.4272243481721544e-06,8.927206127978529e-05,-3.927421916448501,1068.9523666662953,-658.2280303250768
3489.543336100866,-2.407129839309537e-06,8.770366005046665e-05,-3.9273645014184293,1068.493743734061,-657.7690382506474
3491.7731100669043,-2.3365061246560247e-06,8.241459129911758e-05,-3.9271748685581005,1066.9174936676545,-656.1919118605954
3494.0028840329433,-2.2634565339347625e-06,7.728570204573812e-05,-3.926996850543537,1065.3409537108114,-654.615075250923
3494.651735878996,-2.24174477436031e-06,7.582408714839913e-05,-3.9269471787439723,1064.882137518285,-654.1562763634128
3495.300587725049,-2.219832123515847e-06,7.437661973327434e-05,-3.9268984503028106,1064.4232987316316,-653.6975000713306
3497.5303616910874,-2.143011581533938e-06,6.951212308325231e-05,-3.9267380629121944,1062.8463369918404,-652.1210852787951
3499.7601356571263,-2.063936133068488e-06,6.482143284368488e-05,-3.926588328475058,1061.2691308298213,-650.5449150294696
3500.408987503179,-2.040520211234996e-06,6.348983636886308e-05,-3.9265467020028795,1060.8101290950153,-650.0863017661939
3501.057839349232,-2.0169321348610785e-06,6.217347403911845e-05,-3.9265059342333175,1060.3511084437973,-649.6277074356277
3503.2876133152704,-1.9346079522283856e-06,5.776762467292157e-05,-3.926372247939079,1058.7735492306567,-648.0518905491542
3505.5173872813093,-1.8505144769572433e-06,5.354731218726616e-05,-3.9262481788403982,1057.1957869423154,-646.4762769873124
3506.1662391273617,-1.825746872157691e-06,5.235464111121581e-05,-3.926213822534538,1056.7366309076294,-646.0178182065004
3506.8150909734145,-1.8008595183500502e-06,5.117805570222617e-05,-3.9261802346258934,1056.2774592739488,-645.5593750485649
3509.044864939453,-1.7145180156946116e-06,4.725861984367516e-05,-3.9260705248397754,1054.6994059299132,-643.9840529935925
3511.274638905492,-1.6271690273530012e-06,4.353282925261095e-05,-3.925969338617105,1053.1211864796107,-642.4088973494814
3511.9234907515447,-1.6016100164212445e-06,4.248534068861246e-05,-3.9259414330840885,1052.6619041084184,-641.9505651321197
3512.5723425975975,-1.5760052048787514e-06,4.145442178176652e-05,-3.925914201743445,1052.202609076791,-641.4922456015231
3514.802116563636,-1.4877834124386821e-06,3.803863167072314e-05,-3.925825612538796,1050.624153480167,-639.917326598823
3517.031890529675,-1.3994967010945364e-06,3.481962859294096e-05,-3.9257444203787046,1049.0455641929507,-638.3425415976399
3517.6807423757277,-1.3738486102826579e-06,3.391990104160245e-05,-3.925722120401096,1048.5861800342611,-637.8843114013873
3518.3295942217806,-1.3482364822657473e-06,3.303677304586313e-05,-3.9257003989053225,1048.1267857645967,-637.4260913416138
3520.559368187819,-1.2606310379952678e-06,3.0128351298521784e-05,-3.9256300130371766,1046.5480079611377,-635.8514953349053
3522.789142153858,-1.17394420568489e-06,2.7414245741581203e-05,-3.9255658956515314,1044.9691242668832,-634.2770055069116
3523.4379939999103,-1.148944485641379e-06,2.666066187277569e-05,-3.925548353144087,1044.5096594033541,-633.818856232947
3524.086845845963,-1.1240622181911183e-06,2.5923232724936096e-05,-3.9255312946081062,1044.0501865892725,-633.3607149323848
3526.3166198120016,-1.0395709216700507e-06,2.3511365239857292e-05,-3.925476215247248,1042.4711547301624,-631.7863736968395
3528.5463937780405,-9.569036947814474e-07,2.1285860616628628e-05,-3.9254263060321857,1040.8920402291624,-630.2121153534738
3529.1952456240933,-9.332374737528283e-07,2.0672673376689103e-05,-3.9254126942600656,1040.4325123204865,-629.7540293143638
3529.844097470146,-9.097585928298977e-07,2.0074757456778013e-05,-3.925399475799987,1039.9729782435238,-629.2959494629646
3532.0738714361846,-8.306128218669893e-07,1.813491982122397e-05,-3.9253569085852615,1038.3937488543706,-627.7218063706462
3534.3036454022235,-7.540491977100614e-07,1.6368680563422816e-05,-3.9253184732274193,1036.8144557116036,-626.1477272403521
3534.9524972482764,-7.322917479911169e-07,1.588649689534696e-05,-3.9253080093385924,1036.3548791322307,-625.6896900303017
3535.601349094329,-7.107793235508177e-07,1.5418332767108025e-05,-3.925297854287395,1035.8952978096063,-625.2316575794496
3537.8311230603676,-6.387998179689092e-07,1.3914292534596958e-05,-3.925265180892594,1034.3159163731389,-623.6576670403437
3540.0608970264066,-5.69984677560749e-07,1.2567222420179015e-05,-3.925235686163602,1032.7364860113616,-622.0837255955361
3540.709748872459,-5.505818299029478e-07,1.2203705037335476e-05,-3.925227650222941,1032.2768720718634,-621.6257258742155
3541.3586007185118,-5.314649529450443e-07,1.1852671553194704e-05,-3.9252198467109816,1031.8172544863105,-621.1677298118051
3543.58837468455,-4.68014192078949e-07,1.073902901959335e-05,-3.9251946850672725,1030.2377562940087,-619.5938564370371
3545.818148650589,-4.081355689914008e-07,9.762884810785692e-06,-3.9251718532995965,1028.658220334355,-618.0200209654456
3546.467000496642,-3.91400117219195e-07,9.503516876507373e-06,-3.925165603038322,1028.1985775705668,-617.5620501718188
3547.115852342695,-3.749793426355223e-07,9.25489757150088e-06,-3.925159518251216,1027.7389319660208,-617.1040822293257
3549.3456263087332,-3.2098294642714966e-07,8.479689334032499e-06,-3.9251397677703976,1026.159343181051,-615.530299776183
3551.575400274772,-2.708132660602588e-07,7.82061449941006e-06,-3.925121616353102,1024.5797245716772,-613.9565472580131
3552.2242521208245,-2.5694363537090686e-07,7.649417462967524e-06,-3.9251165976083415,1024.120059084194,-613.4985992721679
3552.8731039668774,-2.434039854358482e-07,7.48710840128248e-06,-3.9251116877667696,1023.660391309914,-613.0406535817024
3555.102877932916,-1.994159490610328e-07,6.994150074926435e-06,-3.925095560205117,1022.080730181922,-611.4669437418002
3557.3326518989547,-1.593880689021603e-07,6.594860000280226e-06,-3.92508042739959,1020.5010444567403,-609.8932585924749
3557.9815037450076,-1.4848852311106327e-07,6.494996439735066e-06,-3.9250761807287637,1020.0413602843324,-609.4353293623934
3558.6303555910604,-1.379272384831362e-07,6.402093742197175e-06,-3.9250719973179278,1019.5816741712299,-608.9774020804507
3560.860129557099,-1.0421661783831182e-07,6.132875362653368e-06,-3.925058035380967,1018.0019523492568,-607.4037531663936
3563.0899035231378,-7.451350951575446e-08,5.93435612408e-06,-3.925044594918585,1016.4222089665495,-605.830125896564
3563.7387553691906,-6.662389976933858e-08,5.8885861871890635e-06,-3.9250407591574645,1015.9625084796232,-605.3722130441057
3564.3876072152434,-5.9073174535620045e-08,5.847825651701605e-06,-3.925036952194391,1015.5028062352856,-604.9143019559273
3566.617381181282,-3.57130630501923e-08,5.74289302642029e-06,-3.9250240387029622,1013.9230301351365,-603.340707531386
3568.847155147321,-1.6353270074886812e-08,5.685588266538068e-06,-3.925011306087879,1012.34323385683,-601.7671333645255
3569.496006993373,-1.1469423847916372e-08,5.6765796413166685e-06,-3.925007619709032,1011.8835181603865,-601.309235781467
3570.144858839426,-6.923265054697096e-09,5.670631543829107e-06,-3.9250039389037195,1011.4238007726158,-600.8513398964595
3572.3746328054644,6.133662104833425e-09,5.670487325787468e-06,-3.924991299427055,1009.84397296667,-599.2777973825389
3574.6044067715034,1.5229111445754042e-08,5.695040503949118e-06,-3.924978632737156,1008.2641252506853,-597.7042748584366
3575.253258617556,1.7134285026566726e-08,5.705557337263746e-06,-3.9249749337896827,1007.8043945895546,-597.2463922999746
3575.902110463609,1.8706857414800168e-08,5.717204339179768e-06,-3.9249712283639338,1007.3446622315513,-596.7885114452425
3578.1318844296475,2.1578327649961092e-08,5.762842732576631e-06,-3.9249584297903564,1005.7647828399323,-595.2150207247447
3580.3616583956864,2.0548245688298617e-08,5.810534065790297e-06,-3.924945527164679,1004.1848832281444,-593.6415503067745
3581.010510241739,1.9519783278649778e-08,5.82354969425085e-06,-3.9249417523708594,1003.7251373900276,-593.1836829870603
3581.659362087792,1.816389556058189e-08,5.835794512621857e-06,-3.9249379700809843,1003.2653898230027,-592.7258174033566
3583.8891360538305,1.1021982674160721e-08,5.86904262999348e-06,-3.924924916760714,1001.6854578933717,-591.1523794359476
3586.1189100198694,6.356649805041268e-11,5.882110926104918e-06,-3.924911811802874,1000.1055053846616,-589.5789621328223
3586.767761865922,-3.836656746476921e-09,5.880902530302462e-06,-3.9249079950879486,999.6457440982495,-589.1211103253074
3587.4166137119746,-8.054526799702752e-09,5.877064598687225e-06,-3.924904180689761,999.1859810688438,-588.663260268064
3589.646387678013,-2.4960783248833323e-08,5.8409413279543604e-06,-3.924891108669041,997.60599593645,-587.0898757248061
3591.876161644052,-4.5553881634557714e-08,5.763010514644491e-06,-3.924878163805731,996.0259903369067,-585.5165117348249
3592.525013490105,-5.2229646312179424e-08,5.731300887977909e-06,-3.9248744341791464,995.5662136627337,-585.0586753797656
3593.1738653361576,-5.920991014716301e-08,5.6951676005811285e-06,-3.924870727211404,995.1064352928576,-584.6008407276036
3595.403639302196,-8.549214189471126e-08,5.534487465150042e-06,-3.924858195805231,993.5263979120091,-583.0275086537326
3597.633413268235,-1.1525256730539974e-07,5.311326100759419e-06,-3.9248460923389468,991.9463411518598,-581.4541960419874
3598.282265114288,-1.245516269158101e-07,5.2335386607229435e-06,-3.92484267066446,991.4865498624483,-580.9963743645753
3598.9311169603407,-1.3413166322077484e-07,5.149637067204859e-06,-3.9248393020455654,991.0267570278753,-580.5385542389776
3601.160890926379,-1.6916259849607786e-07,4.812082294998407e-06,-3.9248281806890013,989.4466712602834,-578.9652707595584
3603.390664892418,-2.073367341944124e-07,4.3929121420724375e-06,-3.924817902995202,987.8665686593905,-577.3920041863917
3604.0395167384704,-2.1901223744806477e-07,4.254600294741337e-06,-3.924815096818148,987.4067646026157,-576.9341953316281
3604.6883685845232,-2.3093391486024335e-07,4.108649390039829e-06,-3.924812383385372,986.9469592938752,-576.4763877342888
3606.9181425505617,-2.7371657560103167e-07,3.5465089164575977e-06,-3.924803830479298,985.3668331284713,-574.9031448283829
3609.1479165166006,-3.191243770857985e-07,2.8860460445136354e-06,-3.924796640637776,983.7866945795267,-573.3299143602833
3609.7967683626534,-3.3279614832729593e-07,2.6745468742376376e-06,-3.924794835914698,983.3268810150918,-572.8721150548141
3610.4456202087063,-3.4665953518235885e-07,2.454138616280638e-06,-3.924793171719857,982.8670666700191,-572.4143165334177
3612.6753941747447,-3.9567753296598385e-07,1.626863446084082e-06,-3.9247886011678306,981.2869133334198,-570.8411009180501
3614.9051681407836,-4.465617150356347e-07,6.882086359938534e-07,-3.924785999428148,979.7067543550454,-569.2678909693486
3615.554019986836,-4.6166922474804785e-07,3.9354728477440333e-07,-3.9247856477748675,979.2469362487888,-568.8100962257292
3616.202871832889,-4.768930104766641e-07,8.907876858011843e-08,-3.924785490737297,978.7871180408264,-568.3523015842669
3618.4326457989273,-5.299666697113175e-07,-1.0333040433629e-06,-3.9247865212826634,977.2069569388489,-566.7790937685525
3620.662419764966,-5.838580220099834e-07,-2.274940754302925e-06,-3.92479018744262,975.626799531325,-565.2058822420697
3621.311271611019,-5.996269364479408e-07,-2.6589118698285484e-06,-3.9247917874814395,975.1669837863308,-564.7480851267612
3621.960123457072,-6.154089927856373e-07,-3.0530757863804017e-06,-3.924793639990725,974.7071688469157,-564.2902872023319
3624.1898974231103,-6.69581302472295e-07,-4.485797424265292e-06,-3.924802022651912,973.1270262578649,-562.7170607920848
3626.4196713891492,-7.232009943747213e-07,-6.038694961595445e-06,-3.92481373394105,971.546899475077,-561.1438185062807
3627.068523235202,-7.386146388562629e-07,-6.512976144444138e-06,-3.9248178055356333,971.08709507317,-560.6860099981461
3627.717375081255,-7.539122342472306e-07,-6.997167367744352e-06,-3.9248221878285534,970.6272926212496,-560.2281995315537
3629.9471490472934,-8.053822269648098e-07,-8.736023297978717e-06,-3.9248397076997112,969.0472020443975,-558.6549208821934
3632.1769230133323,-8.545981827726901e-07,-1.0587132681597062e-05,-3.924861229976463,967.467142179976,-557.0816113881085
3632.8257748593846,-8.683930868905246e-07,-1.1146159540486589e-05,-3.924868280539776,967.0073602030083,-556.6237803583658
3633.4746267054375,-8.819135690760455e-07,-1.1713985067481997e-05,-3.9248756960919406,966.5475815507328,-556.1659459898282
3635.704400671476,-9.260344051287489e-07,-1.3730435445567224e-05,-3.9249040463486153,964.9675836012271,-554.592574317585
3637.934174637515,-9.658890742231584e-07,-1.5840509021233425e-05,-3.924936997213128,963.3876338772606,-553.0191542183316
3638.5830264835677,-9.765654451031491e-07,-1.6470750013282806e-05,-3.92494747983718,962.9278873753437,-552.5612875651199
3639.2318783296205,-9.86786596713905e-07,-1.7107699671190445e-05,-3.9249583725920343,962.4681457769915,-552.1034159883293
3641.461652295659,-1.0181453974370828e-06,-1.9344186119500667e-05,-3.9249990006856206,960.8882875136164,-550.5299040541994
3643.691426261698,-1.0429715206197116e-06,-2.164331240811539e-05,-3.9250446854748033,959.3084971590018,-548.956323940588
3644.3402781077507,-1.0488375538701006e-06,-2.2322021959559348e-05,-3.9250589493600523,958.8488008331561,-548.4984069108096
3644.9891299538035,-1.0540480723527027e-06,-2.3004249195436213e-05,-3.9250736533651946,958.3891111449907,-548.0404832177493
3647.218903919842,-1.0666429305662123e-06,-2.537024416710563e-05,-3.92512758209517,956.8094447220952,-546.4667786930178
3649.448677885881,-1.070281665687443e-06,-2.7754337760671563e-05,-3.9251868066370523,955.2298673367925,-544.8929847987498
3650.0975297319333,-1.0695214354418582e-06,-2.844863074447942e-05,-3.9252050411834625,954.7702370070214,-544.4350015259977
3650.746381577986,-1.0678995709295449e-06,-2.914207474635128e-05,-3.92522372410439,954.310615129725,-543.9770097706497
3652.9761555440246,-1.055425892371708e-06,-3.151145993152838e-05,-3.9252913534693383,952.7311956813305,-542.40305737486
3655.2059295100635,-1.0315577022910423e-06,-3.3840328040421786e-05,-3.925364220855724,951.1518868046251,-540.8289940314961
3655.8547813561163,-1.022339496763509e-06,-3.4506760658104495e-05,-3.925386395790939,950.692338641787,-540.3709283110982
3656.503633202169,-1.0120581105418075e-06,-3.516679649344223e-05,-3.925408998797888,950.2328007249304,-539.9128523119281
3658.7334071682076,-9.68311321356208e-07,-3.7377222893278424e-05,-3.925489898136075,948.6536834195094,-538.3385967821225
3660.9631811342465,-9.109041413914124e-07,-3.9474874049628087e-05,-3.925575600493848,947.0746972565972,-536.764209716178
3661.612032980299,-8.915158279835791e-07,-4.0059726389308096e-05,-3.92560140551385,946.6152467680788,-536.306046026248
3662.2608848263517,-8.708886421364878e-07,-4.063153884913992e-05,-3.9256275831434233,946.1558081682322,-535.8478704147037
3664.49065879239,-7.902831828987592e-07,-4.248644213468451e-05,-3.925720286911108,944.5770444182948,-534.2732603174408
3666.720432758429,-6.941544932441225e-07,-4.4144306818173965e-05,-3.9258169070180715,942.9984297312672,-532.6985007785922
3667.369284604482,-6.631784871190918e-07,-4.4584760209969016e-05,-3.925845695540494,942.5390905066928,-532.2402255393237
3668.0181364505347,-6.308313491750568e-07,-4.500463328681538e-05,-3.925874760256487,942.0797645075337,-531.7819370444305
3670.247910416573,-5.090267553210744e-07,-4.627855229819014e-05,-3.925976584621365,940.501397379693,-530.2069293792433
3672.477684382612,-3.705063065135251e-07,-4.726223830814758e-05,-3.9260809259606906,938.9231926166556,-528.6317590199753
3673.126536228665,-3.2701526526711163e-07,-4.7488622717382356e-05,-3.926111668659645,938.4639748606979,-528.1733620623611
3673.7753880747177,-2.820916199242821e-07,-4.768631679508797e-05,-3.9261425458938293,938.0047711847959,-527.714950999972
3676.005162040756,-1.1670548014208947e-07,-4.813407922621538e-05,-3.926249446840049,936.4268301330958,-526.1395164655269
3678.234936006795,6.562624486356305e-08,-4.8194175536127524e-05,-3.926356913991363,934.8490579519427,-524.5639128100529
3678.8837878528475,1.2184694702203287e-07,-4.813342553302292e-05,-3.926388168695608,934.3899668564042,-524.1053890003103
3679.5326396989003,1.7946918665603063e-07,-4.8035775377205107e-05,-3.926419369037518,933.9308900239176,-523.6468509102905
3681.762413664939,3.8809418568027187e-07,-4.740596277519258e-05,-3.9265258655235025,932.3533851602523,-522.0709796148544
3683.9921876309777,6.126297508270279e-07,-4.62932250986285e-05,-3.926630419262861,930.7760465992573,-520.4949418617063
3684.6410394770305,6.808590345427022e-07,-4.587362489310959e-05,-3.9266603244403497,930.3170806352168,-520.0362927998781
3685.2898913230833,7.503374956559084e-07,-4.540943096057446e-05,-3.9266899402477913,929.8581282536773,-519.5776301464468
3687.519665289122,9.983588595837046e-07,-4.346230748448284e-05,-3.9267891277131395,928.281044470803,-518.0013374462359
3689.7494392551607,1.2597017224041271e-06,-4.094730046237391e-05,-3.9268833404072754,926.7041131226781,-516.4248922490144
3690.3982911012135,1.3380611827790837e-06,-4.010451749916053e-05,-3.9269096397005714,926.2452623643039,-515.966127930909
3691.0471429472664,1.4173766865977682e-06,-3.9210719476171815e-05,-3.926935373590614,925.7864234646,-515.5073517520023
3693.276916913305,1.6967300816848536e-06,-3.574050144405402e-05,-3.9270190533237614,924.2097148342787,-513.9306837999768
3695.5066908793438,1.985012099662069e-06,-3.163743407881001e-05,-3.9270942896995975,922.6331314875492,-512.3538905703754
3696.155542725396,2.0702800187408388e-06,-3.0321736500403785e-05,-3.9271143946847618,922.1743761102392,-511.8950308730842
3696.804394571449,2.1560481495570383e-06,-2.8950751244007583e-05,-3.927133627004744,921.7156296748454,-511.43616223584996
3699.0341685374874,2.4538515821972946e-06,-2.3811708490028048e-05,-3.927192575100461,920.1392146485321,-509.85920072643796
3701.2639425035263,2.7542083676959394e-06,-1.8005784695085444e-05,-3.927239320795439,918.5628829616,-508.2821559102486
3701.912794349579,2.8416787337510625e-06,-1.619021207804717e-05,-3.9272504181815915,918.1041920857929,-507.8232317351624
3702.561646195632,2.9290234490979916e-06,-1.4318189994548791e-05,-3.927260319521977,917.6455059435108,-507.3643028288431
3704.7914201616704,3.227192421198805e-06,-7.45361310132988e-06,-3.9272847149431,916.0692639758938,-505.7871683391667
3707.0211941277094,3.5194848078616006e-06,6.926147475047903e-08,-3.9272930699818582,914.4930478342891,-504.21000803823864
3707.670045973762,3.602911799583182e-06,2.380148680156502e-06,-3.9272922777339963,914.0343789093477,-503.7510619244177
3708.318897819815,3.6854133826424812e-06,4.744540453882944e-06,-3.9272899707166244,913.575709193,-503.29211660157875
3710.5486717858535,3.960579580639877e-06,1.3271985447100632e-05,-3.9272699949597447,911.9994794776119,-501.7149698663488
3712.7784457518924,4.2194555201096065e-06,2.2394827067764216e-05,-3.92723034112807,910.4232027409267,-500.1378701270924
3713.4272975979447,4.291096930817125e-06,2.5156149926454594e-05,-3.9272149153941647,909.9645016770467,-499.678956134902
3714.0761494439976,4.360856173770476e-06,2.796296595291684e-05,-3.9271976872667764,909.5057930528084,-499.22004970012483
3716.305923410036,4.5846850269161e-06,3.794151745319549e-05,-3.9271242980627163,907.9293760901329,-497.6430901256623
3718.535697376075,4.780076596368078e-06,4.838745234564403e-05,-3.927028137864638,906.3528254478596,-496.06626419815694
3719.1845492221278,4.830877650192329e-06,5.1505857300219525e-05,-3.926995729074567,905.8940277038886,-495.6074468613507
3719.8334010681806,4.878709205212578e-06,5.465584108152014e-05,-3.926961293026391,905.4352145790549,-495.1486449062459
3722.063175034219,5.0187077009791535e-06,6.569811967050935e-05,-3.9268271612961514,903.8583772765953,-493.5721056399504
3724.292949000258,5.116850933139215e-06,7.700589937207764e-05,-3.9266681117768507,902.2813088871225,-491.99579754207673
3724.9418008463103,5.136778979088452e-06,8.03328838950976e-05,-3.9266170638692968,901.8223417042794,-491.53714969925267
3725.590652692363,5.152572207600372e-06,8.367101995801009e-05,-3.9265638624744628,901.3633506001327,-491.0785257972408
3727.8204266584016,5.173466087784475e-06,9.519376236702345e-05,-3.9263644455448943,899.7858355169109,-489.5026647335638
3730.0502006244405,5.138515416073541e-06,0.00010670083304214048,-3.9261393529764943,898.207985988099,-487.9271385433108
3730.6990524704934,5.117078943322098e-06,0.00011002852128245532,-3.9260690344891023,897.748771920225,-487.4687378902476
3731.347904316546,5.090330642723918e-06,0.00011334015246026717,-3.9259965733827467,897.2895251547154,-487.01036999734686
3733.5776782825847,4.956068032989318e-06,0.0001245536572094873,-3.9257312786544114,895.7110643382007,-485.4354562315913
3735.8074522486236,4.752350996168975e-06,0.0001353903528502378,-3.925441400444685,894.1321664113472,-483.8609806894499
3736.4563040946764,4.6792997441802945e-06,0.00013845077795573646,-3.9253525503507323,893.6726282389445,-483.40290494562464
3737.105155940729,4.599842610396771e-06,0.00014146135109934627,-3.9252617443357285,893.2130489977358,-482.9448704078898
3739.3349299067677,4.27624822339712e-06,0.0001513723303412224,-3.9249351169224473,891.6333826123421,-481.3711658564947
3741.5647038728066,3.871168745551299e-06,0.00016047092057631587,-3.924587295987601,890.0531856293295,-479.79799410000476
3742.213555718859,3.7373882178703246e-06,0.00016293990104873708,-3.9244823609582156,889.5932526563744,-479.3403147588731
3742.862407564912,3.5962986310434824e-06,0.0001653194273850751,-3.924375868519679,889.1332714397885,-478.8826839063404
3745.0921815309503,3.0543583367630894e-06,0.00017275097631083415,-3.9239987149379894,887.5521710525043,-477.3104201074814
3747.321955496989,2.4219081840966982e-06,0.0001788732126143099,-3.9236064504175743,885.9704659211951,-475.73876469162275
3747.970807343042,2.220478691679187e-06,0.00018037986386912558,-3.9234898840198826,885.510081541925,-475.2815394277566
3748.619659189095,2.0111602148454107e-06,0.00018175312418284808,-3.9233724000898564,885.0496438611041,-474.82436784145887
3750.8494331551333,1.2308602813375852e-06,0.00018538524844890968,-3.922962739335827,883.4669398393295,-473.25371834120756
3753.079207121172,3.5563871117597825e-07,0.00018717165334042156,-3.922547037534169,881.8835877760266,-471.6837221282963
3753.728058967225,8.303914323967837e-08,0.0001873144340711108,-3.9224255262390537,881.4227180675191,-471.2269860668913
3754.376910813278,-1.975683718360062e-07,0.00018727780553493822,-3.9223039975134357,880.9617931298965,-470.7703057411821
3756.6066847793163,-1.2229885661483705e-06,0.0001857113271344676,-3.9218877126605642,879.3774051357577,-469.2013549616223
3758.8364587453552,-2.3414157033475796e-06,0.00018175470125051394,-3.9214775854447614,877.7923689756304,-467.63305899332465
3759.4853105914076,-2.684027847014494e-06,0.00018012464105868588,-3.921360161810519,877.3310119273481,-467.1768152084564
3760.1341624374604,-3.0341563932104426e-06,0.00017827015599046212,-3.92124388458197,876.8696019058966,-466.7206249947596
3762.363936403499,-4.293752444652495e-06,0.0001701157976209065,-3.9208549345312154,875.2835709647028,-465.1533350661348
3764.593710369538,-5.6363980254086365e-06,0.00015906023392894207,-3.920487401372509,873.6969473184414,-463.58664514825955
3765.2425622155906,-6.041892924480643e-06,0.00015527161197911228,-3.9203854020719877,873.2351421602779,-463.13085494172856
3765.8914140616434,-6.453664818703552e-06,0.0001512184677780708,-3.9202859600931217,872.7732914913485,-462.6751108475727
3768.121188027682,-7.91442748393095e-06,0.00013521146119249692,-3.9199660047169593,871.1858115992139,-461.1092885478522
3770.350961993721,-9.438653945754098e-06,0.00011587652908472014,-3.919685451608198,869.5978616275966,-459.5439429601015
3770.999813839773,-9.892735037707503e-06,0.00010960476786887657,-3.9196122778075955,869.1356975723444,-459.0885166739251
3771.648665685826,-1.0350979232321346e-05,0.00010303798724236232,-3.919543277872005,868.6735015823078,-458.63312279323355
3773.8784396518645,-1.195393385776378e-05,7.817665367142866e-05,-3.9193405730573985,867.0849483302097,-457.0683894375302
3776.1082136179034,-1.3589844418679862e-05,4.970435146446944e-05,-3.919197329219074,865.4961244377324,-455.503930878798
3776.757065463956,-1.4070059236942795e-05,4.073025841393804e-05,-3.919167969934334,865.0337480207753,-455.0487201960869
3777.405917310009,-1.455136146276e-05,3.144555429739305e-05,-3.9191445363940844,864.5713600503916,-454.5935212470962
3779.6356912760475,-1.6208562111524504e-05,-2.8500107171810495e-06,-3.9191119709012203,862.9823133060992,-453.02928904461186
3781.8654652420864,-1.785647057392901e-05,-4.083039885725599e-05,-3.9191599849277106,861.3932786447302,-451.46504456827745
3782.5143170881393,-1.8331578008839537e-05,-5.257165172413492e-05,-3.9191902710670274,860.9308987296278,-451.0098374367195
3783.163168934192,-1.8803689717118667e-05,-6.461850570173918e-05,-3.919228268072012,860.4685348133637,-450.5546140590754
3785.3929429002305,-2.039659648730321e-05,-0.00010833417971604863,-3.919420443928797,858.8797921380013,-448.9900730194651
3787.6227168662695,-2.1926078742456525e-05,-0.00015553096461062951,-3.91971397690261,857.2914294782154,-447.42514620566396
3788.271568712322,-2.2355907440714823e-05,-0.0001698985591750814,-3.9198195453189437,856.8293189056678,-446.9696656452255
3788.9204205583746,-2.2777676750897874e-05,-0.0001845403851151819,-3.9199345077155225,856.3672589747218,-446.51413372716934
3791.150194524413,-2.4157433935367083e-05,-0.00023689164518954925,-3.920403811797145,854.7798361679087,-444.9482535410627
3793.379968490452,-2.5408481444083993e-05,-0.0002921759551712157,-3.920993117374729,853.1932424449428,-443.38153337697895
3794.028820336505,-2.5744444303765487e-05,-0.0003087731477161822,-3.921188080768612,852.731735236561,-442.9254414736045
3794.6776721825577,-2.606640583996956e-05,-0.0003255814480961223,-3.9213938516721827,852.270319751308,-442.46925680821187
3796.907446148596,-2.7056533611632115e-05,-0.0003848453076965511,-3.9221855291075975,850.6854347253914,-440.90080812404057
3799.137220114635,-2.784330854112385e-05,-0.0004460902129885885,-3.923111560196327,849.1018974135002,-439.33099889370925
3799.786071960688,-2.8029701515880693e-05,-0.00046421921049626737,-3.9234069002021044,848.6413804042634,-438.87390719754296
3800.4349238067407,-2.819547906322143e-05,-0.0004824599257532981,-3.9237139952974416,848.181001288013,-438.41667666779165
3802.664697772779,-2.8597443990280977e-05,-0.0005458304506885626,-3.9248603152133223,846.6000373852148,-436.84427571875693
3804.894471738818,-2.8715069987370217e-05,-0.0006097802607816551,-3.926148582913396,845.0209888179328,-435.269951528538
3805.5433235848704,-2.8691288248064052e-05,-0.0006284071661439042,-3.9265503098648584,844.561886592026,-434.8114388379968
3806.1921754309233,-2.8639912217020716e-05,-0.0006470070938746716,-3.9269640551348406,844.1029713443776,-434.35273907468843
3808.4219493969617,-2.8241944189533937e-05,-0.0007104921903327856,-3.928477754400911,842.5274162782965,-432.77491858538644
3810.6517233630007,-2.747664647834077e-05,-0.0007726803769610525,-3.9301315651744053,840.9543621840868,-431.1946049001034
3811.3005752090535,-2.7180383991493148e-05,-0.0007904156981385879,-3.9306387181159987,840.4971142510185,-430.7342430061406
3811.9494270551063,-2.6849611500521887e-05,-0.000807945118043426,-3.9311572381341606,840.0401021906548,-430.27364703680615
3814.1792010211448,-2.5438975374558315e-05,-0.0008663239752211033,-3.9330245359402265,838.4714591172285,-428.6889547313463
3816.4089749871837,-2.3581698585778716e-05,-0.0009210594788284924,-3.935017943474721,836.9058781055978,-427.1012374756849
3817.0578268332365,-2.2953165652930075e-05,-0.0009361599963531376,-3.9356205366451644,836.4509074197642,-426.6386248728824
3817.7066786792893,-2.2283802543842065e-05,-0.0009508373054597531,-3.936232703404968,835.9962171883255,-426.17573669630906
3819.936452645328,-1.9662505044802036e-05,-0.0009976984527270397,-3.938406293380994,834.4358851650283,-424.5828606099682
3822.1662266113667,-1.6525882033265513e-05,-0.0010381401693678237,-3.9406772161835684,832.8790968814484,-422.98652111833934
3822.815078457419,-1.5512968582513148e-05,-0.0010485378580567702,-3.9413542714944003,832.4267691431542,-422.52132400490694
3823.463930303472,-1.4454138128396876e-05,-0.0010582618698816658,-3.9420377569578866,831.974756960631,-422.05582033302125
3825.6937042695104,-1.0457751602020488e-05,-0.0010861408700246658,-3.9444302965875453,830.4238794825114,-420.4537376977596
3827.9234782355493,-5.895970223545357e-06,-0.0011044784801720524,-3.946874362514412,828.8768809187745,-418.84790932799945
3828.572330081602,-4.460209868029911e-06,-0.001107841565333205,-3.9475921988427003,828.4274546791725,-418.3799084997812
3829.221181927655,-2.9753835153481373e-06,-0.0011102564454770103,-3.9483118052625223,827.9783634590347,-417.9115861952733
3831.4509558936934,2.5056992267816856e-06,-0.001110889385467777,-3.950790524634432,826.4376461527206,-416.29973026616466
3833.6807298597323,8.57497660915459e-06,-0.0010986449793065497,-3.953256298533851,824.9009184377485,-414.68407021828966
3834.3295817057847,1.0451932721998424e-05,-0.0010924749620156915,-3.953967274638676,824.454486945171,-414.21321183460395
3834.9784335518375,1.2378421602342033e-05,-0.001085071447906383,-3.9546737418563755,824.0083873335303,-413.742038964374
3837.208207517876,1.9376428143970376e-05,-0.0010497752227340714,-3.9570568731829563,822.4778895012732,-412.12047623372695
3839.437981483915,2.6949435340619052e-05,-0.0009982339640155586,-3.9593431905291054,820.9511816221146,-410.495344514482
3840.0868333299677,2.9259257990976207e-05,-0.000980000427542115,-3.959985115093181,820.5076086458724,-410.02179231851966
3840.7356851760205,3.1615689182924815e-05,-0.0009602548537214109,-3.960614619353104,820.0643343910078,-409.5479603824806
3842.965459142059,4.006336357083397e-05,-0.0008804370405123449,-3.962670390147949,818.5432440425977,-407.91756967826825
3845.195233108098,4.9028918224911754e-05,-0.0007812054449120334,-3.9645265410875923,817.0253453836732,-406.28420668988355
3845.8440849541507,5.1730602927639436e-05,-0.0007485173494971648,-3.9650229654440428,816.5841989217985,-405.8083932310626
3846.4929368002036,5.4471973779169795e-05,-0.0007140667698636527,-3.9654975242746557,816.143280686827,-405.3323681359435
3848.722710766242,6.418327619948648e-05,-0.0005818558846642315,-3.9669464402773613,814.6296888215867,-403.6950134994132
3850.952484732281,7.430524877657065e-05,-0.0004275331393395654,-3.9680759036651945,813.1182088664957,-402.0557086922719
3851.6013365783333,7.732039973261261e-05,-0.000378341319622556,-3.9683374940858887,812.6786985716233,-401.57838348341164
3852.250188424386,8.036391016173316e-05,-0.0003271889655941054,-3.968566470520871,812.2393022465102,-401.10095326131665
3854.4799623904246,9.102010904826513e-05,-0.0001361616173992516,-3.969087520978892,810.7299989097829,-399.4596443130495
3856.7097363564635,0.00010192636334279273,7.890542916912877e-05,-3.969155822082311,809.2211792254675,-397.81789060790453
3857.3585882025163,0.00010513657737724362,0.00014608424877993084,-3.9690829656142212,808.7821053352947,-397.3401638812239
3858.007440048569,0.00010835929895728944,0.00021534338617561094,-3.968965819263411,808.3429828391726,-396.86248190827666
3860.2372140146076,0.0001195033514798211,0.000469377653783078,-3.9682070575616053,806.8333039377706,-395.22151815651046
3862.4669879806465,0.0001306841895128844,0.0007483016512683082,-3.9668541076275528,805.3218935733365,-393.5821496650682
3863.1158398266994,0.00013393143476661784,0.0008341539419158303,-3.966340835788574,804.8816167685258,-393.1055311990031
3863.764691672752,0.00013717109595494918,0.0009221026169570439,-3.9657711953694172,804.4410789081887,-392.6291544591966
3865.9944656387906,0.0001482135558745873,0.001240315685099597,-3.9633648723174346,802.9248376396712,-390.99425250394484
3868.2242396048296,0.00015903302638844231,0.0015829023349061243,-3.960221832261525,801.4040669205365,-389.36356503176313
3868.873091450882,0.00016212402797291813,0.0016871000643899868,-3.959161047173079,800.9605094264534,-388.8899979473364
3869.5219432969348,0.00016518391013127368,0.0017932841341709582,-3.958032075796643,800.5164311568441,-388.4169202360761
3871.751717262973,0.00017542389818731228,0.002173119277567414,-3.9536141199867894,798.985969638312,-386.7953233314198
3873.981491229012,0.00018514761012499047,0.0025752116902197663,-3.9483244033230296,797.4476573987348,-385.1811763711958
3874.630343075065,0.00018786330820443894,0.002696233939504667,-3.9466142580439856,796.9983453150949,-384.7130652895568
3875.279194921118,0.00019052233420280274,0.0028189903337642415,-3.9448251459142853,796.5482132456261,-384.24574460877517
3877.5089688871562,0.00019918731355402067,0.00325362534793013,-3.9380582854940975,794.9946068187699,-382.64631070856797
3879.738742853195,0.0002070299635009172,0.003706664503120992,-3.930301768697328,793.429430665756,-381.0582044399689
3880.387594699248,0.00020914076989639988,0.0038416903247305467,-3.927852885649903,792.9715854455147,-380.5984355135924
3881.036446545301,0.00021116931757120784,0.0039780498733005525,-3.9253161337320086,792.5125951489883,-380.1398128679433
3883.2662205113393,0.00021747322053864904,0.004456145319765939,-3.9159153398645263,790.9260321697976,-378.5730689888757
3885.495994477378,0.00022266063172792161,0.004947052282802428,-3.905434217824173,789.323978768144,-377.0221796403738
3886.1448463234306,0.00022394485155061695,0.005091952842419831,-3.902177247124361,788.8546615233084,-376.5741266817681
3886.7936981694834,0.00022512323898180812,0.0052376442529381605,-3.8988262264881692,788.3838677014116,-376.1276300636584
3889.023472135522,0.0002283295968217481,0.0057434484890921105,-3.8865845926688007,786.7542101313991,-374.6057680844492
3891.2532461015608,0.00023016053935625332,0.006254868745863084,-3.8732088685034585,785.1052019816827,-373.10491111115306
3891.9020979476136,0.00023042198325048778,0.006404304170126091,-3.869101787636614,784.6215077733161,-372.67241783031835
3892.5509497936664,0.00023055793026197465,0.006553862222593033,-3.8648979728754713,784.1360235805847,-372.24194092234376
3894.780723759705,0.0002300387041626129,0.0070676685238430055,-3.8497109636459412,782.4535288099399,-370.7787150798795
3897.010497725744,0.00022794204943434344,0.007578558413609117,-3.8333815339714943,780.7481967576073,-369.34219099653274
3897.659349571796,0.0002270263773598916,0.00772617219175348,-3.828416105580404,780.2474877104164,-368.929515261303
3898.308201417849,0.0002259712335019206,0.007873142715003152,-3.8233554033080743,779.7447210636635,-368.5193564082659
3900.5379753838874,0.00022126169323995087,0.008372073182785853,-3.805241519652125,778.0008751660862,-367.1298303235962
3902.7677493499264,0.00021484992099187432,0.008858604644017007,-3.786028957319254,776.2314142642892,-365.77309843775566
3903.416601195979,0.0002126599558098319,0.008997309162898974,-3.78023580259564,775.7115709480559,-365.3848023839377
3904.065453042032,0.0002103238793558269,0.009134544449172945,-3.774353436650387,775.1894761921047,-364.9995476739911
3906.2952270080705,0.000201173774399057,0.009593639529683435,-3.753469478343421,773.3778560290725,-363.6996361523911
3908.5250009741094,0.00019029235783265858,0.010030401727597667,-3.7315867404180927,771.5388698069045,-362.43876483915733
3909.173852820162,0.00018680207363890104,0.010152748425474124,-3.7250385213939285,770.9985310115288,-362.07953693478794
3909.822704666215,0.00018316783190371947,0.010272786364559269,-3.718411972468899,770.4558451287115,-361.72387412058845
3912.0524786322535,0.00016958719712519446,0.010666374775927093,-3.695061205865518,768.5728965040049,-360.5296399700729
3914.2822525982924,0.00015435749129162385,0.01102784291357013,-3.670868636544198,766.6621076419284,-359.3805053688081
3914.931104444345,0.0001496238688530784,0.011126467336838744,-3.663680885807205,766.1008616008639,-359.05490892077546
3915.5799562903976,0.00014475837244841468,0.01122198401073915,-3.656430430621822,765.5372875182617,-358.7333680112884
3917.809730256436,0.00012705457515141869,0.011525293130494498,-3.6310621530853746,763.5828876668088,-357.6600709794257
3920.039504222475,0.00010790631219501434,0.011787516367975875,-3.6050633708853645,761.6015814962824,-356.6373210161741
3920.688356068528,0.00010207783868407823,0.011855642453693627,-3.5973925792576025,761.0200698676302,-356.3494781524275
3921.3372079145806,9.614015547086338e-05,0.01191996166586387,-3.5896790504046736,760.4363684735396,-356.06610962337135
3923.566981880619,7.494171452206664e-05,0.012110905556592848,-3.562878335602234,758.414044670238,-355.1270605605453
3925.796755846658,5.262957767544935e-05,0.01225334007051406,-3.5357059415560257,756.3671268938933,-354.2429219502598
3926.445607692711,4.594943053035404e-05,0.012285319698145784,-3.527744626540582,755.767029517773,-353.99616038956384
3927.0944595387637,3.9193015201650996e-05,0.012312953944595978,-3.519764132703189,755.1649897892877,-353.75418037403915
3929.324233504802,1.544873515905868e-05,0.012373998008751852,-3.4922309944741285,753.0817013033567,-352.9595172582336
3931.554007470841,-8.966579443404198e-06,0.012381349567730463,-3.4646216028551375,750.9773002690092,-352.2225846275643
3932.2028593168934,-1.6170351145354333e-05,0.012373188810729133,-3.4565902734244536,750.3611855082455,-352.0190916021303
3932.8517111629462,-2.3409648271952157e-05,0.012360358155518409,-3.448565829582313,749.7434600252618,-351.82053993209985
3935.0814851289847,-4.8491659688936094e-05,0.012280226515144477,-3.421083936730881,747.6089202861873,-351.17609378888034
3937.3112590950236,-7.373615538018284e-05,0.012143986507094742,-3.393843273813768,745.4575450946453,-350.59028034655745
3937.9601109410764,-8.10837753562892e-05,0.012093750273433469,-3.3859796499278367,744.8285959766828,-350.43081714379116
3938.6089627871293,-8.84232599802952e-05,0.012038765154844549,-3.3781501456165213,744.1984151786698,-350.27628189511597
3940.8387367531677,-0.00011351416232956766,0.011813562665232796,-3.3515471726075865,742.0240249750314,-349.7827159077649
3943.0685107192066,-0.00013825479010384908,0.011532803651342348,-3.3255082894928116,739.8373881538648,-349.34654075808334
3943.717362565259,-0.0001453607583445277,0.011440780849900955,-3.3180548451109333,739.199042944166,-349.2302660678543
3944.366214411312,-0.00015241676223210824,0.011344178206927576,-3.3106624899118002,738.5598496797229,-349.1187211984824
3946.5959883773503,-0.00017621908542993833,0.010977634163265285,-3.2857664996837705,736.3574057190414,-348.7710878512207
3948.825762343389,-0.0001992022316922376,0.01055892960870744,-3.261745972896328,734.147103408118,-348.4774162583569
3949.474614189442,-0.00020571211762279747,0.01042755329180368,-3.2549372599909163,733.5026712435132,-348.4018458919166
3950.123466035495,-0.00021213529493517395,0.010291993555345142,-3.2482149640111024,732.857737848858,-348.3306266099036
3952.3532400015333,-0.00023349180924382338,0.00979494400757089,-3.2258117018889343,730.6381402353302,-348.11840338159675
3954.5830139675722,-0.0002536337248642743,0.009251628400452938,-3.20456832933554,728.4144214832722,-347.95466251672207
3955.231865813625,-0.0002592471697178516,0.009085224624431924,-3.1986192930682393,727.7667406629295,-347.9157648103301
3955.880717659678,-0.00026474410685613654,0.008915225981514913,-3.192779146849363,727.1188358619683,-347.88067688389066
3958.1104916257163,-0.0002827019102058099,0.008304602890986232,-3.1735738585600424,724.8910201979395,-347.788244018736
3960.3402655917553,-0.0002991385609819783,0.007655633871264588,-3.1557728731183503,722.6618564070923,-347.73704457966556
3960.9891174378076,-0.0003036213964045931,0.007460071275552262,-3.1508689287978906,722.013052854918,-347.7294456039487
3961.6379692838605,-0.0003079657609698442,0.007261651607192415,-3.146092507876146,721.364214001063,-347.72498050245673
3963.867743249899,-0.00032180766167901634,0.006559203230285544,-3.130678440888123,719.1344811619106,-347.7324289824193
3966.097517215938,-0.00033391565169197583,0.005827823658001787,-3.116862930016539,716.9050779276148,-347.7724623112107
3966.7463690619907,-0.0003371040757930848,0.005610116526057346,-3.113152213172417,716.2564588103304,-347.78972044227083
3967.3952209080435,-0.0003401399081569983,0.005390393917436508,-3.1095830849474804,715.6079015225596,-347.8093350534414
3969.624994874082,-0.00034938972828026327,0.004621301580781861,-3.0984177278575484,713.3797317197193,-347.8934592571584
3971.854768840121,-0.0003567843616986615,0.0038336525595341416,-3.088987961443467,711.1525330339182,-348.0005237445326
3972.5036206861737,-0.00035858340292599687,0.0036015588278512497,-3.0865758936690946,710.5046231575063,-348.03543187814086
3973.1524725322265,-0.00036022327307725553,0.0033683505597007675,-3.0843144427932256,709.8567929672706,-348.0718516861376
3975.382246498265,-0.0003646373510131191,0.002559861595269291,-3.0777037190179914,707.6311372561092,-348.2071922826363
3977.612020464304,-0.00036716088684796323,0.0017436379755516338,-3.0729043661539697,705.4062822174988,-348.35522853323164
3978.2608723103563,-0.00036754039559854196,0.0015052732705436941,-3.0718504958855735,704.758985808963,-348.40011211062574
3978.909724156409,-0.00036776111102103837,0.0012667125106857508,-3.0709510141377874,704.11173200342,-348.4456275384288
3981.1394981224475,-0.00036731181984856886,0.000446845955960569,-3.069041159015615,701.8876958362963,-348.60547345952455
3983.3692720884865,-0.0003650149197217569,-0.0003699589058321643,-3.068956007551195,699.6638188731608,-348.7675378820666
3984.0181239345393,-0.000364003895841358,-0.0006064785370684766,-3.069272994908575,699.0166712036095,-348.8145323108336
3984.666975780592,-0.00036284074000656467,-0.0008422963386736489,-3.0697428964169817,698.369505791524,-348.8612735661902
3986.8967497466306,-0.0003576961510028812,-0.001645935855087163,-3.0725194849746558,696.1452870425095,-349.01858615952574
3989.1265237126695,-0.00035081695115450097,-0.0024361702058229386,-3.0770730627593874,693.9205115003206,-349.16774545385704
3989.7753755587223,-0.00034849738808990946,-0.0026630512303096178,-3.078727623752497,693.272974892785,-349.2090511765438
3990.424227404775,-0.00034603792492103364,-0.0028883872758210588,-3.080528597347847,692.6253706035167,-349.24924119972536
3992.6540013708136,-0.00033654033665487447,-0.0036496747964607033,-3.0878220559361593,690.3992902374174,-349.3775085555597
3994.8837753368525,-0.0003254825799350079,-0.004388045430543954,-3.096787463880149,688.172250794681,-349.4876747025063
3995.532627182905,-0.00032198300446366004,-0.004598103551684464,-3.0997030703792814,687.5240071209872,-349.51579725309574
3996.1814790289577,-0.0003183605560915441,-0.004805858179409358,-3.1027539640823023,686.8756866586053,-349.5419906512746
3998.411252994996,-0.00030500353802742104,-0.005501086592344368,-3.1142508531596245,684.6471498601393,-349.6160419461675
4000.641026961035,-0.0002903124005918983,-0.006165044481815118,-3.1272630813529942,682.4178867568035,-349.66277868382093
4001.289878807088,-0.00028580053930551546,-0.00635195209389717,-3.1313242011333777,681.7690820911741,-349.67076237717316
4001.9387306531407,-0.0002811866855994344,-0.006535907353891169,-3.135505420743051,681.1202550257042,-349.67607867259085
4004.168504619179,-0.0002645875952876407,-0.0071445827858966455,-3.150764720157196,678.8904992195282,-349.6728833337937
4006.398278585218,-0.00024691867145484875,-0.007715053254998398,-3.167338633987564,676.6610922417572,-349.6342007728143
4007.0471304312705,-0.00024159159540143525,-0.007873538539723241,-3.172396263208049,676.0124977285565,-349.6158589201102
4007.6959822773233,-0.00023618592165649735,-0.008028550740174965,-3.1775554311578067,675.3640102893656,-349.5942120641152
4009.925756243362,-0.00021704775531028057,-0.008534000893221583,-3.19602889636726,673.1365306433363,-349.493662392685
4012.1555302094007,-0.00019712479373761618,-0.008995902303209383,-3.2155808492423414,670.9113803163415,-349.3507852755382
4012.8043820554535,-0.00019119592317504632,-0.009121882008288555,-3.221459008969181,670.2644457565062,-349.3009201223985
4013.4532339015063,-0.00018521273483512065,-0.009244006050654105,-3.2274175435822268,669.6178216427558,-349.2472363543517
4015.683007867545,-0.00016427559696449088,-0.009633738939267285,-3.248472874075237,667.3984117481602,-349.03287775142104
4017.9127818335837,-0.00014283851547225982,-0.0099762293622972,-3.2703445508070583,665.1841263046725,-348.77093922250003
4018.5616336796365,-0.0001365220313845998,-0.01006685842760723,-3.276847316245975,664.5409184916602,-348.68553550379266
4019.2104855256894,-0.00013017477810049668,-0.010153387519901497,-3.28340749019894,663.8982845838631,-348.5959426322453
4021.440259491728,-0.00010816432594738419,-0.010419151460799117,-3.3063527132726707,661.6946857630618,-348.2555877266208
4023.6700334577667,-8.592366436063519e-05,-0.010635580411004054,-3.329835526923993,659.499589683262,-347.86417865155323
4024.318885303819,-7.942293812077423e-05,-0.010689219509503188,-3.3367540945953498,658.8626242694652,-347.74054966704335
4024.967737149872,-7.291341430834663e-05,-0.010738645585493816,-3.3437060800837544,658.226531851803,-347.61251650219134
4027.1975111159104,-5.051007367438458e-05,-0.010876245332431169,-3.367813518962054,656.0477413583504,-347.1386698621822
4029.4272850819493,-2.8125532507034e-05,-0.010963911652951224,-3.3921721040466752,653.8810759472065,-346.6121724946519
4030.076136928002,-2.1628541672347317e-05,-0.010980048777996977,-3.3992915203392906,653.2530669177493,-346.4490388447854
4030.724988774055,-1.514298048854638e-05,-0.010991981259368353,-3.4064200672847953,652.6262339833629,-346.2814454289503
4032.9547627400934,7.026590628568029e-06,-0.011000984003518267,-3.4309488719559798,650.4815707431525,-345.67147728685444
4035.1845367061323,2.8947993519889343e-05,-0.010960830294677525,-3.455442946822119,648.3525000223317,-345.0091312780452
4035.833388552185,3.526810921982824e-05,-0.01093999180738845,-3.4625483405642568,647.7360621008712,-344.8066192844009
4036.482240398238,4.155804900483987e-05,-0.010915069053556499,-3.4696389525289058,647.1210729828749,-344.59974599071165
4038.7120143642765,6.29146369754561e-05,-0.01079850786592989,-3.4938558895207206,645.0191314335482,-343.855782770709
4040.9417883303154,8.380866714014777e-05,-0.010634842014119697,-3.5177604050339744,642.9356907074032,-343.06146595492334
4041.5906401763677,8.979023505454299e-05,-0.010578516150832013,-3.524642736012913,642.3330354715273,-342.8210235973784
4042.2394920224206,9.572392830293889e-05,-0.010518331105911239,-3.5314873701309955,641.7320387912904,-342.5764582617588
4044.469265988459,0.0001157227814265614,-0.010282467997292733,-3.5546860581373134,639.6796721662922,-341.7049975725158
4046.699039954498,0.00013505470952161904,-0.010002755512661533,-3.5773099376259516,637.6477988856516,-340.7867453654437
4047.3478918005508,0.00014054378608430493,-0.00991333755039895,-3.5837713660655774,637.0604644349858,-340.5109856846044
4047.9967436466036,0.00014596802359597496,-0.009820385191942012,-3.5901737674382264,636.4749087318951,-340.23146001486737
4050.226517612642,0.00016408772462200472,-0.009474547673122571,-3.6116927655315543,634.4763723274139,-339.2427584470108
4052.456291578681,0.00018134419310506997,-0.00908926972340835,-3.632396652505927,632.4991404895392,-338.2120839865284
4053.105143424734,0.00018619294225476354,-0.008970023744354882,-3.6382556464659364,631.9277878308525,-337.9045763883739
4053.7539952707866,0.00019096068492665568,-0.0088476636872658,-3.644036430203933,631.3582270056899,-337.5937530379666
4055.983769236825,0.00020670230239268106,-0.008404119781272692,-3.6632765241851044,629.414583163694,-336.50106686089487
4058.213543202864,0.00022139654301146533,-0.0079266433332838,-3.6814897845625225,627.4917283607974,-335.37217022865366
4058.8623950489164,0.00022546603445186325,-0.007781661581530856,-3.6865860125646805,626.9360268950336,-335.03720657479977
4059.511246894969,0.0002294397863202461,-0.007634075454019633,-3.6915875283150084,626.3820164898266,-334.69944416382754
4061.7410208610077,0.0002423430966877564,-0.00710786617608784,-3.708028222802258,624.4908627154491,-333.51821878652265
4063.9707948270466,0.0002540372287710902,-0.006554233529752025,-3.72326501558442,622.6186421912191,-332.3071822470273
4064.6196466730994,0.0002572048617833552,-0.006388365156638116,-3.7274639301980197,622.0772539527765,-331.9495457279278
4065.268498519152,0.00026026436841225124,-0.006220480584766788,-3.7315547974099035,621.5373464716573,-331.58966959246044
4067.4982724851907,0.00026993540779745966,-0.005629119042310049,-3.7447694914475096,619.6928837970033,-330.33677063127146
4069.7280464512296,0.000278267942574134,-0.005017685549372398,-3.7566432049569105,617.8642719838721,-329.0608266837894
4070.376898297282,0.0002804351127973404,-0.004836419677180457,-3.759840085149988,617.3349317437675,-328.68558722412644
4071.025750143335,0.0002824848621329241,-0.004653788509619795,-3.762919158184589,616.8067668274703,-328.30868887094584
4073.2555241093733,0.000288620032470751,-0.00401680583121883,-3.772588137159544,615.0001844496772,-327.00174701786216
4075.485298075412,0.00029332762060823377,-0.003367734702533716,-3.7808233114855128,613.205366389387,-325.67867953297844
4076.134149921465,0.00029442564847692105,-0.0031770445681169493,-3.7829465147541197,612.6850443514243,-325.29103075859757
4076.783001767518,0.00029540065910514733,-0.0029856831845250244,-3.7849460329331195,612.1655195727425,-324.9023098822413
4079.0127757335563,0.00029780577098952954,-0.002324052000959956,-3.790866479644028,610.3856401366781,-323.55921766456527
4081.242549699595,0.0002987413720804578,-0.0016586962999847075,-3.795307485950721,608.6127382032132,-322.20691900995115
4081.891401545648,0.0002987367088463811,-0.0014648519047859932,-3.7963207105269072,608.0978650929302,-321.8120605089692
4082.540253391701,0.00029860771530254104,-0.001271050476314317,-3.797208437771577,607.5833666151225,-321.41671201277137
4084.7700273577393,0.00029721579114043195,-0.0006065037804622703,-3.799300819925794,605.817477205494,-320.0552709170563
4086.9998013237782,0.0002943663685269611,5.331429307921294e-05,-3.799916685037842,604.0534317978133,-318.6914389292598
4087.6486531698306,0.00029326570934887957,0.00024396330667718165,-3.7998200675877287,603.540162654637,-318.2944965050075
4088.2975050158834,0.00029204422181776965,0.0004338612152119618,-3.799600248301339,603.0268318382572,-317.8976341399701
4090.527278981922,0.0002869323410850611,0.0010796121924939379,-3.7979104913911303,601.2616172670243,-316.53531546211553
4092.757052947961,0.00028043443379208676,0.0017124195682304668,-3.794795286416108,599.4931368691496,-315.1772431541467
4093.4059047940136,0.0002782889285541327,0.0018936884090682822,-3.793625168419838,598.9776288350082,-314.78321170236615
4094.0547566400664,0.00027603129016181855,0.00207353298244814,-3.792338134681413,598.4616400713725,-314.38981233037936
4096.284530606105,0.00026743320548183746,0.002679667073679901,-3.787035032093553,596.684133665984,-313.0435728211575
4098.514304572143,0.00025758333846492105,0.0032652337837014212,-3.7804033177947196,594.8986301383795,-311.70796782298936
4099.163156418196,0.0002544911785146498,0.0034313667696077837,-3.7782305429156424,594.3773099599329,-311.32165812503814
4099.812008264249,0.0002513009363333357,0.003595467784791131,-3.7759508403317192,593.8551355577008,-310.9365078546222
4102.041782230288,0.00023961355276434941,0.004142977867351708,-3.767318287221727,592.0536053686194,-309.6225963469002
4104.271556196326,0.00022687184408626837,0.004663252272959049,-3.7574952750852026,590.2400342894593,-308.3253693036094
4104.92040804238,0.0002229787184988909,0.00480919617017357,-3.754421933150255,589.7098326271745,-307.95134200948075
4105.5692598884325,0.0002190067904615139,0.0049525964922569185,-3.7512548880764816,589.178472066444,-307.5789680138942
4107.799033854471,0.00020478835193957348,0.005425228363116668,-3.7396787299807395,587.3431663859798,-306.3126724012314
4110.028807820509,0.00018977243457596514,0.005865267231142662,-3.727085047158429,585.4926997817058,-305.0686530652633
4110.677659666562,0.000185268853977476,0.00598693888467017,-3.7232396522669386,584.9512319384352,-304.7111299208061
4111.326511512615,0.00018071038991050896,0.006105680137628469,-3.719316377895681,584.4083854953267,-304.3557089783129
4113.556285478654,0.00016466588971536384,0.006490827034710786,-3.705265946514061,582.5320722320764,-303.1510209403246
4115.786059444692,0.00014812961581477983,0.006839650050857077,-3.690397221630252,580.6385442058365,-301.9735927569269
4116.434911290745,0.00014324330261085338,0.006934175383191354,-3.6859284182575314,580.0842212540679,-301.63634505082723
4117.083763136798,0.0001383293966285455,0.007025531708887638,-3.681399368799563,579.5283926208003,-301.3015899664632
4119.313537102837,0.00012127654093908977,0.00731499217687773,-3.665404207435926,577.6066450635237,-300.170800684156
4121.543311068875,0.00010406660664781754,0.007566253506316378,-3.6488062023788963,575.6667322514628,-299.07148098799
4122.192162914928,9.904798159763186e-05,0.007632143739645026,-3.6438752571253303,575.0987934483385,-298.75770562772004
4122.841014760981,9.403027725270168e-05,0.007694788260947346,-3.6389026102723228,574.5293131805208,-298.4467409947375
4125.07078872702,7.683935753122587e-05,0.00788525603924701,-3.6215255353641735,572.5605217677763,-297.40001490406195
4127.300562693058,5.982363035229169e-05,0.008037587272184664,-3.603766278300601,570.5736509637671,-296.3880379823201
4127.949414539111,5.49227210357225e-05,0.008074807429912303,-3.598538843343975,569.992117768439,-296.10023946195975
4128.598266385164,5.004941472802564e-05,0.008108865665909258,-3.593288225813941,569.4090890363491,-295.81548560445685
4130.828040351203,3.355387391441196e-05,0.008201987173992037,-3.5750967304689576,567.3942134079032,-294.8604804700389
4133.057814317241,1.7524982170721496e-05,0.008258847615586583,-3.556738022200587,565.3622249256022,-293.94245471637794
4133.706666163293,1.2962775242973394e-05,0.008268731807258041,-3.5513759293882923,564.7677876242751,-293.68235377937947
4134.355518009346,8.450074455047329e-06,0.008275678847559496,-3.5460082715269166,564.1719664364001,-293.4254395582765
4136.585291975385,-6.647828518517084e-06,0.008277560033321182,-3.5275471683768,562.1140783886118,-292.5670417747464
4138.815065941423,-2.1056254755301293e-05,0.008246544996729561,-3.509118546177736,560.0407082744069,-291.74674406829695
4139.463917787476,-2.5109304385373907e-05,0.008231561222128807,-3.503772542283725,559.4345657089202,-291.51522989858074
4140.112769633529,-2.9097288500550997e-05,0.008213973298279586,-3.4984369676528058,558.8271969428567,-291.28695043057513
4142.342543599568,-4.228391418412972e-05,0.008134236346841696,-3.4802052707666187,556.7308933278923,-290.52717373251016
4144.572317565606,-5.463649443614564e-05,0.008026026067149554,-3.46218311380191,554.621160135633,-289.80551735742466
4145.2211694116595,-5.806844826361418e-05,0.00798945592446416,-3.456987232451973,554.004838318039,-289.6026514380716
4145.870021257712,-6.142624270112872e-05,0.007950685342189937,-3.4518156360496026,553.3874735770193,-289.4029777849643
4148.099795223751,-7.23879450481422e-05,0.0078013291853100625,-3.434249566211372,551.2582492861923,-288.741041068785
4150.329569189789,-8.244303990499033e-05,0.0076285416748028394,-3.4170426501545696,549.1178344493715,-288.11622003849976
4150.978421035842,-8.519642934906126e-05,0.007574150190110376,-3.4121104896064822,548.4930093443552,-287.9412901759883
4151.627272881895,-8.787205392869296e-05,0.007517997920923143,-3.4072140267860807,547.8673315391017,-287.7694285227884
4153.857046847934,-9.647017653352813e-05,0.007312305861820133,-3.3906765427198695,545.7109942629718,-287.20199709214455
4156.086820813972,-0.00010414638000637794,0.007088469768415694,-3.374617933999727,543.54569031508,-286.6697813853722
4156.735672660025,-0.00010620739183135266,0.007020221476360833,-3.3700407214100343,542.9140347286512,-286.52139688141966
4157.3845245060775,-0.00010819122403488164,0.006950660131429593,-3.365508053307024,542.2817085355244,-286.37588755602724
4159.614298472116,-0.000114422550126296,0.006702304586896733,-3.350284144329355,540.1038945626968,-285.89744048486045
4161.844072438154,-0.00011975865285084306,0.00644105266654995,-3.335628390080727,537.9191699177106,-285.4515799019134
4162.492924284208,-0.00012114566947646041,0.006362893737742756,-3.3314744917970742,537.2822366098109,-285.32779490200056
4163.141776130261,-0.00012245907856734921,0.0062838569937846605,-3.327371434779402,536.6447960143672,-285.2066380373449
4165.3715500963,-0.00012641797546739456,0.006006231225856535,-3.313667909035953,534.4506185868179,-284.809915173971
4167.601324062338,-0.00012953743295350984,0.005720713892762076,-3.3005922242054084,532.2513199510437,-284.44260469492053
4168.250175908391,-0.00013029121576844512,0.005636416105359752,-3.2969077277963366,531.6104652167829,-284.34105608648025
4168.8990277544435,-0.00013097699998296963,0.005551648929446795,-3.293277935230479,530.9692415833763,-284.24185037811134
4171.128801720482,-0.00013282469614866966,0.005257397892741474,-3.2812264623530027,528.7630777404789,-283.9183334969182
4173.35857568652,-0.00013390840677012365,0.004959878668767215,-3.2698347464360933,526.5532677514246,-283.62069694184913
4174.007427532573,-0.000134084867288484,0.004872932701341627,-3.266644791843944,525.9096133539132,-283.53874478422944
4174.656279378626,-0.00013420031961960168,0.004785889248595816,-3.263511153583994,525.2657013182672,-283.4588275921211
4176.886053344665,-0.0001341433170489853,0.004486590961445449,-3.2531735495884018,523.0511038503276,-283.199217590585
4179.115827310703,-0.0001334111268347041,0.004188172535058054,-3.2435023321762633,520.8340151002074,-282.96177524099096
4179.764679156757,-0.00013307645407004508,0.004101715656154218,-3.240812951638613,520.1884422097738,-282.89663648351035
4180.41353100281,-0.0001326886996972404,0.0040154900793732155,-3.238179480320461,519.5426967080966,-282.8332163693717
4182.6433049688485,-0.00013096415127829495,0.003721439670036318,-3.2295545121792415,517.3224060296864,-282.6278785127384
4184.8730789348865,-0.00012866226497676255,0.0034318782803572554,-3.221580205235879,515.1004836211539,-282.4409746821031
4185.521930780939,-0.00012788961868223306,0.003348645383348139,-3.219380508049628,514.4536502993947,-282.38984391862954
4186.170782626992,-0.00012707246878083334,0.0032659249692287536,-3.2172345553048602,513.80670614772,-282.34011968606245
4188.400556593031,-0.00012393861452369759,0.0029859881274990944,-3.210265775151864,511.58273195933486,-282.1794788954811
4190.630330559069,-0.00012033196421885542,0.0027135661865645634,-3.2039128126156142,509.3577340681905,-282.03365491054683
4191.279182405122,-0.00011919961695231799,0.002635855706308594,-3.2021774049486744,508.7101074480093,-281.9938085484108
4191.928034251175,-0.0001180318731810885,0.002558887956055523,-3.2004921032823415,508.06241266211777,-281.95507142018073
4194.157808217214,-0.00011376344714876871,0.0023003950670606277,-3.1950763954417587,505.8361556633326,-281.82994787813
4196.387582183252,-0.00010913281237936675,0.0020518236251146674,-3.1902260070232926,503.6092835783573,-281.7162532834332
4197.036434029305,-0.00010772359611674905,0.001981470172894217,-3.188917584971701,502.96117873500543,-281.6851354534387
4197.685285875358,-0.00010628858888511798,0.0019120358135063028,-3.1876544586165494,502.31303373283333,-281.65485288228297
4199.915059841397,-0.00010117576420766596,0.0016806907794627965,-3.183651143852969,500.08542165205137,-281.55673393217705
4202.144833807435,-9.581684818351726e-05,0.0014610205528170566,-3.180150660132671,497.85745571779387,-281.46697336282585
4202.793685653488,-9.421778005408831e-05,0.0013993693983609843,-3.1792227544730385,497.20907481330426,-281.44226304550637
4203.442537499541,-9.260291107442202e-05,0.0013387571924166181,-3.1783344804336235,496.56067128577723,-281.41814371903064
4205.67231146558,-8.694875820310113e-05,0.001138553798653861,-3.1755749275932366,494.33228949495003,-281.3393910670935
4207.902085431618,-8.11677319918563e-05,0.0009510993371987495,-3.1732475694494946,492.1037137918563,-281.2663064238163
4208.5509372776705,-7.946828078557398e-05,0.000898986419459479,-3.1726474252078396,491.4551809894843,-281.24596576978024
4209.199789123723,-7.77630790398645e-05,0.0008479744035264127,-3.172080724968476,490.8066361558462,-281.22600582306376
4211.429563089762,-7.187517398687082e-05,0.0006811428304448742,-3.1703783736142834,488.5778398333234,-281.159998302301
4213.6593370558,-6.597740630037668e-05,0.0005274509504867151,-3.1690333696856343,486.34894511932225,-281.0973868119366
4214.308188901854,-6.426562946566686e-05,0.00048519872996923425,-3.168704901063297,485.70033469136484,-281.0796908854853
4214.957040747907,-6.255763218947182e-05,0.00044405265339205185,-3.1684034968228842,485.0517185684884,-281.0622015834283
4217.186814713946,-5.673169939207581e-05,0.0003110764576585169,-3.1675640070453013,482.82271980572,-281.0034146415848
4219.416588679984,-5.1002245933361164e-05,0.0001909832116456793,-3.1670066610941183,480.59368038233094,-280.9461844826821
4220.065440526037,-4.9358568216286995e-05,0.00015842576821562793,-3.1668933527379695,479.9450371523736,-280.9297330359187
4220.714292372089,-4.7726911658084e-05,0.0001269281995073999,-3.1668008508141297,479.29639215101616,-280.9133505955236
4222.944066338128,-4.2223837019966195e-05,2.6677403401275246e-05,-3.1666318399416697,477.0673208923062,-280.8573753594206
4225.173840304166,-3.69044009482299e-05,-6.150751639084636e-05,-3.1666729135959977,474.83824604751305,-280.8015427137694
4225.822692150219,-3.5395170100947876e-05,-8.496116755640586e-05,-3.1667204680233465,474.1895986554331,-280.7852553336752
4226.471543996272,-3.390434541998419e-05,-0.00010744350903243871,-3.166782964217645,473.54095211467273,-280.7689343329598
4228.701317962311,-2.8930806331846323e-05,-0.00017745173618366548,-3.167102599741329,471.31189388527605,-280.71244208753313
4230.931091928349,-2.4204102736253462e-05,-0.00023664528903467272,-3.167566280647718,469.0828579944128,-280.65507681858446
4231.579943774403,-2.2877835050319746e-05,-0.0002519178476438925,-3.1677248070971498,468.4342263460076,-280.63817380218745
4232.2287956204555,-2.1574263504289847e-05,-0.0002663384294145977,-3.1678930149058915,467.7855974348623,-280.62116663978077
4234.458569586494,-1.7273574381033854e-05,-0.0003095963982629111,-3.168536839961838,465.55661318964815,-280.5618279954272
4236.688343552532,-1.3258007943492656e-05,-0.0003435826820390297,-3.169266783629545,463.3276702729943,-280.5009583120321
4237.337195398585,-1.2144518187939265e-05,-0.00035182214042827145,-3.1694924038461245,462.67906891422194,-280.4829304569308
4237.986047244638,-1.1055972593318896e-05,-0.00035934769410881246,-3.1697231916384756,462.0304716551578,-280.46475611459874
4240.215821210677,-7.508189188326743e-06,-0.0003799888102529031,-3.170548875976359,459.801605808509,-280.40112645171735
4242.445595176715,-4.260846156828993e-06,-0.0003930541283849806,-3.171412139179058,457.57279451375024,-280.33561459380763
4243.094447022768,-3.3725941445382137e-06,-0.00039552915005751246,-3.17166797954795,456.9242336226124,-280.31618545478983
4243.743298868821,-2.509729034211011e-06,-0.0003974359443490282,-3.171925295504848,456.27567770506346,-280.2965911256953
4245.9730728348595,2.618644752006591e-07,-0.00039988701244692774,-3.1728153074582597,454.0469598273931,-280.2279745678434
4248.2028468008975,2.7372117854721816e-06,-0.0003964883345242896,-3.1737042629338097,451.8183038639826,-280.1573756292489
4248.851698646951,3.4025794297059554e-06,-0.00039449529813544653,-3.17396087457213,451.16978922260654,-280.13645971299246
4249.500550493004,4.043598455672475e-06,-0.00039207783132490947,-3.1742161071937356,450.52127992242833,-280.11537873774444
4251.730324459043,6.062949065104034e-06,-0.0003807587729575646,-3.1750785120246428,448.2927242423383,-280.0416821941021
4253.960098425081,7.805679206550753e-06,-0.00036524541973199763,-3.1759110017491388,446.0642317975773,-279.96609709317886
4254.608950271134,8.262284587194042e-06,-0.0003600317563493123,-3.176146290966467,445.4157646542848,-279.94375707974336
4255.257802117187,8.69670710446769e-06,-0.00035452806334138363,-3.1763781505012227,444.76730271730605,-279.9212662246637
4257.487576083226,1.002424031660344e-05,-0.0003336106469051994,-3.1771458464976896,442.5389079831036,-279.8428534848931
4259.717350049264,1.1105959303588438e-05,-0.00031000718655340456,-3.1778639067481502,440.31057208750275,-279.76278534030496
4260.366201895316,1.1376505670761577e-05,-0.00030271279760173516,-3.178062675785566,439.66214937625796,-279.7391908820133
4261.015053741369,1.1627805489753048e-05,-0.0002952479266814229,-3.1782566976269244,439.0137312886861,-279.7154694449362
4263.244827707408,1.234951706028143e-05,-0.00026847728832225614,-3.1788854434817413,436.7854821167907,-279.63302335581784
4265.474601673446,1.2863313957482576e-05,-0.0002403291976550074,-3.17945296116044,434.5572826299057,-279.54924449392996
4266.123453519499,1.2976003994255878e-05,-0.00023194602519597355,-3.1796061642177174,433.90889766567363,-279.5246345416728
4266.772305365552,1.3072825864810601e-05,-0.00022349359106240468,-3.179753939290386,433.2605163983775,-279.4999271667842
4269.002079331591,1.3290006651962306e-05,-0.00019407105477783687,-3.1802195321478006,431.03238619011705,-279.41432583130654
4271.231853297629,1.3340583236688515e-05,-0.0001643499992847547,-3.180619186584611,428.80429320234185,-279.3277605612445
4271.8807051436825,1.332633563895956e-05,-0.00015569855234550935,-3.1807230027102076,428.1559367487022,-279.3024105632993
4272.529556989735,1.3299749601604022e-05,-0.00014705905128620757,-3.1808212356223113,427.5075828545062,-279.27699504399914
4274.759330955774,1.311989582847808e-05,-0.000117580904744701,-3.1811161788503624,425.27953775738894,-279.18920593978294
4276.989104921812,1.281503697837064e-05,-8.864315799734233e-05,-3.181345994959382,423.0515157583488,-279.10083224436096
4277.637956767865,1.2705114223027427e-05,-8.036392346747232e-05,-3.1814008097921276,422.4031772628707,-279.0750269975901
4278.286808613918,1.2586298315460553e-05,-7.215766308521944e-05,-3.1814502953879478,421.754840117233,-279.04918778768604
4280.516582579957,1.2115546597686407e-05,-4.4601992253120566e-05,-3.1815802564311237,419.5268432892745,-278.9601818376733
4282.746356545995,1.1559196166613129e-05,-1.8191424237002738e-05,-3.181650051217083,417.29885535769426,-278.8709533602494
4283.395208392048,1.1383314450180154e-05,-1.074856573207047e-05,-3.181659425974755,416.6505241429751,-278.8449657987375
4284.0440602381,1.1201716554088071e-05,-3.420572681756042e-06,-3.181664020997777,416.00219311907995,-278.81897346665977
4286.273834204139,1.0538960637166837e-05,2.0827154387874144e-05,-3.18164432962966,413.7742086134554,-278.72965949983234
4288.503608170177,9.82599837349777e-06,4.354111116566124e-05,-3.1815722812915177,411.54622001513934,-278.6404477304921
4289.152460016231,9.610929579573786e-06,4.984659068808029e-05,-3.181541971667853,410.8978862627829,-278.61452353007223
4289.801311862284,9.392927886213234e-06,5.6012519082270655e-05,-3.1815076223698417,410.24955168568516,-278.5886199946673
4292.031085828323,8.625626224539836e-06,7.610489006336706e-05,-3.181360004331533,408.02154748312915,-278.49979875465374
4294.260859794361,7.838307017165199e-06,9.446403447403164e-05,-3.181169517199234,405.7935283023317,-278.4113541659907
4294.909711640414,7.606960293337147e-06,9.947447848793408e-05,-3.181106588505225,405.14518373973925,-278.3857017314857
4295.5585634864665,7.374992436026297e-06,0.00010433537757807937,-3.1810404587242966,404.4968375377149,-278.360090817008
4297.788337452505,6.5765630210494975e-06,0.00011988897743425708,-3.1807901440013997,402.26878750886357,-278.27242672371807
4300.018111418543,5.782480499346323e-06,0.00013366710646192737,-3.180507127715778,400.04071418871814,-278.1853567778718
4300.666963264596,5.553410570884547e-06,0.0001373443583330676,-3.1804191968930295,399.39235245916393,-278.16014196168953
4301.315815110649,5.325530027991042e-06,0.0001408739435228589,-3.1803289255438814,398.7439884997549,-278.13498460154256
4303.545589076688,4.5541499659924186e-06,0.00015188444290722183,-3.1800022181410483,396.5158733051573,-278.04899283196784
4305.775363042726,3.805519675350635e-06,0.00016120030253537128,-3.1796528491451372,394.2877291750499,-277.96375425555044
4306.42421488878,3.592805646695019e-06,0.00016360012788768682,-3.179547470067268,393.6393459253007,-277.9390990241748
4307.0730667348325,3.382594079733478e-06,0.0001658631462324998,-3.1794405729827893,392.99096007499395,-277.914512319908
4309.3028407008715,2.6811728433506404e-06,0.00017261697561353126,-3.179062922627061,390.76276716832683,-277.8305584185005
4311.5326146669095,2.0151924884831015e-06,0.0001778463067599177,-3.1786719124016423,388.5345421640099,-277.7474608854311
4312.181466512962,1.8286081758650894e-06,0.0001790929929483005,-3.178556108737367,387.88613491526945,-277.72344509338944
4312.830318359015,1.6453776358107772e-06,0.00018021994037850956,-3.1784395279135773,387.2377248907926,-277.6995043861562
4315.060092325054,1.0424507160658936e-06,0.000183208583055715,-3.1780341052754646,385.0094478717469,-277.6178135019894
4317.289866291092,4.824815042160724e-07,0.00018490072797320192,-3.1776234640881897,382.7811377072891,-277.5370318327762
4317.938718137145,3.278894360917998e-07,0.00018516334356359843,-3.177503404231622,382.1327055858705,-277.5136972688452
4318.587569983198,1.770933868458641e-07,0.00018532698257177693,-3.177383198034738,381.4842706736475,-277.49044039186157
4320.817343949237,-3.116178402336615e-07,0.00018516844986585628,-3.1769699445506845,379.25590825154046,-277.41111332314733
4323.047117915275,-7.542985149549304e-07,0.00018397152045252817,-3.1765582022537013,377.02751329630587,-277.33270545592484
4323.695969761328,-8.74407529295362e-07,0.00018344289498910152,-3.1764390035148606,376.3790566953308,-277.31006137993546
4324.344821607381,-9.906188140539725e-07,0.00018283758692064456,-3.1763201643692867,375.73059740916796,-277.2874943186729
4326.57459557342,-1.3602195087669444e-06,0.0001802082139468545,-3.175915265622276,373.50215220680775,-277.2105277778228
4328.804369539458,-1.6843236000234378e-06,0.00017680543853712872,-3.175517092038975,371.2736762772404,-277.13445604441335
4329.453221385511,-1.770203815811062e-06,0.00017568452884471445,-3.175402736335871,370.62519650627235,-277.11248552144434
4330.102073231564,-1.8523539888046533e-06,0.0001745090052791562,-3.175289117714022,369.9767142382835,-277.09058879983456
4332.331847197603,-2.1065746253853763e-06,0.00017008740149238608,-3.174904835083113,367.74819160986226,-277.015897648312
4334.561621163641,-2.3185713869368954e-06,0.00016514601799718108,-3.174530991124845,365.5196408259355,-276.94205125315716
4335.2104730096935,-2.372572309911016e-06,0.0001636239746259994,-3.174424331618086,364.87113978760925,-276.920717702459
4335.859324855746,-2.423206192230831e-06,0.00016206782446082522,-3.174318663579355,364.2226364894477,-276.89945292570036
4338.089098821785,-2.572174840821545e-06,0.00015649165493694246,-3.173963451716267,361.99404346467537,-276.8268925251976
4340.318872787823,-2.6840945238249504e-06,0.00015062462440814368,-3.1736209977279595,359.765425260733,-276.7551095356042
4340.967724633877,-2.710029095753224e-06,0.00014887456690635867,-3.1735238349390786,359.116905176458,-276.7343630327849
4341.61657647993,-2.733088561581267e-06,0.00014710841769178043,-3.173427806760413,358.46838309121114,-276.71367913908716
4343.846350445969,-2.7912227549804684e-06,0.00014094372428376595,-3.173106643457192,356.23972750306206,-276.64306638630893
4346.076124412007,-2.8186239801738295e-06,0.00013468366855097537,-3.1727993323450527,354.01104983255954,-276.573153963407
4346.7249762580595,-2.82119480053131e-06,0.00013285394445321295,-3.1727125389604383,353.3625130257434,-276.55293695629325
4347.373828104112,-2.821449723960543e-06,0.00013102309121397387,-3.1726269282104935,352.7139744776614,-276.5327758513357
4349.603602070151,-2.8055693158199707e-06,0.00012474515396718413,-3.1723417870607764,350.4852642894384,-276.4639078762135
4351.833376036189,-2.7657566192707457e-06,0.00011852930823785687,-3.1720705750670657,348.25653502711106,-276.39565987861494
4352.482227882242,-2.7500566837608743e-06,0.00011673984934359263,-3.1719942504211214,347.60798376295907,-276.37591209200633
4353.131079728295,-2.7326182566539065e-06,0.00011496093021545716,-3.171919079724457,346.95943100327395,-276.3562134535374
4355.360853694334,-2.6603439791518503e-06,0.00010894519407022232,-3.1716694832056196,344.73067382363683,-276.2888833413569
4357.590627660372,-2.570887249962404e-06,0.00010310976971909833,-3.1714330993913507,342.5019003468569,-276.2220947971627
4358.239479506426,-2.54199385506384e-06,0.00010145105845370335,-3.171366737164396,341.85333672240955,-276.20275720401776
4358.888331352478,-2.5119161343095434e-06,9.981128188102979e-05,-3.171301442507786,341.20477182450753,-276.18346234469004
4361.118105318517,-2.4003865708818508e-06,9.433259548936609e-05,-3.1710850424920713,338.9759745848647,-276.11747157536183
4363.347879284555,-2.2779641598765005e-06,8.911473910864937e-05,-3.170880567912654,336.74716350578785,-276.0519498295026
4363.996731130608,-2.240624540737097e-06,8.764884920994038e-05,-3.1708232235469063,336.0985893815962,-276.0329676524871
4364.645582976661,-2.2026034923478504e-06,8.620723437536155e-05,-3.1707668209777693,335.4500141768279,-276.01402241350763
4366.8753569427,-2.067516469651644e-06,8.144553902473635e-05,-3.1705799641612886,333.221182940679,-275.94918998655737
4369.105130908738,-1.927079008338892e-06,7.699102233483577e-05,-3.1704033823796416,330.9923399586396,-275.8847625822839
4369.753982754791,-1.8854910008719465e-06,7.57541932740733e-05,-3.170353829833725,330.3437569232773,-275.86608735842196
4370.402834600844,-1.84365236514342e-06,7.454428480930667e-05,-3.170305070519936,329.6951729686627,-275.84744407338695
4372.6326085668825,-1.6986155165211363e-06,7.059492080570341e-05,-3.1701433169524034,327.4663128435028,-275.783612501349
4374.8623825329205,-1.5528486281537536e-06,6.696977010308325e-05,-3.1699900081127166,325.2374426895458,-275.72013204509085
4375.511234378973,-1.510523299261826e-06,6.597600383897194e-05,-3.169946878617489,324.58885204906613,-275.70172283724196
4376.160086225026,-1.4682968178351095e-06,6.500955442050641e-05,-3.1699043852605606,323.9402606191336,-275.68334145455486
4378.389860191065,-1.324456682540287e-06,6.189648704540183e-05,-3.169762958364472,321.7113757453591,-275.62037996111485
4380.619634157103,-1.1835073294700114e-06,5.9100927763776164e-05,-3.1696281189193285,319.4824821951019,-275.5577263511894
4381.268486003157,-1.1432080361929914e-06,5.8346150407629866e-05,-3.1695900171963607,318.8338849808473,-275.53955022417836
4381.91733784921,-1.1032713765665556e-06,5.761732091914599e-05,-3.169552397553164,318.185287077165,-275.521398708744
4384.1471118152485,-9.691801954849581e-07,5.5307796276644466e-05,-3.1694265532248305,315.9563806729679,-275.4592040655166
4386.376885781287,-8.406033210487098e-07,5.329111683009472e-05,-3.169305532125119,313.72746660845405,-275.3972845427161
4387.025737627339,-8.043428658525057e-07,5.2757517472245314e-05,-3.1692711279676673,313.07886359789364,-275.37931644089946
4387.674589473392,-7.686273393717861e-07,5.224721548362761e-05,-3.169237063629061,312.4302599710961,-275.361370593187
4389.904363439431,-6.503014755331862e-07,5.066660886728651e-05,-3.1691223738787624,310.20133441643196,-275.2998660772475
4392.134137405469,-5.391798355189253e-07,4.934181028627719e-05,-3.1690109233268964,307.97240192141874,-275.2386135866418
4392.782989251522,-5.082671249210976e-07,4.9002046987880623e-05,-3.1689790184539084,307.32379366772153,-275.2208357558183
4393.431841097575,-4.780062630433996e-07,4.86821024028077e-05,-3.16894732898902,306.6751848478395,-275.2030785912117
4395.661615063614,-3.7912878955434604e-07,4.772799278584686e-05,-3.1688398819248844,304.44624179378593,-275.1422115527181
4397.891389029652,-2.8831901741666706e-07,4.698536300988001e-05,-3.1687343265334085,302.2172922698091,-275.0815818997368
4398.540240875705,-2.6343662310655157e-07,4.68064049854697e-05,-3.1687038981836237,301.56867913664445,-275.0639829921381
4399.189092721758,-2.3924915338932056e-07,4.664336067134175e-05,-3.168673582264055,300.9200654683058,-275.046403818333
4401.418866687797,-1.6147116567509812e-07,4.619813368667934e-05,-3.168570105009064,298.69110596054696,-274.9861423227154
4403.648640653835,-9.193194790154371e-08,4.591714873678999e-05,-3.168467437398303,296.4621402532671,-274.9261105716947
4404.297492499888,-7.323699147809118e-08,4.586359911251072e-05,-3.168437661241551,295.8135224519141,-274.9086845609538
4404.946344345941,-5.522698817265997e-08,4.5821968880198395e-05,-3.16840791742127,295.1649041315553,-274.8912778786115
4407.17611831198,1.4736215331073204e-09,4.576350118311961e-05,-3.1683058318361974,292.93592873859416,-274.8316068397501
4409.405892278018,5.031030402463896e-08,4.5822695639334665e-05,-3.1682037454408682,290.7069472656704,-274.7721633483589
4410.054744124071,6.307768918724647e-08,4.5859506842551526e-05,-3.1681740010804127,290.058324892003,-274.75490836432976
4410.703595970123,7.520950003591231e-08,4.590441992364203e-05,-3.168144231560408,289.4097020047122,-274.73767269873315
4412.933369936162,1.1214711896084906e-07,4.611461883464013e-05,-3.1680416545672485,287.1807109430216,-274.6785898565778
4415.1631439022,1.4199457368361529e-07,4.6399275554907994e-05,-3.1679385258659845,284.9517138163243,-274.6197362728124
4415.811995748254,1.4939960839750077e-07,4.649382717551163e-05,-3.167908388540573,284.3030868856954,-274.6026534461422
4416.460847594307,1.5624682406425696e-07,4.659303477556988e-05,-3.1678781895450707,283.65445943975834,-274.5855901974247
4418.690621560346,1.7565376448731103e-07,4.696419167396995e-05,-3.1677738905973745,281.42545268964085,-274.52710222294263
4420.920395526384,1.8900492032628817e-07,4.737187014748101e-05,-3.1676687233362575,279.1964398261885,-274.46884769957893
4421.569247372437,1.9181494627032632e-07,4.749542546427988e-05,-3.1676379454651378,278.5478083046947,-274.4519400849401
4422.218099218489,1.9416111802112388e-07,4.7620690157015225e-05,-3.1676070878611586,277.8991762623811,-274.43505246344034
4424.447873184528,1.9884150065989353e-07,4.8059751134651557e-05,-3.1675004159101,275.6701536699128,-274.37717140172856
4426.677647150566,1.9863812132005934e-07,4.850380346498876e-05,-3.167392759387508,273.441124887542,-274.3195292118552
4427.326498996619,1.9772845175178748e-07,4.8632395726191315e-05,-3.167361245402503,272.79248871862654,-274.30280083824744
4427.975350842672,1.9645652068150553e-07,4.876031792746203e-05,-3.1673296489731357,272.14385202222695,-274.2860929311857
4430.205124808711,1.894834677031492e-07,4.9191280758898176e-05,-3.167220440359819,269.914813384296,-274.22883312486033
4432.434898774749,1.7883275679246564e-07,4.960259508538259e-05,-3.16711029270266,267.68576847969945,-274.17181779568153
4433.083750620803,1.7510905376729866e-07,4.971741828335211e-05,-3.1670780702440617,267.0371276055226,-274.15527287338386
4433.7326024668555,1.7112344954213825e-07,4.982977664562471e-05,-3.1670457746434484,266.38848619811534,-274.13874887046495
4435.962376432894,1.555884416964629e-07,5.0194491654085134e-05,-3.166934251930244,264.1594313291512,-274.08212444354206
4438.192150398932,1.3753385799421673e-07,5.052175806416381e-05,-3.1668219577359613,261.93037013745675,-274.02574946705806
4438.841002244985,1.3186853653134232e-07,5.0609150694181854e-05,-3.166789147814626,261.2817245148958,-274.0093917644314
4439.489854091038,1.2603536244215326e-07,5.0692845823076037e-05,-3.1667562827496845,260.63307835575364,-273.9930553539071
4441.719628057077,1.0485346111697813e-07,5.095053391648033e-05,-3.166642952787997,258.4040071361702,-273.93707828360226
4443.949402023115,8.220154804509742e-08,5.115935226079721e-05,-3.1665291027243514,256.17492957257497,-273.8813544138867
4444.598253869168,7.538836612477117e-08,5.121046755696641e-05,-3.166495890924768,255.52627918409127,-273.8651868037549
4445.247105715221,6.848991141766363e-08,5.125716273412981e-05,-3.1664626475779984,254.8776282589992,-273.8490407373466
4447.47687968126,4.426013864714006e-08,5.13829720213575e-05,-3.1663482052709706,252.64854066655548,-273.79371949873746
4449.706653647298,1.9461389412142164e-08,5.145412004760452e-05,-3.166233543378796,250.4194467515915,-273.7386536071547
4450.355505493351,1.2183617062051657e-08,5.146437438411409e-05,-3.1662001536419253,249.77079161148566,-273.7226777720969
4451.004357339404,4.889959898081244e-09,5.146992434865608e-05,-3.166166758815009,249.12213593851962,-273.7067235871343
4453.234131305443,-2.0193026695054043e-08,5.145283310072331e-05,-3.166052001213493,246.8930320646645,-273.65206232373475
4455.463905271481,-4.5114250018732554e-08,5.137999281005808e-05,-3.1659373438754765,244.66392193541054,-273.5976567555587
4456.112757117534,-5.230006500306513e-08,5.134837674611172e-05,-3.1659040158908898,244.01526209217832,-273.5818730340782
4456.761608963587,-5.944756732015357e-08,5.131212804190799e-05,-3.165870709844276,243.3666017236721,-273.56611091416283
4458.991382929626,-8.363677271383391e-08,5.1152472143568146e-05,-3.1657564635214483,241.13748177747797,-273.51210906571566
4461.221156895664,-1.0711004816612031e-07,5.0939677965754684e-05,-3.1656426324383595,238.90835568744242,-273.4583614235653
4461.870008741716,-1.1378026385561275e-07,5.0868003741901837e-05,-3.165609603218236,238.25969122304164,-273.44276877451404
4462.518860587769,-1.2037235727070584e-07,5.0792038999323774e-05,-3.1655766217319288,237.61102624455725,-273.4271975257319
4464.748634553808,-1.4237424449814814e-07,5.0498901922867985e-05,-3.165463684892264,235.38189054707055,-273.37384983196944
4466.978408519846,-1.632765925923608e-07,5.015793147293566e-05,-3.1653514550108235,233.15274885758902,-273.32075310213065
4467.6272603659,-1.69135659918634e-07,5.0050077814706525e-05,-3.165318944829996,232.50407988444118,-273.30534916263065
4468.276112211953,-1.7489101110722232e-07,4.993846338672695e-05,-3.1652865056307466,231.8554104115647,-273.28996628044064
4470.505886177992,-1.9384203762001935e-07,4.9527120989539604e-05,-3.1651756051686633,229.62625938336626,-273.2372630748743
4472.73566014403,-2.1146528316785246e-07,4.90750024125184e-05,-3.1650656673679776,227.39710254923585,-273.1848060105468
4473.3845119900825,-2.1633544704646467e-07,4.893620386464955e-05,-3.1650338699429907,226.74842920573778,-273.1695872225157
4474.033363836135,-2.2108824805408107e-07,4.8794286415059984e-05,-3.165002163340737,226.099755379467,-273.1543890245145
4476.263137802174,-2.3651020930042084e-07,4.828385163617497e-05,-3.1648939260931654,223.87058952400184,-273.10231673399744
4478.492911768212,-2.5051023988572097e-07,4.7740614661582314e-05,-3.164786863570514,221.64141807578267,-273.05048441322725
4479.141763614265,-2.5431508711931066e-07,4.757682908152094e-05,-3.1647559401182037,220.99274052100904,-273.03544619505703
4479.790615460318,-2.579995663509313e-07,4.7410613370076615e-05,-3.1647251234708467,220.34406250240153,-273.0204279964021
4482.020389426357,-2.697414007182621e-07,4.6821980449737705e-05,-3.16462006020511,218.11488238727463,-272.9689697686988
4484.250163392395,-2.800765324254392e-07,4.620873420729774e-05,-3.1645163368988043,215.88569691229696,-272.91774425271
4484.899015238448,-2.8282320988362385e-07,4.6026109614452676e-05,-3.1644864135577313,215.2370153204553,-272.9028811951976
4485.5478670845005,-2.8545438934621926e-07,4.584173727099603e-05,-3.1644566090342336,214.588333285084,-272.88803750612607
4487.777641050539,-2.9362707427881925e-07,4.5195883862437494e-05,-3.164355109260269,212.3591395230946,-272.83717389753116
4490.007415016577,-3.0049188141429494e-07,4.4533265349714974e-05,-3.1642550682846147,210.12994064676934,-272.7865349258822
4490.656266862631,-3.022511423454739e-07,4.4337716270148966e-05,-3.1642262362933216,209.4812552018405,-272.7718409947744
4491.305118708684,-3.0390605330135135e-07,4.414105466367103e-05,-3.16419753132275,208.83256933447575,-272.7571657229712
4493.534892674723,-3.0881625452688165e-07,4.345772475374699e-05,-3.16409986678778,206.60336256571856,-272.70687538977626
4495.764666640761,-3.1257592808053717e-07,4.2764728913287184e-05,-3.164003736700472,204.37415093431775,-272.6568010609561
4496.413518486814,-3.1346382058849783e-07,4.256162335311871e-05,-3.1639760546950053,203.7254618251904,-272.64226979206916
4497.0623703328665,-3.142622296962876e-07,4.235796470035663e-05,-3.163948504463488,203.07677231500367,-272.62775643626
4499.292144298905,-3.1634902574927784e-07,4.165472649048745e-05,-3.163854839141433,200.84755319095188,-272.57801678640345
4501.521918264943,-3.1747825481908883e-07,4.094790277607176e-05,-3.16376274587906,198.61832945662323,-272.52848418505283
4502.170770110996,-3.1763828593809206e-07,4.074185378694529e-05,-3.1637362436873278,197.96963687291836,-272.5141088615807
4502.819621957049,-3.177260721576712e-07,4.053571788331093e-05,-3.1637098750644963,197.32094390939193,-272.4997506863589
4505.049395923088,-3.175040179192911e-07,3.9827368968563056e-05,-3.1636202795521973,195.09171307951024,-272.45053845995784
4507.279169889126,-3.16533065715257e-07,3.912035012116845e-05,-3.1635322620149893,192.86247788794796,-272.4015242039908
4507.92802173518,-3.1612158662439974e-07,3.891510092910291e-05,-3.163506945375549,192.2137820166343,-272.387298009058
4508.576873581233,-3.1565551665150984e-07,3.871012992577935e-05,-3.163481761705332,191.56508578626762,-272.3730881943748
4510.8066475472715,-3.136660388592841e-07,3.8008407024781954e-05,-3.1633962301434555,189.33584388739723,-272.32437995330395
4513.0364215133095,-3.111357495237844e-07,3.731172315332151e-05,-3.1633122576470845,187.10659786831246,-272.2758606451797
4513.685273359362,-3.103091385220449e-07,3.711011150302255e-05,-3.163288113353868,186.457898891136,-272.2617767857939
4514.334125205415,-3.094451550461723e-07,3.69090422192129e-05,-3.1632640996204273,185.80919957496596,-272.24770854758395
4516.563899171454,-3.062174225907425e-07,3.622258375540535e-05,-3.163182567531565,183.57994722348684,-272.1994810643339
4518.793673137492,-3.026438071764967e-07,3.554370802580465e-05,-3.1631025576360194,181.35069098380635,-272.1514336401631
4519.442524983545,-3.015492350614131e-07,3.534769389813287e-05,-3.16307955869812,180.70198907550184,-272.1374854413388
4520.091376829598,-3.004328468473075e-07,3.515239163865831e-05,-3.1630566866663465,180.0532868473978,-272.1235521223162
4522.321150795637,-2.964542707119913e-07,3.448689781665806e-05,-3.1629790484132854,177.82402463399674,-272.075782666733
4524.550924761675,-2.923027032224814e-07,3.383046818595519e-05,-3.1629028839554723,175.5947587535672,-272.0281846445746
4525.199776607728,-2.9107098743891305e-07,3.364120872067885e-05,-3.1628809944538614,174.94605408077732,-272.0143656145016
4525.848628453781,-2.8983100814919485e-07,3.3452746574392007e-05,-3.162859227476693,174.29734910643413,-272.0005607462037
4528.07840241982,-2.8552701957737914e-07,3.2811282251072105e-05,-3.162785352362501,172.06807759319025,-271.9532272752581
4530.308176385858,-2.8119532793616616e-07,3.217944573521119e-05,-3.162712896834837,169.8388026226673,-271.90605690980294
4530.957028231911,-2.799368799335162e-07,3.199740212723031e-05,-3.162692076248684,169.1900953434712,-271.89236077849824
4531.605880077964,-2.78681160810881e-07,3.181617055924707e-05,-3.1626713735237573,168.54138777999964,-271.87867811715904
4533.835654044003,-2.7440327720398565e-07,3.119956015222698e-05,-3.1626011198601955,166.31210749942883,-271.8317593776401
4536.065428010041,-2.702127572498801e-07,3.059239105810399e-05,-3.162532230572467,164.0828239599765,-271.7849957325515
4536.7142798560935,-2.6901528056243786e-07,3.0417453698718775e-05,-3.1625124374314257,163.43411422391713,-271.7714164674991
4537.363131702146,-2.678290050140035e-07,3.024328702550359e-05,-3.1624927575722106,162.78540421992025,-271.7578500073491
4539.592905668185,-2.6385003961295376e-07,2.9650556926871993e-05,-3.162425984318191,160.55611567559055,-271.7113255644409
4541.822679634223,-2.6004300572210537e-07,2.90665073375007e-05,-3.162360523040525,158.3268240599999,-271.6649485160961
4542.471531480277,-2.589713511804716e-07,2.8898127670459023e-05,-3.162341717832209,157.67811200849562,-271.65148031898815
4543.12038332633,-2.579168066046082e-07,2.8730436036433178e-05,-3.1623230216902707,157.02939970451672,-271.63802428713757
4545.350157292369,-2.544317514243733e-07,2.815926758875271e-05,-3.1622595974970262,154.80010337284637,-271.5918744934389
4547.579931258407,-2.5117429115938084e-07,2.7595616283774903e-05,-3.1621974384995495,152.57080414769246,-271.54586468090287
4548.22878310446,-2.502714765270121e-07,2.743293607821747e-05,-3.162179585821453,151.9220899147244,-271.53250196982725
4548.877634950512,-2.4938935495680754e-07,2.7270834010838647e-05,-3.1621618385550123,151.2733754439591,-271.5191508070827
4551.107408916551,-2.4652059717420467e-07,2.6717998251305712e-05,-3.1621016482440116,149.04407177683342,-271.47335672699796
4553.337182882589,-2.4390903594172113e-07,2.617127242810546e-05,-3.1620426838199034,146.81476538531894,-271.4276954630369
4553.986034728642,-2.4319837873826253e-07,2.6013243651615075e-05,-3.162025753811388,146.16604909829437,-271.4144328443748
4554.634886574695,-2.425099634834513e-07,2.585566853006392e-05,-3.1620089262401705,145.51733258746816,-271.4011811762302
4556.864660540734,-2.4031539130456534e-07,2.5317421960588878e-05,-3.1619518748821895,143.2880220153482,-271.35572448008196
4559.094434506772,-2.3838524224939229e-07,2.478377398912625e-05,-3.1618960185654768,141.05870888052553,-271.3103936371412
4559.743286352826,-2.3787310907705612e-07,2.4629264599583347e-05,-3.161879987688435,140.4099906612307,-271.29722587113474
4560.3921381988785,-2.3738299064332742e-07,2.4475080705551954e-05,-3.161864057006364,139.7612722315574,-271.2840684728502
4562.621912164917,-2.358658588525617e-07,2.3947508789371636e-05,-3.1618100718677646,137.53195516680202,-271.2389313137924
4564.851686130955,-2.346020218918964e-07,2.342303733905245e-05,-3.161757259638618,135.30263569491336,-271.193913197395
4565.500537977008,-2.342807666782344e-07,2.327092042226179e-05,-3.161742110896179,134.6539156604845,-271.1808351608838
4566.149389823061,-2.33980000087082e-07,2.3119006091568574e-05,-3.1617270608329275,134.0051954286354,-271.16776692009523
4568.3791637891,-2.3309944005851867e-07,2.2598307653841597e-05,-3.161676091512557,131.77587226880738,-271.12293180519083
4570.608937755138,-2.324467961932695e-07,2.207931856517813e-05,-3.1616262813262734,129.54654685253578,-271.0782090253862
4571.257789601191,-2.3229797371099306e-07,2.1928543800527226e-05,-3.1616120040190765,128.89782511639078,-271.065215674664
4571.906641447244,-2.3216696038012234e-07,2.1777860938693978e-05,-3.161597824550585,128.24910319541914,-271.0522315544078
4574.1364154132825,-2.318484176232387e-07,2.1260571934713544e-05,-3.161549841654184,126.01977432640001,-271.00768121929207
4576.3661893793205,-2.31722006679663e-07,2.074377900382178e-05,-3.1615030116422687,123.79044334787179,-270.9632365688022
4577.015041225374,-2.317190812243307e-07,2.0593426857380965e-05,-3.161489600763431,123.14172002056065,-270.950322904963
4577.663893071427,-2.3173069945887742e-07,2.0443073223754202e-05,-3.1614762874722806,122.49299652074093,-270.9374179094224
4579.893667037466,-2.3187562418371278e-07,1.9926232339028698e-05,-3.1614312801679896,120.26366231952336,-270.8931352039757
4582.123441003504,-2.3217000306557282e-07,1.9408901680430476e-05,-3.161387425848088,118.03432615295154,-270.84895154970064
4582.772292849557,-2.3228125740480246e-07,1.9258221530888544e-05,-3.161374881213194,117.38560134289551,-270.8361125882743
4583.42114469561,-2.3240316122672345e-07,1.910746719805844e-05,-3.161362434394317,116.73687637244885,-270.82328173298305
4585.650918661649,-2.328976810589342e-07,1.8588728462410133e-05,-3.1613204071702627,114.50753720952167,-270.779249523515
4587.880692627687,-2.3349508093638734e-07,1.8068772359691002e-05,-3.1612795379735603,112.2781962234174,-270.7353097162024
4588.529544473739,-2.336855714551364e-07,1.791720644881367e-05,-3.161267863172915,111.62947003751924,-270.7225404623479
4589.178396319792,-2.338828072204009e-07,1.7765516249945028e-05,-3.1612562867707164,110.98074370320839,-270.7097787500655
4591.408170285831,-2.3460511579766593e-07,1.7243215376714057e-05,-3.1612172556808775,108.75139994448311,-270.66597984176207
4593.637944251869,-2.3538239233361423e-07,1.6719242635560414e-05,-3.1611793910678703,106.52205450339822,-270.62226664696766
4594.286796097922,-2.3561627340466736e-07,1.6566437858076647e-05,-3.161168592316889,105.87332704751424,-270.6095620770244
4594.935647943975,-2.3585273066965103e-07,1.641348197199849e-05,-3.1611578927682853,105.2245994551,-270.5968644800321
4597.165421910014,-2.3667928340164687e-07,1.5886663624631982e-05,-3.1611218814123405,102.99525146335904,-270.5532815618848
4599.395195876052,-2.375136083015165e-07,1.5357993586413312e-05,-3.161087046806655,100.76590192914878,-270.50977761391505
4600.0440477221055,-2.3775524701174916e-07,1.5203803239767026e-05,-3.161077131758221,100.11717330842163,-270.4971326637076
4600.692899568158,-2.379957043089295e-07,1.504945789181422e-05,-3.1610673168041297,99.46844456298012,-270.48449411288254
4602.922673534197,-2.388062410020493e-07,1.4517870737117957e-05,-3.1610343522461566,97.23909269884969,-270.4411097260224
4605.152447500235,-2.3957979247125733e-07,1.3984517503149547e-05,-3.161002574976358,95.00973943146644,-270.39779750534143
4605.801299346288,-2.397955929524963e-07,1.3828994769015298e-05,-3.1609935515477137,94.36100975052294,-270.38520706530227
4606.450151192341,-2.400064109496531e-07,1.3673334914711974e-05,-3.160984629064373,93.7122799566287,-270.3726224459974
4608.67992515838,-2.4068811073048645e-07,1.313740037014231e-05,-3.1609547378582987,91.48292457909739,-270.32941897528684
4610.909699124418,-2.4129188580674575e-07,1.2600032666387463e-05,-3.1609260432629265,89.25356793694147,-270.2862808088799
4611.558550970471,-2.414507540008529e-07,1.2443417372627339e-05,-3.1609179185200516,88.60483729996406,-270.2737397257772
4612.207402816523,-2.416015606519175e-07,1.2286702736983848e-05,-3.160909895412176,87.95610656174792,-270.2612038802689
4614.437176782562,-2.4205247172002554e-07,1.1747462004936845e-05,-3.160883099871512,85.72674802826408,-270.21816356812855
4616.6669507486,-2.423895753562008e-07,1.1207342725553598e-05,-3.160857507695272,83.4973883681297,-270.17518165150415
4617.315802594654,-2.4246451038597673e-07,1.1050042391685935e-05,-3.1608502868303434,82.84865687881316,-270.16268473633966
4617.964654440707,-2.4252839803782516e-07,1.0892697954320756e-05,-3.160843168021041,82.1999252999069,-270.1501924723833
4620.194428406746,-2.426604932357234e-07,1.035174050046156e-05,-3.160819482848156,79.97056396609908,-270.1072974531074
4622.424202372784,-2.426490330428239e-07,9.810648552205588e-06,-3.1607970040380624,77.74120164276194,-270.0644538919416
4623.073054218837,-2.42617217100807e-07,9.653214451909212e-06,-3.160790689470618,77.09246940416938,-270.0519959333918
4623.7219060648895,-2.4257235112742503e-07,9.495805933665507e-06,-3.160784477018253,76.44373708755157,-270.03954203824037
4625.951680030928,-2.4231430821594026e-07,8.955181248505237e-06,-3.160763906394141,74.21437330662232,-269.9967743904358
4628.181453996966,-2.4189018343722854e-07,8.415317103222995e-06,-3.160744540392958,71.98500867212186,-269.9540512592722
4628.830305843019,-2.4173459621902835e-07,8.258415611564632e-06,-3.160739131022544,71.33627578645647,-269.94162704188113
4629.479157689072,-2.415641559716727e-07,8.101620339802819e-06,-3.16073382339213,70.68754283421545,-269.9292063009546
4631.708931655111,-2.4086410174208535e-07,7.563733838047226e-06,-3.160716358620091,68.45817695606577,-269.886548115182
4633.938705621149,-2.399836687457031e-07,7.027609400926687e-06,-3.1607000912488648,66.22881035874208,-269.8439275300596
4634.587557467203,-2.396929759871507e-07,6.871988838921569e-06,-3.160695581885657,65.58007692705165,-269.831531856233
4635.2364093132555,-2.393868600075787e-07,6.716562052076104e-06,-3.160691173401161,64.93134344008395,-269.8191390754748
4637.4661832792945,-2.3821499043238587e-07,6.18405551041046e-06,-3.1606767911945166,62.70197581023162,-269.7765725336418
4639.6959572453325,-2.3685769106172555e-07,5.654368706280398e-06,-3.160663593213404,60.47260759358246,-269.7340367350013
4640.344809091385,-2.3642795521850822e-07,5.50082174445865e-06,-3.1606599742125927,59.82387371541681,-269.7216644497046
4640.993660937438,-2.3598251440217015e-07,5.3475585539692625e-06,-3.160656454715836,59.17513979308047,-269.7092944805073
4643.223434903477,-2.3433359460672054e-07,4.823175723951814e-06,-3.1606451162171445,56.945770751442225,-269.6668019430544
4645.453208869515,-2.3250426811713756e-07,4.302670745441279e-06,-3.1606349426502662,54.71640125287245,-269.6243333847701
4646.102060715568,-2.3193855617137703e-07,4.1519927892898295e-06,-3.160632199774716,54.06766702591504,-269.61197940168506
4646.750912561621,-2.3135830894017743e-07,4.001686115744855e-06,-3.1606295545151486,53.418932765659854,-269.5996271671268
4648.98068652766,-2.2925367863822955e-07,3.488125203586638e-06,-3.1606212051281233,51.18956264527353,-269.55719126355586
4651.210460493698,-2.269843519058292e-07,2.979440759190297e-06,-3.1606139954291366,48.9601921948161,-269.5147727034665
4651.859312339751,-2.2629430705432772e-07,2.8323850641532357e-06,-3.160612109961592,48.31145771451345,-269.5024320312292
4652.508164185804,-2.25591199207325e-07,2.6857805140444887e-06,-3.1606103197376307,47.662723211511654,-269.4900925522286
4654.737938151843,-2.2307998008924902e-07,2.1855371721874224e-06,-3.1606048898380474,45.433352337281555,-269.4476962700951
4656.967712117881,-2.2043053492426213e-07,1.691047387763273e-06,-3.1606005689534764,43.20398125637542,-269.4053108570188
4657.616563963934,-2.1963527637931863e-07,1.5482785426098008e-06,-3.1605995180728534,42.55524661558954,-269.3929786240561
4658.265415809987,-2.1882996862077038e-07,1.4060278138851909e-06,-3.1605985596382684,41.90651196239244,-269.3806470439547
4660.495189776026,-2.1598877209961823e-07,9.212351792017322e-07,-3.1605959662012797,39.67714064994618,-269.3382738111384
4662.724963742064,-2.130459651995908e-07,4.4289105464228425e-07,-3.1605944465529245,37.447769250360615,-269.29590516311913
4663.3738155881165,-2.1217291718845887e-07,3.049393326670134e-07,-3.160594203977425,36.7990345390706,-269.28357663954887
4664.022667434169,-2.1129293639491274e-07,1.675549328091449e-07,-3.16059405071379,36.15029982531743,-269.27124824558535
4666.252441400208,-2.0822345488102004e-07,-3.001689477483645e-07,-3.160594199846917,33.920928380064964,-269.2288820005667
4668.482215366246,-2.0509737519580893e-07,-7.609854777724941e-07,-3.160595384197658,31.69155696306084,-269.18651426913254
4669.1310672123,-2.041796622880503e-07,-8.937649772747766e-07,-3.1605959210790964,31.04282226813985,-269.17418488422504
4669.779919058353,-2.0325945605990338e-07,-1.0259497771442097e-06,-3.1605965439161343,30.394087580344753,-269.1618551244102
4672.009693024392,-2.0008293943423885e-07,-1.4756321376224575e-06,-3.160599334214666,28.164716296827034,-269.1194803695369
4674.23946699043,-1.9690010445329434e-07,-1.9182245397740533e-06,-3.160603119298714,25.935345152638874,-269.07709828517915
4674.8883188364825,-1.959756859882939e-07,-2.0456827007590513e-06,-3.160604405326092,25.286610557730114,-269.0647636390411
4675.537170682535,-1.9505268529747965e-07,-2.1725430774309245e-06,-3.1606057738644258,24.637875979170428,-269.0524281331227
4677.766944648574,-1.9190044053548547e-07,-2.603943869617719e-06,-3.160611100404447,22.40850514077352,-269.01002996660793
4679.996718614612,-1.887923841609963e-07,-3.0283651335576663e-06,-3.1606173810893354,20.179134548480775,-268.96761886168935
4680.645570460665,-1.8789884239518525e-07,-3.150572491398305e-06,-3.1606193857242437,19.530400133990508,-268.9552747301683
4681.294422306718,-1.870111811795001e-07,-3.2722033248707473e-06,-3.160621469478511,18.881665744713686,-268.94292927373715
4683.524196272757,-1.8400989411979513e-07,-3.6858335942391013e-06,-3.1606292281286374,16.652295623800352,-268.90049339756473
4685.753970238795,-1.8109631770107994e-07,-4.092869459309026e-06,-3.1606379017287516,14.422925851626307,-268.85803920460984
4686.402822084849,-1.802671302460545e-07,-4.210104023249179e-06,-3.1606405954496744,13.774191694842322,-268.84568153699007
4687.051673930901,-1.7944646730429942e-07,-4.3268041910735964e-06,-3.1606433650834727,13.125457571798313,-268.83332209837874
4689.28144789694,-1.7669793889193117e-07,-4.723843463467325e-06,-3.1606534566475553,10.896088430268655,-268.7908348015963
4691.511221862978,-1.74065064262845e-07,-5.114883079659752e-06,-3.1606644268305297,8.666719736297827,-268.7483240276116
4692.160073709031,-1.7332150384327783e-07,-5.227583476683299e-06,-3.1606677822102527,8.01798591162636,-268.7359489375318
4692.808925555084,-1.725883971573178e-07,-5.339804980750361e-06,-3.160671210581906,7.369252128916376,-268.7235716480519
4695.038699521123,-1.7014834152452493e-07,-5.7218951330172425e-06,-3.1606835441131786,5.139884219149209,-268.6810197682574
4697.268473487161,-1.6782978497999764e-07,-6.098679970510388e-06,-3.160696723704296,2.9105168523871066,-268.63843944939805
4697.917325333214,-1.6717767768621446e-07,-6.207364598061621e-06,-3.160700716115843,2.261783431680491,-268.62604320054135
4698.566177179267,-1.6653496968567534e-07,-6.315628538831761e-06,-3.160704778931324,1.6130500608920753,-268.61364433973966
4700.7959511453055,-1.6439878229048176e-07,-6.684563317098784e-06,-3.160719273539945,-0.6163163730549396,-268.57101520953773
4703.0257251113435,-1.6236460013825808e-07,-7.048848604643006e-06,-3.160734585606071,-2.845682171429013,-268.5283528543405
4703.674576957397,-1.617898956330321e-07,-7.154012884931274e-06,-3.1607391933932183,-3.4944151185021366,-268.5159318435415
4704.32342880345,-1.6122236406743175e-07,-7.258805190019237e-06,-3.1607438693100853,-4.143148007923905,-268.5035078222211
4706.553202769489,-1.5931931140689842e-07,-7.616162326444453e-06,-3.160760453994402,-6.372512729041718,-268.4607892108043
4708.782976735527,-1.5747333220658205e-07,-7.969339716049079e-06,-3.1607778308444097,-8.601876724433325,-268.41803274307046
4709.43182858158,-1.5694384961445952e-07,-8.071345523256641e-06,-3.1607830348717343,-9.250609130037619,-268.40558348420507
4710.080680427633,-1.5641620538244114e-07,-8.173006251794783e-06,-3.160788304977922,-9.89934147044623,-268.39313082863026
4712.3104543936715,-1.5461135615553653e-07,-8.519768822614414e-06,-3.160806916285577,-12.128704247654222,-268.35031089054723
4714.5402283597095,-1.5279579139925618e-07,-8.862495041011043e-06,-3.1608262962953058,-14.358066211056212,-268.30744860425744
4715.189080205762,-1.5226100348098713e-07,-8.961464867933846e-06,-3.1608320788695394,-15.006798008927477,-268.29496771654465
4715.837932051815,-1.5172207635368263e-07,-9.060083685731376e-06,-3.1608379255369337,-15.655529734227013,-268.28248305746257
4718.067706017854,-1.4982502326628684e-07,-9.396292507557748e-06,-3.1608585031164425,-17.884890341641256,-268.2395503010065
4720.297479983892,-1.4783171454160263e-07,-9.728164015640588e-06,-3.1608798255300123,-20.11425004911355,-268.19657083946277
4720.946331829945,-1.4722861698943902e-07,-9.823891290942424e-06,-3.1608861687534455,-20.762981174451774,-268.18405504365546
4721.595183675998,-1.4661304940515726e-07,-9.919220202055711e-06,-3.160892573934305,-21.41171222001128,-268.17153511356736
4723.824957642037,-1.4439281496873837e-07,-1.0243694592048974e-05,-3.160915054265293,-23.641070436823572,-268.1284784002014
4726.054731608075,-1.4198023913232047e-07,-1.0563003922174245e-05,-3.1609382523423672,-25.870427669661154,-268.0853707700796
4726.703583454128,-1.4123644394803924e-07,-1.0654889460042196e-05,-3.160945136020615,-26.51915805923751,-268.0728168954872
4727.352435300181,-1.4047252030288688e-07,-1.074628282162814e-05,-3.160952079115625,-27.167888362025018,-268.06025853703443
4729.58220926622,-1.376777714714953e-07,-1.1056442812851115e-05,-3.160976387908602,-29.397243973178583,-268.01706712101645
4731.811983232258,-1.3459320886607597e-07,-1.1360048036284065e-05,-3.1610013809804247,-31.626598518933562,-267.9738207493172
4732.460835078311,-1.3363607603823833e-07,-1.1447071552676648e-05,-3.161008780261329,-32.27532811145533,-267.96122575374335
4733.109686924364,-1.3265023995341603e-07,-1.153346197753682e-05,-3.1610162357417506,-32.92405761043368,-267.94862594117177
4735.339460890403,-1.290341822729038e-07,-1.1825280778271848e-05,-3.1610422796765256,-35.15341040822352,-267.9052895551895
4737.569234856441,-1.250400876951262e-07,-1.2108615119315306e-05,-3.1610689648420487,-37.38276206268165,-267.8618943933387
4738.218086702494,-1.2380222701212683e-07,-1.2189349237714419e-05,-3.161076847809633,-38.03149079943884,-267.8492553968545
4738.866938548546,-1.2252965720695805e-07,-1.2269266835278764e-05,-3.161084782822294,-38.68021943624411,-267.8366112713355
4741.096712514585,-1.1787856368837487e-07,-1.253737754578096e-05,-3.161112441446486,-40.90956922289276,-267.7931202596613
4743.326486480623,-1.1278232505777711e-07,-1.2794621082550857e-05,-3.161140685781288,-43.13891779302021,-267.7495669343792
4743.975338326677,-1.1121299184459852e-07,-1.2867293897626993e-05,-3.1611490112676854,-43.78764561881132,-267.7368812664548
4744.62419017273,-1.096039145813691e-07,-1.2938934534582363e-05,-3.1611573834895124,-44.436373338708414,-267.72419018460886
4746.853964138769,-1.0376834180310412e-07,-1.3176909433841875e-05,-3.1611865022209917,-46.66571992987244,-267.68053568018655
4749.083738104807,-9.745407613295992e-08,-1.3401338636369459e-05,-3.161216136480782,-48.89506523764686,-267.6368156853927
4749.73258995086,-9.552587027514424e-08,-1.3463948808836863e-05,-3.1612248523881465,-49.54379210195086,-267.6240809432988
4750.381441796912,-9.355765417788065e-08,-1.3525295314218817e-05,-3.1612336084248027,-50.192518855029356,-267.6113405366482
4752.611215762951,-8.648481217769551e-08,-1.3726108929240843e-05,-3.161263993687678,-52.421862084080765,-267.56751467282436
4754.840989728989,-7.89458445908798e-08,-1.3910632027955953e-05,-3.161294808557437,-54.65120397100429,-267.5236205909705
4755.489841575042,-7.666687810252904e-08,-1.3961118189133282e-05,-3.1613038509986784,-55.29992982933083,-267.5108347056328
4756.138693421095,-7.435059906781382e-08,-1.4010115778535886e-05,-3.161312925637101,-55.948655571869075,-267.49804294696446
4758.368467387134,-6.611630102035214e-08,-1.4166794025783246e-05,-3.161344343200711,-58.17799529467237,-267.4540390885112
4760.598241353172,-5.7486292223157265e-08,-1.4304670476851843e-05,-3.1613760891595177,-60.40733362663679,-267.40996482360504
4761.247093199226,-5.490620602195318e-08,-1.434113353546859e-05,-3.161385382728068,-61.05605844194907,-267.3971261273013
4761.8959450452785,-5.2298347411711234e-08,-1.4375917870156309e-05,-3.1613946993521282,-61.70478313783671,-267.384281398129
4764.125719011317,-4.3136258209809505e-08,-1.4482364481651215e-05,-3.161426876924857,-63.93411923761045,-267.3400943700694
4766.355492977355,-3.3716858848500145e-08,-1.4568094833421862e-05,-3.161459268753178,-66.16345390965222,-267.29583536858445
4767.004344823408,-3.093746013198639e-08,-1.4589068328293395e-05,-3.1614687282142975,-66.8121776537185,-267.2829426571283
4767.653196669461,-2.814436481576059e-08,-1.4608240695091138e-05,-3.1614782006726894,-67.46090127578887,-267.2700438087118
4769.8829706355,-1.847018162155679e-08,-1.4660218751861045e-05,-3.1615108357144277,-69.69023366750902,-267.2256700956228
4772.112744601538,-8.75237574069883e-09,-1.4690576932436298e-05,-3.161543562551762,-71.91956460786174,-267.18122352588017
4772.761596447591,-5.9301986333702316e-09,-1.4695336048437593e-05,-3.1615530962072156,-72.56828726235376,-267.1682761063612
4773.410448293644,-3.116562103978616e-09,-1.4698275958867747e-05,-3.161562632379195,-73.21700979344074,-267.155322505191
4775.640222259683,6.45593179113581e-09,-1.469450671274104e-05,-3.1615954059245714,-75.44633842711916,-267.11076038855873
4777.869996225721,1.5779648913085642e-08,-1.466967032692301e-05,-3.161628147577899,-77.67566559985423,-267.06612524449594
4778.518848071774,1.8427434260367535e-08,-1.4658565477558937e-05,-3.161637662488509,-78.32438715697891,-267.0531229583719
4779.167699917827,2.1039480016870608e-08,-1.4645765795170269e-05,-3.1616471697225554,-78.97310859048136,-267.04011450579975
4781.397473883866,2.9693499111033612e-08,-1.4589089424303542e-05,-3.1616797667396366,-81.20243345255099,-266.9953641031694
4783.627247849904,3.772952106831212e-08,-1.4513805543922494e-05,-3.1617122166359493,-83.43175685800728,-266.9505411952117
4784.276099695957,3.992956873355885e-08,-1.4488600855190932e-05,-3.16172162578948,-84.08047732043407,-266.9374844057546
4784.92495154201,4.205875266769735e-08,-1.4462005380931953e-05,-3.161731018289453,-84.72919766014832,-266.92442152072095
4787.154725508049,4.878420115173436e-08,-1.4360529583780185e-05,-3.161763154726313,-86.95851877212053,-266.8794846883779
4789.384499474087,5.445391694292758e-08,-1.4245234579325567e-05,-3.1617950494882257,-89.18783844427625,-266.8344764830058
4790.033351320139,5.587927908183685e-08,-1.420942630019801e-05,-3.1618042808715634,-89.83655782411275,-266.82136601595266
4790.682203166192,5.7195252056542855e-08,-1.4172744011570375e-05,-3.1618134889728555,-90.48527708308562,-266.8082495696953
4792.911977132231,6.081606420943765e-08,-1.4040887474090155e-05,-3.1618449451632755,-92.7145944966319,-266.7631296310743
4795.141751098269,6.289094140737962e-08,-1.3902680886693356e-05,-3.16187610026383,-94.94391049658391,-266.7179399022544
4795.790602944323,6.31762910787837e-08,-1.3861765231454654e-05,-3.1618851076385424,-95.5926288131605,-266.7047769291976
4796.439454790376,6.330842157529233e-08,-1.3820730340980411e-05,-3.1618940887534244,-96.24134701132648,-266.6916081216134
4798.669228756415,6.253055035823632e-08,-1.3680050575192227e-05,-3.1619247482662045,-98.47066079899291,-266.646309387163
4800.899002722453,5.968860971273823e-08,-1.354340649053057e-05,-3.161955098594231,-100.69997320379474,-266.6009426476938
4801.5478545685055,5.844469392361874e-08,-1.3505062054140667e-05,-3.1619638735859406,-101.34869048005089,-266.58772850343007
4802.196706414558,5.700462215066763e-08,-1.3467604365389853e-05,-3.1619726244057906,-101.99740764045035,-266.5745086725704
4804.426480380597,5.048659341355056e-08,-1.3347285073068137e-05,-3.1620025167426644,-104.22671788135254,-266.5290357239871
4806.656254346635,4.139214944755894e-08,-1.324437192333585e-05,-3.162032160200592,-106.4560267676383,-266.483496413545
4807.305106192688,3.823446752202474e-08,-1.3218518329644642e-05,-3.162040745101141,-107.10474302496009,-266.4702323414461
4807.953958038741,3.483797131530149e-08,-1.3194805527064622e-05,-3.1620493144297095,-107.75345916839736,-266.4569627006081
4810.18373200478,2.1285127630588758e-08,-1.3131669686356674e-05,-3.1620786592291306,-109.98276592847607,-266.41131942366087
4812.413505970818,4.6920031546533005e-09,-1.3102143193141539e-05,-3.1621079007205193,-112.21207135056532,-266.3656108433259
4813.062357816872,-7.313469128851385e-10,-1.3100836622223381e-05,-3.162116401177063,-112.86078660200954,-266.35229766689577
4813.711209662924,-6.427940123501234e-09,-1.3103148938058563e-05,-3.1621249025434417,-113.50950174009648,-266.3389789680174
4815.940983628963,-2.8146327455443717e-08,-1.3141062715090137e-05,-3.162154152169634,-115.7388050468393,-266.2931673339064
4818.170757595001,-5.3269313724815214e-08,-1.3231199329816547e-05,-3.162183544557539,-117.96810700937739,-266.24729033439706
4818.819609441054,-6.1235639560384e-08,-1.3268326870781609e-05,-3.1621921410983886,-118.61682125132774,-266.2339280585861
4819.468461287107,-6.950088813042117e-08,-1.3310726692114447e-05,-3.1622007640751617,-119.265535377973,-266.22056018620356
4821.698235253146,-1.0021414611629728e-07,-1.3499268650224263e-05,-3.1622306407165075,-121.49483518991812,-266.17457880155627
4823.928009219184,-1.3453920191532585e-07,-1.3760320977770384e-05,-3.1622610186046676,-123.72413361554686,-266.1285302542242
4824.576861065237,-1.4521231569413132e-07,-1.3851061045394078e-05,-3.1622699757459802,-124.37284681798113,-266.1151176067182
4825.2257129112895,-1.5619199835011627e-07,-1.3948825294028954e-05,-3.162278994695762,-125.0215598995193,-266.1016991135244
4827.455486877328,-1.9627557276561835e-07,-1.4341117800378232e-05,-3.1623105174316093,-127.2508560713335,-266.0555415834197
4829.685260843366,-2.3995951547464743e-07,-1.4826801621169484e-05,-3.162343019011833,-129.48015076437989,-266.0093126887575
4830.334112689419,-2.533394436596503e-07,-1.4986826746098993e-05,-3.1623526905245294,-130.12886286007276,-265.99584661919187
4830.982964535472,-2.6701466529603896e-07,-1.5155619925633737e-05,-3.162362469339628,-130.77757482437576,-265.9823742220684
4833.212738501511,-3.1623047233221997e-07,-1.580525747953896e-05,-3.1623969661420284,-133.00686706881365,-265.9360273981407
4835.442512467549,-3.687552673924356e-07,-1.6568324306365984e-05,-3.1624330379501506,-135.23615767650702,-265.88960191521437
4836.091364313603,-3.8463648104484714e-07,-1.681273700118192e-05,-3.1624438667690606,-135.88486854964674,-265.8760770787584
4836.740216159656,-4.007733049207676e-07,-1.7067517293818875e-05,-3.1624548580809875,-136.5335792747117,-265.86254514271053
4838.9699901256945,-4.5811424279875763e-07,-1.8024581577340904e-05,-3.162493957491974,-138.76286712328604,-265.815987358161
4841.1997640917325,-5.181366900068864e-07,-1.9112492771178516e-05,-3.162535336819499,-140.99215309653138,-265.7693398685135
4841.848615937785,-5.360611867695657e-07,-1.9454504337359178e-05,-3.162547848075781,-141.64086257137689,-265.7557481290668
4842.497467783838,-5.541734976759718e-07,-1.980817538338085e-05,-3.1625605854231793,-142.2895718740346,-265.7421481752771
4844.727241749877,-6.177262807449667e-07,-2.1114400220718974e-05,-3.1626061827918717,-144.51885463873077,-265.69534759868685
4846.957015715915,-6.829526201366239e-07,-2.2564199225373113e-05,-3.1626548528156677,-146.7481351949588,-265.6484419478141
4847.605867561968,-7.021806352581377e-07,-2.301358638293878e-05,-3.162669638599799,-147.3968430253043,-265.6347719445025
4848.254719408021,-7.214928184178801e-07,-2.3475432494607772e-05,-3.1626847201858674,-148.04555065082985,-265.6210922270853
4850.48449337406,-7.883367766293751e-07,-2.5158673574272187e-05,-3.1627389139687487,-150.27482738966788,-265.57400549484277
4852.714267340098,-8.554405769511603e-07,-2.6991251266329953e-05,-3.16279702749221,-152.50410148073556,-265.52679358064506
4853.363119186151,-8.74925988184429e-07,-2.7552655119594494e-05,-3.162814722238663,-153.15280734108072,-265.51303040859074
4854.011971032204,-8.943599029961676e-07,-2.8126628346405677e-05,-3.1628327852124904,-153.8015129546183,-265.49925561171364
4856.241744998243,-9.60521705121279e-07,-3.0194901064942186e-05,-3.16289778003662,-156.03078244429977,-265.4518269216115
4858.471518964281,-1.0251262627424486e-06,-3.2408963495776624e-05,-3.1629675491804616,-158.260048732842,-265.404248019021
4859.120370810334,-1.0435220145515587e-06,-3.308012986411973e-05,-3.1629887950340945,-158.90875221228657,-265.3903730804848
4859.769222656387,-1.0616952666664503e-06,-3.376309175833717e-05,-3.1630104797215517,-159.55745539312133,-265.3764841923453
4861.998996622426,-1.1221819254201015e-06,-3.6198562760308685e-05,-3.163088454772957,-161.78671611241484,-265.3286450548725
4864.228770588464,-1.178929650925461e-06,-3.876473685125283e-05,-3.163172006093369,-164.015972960462,-265.2806258753651
4864.8776224345165,-1.1946102808748239e-06,-3.9534834138118655e-05,-3.1631974082934935,-164.66467356046573,-265.26661695920245
4865.526474280569,-1.2098722993329983e-06,-4.031489286897681e-05,-3.1632233125033546,-165.31337380029666,-265.25259138073676
4867.756248246608,-1.258805196970573e-06,-4.3068341799928884e-05,-3.1633162563971355,-167.542623928233,-265.2042612257573
4869.986022212646,-1.3015355373905665e-06,-4.592398488181271e-05,-3.1634154537945856,-169.77186940232613,-265.1557169055118
4870.6348740587,-1.3126625177036862e-06,-4.677217304662532e-05,-3.16344552700689,-170.42056653959477,-265.1415485502019
4871.283725904753,-1.3231531856511426e-06,-4.762729245331531e-05,-3.1634761514547733,-171.06926324608423,-265.1273604931405
4873.513499870792,-1.3540151476425233e-06,-5.061367253107452e-05,-3.1635856680693344,-173.2985006794445,-265.0784483137211
4875.74327383683,-1.3760513632922366e-06,-5.365902809851119e-05,-3.163701909387449,-175.52773257688222,-265.0292845006091
4876.392125682883,-1.3806582003452468e-06,-5.455346449831945e-05,-3.1637370169710315,-176.17642559275652,-265.01492868775244
4877.040977528935,-1.3844066046631642e-06,-5.545052946082008e-05,-3.163772703927318,-176.82511809974267,-265.0005499075894
4879.270751494974,-1.3903843175791414e-06,-5.854623584562904e-05,-3.1638997973329506,-179.05434049468803,-264.9509570863622
4881.500525461012,-1.3849091835251314e-06,-6.164250254906911e-05,-3.164033794088776,-181.2835563958695,-264.90107325155606
4882.149377307065,-1.3810223565297225e-06,-6.253994105732377e-05,-3.1640740832785217,-181.9322445736796,-264.8865004623403
4882.798229153118,-1.3760596608740745e-06,-6.343443245377853e-05,-3.1641149515214546,-182.58093215952215,-264.8719013567586
4885.028003119157,-1.3504729009618938e-06,-6.647678959879007e-05,-3.1642598013311494,-184.81013700246515,-264.82152576388745
4887.257777085195,-1.310993344299897e-06,-6.944660515442e-05,-3.164411354033925,-187.03933435446302,-264.7708198006298
4887.906628931249,-1.2967687841443699e-06,-7.029273549128696e-05,-3.164456690872243,-187.68801694634197,-264.75600044812364
4888.555480777301,-1.281279045904794e-06,-7.112916282067944e-05,-3.1645025708766656,-188.33669886189102,-264.74115153120994
4890.78525474334,-1.2181034161961935e-06,-7.391864948696678e-05,-3.164664312267219,-190.56588357467456,-264.68989290941425
4893.015028709378,-1.1390103325254095e-06,-7.654952261661648e-05,-3.1648320967463497,-192.79505981093956,-264.63826700131824
4893.663880555431,-1.1129089583110437e-06,-7.728020758825047e-05,-3.1648820054764872,-193.4437360754761,-264.6231732268708
4894.312732401484,-1.0853961908382922e-06,-7.799345722755268e-05,-3.1649323796524125,-194.0924115830137,-264.60804696430966
4896.542506367523,-9.798803391960014e-07,-8.02992151254295e-05,-3.165108905386645,-196.321573666772,-264.5558135255576
4898.772280333561,-8.571000746302334e-07,-8.235044865507205e-05,-3.1652902886739027,-198.55072636678065,-264.50318116905015
4899.421132179614,-8.180776985418293e-07,-8.289401538221798e-05,-3.1653439012185087,-199.19939561848506,-264.4877889613185
4900.069984025667,-7.775702231957302e-07,-8.341176953055127e-05,-3.1653978549233175,-199.84806404254263,-264.4723619214089
4902.2997579917055,-6.26936907414192e-07,-8.498091481083123e-05,-3.1655856598014016,-202.07720126272025,-264.4190779711264
4904.5295319577435,-4.586593127680133e-07,-8.619451046833245e-05,-3.165776567121131,-204.30632835285664,-264.3653719210853
4905.178383803797,-4.063889848454863e-07,-8.647523153481315e-05,-3.165832589120367,-204.95499002355322,-264.3496634813365
4905.82723564985,-3.52651430634193e-07,-8.672158981528267e-05,-3.1658887790049155,-205.60365081358216,-264.3339187212565
4908.057009615889,-1.5685901849261758e-07,-8.729274951009736e-05,-3.166082869919035,-207.8327614249115,-264.27953300015446
4910.286783581927,5.5687346748743924e-08,-8.740865761734572e-05,-3.1662777268361,-210.06186141737336,-264.22471377621866
4910.93563542798,1.2059420302656163e-07,-8.735151483943763e-05,-3.166334427389277,-210.71051512815714,-264.2086800142493
4911.584487274033,1.8682695161418167e-07,-8.72519051564951e-05,-3.1663910742789887,-211.35916793148337,-264.19260958127757
4913.814261240072,4.243011877149434e-07,-8.657322265532422e-05,-3.166584971004144,-213.58825093580518,-264.1371038754335
4916.04403520611,6.760708978738579e-07,-8.534908844694736e-05,-3.166776746303716,-215.81732319548686,-264.0811683231399
4916.692887052162,7.518339625002464e-07,-8.488584429253412e-05,-3.166831978909703,-216.46596883571956,-264.0648113258682
4917.341738898215,8.28640414894025e-07,-8.437323839037259e-05,-3.1668868927279576,-217.11461357697058,-264.04841871077303
4919.571512864254,1.1000490474556154e-06,-8.222482601794407e-05,-3.1670727452644734,-219.34366899850923,-263.99181613335975
4921.801286830292,1.3814590709735674e-06,-7.94600833218822e-05,-3.167253120188355,-221.57271401871316,-263.93480538622646
4922.450138676346,1.4649331173382528e-06,-7.853659053729835e-05,-3.16730438226485,-222.2213518257408,-263.9181406579844
4923.098990522399,1.54899999960473e-06,-7.755894286235188e-05,-3.167355026328726,-222.86998878608756,-263.9014429948691
4925.328764488438,1.8416760509379582e-06,-7.377940335342458e-05,-3.167523873503095,-225.0990179386128,-263.84381519671905
4927.558538454476,2.1380174968897463e-06,-6.934317590400355e-05,-3.167683561025824,-227.3280375958165,-263.7858212426109
4928.2073903005285,2.2245279755685954e-06,-6.792773626872783e-05,-3.1677280986552696,-227.9766682259487,-263.76887947552336
4928.856242146581,2.3110057968408304e-06,-6.645644175721131e-05,-3.1677716998628456,-228.6252981123505,-263.7519092422866
4931.08601611262,2.60689870064302e-06,-6.0972638088016004e-05,-3.167913890481958,-230.85430382183415,-263.6933816750945
4933.315790078658,2.897969799730241e-06,-5.483443589249834e-05,-3.1680431238780127,-233.08330156920394,-263.63455160556833
4933.964641924711,2.981233084525828e-06,-5.292687569676685e-05,-3.16807808693688,-233.73192614752955,-263.6173797041086
4934.613493770764,3.0636525914273845e-06,-5.096589706429795e-05,-3.1681117967808876,-234.38055013927595,-263.60018564437496
4936.843267736803,3.339144738591468e-06,-4.3824633833382345e-05,-3.1682175884556902,-236.60953687634563,-263.5409398943467
4939.073041702841,3.5992030374250713e-06,-3.608629238147371e-05,-3.1683067910529163,-238.83851782773186,-263.48147682474524
4939.721893548894,3.671333312106305e-06,-3.372726160167606e-05,-3.1683294415118706,-239.48713796235572,-263.4641378852959
4940.370745394946,3.741639499104693e-06,-3.132241395730285e-05,-3.168350550380727,-240.13575772037225,-263.44678485099166
4942.600519360985,3.967744786182268e-06,-2.2722124781298457e-05,-3.168410891820337,-242.36473159202743,-263.3870569991104
4944.830293327023,4.165881376932835e-06,-1.3648853858051769e-05,-3.168451529237846,-244.5937024459554,-263.3272166076683
4945.479145173077,4.217541766379883e-06,-1.0928685048850333e-05,-3.1684595020919657,-245.24232019215358,-263.3097885469899
4946.12799701913,4.266247241894355e-06,-8.176394874249012e-06,-3.168465705880464,-245.89093781672676,-263.29235595599283
4948.357770985169,4.409293682574544e-06,1.503659055909218e-06,-3.168473195791268,-248.11990636969372,-263.23242992245235
4950.587544951207,4.510328961931977e-06,1.1455836518530365e-05,-3.1684587979828422,-250.34887512957255,-263.17251158765686
4951.23639679726,4.531026996564606e-06,1.4389542381440308e-05,-3.1684504099585173,-250.9974928920867,-263.15508412915614
4951.8852486433125,4.547541361164314e-06,1.7334854991620302e-05,-3.1684401235894137,-251.64611081774183,-263.13766275026353
4954.115022609351,4.570431447589743e-06,2.7510937466413772e-05,-3.168390123295069,-253.8750826192516,-263.0778576643383
4956.344796575389,4.5364191988865435e-06,3.767461998726072e-05,-3.1683174464614905,-256.10405808389265,-263.01818930048233
4956.993648421442,4.514998673400495e-06,4.0611665961476355e-05,-3.1682920423995604,-256.75267845163506,-263.0008590696356
4957.642500267495,4.488125905636138e-06,4.353257942377185e-05,-3.168264749518489,-257.40129927432224,-262.98354589296736
4959.872274233534,4.3522282976761475e-06,5.340191085236413e-05,-3.1681566073437013,-259.6302832610024,-262.9241967142713
4962.102048199572,4.144562328029451e-06,6.288820772044315e-05,-3.1680268858308755,-261.85927428851835,-262.86511263321984
4962.750900045626,4.069843985807286e-06,6.555376480906311e-05,-3.1679852067244414,-262.5078998050959,-262.8479761883143
4963.3997518916785,3.988451387657194e-06,6.816824160126216e-05,-3.1679418288948074,-263.15652604624546,-262.8308672178468
4965.629525857717,3.655952489203269e-06,7.670680276716132e-05,-3.1677801540881028,-265.38553066603924,-262.77229813455267
4967.8592998237555,3.2378047803089215e-06,8.440847780168023e-05,-3.167600373253454,-267.61454525042234,-262.7141096052701
4968.508151669808,3.099312975198544e-06,8.64650305062924e-05,-3.167544924738521,-268.26317813463123,-262.69725433747675
4969.157003515861,2.9530455635252986e-06,8.84288276049816e-05,-3.167488188509836,-268.9118119573957,-262.680435253496
4971.3867774819,2.3894468410473813e-06,9.44032330092531e-05,-3.167284097699632,-271.1408441659449,-262.62292578756137
4973.616551447938,1.7282767998075026e-06,9.901215966164692e-05,-3.1670682076702787,-273.369888399944,-262.5658843983456
4974.265403293991,1.5169618422929462e-06,0.00010006563759241758,-3.1670036052954904,-274.01853023967476,-262.54937736551045
4974.914255140044,1.29698005439297e-06,0.00010097891031823851,-3.166938383343094,-274.6671731415324,-262.53291213667416
4977.144029106083,4.7359632313990513e-07,0.00010297270955061283,-3.1667106371068208,-276.8962373409346,-262.4766563483432
4979.373803072121,-4.5638122572745774e-07,0.00010301170911525078,-3.1664806245296266,-279.12531435735684,-262.42091074838004
4980.022654918174,-7.474255587036344e-07,0.00010262178206258069,-3.1664138916832796,-279.77396580389427,-262.40478564512205
4980.671506764227,-1.047749900565017e-06,0.00010203983544717939,-3.166347493919276,-280.42261831240387,-262.38870330832935
4982.901280730266,-2.1514190282024843e-06,9.849391163430146e-05,-3.166123441001779,-282.65171532128227,-262.33376296903197
4985.131054696304,-3.3669630773412415e-06,9.236232723978882e-05,-3.1659101774122083,-284.88082429178365,-262.279310041458
4985.779906542357,-3.7418707002034837e-06,9.005660690329763e-05,-3.1658509725334856,-285.5294847747084,-262.263552645814
4986.42875838841,-4.126321669722307e-06,8.750450344778362e-05,-3.1657933639992306,-286.1781461649913,-262.24783260920617
4988.658532354449,-5.520555162117126e-06,7.677028191947268e-05,-3.165609615151097,-288.4072722688869,-262.1940856779806
4990.888306320487,-7.027567143899783e-06,6.280149957745757e-05,-3.165453407360417,-290.6364074798711,-262.140717650554
4991.5371581665395,-7.487203773010496e-06,5.809302224614068e-05,-3.1654141595311285,-291.28507494154604,-262.12525021647866
4992.186010012592,-7.95626553858432e-06,5.3083368793839054e-05,-3.165378084596829,-291.93374297103725,-262.1098065682767
4994.415783978631,-9.639718875414371e-06,3.348609167626354e-05,-3.1652808493524436,-294.16288900856773,-262.056892729818
4996.645557944669,-1.1432188781513632e-05,1.0013552981171889e-05,-3.165231632085067,-296.3920389174164,-262.00414212345703
4997.294409790723,-1.1973928259933589e-05,2.4203918105261175e-06,-3.1652275691354363,-297.04070952778625,-261.98880729665336
4997.943261636776,-1.252458024455736e-05,-5.5269138547599055e-06,-3.165228566915583,-297.68938014358986,-261.97347270732024
5000.173035602815,-1.4483919787886208e-05,-3.5619604836829376e-05,-3.1652736079451866,-299.918530430639,-261.92073806119856
5002.402809568853,-1.6544081039226615e-05,-7.01935849331113e-05,-3.165390745004608,-302.147676429813,-261.8678226556868
5003.0516614149055,-1.7161947495858082e-05,-8.112841667453897e-05,-3.1654398068046294,-302.7963441870328,-261.8523675600932
5003.700513260958,-1.778786966440707e-05,-9.246639033009715e-05,-3.165496111654069,-303.445011104275,-261.8368774295483
5005.930287226997,-1.9998805668383235e-05,-0.0001345777534549849,-3.165748305763929,-305.6741417900419,-261.7833205935612
5008.160061193035,-2.2298590150103555e-05,-0.0001817180601334141,-3.166100005398663,-307.9032561805478,-261.7290906815355
5008.808913039088,-2.2983744637148627e-05,-0.00019640866282466646,-3.1662226472646817,-308.55191223428255,-261.7131518336313
5009.457764885141,-2.3675797079385354e-05,-0.0002115455870261508,-3.1663549806599627,-309.2005662140635,-261.69712933745177
5011.68753885118,-2.6104739422556715e-05,-0.0002670315881139281,-3.1668875185112992,-311.4296424155432,-261.64135117290243
5013.917312817218,-2.860725549739563e-05,-0.0003280156079992458,-3.167549907272929,-313.6586848361269,-261.58424122866694
5014.566164663272,-2.934835709407737e-05,-0.0003468178780657569,-3.167768807941736,-314.3073162953104,-261.567330879363
5015.215016509324,-3.009493393253844e-05,-0.0003661022124571708,-3.168000076552011,-314.95594387571407,-261.5502735051075
5017.444790475363,-3.269996353184059e-05,-0.0004361011671033696,-3.1688933518927014,-317.18491468003936,-261.49043242456304
5019.674564441401,-3.536020484510987e-05,-0.0005119703037520641,-3.1699492536696114,-319.4138259876262,-261.42841904678744
5020.323416287454,-3.614358949288233e-05,-0.0005351680928118082,-3.170288939904031,-320.06241390353716,-261.4099134743777
5020.972268133507,-3.693077009575238e-05,-0.0005588747491955626,-3.1706438512345407,-320.7109952674228,-261.3911815648637
5023.202042099546,-3.9662157068893496e-05,-0.0006442608840801715,-3.1719840727618274,-322.9397854631346,-261.3249561549207
5025.431816065584,-4.242757046460064e-05,-0.0007357753301442647,-3.1735215184440992,-325.1684778536698,-261.25552396352793
5026.080667911637,-4.323743534918133e-05,-0.0007635675273143414,-3.174007912544597,-325.81699401410395,-261.234654199714
5026.72951975769,-4.4049206968507746e-05,-0.0007918850953253368,-3.1745125141546624,-326.46549962482806,-261.2134619824879
5028.9592937237285,-4.685033556932637e-05,-0.0008932258256831459,-3.176390059595125,-328.6939968634545,-261.13802257319475
5031.1890676897665,-4.9662154294226904e-05,-0.0010008243579507714,-3.178500548699727,-330.9223388993635,-261.05813966868527
5031.83791953582,-5.048105266294123e-05,-0.001033313793901644,-3.1791604460858824,-331.57074104160904,-261.03398512131474
5032.486771381873,-5.129983634231971e-05,-0.001066333788078092,-3.179841596190411,-332.2191266534376,-261.00939468511126
5034.716545347912,-5.4109480266319125e-05,-0.0011838557413089044,-3.182349141865195,-334.4471626890062,-260.92138542653373
5036.94631931395,-5.690578693774083e-05,-0.0013076276958860003,-3.1851257029768734,-336.6749578956872,-260.8274899174895
5037.595171160003,-5.771567911540081e-05,-0.0013448143576266366,-3.1859861967059953,-337.32318295492394,-260.79897531430805
5038.244023006056,-5.852348338846809e-05,-0.0013825251597484414,-3.186870984706068,-337.97138261841735,-260.76989394845236
5040.4737969720945,-6.128042512865278e-05,-0.0015160995580850698,-3.1901014887408023,-340.1987073556481,-260.6654267501085
5042.7035709381325,-6.400195404499336e-05,-0.0016557818320435107,-3.193636643082499,-342.4256651899881,-260.55342555041744
5043.352422784185,-6.478614976883118e-05,-0.0016975645512465228,-3.1947245312872106,-343.07362025155396,-260.5193215169967
5044.001274630238,-6.556659947672654e-05,-0.0017398543798966002,-3.1958396869345584,-343.7215369907558,-260.4845027071403
5046.231048596277,-6.821757554134513e-05,-0.001889018215860426,-3.199884382094425,-345.94778430310754,-260.3591638774634
5048.460822562315,-7.081688339735483e-05,-0.0020440355250245144,-3.204268204853472,-348.1734825782553,-260.22444428397165
5049.109674408368,-7.156288763284417e-05,-0.002090227669141433,-3.2056094455669366,-348.8210332926541,-260.18337163157173
5049.758526254421,-7.230412899925158e-05,-0.0021369020725985934,-3.2069808045653834,-349.46852722457373,-260.1414197510338
5051.98830022046,-7.481374573915149e-05,-0.00230093289069361,-3.211927461483489,-351.6931718464673,-259.99028915730804
5054.218074186498,-7.726408518973784e-05,-0.0024704934993817437,-3.2172460351409593,-353.9170100607105,-259.827742487917
5054.866926032551,-7.796580836326949e-05,-0.002520854429900981,-3.218865338632313,-354.56396638752955,-259.77817989026863
5055.515777878604,-7.866247582973582e-05,-0.0025716690312331983,-3.2205174553921596,-355.2108401615256,-259.7275582164127
5057.745551844643,-8.101791856372109e-05,-0.0027497055802046303,-3.2264492229754937,-357.43314531914496,-259.545239292931
5059.975325810681,-8.331440024275106e-05,-0.0029329284991501206,-3.2327837540370976,-359.65428867302217,-259.34929435862955
5060.624177656734,-8.397176033924712e-05,-0.0029872006804650413,-3.2347043797824546,-360.3003879111899,-259.28958867756006
5061.273029502787,-8.462428759989086e-05,-0.0030418979210598525,-3.236660347699775,-360.94636943402236,-259.2286299619341
5063.502803468826,-8.683048169805068e-05,-0.0032330608529006636,-3.2436553148939344,-363.16532515428383,-259.00928772979904
5065.732577434864,-8.898155967709572e-05,-0.003429081650661821,-3.251081948188262,-365.382639274259,-258.7739512058017
5066.381429280917,-8.959734285832953e-05,-0.00348701746853686,-3.25332569350569,-366.0275263969002,-258.70232962893397
5067.030281126969,-9.020851793154866e-05,-0.003545351324213462,-3.255607149723037,-366.67224886769617,-258.62924840544207
5069.260055093008,-9.227411710240174e-05,-0.003748809067163984,-3.2637384697710994,-368.8865010898745,-258.36665295257814
5071.489829059046,-9.428466930832482e-05,-0.003956811258225288,-3.2723285211436233,-371.09847765658316,-258.08555469347266
5072.1386809051,-9.485914640492386e-05,-0.004018174745975741,-3.274915798243941,-371.74168302373243,-258.0001382658196
5072.787532751153,-9.542861659728824e-05,-0.004079909026014271,-3.2775430005099246,-372.38466236133564,-257.9130445566316
5075.017306717192,-9.734656657271436e-05,-0.004294843726532204,-3.286879122241376,-374.59243321229286,-257.6006195012304
5077.24708068323,-9.919908487988861e-05,-0.004513982073058292,-3.2966991863626536,-376.7971070213333,-257.26706354252883
5077.895932529283,-9.972493396008499e-05,-0.0045785187837689215,-3.2996490168885186,-377.4380216643249,-257.1658825644737
5078.544784375335,-0.00010024435187559471,-0.0046433938858983234,-3.302640817981986,-378.0786315433346,-257.0627975731106
5080.774558341374,-0.00010197768990188804,-0.004868865069018651,-3.313245211858044,-380.2776317173024,-256.69367648489435
5083.004332307412,-0.00010362243923742957,-0.005098102437766186,-3.324356554379645,-382.4724904943444,-256.30070212532064
5083.653184153465,-0.00010408279802577133,-0.005165488330313723,-3.327686321236804,-383.1103394420698,-256.18171495305234
5084.302035999518,-0.00010453430752262497,-0.00523316903926162,-3.3310598881380766,-383.7477844507391,-256.0605903831454
5086.531809965557,-0.00010601420511349935,-0.005467929445599302,-3.3429898155932167,-385.9351198199833,-255.6276875187673
5088.761583931595,-0.00010737242056473258,-0.005705854027223963,-3.3554467333885016,-388.1170095444843,-255.16814770634383
5089.410435777649,-0.00010774280863515867,-0.005775644186363175,-3.3591716271832013,-388.75082412332443,-255.0292651710731
5090.0592876237015,-0.00010810136352144306,-0.005845669730402494,-3.3629418555415733,-389.3841120359556,-254.8880084186068
5092.28906158974,-0.00010923853518673285,-0.006088008395438988,-3.3762461193862263,-391.5561883958753,-254.38411160762152
5094.518835555778,-0.0001102183398195235,-0.0063327072497935686,-3.390093375021488,-393.72121882023316,-253.8507763114176
5095.167687401831,-0.00011047198335080837,-0.006404306253378273,-3.3942255979069293,-394.34980944248935,-253.68989390213858
5095.816539247884,-0.00011071089474750081,-0.006476064026628138,-3.398404298003121,-394.9777241872615,-253.52640120712056
5098.046313213923,-0.0001114152541638836,-0.006723744853304968,-3.4131203405957278,-397.13015607332795,-252.94429344351497
5100.276087179961,-0.0001119297755005911,-0.006972784594267265,-3.428390170483391,-399.27361310614185,-252.32998334154942
5100.924939026014,-0.00011204212817749991,-0.0070454483103741024,-3.4329380621096166,-399.8955446154119,-252.14502242095787
5101.573790872067,-0.00011213711850459104,-0.007118178327189555,-3.4375330860785978,-400.5166220590209,-251.95722111578337
5103.803564838106,-0.00011232718018663022,-0.007368471588121729,-3.45368403038876,-402.6441532956933,-251.28983364517262
5106.033338804144,-0.00011229693522200156,-0.007618943026631806,-3.470393270743884,-404.7604264220941,-250.58758522012047
5106.682190650197,-0.00011224505445131404,-0.0076917918284991876,-3.475360492076169,-405.37399845885506,-250.37654327865147
5107.33104249625,-0.00011217323761331871,-0.007764599566213932,-3.4803749255213354,-405.986507508512,-250.16244301304246
5109.560816462289,-0.00011177026551779957,-0.008014317807261643,-3.497966853960133,-408.08295235298306,-249.40303864076347
5111.790590428327,-0.00011111680448954502,-0.00826285824477122,-3.5161142845138285,-410.16548638003417,-248.60629833698397
5112.43944227438,-0.00011087799502972596,-0.008334880780127204,-3.5214990527022563,-410.7687215514108,-248.36730745037437
5113.088294120433,-0.00011061684578399095,-0.008406740351076051,-3.5269304523436356,-411.3706533954125,-248.12505949826905
5115.318068086472,-0.00010954534323254817,-0.008652247510904628,-3.545949796887504,-413.42886827113443,-247.26744270016988
5117.54784205251,-0.00010819829091625919,-0.008895058255393445,-3.565513560706468,-415.4701498179992,-246.370286145582
5118.196693898562,-0.00010775344182729328,-0.00896512021611578,-3.571307906531241,-416.0607927760957,-246.10167835581728
5118.845545744615,-0.00010728461314165867,-0.009034885368952751,-3.577147564857012,-416.6498613901253,-245.82964165142133
5121.075319710654,-0.00010548833845374733,-0.00927215672393236,-3.597558651738619,-418.6617580908294,-244.86839018086593
5123.305093676692,-0.00010340381441980034,-0.009505101426933244,-3.618493976382472,-420.6533476930809,-243.8657598101853
5123.953945522746,-0.00010274281950347521,-0.009571982145117725,-3.624683126549737,-421.22887824147506,-243.5661371723723
5124.602797368799,-0.00010205744973173875,-0.009638426188229214,-3.630915478884775,-421.80253524204596,-243.26294865923478
5126.832571334838,-9.951619329077968e-05,-0.009863210874162896,-3.652658712025155,-423.7591457849626,-242.19365698460206
5129.062345300876,-9.66904853732088e-05,-0.010082012001394917,-3.6748964932144834,-425.6917648645354,-241.08160619850955
5129.7111971469285,-9.581548128373103e-05,-0.010144467005371957,-3.681458544248817,-426.24942755621015,-240.74991161106513
5130.360048992981,-9.491715153755986e-05,-0.01020634733489973,-3.6880608832585553,-426.80489374657714,-240.41455684034875
5132.58982295902,-9.165434706404803e-05,-0.010414402489305169,-3.7110520953278137,-428.69649390974007,-239.23407608234143
5134.819596925058,-8.812773533735957e-05,-0.010614888211966694,-3.734498784302943,-430.5601718422352,-238.0100027551918
5135.468448771111,-8.705353408907054e-05,-0.010671722253665182,-3.7414047745832586,-431.09702321215684,-237.64558627171374
5136.117300617164,-8.595838263924167e-05,-0.010727853589994842,-3.7483473691540996,-431.6313377857268,-237.2774648361884
5138.347074583203,-8.203932820677662e-05,-0.010915194586801808,-3.7724785930214852,-433.4476311993381,-235.98411988569526
5140.576848549241,-7.789135833258438e-05,-0.011093541763217576,-3.7970175178730377,-435.23191200488094,-234.64696916495384
5141.225700395295,-7.664359658827064e-05,-0.011143677219286425,-3.804231913099987,-435.74488483973823,-234.24964388259605
5141.874552241347,-7.537833612454162e-05,-0.011192998833801364,-3.811478537512374,-436.2549714359463,-233.84862377203595
5144.104326207386,-7.090256510086804e-05,-0.011356119458983955,-3.8366201482496343,-437.9853298465543,-232.44238736770325
5146.334100173424,-6.62440712941909e-05,-0.011509056411207728,-3.8621141274658264,-439.6795316359062,-230.99280405377826
5146.982952019477,-6.485699564179278e-05,-0.011551588910416778,-3.869595664197498,-440.16551381794324,-230.56288600348975
5147.63180386553,-6.345672926049036e-05,-0.011593218853692397,-3.8771044773284395,-440.6482607632479,-230.12934139557072
5149.861577831569,-5.85512275883355e-05,-0.011729267615437178,-3.9031084727724212,-442.2820097625122,-228.6119471305097
5152.091351797607,-5.351829329063102e-05,-0.011854236144287584,-3.929403472996027,-443.8755239238464,-227.05236111303492
5152.74020364366,-5.2033071825628766e-05,-0.011888479265633608,-3.9371062893133812,-444.33144764386424,-226.59068867017322
5153.3890554897125,-5.053961211052239e-05,-0.011921757916041253,-3.9448309938667223,-444.7837979921859,-226.12551683187837
5155.618829455751,-4.5352585421117496e-05,-0.012028679266599774,-3.97153518744157,-446.31053179370053,-224.50049750541547
5157.848603421789,-4.009889139647866e-05,-0.012123960393540854,-3.9984648139265135,-447.79314357009514,-222.83513082000783
5158.497455267843,-3.8560986791216275e-05,-0.012149478894870197,-4.00633980708658,-448.2160792350031,-222.34306074241624
5159.146307113896,-3.701998711807136e-05,-0.012174000359693585,-4.014231027782955,-448.6351247971278,-221.8476753545609
5161.376081079935,-3.170892188054292e-05,-0.012250626708221586,-4.041463928610976,-450.04502913339127,-220.120319080874
5163.605855045973,-2.639041627456404e-05,-0.012315402286581068,-4.068854476606655,-451.40723748533003,-218.3551097250267
5164.254706892026,-2.4844456355785455e-05,-0.012332023237958763,-4.0768507954147974,-451.7944857245711,-217.83448894906417
5164.903558738079,-2.3300081189101165e-05,-0.01234764317551536,-4.084857577179238,-452.1775584433204,-217.31078923750619
5167.1333327041175,-1.8012018239204804e-05,-0.012393693547785335,-4.112443553544742,-453.46171855892516,-215.4880132127162
5169.3631066701555,-1.2766737870690742e-05,-0.01242800043270193,-4.140119119170272,-454.6950324526377,-213.63045883271448
5170.011958516208,-1.1250884424927966e-05,-0.012435791378689593,-4.1481856271080595,-455.0442076901251,-213.08357355101518
5170.660810362261,-9.740351629506467e-06,-0.012442601687935526,-4.15625688323703,-455.3889619084809,-212.5338910207115
5172.8905843283,-4.5954342062812495e-06,-0.012458569460451084,-4.184020989743973,-456.5396343164572,-210.6240412156839
5175.120358294338,4.6871177903284377e-07,-0.012463155281063633,-4.2118080111843454,-457.63682578975926,-208.6829739757952
5175.769210140391,1.925396949180271e-06,-0.012462377622374213,-4.219894543935599,-457.94592605166497,-208.11247982225066
5176.418061986444,3.3740116456958126e-06,-0.01246065829839769,-4.227980283718482,-458.2504065285715,-207.53950663621782
5178.647835952483,8.286840448728504e-06,-0.012447637627073412,-4.2557522316666425,-459.2612383938863,-205.55209882222795
5180.877609918521,1.309128635588667e-05,-0.012423783292664308,-4.283483068150909,-460.2165387398432,-203.53740879416026
5181.526461764574,1.4467645788485862e-05,-0.012414841526631224,-4.291541400291193,-460.48399820384384,-202.94624746540867
5182.175313610627,1.5833833518249266e-05,-0.012405010770633076,-4.299593663905091,-460.7466905916363,-202.3529519003463
5184.405087576666,2.0448172494455285e-05,-0.012364535924674505,-4.327210793598289,-461.612877045275,-200.29837325768756
5186.634861542704,2.493060713832696e-05,-0.012313919204219424,-4.354726366489827,-462.4221087286288,-198.2207001043275
5187.283713388757,2.620885864653412e-05,-0.012297327198556926,-4.3627109255692815,-462.64683126956425,-197.6120081987975
5187.93256523481,2.7474859307573843e-05,-0.012279910616260003,-4.370684477690943,-462.8666934737243,-197.00154295564738
5190.162339200849,3.172885671840635e-05,-0.0122138757311366,-4.39799401097491,-463.58506859433425,-194.89073393920688
5192.392113166887,3.5824455402974155e-05,-0.012138531990012956,-4.4251459230687935,-464.2457101660442,-192.76114607850025
5193.0409650129395,3.6984856913170715e-05,-0.012114909503715863,-4.433014394397062,-464.4270833376039,-192.1381616058393
5193.689816858992,3.8130507989945514e-05,-0.012090539897898203,-4.440867327524388,-464.60355729064764,-191.51377036738683
5195.919590825031,4.1950931432729444e-05,-0.012001222625154899,-4.467728463254765,-465.17261771497067,-189.3579048287193
5198.149364791069,4.55802053685608e-05,-0.011903599781776736,-4.494381181883071,-465.6838014069935,-187.18758326214856
5198.798216637123,4.659842344070052e-05,-0.011873693128869161,-4.502095170275679,-465.8216908718365,-186.5535546717604
5199.447068483176,4.7598918343861006e-05,-0.01184313266717114,-4.5097895794888965,-465.95469478266585,-185.91848169401575
5201.676842449215,5.089705908046647e-05,-0.011733278519082506,-4.536075932806034,-466.3745564831096,-183.7286612655806
5203.906616415253,5.396774189995864e-05,-0.011616323852514022,-4.562109419928072,-466.7369996144733,-181.52860348083323
5204.555468261306,5.481659819171022e-05,-0.011581029711829427,-4.569635251677886,-466.8317244792489,-180.88670559888024
5205.204320107358,5.564480636745576e-05,-0.011545192423170687,-4.577138050511967,-466.9216260863138,-180.24411268562167
5207.434094073397,5.832892924031123e-05,-0.011418076622308503,-4.602740558878381,-467.19391674113575,-178.03109011161925
5209.663868039435,6.0754909569176e-05,-0.011285263633904825,-4.628053276021128,-467.4097905617989,-175.81184833620915
5210.312719885488,6.141102271559435e-05,-0.011245628220218414,-4.635362880706093,-467.4620809460908,-175.16510928867865
5210.961571731541,6.204448729739909e-05,-0.011205574902897038,-4.642646680410842,-467.5096532439723,-174.51800418430943
5213.19134569758,6.404598467994968e-05,-0.011064947474506823,-4.667476568544465,-467.6373464684933,-172.29194912785474
5215.421119663618,6.577407766893332e-05,-0.010920161974359383,-4.69198825351927,-467.7100908555273,-170.06341576572882
5216.069971509672,6.622527265502673e-05,-0.010877336609199846,-4.699059917784805,-467.7210305950837,-169.4146584575787
5216.718823355724,6.665335793105907e-05,-0.010834225847011603,-4.706103751217142,-467.72739314231967,-168.7658381374245
5218.948597321763,6.794820120619993e-05,-0.01068411036946282,-4.73009474495606,-467.71459694943667,-166.53615662075916
5221.178371287801,6.897422060959017e-05,-0.010531407392324355,-4.7537481303416245,-467.64869584948883,-164.30740649822945
5221.827223133854,6.922308997112206e-05,-0.010486571630409646,-4.76056689153839,-467.61965512534783,-163.65920710749887
5222.476074979907,6.945003245593354e-05,-0.01044158081655431,-4.7673565573215155,-467.58620590621945,-163.0112182555741
5224.705848945946,7.006514501985305e-05,-0.010285991342498461,-4.790465661484606,-467.4379237610421,-160.78643217592847
5226.935622911984,7.043367426993352e-05,-0.010129305218988222,-4.813226613648851,-467.23866125778085,-158.5656256526436
5227.584474758037,7.049622787885226e-05,-0.010083583305496613,-4.81978417809941,-467.1712251332627,-157.92028983829258
5228.23332660409,7.053930344617472e-05,-0.010037826055975358,-4.82631210587093,-467.0995690109568,-157.27540699522743
5230.4631005701285,7.054303513410861e-05,-0.009880495777199468,-4.848518741208118,-466.82145441350207,-155.0630936719974
5232.6928745361665,7.033464150664392e-05,-0.009723393673355868,-4.87037481997488,-466.4946721115213,-152.85743801122433
5233.34172638222,7.023630019703392e-05,-0.009677788540456133,-4.876669043366112,-466.39057085286424,-152.21699360979704
5233.990578228273,7.012170504903469e-05,-0.009632251213768423,-4.882933732491181,-466.2824503999075,-151.57721357032347
5236.220352194312,6.960929496007762e-05,-0.009476435139645677,-4.904237510410617,-465.8805739607102,-149.3839990135296
5238.45012616035,6.892574059117718e-05,-0.009321952430729143,-4.925195340255993,-465.43244692695333,-147.19975975132672
5239.098978006403,6.869704925654898e-05,-0.009277304014178898,-4.931229397331682,-465.2934927442898,-146.5659632415804
5239.747829852456,6.845568690170332e-05,-0.00923280675637754,-4.93723456036224,-465.150725912069,-145.93301285607293
5241.977603818495,6.753532368433809e-05,-0.00908116831568135,-4.957652164877241,-464.63136882394167,-143.76460815653758
5244.207377784533,6.648669713691723e-05,-0.008931725076043609,-4.977734097346007,-464.06821173884396,-141.60715888664677
5244.856229630585,6.615982589536775e-05,-0.008888691285614543,-4.9835154790124045,-463.8962449086424,-140.98151212090224
5245.505081476638,6.58238612995894e-05,-0.008845871246400492,-4.989269026980596,-463.7206723090369,-140.35686595524842
5247.734855442677,6.460560980997549e-05,-0.008700440955118871,-5.008830659273173,-463.0901543143576,-138.21813439829504
5249.964629408715,6.330032668544929e-05,-0.008557824119729747,-5.028071151573724,-462.4182638172112,-136.09203246651666
5250.613481254769,6.290634099972935e-05,-0.008516879717777351,-5.033610606213894,-462.21510954929386,-135.4758060509794
5251.262333100822,6.250659443933206e-05,-0.008476191662435222,-5.039123589592924,-462.0085525499518,-134.86071030569985
5253.492107066861,6.109403936273208e-05,-0.00833838163494196,-5.057869342874214,-461.2730973530394,-132.75575307410244
5255.721881032899,5.963148940116731e-05,-0.008203777024630553,-5.076311384621827,-460.49863184664684,-130.66482954848837
5256.3707328789515,5.9198412917460096e-05,-0.008165225914076321,-5.0816218936450674,-460.26606797431765,-130.05908960719765
5257.019584725004,5.876246954362475e-05,-0.008126955755195021,-5.086907486098941,-460.03029756424985,-129.4545890889946
5259.249358691043,5.724689900796631e-05,-0.00799761493503578,-5.104883928244847,-459.1959346762754,-127.38683903535856
5261.479132657081,5.571257184760298e-05,-0.007871674406117368,-5.122575760537657,-458.3248293850798,-125.33429327264705
5262.127984503134,5.526412405729764e-05,-0.00783567110806328,-5.12767161308946,-458.0645640395308,-124.73992894839353
5262.776836349187,5.481518549773176e-05,-0.007799958166553099,-5.132744200206117,-457.80127954529917,-124.14689452506057
5265.006610315226,5.327216836385604e-05,-0.007679454093472566,-5.150001357368455,-456.8737788486569,-122.11920979953031
5267.236384281264,5.173512906683154e-05,-0.007562383935213804,-5.1669936461127675,-455.91169169156353,-120.10770135456275
5267.8852361273175,5.1290175731833096e-05,-0.007528960270251462,-5.171889654284071,-455.6253495570308,-119.52545111827149
5268.53408797337,5.084654846953206e-05,-0.00749582430223285,-5.176764066048763,-455.3361657621759,-118.94460580906234
5270.763861939409,4.933480922775736e-05,-0.0073841379395798035,-5.193352920958942,-454.3209995428122,-116.95935760599721
5272.993635905447,4.7847443675479654e-05,-0.00727579523982235,-5.209696468331548,-453.27328224693275,-114.99109066866168
5273.6424877515,4.7420065539509905e-05,-0.007244888380400793,-5.214407341737856,-452.96239773439993,-114.42156620327222
5274.291339597553,4.69953359111271e-05,-0.00721425755716073,-5.219098245149638,-452.6488387268875,-113.85350874310423
5276.521113563592,4.5557811885378864e-05,-0.007111078186483193,-5.235068787621528,-451.55116536493,-111.91265970962058
5278.75088752963,4.415757794383077e-05,-0.007011062595224349,-5.250812790675336,-450.4228540120673,-109.98945738593274
5279.399739375683,4.375770837158136e-05,-0.006982540958263408,-5.255352667808392,-450.0888696772844,-109.43316439896181
5280.0485912217355,4.336138163200595e-05,-0.006954277357827421,-5.259874114821441,-449.7523677614101,-108.87838968771608
5282.278365187774,4.2027703416666314e-05,-0.0068590866860793595,-5.275273911495455,-448.57703148042344,-106.98356137902316
5284.508139153812,4.073981099714503e-05,-0.006766818769307164,-5.2904647130292695,-447.3728511202909,-105.10692877026268
5285.156990999865,4.037400812144849e-05,-0.006740503672188414,-5.294846829948846,-447.01711981831886,-104.56428452563848
5285.805842845918,4.0012319472610844e-05,-0.006714424431463435,-5.299211940042424,-446.659018008825,-104.02320079253968
5288.035616811957,3.8801496861040474e-05,-0.006626565376802283,-5.314085144775147,-445.41055980384294,-102.17572986191539
5290.265390777995,3.76414951027943e-05,-0.00654134952337006,-5.328765390545746,-444.1349386003063,-100.34690599813219
5290.914242624049,3.731368702283941e-05,-0.006517032416797694,-5.333001861331234,-443.758728125109,-99.81825364292737
5291.5630944701015,3.6990296036594615e-05,-0.00649292650068525,-5.337222613018262,-443.3802850021271,-99.29119642600457
5293.79286843614,3.591305928906617e-05,-0.006411657377912594,-5.35160933029448,-442.06296078157584,-97.49218005681357
5296.0226424021785,3.488898899787941e-05,-0.006332730975004723,-5.365817447664375,-440.72005007890425,-95.7121794088063
5296.671494248231,3.4601042315862365e-05,-0.006310186872135463,-5.369919132747181,-440.3245493011751,-95.19779933933924
5297.320346094284,3.4317622644966135e-05,-0.006287828127795288,-5.374006240535358,-439.92694526729525,-94.68504253817063
5299.550120060323,3.3378241974689876e-05,-0.006212364807371084,-5.387942164773019,-438.54474812367965,-92.93537409475448
5301.779894026361,3.249223628125985e-05,-0.0061389365864427505,-5.401712091769339,-437.1384456560409,-91.20501875637909
5302.428745872414,3.2244399928261065e-05,-0.006117934575099819,-5.405688534729951,-436.72477140614524,-90.70513735857092
5303.077597718467,3.200102571649191e-05,-0.006097091974413723,-5.4096513926903524,-436.3091156161706,-90.20690170208293
5305.307371684506,3.119856854805064e-05,-0.006026641193721448,-5.423167663237571,-434.865799891673,-88.5072978170587
5307.537145650544,3.0447906505968978e-05,-0.005957921965420056,-5.436528774953332,-433.39977405217684,-86.82724162881367
5308.185997496597,3.0239062378439538e-05,-0.005938233732994544,-5.440388193692757,-432.968978185536,-86.34203777017841
5308.83484934265,3.003448343924484e-05,-0.005918679725070806,-5.444234872138501,-432.5363156049658,-85.85849707987131
5311.064623308689,2.93635819411796e-05,-0.005852466630909861,-5.457358102089026,-431.0354210174004,-84.20951750278593
5313.294397274727,2.874130823240764e-05,-0.005787695280953777,-5.470335299187823,-429.5131346452381,-82.58026346292579
5313.94324912078,2.8569147819408434e-05,-0.005769102435833274,-5.474084622399078,-429.06621087493636,-82.10987313076875
5314.592100966833,2.840091748340622e-05,-0.00575062016633415,-5.4778219090916656,-428.61752906625117,-81.64115877505137
5316.821874932872,2.7852220512470843e-05,-0.005687912455953747,-5.490574361999401,-427.06240361978274,-80.04322034839689
5319.05164889891,2.734755091996485e-05,-0.005626379130243267,-5.503188300193237,-425.48713617672786,-78.465132684343
5319.7005007449625,2.72086721695822e-05,-0.00560867978385742,-5.5068332437432215,-425.02502637031796,-78.00965217035925
5320.349352591015,2.7073287320161003e-05,-0.0055910695955849994,-5.510466724511966,-424.56126171508924,-77.55585611035144
5322.579126557054,2.6633920281421076e-05,-0.005531199239925598,-5.522866623145817,-422.9550824717517,-76.00924224913186
5324.808900523092,2.6232822538258393e-05,-0.005472265907511221,-5.535134069094296,-421.3299498012896,-74.48255452221446
5325.457752369146,2.6122950552555337e-05,-0.005455280401402145,-5.538679248072787,-420.85354952797746,-74.04204255174139
5326.106604215199,2.6016045939937723e-05,-0.005438365425275063,-5.542213422509601,-420.3755926803642,-73.6032193758162
5328.336378181238,2.5670471270179456e-05,-0.005380746709148935,-5.554275373204094,-418.7213837596475,-72.10808640630577
5330.566152147276,2.5356697719938228e-05,-0.005323863091770558,-5.566209666737434,-417.0493549044083,-70.63290698202906
5331.2150039933285,2.527099385366528e-05,-0.0053074381814753055,-5.5696587364001395,-416.55951810044644,-70.20738616959298
5331.863855839381,2.5187703114630132e-05,-0.005291068305452238,-5.573097161425409,-416.06821854923703,-69.78355449489838
5334.09362980542,2.491895749386116e-05,-0.005235209713892734,-5.584832665629854,-414.36886600555846,-68.33993612179616
5336.323403771458,2.4675355850213727e-05,-0.005179922331629109,-5.596444254634863,-412.6527768450575,-66.9162522163493
5336.972255617511,2.460882776259291e-05,-0.005163933261803288,-5.599800069527172,-412.1503195492994,-66.50571018675822
5337.621107463564,2.4544153623678683e-05,-0.00514798695586756,-5.6031455197739035,-411.6464892498777,-66.09685376052764
5339.850881429603,2.4335194394093402e-05,-0.005093495500135085,-5.614563532568455,-409.9047527669529,-64.70466475226108
5342.080655395641,2.41450340798831e-05,-0.005039449017586653,-5.625860537828448,-408.14731652188874,-63.332346053663144
5342.729507241695,2.4092892551218836e-05,-0.005023799360440282,-5.629125316385468,-407.63301971437375,-62.93673650054495
5343.378359087747,2.4042101352475767e-05,-0.005008183273235607,-5.632379948625383,-407.1174358317979,-62.54280526446632
5345.608133053786,2.3877044905848698e-05,-0.00495476129048981,-5.643487440176213,-405.3359574366306,-61.201845192539174
5347.837907019824,2.372517179551689e-05,-0.004901692648381597,-5.654476206715575,-403.53977232962467,-59.8806477826295
5348.486758865877,2.368316948763731e-05,-0.004886312121601974,-5.657651688947839,-403.0143839724893,-59.499891654562454
5349.13561071193,2.364207832782757e-05,-0.004870958696587887,-5.660817198314384,-402.4877908411747,-59.12080295283976
5351.365384677969,2.3507186792475605e-05,-0.0048183941911954615,-5.671619677613983,-400.66910104372334,-57.830760532521886
5353.595158644007,2.3380887423764288e-05,-0.004766120884142054,-5.682305274601154,-398.83665558085,-56.560331544535
5354.24401049006,2.3345524375048294e-05,-0.004750961591353976,-5.685392862426075,-398.3008920059202,-56.19431846436625
5354.892862336113,2.3310738536994024e-05,-0.004735825164057625,-5.688470620283729,-397.7640024538964,-55.8299584918895
5357.1226363021515,2.319507270849984e-05,-0.0046839774031582826,-5.698972588698659,-395.91052434428775,-54.590416786518944
5359.3524102681895,2.308458781595621e-05,-0.004632381774754023,-5.70935922942537,-394.04420077647654,-53.37029995817828
5360.001262114243,2.305325593520229e-05,-0.004617413435787721,-5.712360102157541,-393.49874758565073,-53.01888990372142
5360.650113960296,2.302225787767041e-05,-0.004602465388397727,-5.715351268497945,-392.9522437905654,-52.66911541466162
5362.879887926335,2.291796672421134e-05,-0.0045512477810375545,-5.725556581560834,-391.06629567248893,-51.47955791571619
5365.109661892373,2.2816641138311752e-05,-0.004500259413103579,-5.735647946512277,-389.16837221414454,-50.309199967685295
5365.758513738426,2.2787620125819507e-05,-0.0044854641919977135,-5.738563147445044,-388.6138848588801,-49.972225179235146
5366.407365584479,2.2758798106143905e-05,-0.00447068777290746,-5.741468754133947,-388.058418900942,-49.63686541560753
5368.6371395505175,2.2661056464159454e-05,-0.00442005010955132,-5.751380881952282,-386.14221601703036,-48.49668281790379
5370.8669135165555,2.2565151465297043e-05,-0.004369628340314362,-5.761180339924703,-384.214868353567,-47.37544042074101
5371.515765362608,2.2537553874369442e-05,-0.004354995850636894,-5.764010833382991,-383.65197254259414,-47.05270745747397
5372.164617208661,2.25100929384499e-05,-0.004340381232248928,-5.766831838009764,-383.0881668008216,-46.73156621618013
5374.3943911747,2.241673288135506e-05,-0.0042902931932593666,-5.776454026228217,-381.1438226296559,-45.640063584819586
5376.624165140738,2.2324956690511294e-05,-0.0042404115602627124,-5.785964759560671,-379.18912515397204,-44.56721058331768
5377.273016986792,2.2298551665425783e-05,-0.004225934545870015,-5.788711460930106,-378.6184172091871,-44.2585024285962
5377.921868832845,2.2272295056383517e-05,-0.004211474606397168,-5.7914487740823315,-378.0468647171807,-43.95136016579309
5380.151642798884,2.218320170281567e-05,-0.004161912110274492,-5.800784117422723,-376.0763922114628,-42.90776414209096
5382.381416764922,2.2096037896267782e-05,-0.004112546120965289,-5.810009166682453,-374.09631931147305,-41.88249868387463
5383.030268610974,2.2071067651905466e-05,-0.004098217186034754,-5.812672950447563,-373.5183665566184,-41.587576798062
5383.679120457027,2.2046283946606925e-05,-0.0040839043734399215,-5.815327441679579,-372.9396313983686,-41.29419267045697
5385.908894423066,2.1962647163797907e-05,-0.0040348398661740155,-5.824378889830023,-370.94494440942833,-40.297658382722425
5388.138668389104,2.188157834895e-05,-0.0039859589870349646,-5.833321139944112,-368.94137200378333,-39.31910963985971
5388.787520235157,2.185850662229218e-05,-0.0039717685931913655,-5.835902832485219,-368.3567132343967,-39.03771587550254
5389.43637208121,2.1835683364031967e-05,-0.003957593069401472,-5.838475321864145,-367.77133102474073,-38.75782963612762
5391.666146047249,2.1759211801426254e-05,-0.003908990284810717,-5.847245642227659,-365.75424603765856,-37.80744705506055
5393.895920013287,2.168595072730045e-05,-0.003860554435187583,-5.855907775481032,-363.7289534413275,-36.87468131795168
5394.54477185934,2.166526779469349e-05,-0.0038464902013761013,-5.858408140119857,-363.13809949217205,-36.60653964121553
5395.193623705392,2.1644873903645925e-05,-0.00383243928101892,-5.860899382854467,-362.5465779548934,-36.33987333731664
5397.423397671431,2.1577090769371342e-05,-0.003784252350506235,-5.86939110587679,-360.50881615559916,-35.434672926124556
5399.653171637469,2.1512941806758625e-05,-0.0037362125093710085,-5.87777554692398,-358.4634882640424,-34.54669896726017
5400.302023483523,2.1494970696818953e-05,-0.0037222596485987957,-5.880195268341828,-357.8669226652552,-34.29151696491306
5400.950875329576,2.1477316860747172e-05,-0.003708318342305675,-5.882605939502116,-357.26974229783445,-34.03777642125594
5403.180649295615,2.141906653745752e-05,-0.003660494416542802,-5.890821309566143,-355.21293191901214,-33.17673405383418
5405.410423261653,2.1364549541755543e-05,-0.003612796213595979,-5.898930183252277,-353.1491616379861,-32.3325077801279
5406.059275107706,2.1349384590742196e-05,-0.003598938722513555,-5.901269856827298,-352.54734133576267,-32.089977965614395
5406.708126953758,2.133452624097617e-05,-0.0035850909776563578,-5.903600541447451,-351.9449561355064,-31.84885407011765
5408.937900919797,2.12858141250579e-05,-0.0035375747723669403,-5.911541489326861,-349.8706349880652,-31.030895299729476
5411.167674885835,2.1240639927513394e-05,-0.0034901632397062823,-5.919376603506897,-347.7899258100228,-30.22932380806601
5411.816526731888,2.122814018999653e-05,-0.0034763852766015887,-5.921636732327463,-347.1832819226987,-29.999124765052365
5412.465378577941,2.1215927569613267e-05,-0.0034626153426369514,-5.92388792329033,-346.5761201451724,-29.770294596974818
5414.69515254398,2.117607290765595e-05,-0.0034153536388832535,-5.931556065517744,-344.4857382377357,-28.994298424793136
5416.924926510018,2.1139370650726978e-05,-0.0033681772874418784,-5.939118919986712,-342.389506873974,-28.234243620557486
5417.573778356072,2.1129259633695928e-05,-0.003354464255018787,-5.9412999191106115,-341.7784454588975,-28.016041031110607
5418.2226302021245,2.111939333880828e-05,-0.003340757717694728,-5.943472022085137,-341.1669103849631,-27.79916887892348
5420.452404168163,2.1087321441746013e-05,-0.0032937025025278586,-5.950868682695238,-339.0618325580067,-27.063971181187483
5422.682178134201,2.1057949753680028e-05,-0.0032467157900142357,-5.9581604971843065,-336.9514115665334,-26.344253109083297
5423.331029980254,2.1049883598123212e-05,-0.003233054921125672,-5.960262702744804,-336.33631438292065,-26.137700707317357
5423.979881826307,2.1042031258350278e-05,-0.003219399229103252,-5.962356045651975,-335.720785080734,-25.932439015800124
5426.209655792346,2.1016590449700363e-05,-0.0031725090459460846,-5.969482290919469,-333.6022936174614,-25.236835753974518
5428.439429758384,2.0993446065043705e-05,-0.003125673029788499,-5.976504042067375,-331.4789340018641,-24.556235746061116
5429.088281604437,2.0987124674599594e-05,-0.003112053449099131,-5.978527722228149,-330.86015926479394,-24.36097622381866
5429.73713345049,2.098098203373294e-05,-0.0030984379204062194,-5.980542566221274,-330.24099134289787,-24.166966495152504
5431.966907416529,2.0961222322299423e-05,-0.003051677479666243,-5.987399242058196,-328.1102885506549,-23.509716779995756
5434.196681382567,2.09434911700137e-05,-0.0030049588370022065,-5.994151699281841,-325.975162333516,-22.866980469833607
5434.84553322862,2.0938700901912225e-05,-0.0029913711736932517,-5.996097064199444,-325.3530454616889,-22.682646344497154
5435.494385074673,2.0934080483484453e-05,-0.0029777865661403716,-5.998033613367657,-324.73057181646834,-22.499520001653508
5437.724159040712,2.0919450213191195e-05,-0.002931124970908595,-6.0046213762653,-322.5887825942107,-21.87934902614095
5439.95393300675,2.090676454544539e-05,-0.002884493829860565,-6.011105128305649,-320.44298538590533,-21.27318922420062
5440.602784852803,2.0903440528715906e-05,-0.0028709295250968466,-6.012972336902328,-319.817839749986,-21.09940366373843
5441.251636698856,2.0900281048830957e-05,-0.0028573673207341623,-6.014830744594341,-319.1923713145716,-20.92678286981058
5443.481410664895,2.089071509834968e-05,-0.002810775463376146,-6.021150079662776,-317.04054573220526,-20.342384678636144
5445.711184630933,2.0883195564531017e-05,-0.002764202654402172,-6.027365546657437,-314.8850993220418,-19.771484062574658
5446.360036476985,2.0881400362421122e-05,-0.0027506531489621794,-6.029154708966928,-314.2572170014291,-19.607861652055416
5447.008888323038,2.0879791029599537e-05,-0.002737104740729731,-6.03093507961783,-313.6290435038439,-19.445360068895244
5449.238662289077,2.087567815903584e-05,-0.002690552536953722,-6.0369863028351025,-311.4681594193406,-18.89540010171289
5451.468436255115,2.0873854088695897e-05,-0.0026440069521958434,-6.042933732539785,-309.3040144127769,-18.358413652455816
5452.117288101169,2.0873770622690126e-05,-0.0026304629566421467,-6.044644907515621,-308.6736669671512,-18.204561081245803
5452.766139947222,2.0873890183013428e-05,-0.0026169189405721204,-6.046347293997041,-308.0430577037653,-18.051784546468532
5454.995913913261,2.0875920272913866e-05,-0.0025703731001940635,-6.0521305397465,-305.8740234364275,-17.53490188295153
5457.225687879299,2.088053273817067e-05,-0.0025238198541177263,-6.057809990536334,-303.7020619524799,-17.03045899741211
5457.8745397253515,2.0882373882064866e-05,-0.0025102709009155104,-6.059443180377999,-303.0695012113539,-16.885975647953213
5458.523391571404,2.088444710626474e-05,-0.0024967206714237317,-6.061067578054995,-302.43670583847495,-16.74252275182685
5460.753165537443,2.089334927563112e-05,-0.0024501436704831192,-6.066582776985153,-300.26036290483387,-16.257332000959497
5462.982939503481,2.090505222104192e-05,-0.0024035436971682556,-6.07199409411959,-298.081401335112,-15.78403823558166
5463.631791349534,2.090899262927139e-05,-0.002389978152760307,-6.0735492372661,-297.44686020484556,-15.64851666311496
5464.280643195587,2.0913168689822894e-05,-0.0023764099760355214,-6.075095577024283,-296.81210954748036,-15.513979216050233
5466.510417161626,2.092936106577728e-05,-0.0023297608027895546,-6.080342432852445,-294.6292354533253,-15.059072029186737
5468.740191127664,2.094834394062304e-05,-0.0022830724131143445,-6.085485227846674,-292.44402727149406,-14.61551047377343
5469.389042973718,2.0954380333768775e-05,-0.0022694780921033936,-6.086962193715563,-291.80772055567775,-14.488536781008815
5470.03789481977,2.0960642401724127e-05,-0.002255879794487032,-6.088430337126378,-291.1712274290248,-14.362500177627535
5472.267668785809,2.09838216517533e-05,-0.0022091169004865,-6.093408313918432,-288.9825384997709,-13.936446421885659
5474.497442751847,2.1009384905275365e-05,-0.002162299664103238,-6.098281959441248,-286.79177710020775,-13.521178766725306
5475.1462945979,2.1017236308892625e-05,-0.00214866513823172,-6.099680548672566,-286.15390232668176,-13.402332897065032
5475.795146443953,2.102524979340324e-05,-0.0021350254963803683,-6.101070289114166,-285.5158623633998,-13.284376402891757
5478.024920409992,2.1053955699528396e-05,-0.0020881122007597743,-6.105778622546802,-283.3220165874725,-12.885725103634915
5480.25469437603,2.108407613074275e-05,-0.00204113332042142,-6.110382276814646,-281.1263381261651,-12.497292539366166
5480.903546222083,2.1093032631979475e-05,-0.0020274499554248926,-6.111702231146381,-280.4870763726293,-12.38614853518494
5481.5523980681355,2.110204648460439e-05,-0.00201376081366898,-6.113013305025099,-279.84766884778713,-12.275845545145872
5483.782172034174,2.1133241704753508e-05,-0.001966673191054803,-6.117451051953389,-277.64926870505775,-11.903125787334227
5486.011946000212,2.1164170057703785e-05,-0.001919516307677637,-6.121783726908723,-275.4492549151299,-11.540049959466936
5486.660797846266,2.1173005998862786e-05,-0.0019057809920797304,-6.123024752805465,-274.80877162548865,-11.436176256057422
5487.309649692319,2.118171605140823e-05,-0.001892040063208319,-6.124256864973572,-274.168160271445,-11.333094598067095
5489.539423658358,2.1210425723351017e-05,-0.0018447771007835381,-6.128423005108158,-271.96575552116525,-10.984816658587697
5491.769197624396,2.123636178073551e-05,-0.0017974532145464508,-6.132483691596404,-269.7619364796319,-10.645600979201635
5492.418049470449,2.124322275690874e-05,-0.0017836716698001668,-6.13364550133361,-269.1203822647523,-10.54856082794019
5493.066901316502,2.1249715022569415e-05,-0.0017698858995016575,-6.134798368330646,-268.4787160698894,-10.452263207512381
5495.2966752825405,2.126877304076155e-05,-0.0017224814455149777,-6.138691969843066,-266.27280647928274,-10.126920265798498
5497.5264492485785,2.1281668422405413e-05,-0.0016750413670987563,-6.142479830420893,-264.0656633096214,-9.81005195498252
5498.175301094631,2.128405226370055e-05,-0.001661231847180551,-6.14356220346153,-263.4231747287217,-9.719404088486636
5498.824152940684,2.128573716404278e-05,-0.0016474211402523274,-6.144635617286846,-262.7805887165651,-9.629448788928713
5501.053926906723,2.1285702031298742e-05,-0.0015999568640611783,-6.148256074583409,-260.57162672069563,-9.325519622217017
5503.283700872761,2.1275265213563434e-05,-0.0015525042629113042,-6.15177071028895,-258.36159422584177,-9.029472901918721
5503.932552718814,2.1270015657244796e-05,-0.0015387013393439288,-6.152773576386913,-257.71829454769534,-8.944772566636392
5504.581404564867,2.1263683584919945e-05,-0.0015249023280527376,-6.153767490035524,-257.07491053594305,-8.860714531102222
5506.811178530906,2.1233008438594097e-05,-0.0014775204675412338,-6.157114836239013,-254.86330382978556,-8.576667633008455
5509.040952496944,2.1186985980018294e-05,-0.0014302241161910628,-6.160356626936517,-252.6507730602999,-8.29990851428202
5509.689804342997,2.1170422366193448e-05,-0.0014164821110074252,-6.1612801702477995,-252.0067730063285,-8.22070899832606
5510.33865618905,2.115232931995265e-05,-0.0014027515182452898,-6.162194804006507,-251.36270034815306,-8.14210142094717
5512.568430155089,2.1077819614572705e-05,-0.001355665819707296,-6.165270092421032,-249.1488144211365,-7.876400973548031
5514.798204121127,2.098256233575433e-05,-0.0013087693921701306,-6.168240601386553,-246.93413519172574,-7.6173940503527255
5515.44705596718,2.0950637573887885e-05,-0.0012951649800752123,-6.1690853821792535,-246.28953366528737,-7.543248822443049
5516.095907813233,2.091672571860476e-05,-0.0012815820989344707,-6.1699213469664,-245.6448699773908,-7.469645362061537
5518.325681779272,2.078427129983081e-05,-0.0012350853225220094,-6.172727086398047,-243.4290306069104,-7.220759430972241
5520.55545574531,2.0625566735045086e-05,-0.0011889131554703068,-6.175429510430891,-241.2125139788225,-6.977977011907857
5521.2043075913625,2.057415478242076e-05,-0.0011755466805700695,-6.176196598285496,-240.56739878585412,-6.908442559542947
5521.853159437415,2.0520293886317246e-05,-0.0011622145199253122,-6.176955029633046,-239.9222306684185,-6.839400260082798
5524.082933403454,2.0315851312965503e-05,-0.0011166809958399646,-6.179495649365701,-237.7047263895257,-6.605811467470639
5526.312707369492,2.0079993720490387e-05,-0.001071638356678118,-6.1819352869129744,-235.48664713454758,-6.377745242305354
5526.961559215546,2.0005189478304607e-05,-0.0010586334526490266,-6.182626396803598,-234.84109569972156,-6.312384654476447
5527.610411061599,1.992753784357941e-05,-0.0010456781434864263,-6.183309090608365,-234.19549945218537,-6.247467611572813
5529.840185027638,1.9638326063863566e-05,-0.0010015600371324073,-6.185591402577074,-231.97658401488502,-6.02768637737034
5532.069958993676,1.9313381271924117e-05,-0.0009581266459456614,-6.187776104520827,-229.75718306857772,-5.812861632633307
5532.718810839729,1.9211907629049835e-05,-0.0009456278135612423,-6.188393724975618,-229.11126314836997,-5.751248916039961
5533.367662685781,1.9107269262506743e-05,-0.0009331959394832735,-6.189003263997673,-228.46530548204186,-5.6900326717962715
5535.59743665182,1.8723124234211592e-05,-0.0008910121438840171,-6.191036882676026,-226.24520029647215,-5.48261290463649
5537.827210617858,1.83003259932912e-05,-0.0008497279988316433,-6.1929774440338425,-224.02468719576098,-5.279605078962111
5538.476062463911,1.8169918818331256e-05,-0.0008378958917849287,-6.193524944842202,-223.37845758600494,-5.221330129042019
5539.124914309964,1.8036185374222196e-05,-0.0008261495077015893,-6.1940648032624965,-222.73219633064468,-5.163406708058741
5541.354688276003,1.7550995216701106e-05,-0.0007864664612327514,-6.195862478580916,-220.5110928868543,-4.966963583556446
5543.584462242041,1.7026184546393354e-05,-0.0007479094515396979,-6.197572925079165,-218.28964817369103,-4.774416699161523
5544.233314088095,1.686603742709317e-05,-0.000736913758640214,-6.198054630952675,-217.64315940541533,-4.719090771583156
5544.882165934147,1.670257605982337e-05,-0.0007260230044735633,-6.1985292433322785,-216.99664420322796,-4.6640741951052815
5547.111939900186,1.611569009951657e-05,-0.0006894272623941714,-6.200107059350561,-214.7747064405133,-4.477303392826572
5549.341713866224,1.5490678303014924e-05,-0.0006541826493485948,-6.201604781492054,-212.5524840035136,-4.293949629020056
5549.990565712277,1.5301799711615215e-05,-0.0006441926478711537,-6.202025997953793,-211.90577901846925,-4.241211078190305
5550.63941755833,1.510985924643875e-05,-0.0006343260562141012,-6.202440778928124,-211.25905199679698,-4.188743114105821
5552.869191524369,1.442733113959648e-05,-0.000601389152289912,-6.203818171945062,-209.03641859216086,-4.010440613549085
5555.098965490407,1.371103361254291e-05,-0.0005700117808564664,-6.205123861813576,-206.81354791623664,-3.835120021301528
5555.74781733646,1.3496580200558895e-05,-0.0005611848775265758,-6.205490840688952,-206.16666271370545,-3.7846399960898274
5556.396669182513,1.3279556229856346e-05,-0.0005524977229727737,-6.2058521429881015,-205.51975912823224,-3.734395826949704
5558.6264431485515,1.251504641762867e-05,-0.000523734762182005,-6.207051698365159,-203.29654567810974,-3.5634771105226886
5560.8562171145895,1.1724198149535329e-05,-0.0004967058498689196,-6.208189052109131,-201.0731339810965,-3.3951562297021147
5561.505068960643,1.1489615208255658e-05,-0.0004891747276335724,-6.208508886652884,-200.4260982310293,-3.346643950966283
5562.153920806696,1.125322698855208e-05,-0.00048179607340588065,-6.208823887898405,-199.77904707513656,-3.298337378390871
5564.383694772735,1.0428353440046542e-05,-0.00045762060756283793,-6.209870886269038,-197.55534816050272,-3.133854685556467
5566.613468738773,9.587582036651013e-06,-0.00043530214759500115,-6.21086604916699,-195.33148241580525,-2.9716426509116993
5567.262320584826,9.340595247020765e-06,-0.0004291614972841128,-6.211146493430719,-194.68432003986996,-2.9248498504627096
5567.911172430879,9.092793366203781e-06,-0.0004231809628017207,-6.211423006965312,-194.03714462258935,-2.8782376124046176
5570.140946396918,8.236685975540328e-06,-0.00040386001421686133,-6.212344708879484,-191.81303577287898,-2.719393770475
5572.370720362956,7.377685138695156e-06,-0.00038645121746932017,-6.2132254612786895,-189.58878464467364,-2.5625544180109943
5573.019572209008,7.127954293757017e-06,-0.0003817454508784732,-6.213474675136633,-188.94151437506298,-2.5172785062633087
5573.668424055061,6.878593948460433e-06,-0.0003772011466770484,-6.213720887228705,-188.29423287839626,-2.472163275716184
5575.8981980211,6.0263783130875544e-06,-0.00036281574175427465,-6.214545571762361,-186.0697724782775,-2.318320642410977
5578.127971987138,5.185898402775005e-06,-0.0003503175010616001,-6.215340284069461,-183.84518822323687,-2.166279200083235
5578.776823833192,4.944361874185299e-06,-0.00034703130634690767,-6.215566514677156,-183.19782415662215,-2.1223647635210856
5579.425675679245,4.70444471971331e-06,-0.00034390085068231274,-6.215790660099778,-182.5504501902506,-2.078596437302871
5581.655449645284,3.894357591877443e-06,-0.00033431907301526183,-6.21654646850531,-180.32568139549988,-1.929279677347854
5583.885223611322,3.1107221121771496e-06,-0.0003265141159378963,-6.217282892666594,-178.10080180162512,-1.7816228942360655
5584.5340754573745,2.8884393897955395e-06,-0.00032456820733309125,-6.2174941152597105,-177.4533539691707,-1.7389612192466677
5585.182927303427,2.668965800423454e-06,-0.0003227652147266618,-6.217704115657589,-176.8058971434466,-1.6964362087723512
5587.412701269466,1.9379579621845317e-06,-0.0003176363265727015,-6.218417796276701,-174.58084987630858,-1.5513280454652918
5589.642475235504,1.2462967887368005e-06,-0.00031409355358101533,-6.219121808973675,-172.35570030366623,-1.407797135407306
5590.291327081557,1.0530543092255065e-06,-0.0003133479710827682,-6.219325364090124,-171.70817527427232,-1.3663236270990369
5590.94017892761,8.635725249450747e-07,-0.00031272625617941924,-6.219528467634284,-171.06064180770565,-1.324982043911106
5593.169952893649,2.425518463399233e-07,-0.0003115021391461204,-6.220224164573256,-168.83533487847595,-1.1839118176500336
5595.399726859687,-3.2956721271756873e-07,-0.0003116082380752644,-6.220918615048393,-166.60993043196345,-1.0443883775759266
5596.0485787057405,-4.86447917299562e-07,-0.0003118733338135438,-6.221120887616657,-165.96233195387478,-1.0040779851793047
5596.697430551793,-6.389260305135075e-07,-0.0003122386263766062,-6.221323355365489,-165.31472531856397,-0.9638988616401856
5598.927204517832,-1.1284980566987726e-06,-0.0003142191836650397,-6.222021593418862,-163.08916867145732,-0.8268246007866477
5601.15697848387,-1.5638268441744887e-06,-0.00031723090083120753,-6.222725397294036,-160.8635164821794,-0.6913105354657034
5601.805830329923,-1.6801427982487347e-06,-0.0003182836333127592,-6.222931575590731,-160.2158461520877,-0.6521715422816462
5602.454682175976,-1.7918021297993966e-06,-0.00031941030039848403,-6.223138451049032,-159.56816774448652,-0.6131664691409531
5604.684456142015,-2.139697499407378e-06,-0.00032380371034590835,-6.223855429243127,-157.3423647714407,-0.4801519537406349
5606.914230108053,-2.4325261910533112e-06,-0.00032891145520893157,-6.224583000151038,-155.1164663116635,-0.3487451140042816
5607.563081954106,-2.5074744039626065e-06,-0.00033051434557172213,-6.224796937418546,-154.46872424624127,-0.3108118246395648
5608.2119338001585,-2.5778752617896764e-06,-0.0003321644993629172,-6.225011920407837,-153.82097405687207,-0.27301755239819464
5610.441707766197,-2.7854817453092958e-06,-0.0003381536170929006,-6.225759174015471,-151.59492387920105,-0.14420634298943114
5612.671481732235,-2.9415270340394977e-06,-0.0003445481654501169,-6.226520234011222,-149.36877719845606,-0.01707396129643757
5613.320333578288,-2.977553762006954e-06,-0.0003464686063261336,-6.226744421259252,-148.7209626737041,0.019601092467752927
5613.969185424341,-3.009499879980434e-06,-0.0003484113230365281,-6.226969853134197,-148.07313992050084,0.05613046197262473
5616.19895939038,-3.088975535635892e-06,-0.0003552186756678963,-6.227754297320566,-145.84683951275576,0.1805418528733838
5618.428733356418,-3.1240963408370606e-06,-0.0003621537904017733,-6.2285540628049105,-143.6204412655921,0.3031897412069626
5619.077585202472,-3.126472558507679e-06,-0.00036418168184717344,-6.2287897088785,-142.9725532861096,0.3385434423337143
5619.7264370485245,-3.1254927341446136e-06,-0.0003662103328386146,-6.229026663862773,-142.32465697357827,0.3737440434553823
5621.956211014563,-3.0978195854569404e-06,-0.000373155029458211,-6.229850991289326,-140.09810300156545,0.4935317041514336
5624.1859849806015,-3.0356673013605403e-06,-0.00037999958087205207,-6.230690692169013,-137.8714501446975,0.6114667987865146
5624.834836826654,-3.011701386724988e-06,-0.00038196146839298927,-6.230937896122038,-137.2234879089293,0.6454323558675354
5625.483688672707,-2.9852878454282165e-06,-0.0003839073568968073,-6.231186362621832,-136.5755172800663,0.679237356982371
5627.713462638746,-2.8773002626490054e-06,-0.0003904478178579321,-6.232049730704435,-134.34870754744676,0.7941723860971586
5629.943236604784,-2.7459679317918846e-06,-0.0003967214641625661,-6.232927385068421,-132.12179861557152,0.9071689086980974
5630.592088450837,-2.7039912251098374e-06,-0.0003984894762287232,-6.233185375755799,-131.47376185387128,0.9396815721370334
5631.24094029689,-2.6604991296345013e-06,-0.0004002300956223141,-6.2334445014800375,-130.825716713235,0.9720267366239587
5633.470714262929,-2.501006846350219e-06,-0.0004059869237746255,-6.234343411022269,-128.59865115537312,1.0818931089577193
5635.700488228967,-2.3289626527193335e-06,-0.00041137412622442766,-6.2352547448991515,-126.37148707569766,1.1897436709112865
5636.34934007502,-2.277102617012927e-06,-0.0004128683284830121,-6.235522153513154,-125.7233762538522,1.2207449618114152
5636.998191921073,-2.2245854831799977e-06,-0.0004143289524442691,-6.235790519296687,-125.07525715636602,1.251572701793204
5639.227965887112,-2.0403712194082333e-06,-0.00041908453475753644,-6.2367197581803495,-122.84793837807425,1.3561798405991177
5641.45773985315,-1.8527255634665169e-06,-0.0004234255352868084,-6.2376591387258085,-120.62052284352463,1.4587059283057862
5642.106591699203,-1.797920834853617e-06,-0.000424609771392068,-6.2379342656172,-119.9723392418664,1.4881463008880766
5642.755443545256,-1.7431202374638957e-06,-0.0004257586537952316,-6.238210149399122,-119.32414755931524,1.5174081691946328
5644.985217511295,-1.5558525713025413e-06,-0.00042943605405919077,-6.239163671788015,-117.09658097116562,1.6165982265336603
5647.214991477333,-1.3717147893976764e-06,-0.00043269937922367816,-6.240124932301336,-114.86892044571762,1.7136555854547268
5647.8638433233855,-1.3190007815122798e-06,-0.0004335722115605268,-6.24040597483287,-114.22066613830073,1.7414956548159741
5648.512695169438,-1.2667278803569242e-06,-0.0004344110947337892,-6.240687573570383,-113.57240402921542,1.7691534279888879
5650.742469135477,-1.0910147077476513e-06,-0.0004370384714641836,-6.241659212768113,-111.34459767885114,1.8628039502203302
5652.972243101515,-9.219737292496998e-07,-0.00043928148627916637,-6.242636281901976,-109.11670114116257,1.954283755953266
5653.621094947569,-8.741489575018906e-07,-0.0004398641281754873,-6.242921500596903,-108.46837890719432,1.9804943847938399
5654.269946793622,-8.269265231870067e-07,-0.00044041594988209105,-6.243207088585599,-107.82004922274399,2.0065200451185596
5656.499720759661,-6.694508607740516e-07,-0.0004420829154167027,-6.2441910388505635,-105.59201343528363,2.0945431805460664
5658.729494725699,-5.191120605078567e-07,-0.000443406702613688,-6.245178323466812,-103.36389197535085,2.180370282727792
5659.3783465717515,-4.7664753429081206e-07,-0.00044372973876187385,-6.245466134356358,-102.71550517591884,2.2049319208886553
5660.027198417804,-4.347117583947108e-07,-0.00044402532304942864,-6.245754147022005,-102.06711133458424,2.229306938826274
5662.256972383843,-2.943828652004692e-07,-0.0004448372815906215,-6.246745185508376,-99.83885827165568,2.3116466136488585
5664.486746349881,-1.5889516608219644e-07,-0.000445341735803344,-6.2477376916461855,-97.61052464348693,2.3917763287886973
5665.135598195934,-1.2018685290340737e-07,-0.0004454323172052515,-6.2480266827461195,-96.9620770919921,2.4146780402711507
5665.784450041987,-8.171093153040045e-08,-0.0004454977230263353,-6.248315724928534,-96.31362295065956,2.4373923930228867
5668.014224008026,4.923256476212208e-08,-0.00044553384812974283,-6.249309178587429,-94.08516617645685,2.514020951106309
5670.243997974064,1.797207417245096e-07,-0.0004452785064636892,-6.250302387844626,-91.85663438395227,2.58843587572011
5670.892849820118,2.178931168774266e-07,-0.0004451496011051318,-6.25059126709257,-91.20813023041839,2.6096744728254295
5671.54170166617,2.562521529681871e-07,-0.0004449956971287046,-6.250880054172694,-90.55961997101025,2.630725813649845
5673.771475632209,3.902489978460588e-07,-0.000444275859113966,-6.251871548018707,-88.33097408264325,2.7016414973011242
5676.001249598247,5.292922886429599e-07,-0.00044325161220612133,-6.252861097407138,-86.10225904264375,2.7703496248195685
5676.6501014443,5.710156220130731e-07,-0.00044289476896762297,-6.2531485881822,-85.45370268214721,2.7899292615554248
5677.298953290353,6.134083422462972e-07,-0.00044251046452588284,-6.253435837093746,-84.80514072290197,2.809322581339513
5679.528727256392,7.649227755423433e-07,-0.00044097575001466325,-6.254420889345246,-82.57632106766754,2.8745489362319647
5681.75850122243,9.27033315833595e-07,-0.00043909137910284115,-6.255402129702909,-80.34743835977666,2.9375840044019115
5682.407353068483,9.764901073969555e-07,-0.00043847397039403215,-6.25568683735189,-79.69883436542706,2.9555164663709945
5683.056204914536,1.0270466528622854e-06,-0.00043782397086755416,-6.255971131482939,-79.05022529625252,2.9732644694895667
5685.2859788805745,1.2098816272444937e-06,-0.0004353328811962324,-6.256944681602393,-76.82124776644056,3.032852314238874
5687.5157528466125,1.407960568916378e-06,-0.0004324171155582506,-6.257912203689238,-74.59221344992227,3.090276828379711
5688.164604692666,1.4686797592414912e-06,-0.00043148399872066555,-6.258192479131875,-73.94356652294344,3.1065826110926333
5688.813456538719,1.5308334532430022e-06,-0.0004305109272242423,-6.25847213313168,-73.29491505670967,3.12270688079177
5691.043230504758,1.7558067263744924e-06,-0.0004268500782958501,-6.259428090740522,-71.06579592939201,3.1767389718211643
5693.273004470796,1.9989886203767853e-06,-0.00042266728926558674,-6.260375303579501,-68.8366263890128,3.228649842187438
5693.921856316849,2.0732813949588305e-06,-0.0004213462577012491,-6.260649127732723,-68.18794131407125,3.2433599647778255
5694.570708162902,2.1491593941649258e-06,-0.00041997648616013626,-6.260922075563481,-67.53925224174183,3.257892849860293
5696.8004821289405,2.422232643341266e-06,-0.0004148834128519669,-6.261852967054099,-65.3100080207625,3.306490894361965
5699.0302560949785,2.714207371022573e-06,-0.0004091603749096173,-6.2627717998030725,-63.08071979842879,3.353027175157127
5699.679107941031,2.802686355898644e-06,-0.00040737062694571713,-6.263036708472727,-62.43200139186305,3.3661855511019168
5700.327959787084,2.8927068995882716e-06,-0.00040552303064252235,-6.263300433851358,-61.78327952928808,3.379172582948294
5702.557733753123,3.2136351828504007e-06,-0.00039871830016806944,-6.264197208523499,-59.553926749557874,3.4225058521532064
5704.787507719161,3.5515203083865814e-06,-0.00039117906719990836,-6.265077991297508,-57.32453632609874,3.463857703513413
5705.436359565215,3.6528454135922402e-06,-0.0003888418025675745,-6.2653310554107104,-56.67578936770443,3.475523790129984
5706.085211411268,3.7554234137485317e-06,-0.0003864385334633634,-6.265582578930433,-56.02703948524952,3.487026342383185
5708.314985377307,4.117007403296093e-06,-0.0003776639424296043,-6.266434619189051,-53.79759445350105,3.5253208295369145
5710.544759343345,4.4908595899885174e-06,-0.00036806942317611335,-6.267266179965716,-51.56811796255091,3.561738555682366
5711.193611189397,4.601616388241381e-06,-0.0003651195352587474,-6.267504050497463,-50.91934710729484,3.5719899339300456
5711.84246303545,4.713126264092474e-06,-0.00036209776438698684,-6.267739982106349,-50.27057383943701,3.5820877705497036
5714.072237001489,5.101166379390381e-06,-0.0003511568721582359,-6.268535342232968,-48.041052307705506,3.61563463745666
5716.302010967527,5.494237786779288e-06,-0.0003393451288605549,-6.269305335742405,-45.811505187751266,3.6474364997480477
5716.95086281358,5.609101857357709e-06,-0.0003357427906095072,-6.269524356273162,-45.16271486107826,3.656370999957322
5717.599714659633,5.724008659033089e-06,-0.0003320661966183386,-6.269741015258474,-44.51392260047595,3.665164325660728
5719.829488625672,6.118077124517903e-06,-0.00031886282759643057,-6.270466889955055,-42.28433939431297,3.69432630583755
5722.05926259171,6.507938544582437e-06,-0.00030478546534952347,-6.271162349719453,-40.054736010647765,3.7219037873267995
5722.7081144377635,6.620040649310959e-06,-0.0003005262092083552,-6.271358732083304,-39.40593029837727,3.72964078057182
5723.356966283816,6.731358143051092e-06,-0.0002961947895170431,-6.2715523291043995,-38.75712308614946,3.7372514166782986
5725.586740249855,7.106518938825767e-06,-0.00028076442697211134,-6.272195725859881,-36.52749173329815,3.76246591261394
5727.816514215893,7.467184021039767e-06,-0.000264513701734041,-6.272803801782979,-34.29784502289729,3.78628524256466
5728.465366061946,7.568837705739445e-06,-0.0002596353735806363,-6.2729738515824796,-33.64902757230308,3.7929657680145197
5729.114217907999,7.668831460234832e-06,-0.00025469193247353055,-6.27314071846841,-33.00020900154326,3.7995371330209706
5731.343991874038,7.998447319466006e-06,-0.00023722014884634165,-6.273689276352671,-30.770541422329593,3.821314983187855
5733.573765840076,8.303638516276897e-06,-0.00021904062709564244,-6.274198087060632,-28.540862625495294,3.841914040303234
5734.222617686129,8.387349162492088e-06,-0.00021362536057286288,-6.274338455829023,-27.892036576321686,3.847699543275346
5734.871469532181,8.468647885664535e-06,-0.00020815679394832096,-6.274475298710117,-27.243209727566608,3.85339522841568
5737.10124349822,8.728415064974404e-06,-0.0001889780529255103,-6.274918160165214,-25.013516050281016,3.872314552047082
5739.331017464258,8.956110511072697e-06,-0.00016925584616692347,-6.275317651459999,-22.783814588809502,3.890294779851381
5739.979869310311,9.016028078770754e-06,-0.00016342496905186394,-6.275425580900878,-22.13498255059711,3.895364401106978
5740.628721156364,9.073060385236295e-06,-0.00015755623194678648,-6.275529720741778,-21.4861499750659,3.9003653043719555
5742.858495122403,9.246404820196005e-06,-0.00013712560343588978,-6.275858322263564,-19.25643852557148,3.9170604851386535
5745.088269088441,9.384793869088363e-06,-0.00011634742732167501,-6.276140980625483,-17.026722067232058,3.933074198635853
5745.737120934495,9.41852258484233e-06,-0.0001102469918143853,-6.276214491693132,-16.37788615247083,3.937620790387829
5746.3859727805475,9.449437437315888e-06,-0.00010412541679499534,-6.276284043485553,-15.729049911617007,3.9421210156631634
5748.615746746586,9.534387570316583e-06,-8.295502533560426e-05,-6.276492646019943,-13.49932739845818,3.9572677852706573
5750.845520712624,9.589350428102191e-06,-6.162864670403014e-05,-6.276653869458532,-11.269602116073656,3.97200225001682
5751.494372558677,9.600273763765685e-06,-5.540308023651804e-05,-6.276691835187081,-10.620764029069353,3.976227605384598
5752.14322440473,9.609258220293288e-06,-4.9170522120041326e-05,-6.27672576308378,-9.971925789242144,3.9804296536441734
5754.372998370769,9.626923399199566e-06,-2.772185089143778e-05,-6.276811493918391,-7.742197671699365,3.994728406943432
5756.602772336807,9.631119564255177e-06,-6.248806735019759e-06,-6.276849371891225,-5.512468672491038,4.0088893532127114
5757.25162418286,9.631124678215661e-06,0.0,-6.276851397880066,-4.863629844886792,4.012999530118963
