sLap,u,Kt,aTheta,xi,yi
0.0,4.954114509067917e-13,1.1828244304538551e-05,-0.00010113186072486376,-4.977950753786788,0.0007113901175749858
0.6034305472636251,7.53965188158392e-14,1.1828245745081632e-05,-9.399433221378389e-05,-4.374520209396337,0.0006525175718121837
2.6771145982314883,1.4030275609930943e-11,1.1828251731722846e-05,-6.946629541174943e-05,-2.300836165406403,0.0004830347071550658
4.750798649199352,7.797567730379476e-11,1.1828338488648966e-05,-4.493816244928667e-05,-0.2271521178831668,0.00036441534079122953
5.354229196462977,1.1088267744020298e-10,1.1828393776048638e-05,-3.780056983125451e-05,0.3762784288628229,0.00033945179389061454
5.957659743726602,1.5271025844648923e-10,1.1828473826459247e-05,-3.0662922574490956e-05,0.9797089757716103,0.00031879535708686363
8.031343794694465,3.665204612224755e-10,1.182899018852227e-05,-6.13396909428166e-06,3.053393026336519,0.00028064250527503666
10.105027845662327,7.076297173679e-10,1.1830081914401054e-05,1.8396651719086414e-05,5.127077077213403,0.0002933566818370836
10.708458392925953,8.343233339538117e-10,1.1830545540688824e-05,2.5535410531289195e-05,5.730507624330174,0.00030661159728258167
11.31188894018958,9.725270408293021e-10,1.1831090130459834e-05,3.267449610163317e-05,6.333938171336914,0.0003241745088887069
13.385572991157442,1.5503820700515473e-09,1.183367805907188e-05,5.721088625262158e-05,8.407622220158597,0.0004173702786539486
15.459257042125305,2.289860065417562e-09,1.1837631853925368e-05,8.175405913741812e-05,10.48130626606877,0.0005614538018786825
16.06268758938893,2.535812416388898e-09,1.183908702119066e-05,8.889766653030085e-05,11.084736811134498,0.0006129418824578022
16.666118136652553,2.7967108867772832e-09,1.1840695202910395e-05,9.604222361648603e-05,11.688167355816908,0.000668741203675172
18.739802187620416,3.7992104954760706e-09,1.1847505850985955e-05,0.00012060275741210441,13.761851394567012,0.0008933649807152784
20.813486238588283,4.965363252820033e-09,1.1856565048973285e-05,0.00014517974573105866,15.835535427172237,0.0011689366053362243
21.416916785851907,5.3353638223052e-09,1.1859672263967523e-05,0.0001523352724994677,16.438965967758044,0.0012587011582741532
22.02034733311553,5.717514044216365e-09,1.1863005861680639e-05,0.0001594927666250803,17.042396507685826,0.0013527845854238835
24.094031384083394,7.130638284451059e-09,1.187630249472081e-05,0.00018410614700835437,19.116080528000015,0.0017090370606362725
26.167715435051257,8.687687501122282e-09,1.189267872842407e-05,0.00020875029346688456,21.189764538910683,0.0021163618088787884
26.771145982314884,9.165787707324462e-09,1.1898065393245901e-05,0.0002159282983093344,21.793195072569432,0.002244493418048603
27.37457652957851,9.655737227472812e-09,1.1903743190737466e-05,0.00022310966142740705,22.39662560529236,0.0023769580037824303
29.44826058054637,1.1416489835589391e-08,1.192557257230159e-05,0.00024781624659242344,24.470309598724384,0.0028652252742521677
31.521944631514238,1.3288285543427465e-08,1.1951168332619287e-05,0.0002725720041376073,26.543993579445956,0.003404777178742418
32.12537517877786,1.3852263796723468e-08,1.1959357049279889e-05,0.00027978614884245813,27.147424103695244,0.0035714315204899184
32.728805726041486,1.442301635561018e-08,1.1967886999078705e-05,0.00028700535214596165,27.75085462672563,0.0037424412518637846
34.80248977700935,1.644020534210984e-08,1.1999874870756398e-05,0.0003118553991845537,29.824538584682507,0.004363353011371262
36.87617382797721,1.852922949751072e-08,1.2036120236785195e-05,0.0003367761933115345,31.898222526544405,0.005035869268127626
37.47960437524084,1.9147872168998233e-08,1.2047488516151403e-05,0.0003440425613406303,32.50165303884477,0.005241281997667413
38.08303492250447,1.9771871610975253e-08,1.2059230550274643e-05,0.00035131591020285394,33.1050835496352,0.0054510822699676605
40.15671897347233,2.1942419477672528e-08,1.2102476235740944e-05,0.00037636699975123215,35.178767463297625,0.006205558166284699
42.23040302444019,2.4144474155719225e-08,1.2150255619286365e-05,0.000401512467916534,37.25245135736922,0.007012079959481309
42.83383357170381,2.4789478138595847e-08,1.2165020118795672e-05,0.0004088487358567065,37.85588185509906,0.007256577496367935
43.43726411896744,2.5434533033673933e-08,1.218017275312135e-05,0.00041619403224505823,38.459312351016955,0.007505505400277594
45.510948169935304,2.7655734038438948e-08,1.2235220041475865e-05,0.0004415081427098609,40.53299621125007,0.008394786483165608
47.58463222090317,2.987075294438441e-08,1.2294866989068082e-05,0.00046694117297857364,42.606680048249295,0.009336684329103966
48.18806276816679,3.0511686440249445e-08,1.2313086062885551e-05,0.00047436574923619845,43.21011052867791,0.009620690075047183
48.791493315430415,3.1151665164304806e-08,1.233169065952955e-05,0.00048180143225086283,43.8135410069786,0.009909180098462709
50.86517736639828,3.332986019406685e-08,1.2398554506622208e-05,0.0005074420161279864,45.88722480423882,0.010934844474750143
52.93886141736614,3.5469331482180256e-08,1.2469895091605246e-05,0.0005332258961683937,47.96090857443885,0.012013827889492675
53.54229196462977,3.608349437846983e-08,1.2491484180176154e-05,0.0005407571099585802,48.56433903469938,0.012337863938544927
54.145722511893396,3.669223831545315e-08,1.2513441481280975e-05,0.0005483014542729324,49.16776949249902,0.012666449192360034
56.21940656286126,3.874841439653607e-08,1.2591672694591301e-05,0.0005743307664660816,51.24145321674186,0.013830412610945267
58.29309061382912,4.073992788687832e-08,1.2674100722555384e-05,0.0006005266569123662,53.31513690988054,0.015048525305477
58.89652116109274,4.130556343003449e-08,1.269885590009603e-05,0.0006081820533954745,53.918567346944045,0.015413210076589762
59.49995170835637,4.186586883294102e-08,1.2723950243154814e-05,0.0006158524786541727,54.52199778119389,0.015782519507469433
61.57363575932423,4.3738701181417066e-08,1.2812723070154343e-05,0.0006423293185545457,56.595681421787155,0.017087022692594295
63.647319810292096,4.552813855862263e-08,1.2905293092314107e-05,0.0006689941823419477,58.66936502698316,0.01844662541803196
64.25075035755572,4.6032847314015476e-08,1.2932918898813039e-05,0.0006767899568586645,59.27279543763475,0.018852667875786818
64.85418090481934,4.652896304175332e-08,1.2960846329080862e-05,0.0006846024786733597,59.87622584509764,0.019263420151089877
66.9278649557872,4.817581030937859e-08,1.3059056631219516e-05,0.0007115804344364301,61.949909390743144,0.020711005365433608
69.00154900675507,4.972767812674395e-08,1.3160583495585826e-05,0.0007387654860877836,64.02359289642149,0.022214749047862366
69.6049795540187,5.016047422097515e-08,1.319072196733874e-05,0.0007467160718280002,64.62702327723956,0.022662940301888763
70.20841010128233,5.0585963421917837e-08,1.3221119249011278e-05,0.0007546849068683795,65.23045365446943,0.023115935165506227
72.28209415225018,5.198229694491972e-08,1.3327483605538527e-05,0.0007822111315638473,67.30413709313513,0.024709414794486007
74.35577820321805,5.327867098883157e-08,1.3436639874433482e-05,0.0008099608171011108,69.37782048696397,0.02636020679264623
74.95920875048168,5.363752053704752e-08,1.346889843101781e-05,0.00081807862603602,69.98125083430253,0.026851409902383962
75.5626392977453,5.39869088990449e-08,1.3501370693085902e-05,0.000826215949653145,70.58468117762715,0.02734751782777496
77.63632334871316,5.5124617353413445e-08,1.361451925284031e-05,0.0008543304539884072,72.65836449649122,0.029089937809014192
79.71000739968103,5.6163117611700174e-08,1.3729924197244217e-05,0.0008826819322018517,74.73204776533045,0.030890904072590528
80.31343794694465,5.644636717630964e-08,1.3763900715745292e-05,0.0008909772384044308,75.33547807530509,0.03142604285287291
80.91686849420827,5.672240747764682e-08,1.3798046136172418e-05,0.0008992930829230843,75.9389083808125,0.03196619378204492
82.99055254517613,5.760736308877304e-08,1.3916604254957404e-05,0.0009280284968539302,78.0125915662192,0.03386079453004538
85.064236596144,5.83985267969041e-08,1.403690024469231e-05,0.0009570115647624483,80.08627469608061,0.03581524019987848
85.66766714340763,5.861203916291113e-08,1.4072204245752706e-05,0.0009654925119328825,80.68970496455778,0.03639528774360556
86.27109769067125,5.881697491127854e-08,1.4107634757473233e-05,0.0009739947867947262,81.29313522808583,0.03698045961725708
88.34478174163911,5.9466192678808934e-08,1.4230290381041215e-05,0.0010033765210528064,83.36681826551249,0.0390306367764145
90.41846579260698,6.003054986283226e-08,1.4354204290120033e-05,0.0010330139089645377,85.44050124153111,0.04114200741092428
91.02189633987061,6.017891188886157e-08,1.4390473658847773e-05,0.0010416866195954817,86.04393146412042,0.04176797493481067
91.62532688713424,6.03215454689633e-08,1.4426831153541927e-05,0.0010503812304521359,86.64736168124944,0.042399182605996996
93.69901093810209,6.076020270439057e-08,1.455238650979735e-05,0.0010804279571791095,88.72104455528373,0.044608449560288053
95.77269498906996,6.112530256129455e-08,1.4678775235184375e-05,0.0011107359101180014,90.79472736169846,0.04688029474634837
96.37612553633357,6.121889788904737e-08,1.4715688309299584e-05,0.0011196046717826002,91.39815753374772,0.047553221238714145
96.9795560835972,6.130580021336405e-08,1.4752656208768768e-05,0.0011284957139281412,92.00158769979578,0.04823150623425579
99.05324013456506,6.156432894507818e-08,1.4880063655753867e-05,0.0011592200814915113,94.07527039412132,0.050603459855168384
101.12692418553293,6.176190298906717e-08,1.5007944009264742e-05,0.0011902091421750278,96.14895301426323,0.053039400509011396
101.73035473279656,6.180816885490038e-08,1.5045227179751101e-05,0.0011992766464006656,96.75238313085549,0.053760343526506604
102.33378528006018,6.185081427152007e-08,1.5082537553216679e-05,0.0012083666481008996,97.35581324087576,0.0544867649883096
104.40746933102804,6.196221902178648e-08,1.521092040505531e-05,0.0012397761470889395,99.42949573826408,0.05702505565069657
106.48115338199591,6.202561867227763e-08,1.5339484501442872e-05,0.0012714520594712194,101.50317815455037,0.05962875586849679
107.08458392925954,6.20362606890471e-08,1.537691570460772e-05,0.0012807196701009455,102.10660821050253,0.06039878370057524
107.68801447652316,6.204237953090453e-08,1.5414352328803396e-05,0.0012900098629525128,102.71003825928184,0.061174410711849585
109.76169852749102,6.203988869932637e-08,1.5543012176398172e-05,0.0013221077667256993,104.78372054158906,0.06388271717839257
111.83538257845889,6.20018826620839e-08,1.567163003513744e-05,0.001354472426837032,106.85740273552089,0.06665786108180312
112.4388131257225,6.198432470016508e-08,1.570903866676276e-05,0.0013639404572473625,107.46083272538323,0.06747804638432243
113.04224367298613,6.196524397215783e-08,1.574643657623179e-05,0.0013734310532582024,108.0642627074418,0.06830395176974842
115.11592772395399,6.188035490294647e-08,1.5874849067272935e-05,0.0014062173658560418,110.13794475560755,0.07118596115861768
117.18961177492186,6.177133801424844e-08,1.6003060508467915e-05,0.0014392697569315677,112.21162670776961,0.07413623481483916
117.79304232218549,6.173617207325e-08,1.6040324384706158e-05,0.0014489377385941973,112.81505662582568,0.07500764971183324
118.39647286944911,6.169839736533772e-08,1.607756654002048e-05,0.0014586281968487064,113.41848653541705,0.07588490530028023
120.47015692041697,6.155934648964627e-08,1.620536782376285e-05,0.0014921005522976283,115.49216832946428,0.07894429802030077
122.54384097138484,6.140597358348789e-08,1.633286591023893e-05,0.0015258376128626711,117.5658500195244,0.08207337620975319
123.14727151864847,6.135865085526427e-08,1.6369905934042385e-05,0.0015357045411945928,118.16927985979089,0.08299708877782139
123.7507020659121,6.131145772620762e-08,1.6406917672288255e-05,0.0015455938104456638,118.77270969090159,0.08392676203370555
125.82438611687995,6.11421135432727e-08,1.6533883789682936e-05,0.0015797482795879328,120.84639120993572,0.08716720130389348
127.89807016784782,6.096635450527541e-08,1.6660492089555014e-05,0.0016141656653426105,122.92007261664324,0.09047873866625873
128.50150071511143,6.091488480617712e-08,1.66972652827858e-05,0.0016242302123352856,123.52350237286944,0.09145581065026104
129.10493126237506,6.086214000685903e-08,1.673400720399462e-05,0.0016343169394091167,124.12693211921852,0.09243896251600411
131.17861531334293,6.068130396492872e-08,1.686002865416041e-05,0.001669148712497744,126.20061334142459,0.09586408788397385
133.25229936431077,6.049989194066936e-08,1.6985674510307513e-05,0.0017042414248259953,128.27429444260676,0.09936171379600808
133.85572991157443,6.044676315313186e-08,1.702216603550386e-05,0.0017145021113929078,128.87772410827318,0.10039319935779406
134.45916045883806,6.039475258830035e-08,1.7058625948564718e-05,0.0017247848087216192,129.48115376331083,0.1014308831049554
136.53284450980593,6.021583245152068e-08,1.718367952549133e-05,0.0017602887336356072,131.5548346659482,0.10504430724008239
138.60652856077377,6.004007399727683e-08,1.7308365356749216e-05,0.0017960515988634188,133.62851543850397,0.10873162366373508
139.2099591080374,5.999017122080249e-08,1.734458010603091e-05,0.001806506923068011,134.23194500682044,0.10981856893658017
139.81338965530102,5.99396279640159e-08,1.7380764600372765e-05,0.0018169840918567136,134.83537456372574,0.11091182979611172
141.8870737062689,5.977064861254235e-08,1.75048844024068e-05,0.0018531550585076605,136.9090551231204,0.11471713775461957
143.96075775723673,5.960655102415939e-08,1.7628658856271855e-05,0.0018895830523409979,138.9827355430116,0.11859771923707771
144.56418830450036,5.955926227609982e-08,1.7664613118501043e-05,0.0019002315725846263,139.58616500691448,0.11974116244590938
145.167618851764,5.9513389128685944e-08,1.7700539270324695e-05,0.0019109017810001955,140.18959445859286,0.12089103777713991
147.24130290273186,5.9357294549819364e-08,1.782378856606252e-05,0.0019477349521089937,142.26327465012702,0.12489178791204093
149.3149869536997,5.9205972335730216e-08,1.7946719119150062e-05,0.00198482337283088,144.33695469236721,0.1289691829145231
149.91841750096336,5.9163280764834575e-08,1.7982432775873503e-05,0.001995663747655173,144.9403840445161,0.130170154824141
150.52184804822699,5.911993708610727e-08,1.801812042694507e-05,0.002006525665959188,145.54381338359568,0.13137767458575955
152.59553209919486,5.897514605076997e-08,1.814056583542498e-05,0.002044016562791261,147.61749318169598,0.13557740029858847
154.6692161501627,5.883346090478808e-08,1.826271421336078e-05,0.002081761064740261,149.6911728203383,0.13985513307168174
155.27264669742632,5.879218781896433e-08,1.8298203844069598e-05,0.0020927920531222254,150.29460205311244,0.1411146575401431
155.87607724468995,5.8752058704934635e-08,1.8333668831832747e-05,0.0021038444498556763,150.8980312719406,0.14238084484274974
157.94976129565782,5.8613229861266244e-08,1.8455358055772676e-05,0.0021419889087172855,152.9717106500656,0.14678305643985237
160.02344534662566,5.847463005094125e-08,1.8576759630025057e-05,0.0021803854143344673,155.04538985819045,0.1512646287434983
160.6268758938893,5.84346536258071e-08,1.8612032851329825e-05,0.002191605842238298,155.64881896368504,0.15258372318380042
161.23030644115292,5.839354841477883e-08,1.8647281502796154e-05,0.002202847547414368,156.25224805432484,0.15390959473067872
163.3039904921208,5.8252522581058426e-08,1.8768225648452943e-05,0.0022416415687889217,158.32592698495313,0.15851778074818587
165.37767454308863,5.810804121199735e-08,1.888887376824329e-05,0.0022806860831773215,160.39960573465677,0.16320667282795834
165.9811050903523,5.806463231074189e-08,1.8923925069131978e-05,0.0022920947836959538,161.00303470468,0.16458634841634673
166.58453563761591,5.802175694768145e-08,1.8958950220220464e-05,0.0023035246264921268,161.60646365890707,0.16597291467524972
168.65821968858378,5.7868637462537674e-08,1.9079111547056376e-05,0.0023429641437136147,163.68014211352758,0.17079054216790082
170.73190373955163,5.770802081900098e-08,1.9198947579089147e-05,0.0023826525002827803,165.75382037591388,0.17569021254025297
171.33533428681525,5.7660147350345194e-08,1.9233755866975524e-05,0.0023942482359774037,166.35724920198467,0.17713147405228974
171.93876483407888,5.761047333242559e-08,1.9268534610348564e-05,0.0024058649656611944,166.96067801128524,0.17857973904459387
174.01244888504675,5.743481636069921e-08,1.938782037412612e-05,0.002445945564052559,169.0343559603912,0.1836102524888081
176.0861329360146,5.724774440174234e-08,1.9506730045304475e-05,0.002486273133481163,171.108033705567,0.18872413625117407
176.68956348327822,5.71904603923357e-08,1.9541258060278026e-05,0.0024980545105231103,171.7114623789141,0.19022798145557926
177.29299403054185,5.713306146539804e-08,1.957575137916143e-05,0.002509856710310799,172.31489103448425,0.19173894209863332
179.36667808150972,5.692513771085848e-08,1.969401425481427e-05,0.0025505733307949175,174.3885684475719,0.19698576073448842
181.44036213247756,5.6702507400398403e-08,1.9811830713918258e-05,0.0025915347282546575,176.46224564464828,0.20231726629639282
182.04379267974122,5.663530410284702e-08,1.9846026421769076e-05,0.0026035001126927587,177.0656741562108,0.2038846848901463
182.64722322700484,5.6565756140192106e-08,1.9880180808101556e-05,0.0026154861169270377,177.66910264895728,0.20545932988253968
184.7209072779727,5.631785266987643e-08,1.999722619265889e-05,0.0026568327802305985,179.74277949453037,0.21092584350750537
186.79459132894056,5.60530809321421e-08,2.0113740014015078e-05,0.002698421607534287,181.8164561116294,0.21647834783098957
187.39802187620418,5.5972287457874686e-08,2.0147540024880115e-05,0.002710569054435316,182.41988445205973,0.21811031995572847
188.0014524234678,5.589102771929535e-08,2.0181291127714372e-05,0.002722736879857139,183.02331277260268,0.21974962825199387
190.07513647443568,5.559874316985911e-08,2.02968914158555e-05,0.002764706468491955,185.09698901818356,0.22543919167600507
192.14882052540352,5.5289050346486234e-08,2.041186754855809e-05,0.002806915128449985,187.17066502245189,0.2312160343121693
192.75225107266715,5.519618509194908e-08,2.0445202547766636e-05,0.002819242334753949,187.77409318211963,0.23291352874986992
193.35568161993078,5.5100895628939024e-08,2.0478480824180706e-05,0.002831589636697423,188.37752132079723,0.23461846772913297
195.42936567089865,5.476438483946992e-08,2.0592396507089825e-05,0.002874173771769691,190.45119693294413,0.24053439429990212
197.5030497218665,5.441200097878141e-08,2.070559791507451e-05,0.0029169933913865006,192.52487229057206,0.24653887070685918
198.10648026913015,5.430612946829171e-08,2.073840000820561e-05,0.0029294976830263335,193.1283002595703,0.24830284291024723
198.70991081639377,5.420006368501405e-08,2.0771138275124154e-05,0.002942021747025424,193.73172820644487,0.25007436640059594
200.78359486736164,5.382516821981928e-08,2.088314542620156e-05,0.002985210795377486,195.80540315077374,0.25621992120298637
202.85727891832948,5.343840503068797e-08,2.0994362857577074e-05,0.003028631292357754,197.8790778270193,0.2624552760215989
203.4607094655931,5.332442743145256e-08,2.1026574644694332e-05,0.0030413096554423127,198.4825055951715,0.2642866661894288
204.06414001285674,5.32087115944986e-08,2.1058717328979745e-05,0.003054007433930686,199.08593334003663,0.2661257125640005
206.1378240638246,5.280791258191008e-08,2.116864069997425e-05,0.003097790677897495,201.15960758124686,0.2725041060795649
208.21150811479245,5.24020232174502e-08,2.127772766255794e-05,0.0031418010009821706,203.23328154046112,0.27897352721818763
208.81493866205608,5.228291381258195e-08,2.1309312741236132e-05,0.003154650165549119,203.83670909732885,0.280873258674798
209.4183692093197,5.216476383377265e-08,2.1340826520395977e-05,0.003167518367975626,204.44013662971702,0.2827807492840431
211.49205326028758,5.17578730992385e-08,2.1448577075977223e-05,0.0032118843648465374,206.51381013161637,0.2893951324567228
213.56573731125542,5.135562216518524e-08,2.1555488679471884e-05,0.0032564729324652568,208.58748333726786,0.29610174698441966
214.16916785851907,5.12405653866965e-08,2.1586443157240653e-05,0.0032694895153903,209.19091067215723,0.29807072516367594
214.7725984057827,5.112541791939726e-08,2.1617328550458656e-05,0.003282524758076704,209.7943379813461,0.30004756340777766
216.84628245675057,5.073992454374344e-08,2.172294382170776e-05,0.0033274619089013685,211.8680107068714,0.3069010251879238
218.9199665077184,5.037177280892851e-08,2.1827777682034004e-05,0.0033726172622298737,213.94168312156302,0.3138478981453645
219.52339705498204,5.026818643552182e-08,2.185814213463675e-05,0.0033857979732521697,214.54511022352926,0.31588701050766227
220.12682760224567,5.016770642888407e-08,2.1888445470172466e-05,0.0033989969926094153,215.14853729854582,0.31793408188004235
222.20051165321354,4.983868005146121e-08,2.199213061950756e-05,0.0034444943300232377,217.2222092097736,0.32502965039856085
224.27419570418138,4.9542493688569715e-08,2.2095167521998604e-05,0.003490206005547985,219.29588079524822,0.33221978769371874
224.877626251445,4.946390702495282e-08,2.2125038692971603e-05,0.0035035479169791776,219.89930765309572,0.33432990491719144
225.48105679870864,4.9387842074605194e-08,2.215486372509484e-05,0.003516907846217795,220.50273448271582,0.33644807836042695
227.5547408496765,4.915730250270921e-08,2.225703070671943e-05,0.0035629560383206253,222.57640554085606,0.34378872690402135
229.62842490064435,4.897748819280694e-08,2.235877221619404e-05,0.0036092156513163774,224.65007625798114,0.3512250834516586
230.231855447908,4.893524008378842e-08,2.2388313600217263e-05,0.0036227165278169397,225.25350286025764,0.3534070622309222
230.83528599517163,4.889910904291566e-08,2.2417831907437596e-05,0.0036362352330149717,225.85692943299915,0.35559719313603566
232.9089700461395,4.8814767587533405e-08,2.25191336084042e-05,0.0036828277849825083,227.93059959836484,0.3631858520387239
234.98265409710734,4.880075196680386e-08,2.262033332862077e-05,0.0037296302989337443,230.0042694070909,0.3708713462139538
235.58608464437097,4.881150481569953e-08,2.2649783648674394e-05,0.003743288978787573,230.60769574207254,0.373126033967428
236.1895151916346,4.882807103909047e-08,2.2679242803833406e-05,0.003756965445144674,231.21112204617967,0.3753889691122138
238.26319924260247,4.894137113733312e-08,2.2780598600129695e-05,0.003804100062335893,233.28479127812355,0.3832285445333131
240.3368832935703,4.914535135834952e-08,2.288228336599483e-05,0.0038514452005148367,235.35846013740596,0.3911660798264601
240.94031384083394,4.92223709969229e-08,2.2911961834199717e-05,0.0038652620141970844,235.9618861930719,0.3934943215526107
241.54374438809756,4.930891986461012e-08,2.2941690230470703e-05,0.003879096767599631,236.56531221648805,0.39583090621054656
243.61742843906543,4.967231933025832e-08,2.304429903896139e-05,0.003926776823830753,238.6389804732993,0.4039243065223544
245.69111249003328,5.0146246960676e-08,2.3147776023374338e-05,0.003974670558472808,240.71264834097707,0.41211680099299475
246.29454303729693,5.0306481271542827e-08,2.317808320359347e-05,0.003988647764149307,241.31607410497074,0.4145194484234853
246.89797358456056,5.047584586200113e-08,2.3208490344566958e-05,0.004002643306970958,241.9194998352982,0.4169305357787074
248.97165763552843,5.1139325212195187e-08,2.3313827051067234e-05,0.0040508793400235305,243.99316707405063,0.4252807059281475
251.04534168649627,5.19311170477278e-08,2.3420672643891334e-05,0.004099335372601103,246.06683390667442,0.43373112965211236
251.6487722337599,5.218602329507844e-08,2.3452085709080683e-05,0.0041134775817727506,246.6702593662493,0.436209052723684
252.25220278102353,5.2453419622708796e-08,2.3483656762260907e-05,0.004127638815400287,247.27368479069347,0.43869551559746434
254.3258868319914,5.346024010703299e-08,2.3593447921399227e-05,0.0041764499497034735,249.34735096703955,0.4473054793294317
256.39957088295927,5.460926745618109e-08,2.370547435417182e-05,0.004225491073807941,251.42101671964357,0.4560168995102698
257.00300143022287,5.497146836036068e-08,2.373853558977487e-05,0.004239805633969662,252.0244418615928,0.45857100001663026
257.60643197748647,5.5345094567781875e-08,2.3771819062825024e-05,0.004254140234236746,252.6278669668896,0.46113374474646235
259.68011602845434,5.672689460593945e-08,2.3887994061495472e-05,0.004303555409341059,254.70153203479677,0.47000665398306424
261.7538000794222,5.82588597636844e-08,2.40071901743734e-05,0.004353214627105405,256.77519666061204,0.47898228676248766
262.35723062668586,5.873259605083047e-08,2.4042487723561856e-05,0.004367711922479176,257.37862147118057,0.4816135138542004
262.96066117394946,5.922010901754451e-08,2.4078075285873773e-05,0.004382230628473951,257.98204624350694,0.48425349596985107
265.03434522491733,6.0991492435383e-08,2.4202689804298442e-05,0.004432289493094871,260.0557101549357,0.4933926859378726
267.1080292758852,6.29128808404337e-08,2.433113314373959e-05,0.004482610738737703,262.1293736050468,0.5026359532003164
267.71145982314886,6.350039713195584e-08,2.4369273253395798e-05,0.004497304365413748,262.7327980698279,0.5053453201789148
268.31489037041246,6.409924929367704e-08,2.440777099627917e-05,0.0045120211375625835,263.3362224946961,0.5080635612952542
270.3885744213803,6.625210397797594e-08,2.4542900647178256e-05,0.00456277445463037,265.4098851992237,0.5174726092025154
272.4622584723482,6.854447992640672e-08,2.4682639300010298e-05,0.004613812766706935,267.4835474221742,0.5269871978499702
273.0656890196118,6.923634626421582e-08,2.4724209710848956e-05,0.004628719535528285,268.08697152599075,0.5297757994597716
273.6691195668754,6.99401554778632e-08,2.4766200544034066e-05,0.004643651536097364,268.6903955881291,0.5325734045617416
275.74280361784326,7.243802517977208e-08,2.4913804069531328e-05,0.004695160936704213,270.76405703253016,0.5422561887716729
277.81648766881113,7.505253205512805e-08,2.506670832191398e-05,0.004746981916404149,272.8377179738894,0.5520461090813954
278.4199182160748,7.58340993844068e-08,2.511223297302266e-05,0.004762121636368616,273.4411417006664,0.5549151382498925
279.0233487633384,7.66230774579516e-08,2.5158230394347726e-05,0.004777288985285835,274.0445653838903,0.5577933122921511
281.09703281430626,7.939600350571786e-08,2.5319983780729283e-05,0.004829625911183602,276.11822551168865,0.5677540680779573
283.17071686527413,8.224851856680077e-08,2.548756986086436e-05,0.0048823043100809,278.1918851135998,0.5778237068958139
283.7741474125378,8.309055598255662e-08,2.553745574469175e-05,0.004897699307664468,278.79530844623207,0.580774469626106
284.3775779598014,8.393822729020975e-08,2.5587849903681132e-05,0.004913124569600933,279.39873173331245,0.5837345321242248
286.45126201076926,8.68785648810562e-08,2.5764955241759183e-05,0.004966368257577163,281.47239048433073,0.5939778992562047
288.5249460617371,8.98460466464258e-08,2.594818605522471e-05,0.005019985557218611,283.54604868506675,0.6043320629844725
289.1283766090007,9.071181407042761e-08,2.6002663864472386e-05,0.005035659893598551,284.14947160529215,0.6073659898801161
289.7318071562643,9.157609805142726e-08,2.60576616599099e-05,0.005051367259313007,284.7528944778291,0.610409385951253
291.8054912072322,9.453589298640523e-08,2.6250637505152293e-05,0.005105601648908405,286.8265517877657,0.6209404426538915
293.87917525820006,9.745453514581343e-08,2.6449708361018284e-05,0.00516024252899946,288.90020852132835,0.6315843843401914
294.4826058054637,9.829138394309981e-08,2.6508769496871514e-05,0.0051762208883776835,289.50363100961573,0.6347030370671018
295.0860363527273,9.912231653754582e-08,2.656833138789519e-05,0.005192235025111628,290.10705344792945,0.637831343209298
297.1597204036952,1.0191289393603855e-07,2.677679469476486e-05,0.0052475445160395425,292.18070924800566,0.6486556205023586
299.23340445466306,1.045787538860808e-07,2.6990915465186897e-05,0.00530329215989809,294.2543644438113,0.659595044914398
299.8368350019267,1.0532654151489308e-07,2.705424899857879e-05,0.005319598398585784,294.8577864792777,0.6628001158025798
300.4402655491903,1.0605874787479021e-07,2.711802624198898e-05,0.005335942961376185,295.46120846232975,0.6660150386101046
302.5139496001582,1.084532011949298e-07,2.7340479548921778e-05,0.0053924070104941265,297.5348626790533,0.6771385088150769
304.58763365112605,1.1062600164286004e-07,2.756766837650234e-05,0.005449337267473557,299.60851626175634,0.6883795492924719
305.19106419838965,1.1121043942128419e-07,2.763460263367768e-05,0.005465992635504944,300.21193782212777,0.6916728522816114
305.79449474565325,1.1177264185468291e-07,2.7701879738083567e-05,0.005482688454036853,300.81535932748824,0.6949762183085775
307.8681787966211,1.135119194412272e-07,2.793552100458748e-05,0.00554037508490744,302.88901188258836,0.7064052516613194
309.941862847589,1.1492270536830573e-07,2.817242838932524e-05,0.005598549600394664,304.9626637720988,0.7179544128757642
310.54529339485265,1.1526591336206051e-07,2.8241882905887e-05,0.005615570675337661,305.5660848337324,0.7213378641438651
311.14872394211625,1.1557559621443431e-07,2.8311531168147556e-05,0.005632633659504387,306.1695058376092,0.7247315992805033
313.2224079930841,1.1637883726259497e-07,2.8552107300978294e-05,0.005691592060581218,308.243156648203,0.7364728832490689
315.296092044052,1.1674211810918111e-07,2.8793892932733126e-05,0.0057510505946070534,310.3168067599578,0.7483369448835607
315.89952259131564,1.1675849416050513e-07,2.8864347527609724e-05,0.005768447000739777,310.9202272979418,0.7518125317974822
316.50295313857924,1.1673396090031445e-07,2.8934796502442928e-05,0.005785885842177088,311.52364777529147,0.7552986288435188
318.5766371895471,1.163136477383475e-07,2.9176524894152516e-05,0.005846138351306625,313.5972967543398,0.7673590460105554
320.650321240515,1.15344530811814e-07,2.9416812666354845e-05,0.005906890635051865,315.6709449998876,0.7795449238878823
321.2537517877786,1.149541283752455e-07,2.948630122818319e-05,0.005924662659566306,316.2743649882366,0.7831146614074456
321.8571823350422,1.1451203251254228e-07,2.9555535810011713e-05,0.005942476445419715,316.8777849129702,0.7866951350431621
323.93086638601005,1.12594363117259e-07,2.97911208428529e-05,0.006004010355989034,318.95143197008133,0.799081597368379
326.0045504369779,1.1003101621310896e-07,3.002205976967793e-05,0.006066027978205626,321.02507825803144,0.8115961608058948
326.6079809842416,1.0915846867782783e-07,3.0088196947495663e-05,0.0060841642384905446,321.62849766999096,0.8152620351831434
327.2114115315052,1.0822892676133405e-07,3.0153788294935415e-05,0.006102340136408296,322.231917015293,0.8189388642742382
329.28509558247305,1.0457960374764138e-07,3.037456139755745e-05,0.006165099909680431,324.3055620579152,0.8316581042788475
331.3587796334409,1.0021112696250652e-07,3.058702130839612e-05,0.0062283088771477434,326.37920629529117,0.8445079514853564
331.9622101807046,9.880214919838452e-08,3.0647070527980266e-05,0.006246784237862274,326.9826251037621,0.8482718520443834
332.5656407279682,9.732941368997758e-08,3.0706249259756126e-05,0.0062652954559915056,327.58604384252743,0.852046910187474
334.63932477893604,9.178474541264945e-08,3.090246138243134e-05,0.006329176078664185,329.6596867775587,0.8651052331451741
336.7130088299039,8.548423448811276e-08,3.1086391925510655e-05,0.0063934508492283935,331.733328871568,0.8782964303387033
337.3164393771675,8.350760388156669e-08,3.113738293755588e-05,0.006412224832618638,332.33674704965154,0.8821600713056793
337.9198699244311,8.146818780260002e-08,3.1187162736380664e-05,0.006431029102965561,332.9401651550436,0.8860350477323642
339.993553975399,7.397106370846405e-08,3.134845667998676e-05,0.006495871480549847,335.01380589085,0.899438053317472
342.06723802636685,6.57332565025223e-08,3.1493435985552814e-05,0.006561031415110151,337.0874457510503,0.9129758479191348
342.6706685736305,6.320005168235174e-08,3.153233935901753e-05,0.006580047390107746,337.6908632727048,0.916940683690189
343.2740991208941,6.06061072774414e-08,3.156969826305479e-05,0.006599086265181444,338.2942807188245,0.9209169980906512
345.347783171862,5.12459114290648e-08,3.168578479402379e-05,0.006664675680401324,340.36791916761814,0.9346692850816636
347.42146722282985,4.122800301073147e-08,3.178177929211484e-05,0.006730484990144936,342.4415567084098,0.9485578087668846
348.0248977700935,3.819558355918328e-08,3.180574350756676e-05,0.006749670461567785,343.0449735491945,0.9526249476301515
348.6283283173571,3.511483297307622e-08,3.182786815133249e-05,0.006768869748754187,343.64839031183095,0.9567036641065929
350.702012368325,2.416810043675969e-08,3.1889420296126196e-05,0.006834938522140162,345.72202639230096,0.9708085375649109
352.77569641929284,1.2728864481547056e-08,3.192776172800669e-05,0.006901110869384505,347.7956615356109,0.9850505209717437
353.37912696655644,9.319778282842559e-09,3.1934412563163594e-05,0.006920379205809812,348.39907767347376,0.9892206440805271
353.98255751382004,5.8782313844651485e-09,3.193900402531169e-05,0.0069396508774334335,349.00249373089235,0.993402391229746
356.0562415647879,-6.156833730507709e-09,3.193875567928891e-05,0.0070058863779334166,351.07612737090966,1.0078615977583076
358.1299256157558,-1.8426383542231548e-08,3.191330728709691e-05,0.007072095234975295,353.149760048861,1.022458124792636
358.73335616301944,-2.2024253571776287e-08,3.1901098718465495e-05,0.007091349144293508,353.753175464902,1.0267314189456995
359.33678671028304,-2.5626604692568417e-08,3.1886728162349705e-05,0.007110595025652124,354.35659079860085,1.031016324809459
361.4104707612509,-3.8006578429346875e-08,3.1820729537943474e-05,0.00717665400961853,356.43022193774203,1.045829847269012
363.4841548122188,-5.026464778950958e-08,3.1729185155028625e-05,0.007242549646374118,358.50385209502076,1.0607801823014686
364.08758535948243,-5.378572932589119e-08,3.16977840932404e-05,0.007261686629592182,359.1072667741443,1.0651562965471633
364.69101590674603,-5.727892728960658e-08,3.166427998981852e-05,0.007280804084803808,359.7106813694866,1.069543948581795
366.7646999577139,-6.900536588885197e-08,3.1533243563019116e-05,0.007346334032032875,361.7843099610419,1.0847098960957429
368.83838400868177,-8.015564454656327e-08,3.1378487594362554e-05,0.007411567657695762,363.8579375566014,1.10001142111897
369.44181455594537,-8.326473588258921e-08,3.1329170463035876e-05,0.007430487565196596,364.46135148794616,1.1044894581597864
370.04524510320897,-8.630159977804163e-08,3.1278014891454824e-05,0.0074493772916426225,365.06476533455753,1.1089788992715859
372.11892915417684,-9.612780066014675e-08,3.1088670780600665e-05,0.007514045012752479,367.1383913466236,1.1244935309093291
374.1926132051447,-1.0483343471765697e-07,3.088011208447176e-05,0.007578300171509991,369.21201635430407,1.1401418314334588
374.79604375240837,-1.071232540633794e-07,3.081614678937418e-05,0.007596914856387781,369.81542953132475,1.144720385136182
375.39947429967197,-1.092934405811989e-07,3.075085387506189e-05,0.007615490766260197,370.4188426231269,1.1493101570787276
377.47315835063984,-1.1575069558104767e-07,3.0517218125471508e-05,0.007679018080465694,372.4924660383373,1.1651680778403304
379.5468424016077,-1.2046883340818255e-07,3.027199525894679e-05,0.007742048893933732,374.5660884459429,1.1811572155186831
380.15027294887136,-1.2147960847752603e-07,3.0198977600011584e-05,0.0077602938033145006,375.1695008660084,1.1858344654057278
380.75370349613496,-1.2231411963038892e-07,3.0125422623965013e-05,0.007778494814357844,375.7729132007557,1.190522710312104
382.82738754710283,-1.2376020292087988e-07,2.9869866561188608e-05,0.007840700538530844,377.8465340141822,1.2067172755032745
384.9010715980707,-1.22799764759394e-07,2.9613806961132955e-05,0.007902375798083719,379.9201538205539,1.223040281756554
385.5045021453343,-1.2202992827760554e-07,2.9539916293566856e-05,0.00792022316604697,380.52356548393107,1.2278141540376686
386.1079326925979,-1.2102842139365547e-07,2.9466579870978006e-05,0.007938026543782025,381.1269770621154,1.2325987834365577
388.18161674356577,-1.1572065473363838e-07,2.922057493323605e-05,0.007998873397013138,383.2005952768985,1.249122741786809
390.25530079453364,-1.0732536207303712e-07,2.898877790327539e-05,0.008059224845084272,385.2742124865569,1.2657723596093609
390.8587313417973,-1.0426550452203083e-07,2.8924913419207373e-05,0.008076697952712668,385.8776233946578,1.2706407619897826
391.4621618890609,-1.0091534101034768e-07,2.886300177645713e-05,0.008094133646307969,386.48103421766865,1.2755197002113927
393.53584594002876,-8.710974585087861e-08,2.8667403755847632e-05,0.008153777971813693,388.5546498379956,1.2923660967598154
395.60952999099663,-6.956756194988702e-08,2.8504308429973578e-05,0.008213050388983513,390.6282644530128,1.3093357870860398
396.2129605382603,-6.372633927718876e-08,2.846406525038027e-05,0.008230238143688208,391.2316746058168,1.3142969211595164
396.8163910855239,-5.754508553952662e-08,2.8427465690610363e-05,0.008247403343047206,391.8350846732651,1.3192684264808354
398.89007513649176,-3.362200831626037e-08,2.833219706224338e-05,0.00830624480385695,393.90869769442514,1.3364317730373176
400.96375918745963,-5.400759735199246e-09,2.829099386226082e-05,0.008364944764939762,395.98230970330735,1.3537169872755814
401.56718973472323,3.6459415743262085e-09,2.8290437921413835e-05,0.008382015631147462,396.58571909590347,1.3587697377180867
402.1706202819868,1.3076229695910558e-08,2.829546855459265e-05,0.008399088552674865,397.1891284020647,1.3638327998720727
404.2443043329547,4.846126963611921e-08,2.835845969664627e-05,0.0084578162027718,399.26273879745935,1.381310503611686
406.31798838392257,8.855400878433048e-08,2.8499709372048928e-05,0.008516755618331585,401.33634816098123,1.3989102051461408
406.9214189311862,1.0112276304458325e-07,2.8556912360793745e-05,0.008533969716834212,401.93975677922697,1.4040545991633537
407.5248494784498,1.1409888841986773e-07,2.8621827853722222e-05,0.008551221412082732,402.54316530860245,1.4092094059453453
409.5985335294177,1.6184231530794823e-07,2.8907089666227923e-05,0.008610851825949499,404.6167730137578,1.427003425475964
411.67221758038556,2.1447920172690005e-07,2.929643000610157e-05,0.008671181695678327,406.6903796478658,1.4449218202583995
412.2756481276492,2.3071763345609866e-07,2.9430731183941987e-05,0.00868889969483488,407.2937874632094,1.4501595438749337
412.8790786749128,2.4736896377809026e-07,2.9574952154119548e-05,0.008706702485587208,407.8971951852605,1.4554080025991434
414.9527627258807,3.077298522690881e-07,3.0149676013294173e-05,0.008768605003526293,409.9708000790697,1.4735266759977834
417.02644677684856,3.728701859166924e-07,3.0854524813831675e-05,0.00883183423617362,412.044403835152,1.491775086265521
417.62987732411216,3.9270781300975484e-07,3.108549574491779e-05,0.008850521503398103,412.64781079871807,1.4971100362357943
418.23330787137576,4.1293136044891676e-07,3.1328539201534986e-05,0.008869352497741892,413.25121766187624,1.502456327895824
420.3069919223436,4.853339882454953e-07,3.225915723090886e-05,0.008935256179890235,415.3248195454725,1.5209162894136061
422.3806759733115,5.62025991879112e-07,3.3344362839923564e-05,0.009003249952702817,417.3984201884535,1.5395150758964014
422.98410652057515,5.851091232096323e-07,3.369046468296795e-05,0.009023474340822757,418.0018262245347,1.5449539175331057
423.58753706783875,6.085201392824388e-07,3.405056691096295e-05,0.009043912399255128,418.6052321496386,1.5504050529832958
425.6612211188066,6.913596219549542e-07,3.539775766114882e-05,0.009115889054926425,420.67883072344785,1.5692331254378449
427.7349051697745,7.775509036105004e-07,3.6920206611389664e-05,0.009190841073637114,422.7524279083183,1.5882135333848215
428.33833571703815,8.031964523386603e-07,3.739714763942129e-05,0.00921326270742907,423.3558329074627,1.5937662258299619
428.94176626430175,8.290674491745925e-07,3.788958957689848e-05,0.009235977229824319,423.95923778081396,1.5993325645320668
431.0154503152696,9.195325938737086e-07,3.970228214838544e-05,0.009316394983764109,426.0328326204897,1.6185674843352051
433.0891343662375,1.0119041364644034e-06,4.170454748105471e-05,0.009400768246384373,428.10642586802993,1.637973258971433
433.6925649135011,1.0390460652280541e-06,4.232337125932007e-05,0.009426119774566595,428.7098296799572,1.6436535008955957
434.2959954607647,1.0662699079707274e-06,4.295853958562499e-05,0.009451849792657528,429.31323334623494,1.649349184301429
436.36967951173256,1.1602003486654068e-06,4.5267052855931294e-05,0.009543292150825326,431.3868238783449,1.6690429875570618
438.4433635627004,1.2540420213381619e-06,4.777025614459085e-05,0.009639723498936171,433.46041255100795,1.688931577291552
439.0467941099641,1.281206685399551e-06,4.853521781646457e-05,0.00966877951032246,434.0638149776539,1.6947571183499557
439.6502246572277,1.308258485545133e-06,4.9316462545927016e-05,0.009698301820218025,434.6672172329974,1.7006003624802157
441.72390870819555,1.400055551659318e-06,5.212501414726132e-05,0.00980344818582086,436.74080271161273,1.7208192360271184
443.7975927591634,1.4892034812142302e-06,5.512117712440631e-05,0.009914613123444592,438.8143859908644,1.7412623794392865
444.4010233064271,1.5144891903202962e-06,5.602749610440917e-05,0.009948147814687414,439.41778677996507,1.7472551368130553
445.0044538536907,1.539423752071618e-06,5.694887658154623e-05,0.009982233291320046,440.0211873656546,1.7532683228333148
447.07813790465855,1.6220364323013812e-06,6.0227805892788623e-05,0.010103698427270179,442.09476685145563,1.7740927063037961
449.1518219556264,1.6988939627639761e-06,6.367208062028957e-05,0.010232134463713575,444.1683437184483,1.7951761845768577
449.75525250289,1.719991758003851e-06,6.47036913749323e-05,0.010270867207341708,444.77174255826515,1.8013621004655023
450.3586830501536,1.7404524674082736e-06,6.574773626410426e-05,0.010310225024191684,445.3751411556284,1.8075715989431873
452.4323671011215,1.8054605826037912e-06,6.942590258441352e-05,0.010450357112354374,447.448713499917,1.829095315994872
454.50605115208936,1.861125029399696e-06,7.322918728831826e-05,0.010598246283350559,449.52228272228706,1.8509176492724697
455.109481699353,1.8753566265377084e-06,7.435664443322048e-05,0.010642775488756192,450.12567923837094,1.8573262252340947
455.7129122466166,1.8886325717676523e-06,7.549228571726959e-05,0.010687985730874467,450.7290754658518,1.8637618902461104
457.7865962975845,1.9264489080020014e-06,7.945022087627007e-05,0.010848625464894977,452.8026393030255,1.8860900924391313
459.86028034855235,1.9509651460149103e-06,8.347278506780665e-05,0.01101753971602646,454.87619943193226,1.9087599699294098
460.463710895816,1.9553743590972265e-06,8.465151237354641e-05,0.011068266302885375,455.47959318723474,1.9154234184729293
461.0671414430796,1.958481331706274e-06,8.583238658452489e-05,0.011119702408047747,456.08298660099285,1.9221176928063928
463.1408254940475,1.958692260408814e-06,8.989689256929835e-05,0.011301908961087659,458.15654035460403,1.9453634215104276
465.21450954501535,1.941451446540109e-06,9.394374125344227e-05,0.011492525707531898,460.23008973782913,1.9689956843709056
465.81794009227895,1.9329239241016585e-06,9.511284393066765e-05,0.011549568608297147,460.83348023799624,1.9759476481419964
466.42137063954254,1.9227442735705133e-06,9.627618287216306e-05,0.011607312185900429,461.4368703379265,1.9829342314344929
468.4950546905104,1.8746044009436247e-06,0.00010021715987886014,0.011811065855778199,463.51041224730454,2.0072134448290746
470.5687387414783,1.804901076295143e-06,0.00010403595210620466,0.01202286518050587,465.5839490661181,2.0319234909560957
471.17216928874194,1.7803457910829344e-06,0.00010511783452813162,0.012085972528009073,466.1873357723386,2.039197296070217
471.77559983600554,1.7538003715426883e-06,0.00010618418968243771,0.012149724358068624,466.7907220159429,2.0465093446979483
473.8492838869734,1.6468902881245915e-06,0.0001097145469581637,0.01237362009197687,468.8642501921613,2.071934321066378
475.9229679379413,1.5146439393664912e-06,0.00011299693679434452,0.012604579568399728,470.93777253130276,2.097830874304668
476.52639848520494,1.471207676266241e-06,0.00011389798032228709,0.012673040560135672,471.54115488352187,2.1054573075123058
477.12982903246854,1.4254904779274081e-06,0.00011477203608458307,0.012742032917211482,472.144536710477,2.1131251589717994
479.2035130834364,1.250537993774093e-06,0.00011755156435948769,0.012982983573753736,474.2180492316235,2.1397962759693527
481.2771971344043,1.0471752372807977e-06,0.00011993883949400876,0.013229291389208284,476.291555192467,2.1669725604274093
481.8806276816679,9.825178573819763e-07,0.00012055139316271559,0.013301855185558946,476.8949326458863,2.1749771901939035
482.4840582289315,9.153614014344622e-07,0.0001211241204323247,0.013374771996300426,477.49830951620027,2.183025635940002
484.55774227989934,6.652151742012433e-07,0.00012276817721550162,0.013627744861308626,479.57180457163,2.2110216390567596
486.6314263308672,3.8469653767153956e-07,0.00012386201836648135,0.01388355649395643,481.6452924375006,2.2395451223223133
487.23485687813087,2.972918088597014e-07,0.00012406793521462555,0.013958365816457636,482.24866451477453,2.24794522150094
487.83828742539447,2.072865811865117e-07,0.00012422031444782027,0.014033278455364964,482.8520359628382,2.256390390580878
489.91197147636234,-1.2198263597033544e-07,0.00012431407849650863,0.014291092864660971,484.9255120533496,2.285757401779257
491.9856555273302,-4.820222109130219e-07,0.0001236931382210125,0.01454836067549018,486.9989805119812,2.315658417330301
492.58908607459387,-5.925410104434382e-07,0.00012336904790475082,0.014622908915419628,487.6023468721246,2.3244595893120135
493.19251662185746,-7.056129953104208e-07,0.0001229775460563323,0.014697236561272467,488.20571257743933,2.3333055500158233
495.26620067282533,-1.1135244225902493e-06,0.00012109642231653159,0.014950454102758942,490.27916877211493,2.364045226724196
497.3398847237932,-1.5505688426609666e-06,0.00011833921284451933,0.015198862425443199,492.35261719249775,2.395304952097822
497.9433152710568,-1.6830628227218752e-06,0.00011736365384129303,0.01526998392542788,492.9559777149504,2.4044976119117973
498.5467458183204,-1.8178670064480624e-06,0.00011630756909004615,0.015340488211560543,493.55933758761586,2.413732848743521
500.6204298692883,-2.2983137429106656e-06,0.00011204405976098032,0.015577429422658077,495.6327738277268,2.4457902789577672
502.69411392025614,-2.8037586348358087e-06,0.00010675833655902919,0.01580446958815632,497.7062025766038,2.4783287262282747
503.2975444675198,-2.955228255537021e-06,0.00010502077589252534,0.01586837317722278,498.309557455113,2.487884641097505
503.9009750147834,-3.108539021433246e-06,0.00010319146561509208,0.01593119722803165,498.912911730236,2.4974786176268635
505.97465906575127,-3.6486211543307744e-06,9.61884594333908e-05,0.016138119465966876,500.98632915615616,2.530730721155595
508.04834311671914,-4.206650832067087e-06,8.8046884777744e-05,0.016329339166031586,503.05973992362397,2.564395581272551
508.6517736639828,-4.3719266278558325e-06,8.545852885101363e-05,0.0163816948582601,503.66308975977813,2.5742647288607245
509.2552042112464,-4.538309242564892e-06,8.277040849134793e-05,0.01643245655800504,504.26643909006003,2.584164800612141
511.32888826221426,-5.117311984254883e-06,7.27603763682013e-05,0.01659392626641668,506.3398403497377,2.618410189072721
513.4025723131822,-5.703963414610829e-06,6.154174501229667e-05,0.016733385204388364,508.41323643552425,2.6529675500992713
514.0060028604457,-5.875445155097189e-06,5.8047891830792255e-05,0.016769473057173325,509.01658231654505,2.6630756035613317
514.6094334077094,-6.047018291253031e-06,5.445093609476917e-05,0.016803421389693204,509.6199278470926,2.6732045953868373
516.6831174586772,-6.635648366101988e-06,4.129996065284013e-05,0.01690290978484082,511.6933173270243,2.708156011175917
518.7568015096451,-7.218181139605142e-06,2.6934674351054106e-05,0.016973868163428326,513.7667038224283,2.7432841281399885
519.3602320569088,-7.385689408197111e-06,2.2528178041792977e-05,0.016988796484908118,514.3700473632906,2.7535309207488194
519.9636626041724,-7.551976234397322e-06,1.8021473587564475e-05,0.017001037867522783,514.9733907683336,2.7637857256667493
522.0373466551403,-8.111983809531383e-06,1.7763945256335266e-06,0.017021761630938263,517.0467746745761,2.799066316861059
524.1110307061082,-8.64868791440342e-06,-1.560580129596686e-05,0.01700761922255198,519.1201584647893,2.834353730894324
524.7144612533717,-8.799439093762277e-06,-2.087058358997501e-05,0.01699661649063212,519.7235017924789,2.8446130843715545
525.3178918006354,-8.947374141975853e-06,-2.6224887337348152e-05,0.01698241507697842,520.3268452517829,2.854864670471351
527.3915758516032,-9.431697212947668e-06,-4.52886400088389e-05,0.016908432564623162,522.4002314651739,2.8900094461757373
529.4652599025711,-9.872277257581804e-06,-6.531137110009091e-05,0.016793923543274285,524.4736209789628,2.9249588138063243
530.0686904498347,-9.99105028823692e-06,-7.130499379397155e-05,0.016752704456958156,525.0769666385318,2.9350801278569185
530.6721209970983,-1.0105155050021571e-05,-7.736820406394716e-05,0.016707856312827486,525.6803127337272,2.9451753508381042
532.7458050480661,-1.0458725603707143e-05,-9.87012599063016e-05,0.016525414808097643,527.7537103765831,2.9796391798022652
534.8194890990341,-1.0745399716575206e-05,-0.00012069814832553075,0.0162980469961955,529.8271150313485,3.0136781591073976
535.4229196462977,-1.0814906851148176e-05,-0.00012720391364675612,0.016223247980616615,530.4304658011498,3.0234901489825616
536.0263501935614,-1.0877700975601816e-05,-0.00013374886785995883,0.016144523807803526,531.0338173206588,3.0332557541238416
538.1000342445292,-1.1039046104256859e-05,-0.000156488953962294,0.015843634387536016,533.1072360071915,3.066429197417616
540.1737182954971,-1.1108487157006154e-05,-0.00017946832887641003,0.015495341108704165,535.1806653416745,3.0989296250452507
540.7771488427607,-1.111001189752262e-05,-0.00018617280896413325,0.015385014363514837,535.7840239598165,3.1082465530757695
541.3805793900243,-1.11026681471018e-05,-0.00019287478801579554,0.01527065909323101,536.3873836164906,3.1174957057693495
543.4542634409921,-1.1006421684704009e-05,-0.0002158187312880015,0.014846852929187306,538.4608324181711,3.1487297909577507
545.52794749196,-1.0792646482781844e-05,-0.00023844123106982998,0.014375801562033344,540.534294972724,3.179036152214808
546.1313780392236,-1.0706950239344766e-05,-0.00024492891446124045,0.014229949489675998,541.1376637979794,3.1876668222874875
546.7348085864872,-1.0610247474694947e-05,-0.00025136085088750375,0.014080219711008701,541.7410338853668,3.1962084249053806
548.8084926374551,-1.0190657556359849e-05,-0.000272952665155459,0.013536413597534913,543.8145201216715,3.224849155048204
550.882176688423,-9.628933563284403e-06,-0.0002935270119198715,0.012948887836249432,545.8880222102321,3.252316979940775
551.4856072356866,-9.437474748807677e-06,-0.00029928063667710613,0.012770011625707659,546.4914028657894,3.2600766457251655
552.0890377829503,-9.233037849915494e-06,-0.00030491418971475534,0.01258772368197696,547.0947849042365,3.2677275755235393
554.1627218339181,-8.428510624208748e-06,-0.0003232547111985519,0.011936094138490257,549.1683129563669,3.2931605053580872
556.236405884886,-7.460299114835284e-06,-0.0003397571826616138,0.011248337915622603,551.2418575590482,3.3172048024717036
556.8398364321496,-7.146739360165279e-06,-0.00034416536901877296,0.011041965518971256,551.8452506311951,3.323929977122786
557.4432669794132,-6.818591315642486e-06,-0.00034837947914417687,0.010833018539991456,552.4486450780395,3.330530211619524
559.516951030381,-5.577250759167363e-06,-0.00036126307496795194,0.01009675427564516,554.5222154961133,3.352234805048329
561.590635081349,-4.15613844236697e-06,-0.0003713861277618442,0.009336635751146514,556.595801560656,3.3723879649568365
562.1940656286125,-3.7081425576273217e-06,-0.00037375987586732597,0.009111785932065138,557.1992064384791,3.377953910440041
562.7974961758762,-3.2445207449492722e-06,-0.0003758583518367043,0.008885615545341476,557.8026125488685,3.3833842919306427
564.871180226844,-1.530688085955683e-06,-0.0003808419211115463,0.008100389127699356,559.8762217503228,3.4009969973794645
566.9448642778119,3.708226051800469e-07,-0.00038207695046442,0.007308715005660394,561.9498441904692,3.4169747598463682
567.5482948250756,9.59563105952861e-07,-0.0003816763998191525,0.007078246149338831,562.5532591266531,3.42131517934902
568.1517253723392,1.5641483353741561e-06,-0.00038091590678692084,0.006848156730989625,563.156675042593,3.4255173107400694
570.225409423307,3.7627427379383223e-06,-0.0003754246405918706,0.00606313015310129,565.2303158446306,3.4389013633178913
572.299093474275,6.14581076802724e-06,-0.0003651829142400643,0.005294416203072156,567.3039664273487,3.450674462272464
572.9025240215385,6.8733784157983695e-06,-0.00036125544776999507,0.005075201869962412,567.9073888637417,3.453802624581344
573.5059545688022,7.615944825803913e-06,-0.0003568849342129398,0.0048585186843360904,568.5108119686341,3.456800090192317
575.57963861977,1.0280507762007665e-05,-0.0003383580265061192,0.004136676775585144,570.584475027305,3.466118995104274
577.6533226707379,1.3112230839831765e-05,-0.0003141323384758746,0.003459162554792907,572.6581441200661,3.4739870014383096
578.2567532180014,1.3966237344250866e-05,-0.0003059626380365364,0.0032720311611390543,573.2615712476847,3.4760172013306665
578.8601837652651,1.4833075368451389e-05,-0.00029727474358990687,0.0030900094322062082,573.8649987452977,3.477936978922285
580.9338678162329,1.7906057109757354e-05,-0.00026335239374874445,0.0025076026569724047,575.9386746712149,3.4837274883055818
583.0075518672008,2.1111895677267612e-05,-0.00022291989914093908,0.0020022901092616083,578.0123534686584,3.4883902082941836
583.6109824144645,2.2067304918937654e-05,-0.00020989190818321402,0.0018716645320107643,578.615782880622,3.4895581262893356
584.2144129617282,2.303183218782664e-05,-0.00019628622377407048,0.0017490913031638071,579.2192124427082,3.4906507152236568
586.288097012696,2.6409709304951465e-05,-0.00014503681275250513,0.0013939686219070692,581.2928939435981,3.4938899356827693
588.3617810636639,2.9866616800005478e-05,-8.670080980990169e-05,0.0011524687032284336,583.3665763419443,3.496510553417094
588.9652116109274,3.0883830987513896e-05,-6.837073078673256e-05,0.001105643982766876,583.9700065023345,3.497190740534887
589.5686421581911,3.1904707105439534e-05,-4.942793438279015e-05,0.0010700715028735019,584.5734366925092,3.497847194993197
591.6423262091589,3.543186780350545e-05,2.038880579099974e-05,0.00103869789154652,586.6471196192354,3.5000073254916106
593.7160102601268,3.896279307091802e-05,9.752366611327615e-05,0.0011596898753259842,588.7208024423666,3.5022603760270576
594.3194408073904,3.9986178901741416e-05,0.00012134520928287633,0.0012256944588369064,589.3242325634774,3.50297877717672
594.922871354654,4.1005908188669794e-05,0.00014578033271957068,0.0013062517078989133,589.9276626177593,3.5037425258162758
596.9965554056218,4.447036351052531e-05,0.00023442195660265864,0.0016992367733044242,592.001344386218,3.506825707235943
599.0702394565898,4.7840880489138945e-05,0.00033015036700989153,0.0022833844385020522,594.0750243362891,3.5109220192630284
599.6736700038534,4.8797984213906033e-05,0.00035931001479601576,0.0024913834207588026,594.6784531783121,3.512361188307528
600.2771005511171,4.974221052585031e-05,0.00038903981898509587,0.0027171260956396163,595.2818816539271,3.513932268725225
602.3507846020849,5.2873929084905805e-05,0.0004954734972760056,0.0036331427453313273,597.3555553625819,3.520477219466837
604.4244686530528,5.579181227477467e-05,0.0006081796568976408,0.0047763727884285,599.429221071521,3.529157268356637
605.0278992003164,5.659348167392781e-05,0.0006420911153072044,0.0051535910589129525,600.0326442139915,3.532151747539791
605.63132974758,5.737124065129678e-05,0.0006764750161722635,0.005551370548613089,600.636066070264,3.5353809146070607
607.7050137985478,5.984394621516808e-05,0.0007980698417386244,0.007079417987119372,602.7097089541077,3.548432534547911
609.7786978495158,6.196253535578337e-05,0.0009244251146059783,0.008864550507904603,604.7833270770718,3.5649193078992196
610.3821283967793,6.250421671764829e-05,0.0009619826470050322,0.009433720052457368,605.3867324260909,3.5704385772401244
610.985558944043,6.300936761944277e-05,0.0009998514468256424,0.010025579058962163,605.9901343396956,3.576308692470648
613.0592429950108,6.444663416475401e-05,0.00113209150664389,0.012235643643398393,608.063690212578,3.5993417615252126
615.1329270459787,6.537280586977499e-05,0.0012667820785647174,0.014722473124710665,610.1371858263236,3.627244390431121
615.7363575932424,6.55372268780426e-05,0.0013062845531203798,0.015498842062466144,610.74054756717,3.636360878895871
616.339788140506,6.565131690559123e-05,0.001345866169242818,0.01629897862744898,611.3439017568918,3.64595309448357
618.4134721914738,6.563773092035176e-05,0.0014821094977320135,0.019231269163266226,613.4172589326006,3.6827417207217232
620.4871562424418,6.494520128929014e-05,0.0016176206958753764,0.02244532621291159,615.4904926615369,3.7259019326562837
621.0905867897053,6.460666221962394e-05,0.0016567142251005915,0.02343330712044649,616.0937645534098,3.739741872041585
621.694017336969,6.42033966797277e-05,0.0016955789781684116,0.02444468948500849,616.6970221010363,3.7541844387831667
623.7677013879368,6.230141213083055e-05,0.001826891282151802,0.02809776846538538,618.7699909079055,3.8086102074284
625.8413854389047,5.954991466182995e-05,0.0019533786604142003,0.03201814499047109,620.8427380581975,3.8708853052058503
626.4448159861682,5.858030717519804e-05,0.001989026796334691,0.03320772571817229,621.4458478347718,3.890560758035573
627.0482465334319,5.7531778931080886e-05,0.002024061302438015,0.03441848663767868,622.0489333669184,3.910958869845513
629.1219305843997,5.330464729396598e-05,0.0021391560949298883,0.038736781549502726,624.1212304510351,3.9867529133084973
631.1956146353676,4.8065242872791765e-05,0.0022444355850007665,0.04328356977882368,626.1931705195126,4.071731681348026
631.7990451826313,4.634186610596834e-05,0.0022729265561567593,0.044646659576661314,626.7960180412326,4.09825294287566
632.402475729895,4.452655938129195e-05,0.0023003457333906937,0.04602644861594119,627.3988285043555,4.1255989377639875
634.4761597808628,3.756735489339273e-05,0.002385663647477164,0.05088780072826563,629.4700779399548,4.226016565374645
636.5498438318307,2.9453719594833103e-05,0.002455353407829646,0.05590987131172087,631.5408053051167,4.336668391917903
637.1532743790942,2.6868792329716405e-05,0.0024723538159075868,0.057396805998421264,632.1432677212807,4.370837186094627
637.7567049263579,2.418128377715303e-05,0.0024877603677908723,0.05889332917638722,632.7456785400026,4.405901681899627
639.8303889773257,1.4147553302691018e-05,0.0025277192737881973,0.0640974107921398,634.8154412022916,4.533332826888368
641.9040730282936,2.852549154952187e-06,0.0025455636513788283,0.06936142528152732,636.884508321415,4.671595374963601
642.5075035755572,-6.758085131290941e-07,0.0025462271843243157,0.07089790370858318,637.4864554446924,4.713880806159589
643.1109341228208,-4.313738872128957e-06,0.002544726960895031,0.07243392782200672,638.0883371944647,4.757086920789184
645.1846181737886,-1.766078456472103e-05,0.002522170398774833,0.07769251874939671,640.1561784306712,4.912611270444202
647.2583022247566,-3.232460135753058e-05,0.0024705709972597163,0.08287422165724928,642.2231799149182,5.078927884867888
647.8617327720202,-3.684037911667544e-05,0.002449708880900484,0.08435898709098116,642.8245018300504,5.129328842676588
648.4651633192839,-4.146767336138954e-05,0.0024260885647790177,0.08583012627158702,643.4257492202795,5.180613392025995
650.5388473702517,-5.822120713369191e-05,0.002322952363799399,0.09076036879251446,645.491349011671,5.363515079093095
652.6125314212196,-7.627920071135667e-05,0.0021837221082920484,0.09543931558578854,647.5560470294699,5.556339045143089
653.2159619684832,-8.177613482631233e-05,0.002136039089152092,0.09674292428129205,648.1566932373033,5.614238447147751
653.8193925157468,-8.738011350109716e-05,0.0020850095992266077,0.0980165531851002,648.7572652901156,5.67290567708325
655.8930765667146,-0.00010744547756279392,0.001883215092422282,0.10213838222580268,650.820563587696,5.880167883730011
657.9667606176826,-0.00012871943644604913,0.0016385582382835765,0.10579731173314487,652.8830411838078,6.095455633667533
658.5701911649461,-0.00013512914500187287,0.00155895385013517,0.10676234094804608,653.4830661023071,6.159473225796868
659.1736217122098,-0.0001416337513115901,0.0014754586943065207,0.10767798647905528,654.0830317386512,6.22404791365433
661.2473057631776,-0.00016468914733155774,0.0011580257312025246,0.1104169375968855,656.1443841181313,6.449851656500706
663.3209898141455,-0.00018876007844536024,0.0007917302116195304,0.1124469702898454,658.2051933721782,6.68057015842084
663.9244203614091,-0.0001959417081509673,0.0006756600181382144,0.11289000353760763,658.8047969248997,6.748421352327469
664.5278509086728,-0.00020319740770091842,0.0005552426604848621,0.11326154947905032,659.4043739319101,6.816508809570128
666.6015349596406,-0.00022866123394779214,0.00010759708666686529,0.11395806264321276,661.4646702482263,7.051762071932094
668.6752190106085,-0.0002548403952722563,-0.00039359410698663986,0.11367078197153634,663.5249185230169,7.2874369152657295
669.2786495578721,-0.00026257298487393423,-0.0005497085445303317,0.11338646535575303,664.1244635023431,7.355805426489495
669.8820801051357,-0.00027034950896017053,-0.0007104902764367033,0.11300645670810855,664.7240317771013,7.423966199841321
671.9557641561036,-0.0002973586240965649,-0.0012990614675440857,0.11093260203858747,666.7847060934354,7.655890433771441
674.0294482070715,-0.000324671311736246,-0.0019439557866697526,0.1075798384910717,668.8459997210618,7.882222316341086
674.632878754335,-0.0003326502174913398,-0.0021422862705883137,0.10634722392476395,669.4459808700148,7.946654855452588
675.2363093015987,-0.0003406335512194062,-0.002345417620289273,0.10499347556795283,670.0460442346368,8.0103025138874
677.3099933525665,-0.000368037437712624,-0.003080234899213417,0.09937771233028139,672.108883010552,8.22210655586477
679.3836774035344,-0.0003952248089186349,-0.003871654688344143,0.09217948235959918,674.1730294852867,8.420689115038659
679.9871079507981,-0.0004030637991218963,-0.004112521044849488,0.08977075618078079,674.7739646491216,8.475522451604474
680.5905384980617,-0.0004108590030827942,-0.004358086520471096,0.08721534842334995,675.3750313275922,8.528855204020278
682.6642225490295,-0.000437235315563859,-0.005237570175645527,0.07727547105174483,677.4416757617842,8.699537291214977
684.7379065999975,-0.0004627793468069891,-0.006170887025170772,0.0654560059330485,679.510040699199,8.847724522542661
685.341337147261,-0.0004700196966092634,-0.006452341297026252,0.06164753967755679,680.1122543798174,8.886060704380446
685.9447676945247,-0.00047716086185629805,-0.006738114670442983,0.05766811658397771,680.7146069040757,8.922043538804516
688.0184517454925,-0.0005008562315769414,-0.007752426569086646,0.0426519332705338,682.7856534542855,9.02638656709517
690.0921357964604,-0.0005230315556745706,-0.008814299130819195,0.0254830746559151,684.8580869560227,9.097389067461119
690.695566343724,-0.0005291593571729288,-0.009131779612961844,0.020068534694886103,685.4613641146319,9.111144883268711
691.2989968909876,-0.000535127995036303,-0.00945288884021988,0.014461617150209395,686.0646979944204,9.121569775942177
693.3726809419554,-0.0005543300250239348,-0.01058287196139333,-0.006305822197590548,688.1383391699105,9.130436577511015
695.4463649929233,-0.000571291052245731,-0.011750350460051486,-0.02945536630476831,690.2116390060404,9.093773343715275
696.049795540187,-0.0005757656882652142,-0.012096456605632655,-0.03665035368903025,690.8147453262549,9.073844879479015
696.6532260874507,-0.0005800206862048654,-0.01244517647618862,-0.044054575168628644,691.4176756045089,9.049511672692455
698.7269101384185,-0.0005928731722043539,-0.013661789559088032,-0.07111929519458363,693.4879025814811,8.930600513449743
700.8005941893864,-0.0006027892085446486,-0.014902010002807492,-0.10073136347055492,695.5538796783188,8.753086241180641
701.40402473665,-0.0006050865733781699,-0.015266468113910149,-0.10983381711683082,696.1539767031494,8.689684292376478
702.0074552839136,-0.0006071090503234924,-0.015632212303931203,-0.11915607729781437,696.7534453569239,8.620759219906798
704.0811393348814,-0.0006118785319094124,-0.016896720470968907,-0.15288236582240522,698.8079631143603,8.340023570594713
706.1548233858493,-0.0006131145153119999,-0.01816745535648926,-0.18923730088870439,700.851323084883,7.987501587838692
706.7582539331129,-0.0006127813268017669,-0.018537350692165395,-0.20031199209749334,701.4433532140476,7.8707189597397145
707.3616844803765,-0.0006121292786840459,-0.018906936304298762,-0.21160920890007204,702.034018287223,7.747331129533867
709.4353685313444,-0.000607392009565691,-0.020172072368969236,-0.2521303753776148,704.0521984390309,7.27126189861787
711.5090525823123,-0.000598689958789204,-0.021423273981978803,-0.2952605865096848,706.0486382468611,6.7112544116344415
712.1124831295759,-0.0005953947228993943,-0.021783569959671546,-0.3082971664152814,706.6248097573839,6.531907744050301
712.7159136768396,-0.0005917531657490439,-0.022141767035030253,-0.3215498895178255,707.1985523878282,6.345021979973445
714.7895977278074,-0.0005765604410502679,-0.02335384485983148,-0.36872784392279373,709.1499373269672,5.643885743971806
716.8632817787753,-0.0005571943998234723,-0.024530090703772198,-0.4183821126779713,711.0650335424698,4.849179437284592
717.4667123260389,-0.0005507706316544417,-0.024864399791890545,-0.4332857120139881,711.6145836904888,4.59991362608401
718.0701428733025,-0.0005439940382612185,-0.025194728045618082,-0.4483891940681189,712.1603147204283,4.342459104962327
720.1438269242703,-0.0005180124262960355,-0.026296571417070213,-0.5017875843454828,714.0043206930658,3.3943482380275407
722.2175109752383,-0.00048791965190057434,-0.027340274508190387,-0.5574105673628696,715.7938729262402,2.3472438578459656
722.8209415225018,-0.00047840228355383195,-0.02763184257502993,-0.573997111243682,716.3033014632039,2.0237936612264193
723.4243720697655,-0.00046855003447592,-0.027917577244188137,-0.590757221214597,716.8072578910542,1.691930708070537
725.4980561207333,-0.0004321755601437621,-0.02885213464692716,-0.6496321500652645,718.4947046937227,0.4871220592119502
727.5717401717012,-0.0003920555616580192,-0.029707379365531313,-0.7103628209726407,720.1070905358,-0.816309767658306
728.1751707189649,-0.00037970629647771667,-0.029940238911932922,-0.7283600923146941,720.5610063232558,-1.213921506155303
728.7786012662285,-0.0003670661829673392,-0.030165578308570164,-0.7464950755087388,721.0076696365147,-1.619629234392251
730.8522853171963,-0.0003214886581025454,-0.030880032175706517,-0.8098066133494907,722.4844944411075,-3.074899055979015
732.9259693681643,-0.00027283677252543396,-0.0314967850300601,-0.8744984022636894,723.8652126096572,-4.621568387994961
733.5293999154278,-0.00025814708520684437,-0.031656990418175476,-0.8935535528400314,724.24780483222,-5.088209123184697
734.1328304626915,-0.00024323503261772987,-0.03180829167738068,-0.9127022817787552,724.6214335018957,-5.562036197618644
736.2065145136593,-0.00019041025103259048,-0.032258282821644585,-0.9791485113597255,725.8344014853122,-7.243508252648153
738.2801985646272,-0.00013544730367143077,-0.03259651511870547,-1.0464120041301321,726.9323526862596,-9.0021970376875
738.8836291118907,-0.00011910980723163587,-0.0326733104797753,-1.066105575195146,727.2293035009551,-9.527501932128006
739.4870596591544,-0.00010263769715777837,-0.032740239082639414,-1.085842262821004,727.5158737065253,-10.058532152584162
741.5607437101222,-4.514949505075489e-05,-0.03289364723296205,-1.1539150178503979,728.4194000856448,-11.924585918727269
743.6344277610901,1.3358217887482503e-05,-0.03292678594378126,-1.222181192505145,729.1937658649027,-13.84782184958281
744.2378583083538,3.051000184881607e-05,-0.032913534920309746,-1.2420468265479039,729.3942290038979,-14.416973513180578
744.8412888556174,4.769798118873698e-05,-0.03288995738604215,-1.261901281926491,729.5833913857931,-14.989982396984312
746.9149729065853,0.00010688220427203642,-0.032729653603608494,-1.3299596311911943,730.1460130190113,-16.985458924120504
748.9886569575532,0.00016590121506569156,-0.03244679174074308,-1.3975584876906,730.5721514628883,-19.014489475590718
749.5920875048167,0.0001829790528791829,-0.03234150881952094,-1.4171066145589875,730.6703250518891,-19.60986770895046
750.1955180520804,0.00019999431056204418,-0.032225972180136175,-1.4365882307660653,730.7569048367934,-20.20705421342791
752.2692021030482,0.0002578353913495307,-0.031751051784414695,-1.5029427935152848,730.9657996284218,-22.269787842251937
754.3428861540161,0.0003143841618758654,-0.031157527183562166,-1.568189547590137,731.0386619968034,-24.34184164327662
754.9463167012797,0.0003305378793846253,-0.030962921074089995,-1.5869326246809692,731.034553499543,-24.94524159588783
755.5497472485433,0.00034653979164301523,-0.030758641247388783,-1.6055556297137055,731.0192103023908,-25.548481187296506
757.6234312995111,0.0004002363818867257,-0.029983961826312862,-1.668554950449171,730.88161850814,-27.6172235121244
759.6971153504791,0.00045167322153802256,-0.029100275646838498,-1.7298348080363677,730.6158558366305,-29.673507203507754
760.3005458977427,0.0004661686334014699,-0.028823324647871625,-1.74731150430359,730.5150653879718,-30.26844103928672
760.9039764450064,0.00048043943462230764,-0.028537716186029807,-1.7646188797788276,730.4039702095872,-30.86156475570177
762.9776604959742,0.0005276604540284444,-0.027491956648870827,-1.8227291824295355,729.9452840348255,-32.88354934820832
765.0513445469421,0.0005718769267006005,-0.026351390877220198,-1.8785726111186887,729.3722042244842,-34.876227019325654
765.6547750942057,0.000584144696765451,-0.026002578259050585,-1.8943687372862217,729.184846622379,-35.44981278814787
766.2582056414693,0.0005961351208200341,-0.025646461255748123,-1.909952684952068,728.9885269460591,-36.02042591314907
768.3318896924371,0.0006351503060140372,-0.024369207124137437,-1.9618243848713022,728.2477937768317,-37.95701202126983
770.4055737434051,0.0006706606812852617,-0.023014681759463636,-2.01096734520698,727.4102169062892,-39.85382811754565
771.0090042906686,0.0006803145653913255,-0.022607050600785748,-2.0247321331504535,727.1493347624252,-40.397927901316855
771.6124348379323,0.0006896587402816982,-0.02219369542806322,-2.038249786846605,726.881057676031,-40.93845474013414
773.6861188889001,0.0007193653639118846,-0.020732107854784212,-2.0827670327569074,725.9052750475257,-42.767979018841025
775.759802939868,0.0007452980251722895,-0.019212831132662745,-2.124193593293472,724.8517644627459,-44.55398207010205
776.3632334871317,0.000752126225149474,-0.018761016527378556,-2.135650790073797,724.5316687388348,-45.06549475728874
776.9666640343953,0.0007586304145847644,-0.018305181724883907,-2.1468347322218078,724.2057977059079,-45.57338187244276
779.0403480853631,0.0007784957874137497,-0.016710759251851594,-2.18314716014361,723.0444622940825,-47.291190569863296
781.114032136331,0.0007945104579482456,-0.01507913484198382,-2.2161146870810375,721.8242893213602,-48.96781714589361
781.7174626835946,0.0007984475125205425,-0.014598498748265515,-2.2250686952394636,721.4591932478346,-49.44824951345411
782.3208932308582,0.0008020604860141047,-0.014115582877929857,-2.2337325830093198,721.0898698785045,-49.925470039199666
784.3945772818261,0.0008120104010867982,-0.012441392408057002,-2.2612708585445014,719.790856102614,-51.54174922104225
786.468261332794,0.0008181760828793418,-0.0107504926100885,-2.2853200670704363,718.4505512370679,-53.12403744415574
787.0716918800575,0.0008192662341861368,-0.010256437187689062,-2.29165791016746,718.0537004746334,-53.57859733074852
787.6751224273212,0.0008200423974294428,-0.009761813896121935,-2.2976980336328943,717.6540341151673,-54.03070664609583
789.748806478289,0.0008203348302053162,-0.008060376537414362,-2.3161762861038198,716.2612729217499,-55.56699901430389
791.8224905292569,0.0008170087091398106,-0.00636208463421769,-2.3311295564007337,714.8429999456706,-57.07982704758848
792.4259210765206,0.00081537250315553,-0.005869558312991153,-2.3348196917501585,714.4263257310959,-57.51629347298678
793.0293516237842,0.0008134395212690395,-0.0053781019243301685,-2.3382134927232716,714.0081000884376,-57.95128724235019
795.103035674752,0.0008045631738926181,-0.0036999045618471196,-2.347622164849334,712.5609629218769,-59.43651366039616
797.17671972572,0.0007923063455239914,-0.0020436189641084676,-2.3535735049089763,711.1024491477172,-60.91059546990266
797.7801502729835,0.0007881197096426966,-0.0015667704186104099,-2.3546624178378073,710.6766390999921,-61.33815950023972
798.3835808202472,0.0007836591794799316,-0.001092521976483306,-2.355464876155065,710.2504196707577,-61.76531915891417
800.457264871215,0.0007662796018331181,0.0005150515730820189,-2.3560568423361765,708.7843367641275,-63.23186900206996
802.5309489221829,0.0007458221155394684,0.002083394064632951,-2.3533558852964487,707.319802836957,-64.69996230742552
803.1343794694465,0.000739309646278812,0.002531488468083795,-2.3519630614664777,706.8946160606952,-65.12815094089976
803.7378100167101,0.0007325518547961683,0.0029755900480608086,-2.3503015012534063,706.4700810609231,-65.55698056915115
805.8114940676779,0.0007075045300713866,0.004469168127087104,-2.3425730031619105,705.0177654946042,-67.03716720735265
807.8851781186459,0.0006797541891628337,0.005908003367537307,-2.3318040557046906,703.5792150653638,-68.53070831399921
808.4886086659095,0.0006711943868910084,0.006315609721796925,-2.328115529247801,703.1638568236435,-68.96844092121393
809.0920392131732,0.0006624245802021675,0.006718000999914428,-2.324183001336935,702.7501682885563,-69.40774009857199
811.165723264141,0.0006307433692190449,0.008059199192907164,-2.3088496247004753,701.3428340880591,-70.93074346792807
813.2394073151089,0.000596820831122902,0.009332376661825207,-2.290805553507342,699.9611318974015,-72.47699641941992
813.8428378623724,0.0005865568063587133,0.009689420790559579,-2.2850658958920254,699.5645313688732,-72.9317953182018
814.4462684096361,0.0005761258203909993,0.010040237128203325,-2.279112973519405,699.170594805069,-73.38888840536825
816.5199524606039,0.0005390767802289609,0.011196817476143234,-2.257079924229599,697.838689955472,-74.97825242142527
818.5936365115718,0.0005003413229600132,0.01227482127226651,-2.232729964189746,696.5440212071056,-76.59804478782517
819.1970670588354,0.0004887860589210257,0.012573253242032493,-2.225232434650426,696.1749087107878,-77.07542344188685
819.800497606099,0.00047711444066151823,0.012864695840870514,-2.2175571451829343,695.809424602752,-77.55556999001524
821.8741816570669,0.00043619992573197287,0.013811839954382208,-2.1898829420981967,694.5826022630749,-79.22735200414304
823.9478657080348,0.00039423570823118897,0.014673051915091289,-2.1603337594386662,693.404125770527,-80.93351364399888
824.5512962552984,0.00038186428825752206,0.01490720641206089,-2.151408483587977,693.0708722272432,-81.43657994261254
825.1547268025621,0.0003694327538130332,0.015133897321186038,-2.1423442745521055,692.7421499456051,-81.94260494204222
827.2284108535299,0.00032634371723640253,0.01585537093388286,-2.1101977923934534,691.6484370459417,-83.70431900048115
829.3020949044978,0.0002828882188364651,0.01648711153564,-2.076648240867771,690.6131831476392,-85.50097188745164
829.9055254517614,0.0002702123765097714,0.016653980437472012,-2.0666486522538774,690.3234335335742,-86.03028943923562
830.508955999025,0.0002575344339682501,0.01681321941678227,-2.056550676284923,690.039006643048,-86.56247565768805
832.5826400499928,0.00021404214689326904,0.017302116021571466,-2.0211629332478105,689.1033578237035,-88.41296565245061
834.6563241009608,0.00017086126202266004,0.01770114623920547,-1.9848545503656536,688.234634735151,-90.29577672551473
835.2597546482243,0.00015839092095071983,0.017800474293745577,-1.9741428145000006,687.9948249984852,-90.84951032950147
835.863185195488,0.0001459738959692478,0.01789231158956131,-1.963373303613067,687.760962453181,-91.40577550805118
837.9368692464558,0.00010379527993897633,0.018151121179535813,-1.9259870107309374,687.0035581113531,-93.33606593463271
840.0105532974237,6.255174335381954e-05,0.018323435175822286,-1.8881537107963933,686.3192652529207,-95.29345643410497
840.6139838446874,5.07581046690905e-05,0.01835760874251266,-1.8770861952078484,686.1341436965463,-95.86778832791508
841.217414391951,3.9066848566237413e-05,0.01838471195147191,-1.8660000037136655,685.9553793270791,-96.44412856046289
843.2910984429188,-2.5469945491304164e-07,0.01842470099214627,-1.8278206290251422,685.3900928490962,-98.43914588757943
845.3647824938868,-3.811203238409512e-05,0.01838466772557149,-1.7896413001918896,684.9013589398243,-100.45428412319282
845.9682130411503,-4.882714509230267e-05,0.018358422729697964,-1.7785551392678858,684.7736296161632,-101.0440382947384
846.571643588414,-5.9400227213186824e-05,0.018325766497740696,-1.7674864890117334,684.6524249332006,-101.63516968917989
848.6453276393818,-9.459281612491444e-05,0.018165777405693962,-1.7296382460742143,684.2858288203307,-103.67606234627036
850.7190116903497,-0.00012791839112112266,0.01793474580179847,-1.6921954298270807,683.9962941826219,-105.72931561490554
851.3224422376132,-0.00013724679729832718,0.017854727895275348,-1.6813970640311835,683.9264638164327,-106.32868741704347
851.9258727848769,-0.00014640509132161092,0.017769139856060514,-1.6706483515191342,683.863080174921,-106.92878017471152
853.9995568358447,-0.00017654076122250985,0.017433928651453955,-1.6341379125412654,683.6942063401369,-108.99545377758972
856.0732408868126,-0.00020455051768207943,0.017038429825207167,-1.598385104431826,683.6000897501981,-111.06689739973518
856.6766714340763,-0.00021229153607781013,0.016912650038232165,-1.5881414791653952,683.5865442719157,-111.67017017024799
857.28010198134,-0.00021984661513134953,0.01678225864746418,-1.5779748026274336,683.5791439940804,-112.27355689585252
859.3537860323078,-0.00024437136906917595,0.016300550344507763,-1.543664769435824,683.6000152962316,-114.34702492660527
861.4274700832757,-0.0002666532280874758,0.01577031097816786,-1.5104039661153301,683.6909087610121,-116.41862944194195
862.0309006305392,-0.0002727130438613307,0.0156075655451442,-1.5009367761581107,683.7301899249288,-117.02077382393566
862.6343311778029,-0.0002785825385827668,0.015441220632511101,-1.4915685273424608,683.7751315052037,-117.62253089695787
864.7080152287707,-0.00029729911512043684,0.014843736485565629,-1.4601615040930553,683.971906532287,-119.6867617663174
866.7816992797386,-0.0003137828731303209,0.014209755152450144,-1.4300313160063085,684.2320903180247,-121.74398963376876
867.3851298270022,-0.00031816382216656616,0.014019078782370359,-1.4215142906324296,684.3193044040685,-122.34107803885206
867.9885603742658,-0.0003223598619588168,0.013825811366792043,-1.4131127661350542,684.411561012124,-122.93741734094235
870.0622444252336,-0.00033538161329924114,0.013143471092029286,-1.3851455941428887,684.7660322145663,-124.98050149387805
872.1359284762016,-0.00034628382490801333,0.012436325447064666,-1.3586190995461132,685.1760344679769,-127.01319757538457
872.7393590234652,-0.0003490668382124957,0.012226521118018429,-1.3511780266456632,685.3053117766773,-127.6026114965219
873.3427895707289,-0.00035167794201294513,0.01201508384777919,-1.34386373157361,685.4389317641799,-128.19106508758955
875.4164736216967,-0.00035936330165982865,0.011277512798512074,-1.3197105803582228,685.9301019561585,-130.20567898120132
877.4901576726646,-0.00036511814942565777,0.010526006377368226,-1.2971013672433576,686.4682419996584,-132.20828380243506
878.0935882199282,-0.0003664422453054039,0.010305278859211153,-1.2908163642383181,686.6331752215077,-132.78873134525057
878.6970187671918,-0.0003676126659229297,0.010083791840421161,-1.284664500253674,686.8017147530212,-133.36815009743233
880.7707028181596,-0.00037049354934012044,0.009318199666849467,-1.2645469711359634,687.4072302900722,-135.3514145753687
882.8443868691276,-0.0003716810389197537,0.008548389233179313,-1.2460214119674775,688.0509555648393,-137.32263069753503
883.4478174163911,-0.0003717225303122409,0.008324090040990335,-1.2409308612823153,688.2449682548297,-137.89401721253665
884.0512479636548,-0.00037163154535197997,0.008099798250785625,-1.235975412350258,688.4418502295343,-138.4644281522086
886.1249320146226,-0.00037034310712437564,0.007330239959840383,-1.2199776189052756,689.1391567035334,-140.41732628577492
888.1986160655905,-0.0003676207605028162,0.0065648402191819215,-1.2055713344548131,689.8660747862502,-142.35941456812247
888.8020466128542,-0.0003665738366132515,0.006343320795835055,-1.2016768915191012,690.0826978334326,-142.9226189403151
889.4054771601178,-0.0003654165595239413,0.006122458858163686,-1.197915717438951,690.3014777974357,-143.48499410447283
891.4791612110856,-0.00036063317433763137,0.005369457070431586,-1.1860023405499303,691.0686527775307,-145.41152941795926
893.5528452620536,-0.00035467558285173757,0.004627591978707965,-1.175638904464032,691.8572425741114,-147.3294114236002
894.1562758093171,-0.0003527355015627045,0.004414154505042241,-1.172911024252629,692.0902990824377,-147.88601771586073
894.7597063565808,-0.0003507064781122763,0.004201907453536899,-1.1703114146472415,692.3248406175602,-148.4420033829347
896.8333904075486,-0.00034308887455824794,0.003482390528200169,-1.162346907978629,693.1411263926532,-150.34825849783908
898.9070744585165,-0.00033454106216698596,0.00277963458547494,-1.1558570735913276,693.971170448738,-152.24857122149243
899.51050500578,-0.0003318918994917349,0.0025785615223772617,-1.1542405788401464,694.2148841711878,-152.8005952943989
900.1139355530437,-0.00032917346628644537,0.0023791015169705764,-1.1527448024464932,694.4594600425378,-153.352239887045
902.1876196040115,-0.00031933360257463747,0.0017065793751175756,-1.148512250163493,695.3055595012636,-155.24545654531133
904.2613036549794,-0.00030878335657847793,0.0010551985559140208,-1.145652376108178,696.1583687520454,-157.1356639270203
904.8647342022431,-0.0003055913351836203,0.0008698327656069634,-1.1450717185329808,696.4074178180988,-157.68530233529466
905.4681647495067,-0.00030234754141728325,0.0006864030841034285,-1.144602235991501,696.656758932366,-158.23480895034066
907.5418488004746,-0.0002908321144412663,7.128018753910453e-05,-1.1438208572443749,697.5149714838618,-160.12256849474696
909.6155328514425,-0.000278799921906625,-0.0005194275475164644,-1.144289734371727,698.3734790447279,-162.01019404262743
910.218963398706,-0.0002752116177678715,-0.0006865804546808304,-1.144653755746565,698.6230168319079,-162.5596113266561
910.8223939459697,-0.000271586910094919,-0.0008515620816874246,-1.1451179195035484,698.8723305862455,-163.10912991036085
912.8960779969375,-0.00025887636050986437,-0.001401628581479486,-1.1474587391577382,699.726599399196,-164.99867791359384
914.9697620479054,-0.000245819251746683,-0.001924978090197784,-1.1509125216403782,700.5753891365325,-166.89069102108783
915.573192595169,-0.0002419635046216457,-0.002072148389821869,-1.152118660616327,700.8210501737938,-167.4418530076332
916.1766231424326,-0.00023808494871445647,-0.0022169895875245927,-1.1534128614773733,701.0660254991975,-167.99331901132453
918.2503071934004,-0.000224603048831614,-0.0026967576091056693,-1.1585125071747342,701.9019506752377,-169.89105212746546
920.3239912443684,-0.00021092635916898213,-0.0031483664636931283,-1.1645778435588696,702.7272673475211,-171.79341876297164
920.927421791632,-0.0002069179434085998,-0.0032744348834001053,-1.1665158382110978,702.9651703370861,-172.34797377957304
921.5308523388957,-0.00020289896250605277,-0.003398085368492289,-1.1685291571519034,703.2019808422666,-172.90299470101982
923.6045363898635,-0.00018902588958139742,-0.003804459309835866,-1.1760020396849928,704.0068324530451,-174.81411118151803
925.6782204408314,-0.00017509619934672244,-0.00418200617791127,-1.1842877242579382,704.7965993997412,-176.7315058012574
926.281650988095,-0.00017103947357082882,-0.004286438614158004,-1.1868429112253134,705.0233534621998,-177.29071214886477
926.8850815353586,-0.0001669834374083209,-0.004388427058398514,-1.189460379669011,705.2486641558377,-177.85049999345392
928.9587655863264,-0.0001530673989776251,-0.004720256871392606,-1.1989096199374252,706.0114093239929,-179.77880500288882
931.0324496372943,-0.00013922279551100358,-0.005023303284213146,-1.2090171265577436,706.755261195933,-181.71447190116015
931.6358801845579,-0.00013521438265787838,-0.005106102795004617,-1.212073439236043,706.9679763587606,-182.27916767164004
932.2393107318215,-0.0001312171402171995,-0.005186490381349349,-1.215179008510052,707.1789544843095,-182.84451321180256
934.3129947827894,-0.00011758192038643866,-0.005444422675512838,-1.226206437833966,707.8902968866538,-184.7923633205863
936.3866788337573,-0.00010413782574434169,-0.005674277998409568,-1.2377396258587576,708.5796210706756,-186.74810969321234
936.9901093810209,-0.00010026800009610524,-0.005735947603909789,-1.2411823676000169,708.7759203840085,-187.3187194092696
937.5935399282846,-9.641914254905698e-05,-0.005795291626765545,-1.2446616596805002,708.9702474421466,-187.8900025605753
939.6672239792524,-8.336754281790222e-05,-0.005981649697655927,-1.256877110132907,709.6226671199419,-189.85836873415894
941.7409080302203,-7.061870928981778e-05,-0.006141256795067433,-1.2694512718111617,710.2506391730931,-191.8346670881355
942.3443385774839,-6.697169587814964e-05,-0.006182766835603932,-1.2731697047088757,710.4286678148012,-192.41123835970302
942.9477691247475,-6.335470152861899e-05,-0.006222088170889196,-1.2769125810442405,710.60454800445,-192.9884677406043
945.0214531757154,-5.116779193949472e-05,-0.006340760032878983,-1.28994256471941,711.1923243654682,-194.97709207759593
947.0951372266833,-3.9385218398375505e-05,-0.006434579327430201,-1.303192868155724,711.753919761696,-196.97326594677796
947.6985677739468,-3.603778141418149e-05,-0.00645733228442308,-1.3070826243318507,711.9123459748175,-197.55552834913925
948.3019983212105,-3.272836037161197e-05,-0.00647807925887485,-1.310985575157603,712.0685059197957,-198.13840214234878
950.3756823721783,-2.1657619213943693e-05,-0.006534384201025401,-1.3244813234476092,712.5877067102969,-200.1460206744313
952.4493664231462,-1.1077176937597424e-05,-0.0065682402862901,-1.3380705544798994,713.0796727782263,-202.16048521619564
953.0527969704099,-8.094621815909206e-06,-0.006574021356151295,-1.3420358271338397,713.2176762414897,-202.74792301585953
953.6562275176735,-5.156437061485659e-06,-0.00657801787747697,-1.3460041315469278,713.3533517567378,-203.33590272532507
955.7299115686413,4.592943923150077e-06,-0.006578506524882325,-1.3596487634910022,713.8017747818869,-205.36050523699555
957.8035956196093,1.3789072092812551e-05,-0.0065593516722023066,-1.3732740415289901,714.2225520812415,-207.3910336806727
958.4070261668728,1.635842163725393e-05,-0.006550252526804396,-1.3772294433380192,714.3397971126261,-207.9829640114759
959.0104567141365,1.8879226521657785e-05,-0.0065396186300665255,-1.381178980779311,714.4547046597526,-208.57535275721594
961.0841407651043,2.7166064476625337e-05,-0.0064917752546539,-1.3946933417453864,714.8317662314504,-210.61445132691335
963.1578248160722,3.486448513673548e-05,-0.006427357691320927,-1.4080913058523488,715.1813566504902,-212.6584399361468
963.7612553633357,3.6993011824567716e-05,-0.006405674335969486,-1.411963245387564,715.2779500958443,-213.254088708244
964.3646859105994,3.9071247144722845e-05,-0.006382721922394117,-1.415821810262631,715.3722430625121,-213.85010646685515
966.4383699615672,4.582775505790962e-05,-0.006294592317097039,-1.4289684970741323,715.6788158051683,-215.9009877394117
968.5120540125351,5.19896580695975e-05,-0.006193068360450574,-1.4419185431023267,715.9586031784337,-217.95569628855156
969.1154845597988,5.367149012208667e-05,-0.006161186379308941,-1.4456460141218548,716.0350392321735,-218.5542655648848
969.7189151070625,5.530368102649997e-05,-0.006128303902275391,-1.4493540361898192,716.1092515136161,-219.15311529444153
971.7925991580303,6.0536069015840377e-05,-0.006008097266214594,-1.4619393392040616,716.3474616948802,-221.21305733277006
973.8662832089982,6.519489810472263e-05,-0.005877635000603906,-1.4742647381665681,716.5599973227384,-223.27580869410778
974.4697137562617,6.644471640883046e-05,-0.005837915437203757,-1.4777994908667071,716.6170932352431,-223.87653130567045
975.0731443035254,6.764769457782093e-05,-0.00579745454863093,-1.4813101382678555,716.6720742094345,-224.47745197262554
977.1468283544932,7.142973176392861e-05,-0.0056531617605621925,-1.4931838789195908,716.845073541589,-226.5438939318661
979.2205124054611,7.468246377593744e-05,-0.005501575028149262,-1.5047508392500093,716.9938425780261,-228.6122239879989
979.8239429527247,7.553257182886194e-05,-0.005456251510013635,-1.5080569664369452,717.0326700217388,-229.21440338621522
980.4273734999883,7.634037204836648e-05,-0.005410425988559154,-1.5113356706433034,717.0695157285937,-229.81670813498863
982.5010575509561,7.880152446970453e-05,-0.005249487549559264,-1.5223891151569129,717.1812443088895,-231.8873685382133
984.5747416019241,8.07950987565309e-05,-0.0050839302626963,-1.5331040351808054,717.2704296032144,-233.95912487693244
985.1781721491877,8.129118021969425e-05,-0.005035025509333098,-1.5361570563940177,717.2922464527546,-234.5621602493685
985.7816026964514,8.175067998624789e-05,-0.004985830349651042,-1.53918054695921,717.3122316872765,-235.16525994207944
987.8552867474192,8.306024863418013e-05,-0.004814879137219382,-1.5493427328826657,717.367187791099,-237.2382057958792
989.9289707983871,8.397448967795792e-05,-0.004641622185442674,-1.5591480293159545,717.4014459576932,-239.31159945810913
990.5324013456507,8.417043770840852e-05,-0.004590889866197248,-1.5619335935543672,717.4076325673954,-239.91499768977326
991.1358318929143,8.433609590452437e-05,-0.004540046265219871,-1.5646885668490547,717.4121478651059,-240.5184115368814
993.2095159438821,8.468452883219953e-05,-0.004364743243079015,-1.5739214943253848,717.4151773774861,-242.5920851504727
995.2831999948501,8.471274765446149e-05,-0.0041890496925748475,-1.5827904938043944,717.399438388803,-244.6657035243858
995.8866305421136,8.466492978030181e-05,-0.004137945739355259,-1.5853028484342002,717.3914413524707,-245.26908054504156
996.4900610893773,8.4593049578472e-05,-0.004086875846722517,-1.587784420315771,717.3819377129399,-245.87243643758393
998.5637451403451,8.417222822975041e-05,-0.003911849775511229,-1.596077639663041,717.3380518724646,-247.9456493439057
1000.637429191313,8.35017715294888e-05,-0.003737955187242612,-1.6040090834070015,717.2773491029466,-250.01844004948967
1001.2408597385767,8.326346775996557e-05,-0.0036876396165716474,-1.6062494715530309,717.2566341773866,-250.62151447487335
1001.8442902858403,8.300669238779776e-05,-0.003637471636209288,-1.6084595766254453,717.2345770587498,-251.22454193554177
1003.9179743368081,8.199200118524203e-05,-0.0034663614806023243,-1.6158247319551768,717.1488026389818,-253.29644591757508
1005.991658387776,8.078879933385952e-05,-0.003297550929721709,-1.622837443211089,717.0481357635853,-255.36768149218528
1006.5950889350396,8.040635019580712e-05,-0.0032489160191769124,-1.6248125855676219,717.0161503411954,-255.97026334790476
1007.1985194823033,8.001012862026105e-05,-0.003200514586807145,-1.6267584762386436,716.9829831763319,-256.57278185402504
1009.2722035332711,7.855053328755211e-05,-0.003036088253510144,-1.633224300259195,716.8602449716791,-258.6428261994081
1011.345887584239,7.69521968052177e-05,-0.002874832512430042,-1.6393524434180846,716.7244741981605,-260.712058098346
1011.9493181315025,7.646348112992123e-05,-0.0028285448082048708,-1.6410732135146633,716.6826186540524,-261.3140349735026
1012.5527486787662,7.596474026785787e-05,-0.002782553885353172,-1.6427661604374066,716.6397351215325,-261.9159399386148
1014.626432729734,7.417992673329848e-05,-0.002626860361500209,-1.6483742110212498,716.4847674804006,-263.9838222902084
1016.7001167807019,7.229544591991337e-05,-0.0024749713162310625,-1.6536633470711195,716.3185350769352,-266.0508307950909
1017.3035473279656,7.173026020529947e-05,-0.002431516712435239,-1.655143684304546,716.2681417028585,-266.65215319572894
1017.9069778752292,7.115797555389051e-05,-0.0023884044048767946,-1.6565979162285753,716.2168654230517,-267.2534013145958
1019.9806619261971,6.914149355021659e-05,-0.0022429240494487557,-1.6613991371926082,716.0341480175516,-269.3190174774734
1022.054345977165,6.705574521171063e-05,-0.002101697058837702,-1.6659030879312515,715.8418220964725,-271.38376213181886
1022.6577765244285,6.643728300374696e-05,-0.0020614203278239126,-1.6671591397050198,715.7841401396123,-271.9844292449975
1023.2612070716922,6.581400751017533e-05,-0.0020215175402091418,-1.6683910090784762,715.7257103133,-272.5850243556194
1025.33489112266,6.363878808649734e-05,-0.001887287615502694,-1.6724430349354749,715.5194231073823,-274.64842060582157
1027.408575173628,6.141828163599373e-05,-0.001757615364115103,-1.676221435925681,715.3050588002649,-276.7109941224936
1028.0120057208915,6.076481479120496e-05,-0.0017207510253795682,-1.6772708887212744,715.2412442398189,-277.31104074409524
1028.615436268155,6.010837136877506e-05,-0.0016842813237391493,-1.6782982210730444,715.1768058858869,-277.9110209159379
1030.689120319123,5.783252531216779e-05,-0.0015619908299434801,-1.681663272346969,714.9507988941433,-279.9723509355037
1032.7628043700909,5.553112708752554e-05,-0.0014444462153795146,-1.6847796525013585,714.718112859645,-282.03293826184563
1033.3662349173544,5.4857648886405606e-05,-0.0014111404332268968,-1.6856412041067705,714.6492218105425,-282.6324233048722
1033.969665464618,5.4182752894455795e-05,-0.0013782409634979917,-1.6864827832213463,714.5798195238053,-283.2318495390436
1036.043349515586,5.185501345143402e-05,-0.0012682951395395685,-1.6892259874726654,714.3375939032051,-285.2913370862404
1038.1170335665538,4.951910580617142e-05,-0.001163184780874303,-1.6917462124359985,714.0899490989104,-287.35018043664695
1038.7204641138176,4.883876434606101e-05,-0.0011335089546741684,-1.6924391386919155,714.016934023043,-287.9491772062913
1039.323894661081,4.815842966890503e-05,-0.0011042431824466634,-1.6931142813608122,713.9435084650405,-288.54812391334946
1041.3975787120492,4.5822695222712084e-05,-0.0010068010303890937,-1.6953022651950405,713.6882064814231,-290.6060316558074
1043.471262763017,4.349522336007942e-05,-0.0009141938866060152,-1.697293197932426,713.4286051117931,-292.6634017461241
1044.0746933102805,4.2820397071963586e-05,-0.0008881514532281703,-1.6978369732034262,713.3523132964486,-293.2619900184214
1044.678123857544,4.214695491743523e-05,-0.0008625153405092982,-1.6983651537067352,713.275699907926,-293.8605372975291
1046.751807908512,3.9845383302250395e-05,-0.0007775064601066269,-1.7000647768479094,713.0101022349602,-295.9171418007059
1048.82549195948,3.756824143289227e-05,-0.000697244982267379,-1.7015930407360897,712.7411856417829,-297.97331515554066
1049.4289225067434,3.691108577558169e-05,-0.0006747738045907882,-1.7020069817374015,712.6623596397854,-298.5715750024201
1050.032353054007,3.625666866915071e-05,-0.0006526978931931989,-1.7024074771471407,712.5832892915585,-299.1698026563801
1052.106037104975,3.403077456412e-05,-0.0005798278486418912,-1.7036846211767944,712.3098188261752,-301.2253752458697
1054.1797211559428,3.184498564344475e-05,-0.0005115320224547489,-1.704815398499101,712.0338737151167,-303.2806172187192
1054.7831517032064,3.1217305326584046e-05,-0.0004925055899666026,-1.7051183161039407,711.9531536031056,-303.8786244615857
1055.38658225047,3.059363258792328e-05,-0.0004738563018972337,-1.7054098589873083,711.8722550541088,-304.47660762423453
1057.460266301438,2.8482901975355644e-05,-0.0004126126274174113,-1.706328240557344,711.5929868751878,-306.53140065763375
1059.5339503524058,2.642633164049065e-05,-0.0003556897856927256,-1.7071241021173722,711.3119575819156,-308.58595364143315
1060.1373808996693,2.5838765753631625e-05,-0.00033992105279344743,-1.7073339649940666,711.229884956684,-309.1837767710153
1060.7408114469329,2.52562866503569e-05,-0.00032450501191426135,-1.7075344095842497,711.1476890393621,-309.78158298016865
1062.814495497901,2.329499691905799e-05,-0.00027417630820405223,-1.708154456438354,710.8643662147208,-311.8358209214992
1064.8881795488687,2.1399141374277146e-05,-0.00022784685481447902,-1.70867428405307,710.5798726440822,-313.8898970920868
1065.4916100961323,2.086028506201444e-05,-0.0002150969808157166,-1.7088079158169924,710.4968962294283,-314.48759545407785
1066.0950406433958,2.0327329781674777e-05,-0.00020267025666876814,-1.7089339405484072,710.4138416243644,-315.0852829656503
1068.1687246943638,1.8542006762696312e-05,-0.00016238157350923805,-1.7093118150076119,710.1278962954904,-317.1391575312033
1070.2424087453317,1.6830051558913734e-05,-0.0001257190153858762,-1.7096099031859397,709.8412568091571,-319.19293535373197
1070.8458392925954,1.6346008155371305e-05,-0.00011570970792970637,-1.709682737063435,709.7577394324529,-319.7905583699545
1071.449269839859,1.5868393490584278e-05,-0.00010599041369155847,-1.7097496066745825,709.6741797792304,-320.38817548072336
1073.522953890827,1.427680635165201e-05,-7.474806669029865e-05,-1.7099364475450525,709.3867585646253,-322.44184404338074
1075.5966379417948,1.276312729197229e-05,-4.672539018407435e-05,-1.7100618399485072,709.0990167407746,-324.49546771634516
1076.2000684890584,1.2337451346686946e-05,-3.9152542942616695e-05,-1.7100877439149764,709.0152433480545,-325.09305490065174
1076.803499036322,1.1918453262053973e-05,-3.183450348581014e-05,-1.7101091427589006,708.931455354578,-325.69064003911416
1078.87718308729,1.0529779220345504e-05,-8.572943207093323e-06,-1.7101505554861012,708.6434478709809,-327.74422647040836
1080.9508671382578,9.220445463066792e-06,1.1891209200550214e-05,-1.710146631556793,708.3554018941089,-329.7978075033962
1081.5542976855213,8.854340901386979e-06,1.7344310076641296e-05,-1.7101378059630428,708.2715882384485,-330.3953890429873
1082.1577282327848,8.494920882965678e-06,2.2578475434695176e-05,-1.7101257435242219,708.1877804226632,-330.9929714013869
1084.231412283753,7.310661312698318e-06,3.895286446786401e-05,-1.7100615348694068,707.8998496684677,-333.04656859292885
1086.3050963347207,6.20453992088628e-06,5.2952490265180596e-05,-1.7099658331595313,707.6120831111712,-335.1001887977386
1086.9085268819842,5.897212021435187e-06,5.6603480132666305e-05,-1.7099327753506686,707.5283847599844,-335.69778649831653
1087.5119574292478,5.596373246090638e-06,6.007088139990159e-05,-1.7098975578331166,707.444706472811,-336.2953870080228
1089.5856414802158,4.611647815260574e-06,7.064205520012715e-05,-1.7097616897014984,707.157319896829,-338.34906042305903
1091.6593255311836,3.701754034136073e-06,7.924880817910889e-05,-1.709605937089433,706.8702327710615,-340.4027757182223
1092.2627560784472,3.450803025261894e-06,8.140659556551494e-05,-1.709557463251581,706.7867541173641,-341.00040414801293
1092.8661866257107,3.2059898802214403e-06,8.341465974421389e-05,-1.7095077211765524,706.7033045373621,-341.59803663761596
1094.9398706766788,2.4108812351111628e-06,8.922638981100759e-05,-1.7093284472790846,706.4167647740061,-343.65182837432826
1097.0135547276466,1.6856653432640144e-06,9.346178350550934e-05,-1.7091387561014642,706.1306039044168,-345.7056729363576
1097.6169852749101,1.487447367065644e-06,9.441895676934693e-05,-1.7090820691729989,706.0474069202585,-346.3033406428384
1098.2204158221737,1.2948921199383016e-06,9.525804672368223e-05,-1.7090248298218302,705.9642437643812,-346.90101305703575
1100.2940998731417,6.755695664742442e-07,9.729010065736246e-05,-1.7088249772871842,705.6787182043511,-348.95494603650053
1102.3677839241095,1.199223972702714e-07,9.81038966039092e-05,-1.708622174055783,705.3936061641377,-351.0089364581883
1102.9712144713733,-3.018259368368261e-08,9.81308145668221e-05,-1.7085629675734424,705.3107186881377,-351.6066471672006
1103.5746450186368,-1.7519335797484003e-07,9.806848283675247e-05,-1.7085037623614474,705.2278664360883,-352.2043627598278
1105.6483290696049,-6.356111099971926e-07,9.721804198379707e-05,-1.7083011262205818,704.9434149773499,-354.2584447678212
1107.7220131205727,-1.0395224365165508e-06,9.547142841836176e-05,-1.708101182814878,704.6593769900196,-356.31258399174135
1108.3254436678362,-1.1468622504723787e-06,9.481164821330542e-05,-1.7080437727596556,704.576800385575,-356.91033772831935
1108.9288742150998,-1.2497430837683292e-06,9.408821539824419e-05,-1.7079867717947563,704.4942578587438,-357.50809617176805
1111.0025582660678,-1.570309403878542e-06,9.115584146928145e-05,-1.707794596832995,704.210858323154,-359.5623235768675
1113.0762423170356,-1.8421219380140884e-06,8.760926424922859e-05,-1.7076091395200648,703.9278466637759,-361.6166044566223
1113.6796728642992,-1.9125002473269264e-06,8.647636257344054e-05,-1.7075566169877179,703.8455627210853,-362.21439854984084
1114.2831034115627,-1.9790867385945436e-06,8.53019044952932e-05,-1.7075047836053712,703.7633098933195,-362.81219692541174
1116.3567874625307,-2.1800629446878356e-06,8.098247415841878e-05,-1.7073323082630163,703.4808807186669,-364.86655796772754
1118.4304715134986,-2.340247083354101e-06,7.62885775981593e-05,-1.7071691783167762,703.1987962750554,-366.9209663745559
1119.033902060762,-2.3796388630036987e-06,7.486447537108852e-05,-1.7071235751985043,703.116773267983,-367.51879632646825
1119.6373326080256,-2.4159102645548455e-06,7.341731625470518e-05,-1.7070788326041355,703.0347772237379,-368.11662997745793
1121.7110166589937,-2.5178144466828123e-06,6.829612605685488e-05,-1.7069318675414675,702.7531971761726,-370.1711075778836
1123.7847007099615,-2.5867507806881276e-06,6.299780123222215e-05,-1.7067957058698586,702.47190797005,-372.22562502018974
1124.388131257225,-2.601043616824171e-06,6.143255236465048e-05,-1.706758165536194,702.3901058200994,-372.82348523243274
1124.9915618044886,-2.6128613788625483e-06,5.9859209869191664e-05,-1.7067215675755765,702.308325816902,-373.42134847481356
1127.0652458554566,-2.6356100814449797e-06,5.4412954266829415e-05,-1.7066030818241837,702.0274506113708,-375.4759225561585
1129.1389299064244,-2.6327821427236595e-06,4.8946043979316176e-05,-1.7064959113018152,701.7468072212723,-377.53052831592606
1129.742360453688,-2.627548810559534e-06,4.735893169375664e-05,-1.7064668568272123,701.6651817616959,-378.1284126772549
1130.3457910009515,-2.6204403279058134e-06,4.5775346697329504e-05,-1.706438755518273,701.5835733943258,-378.72629937208626
1132.4194750519196,-2.5826345649505413e-06,4.0377322661459796e-05,-1.7063494457349935,701.3032492468581,-380.7809487124142
1134.4931591028874,-2.525979304371386e-06,3.507723978456077e-05,-1.7062712281985528,701.0230972052348,-382.83562152714666
1135.0965896501511,-2.506304489968409e-06,3.3558948894114047e-05,-1.7062505217208381,700.9416035750935,-383.43352387158063
1135.7000201974147,-2.485289330669101e-06,3.205276231952277e-05,-1.7062307252812623,700.8601220750654,-384.0314278693907
1137.7737042483827,-2.4036728932795037e-06,2.698144340357989e-05,-1.7061695477026966,700.5801963300433,-386.0861315264989
1139.8473882993505,-2.3091089416421706e-06,2.2092795719046204e-05,-1.7061186970360736,700.3003856778286,-388.1408508605746
1140.450818846614,-2.279462106177703e-06,2.0708389965394366e-05,-1.7061057852044574,700.2189809063378,-388.73876530969585
1141.0542493938776,-2.2489370598064643e-06,1.934199317241524e-05,-1.7060937016919409,700.1375836400052,-389.3366807806806
1143.1279334448457,-2.1380360756082537e-06,1.4792019086073454e-05,-1.7060583512812515,699.8579127114017,-391.3914191373013
1145.2016174958135,-2.019172596598023e-06,1.048027445114892e-05,-1.7060321890729488,699.5783049790724,-393.4461660947892
1145.805048043077,-1.9833392203521015e-06,9.272697292447937e-06,-1.7060262310286884,699.4969498435884,-394.04408729968503
1146.4084785903406,-1.947008944884367e-06,8.086774688741479e-06,-1.7060209942069346,699.4155980943108,-394.64200896535004
1148.4821626413086,-1.8189469961076048e-06,4.181395510543943e-06,-1.7060083206458927,699.1360530291211,-396.6967644494958
1150.5558466922764,-1.6869627962674056e-06,5.456431077977026e-07,-1.7060034660469916,698.8565259719763,-398.75152238356446
1151.15927723954,-1.6480176867573782e-06,-4.605283122745689e-07,-1.7060034418666634,698.7751862280616,-399.34944568251115
1151.7627077868035,-1.6088793771401397e-06,-1.4432323792022783e-06,-1.7060040173888533,698.6938463621005,-399.9473689648556
1153.8363918377715,-1.4733516721096986e-06,-4.639157156401093e-06,-1.7060103725750848,698.414316376327,-402.00212650051196
1155.9100758887394,-1.337024849672243e-06,-7.553211734703117e-06,-1.706023062844685,698.1347668236739,-404.0568813741457
1156.513506436003,-1.2973537951169933e-06,-8.348002335699634e-06,-1.7060278617557858,698.0534139131261,-404.6548028818079
1157.1169369832664,-1.2577167959331149e-06,-9.118931468230037e-06,-1.7060331331202359,697.9720580355387,-405.25272398574793
1159.1906210342345,-1.122099528133842e-06,-1.1586169387192568e-05,-1.7060546493719262,697.6924523896791,-407.3074712271373
1161.2643050852023,-9.87961707095968e-07,-1.3773713893460589e-05,-1.7060809918976527,697.4127975750644,-409.3622117770667
1161.8677356324658,-9.49311005753021e-07,-1.435818075086131e-05,-1.7060894807781255,697.3314089183062,-409.9601284200331
1162.4711661797294,-9.108559671644632e-07,-1.4919429048296112e-05,-1.7060983156895322,697.2500151249163,-410.55804436374973
1164.5448502306974,-7.80422450492515e-07,-1.6672495853527318e-05,-1.7061311177244565,696.9702636999549,-412.61277176250815
1166.6185342816652,-6.530081111496103e-07,-1.8158215165461377e-05,-1.706167277868937,696.6904414259304,-414.66748951383147
1167.221964828929,-6.165658574470805e-07,-1.8541231800698073e-05,-1.7061783515200462,696.6090003998312,-415.26539902592424
1167.8253953761925,-5.804219891593382e-07,-1.890237563001134e-05,-1.7061896502404836,696.5275527254472,-415.86330763239624
1169.8990794271606,-4.5863497689774113e-07,-1.997903149824723e-05,-1.7062300070522416,696.2476056358344,-417.91800838183883
1171.9727634781284,-3.4079491717377216e-07,-2.0807231947804804e-05,-1.7062723388990806,695.9675735962434,-419.9726975552444
1172.576194025392,-3.0728235057778143e-07,-2.1002738831332513e-05,-1.7062849543095704,695.88606928854,-420.5705984443581
1173.1796245726555,-2.7412640702952394e-07,-2.1178144414088265e-05,-1.7062976822831317,695.8045574412523,-421.1684983056336
1175.2533086236235,-1.6297555887205975e-07,-2.1630589928846253e-05,-1.706342107220365,695.5243839827979,-423.2231682002258
1177.3269926745913,-5.62236811946264e-08,-2.1857104739991102e-05,-1.7063872361321966,695.244118522828,-425.2778255474305
1177.9304232218549,-2.6000384633055836e-08,-2.1881889853671407e-05,-1.706400433422155,695.1625453411959,-425.8757170437807
1178.5338537691184,3.8441760385030765e-09,-2.1888555183835887e-05,-1.7064136408986652,695.0809642991948,-426.4736074676498
1180.6075378200865,1.0348982531082478e-07,-2.1776487433349078e-05,-1.7064589495495686,694.8005514819176,-428.5282447092057
1182.6812218710543,1.9862554671372184e-07,-2.146246217196482e-05,-1.7065038164093287,694.5200460259422,-430.58286930550196
1183.2846524183178,2.2546348880566437e-07,-2.1334489161530983e-05,-1.7065167293584087,694.4384032248079,-431.1807512991976
1183.8880829655814,2.5192236926964173e-07,-2.119043308745617e-05,-1.7065295609306628,694.3567527570846,-431.77863224595467
1185.9617670165494,3.399713737960891e-07,-2.0575970867813154e-05,-1.7065728968556628,694.0761036205382,-433.83323722128563
1188.0354510675172,4.236113428508235e-07,-1.9783494305048943e-05,-1.7066147740074045,693.7953669446345,-435.8878302373058
1188.6388816147808,4.4713086633365864e-07,-1.9520762002226654e-05,-1.7066266330641515,693.7136581173387,-436.48570321118865
1189.2423121620443,4.7028518982811026e-07,-1.924394235171027e-05,-1.7066383300060317,693.6319422741446,-437.08357522621384
1191.3159962130123,5.470925332309964e-07,-1.8188352739533633e-05,-1.7066771681498702,693.3510741297698,-439.1381502742658
1193.3896802639802,6.19677633901359e-07,-1.6977866763052076e-05,-1.706713656731304,693.0701286033801,-441.19271474248205
1193.9931108112437,6.400171289074612e-07,-1.659778286966573e-05,-1.7067237872982461,692.9883611721755,-441.7905797042831
1194.5965413585072,6.600058745548873e-07,-1.6205527087140656e-05,-1.706733685488156,692.9065877760568,-442.3884438502801
1196.6702254094753,7.260525465897149e-07,-1.4767700589819268e-05,-1.7067658227711404,692.6255304698052,-444.44299303036024
1198.743909460443,7.880318111382006e-07,-1.3197131421096342e-05,-1.7067948408230673,692.3444103403539,-446.4975336154679
1199.3473400077069,8.053089517947318e-07,-1.2716380524303561e-05,-1.706802659525604,692.2625950621014,-447.09539203148296
1199.9507705549704,8.222442317165018e-07,-1.2225306846501652e-05,-1.7068101856499116,692.1807752157611,-447.69324982237134
1202.0244546059384,8.77843638574382e-07,-1.0461884950642451e-05,-1.7068337278825856,691.8995694546119,-449.74777868876544
1204.0981386569063,9.293960744822919e-07,-8.587363521095624e-06,-1.7068534981427315,691.6183192001372,-451.8023014648722
1204.7015692041698,9.436333737707476e-07,-8.02222348750195e-06,-1.7068585096186857,691.536469691579,-452.40015519556846
1205.3049997514333,9.575211098144503e-07,-7.448603548500716e-06,-1.7068631781632289,691.4546173049346,-452.9980085322475
1207.3786838024014,1.0025705248758248e-06,-5.415565188012215e-06,-1.7068765316573427,691.1733130441792,-455.0525239145219
1209.4523678533692,1.0433783303721198e-06,-3.293506453058273e-06,-1.7068855769721667,690.8919857740875,-457.10703614625965
1210.0557984006327,1.0544383267057687e-06,-2.6605395977467364e-06,-1.7068873733971814,690.8101180478852,-457.7048873825807
1210.6592289478963,1.0651219956976795e-06,-2.0210259654235612e-06,-1.706888786596879,690.7282493742102,-458.30273848916335
1212.7329129988643,1.0989146867394868e-06,2.235512403599609e-07,-1.706890661560746,690.44690422112,-460.3572482720725
1214.8065970498321,1.128002541033586e-06,2.533325638133102e-06,-1.7068878143814703,690.1655600667423,-462.4117581917435
1215.4100275970957,1.1355496521936903e-06,3.216304065116026e-06,-1.706886079485738,690.083692058875,-463.00960938950044
1216.0134581443592,1.1426681298004309e-06,3.903685299240307e-06,-1.7068839319284068,690.001825219587,-463.60746074727064
1218.0871421953273,1.163779298958731e-06,6.296050211963655e-06,-1.706873363001066,689.7205027758623,-465.6619736398859
1220.160826246295,1.1794318409010857e-06,8.72653328536891e-06,-1.7068577935422493,689.4392071829928,-467.71649020893796
1220.7642567935586,1.1829112336971949e-06,9.439326626614462e-06,-1.706852312297266,689.3573582442742,-468.31434401766563
1221.3676873408222,1.1858870108420416e-06,1.0154037545626989e-05,-1.7068464012890945,689.2755127144453,-468.9121982930533
1223.4413713917902,1.1921440646510307e-06,1.2620801628516945e-05,-1.7068227884580678,688.9942807568564,-470.9667235737958
1225.515055442758,1.191911069535983e-06,1.5093811708624753e-05,-1.7067940538615913,688.7131025739321,-473.02125621462716
1226.1184859900216,1.1905601473981373e-06,1.5812686625782507e-05,-1.7067847283431181,688.6312928938792,-473.6191153967403
1226.721916537285,1.1886073238313551e-06,1.6530528151592162e-05,-1.7067749704613222,688.5494889164339,-474.216975359119
1228.7956005882531,1.1771522591472174e-06,1.898478620578445e-05,-1.706738141197528,688.2684173040893,-476.271522582158
1230.869284639221,1.1579481082811427e-06,2.1407255496825892e-05,-1.7066962555378744,687.9874265537441,-478.3260808657343
1231.4727151864847,1.150829227259735e-06,2.210390451386831e-05,-1.7066831267255036,687.9056764842976,-478.9239482018041
1232.0761457337483,1.1429959921214113e-06,2.279600166712932e-05,-1.7066695802311964,687.823934380556,-479.52181662696773
1234.1498297847163,1.110444542138039e-06,2.5134044310519487e-05,-1.7066198710414904,687.5430925796778,-481.5763952761065
1236.2235138356841,1.0687453406044234e-06,2.7395100757997263e-05,-1.7065653933125662,687.2623578093123,-483.6309885523079
1236.8269443829477,1.054813604432603e-06,2.803587378064999e-05,-1.7065486677921118,687.1806870592453,-484.22886672884624
1237.4303749302112,1.0400466240426635e-06,2.86679470565127e-05,-1.7065315597785025,687.0990264073005,-484.82674628465094
1239.5040589811792,9.827452469966394e-07,3.076708765748597e-05,-1.7064699126107257,686.818480541174,-486.8813653634983
1241.577743032147,9.148830695919294e-07,3.273645342514576e-05,-1.7064040470445632,686.5380656706903,-488.9360023245702
1242.1811735794106,8.930755556295315e-07,3.328201014546611e-05,-1.7063841267653619,686.4564923491733,-489.53389380185763
1242.7846041266741,8.703188953807174e-07,3.381408461457845e-05,-1.7063638831020622,686.3749310096987,-490.13178691373264
1244.8582881776422,7.846964015302317e-07,3.55321180306042e-05,-1.7062919492429693,686.0947403730672,-492.18645446562357
1246.93197222861,6.872456639196084e-07,3.70603334265099e-05,-1.7062166495366817,685.814700995232,-494.24114263851004
1247.5354027758735,6.566035078307018e-07,3.74658625488755e-05,-1.7061941619752505,685.7332404949543,-494.839049497715
1248.138833323137,6.249168116044853e-07,3.785255943203502e-05,-1.7061714373127461,685.6517934764482,-495.43695819351007
1250.2125173741051,5.079224709643028e-07,3.902933983582895e-05,-1.7060916787177358,685.3720064998706,-497.4916807511527
1252.286201425073,3.7816807168455344e-07,3.995028077633866e-05,-1.7060097451170764,685.0923856405236,-499.54642592164487
1252.8896319723365,3.3797466969862494e-07,4.016641801730866e-05,-1.705985570450804,685.0110493668374,-500.1443496926724
1253.4930625196,2.9668031908466383e-07,4.035795857833756e-05,-1.7059612748101363,684.9297275388204,-500.74227542855726
1255.566746570568,1.4629444571080848e-07,4.081952468610597e-05,-1.7058770503386864,684.6503772485894,-502.7970574014443
1257.6404306215359,-1.7234734032372467e-08,4.095561047437058e-05,-1.7057922061966329,684.37120065893,-504.8518629816363
1258.2438611687994,-6.729128889255099e-08,4.0930164155730244e-05,-1.7057674974422274,684.2899946312934,-505.4498044557241
1258.847291716063,-1.1845092780611903e-07,4.0874191453173026e-05,-1.7057428152803449,684.2088033141739,-506.04774792746036
1260.920975767031,-3.0265444042928115e-07,4.043977535023017e-05,-1.7056584372486785,683.92990240562,-508.1025909442812
1262.9946598179988,-4.996099824627991e-07,3.961015752102551e-05,-1.7055753698205134,683.6511735350994,-510.15745730432053
1263.5980903652626,-5.592709743166043e-07,3.929071700096037e-05,-1.7055515613942966,683.5700969100013,-510.7554163382018
1264.2015209125261,-6.199602742759684e-07,3.893500629308284e-05,-1.705527958558539,683.4890343935158,-511.35337728493175
1266.2752049634942,-8.362272546157843e-07,3.7427132954957474e-05,-1.705448703549347,683.2105701173059,-513.4082795180226
1268.348889014462,-1.0638542421713322e-06,3.545901169605934e-05,-1.7053730525974324,682.9322650002073,-515.4632033130285
1268.9523195617255,-1.1321168802745174e-06,3.479646904099993e-05,-1.7053518524665243,682.8513085897954,-516.0611786343682
1269.555750108989,-1.2012409311139968e-06,3.409255141554235e-05,-1.7053310661911623,682.7703646571414,-516.6591556449478
1271.629434159957,-1.4450614019431314e-06,3.1350267135942676e-05,-1.7052631233853168,682.492293805854,-518.7141111536657
1273.703118210925,-1.6976384128020685e-06,2.8093297085984387e-05,-1.7052014008584802,682.2143561833577,-520.7690846864155
1274.3065487581885,-1.7726001569947488e-06,2.7046255613621034e-05,-1.705184761435789,682.1335010698973,-521.3670737130158
1274.909979305452,-1.8481443268530844e-06,2.5953921369704792e-05,-1.7051687685520411,682.0526556305733,-521.9650640476902
1276.98366335642,-2.1117311576831104e-06,2.18489794803725e-05,-1.7051191091861513,681.7749000015688,-524.0200621869737
1279.0573474073879,-2.380083007859158e-06,1.7192501211592592e-05,-1.7050785340288825,681.4972370886969,-526.0750728560195
1279.6607779546514,-2.458803857281506e-06,1.5732476048044586e-05,-1.7050685972842137,681.4164534601274,-526.6730715438681
1280.264208501915,-2.5377067339788847e-06,1.4225054516561692e-05,-1.7050595561762685,681.3356754194367,-527.2710709866326
1282.337892552883,-2.809578545878246e-06,8.680637239312299e-06,-1.7050357092998132,681.0581182138399,-529.3260959354844
1284.4115766038508,-3.0807144105139253e-06,2.5732067828709765e-06,-1.7050239435487613,680.7805976006854,-531.3811258264283
1285.0150071511143,-3.1591266557021808e-06,6.904431319267817e-07,-1.705022956524417,680.6998439549559,-531.9791285639201
1285.6184376983779,-3.2371885023612364e-06,-1.2393248679949495e-06,-1.7050231191282106,680.6190904700919,-532.5771313231332
1287.692121749346,-3.5019129564890208e-06,-8.228054575570224e-06,-1.7050328418375353,680.341574159381,-534.632161795107
1289.7658058003137,-3.75884778979028e-06,-1.5757662555335935e-05,-1.7050576177695136,680.0640224008552,-536.6871874796286
1290.3692363475773,-3.831716555898317e-06,-1.8048016070051293e-05,-1.7050678158550743,679.9832452841142,-537.2851870472068
1290.9726668948408,-3.903574457257226e-06,-2.0381786186973586e-05,-1.7050794072163629,679.9024615734203,-537.8831857238933
1293.0463509458089,-4.141732104797704e-06,-2.8726321327960322e-05,-1.7051302421501195,679.6247878164747,-539.9381949277932
1295.1200349967767,-4.363552512080932e-06,-3.754778104698862e-05,-1.7051988755087553,679.3469913059024,-541.993187540693
1295.7234655440404,-4.424518919935005e-06,-4.0199500882605275e-05,-1.7052223324866282,679.2661257594565,-542.5911751567127
1296.326896091304,-4.4836925553112526e-06,-4.288718124095976e-05,-1.705247397108583,679.1852456402692,-543.1891608015115
1298.400580142272,-4.672122887697157e-06,-5.238484207891312e-05,-1.7053461163161245,678.9071778557619,-545.2441167254314
1300.4742641932398,-4.834358627525006e-06,-6.224608823744905e-05,-1.7054649076520059,678.6288865858119,-547.2990423943653
1301.0776947405034,-4.876069201195882e-06,-6.517615880952521e-05,-1.7055033536928523,678.5478574763287,-547.8970078691732
1301.681125287767,-4.9151088826120546e-06,-6.81302772263706e-05,-1.705543570128384,678.4668048050431,-548.4949701500324
1303.754809338735,-5.027497919952515e-06,-7.844558893847405e-05,-1.705695512506951,678.1880739873576,-550.5498362454135
1305.8284933897028,-5.102856419266322e-06,-8.895556518676167e-05,-1.7058690474192668,677.9090087675665,-552.6046569509015
1306.4319239369663,-5.117209075331388e-06,-9.203945996106312e-05,-1.705923658877296,677.8277331615432,-553.2025889718315
1307.0353544842299,-5.127947819102216e-06,-9.513059580607622e-05,-1.705980126746676,677.7464243344618,-553.80051647518
1309.109038535198,-5.135809911459054e-06,-0.00010578084631412403,-1.706188446018884,677.4667386365867,-555.8552528191469
1311.1827225861657,-5.095322380184294e-06,-0.00011639726939600182,-1.7064188154720106,677.1866022510621,-557.9099277628919
1311.7861531334293,-5.073828041534052e-06,-0.00011946585362356818,-1.7064899834620015,677.1049929655471,-558.5078143327585
1312.3895836806928,-5.047764808883092e-06,-0.00012251976561590495,-1.7065629902554185,677.0233406081239,-559.1056950206433
1314.4632677316608,-4.9218591577308414e-06,-0.00013286696943663187,-1.7068278417304041,676.7423990937253,-561.1602600329459
1316.5369517826286,-4.736472619709991e-06,-0.00014289141243341915,-1.707113815384937,676.4608917375183,-563.2147475885208
1317.1403823298922,-4.67075546247996e-06,-0.0001457301505431294,-1.707200903631384,676.3788621522219,-563.812576638587
1317.7438128771557,-4.5995631946205915e-06,-0.0001485272884125335,-1.7072896821992725,676.2967800753654,-564.4103984824196
1319.8174969281238,-4.311767563956065e-06,-0.00015777895377881075,-1.7076073889806727,676.0142908575945,-566.4647512650156
1321.8911809790916,-3.954396438654163e-06,-0.00016636168313905679,-1.707943587212023,675.7311299797191,-568.519011573113
1322.4946115263551,-3.836820507703207e-06,-0.00016871286367110656,-1.70804469341321,675.6486001294589,-569.116771767279
1323.0980420736187,-3.712994821310293e-06,-0.0001709909776134887,-1.7081471848160896,675.5660095631239,-569.714523574218
1325.1717261245867,-3.2386342069096757e-06,-0.00017821213125584486,-1.7085094371672243,675.2817122953546,-571.768626922453
1327.2454101755545,-2.686657986694848e-06,-0.00018436913573576942,-1.7088855605549227,674.9966566974334,-573.8226251680956
1327.8488407228183,-2.511088563092457e-06,-0.00018593781690319703,-1.7089972993155094,674.9135605776631,-574.4203069066391
1328.4522712700818,-2.328715204036416e-06,-0.0001873983637302029,-1.7091099395079394,674.8303976035354,-575.0179793456316
1330.5259553210499,-1.6493120974120252e-06,-0.00019153719533006967,-1.709503094053233,674.5440899663769,-577.0718034441722
1332.5996393720177,-8.874718507854357e-07,-0.00019418168525233627,-1.7099032818313513,674.2569676592506,-579.1255138092412
1333.2030699192812,-6.501403983945922e-07,-0.0001946460042942752,-1.7100206108456633,674.1732615718105,-579.7231104259187
1333.8065004665448,-4.057784853125276e-07,-0.00019496498311265224,-1.7101381632591626,674.0894855691987,-580.3206972450967
1335.8801845175128,4.878462350857308e-07,-0.00019489419479575112,-1.7105427206966173,673.8010530124815,-582.3742240026236
1337.9538685684806,1.4642394466271725e-06,-0.0001928844932986062,-1.7109451209947981,673.5117919245403,-584.4276342171569
1338.5572991157442,1.7637803538046933e-06,-0.00019191086333015384,-1.7110612353154464,673.4274635677783,-585.0251433410052
1339.1607296630077,2.07014406157804e-06,-0.00019075458675779248,-1.711176694483033,673.3430663620952,-585.6226427446642
1341.2344137139758,3.174533402251566e-06,-0.00018533004050662392,-1.7115670444322755,673.052513919166,-587.6758706328603
1343.3080977649436,4.356209849987308e-06,-0.00017753520517301143,-1.7119436879711385,672.7611740909106,-589.7289869477576
1343.911528312207,4.714098295802131e-06,-0.00017479873587902058,-1.7120500095318034,672.6762519616758,-590.326411969217
1344.5149588594707,5.078052335788882e-06,-0.00017184484753525917,-1.712154603115359,672.591267227026,-590.9238280898602
1346.5886429104387,6.3736993303856545e-06,-0.00015998236985136817,-1.7124991314025177,672.2987517365236,-592.9767772316179
1348.6623269614065,7.734041092726562e-06,-0.0001453660514050712,-1.7128162053610632,672.0055571432752,-595.0296295028131
1349.26575750867,8.141124977876064e-06,-0.00014057626921970564,-1.7129024960588748,671.9201196734608,-595.6269810430808
1349.8691880559336,8.552865925484539e-06,-0.00013554004888405364,-1.7129858136170555,671.834631995544,-596.2243254023865
1351.9428721069016,1.0000933552775265e-05,-0.00011631026100642888,-1.7132474693634485,671.5404925639646,-598.2770425046947
1354.0165561578694,1.1492813951832681e-05,-9.403221146234767e-05,-1.7134660880396144,671.2458602060973,-600.329688921066
1354.619986705133,1.1933763413952277e-05,-8.696381668239126e-05,-1.713520714217642,671.1600439106544,-600.9269861564131
1355.2234172523965,1.2377215395140521e-05,-7.962946757678609e-05,-1.7135709903804837,671.0741967708677,-601.5242789614308
1357.2971013033646,1.3916651381444668e-05,-5.236924810895226e-05,-1.7137084063024925,670.7789808146501,-603.5768415227711
1359.3707853543324,1.5469782522153538e-05,-2.1902525077201165e-05,-1.7137859685045134,670.48354423148,-605.6293723441689
1359.9742159015962,1.5922364606278252e-05,-1.2430506928984415e-05,-1.7137963421873614,670.3975500070578,-606.2266439892243
1360.5776464488597,1.63744867211278e-05,-2.6866949056647977e-06,-1.7138009191629984,670.3115518124616,-606.8239150628597
1362.6513304998277,1.791983652525823e-05,3.287563608243968e-05,-1.713770167069243,670.016033563713,-608.8764341279133
1364.7250145507955,1.943894080340053e-05,7.161532184821034e-05,-1.7136623755219373,669.7206574979305,-610.9289736554775
1365.328445098059,1.9873565900924642e-05,8.347737038997409e-05,-1.7136155928618728,669.6347540919778,-611.5262583707864
1365.9318756453226,2.0303926781557177e-05,9.559894071721703e-05,-1.7135615820151422,669.5488812592631,-612.123547478746
1368.0055596962907,2.174417708500308e-05,0.0001392093332158702,-1.7133186254025197,669.2540692421466,-614.1761681023511
1370.0792437472585,2.3108323309523826e-05,0.00018572744189084039,-1.7129822197721847,668.9598518454854,-616.2288740227839
1370.682674294522,2.348794813753957e-05,0.00019978748966896127,-1.7128659095803112,668.8743754264071,-616.8262199952949
1371.2861048417856,2.3858684380850833e-05,0.00021407220265064889,-1.7127410639247889,668.7889714429269,-617.4235763184058
1373.3597888927536,2.505748682696526e-05,0.00026481393348433115,-1.7122449399903472,668.4961011692916,-619.4764748837943
1375.4334729437214,2.6120942909353414e-05,0.0003179012690328741,-1.711641161716412,668.204359939449,-621.5295341625379
1376.036903490985,2.640144824351381e-05,0.0003337497184911354,-1.7114445465012256,668.1197086518299,-622.1269976278851
1376.6403340382485,2.6667692914003953e-05,0.0003497611662130272,-1.7112383451657815,668.0351779958361,-622.7244781539695
1378.7140180892166,2.746531655699e-05,0.0004059235699630399,-1.7104550689845002,667.7456860335112,-624.7778558181768
1380.7877021401844,2.806025996303291e-05,0.00046352984575278965,-1.7095538326550863,667.457923653273,-626.8314765124171
1381.391132687448,2.8191384475560938e-05,0.00048050387483450585,-1.709268991220886,667.374546052003,-627.4291190585229
1381.9945632347114,2.8302278107380604e-05,0.0004975487890099884,-1.7089739232598873,667.29134187133,-628.0267857449184
1384.0682472856795,2.8519611837064973e-05,0.0005565117977107808,-1.7078810573850278,667.006817555382,-630.0808575982264
1386.1419313366473,2.846100050783354e-05,0.0006156393764667479,-1.7066657502262779,666.7246640180449,-632.1352563524091
1386.745361883911,2.8387930767042647e-05,0.0006327940040123468,-1.7062890547426837,666.6430403564452,-632.7331409727201
1387.3487924311746,2.8288280270018573e-05,0.0006498943038461051,-1.705902073227,666.5616448952215,-633.3310566657858
1389.4224764821427,2.7733147884835e-05,0.0007080405088029003,-1.7044938473401197,666.2837563348703,-635.3860367061476
1391.4961605331105,2.6825981631123404e-05,0.0007646705410770804,-1.7029666166269497,666.0088842405751,-637.4414222780795
1392.099591080374,2.6491641888413954e-05,0.0007807600591224282,-1.702500298560405,665.9294997567215,-638.0396083255246
1392.7030216276376,2.6124300419708505e-05,0.0007966356933410507,-1.7020243971374052,665.8503966997309,-638.6378316111767
1394.7767056786056,2.4600254678302564e-05,0.000849302808863154,-1.7003171963068162,665.5807884389072,-640.6939143143833
1396.8503897295734,2.2649345032674957e-05,0.0008983669446032985,-1.6985045162396117,665.3147991923953,-642.7504682002048
1397.453820276837,2.1997427627821706e-05,0.0009118405923006143,-1.6979582953255337,665.2381088116119,-643.3490056075997
1398.0572508241005,2.1306398207513695e-05,0.0009249070626649929,-1.6974041390937868,665.1617470025056,-643.9475849825997
1400.1309348750685,1.8624021535323563e-05,0.0009663942108342937,-1.6954421084636306,664.9019077772814,-646.0049249913085
1402.2046189260363,1.5446231583525537e-05,0.0010018052919715044,-1.6934003465176428,664.6461876635257,-648.0627809387066
1402.8080494733,1.4424926643478903e-05,0.0010108210509811556,-1.69279303607534,664.5725719287309,-648.6617042728321
1403.4114800205634,1.3359175414202336e-05,0.0010192054799343236,-1.6921805577518758,664.4993203261918,-649.2606722224999
1405.4851640715315,9.34972997904871e-06,0.0010428463895091986,-1.6900410000662072,664.2504208744724,-651.3193642970814
1407.5588481224993,4.7884428472672455e-06,0.0010576008033694904,-1.6878616324956175,664.0059676735154,-653.3785890009688
1408.1622786697628,3.3547971535721057e-06,0.0010600609018462691,-1.687222614248871,663.9356802381504,-653.9779120368399
1408.7657092170264,1.8726643244683536e-06,0.0010616401759247667,-1.6865824666586022,663.8657745117664,-654.5772797095369
1410.8393932679944,-3.5962970833570747e-06,0.0010599549475460203,-1.6843806422259657,663.6284773501262,-656.6373413167536
1412.9130773189622,-9.6549712902311e-06,0.0010463173821074873,-1.6821947051099053,663.3957002809649,-658.6979185913158
1413.5165078662258,-1.1530245985367256e-05,0.0010399284314794597,-1.6815651490640195,663.3288079495665,-659.2976300422425
1414.1199384134893,-1.3456192121841334e-05,0.001032392243449304,-1.68093988778517,663.2622897808562,-659.8973831349881
1416.1936224644573,-2.0463917516743917e-05,0.0009973265355359404,-1.6788327709348767,663.0365352434573,-661.9587415811982
1418.2673065154252,-2.8073975377261147e-05,0.0009471044956239415,-1.6768140840057861,662.8150335486538,-664.020561475631
1418.870737062689,-3.0401476490811643e-05,0.0009294640862613611,-1.676247776007737,662.75135060834,-664.6206222005245
1419.4741676099525,-3.277941940610244e-05,0.0009104045482029796,-1.6756926337633693,662.6880015304715,-665.2207183212903
1421.5478516609205,-4.1334723106162175e-05,0.0008336606739141843,-1.6738811433809653,662.472777073813,-667.2832028584301
1423.6215357118883,-5.047324014913317e-05,0.0007385711026876346,-1.6722478171362536,662.2611053526291,-669.3460552513233
1424.2249662591519,-5.32399919596981e-05,0.0007072811000040826,-1.6718114509836794,662.2001247650767,-669.9463966092576
1424.8283968064154,-5.6054017460898506e-05,0.0006743089582381424,-1.6713945605829432,662.1393972053905,-670.5467636898429
1426.9020808573835,-6.6079021785627e-05,0.0005477673026373588,-1.6701237737605445,661.9324998597218,-672.610100331213
1428.9757649083513,-7.663069567730034e-05,0.00039989088231694923,-1.6691375151318115,661.727931145449,-674.6736693678376
1429.5791954556148,-7.97958342231306e-05,0.0003526955640712576,-1.6689103101935179,661.6687560066932,-675.274191378592
1430.1826260028784,-8.300172211928478e-05,0.0003035808866896439,-1.668712238209319,661.6097050313288,-675.8747256630644
1432.2563100538464,-9.431821395302205e-05,0.00011980218050450696,-1.668269124836175,661.407509718551,-677.9385285603811
1434.3299941048142,-0.00010606325028399946,-8.788768725368789e-05,-1.6682319025321501,661.2058100641217,-680.0023800260497
1434.9334246520777,-0.00010955483451164703,-0.00015294313901734058,-1.6683044245940295,661.1470895276557,-680.6029466894223
1435.5368551993413,-0.00011307702655075914,-0.00022011061958528182,-1.6684168963221016,661.0883095669377,-681.2035074940379
1437.6105392503093,-0.00012539743002027654,-0.0004673213436938729,-1.6691251882477185,660.8855586066499,-683.2672560095508
1439.6842233012771,-0.00013800494262010795,-0.0007403783787909009,-1.6703729156505824,660.680789413844,-685.3308048828322
1440.2876538485407,-0.000141718540746096,-0.0008247767333511334,-1.6708450110301512,660.62066396478,-685.9312325926261
1440.8910843958042,-0.00014544898602162723,-0.0009114157316366657,-1.6713687415687597,660.560235478152,-686.5316296220454
1442.9647684467723,-0.0001583744201272332,-0.0012264146147297364,-1.673580683467414,660.3498668438308,-688.594615474487
1445.03845249774,-0.00017140397459427845,-0.0015683247207458866,-1.6764737362128934,660.1342332625521,-690.657056446811
1445.6418830450036,-0.00017520383344410236,-0.0016729045343134709,-1.6774515406493837,660.0702948112854,-691.257090222818
1446.2453135922672,-0.00017900349052000236,-0.001779770886553541,-1.6784931407878185,660.0057464191945,-691.8570580637381
1448.3189976432352,-0.00019203170021191002,-0.002164495474661626,-1.6825780737248548,659.7787801705566,-693.9182833731533
1450.392681694203,-0.00020494585536142638,-0.002576118196877736,-1.6874886930201145,659.5425456272042,-695.9784644448691
1450.9961122414668,-0.00020866947607573204,-0.002700916638523154,-1.6890807507306966,659.4718183719693,-696.5777361273223
1451.5995427887303,-0.00021237332931816597,-0.00282794904325603,-1.690748752839687,659.4001104526717,-697.1768900633981
1453.6732268396984,-0.00022491946223881295,-0.003281414011202552,-1.6970787650199939,659.1456143131079,-699.2348963418672
1455.7469108906662,-0.00023711014533653028,-0.003760527149573577,-1.7043757133729758,658.8771026483802,-701.2911163511119
1456.3503414379297,-0.0002405770320303443,-0.003904658334589453,-1.706688339597081,658.7960510456394,-701.8890794410378
1456.9537719851933,-0.0002440032731186754,-0.004050862034717922,-1.7090884890825542,658.7135871717418,-702.4868474262461
1459.0274560361613,-0.00025543463895498817,-0.004568804708572385,-1.7180217337164632,658.4187434073942,-704.539459204474
1461.1011400871291,-0.0002662615298917285,-0.005109825678463158,-1.7280529563596656,658.1044510822703,-706.5891758789147
1461.7045706343927,-0.00026928478771367766,-0.005271414909282497,-1.7311850911846662,658.0090215011882,-707.1850137949311
1462.3080011816562,-0.00027224652072140704,-0.005434802863284987,-1.734415162949712,657.911694303679,-707.7805417020616
1464.3816852326242,-0.00028192280254671565,-0.006009535157320785,-1.7462778177341125,657.561990585797,-709.8245178381001
1466.455369283592,-0.00029075276197872027,-0.006603455500025905,-1.7593521806854773,657.1868315962178,-711.863964713317
1467.0587998308556,-0.0002931502800575801,-0.0067796354864746045,-1.763390057895164,657.0725342175764,-712.4564731132324
1467.6622303781191,-0.000295466581977024,-0.0069572312755215955,-1.767534524783155,656.9558122160278,-713.0485044543918
1469.7359144290872,-0.0003027769211732921,-0.007577699719551141,-1.7826025236708745,656.535378741762,-715.0791057454477
1471.809598480055,-0.00030901995125574014,-0.008212220866435756,-1.798971748507997,656.0830840265401,-717.1028341775735
1472.4130290273185,-0.0003106247137659704,-0.008399185124052787,-1.8039836993622556,655.945121197687,-717.6902836127789
1473.016459574582,-0.0003121309158185013,-0.008587082594489022,-1.8091085699634508,655.8041827265547,-718.2770207219291
1475.0901436255501,-0.0003165291028939253,-0.009239120358640758,-1.8275901748807082,655.2962959459202,-720.2875236158413
1477.163827676518,-0.00031967365438833375,-0.009898978751128927,-1.847432008866239,654.7499859893335,-722.2879089746327
1477.7672582237815,-0.00032034409938685413,-0.010092089973789443,-1.853463698846282,654.5834320675657,-722.8679010603687
1478.370688771045,-0.0003209021740186501,-0.01028556787554335,-1.8596118215679285,654.4133510934131,-723.4468617350113
1480.444372822013,-0.00032194274380391,-0.01095233689051681,-1.8816320501221095,653.801118425816,-725.4280725772187
1482.5180568729809,-0.00032159223394336977,-0.011619821388620314,-1.905035688791297,653.1440591990716,-727.394848707578
1483.1214874202446,-0.00032122292214463205,-0.011813776279127575,-1.9121060849229456,652.9440938521537,-727.964186240988
1483.7249179675082,-0.0003207321560895685,-0.012007469511254434,-1.919293216695284,652.7400791321628,-728.5320770363896
1485.7986020184762,-0.0003181068634072321,-0.012670097996242633,-1.9448811592155584,652.0073052106501,-730.4719253707648
1487.872286069444,-0.0003140155302940384,-0.013325762401336564,-1.971835963206165,651.2238398127056,-732.3918337588036
1488.4757166167076,-0.00031254740395173625,-0.013514812913533902,-1.9799343359587236,650.9860307750929,-732.946431256647
1489.0791471639711,-0.000310954550222797,-0.013702939893781674,-1.9881462793128235,650.7437134784285,-733.4990644062407
1491.1528312149392,-0.000304526421114396,-0.014341349856005273,-2.0172263437638156,649.8759238667526,-735.3823713821688
1493.226515265907,-0.00029663177010994505,-0.014964909357886094,-2.0476148711900666,648.9525433339801,-737.2390245130408
1493.8299458131705,-0.00029406123511697236,-0.015143136031238668,-2.056699123194338,648.673165423251,-737.7738884325966
1494.433376360434,-0.00029136942365112734,-0.015319777424666217,-2.0658902212051666,648.3889208196534,-738.3061716557122
1496.507060411402,-0.00028120186071617457,-0.015913682432458193,-2.098278276347485,647.3744840627635,-740.1146932043547
1498.58074446237,-0.0002696510345525151,-0.0164850689017069,-2.131874554665136,646.3009627078088,-741.8887478178444
1499.1841750096335,-0.0002660370476008653,-0.01664669793610559,-2.1418711347928516,645.9773283721674,-742.3980530841909
1499.787605556897,-0.0002623125534130428,-0.016806117842126538,-2.151964377131147,645.6486055258074,-742.9040781761685
1501.861289607865,-0.00024869006886625323,-0.01733615625973825,-2.1873696204830684,644.4798536406449,-744.6169051604425
1503.9349736588329,-0.00023385569073361594,-0.017836689406210488,-2.2238434037428987,643.2503337633434,-746.2866141320525
1504.5384042060964,-0.00022932326748856133,-0.01797643913147177,-2.2346490060197985,642.8810989222233,-746.7638938822533
1505.14183475336,-0.0002246984502276387,-0.018113433379748176,-2.245537936381759,642.5067210433281,-747.237139442208
1507.215518804328,-0.00020813178275258033,-0.018562375367490006,-2.2835710643336395,641.1809321036403,-748.8314943203438
1509.2892028552958,-0.00019060790704021323,-0.01897597084738352,-2.322498507380517,639.7948117425012,-750.3736536840244
1509.8926334025593,-0.00018534495095441788,-0.019089400757094366,-2.3339836478058067,639.3802129159715,-750.8121022343414
1510.4960639498229,-0.00018001409430791902,-0.019199643601065894,-2.3455361488393183,638.9606039426676,-751.245748287296
1512.569748000791,-0.0001612177002887429,-0.019553557299145433,-2.385723946082723,637.4806921095467,-752.698152343463
1514.6434320517587,-0.00014178340961200868,-0.019867831816669217,-2.4266045489489967,635.9431620683035,-754.0893882920878
1515.2468625990225,-0.00013602728852713756,-0.01995164854027022,-2.4386189203977517,635.4851409562508,-754.4822556066803
1515.850293146286,-0.00013023193547849303,-0.020031990189508797,-2.4506827485274782,635.0224352053258,-754.8695858988806
1517.923977197254,-0.00011006342870985881,-0.020281188050102966,-2.4924884245868264,633.3972069716945,-756.1572944880572
1519.997661248222,-8.960831044116765e-05,-0.020488265629030913,-2.534767186197065,631.719311348116,-757.3755594412808
1520.6010917954854,-8.36218830591517e-05,-0.020540527090491995,-2.5471464046940495,631.2214940038924,-757.7165939761783
1521.204522342749,-7.762607483376372e-05,-0.02058918344910766,-2.5595560540003333,630.7194979472648,-758.051440767868
1523.278206393717,-5.699714222544424e-05,-0.02072875575736273,-2.6024036109997226,628.9633848871929,-759.1539766959976
1525.3518904446848,-3.643013302017984e-05,-0.020825614381866066,-2.645496309526318,627.1615444267144,-760.1800660288038
1525.9553209919484,-3.0475607063495158e-05,-0.02084579495131389,-2.6580693865174037,626.6290634364819,-760.4639484236104
1526.558751539212,-2.4540061903002695e-05,-0.020862397317738316,-2.670653595943456,626.0930608233765,-760.7411213541702
1528.63243559018,-4.3312971521581285e-06,-0.02089226686303766,-2.7139537603728754,624.2253213661439,-761.641700865315
1530.7061196411478,1.5498471954496354e-05,-0.020880622773794762,-2.757272821721065,622.3203478201833,-762.4605827735893
1531.3095501884113,2.118135335219546e-05,-0.02086954938385768,-2.7698696290929616,621.7595224812588,-762.6832906355684
1531.9129807356749,2.682059374865168e-05,-0.02085506753768129,-2.7824588058213373,621.1959407466167,-762.8989304963184
1533.986664786643,4.5829564868816264e-05,-0.02077963009060892,-2.8256341070626636,619.2394150177446,-763.5855855042362
1536.0603488376107,6.419788221343357e-05,-0.020665438300057615,-2.8686127927411595,617.2551328201132,-764.1873632545462
1536.6637793848743,6.941002009285826e-05,-0.02062512022489525,-2.8810708924276454,616.6730467729642,-764.3464182768902
1537.2672099321378,7.455939536405045e-05,-0.02058168139096161,-2.8935038362859724,616.0890264654628,-764.4982288701713
1539.3408939831058,9.174878945012944e-05,-0.02040910299832961,-2.9360108156196576,614.0686036528797,-764.9644813848342
1541.4145780340737,0.00010811022268274794,-0.02020173769794381,-2.9781238533651018,612.0302588019683,-765.3448730067779
1542.0180085813372,0.00011270762405163306,-0.02013510759217429,-2.9902941694979326,611.4342904689144,-765.439443004912
1542.6214391286007,0.00011722978965583979,-0.0200657291955863,-3.0024235879008256,610.8372141004498,-765.5267764460248
1544.6951231795688,0.0001321794836331751,-0.01980696932049379,-3.043770466749445,608.7782120207208,-765.7718028149345
1546.7688072305366,0.00014619253154242977,-0.01951817965744,-3.0845496232258776,606.7108717798259,-765.9321107274732
1547.3722377778004,0.00015009026643458262,-0.01942878140221114,-3.09630056004731,606.1082366372502,-765.962965197671
1547.975668325064,0.00015390646902183253,-0.01933705706564006,-3.107996999456987,605.5052756055586,-765.9867621248902
1550.049352376032,0.00016639173361181786,-0.01900478912049144,-3.1477557354305064,603.4319288178074,-766.0150737777299
1552.1230364269998,0.00017789724641553896,-0.018647646529116983,-3.186799661586944,601.3590562627911,-765.9617020346632
1552.7264669742633,0.00018106028114527924,-0.018539339095061995,-3.1980195611185644,600.7564113862556,-765.9310433646108
1553.3298975215268,0.00018414018442127028,-0.01842914803366604,-3.2091736895855605,600.1541398538197,-765.8936523511861
1555.4035815724949,0.00019408943839106574,-0.018036814759966043,-3.2469865224680197,598.0883506820592,-765.7143915896725
1557.4772656234627,0.00020306126968070497,-0.01762486330990128,-3.2839654391484223,596.0306853414119,-765.4580284714958
1558.0806961707262,0.00020548955783659172,-0.017501593464262135,-3.294563623480711,595.4338296963845,-765.3692358869619
1558.6841267179898,0.00020783636630033287,-0.01737688189585822,-3.305087138386127,594.8379367701004,-765.2741501678431
1560.7578107689578,0.0002152836540182161,-0.016938010440102857,-3.3406687607380725,592.7983800936863,-764.900137874927
1562.8314948199256,0.00022178863695978328,-0.016484672683776836,-3.375325303083406,590.7731897633317,-764.4547460541764
1563.4349253671892,0.00022350724223931353,-0.016350316914992464,-3.38523209798441,590.1868744010869,-764.3120739831676
1564.0383559144527,0.00022514841940880708,-0.016214945732867414,-3.395057655117368,589.6019867143507,-764.1636271494729
1566.1120399654208,0.0002302051424649976,-0.015742663428467613,-3.4281943011751155,587.6035947757777,-763.6103037940821
1568.1857240163886,0.00023437882842488822,-0.015260810648087519,-3.460341659878971,585.6243026657376,-762.9920543481873
1568.7891545636521,0.00023543131419684828,-0.015119059148642262,-3.469507692109331,585.0521481980229,-762.8003234541555
1569.3925851109157,0.00023641217262165013,-0.014976691924822325,-3.4785881337047786,584.4817586642946,-762.6033816579557
1571.4662691618837,0.00023924646623472184,-0.014483369734133134,-3.509134434909989,582.5355599406348,-761.8877642596725
1573.5399532128515,0.00024127451857862016,-0.013985006058813301,-3.5386525145332395,580.6117056001908,-761.1140261117863
1574.143383760115,0.00024171788282397288,-0.013839277845239589,-3.5470474750740446,580.0562123219391,-760.8783371491837
1574.7468143073786,0.000242096686428812,-0.013693298964521258,-3.555354542439223,579.5026994072948,-760.638016900272
1576.8204983583466,0.00024291769033228704,-0.013190291800486503,-3.583228744905628,577.6159509209176,-759.7777632504989
1578.8941824093145,0.00024302185266156004,-0.012686325385221063,-3.610058874846459,575.753415750716,-758.866225653496
1579.4976129565782,0.00024292276188359757,-0.012539707003682265,-3.617669893861252,575.216045046855,-758.5917161064306
1580.1010435038418,0.00024276708151005556,-0.01239316262274724,-3.6251925657980384,574.6807607451675,-758.3131464606573
1582.1747275548098,0.00024181346563549138,-0.011890622271053291,-3.650370561975035,572.8572962790645,-757.325782312071
1584.2484116057776,0.0002402413813028891,-0.011390700671477893,-3.674509163472005,571.0587137450271,-756.2937527792994
1584.8518421530412,0.0002396733886239881,-0.01124590212528856,-3.6813389056221038,570.5400173980495,-755.9854062107352
1585.4552727003047,0.00023905738327231868,-0.01110145779784619,-3.688081467585761,570.023420532809,-755.6735442408915
1587.5289567512727,0.00023658808833374706,-0.010608199573760297,-3.7105899755535523,568.2641351522942,-754.5758763904151
1589.6026408022406,0.0002336037107224795,-0.010120595946567291,-3.73208148473274,566.5294083103801,-753.439766061244
1590.206071349504,0.0002326443169223459,-0.009979921350386839,-3.7381460475039927,566.0291838042061,-753.1022757722694
1590.8095018967676,0.000231645706038598,-0.00983983449874318,-3.7441259728635057,565.5309970676283,-752.7617761281527
1592.8831859477357,0.00022792887352554846,-0.009363257139943591,-3.7640351396363583,563.8343965869915,-751.5694885376844
1594.9568699987035,0.00022380047862422613,-0.008894814042626691,-3.782964469485364,562.1612565102049,-750.3444743673707
1595.560300545967,0.00022252749281496283,-0.00876015003197149,-3.7882911702289754,561.6787100428603,-749.9821570033565
1596.1637310932306,0.00022122388945130793,-0.008626260538156509,-3.793536901044849,561.1980829654997,-749.6172906759473
1598.2374151441986,0.0002165240151330495,-0.008172331058276878,-3.8109526465471415,559.5608410454363,-748.3447032926257
1600.3110991951664,0.00021151133035159168,-0.007728471967846822,-3.8274375271297347,557.9453950175302,-747.044542104517
1600.91452974243,0.000209999186679137,-0.00760129606699822,-3.8320626813324714,557.479298534941,-746.6612932405824
1601.5179602896935,0.00020846444938217622,-0.007475036814909694,-3.8366114122309973,557.014963230273,-746.2759072896528
1603.5916443406616,0.00020303042529383524,-0.007048343199430014,-3.8516678758628013,555.4324449968716,-744.9358675477685
1605.6653283916294,0.00019737397883020397,-0.006633148649901002,-3.8658514344643633,553.8696795827482,-743.5728300158332
1606.268758938893,0.00019569095994971614,-0.0065145554417795825,-3.8698182286760576,553.418512824265,-743.1721122048691
1606.8721894861565,0.00019399259466680387,-0.006396980084770116,-3.8737137957706,552.9689239961508,-742.7696208646498
1608.9458735371245,0.00018805021024193903,-0.006000837563419695,-3.8865662193083463,551.4356506373709,-741.3734947110653
1611.0195575880923,0.00018196613198129464,-0.005617164583999518,-3.8986100973627664,549.9198694993139,-739.958386296827
1611.622988135356,0.00018017330414119581,-0.005507902254943542,-3.9019666341350883,549.4819421516811,-739.5432401161713
1612.2264186826196,0.0001783715682588561,-0.0053997223614912675,-3.9052575818783692,549.0453968671194,-739.1266378952736
1614.3001027335877,0.00017212178392717395,-0.005036304008665852,-3.9160758404437486,547.5554386778653,-737.684368918126
1616.3737867845555,0.0001658018888597926,-0.00468591842768824,-3.9261539970926016,546.0806267248814,-736.2266079366409
1616.977217331819,0.00016395341248698656,-0.004586427048801163,-3.9289515435581945,545.6541789311664,-735.7996777128508
1617.5806478790826,0.00016210175387374658,-0.004488050181661287,-3.9316893961428527,545.2289146936046,-735.3715663382968
1619.6543319300506,0.00015572296367917456,-0.004158515087749433,-3.940652231459682,543.7762095460295,-733.8917764099938
1621.7280159810184,0.00014933798151668383,-0.0038422140094210885,-3.9489454366915524,542.3363231158502,-732.399504950533
1622.331446528282,0.00014748219492483118,-0.003752659819336881,-3.9512368692195663,541.9196046898851,-731.963072555207
1622.9348770755455,0.000145628372877207,-0.0036642231748988557,-3.9534745956331854,541.5038763420373,-731.5256953587858
1625.0085611265135,0.00013928055662284933,-0.0033688265694754036,-3.9607644917294564,540.0824765898145,-730.0158063929675
1627.0822451774814,0.00013298450978537513,-0.0030865396526700245,-3.967455421272448,538.6716642152471,-728.4960161470275
1627.685675724745,0.00013116520068233973,-0.003006842800644045,-3.969293836650544,538.2629941191691,-728.0520380971916
1628.2891062720084,0.00012935256095375253,-0.0029282402029247676,-3.9710844783884713,537.8551312251484,-727.6073172774544
1630.3627903229765,0.00012318148527335485,-0.0026664204444871433,-3.97688306510115,536.4593852883263,-726.0736799081429
1632.4364743739443,0.00011711546063657944,-0.002417288625928424,-3.9821518757458088,535.072145987914,-724.532340935574
1633.0399049212078,0.00011537285493707359,-0.002347144654795081,-3.9835893334383856,534.6699541848327,-724.0824857136645
1633.6433354684714,0.00011364124410453691,-0.0022780474816065602,-3.984984759671119,534.2684010381474,-723.6320595598751
1635.7170195194394,0.00010778107525064125,-0.002048494111875279,-3.989468627421785,532.8930772276914,-722.0800799840465
1637.7907035704072,0.00010207481425717427,-0.0018309333026945529,-3.993488908401562,531.5243640535651,-720.5222654619155
1638.3941341176708,0.00010044580866492326,-0.0017698311698730667,-3.9945752767870326,531.1272179977661,-720.0679493439243
1638.9975646649343,9.883171313278696e-05,-0.0017097062720722717,-3.9956250416367647,530.7305585203954,-719.6132078425446
1641.0712487159024,9.340454748570796e-05,-0.0015104217006920552,-3.9989618961545195,529.3709188673632,-718.0474683404544
1643.1449327668702,8.81744945139446e-05,-0.0013221869814506232,-4.001896954386069,528.0161954095022,-716.4774721177185
1643.748363314134,8.669180743201863e-05,-0.0012694286517423495,-4.002678855044993,527.6228133955784,-716.0198928025748
1644.3517938613975,8.522737630471858e-05,-0.0012175584757413431,-4.003429154030316,527.2297831414215,-715.5620110087477
1646.4254779123655,8.033909145587973e-05,-0.001045932408500844,-4.005774326486322,525.881614766991,-713.9863826320229
1648.4991619633333,7.568346236537805e-05,-0.0008842018723202538,-4.0077738608064255,524.5368720546675,-712.4078288833264
1649.1025925105969,7.437413507696937e-05,-0.0008389287170258523,-4.008293734367809,524.146125575248,-711.947996841518
1649.7060230578604,7.308570355688844e-05,-0.000794438565565237,-4.008786486440524,523.7556129819258,-711.4879659821343
1651.7797071088285,6.882119505796477e-05,-0.0006473483419231612,-4.01027990998716,522.4152243433514,-709.9057136001793
1653.8533911597963,6.48160079221207e-05,-0.0005088324862531728,-4.0114772051480285,521.0769654371758,-708.3216591362209
1654.4568217070598,6.370045731075944e-05,-0.00047005858010728163,-4.011772538296895,520.687872665452,-707.8604268888344
1655.0602522543234,6.260767006755017e-05,-0.00043195045032031517,-4.012044632972916,520.2989116668585,-707.3990834268518
1657.1339363052914,5.902852779695759e-05,-0.0003058807651210272,-4.012808414408409,518.9631009072764,-705.8129640223798
1659.2076203562592,5.572620628904575e-05,-0.00018694607076413756,-4.013318165006746,517.6283003333695,-704.2259942550924
1659.8110509035228,5.481796622095692e-05,-0.00015359460153876962,-4.013420905791327,517.2400127918927,-703.7640838845656
1660.4144814507863,5.393359217930556e-05,-0.00012078373898160455,-4.013503640357551,516.8517688417575,-703.3021368495197
1662.4881655017543,5.107785745367327e-05,-1.1952773994618e-05,-4.01364029494435,515.5177711886705,-701.7144921208196
1664.5618495527222,4.8507522904323426e-05,9.125221433488013e-05,-4.013557101743834,514.183815972291,-700.1268117308941
1665.1652800999857,4.781341564686031e-05,0.00012031242578705307,-4.013493271118512,513.7956003132932,-699.6648409216973
1665.7687106472492,4.7143536982353974e-05,0.00014896110593813684,-4.013411984125759,513.4073517253546,-699.2028978006632
1667.8423946982173,4.5026560128450904e-05,0.00024447759919826,-4.013003342883835,512.0727723242201,-697.6157420410736
1669.916078749185,4.3195086269692096e-05,0.0003359001728239433,-4.012400875361157,510.73739074375493,-696.0292612385508
1670.5195092964486,4.2715542935281884e-05,0.0003618195732187337,-4.012190370847897,510.34860736959536,-695.5677680888939
1671.1229398437122,4.225989319174171e-05,0.00038745657750186306,-4.011964266885289,509.9597236792483,-695.1063595102177
1673.1966238946802,4.087546963342402e-05,0.0004736068622662934,-4.011071033740035,508.62246153520925,-693.5214634895141
1675.270307945648,3.9768541867392424e-05,0.0005571740092773931,-4.010001830429054,507.2836449834864,-691.9378804685877
1675.8737384929118,3.949788931870961e-05,0.0005810889217249685,-4.009658413022627,506.8937250213498,-691.4773472230956
1676.4771690401753,3.925011158442401e-05,0.0006048469456676114,-4.009300569752521,506.5036438595264,-691.0169505712729
1678.5508530911434,3.857123949685437e-05,0.0006854902109257722,-4.007962497536281,505.1618118341564,-689.4359218027512
1680.6245371421112,3.815382685096138e-05,0.000764996802100382,-4.006458375218512,503.8177344749081,-687.8568016277553
1681.2279676893747,3.808035541112686e-05,0.000787997043320657,-4.005989831880718,503.4261564238321,-687.3976773716158
1681.8313982366383,3.8028054272514125e-05,0.0008109586237896302,-4.00550738211245,503.03436020165486,-686.9387393608315
1683.9050822876063,3.8006846118261963e-05,0.0008897538272021179,-4.003744046856499,501.68620538555507,-685.3630987478214
1685.9787663385741,3.822276212649601e-05,0.0009687509119003053,-4.001817105924936,500.3351457282827,-683.7899485049566
1686.5821968858377,3.8328543762874046e-05,0.0009918470798930775,-4.001225585706256,499.9414129453231,-683.3326707409349
1687.1856274331012,3.8453069030014946e-05,0.001015011768797389,-4.000620073325755,499.5474065028459,-682.8756288548029
1689.2593114840693,3.901990881134529e-05,0.0010953037327873824,-3.9984322492269793,498.1912348354181,-681.3068832914994
1691.332995535037,3.979087964319856e-05,0.0011769827950432622,-3.9960764867612784,496.83150297950755,-679.7412229131899
1691.9364260823006,4.005149227735472e-05,0.0012010722161248303,-3.9953590154694902,496.4351230780414,-679.2862378170532
1692.5398566295642,4.032768137626001e-05,0.0012253223728772497,-3.9946269307000786,496.03841336266106,-678.8315403957963
1694.6135406805322,4.139038526009876e-05,0.0013100230596821457,-3.991998587895305,494.67252211377416,-677.2712504613706
1696.6872247315,4.261534486441507e-05,0.001397095692131725,-3.989192143294268,493.3023962147268,-675.7146781962387
1697.2906552787636,4.2999704443638716e-05,0.001422927145980599,-3.9883413239940104,492.9028633992391,-675.2624592211766
1697.894085826027,4.339571508189967e-05,0.001448992563803647,-3.9874748251859744,492.5029421938744,-674.8105838534138
1699.9677698769951,4.4839092717561787e-05,0.0015404588580593427,-3.984375773521131,491.1255637839792,-673.2604253213065
1702.041453927963,4.6393939106287805e-05,0.0016350338369853382,-3.9810838264457753,489.74323917247773,-671.7146764218793
1702.6448844752265,4.686426224659132e-05,0.0016631717112552515,-3.9800887306973936,489.340020499375,-671.2657408092358
1703.24831502249,4.7341568018624195e-05,0.001691593761695858,-3.979076557162689,488.9363511854878,-670.8172105735943
1705.321999073458,4.902754579373749e-05,0.0017915043191018842,-3.9754657481798854,487.54561169434714,-669.2790280829024
1707.395683124426,5.0765545495359216e-05,0.0018949650002500987,-3.971644075350171,486.1491659343503,-667.7460249192341
1707.9991136716897,5.1277532551730996e-05,0.0019257537998521623,-3.9704913259175214,485.7416924412253,-667.3009475682741
1708.6025442189532,5.179112173974336e-05,0.0019568500609163835,-3.96931990196395,485.3337017318493,-666.8563445657338
1710.6762282699212,5.3559684045021615e-05,0.0020660848695675544,-3.965149384957454,483.9275972492454,-665.3321954432587
1712.749912320889,5.531281992160122e-05,0.002178971122894744,-3.9607485634991515,482.51497417527423,-663.8140868882131
1713.3533428681526,5.5816124823814434e-05,0.0022125016804096422,-3.959423603244371,482.10263773831946,-663.3735109306255
1713.9567734154161,5.631502412233167e-05,0.002246332451175166,-3.958078327292541,481.6897132278457,-662.9334864406354
1716.0304574663842,5.798632056841075e-05,0.0023648603825924376,-3.9532978316146736,480.2661068476966,-661.4256722831648
1718.104141517352,5.9567958191620416e-05,0.0024867610927588745,-3.948268049417079,478.83512218353184,-659.9248598216759
1718.7075720646155,6.000708494155799e-05,0.002522840382690506,-3.9467565824520934,478.4172788170472,-659.4895031290063
1719.311002611879,6.043529697324519e-05,0.0025591790555952133,-3.945223286132972,477.9987730398241,-659.0547836036385
1721.3846866628471,6.181332404695717e-05,0.0026859607216830014,-3.9397853683618935,476.5554146941346,-657.5658668118135
1723.458370713815,6.302261804928777e-05,0.0028154250309958486,-3.9340817639946546,475.1037851252543,-656.0850143955416
1724.0618012610785,6.333834136672067e-05,0.00285355213271726,-3.9323713432780893,474.6797651992368,-655.6556711205423
1724.665231808342,6.363634473585674e-05,0.002891862038936021,-3.930637893149164,474.25500663903193,-655.2270591034019
1726.73891585931,6.451460886596333e-05,0.0030247775185388345,-3.9245035425534276,472.7895770119217,-653.7598611193157
1728.8125999102779,6.514296818004762e-05,0.0031592551286451615,-3.918091947564953,471.31497346936663,-652.3018853571394
1729.4160304575414,6.527436833850207e-05,0.003198606455199596,-3.916173667840865,470.88409896553145,-651.8794214879388
1730.019461004805,6.538120026904994e-05,0.0032380273305110635,-3.914231666757844,470.4524100880273,-651.4577904247874
1732.093145055773,6.555032454871156e-05,0.0033738396396124377,-3.9073762067197446,468.962588466742,-650.0153680370038
1734.1668291067408,6.538959119399707e-05,0.0035096606487774267,-3.9002391058417425,467.4627128239412,-648.5834049734428
1734.7702596540043,6.527651803496078e-05,0.003549087324131302,-3.8981093441987826,467.02432126542624,-648.1687467931062
1735.373690201268,6.513228894202982e-05,0.00358843418302023,-3.8959558729301826,466.5850431470312,-647.755028621213
1737.447374252236,6.43888922752033e-05,0.0037227971545216523,-3.8883749420819513,465.0685972495604,-646.340624480837
1739.5210583032037,6.324060678238051e-05,0.003855198750461089,-3.8805174185192834,463.5412796739658,-644.9379690937915
1740.1244888504675,6.282645180545198e-05,0.003893238025642024,-3.8781795521077225,463.09475377015434,-644.5320834241181
1740.727919397731,6.237513609788681e-05,0.00393101425420016,-3.8758188795990645,462.6472762935347,-644.1272478242902
1742.801603448699,6.053168472881559e-05,0.004058530593091676,-3.867534238761289,461.1021699806064,-642.7442113928787
1744.875287499667,5.821729272791608e-05,0.004181735905241822,-3.8589896391790113,459.5454819827506,-641.374226175686
1745.4787180469305,5.745201659913199e-05,0.004216638115972376,-3.8564556608406817,459.09028338284526,-640.9780913853366
1746.082148594194,5.664451994755609e-05,0.004251064265554936,-3.8539008429754906,458.6340793200348,-640.5831156983478
1748.155832645162,5.3540040766002864e-05,0.004365398747059287,-3.844965725699244,457.05859186498657,-639.2347913899255
1750.2295166961298,4.991186523638277e-05,0.0044727525292160165,-3.8358007527146736,455.4709678823204,-637.9007811620932
1750.8329472433934,4.875523768609557e-05,0.004502524879233493,-3.8330926977105966,455.00667280109764,-637.5153481954969
1751.436377790657,4.755263813074067e-05,0.004531584399295577,-3.830366977004997,454.5413334824147,-637.1311773046917
1753.510061841625,4.3063965755949886e-05,0.004625636063684578,-3.820870677370717,452.9341820059152,-635.8207578078088
1755.5837458925928,3.801651236954119e-05,0.004709800272124064,-3.811189596029877,451.3145404492922,-634.5258094401241
1756.1871764398563,3.64413921397743e-05,0.004732268154886467,-3.808340687519901,450.8408744105266,-634.1519526354507
1756.7906069871199,3.481822538050673e-05,0.0047537706862327105,-3.8054786010199324,450.3661441796069,-633.7794486581026
1758.864291038088,2.8871174947796886e-05,0.00481990539216821,-3.795549977713765,448.7265993185244,-632.509793511126
1760.9379750890557,2.2352046446416932e-05,0.004873114639887639,-3.7854976135809575,447.0744527923996,-631.2565816950229
1761.5414056363193,2.034749430803592e-05,0.004886000199089831,-3.782553033196559,446.59132145145117,-630.8950399382567
1762.1448361835828,1.8294814887827157e-05,0.004897661984938773,-3.7796011351615943,446.1071278574394,-630.534922376464
1764.2185202345509,1.0874365658449064e-05,0.004928002617514419,-3.7694107137101316,444.4351121694849,-629.3083448707888
1766.2922042855187,2.893752003115742e-06,0.00494237478085407,-3.7591739321527835,442.75065650834983,-628.0989083877682
1766.8956348327822,4.676296322701347e-07,0.004943390920545678,-3.7561911273805584,442.2581695988839,-627.7502181744115
1767.4990653800457,-2.0044513925214956e-06,0.004942930362537567,-3.7532082395988966,441.7646464093682,-627.4029962236801
1769.5727494310138,-1.084610005295132e-05,0.004929696327404934,-3.7429686236946,440.0608058679949,-626.221025470126
1771.6464334819816,-2.0208310116932443e-05,0.004897587766520855,-3.7327760208993945,438.34497913617224,-625.0565223761358
1772.2498640292454,-2.3027432077424944e-05,0.004884544191345109,-3.7298244751904566,437.8434651530232,-624.7209455317794
1772.853294576509,-2.5887913509630463e-05,0.004869789030826922,-3.7268813928556854,437.34096589711794,-624.3868454337119
1774.926978627477,-3.6025369912679814e-05,0.004805672694328249,-3.716845753964883,435.60670744554255,-623.2499745487032
1777.0006626784448,-4.661395206501719e-05,0.004720066730033545,-3.7069653534476923,433.86121337679356,-622.1304288043999
1777.6040932257083,-4.9775183996748044e-05,0.0046909851509846666,-3.7041257633619926,433.35122370943884,-621.8078788001352
1778.2075237729719,-5.297056209536763e-05,0.004659988649443733,-3.7013043624515967,432.8403246202904,-621.4867703012234
1780.28120782394,-6.419977171477757e-05,0.004538561996541747,-3.691762831911982,431.0778171686981,-620.3942056136636
1782.3548918749077,-7.577892856354668e-05,0.004393486670752909,-3.682497621823747,429.3051125402354,-619.3182614411287
1782.9583224221712,-7.920760481507234e-05,0.004346724387287403,-3.6798604345475994,428.787415333173,-619.0082332855659
1783.5617529694348,-8.266048166331677e-05,0.004297889746959458,-3.677252134614516,428.268908160988,-618.699560287148
1785.6354370204028,-9.469441625972418e-05,0.004114038088137883,-3.6685259432649207,426.4810501880889,-617.6489897909124
1787.7091210713706,-0.00010694450396061342,0.0039050077344506776,-3.6602071084969476,424.68430172555946,-616.613693015251
1788.3125516186342,-0.00011054148287851235,0.0038393872975456414,-3.657870379618276,424.1598675602874,-616.315202497215
1788.9159821658977,-0.00011414998170353355,0.00377159768423285,-3.6555739234522555,423.634744557713,-616.0179237372047
1790.9896662168658,-0.00012661774973117594,0.0035219683710170204,-3.648007170748733,421.82510781933723,-615.0053253042828
1793.0633502678336,-0.00013913637863764767,0.0032464321113944744,-3.6409849317814635,420.0081305230335,-614.0059526998169
1793.6667808150971,-0.00014277878471522166,0.003161371200477202,-3.639051484772941,419.47811381517363,-613.7174911587765
1794.2702113623607,-0.0001464175151603357,0.0030741190761024236,-3.637170020066491,418.9475489720893,-613.4300371170756
1796.3438954133287,-0.00015886939259905837,0.0027575602724554246,-3.631119053155006,417.12031367979324,-612.4495477765355
1798.4175794642965,-0.0001711794479390126,0.0024153272562712825,-3.6257511492883636,415.2875077916161,-611.4795055523584
1799.02101001156,-0.00017472363031828091,0.002310958990205072,-3.624325059945138,414.75322921794407,-611.1990162548993
1799.6244405588236,-0.00017824693139957968,0.0022044645222898188,-3.6229625522556104,414.2185611755876,-610.919268315879
1801.6981246097916,-0.00019016792602282896,0.001822415383167778,-3.6187831054682285,412.3784620616462,-609.9631348937454
1803.7718086607595,-0.00020173516106275656,0.0014160126604267353,-3.6154211587062948,410.53476885831583,-609.013945724511
1804.3752392080232,-0.00020502262242184073,0.0012932824700988125,-3.6146036510337294,409.99770475636643,-608.7388272874227
1804.9786697552868,-0.00020827088659232764,0.0011685866787639822,-3.6138607230538073,409.46042734443677,-608.4641244954456
1807.0523538062548,-0.00021910556049423158,0.0007253660200909545,-3.6118932131646124,407.61273085016353,-607.5227530632237
1809.1260378572226,-0.00022936851201657088,0.000260270456740152,-3.6108674837068366,405.7636266822447,-606.5841475415991
1809.7294684044862,-0.0002322356279340145,0.0001209913956201371,-3.6107524093478585,405.2254108212177,-606.3112886900198
1810.3328989517497,-0.00023504544335034648,-1.9994488793020608e-05,-3.610721789490351,404.6871764697226,-606.0384662262292
1812.4065830027178,-0.00024423630495232863,-0.0005170684008683323,-3.6112754847527393,402.8377057389826,-605.1005832366748
1814.4802670536856,-0.00025264911135758014,-0.001032394535736211,-3.612878878930397,400.9892483299451,-604.1607064110625
1815.083697600949,-0.0002549402233094249,-0.0011855485686777473,-3.613548058349733,400.45168952625136,-603.886554723233
1815.6871281482127,-0.0002571576336314894,-0.0013400576810847322,-3.6143099285636,399.9143287235783,-603.6120165418138
1817.7608121991807,-0.0002641908376969521,-0.0018807790643022798,-3.6176470786010504,398.06954475598786,-602.6649483082382
1819.8344962501485,-0.0002702670306555179,-0.0024350928212830934,-3.622119607091238,396.2284757085311,-601.7106851480526
1820.437926797412,-0.00027184643357298433,-0.0025986635161989215,-3.623638396273593,395.6935915192801,-601.4313503488927
1821.0413573446756,-0.00027333850197588564,-0.0027631567788336613,-3.625256006360875,395.15914811759245,-601.1511762816674
1823.1150413956436,-0.0002777798543730376,-0.0033347693524111576,-3.6315771977931948,393.3262828985561,-600.1812458830412
1825.1887254466114,-0.0002811222889333292,-0.003914452483423542,-3.6390921009957893,391.50017650947296,-599.1986617029391
1825.792155993875,-0.00028188174544499007,-0.00408432611768154,-3.641505518929918,390.9702389944206,-598.9100517813961
1826.3955865411385,-0.00028254358309627505,-0.004254625624907203,-3.6440213922770743,390.44101683986787,-598.6201371339288
1828.4692705921066,-0.0002840588363016663,-0.0048423101553666924,-3.653453149579312,388.6282388759303,-597.6131700676946
1830.5429546430744,-0.000284374310089938,-0.005431892860510396,-3.664105547026645,386.8256714639016,-596.5880543647457
1831.146385190338,-0.0002842362947964765,-0.005603457817525532,-3.667435180470528,386.30325634395433,-596.286040626135
1831.7498157376015,-0.0002839938706800398,-0.0057749062459929315,-3.670868113692792,385.7818680542959,-595.9822641355944
1833.8234997885695,-0.0002823552508825495,-0.006362338461498516,-3.6834533319374656,383.9984449651051,-594.9241867033082
1835.8971838395373,-0.00027945716145575284,-0.0069450668262229535,-3.697251821848283,382.2291438838353,-593.8426814701767
1836.500614386801,-0.00027837509091977836,-0.007113379354169586,-3.701493602847972,381.71717026612373,-593.5232864457387
1837.1040449340646,-0.00027718532932682877,-0.007281005942400797,-3.7058365431812823,381.20657494156313,-593.2017002533406
1839.1777289850327,-0.00027227155014861594,-0.007850926568647732,-3.7215279563455144,379.46298499016643,-592.0792067571793
1841.2514130360005,-0.0002660809568939575,-0.008409333714889635,-3.73838926716278,377.73790582843174,-590.9284918196487
1841.854843583264,-0.00026403998591671056,-0.00856928464978415,-3.743512139264776,377.2396510303122,-590.5880913330038
1842.4582741305276,-0.0002618918088524786,-0.008727972555509682,-3.7487309519469467,376.7431652778828,-590.2451239296257
1844.5319581814956,-0.00025369407646181534,-0.009262769128366828,-3.7673876700254514,375.0511034030243,-589.0463788651426
1846.6056422324634,-0.00024424952414112556,-0.009779273439009684,-3.7871344210413933,373.38238094090286,-587.8153758338984
1847.209072779727,-0.000241270133790209,-0.009925766503259013,-3.7930799223485194,372.90145479696434,-587.4509031193456
1847.8125033269905,-0.00023818834614173614,-0.01007043332727067,-3.7991130824505626,372.42272163568845,-587.0835627277405
1849.8861873779585,-0.00022682594020273164,-0.010552780432106234,-3.8205003770087176,370.794948913659,-585.7988914308665
1851.9598714289264,-0.00021430183191220093,-0.011010360995146285,-3.8428622280738383,369.19567522499756,-584.4789342591162
1852.56330197619,-0.00021044557602937702,-0.01113851679129426,-3.849545092513856,368.73594141930005,-584.0880699509263
1853.1667325234534,-0.0002064966867764264,-0.011264321919501349,-3.8563044103638426,368.2788451916124,-583.6941317115635
1855.2404165744215,-0.00019223707166921328,-0.01167792135990548,-3.880097184236217,366.7288460290725,-582.3166388342088
1857.3141006253893,-0.00017696174154922125,-0.012060897727877667,-3.904715881383197,365.2126493336235,-580.9020454988253
1857.9175311726528,-0.00017233570895441782,-0.012166287474463452,-3.912025814749584,364.7780880839961,-580.4833736207763
1858.5209617199164,-0.00016763191205000603,-0.012268868193593038,-3.9193983528810006,364.3466106692328,-580.0615304106515
1860.5946457708844,-0.00015089947100907603,-0.012599275245061032,-3.9451888306131737,362.8880495727372,-578.58757491718
1862.6683298218522,-0.000133354984892639,-0.012894142537947807,-3.9716276190630273,361.4684789976002,-577.0760471731417
1863.2717603691158,-0.00012810982460455573,-0.012973030084689904,-3.97943236433956,361.0629952637423,-576.6291557959717
1863.8751909163793,-0.00012280617126924712,-0.013048742121575944,-3.9872836469917665,360.66101897972874,-576.1791114267362
1865.9488749673474,-0.00010416596208738542,-0.013284173697458167,-4.014593501347127,359.30702500984614,-574.6085663769732
1868.0225590183152,-8.49625268676607e-05,-0.013480367392427344,-4.042350882922563,357.99678414846466,-573.0013498424346
1868.625989565579,-7.928338950710998e-05,-0.01352992084203801,-4.050500517054817,357.6239766034514,-572.5268578166815
1869.2294201128425,-7.356809581225658e-05,-0.01357604440226007,-4.058678951717537,357.25505021899244,-572.0493446449542
1871.3031041638105,-5.3687865397029844e-05,-0.013708038547137102,-4.086975411221384,356.0173944410794,-570.3855857225045
1873.3767882147783,-3.351935788271765e-05,-0.013798508477461184,-4.115502530827556,354.82750152835746,-568.687344971583
1873.9802187620419,-2.761187945514053e-05,-0.013816949227981264,-4.123834738891823,354.4904170540257,-568.1868439142073
1874.5836493093054,-2.1691870050731073e-05,-0.013831829579752632,-4.132176977170662,354.1575105056681,-567.6835551880648
1876.6573333602735,-1.289612814055229e-06,-0.013855659236557927,-4.160891841790271,353.0457700737533,-565.9331542704872
1878.7310174112413,1.912126423030151e-05,-0.013837172120548918,-4.189612245780696,351.98474504264084,-564.1515551046847
1879.3344479585048,2.5047020173164926e-05,-0.013823841290444068,-4.197958176973408,351.6856487614843,-563.6274675463917
1879.9378785057684,3.096207539651807e-05,-0.013806945665559098,-4.206295007869153,351.3909268123659,-563.1009068378999
1882.0115625567364,5.1171344332998165e-05,-0.013721741728145678,-4.234845103601172,350.41174024707107,-561.2730500831857
1884.0852466077042,7.112277568154924e-05,-0.013594897488903862,-4.2631753388722045,349.48492171284136,-559.4180859398181
1884.6886771549678,7.686593917961635e-05,-0.01355024166279995,-4.271365596127287,349.22511178443267,-558.8734536388899
1885.2921077022313,8.257691513124454e-05,-0.013502136904211351,-4.2795279251530305,348.9697553777962,-558.32671676084
1887.3657917531993,0.0001019241385510544,-0.013310752615722784,-4.307335499849029,348.126263093369,-556.4324105213037
1889.4394758041672,0.00012077460962525745,-0.013079763352306217,-4.334705139895955,347.3353398950401,-554.5155509830462
1890.0429063514307,0.00012615441734648104,-0.013005255277098938,-4.342575512488979,347.1150295458022,-553.9537785725151
1890.6463368986942,0.00013148342120944737,-0.01292752197308234,-4.350400044843498,346.8991262702546,-553.3902941354904
1892.7200209496623,0.0001493810000376843,-0.012636189776500655,-4.376911864470657,346.19066107004613,-551.4414553678967
1894.79370500063,0.00016658322991310452,-0.01230846462316856,-4.402781819421237,345.5334682001,-549.4747217302197
1895.3971355478936,0.0001714486678075263,-0.012206469347985012,-4.410178441991366,345.3517464780603,-548.8993073798055
1896.0005660951572,0.0001762485571889466,-0.012101562237696404,-4.417512759448992,345.1742602664356,-548.3225680409723
1898.0742501461252,0.00019222190804238595,-0.011719370741422777,-4.442216876646847,344.59631172648517,-546.3311111317478
1900.147934197093,0.00020735135344880222,-0.01130493055887686,-4.466095012641266,344.06689772861165,-544.3261913157994
1900.7513647443568,0.00021158863919887362,-0.011178524324406714,-4.472878675963264,343.9217678783711,-543.7404767058164
1901.3547952916203,0.00021575002552415374,-0.011049586913385746,-4.47958543788624,343.78058546248997,-543.1537931107681
1903.4284793425884,0.0002294573459051521,-0.01058781473938011,-4.5020247487743505,343.325019318648,-541.1308197639364
1905.5021633935562,0.00024222453510795318,-0.010098592681233904,-4.5234780288765695,342.91395133042346,-539.0983220852798
1906.1055939408197,0.000245759167314435,-0.009951355347452548,-4.529527436942281,342.80243435162026,-538.5052889356814
1906.7090244880833,0.0002492118125347835,-0.009802011309066166,-4.535487512950056,342.6944749763371,-537.9115927447925
1908.7827085390513,0.00026044376706753944,-0.009273408058103741,-4.555269557117501,342.3499536801455,-535.8667682883759
1910.8563925900191,0.00027068659787168566,-0.00872253884721576,-4.573932358871144,342.04479668885034,-533.8156849489244
1911.4598231372827,0.0002734798272729608,-0.008558350835545667,-4.5791462732697115,341.9630801834978,-533.2178161693455
1912.0632536845462,0.000276188572055437,-0.008392503182973228,-4.584260766747979,341.8844481659341,-532.619529067073
1914.1369377355143,0.00028485043987207037,-0.007810621340761786,-4.601063771762804,341.6369794319988,-530.5606939463956
1916.210621786482,0.000292511094168586,-0.0072118156216615355,-4.616642590295092,341.4228739497404,-528.4981085566707
1916.8140523337456,0.00029455236327098345,-0.007034685384496546,-4.620940959451665,341.3664840999609,-527.8973212750326
1917.4174828810092,0.0002965092622891544,-0.006856348490968243,-4.625132234589857,341.31264213220476,-527.2962960321154
1919.4911669319772,0.00030259197361360977,-0.006235004351908618,-4.638707902017149,341.1461808727806,-525.2293243768855
1921.564850982945,0.00030768629817085877,-0.005602071392326495,-4.650983082236965,341.0064481025096,-523.1603622905641
1922.1682815302086,0.00030898427267755853,-0.005416008618449853,-4.6543073659035015,340.97042512752205,-522.5580100935854
1922.771712077472,0.00031019966252633744,-0.005229186720878757,-4.657519297227591,340.9363691745871,-521.955540043522
1924.8453961284401,0.0003137500790683026,-0.004582083450860099,-4.6676931346762975,340.8334115057215,-519.8844258200509
1926.919080179408,0.00031634014018820856,-0.003928613475545062,-4.676518483127019,340.7501324239335,-517.8124181641974
1927.5225107266715,0.00031691529308894767,-0.0037375471077763745,-4.678831421785781,340.72919552905006,-517.2093524925452
1928.125941273935,0.0003174106515245856,-0.003546156668679168,-4.681029114941655,340.7096180640908,-516.6062387229238
1930.199625324903,0.0003185092666615385,-0.0028866486406317142,-4.6876991461041735,340.6517476481805,-514.5333683635683
1932.273309375871,0.00031868470145361716,-0.0022258196240752728,-4.69300019633104,340.6062852828579,-512.4601830907179
1932.8767399231347,0.0003185646063260052,-0.002033548525972071,-4.694285235529808,340.59497985162335,-511.85685937876633
1933.4801704703982,0.00031836815344911325,-0.001841371649709551,-4.695454422107729,340.58441491178934,-511.2535209096145
1935.5538545213662,0.00031711648521047785,-0.0011823225283018803,-4.698588909232658,340.55278475108264,-509.18007988473494
1937.627538572334,0.0003149855615469916,-0.000526780620333389,-4.700360373132,340.52624074809995,-507.1065651990916
1938.2309691195976,0.00031420293838686563,-0.0003369418863636532,-4.700620877559527,340.5190665800815,-506.50317762276353
1938.8343996668611,0.0003133479564686409,-0.00014759575742370585,-4.7007671099176855,340.5120160261726,-505.8997883641381
1940.9080837178292,0.00030986457191049734,0.0004987203748380105,-4.700401652429802,340.48776772353057,-503.82624580920793
1942.981767768797,0.00030555256335790373,0.001136953915917347,-4.698704319856773,340.46138080505557,-501.75273031619554
1943.5851983160605,0.0003041451654433787,0.0013209116507357085,-4.697962635491496,340.4529045072577,-501.14935909884827
1944.188628863324,0.0003026700207677183,0.0015040014014894478,-4.697110332523669,340.44394894700434,-500.54599562040255
1946.2623129142921,0.00029709158219651136,0.0021259924942048565,-4.693344465323324,340.4085836248421,-498.4726129837256
1948.33599696526,0.00029074316620994706,0.002735617322882932,-4.688301606976417,340.3640868445141,-496.39941010485086
1948.9394275125235,0.00028875470325738137,0.0029104628976117817,-4.686597976577546,340.3490436454833,-495.7961664649394
1949.542858059787,0.0002867038794625244,0.0030840917850866218,-4.684789321335592,340.3329434013215,-495.192951827584
1951.616542110755,0.00027918941850852124,0.003670954873455426,-4.6777825866924525,340.2686632462217,-493.12026622428584
1953.6902261617229,0.00027097397270005547,0.0042415085334359575,-4.669575793723622,340.1886189932453,-491.0481358479018
1954.2936567089864,0.0002684558256688899,0.004404264468651946,-4.66696709959787,340.1620093504988,-490.445291361822
1954.89708725625,0.0002658816952175911,0.004565486396993151,-4.664260759781258,340.13380074086524,-489.8425219991984
1956.970771307218,0.0002566191444364832,0.0051073441676948985,-4.65422813245618,340.0238381778436,-487.77176125091046
1959.0444553581858,0.0002467377425953345,0.0056293526837840144,-4.643092443855458,339.89196564277154,-485.7022883693561
1959.6478859054494,0.00024375104477067488,0.005777341775716795,-4.639650729855079,339.84915038510405,-485.10037758455456
1960.251316452713,0.00024071596549804766,0.005923516869965555,-4.636120351308439,339.8042407944023,-484.4986223266433
1962.325000503681,0.00022992931049755527,0.006411591721418692,-4.623326833597302,339.6331849576507,-482.43201622962
1964.3986845546488,0.000218621552745458,0.0068767581572015506,-4.609544955259128,339.4346858653116,-480.36787444149047
1965.0021151019125,0.00021523907163842733,0.007007660974336787,-4.605355669627794,339.37148077088455,-479.7677620561747
1965.605545649176,0.00021181719440760736,0.0071365141623971565,-4.601088084290113,339.3057430478192,-479.16792492483086
1967.679229700144,0.00019977206632067196,0.007563337459716628,-4.585842271179987,339.05986252116895,-477.1088864670029
1969.752913751112,0.0001873203889805328,0.0079647614396792,-4.569737696485279,338.7817396045698,-475.0539641671016
1970.3563442983755,0.00018362747891424342,0.008076681749501631,-4.564897603424539,338.6945069548715,-474.4568711410417
1970.959774845639,0.0001799055562168777,0.008186368691256425,-4.559990701545413,338.6043703083164,-473.86021266616405
1973.033458896607,0.0001669106876738911,0.008546010097328506,-4.542637161848799,338.27191959092386,-471.81337419605205
1975.1071429475749,0.00015363950344652837,0.008878417756044704,-4.524566076598112,337.903271181611,-469.77275342789005
1975.7105734948384,0.00014973337029291177,0.008969948866228903,-4.519180811016267,337.7890027404421,-469.18024008764536
1976.314004042102,0.00014580978941021127,0.009059121776217184,-4.513741056419162,337.67153429104957,-468.5883556597453
1978.38768809307,0.0001322118505411687,0.009347409492405019,-4.494651494423648,337.2430218517088,-466.55945846670386
1980.4613721440378,0.00011847968162527173,0.009607360204280414,-4.474993495785929,336.7752878214138,-464.5392505471234
1981.0648026913013,0.00011446661404466815,0.009677641778060396,-4.46917478342735,336.63167164471804,-463.9531589681968
1981.6682332385649,0.00011044845325409244,0.00974550454703381,-4.463314400175768,336.48464090541637,-463.367916997989
1983.741917289533,9.662079835780831e-05,0.009960200126269348,-4.442877744944261,335.9530315426247,-461.36356759344517
1985.8156013405007,8.280774368678885e-05,0.010146236656211303,-4.422025593820995,335.38016290068475,-459.3706245484281
1986.4190318877643,7.879931637972282e-05,0.010194993392322316,-4.415888213308235,335.20562597528397,-458.7929868179046
1987.0224624350278,7.479847657667003e-05,0.010241337966544771,-4.409722125274352,335.02754432655877,-458.2164337679283
1989.0961464859959,6.112744330933663e-05,0.010382243298032013,-4.388333859947723,334.3883694129333,-456.2437546020247
1991.1698305369637,4.762060826566887e-05,0.010494969473491335,-4.366682618815701,333.7068971140698,-454.28528914525924
1991.7732610842272,4.372923394505977e-05,0.010522527943695166,-4.360341213578217,333.50061720851903,-453.7182119013748
1992.3766916314908,3.985787827610262e-05,0.01054774841916499,-4.353983847261816,333.2907460073976,-453.15245494623235
1994.4503756824588,2.6726033870715556e-05,0.010616732431441433,-4.332034973247795,332.54210199515455,-451.21866908808636
1996.5240597334266,1.390080931992022e-05,0.010658803063765711,-4.309970953111124,331.75108930269073,-449.3018260431574
1997.1274902806904,1.0233866887357505e-05,0.010666081285934083,-4.3035368227129505,331.51297231475513,-448.74736429682594
1997.730920827954,6.598358545498906e-06,0.01067115989811782,-4.297098906231973,331.27129631958127,-448.1944448079438
1999.804604878922,-5.637893459685713e-06,0.01067208107673001,-4.27496502962647,330.4137233508169,-446.306441102611
2001.8782889298898,-1.7442033623549905e-05,0.010648076166432202,-4.25285508720408,329.51459889893147,-444.43786781641717
2002.4817194771533,-2.0789467404528232e-05,0.010636537386009268,-4.246433126845172,329.2452219150099,-443.8979019402939
2003.0851500244169,-2.4095844665701683e-05,0.010622993991339074,-4.240018658599951,328.9723887137765,-443.3596736549238
2005.158834075385,-3.513076188200451e-05,0.010561493253487736,-4.218049833101712,328.0086354072433,-441.5235994239894
2007.2325181263527,-4.5632696327842717e-05,0.010477662202736469,-4.196231693709531,327.0049187021675,-439.7090605706782
2007.8359486736163,-4.858375174203973e-05,0.010449231932799645,-4.189917682868345,326.7054432352388,-439.1851892037233
2008.4393792208798,-5.148639820530938e-05,0.010419037629581572,-4.183621270817667,326.40267359363173,-438.66321357792185
2010.5130632718478,-6.108151838602139e-05,0.01030221785582846,-4.162133272407626,325.3373682496915,-436.8841355719804
2012.5867473228157,-7.007118214723402e-05,0.010166128597049812,-4.140907500711134,324.23431253840823,-435.12820898508045
2013.1901778700792,-7.257019099750406e-05,0.01012308797048137,-4.134785906469487,323.9063759852388,-434.6216676386397
2013.7936084173427,-7.501590569294893e-05,0.01007855669963104,-4.128690635835558,323.57535346687183,-434.1171357570169
2015.8672924683108,-8.300746316877528e-05,0.009914599402128809,-4.107958143770505,322.4146125016884,-432.3987981860461
2017.9409765192786,-9.035073871681469e-05,0.009734742305293649,-4.087582132918462,321.2187983710082,-430.70467506038045
2018.5444070665421,-9.236426546040153e-05,0.009679611168221355,-4.081724516426538,320.8643937423099,-430.21628614229394
2019.1478376138057,-9.432212075548396e-05,0.009623282206761997,-4.075900426559227,320.5071437689425,-429.7299724179237
2021.2215216647737,-0.00010062296578526604,0.009421040581278094,-4.056152333036596,319.2581528654789,-428.0746662844951
2023.2952057157415,-0.00010626199101581533,0.009206419196529444,-4.036836460601839,317.9770682506442,-426.4440642232561
2023.898636263005,-0.00010777863311140917,0.009141837062226914,-4.031300518126441,317.5984224696958,-425.9742198803453
2024.5020668102686,-0.00010923963033441735,0.009076356138108895,-4.025803715079111,317.21719104702873,-425.50646848129753
2026.5757508612367,-0.00011383696127446775,0.008844948951336886,-4.007220621498575,315.88779334994047,-423.9150119573318
2028.6494349122045,-0.00011778616055634818,0.008604680362858701,-3.989126581184217,314.5294325353326,-422.34819553177704
2029.2528654594682,-0.00011881507000724293,0.008533291837603225,-3.9839558136476696,314.1288923676523,-421.8968708650029
2029.8562960067318,-0.00011979052799802108,0.008461297481659216,-3.9788282083295545,313.7260333317596,-421.44761204516146
2031.9299800576998,-0.00012273933091510775,0.008209726795984126,-3.9615420424792362,312.3243533321015,-419.91942948343467
2034.0036641086676,-0.00012507742062799367,0.007952674437846054,-3.9447832383758694,310.8968605450259,-418.415322160106
2034.6070946559312,-0.00012564573648263784,0.00787702563359338,-3.9400072075557175,310.47679298418774,-417.9821134991961
2035.2105252031947,-0.00012616461961861941,0.007801047159235817,-3.935276833780125,310.05467030612374,-417.550904272691
2037.2842092541628,-0.00012757779161992605,0.007537860627518072,-3.9193724024188783,308.5887935841118,-416.08418307502546
2039.3578933051306,-0.00012843695773231606,0.00727231804014793,-3.9040161796283965,307.1001677297344,-414.6405476414788
2039.9613238523941,-0.00012858650360901978,0.007194768862022096,-3.89965127823331,306.6628789634265,-414.22472892438594
2040.5647543996577,-0.00012869206255750854,0.007117140649801475,-3.8953331150059314,306.2237879303352,-413.8108110204736
2042.6384384506257,-0.00012872846035935021,0.006850152775969725,-3.880851311688972,304.7015075406225,-412.402711483321
2044.7121225015935,-0.0001282819063857808,0.006583590169293828,-3.866922715932916,303.15937536666837,-411.01637358184064
2045.315553048857,-0.00012806549748399542,0.006506245468510435,-3.862973357746136,302.7070498107491,-410.6169634350427
2045.9189835961206,-0.00012781154602587802,0.0064290403461824425,-3.8590705602303266,302.2531582992978,-410.219331142207
2047.9926676470886,-0.00012666304702069566,0.006165120815349411,-3.846012888365407,300.68178997513644,-408.86622416040484
2050.066351698056,-0.00012511191187973095,0.00590400037865253,-3.8334996000038775,299.09324697957874,-407.53331455414605
2050.66978224532,-0.00012458953633109188,0.0058286613190819654,-3.8299597248236585,298.6279056871964,-407.1491471783392
2051.2732127925838,-0.0001240366351902374,0.0057536442246649815,-3.8264651579312403,298.16121463058295,-406.7666182830143
2053.346896843552,-0.00012191504733428261,0.005498576223658208,-3.814799200140504,296.54747626397483,-405.4643284569677
2055.4205808945194,-0.00011947541492272235,0.005248237487512279,-3.8036572692948067,294.91898882563976,-404.18052313625583
2056.024011441783,-0.00011871048407813078,0.0051763732363358525,-3.800512053699078,294.44246505454146,-403.8103172444871
2056.6274419890465,-0.00011792220456272345,0.005104975160645652,-3.7974100192875704,293.9647857577635,-403.4416014632151
2058.7011260400145,-0.0001150465567622577,0.004863382940392535,-3.7870754790704377,292.31473224163796,-402.1856375847337
2060.774810090982,-0.00011193701863646207,0.004627996412438096,-3.7772354904647063,290.65209099010633,-400.9463796454793
2061.378240638246,-0.00011099281223750135,0.00456073546494701,-3.774463157127463,290.16601986972404,-400.58880115702493
2061.9816711855096,-0.00011003222521304214,0.004494046889908395,-3.7717312080073833,289.6789650580474,-400.23256193537026
2064.0553552364777,-0.00010661709127844242,0.004269389164605332,-3.762646160611371,287.9979674630124,-399.0183219855978
2066.1290392874453,-0.00010304797531955436,0.004051973003108314,-3.754019473999559,286.3062805584094,-397.8190144255655
2066.732469834709,-0.00010198473361223614,0.003990112137273725,-3.7515930987356096,285.81209954035387,-397.4727301304037
2067.3359003819724,-0.00010091161792960019,0.003928893690438059,-3.749203840004682,285.3170848244496,-397.12763718703303
2069.4095844329404,-9.715857524520905e-05,0.0037235122981629657,-3.741270863175512,283.60984259418467,-395.9505800670707
2071.483268483908,-9.33251423255212e-05,0.0035259968826194866,-3.7337556266886183,281.893557866712,-394.78674353183305
2072.086699031172,-9.219843315268734e-05,0.00347002242027156,-3.731644861519205,281.3925148193357,-394.45046431161165
2072.6901295784355,-9.106779482147653e-05,0.003414727074460226,-3.7295676607807873,280.89076747771765,-394.1152356507887
2074.7638136294036,-8.716147538427841e-05,0.003229929141351793,-3.7226796042113315,279.16134335592415,-392.9710162543202
2076.837497680371,-8.324164036195152e-05,0.003053245694084921,-3.7161663467284765,277.4242896684433,-391.83840974423975
2077.440928227635,-8.210199164065476e-05,0.0030033600055012913,-3.7143390120477893,276.9174559497,-391.5109230076751
2078.0443587748987,-8.096381935970638e-05,0.0029541597785961455,-3.7125415757567666,276.410028427546,-391.1843561557694
2080.1180428258667,-7.707197984016817e-05,0.002790309834421693,-3.7065868543608067,274.6618977061347,-390.0689236216107
2082.1917268768343,-7.322767292471613e-05,0.002634481051986334,-3.700963589303246,272.9073379770643,-388.96362890287526
2082.795157424098,-7.212118904649181e-05,0.0025906282662405806,-3.699387123904487,272.39562444980396,-388.6438205945848
2083.3985879713614,-7.102116519703579e-05,0.0025474395423050627,-3.697836932168566,271.88341061213094,-388.3248134764492
2085.4722720223294,-6.729778577796322e-05,0.0024040427082524557,-3.6927043428122026,270.11951852907055,-387.234474420143
2087.545956073297,-6.367895790297216e-05,0.0022682585832821457,-3.687861220006866,268.35020911557933,-386.1529463914685
2088.149386620561,-6.264863508290375e-05,0.002230144998734824,-3.686504005971627,267.8343837242856,-385.83981329175367
2088.7528171678246,-6.162951065792929e-05,0.002192648137669751,-3.685169625478836,267.3181365531362,-385.52737548695137
2090.8265012187926,-5.821993548997327e-05,0.0020684108220730634,-3.680752773643051,265.54095986653607,-384.4588248741999
2092.90018526976,-5.49702317378212e-05,0.0019510781267201608,-3.676586391746712,263.75921311873844,-383.3979106478506
2093.5036158170237,-5.405768825671597e-05,0.0019181843458176103,-3.675418991213548,263.23991924012404,-383.090563767316
2094.1070463642873,-5.316104403797323e-05,0.001885834775064576,-3.674271305049,262.7202692488332,-382.78381894683537
2096.1807304152553,-5.0208213354845826e-05,0.001778694511727929,-3.6704727865171662,260.93187993377603,-381.73414129805803
2098.254414466223,-4.7471385902926666e-05,0.0016774535250563337,-3.6668903264226618,259.13962851004356,-380.69107052934885
2098.857845013487,-4.67187438383227e-05,0.0016490368054133322,-3.6658866792163294,258.6174037796357,-380.38873029558005
2099.4612755607504,-4.598687220107066e-05,0.001621066246114094,-3.664900083413686,258.0948778942632,-380.0869105160512
2101.5349596117185,-4.363775974945481e-05,0.0015281872345660472,-3.6616355975276424,256.29700844847775,-379.0535535909096
2103.608643662686,-4.1563945032408544e-05,0.0014398940997821226,-3.65855895853676,254.49587136719128,-378.02590189863434
2104.21207420995,-4.101560521820285e-05,0.0014149807916589644,-3.657697593997554,253.97116705815122,-377.72788560768277
2104.8155047572136,-4.049325266153575e-05,0.0013903886505988324,-3.6568512141794893,253.44620807747793,-377.4303179066909
2106.8891888081816,-3.890453528477287e-05,0.0013081243395199939,-3.654053791004271,251.64031906692838,-376.41104015868297
2108.9628728591492,-3.7655226571510635e-05,0.001228802613160712,-3.651423907023398,249.83167046986347,-375.3966665580289
2109.5663034064128,-3.735914645717725e-05,0.0012061721952469498,-3.650689220001559,249.30487176484633,-375.102368288606
2110.1697339536763,-3.709470302596906e-05,0.0011837088728742608,-3.649968197068364,248.77785876330395,-374.8084537483489
2112.2434180046444,-3.643607629604503e-05,0.001107539689293999,-3.6475926970649586,246.96521002192924,-373.8012458898775
2114.317102055612,-3.6186105382442846e-05,0.0010323125779348,-3.6453741711026457,245.1502522779444,-372.79820424019334
2114.920532602876,-3.619409916211584e-05,0.0010104773037094847,-3.644757797530175,244.6216999413283,-372.50706717246067
2115.5239631501395,-3.623977098922921e-05,0.0009886237070710802,-3.6441546753236542,244.092970135338,-372.21625237015996
2117.5976472011075,-3.669353054963337e-05,0.0009130866442510278,-3.6421826531913273,242.27469749095127,-371.2192326036512
2119.671331252075,-3.762903720758342e-05,0.0008361091318311997,-3.640368764580104,240.45454061040567,-370.22565643018595
2120.2747617993386,-3.7995873766394014e-05,0.0008132952354596106,-3.639871064720982,239.92455464697593,-369.93713735658065
2120.878192346602,-3.840664082477307e-05,0.0007902445735714543,-3.6393872841779418,239.39442731533725,-369.64887798192615
2122.9518763975702,-4.016300732373289e-05,0.0007088762865142986,-3.6378322037161697,237.57162689297368,-368.6601601156341
2125.025560448538,-4.2475057726357036e-05,0.0006232896938363909,-3.636450229090063,235.74737632289288,-367.6741200630903
2125.628990995802,-4.325628072051228e-05,0.000597426828201066,-3.6360818524374623,235.21628222610923,-367.3876458976009
2126.2324215430654,-4.4087570543780325e-05,0.0005710754097465361,-3.6357293221826716,234.6850852881534,-367.10136235923034
2128.3061055940334,-4.733558492566019e-05,0.00047639217547905903,-3.6346419877339984,232.8589074649837,-366.1188963519695
2130.379789645001,-5.120935765605637e-05,0.0003743247730370238,-3.633758652614003,231.03176234819887,-365.13823015202433
2130.9832201922645,-5.2457819711668595e-05,0.00034305057579945447,-3.6335421219116615,230.49992054783277,-364.85314648519727
2131.586650739528,-5.376190184511883e-05,0.00031100450557915323,-3.6333447986217235,229.96802041270016,-364.5681715966383
2133.660334790496,-5.8675965266121106e-05,0.00019454268616915307,-3.6328187422551905,228.13977556617124,-363.58955721545885
2135.7340188414637,-6.427568646602499e-05,6.717973301731043e-05,-3.6325454936596997,226.3111396984131,-362.6116735420571
2136.3374493887277,-6.603687378540958e-05,2.7866240302447182e-05,-3.632516708883787,225.77897888246076,-362.3271857920162
2136.9408799359912,-6.785805546843785e-05,-1.2529313545256507e-05,-3.632512084235784,225.2468142594284,-362.04270516242747
2139.0145639869593,-7.458047698569184e-05,-0.00016008981984407065,-3.6326885236641484,223.4180928146231,-361.06498152541093
2141.088248037927,-8.203059005938557e-05,-0.0003223450056144042,-3.6331861930222016,221.58970108571884,-360.0866416006629
2141.691678585191,-8.433689944670696e-05,-0.0003725370124431209,-3.6333957216606536,221.057756273287,-359.80175011258615
2142.2951091324544,-8.670570245655856e-05,-0.00042413999880381627,-3.6336360785821458,220.52587685493145,-359.51673670557904
2144.3687931834224,-9.532594657606358e-05,-0.0006127496398243837,-3.6347079471415227,218.69868706675467,-358.53615364031737
2146.44247723439,-0.00010468934728899648,-0.0008200054795785993,-3.6361902656678016,216.8727513834468,-357.55323805512984
2147.0459077816536,-0.00010755358802779993,-0.00088403926509506,-3.636704255900558,216.34170803500376,-357.26666963483854
2147.649338328917,-0.00011048018321722205,-0.0009498196147159744,-3.6372575278229364,215.81081940083533,-356.979815130783
2149.723022379885,-0.00012101187843167682,-0.0011897153983921483,-3.6394719841202767,213.98774801350916,-355.99159660836386
2151.7967064308527,-0.00013226642864767508,-0.0014522000769081227,-3.6422073295935973,212.16712873093493,-354.99886962496873
2152.4001369781167,-0.00013567492717145942,-0.0015330396897555699,-3.6431078609666256,211.63787483326763,-354.70900948026224
2153.0035675253803,-0.00013914222775717188,-0.0016159519092274833,-3.644057906845267,211.10889159763323,-354.41865660633766
2155.0772515763483,-0.000151499401791385,-0.0019171876962674422,-3.647716668455694,209.29329503738003,-353.4167720791222
2157.150935627316,-0.0001645143548989245,-0.0022447303710038903,-3.652027374000006,207.48170668693155,-352.4076617399429
2157.7543661745794,-0.0001684201748668544,-0.002345180515606795,-3.6534120491679007,206.95539559116668,-352.1124916580422
2158.357796721843,-0.00017237710492447477,-0.0024479995079153337,-3.6548581474743886,206.42950567141085,-351.8165735462473
2160.431480772811,-0.00018635155608539279,-0.0028198511471069975,-3.6603149719629404,204.62574241721777,-350.7935398478138
2162.5051648237786,-0.0002008659870310043,-0.0032212412565257665,-3.6665735259923067,202.82800548480827,-349.7599595248381
2163.1085953710426,-0.0002051829036117535,-0.0033437525623190396,-3.668554110659334,202.30613311290804,-349.45701033001455
2163.712025918306,-0.0002095385095304188,-0.003468875333086247,-3.670609480991843,201.78487680814197,-349.15300521773565
2165.785709969274,-0.0002247807161045626,-0.003919132918189721,-3.6782641512747483,199.9985941527638,-348.09974972169357
2167.859394020242,-0.00024038656830052612,-0.004401375067030639,-3.686885676470556,198.22094666433551,-347.0319952016139
2168.462824567506,-0.00024498460463373773,-0.004547820880289472,-3.6895856167449974,197.70544713753588,-346.7183240733096
2169.0662551147693,-0.0002496038230764785,-0.004697040744977344,-3.692374802151672,197.19081506456877,-346.40323622712947
2171.1399391657374,-0.00026561036299681105,-0.005231214617185977,-3.702663076000318,195.42930397738039,-345.309060994046
2173.213623216705,-0.0002817433331955293,-0.005798712084164504,-3.7140936089917003,193.67978572497614,-344.19582648328014
2173.8170537639685,-0.000286446838490527,-0.005970147678698969,-3.717644300493529,193.17314887519828,-343.86803245197814
2174.420484311232,-0.0002911489387773909,-0.006144412471391339,-3.7212992916495446,192.66770204867535,-343.53841293916554
2176.4941683622,-0.0003072600746989267,-0.0067648972751275195,-3.7346784634009893,190.94032982428683,-342.3911090251487
2178.5678524131677,-0.0003232022930717798,-0.007418616343653845,-3.749378783276228,189.22924547657811,-341.21967475262977
2179.1712829604317,-0.00032779178165952174,-0.007615037312872975,-3.753914539848103,188.7346572345082,-340.8739683341489
2179.774713507695,-0.000332352708674189,-0.007814209094606558,-3.7585695993226222,188.2416698415533,-340.52599186447134
2181.8483975586632,-0.0003477646289177333,-0.008519471912210681,-3.7754996152471603,186.56038858771663,-339.3121614633672
2183.922081609631,-0.0003626639557686723,-0.009256162704647188,-3.793924709273383,184.90084050613044,-338.06881304115313
2184.5255121568944,-0.0003668831538549358,-0.00947628646960235,-3.7995764874823554,184.42234189467564,-337.7011578907352
2185.128942704158,-0.0003710432260507656,-0.009698927474588784,-3.8053617448595913,183.94596168563987,-337.33077372471763
2187.202626755126,-0.0003848397509714032,-0.010482812057094624,-3.8262822356034656,182.3258684349436,-336.03642261246887
2189.2763108060935,-0.0003977488953022612,-0.011294386199799082,-3.84885696500356,180.73432305557432,-334.7071645028961
2189.8797413533575,-0.0004013173804382376,-0.011535486911584585,-3.855745048151606,180.2769747607563,-334.3135090053288
2190.483171900621,-0.000404794372154479,-0.011778702088754917,-3.862779087458947,179.82238681715558,-333.91668364288034
2192.556855951589,-0.0004159944399999473,-0.01262995057314761,-3.888083219072769,178.28227643985574,-332.5281427057706
2194.6305400025567,-0.000425920543836251,-0.013503103560177546,-3.915175282600966,176.77908884745565,-331.0997594572324
2195.2339705498202,-0.0004285482262130489,-0.013760921739106025,-3.9234012765178856,176.3491160937879,-330.67637255383124
2195.837401097084,-0.00043105183346021236,-0.01402027703930486,-3.931783080208937,175.92268315371595,-330.2494377614714
2197.911085148052,-0.00043865858394965607,-0.014922315159113674,-3.9617895466083275,174.48548957119954,-328.75465364136187
2199.9847691990194,-0.00044461141399571664,-0.015838412421869622,-3.9936811321803773,173.09526219317684,-327.21614606313955
2200.5881997462834,-0.0004460124076139576,-0.0161071404840332,-4.003319681986531,172.70014005610054,-326.76006229870416
2201.191630293547,-0.00044725809859190896,-0.016376656781481768,-4.0131203414779,172.30947787434428,-326.3001719440114
2203.265314344515,-0.000450306446462283,-0.01730763646944912,-4.048044899785473,171.00244810498847,-324.6903658925439
2205.3389983954826,-0.00045134650148420565,-0.018242855185352302,-4.084904411026066,169.75404945050707,-323.03473788853734
2205.9424289427466,-0.000451253330563189,-0.018515197501424743,-4.095995039139445,169.40247467866686,-322.544299565485
2206.54585949001,-0.00045097670949203274,-0.01878741937266759,-4.107249632020556,169.0564072056973,-322.0499806460386
2208.619543540978,-0.0004485841177294003,-0.01972052180634702,-4.147177555827216,167.91080935025926,-320.32160464175405
2210.6932275919457,-0.0004438770159797879,-0.020646262979424884,-4.1890328068041605,166.83684359172125,-318.5478939167061
2211.2966581392093,-0.0004420573882506445,-0.020913577343600005,-4.201572284465458,166.53853085001825,-318.0233518500837
2211.900088686473,-0.00044003149151113156,-0.021179724943033475,-4.214272335521297,166.24686297405816,-317.4951076868293
2213.973772737441,-0.00043146245583966324,-0.022083765587362233,-4.259133266633568,165.2970149029563,-315.65192479604065
2216.0474567884085,-0.00042035246552069814,-0.022967402190523498,-4.3058477366440355,164.4325373321154,-313.7672577590518
2216.6508873356725,-0.00041663259901618697,-0.023219947095845284,-4.3197834802986685,164.1977831229958,-313.2113574983303
2217.254317882936,-0.00041269207734525833,-0.02347017777120779,-4.333870512841536,163.9708361088071,-312.65224582464765
2219.328001933904,-0.0003974478534619403,-0.024310622294046125,-4.383417591331746,163.25228417508333,-310.7072367772475
2221.4016859848716,-0.0003795567689564425,-0.025116710736619544,-4.4346718643968375,162.63262961778491,-308.72856076998374
2222.005116532135,-0.0003738516735373936,-0.02534403735847208,-4.449897026656287,162.47161418787965,-308.1470044563919
2222.6085470793987,-0.0003679236071597652,-0.025567855908470608,-4.465257896507444,162.31949880850357,-307.56307694035416
2224.6822311303667,-0.00034585163870052985,-0.02630837532698464,-4.519053726326945,161.86630125780354,-305.53975637355103
2226.7559151813343,-0.0003211915410280898,-0.027000440975395633,-4.57433492054891,161.52405333738898,-303.4947995584183
2227.3593457285983,-0.00031353805517499134,-0.027191957011992115,-4.5906860333350386,161.4459043782031,-302.89644787682727
2227.962776275862,-0.00030567492915674723,-0.027378799175047784,-4.607150917962664,161.37756305727882,-302.2969142611373
2230.03646032683,-0.0002770807540477126,-0.027983426726308172,-4.664563463819723,161.21884768177276,-300.22958110726734
2232.1101443777975,-0.0002461604676439439,-0.028526347182748022,-4.723165835677423,161.18021993428536,-298.1565719210522
2232.7135749250615,-0.00023674660076254355,-0.028672051282589973,-4.740423937638805,161.19193703204004,-297.55325428379854
2233.317005472325,-0.00022715467627085195,-0.028812035156513753,-4.757767909843698,161.21406288117115,-296.95024242429287
2235.390689523293,-0.00019288972361605238,-0.029247873234292638,-4.817979471728021,161.37029972239915,-294.8827539370867
2237.4643735742607,-0.0001567823027792521,-0.029610746277802365,-4.879019170869115,161.6514727151806,-292.8285590823607
2238.067804121524,-0.00014596206616622647,-0.02970208679554668,-4.8969152345785165,161.75688933201386,-292.2344096445083
2238.6712346687877,-0.00013501374060401953,-0.029786879509248836,-4.914864206318081,161.87290621806824,-291.64224774197476
2240.744918719756,-9.649835779075802e-05,-0.030027119636704715,-4.97689588219497,162.35258064681864,-289.6251396733523
2242.8186027707234,-5.683340101747136e-05,-0.030186299102510635,-5.039341693091951,162.95674253830242,-287.6417771036743
2243.4220333179874,-4.511869281524751e-05,-0.030217051375112797,-5.057566754844906,163.155751066179,-287.0721122004369
2244.025463865251,-3.334166911352357e-05,-0.030240740307328155,-5.075808128690595,163.36508217490203,-286.5061619579026
2246.099147916219,7.496257740590592e-06,-0.030267590389770765,-5.13856039741006,164.16255453561044,-284.59232073537873
2248.1728319671865,4.863783990916795e-05,-0.03020944067203008,-5.201280213352262,165.07840850002086,-282.73222188321745
2248.77626251445,6.0617300487200734e-05,-0.03017646307078989,-5.219499952013105,165.3666606778784,-282.20209988759126
2249.3796930617136,7.258428334699289e-05,-0.03013628656504119,-5.23769764204767,165.66449158807274,-281.6772952628974
2251.4533771126817,0.00011349333126109267,-0.029943250092593847,-5.300005182975357,166.75968918070484,-279.9168174078672
2253.5270611636493,0.0001538041301612698,-0.029666001469666067,-5.361825112552196,167.96194833365576,-278.2276165093239
2254.1304917109132,0.00016537228034511344,-0.029569683530263718,-5.379697728352857,168.33115361739587,-277.75032985562115
2254.733922258177,0.00017685289466792093,-0.02946643619666313,-5.3975102928070555,168.70879836913937,-277.27967975940726
2256.807606309145,0.00021552072967485374,-0.029059355616811257,-5.458205889473555,170.06899240659203,-275.7148615607647
2258.8812903601124,0.0002527354034343911,-0.02857359686287113,-5.5179757527967705,171.52091613168665,-274.2347058040657
2259.484720907376,0.0002632472435922682,-0.028417897413211674,-5.535171161688774,171.95971400852468,-273.82049733581397
2260.0881514546395,0.00027360431729865723,-0.028255922373953843,-5.5522710070964445,172.40554268767266,-273.4138434903338
2262.1618355056075,0.00030791367485495766,-0.027652604600355693,-5.610251222791848,173.98893104349392,-272.0752773855966
2264.235519556575,0.0003400501994297696,-0.026980392943743627,-5.6669089159692625,175.64642455698308,-270.8295605824571
2264.838950103839,0.000348958717815166,-0.02677248864914316,-5.683127079698268,176.1416566745762,-270.4848062713752
2265.4423806511027,0.00035765963009381656,-0.026559286450911546,-5.699218569968247,176.64239640478993,-270.14806746681535
2267.5160647020707,0.00038589959954098043,-0.02578786763438146,-5.7535039364467595,178.40274751707008,-269.0525416048972
2269.5897487530383,0.0004114466294842759,-0.02496068019645865,-5.806131800778448,180.21916015097355,-268.05258561373535
2270.1931793003023,0.0004183522487603472,-0.024710298917298527,-5.821118289617205,180.75727422893607,-267.7795600563462
2270.796609847566,0.00042501592947171357,-0.024455832021294362,-5.83595290216814,181.2994103654937,-267.51456284378634
2272.870293898534,0.00044602374503210484,-0.023552186287294104,-5.885736627026686,183.1908060338951,-266.66497582635964
2274.9439779495015,0.00046405023692966326,-0.02260806814288576,-5.933604512642922,185.12146578401035,-265.9086712167478
2275.547408496765,0.000468726368532474,-0.022326619639942848,-5.947161899032311,185.68977797504377,-265.7058622760643
2276.1508390440285,0.00047314600464949983,-0.022042428605077453,-5.960549094674188,186.26078688985515,-265.5107090124655
2278.2245230949966,0.00048636252918545284,-0.02104704450383581,-6.0052302626693335,188.2415928900437,-264.8977174345887
2280.298207145964,0.0004965390753745231,-0.020027405483761324,-6.047822170009972,190.24731095561276,-264.3716875856117
2280.901637693228,0.0004989320592602934,-0.019727044503007343,-6.059816525215505,190.834927914011,-264.2345088079459
2281.5050682404917,0.000501072380010974,-0.019425311702208632,-6.071629684365411,191.42415409371134,-264.1043223798937
2283.5787522914598,0.000506513473504294,-0.018380103659132098,-6.1108293584710065,193.45967168829537,-263.70910985501143
2285.6524363424273,0.0005090571967724044,-0.017326616622471508,-6.1478530173192505,195.50882490332302,-263.3917242728832
2286.255866889691,0.000509265937372945,-0.01701936449261674,-6.1582154996309155,196.1071414966523,-263.3134224733335
2286.8592974369544,0.0005092411624601944,-0.01671204814255125,-6.168392987335222,196.70624789285446,-263.24126367727104
2288.9329814879225,0.0005074106291447055,-0.01565749233056797,-6.201953966243852,198.76990147035693,-263.0387324224084
2291.00666553889,0.0005029846618897965,-0.01460942352130853,-6.233334855581353,200.83909088225425,-262.9032958063567
2291.610096086154,0.0005012295976840988,-0.014306431839725577,-6.242058950238236,201.4418878347195,-262.8758667695013
2292.2135266334176,0.0004992717761754769,-0.014004548309842766,-6.250600918625612,202.04491385188348,-262.8536420299715
2294.2872106843856,0.0004910499681767125,-0.012977364714838855,-6.2785735634575275,204.11816356929268,-262.81544542647833
2296.360894735353,0.00048065005570439856,-0.01196948890220616,-6.304436173171244,206.19172955780206,-262.8330598408277
2296.964325282617,0.0004772401645467432,-0.011680477227237482,-6.311571451479815,206.79496642236592,-262.8480424465261
2297.5677558298808,0.0004736661765650869,-0.011393558485847204,-6.318533265646262,207.39809411034665,-262.8672796205726
2299.641439880849,0.0004601963450868622,-0.010424998748991205,-6.341150533267408,209.4694501551945,-262.96433517062604
2301.7151239318164,0.00044503776040019665,-0.009486122157138,-6.361790090742008,211.53825236315495,-263.10616494428643
2302.31855447908,0.000440337936946246,-0.009218992179082905,-6.367433431477417,212.13967749321063,-263.15525160073736
2302.9219850263435,0.00043551709777625504,-0.008954719588131923,-6.372916663698327,212.7408282096028,-263.20768875030654
2304.9956690773115,0.00041809674253039765,-0.008069455138104788,-6.390561591789767,214.804384445622,-263.41203354013624
2307.069353128279,0.00039950891804131584,-0.00722152548208801,-6.406409471393734,216.86425021053734,-263.65090679502913
2307.672783675543,0.0003939097660425082,-0.00698214275381059,-6.410694671289657,217.46294061286,-263.72636292130693
2308.2762142228066,0.0003882336740856857,-0.006746147035376743,-6.414836585064286,218.06131267221613,-263.8043476369807
2310.3498982737747,0.0003682105905318148,-0.005961720695121886,-6.428005343862113,220.11515744805982,-264.0903609206055
2312.4235823247423,0.0003475328068768556,-0.005219494724462776,-6.439591205385676,222.16531835710632,-264.4017744289389
2313.027012872006,0.0003414202481859738,-0.005011632585759423,-6.44267785431079,222.7612345052642,-264.4966926277516
2313.6304434192693,0.0003352725085401709,-0.004807455923103686,-6.445640250835903,223.35686331650447,-264.5934199184397
2315.7041274702374,0.0003139421366685987,-0.004134290706613466,-6.454903752470637,225.40161897601027,-264.93852330813445
2317.777811521205,0.00029242549469605546,-0.0035055510747433118,-6.462817384445403,227.4433432242006,-265.3011765673552
2318.381242068469,0.00028615357498293836,-0.003330991468500948,-6.464879867863867,228.03695109456362,-265.4096037710604
2318.9846726157325,0.0002798833767650466,-0.003160204330212932,-6.466838152866699,228.63034051375791,-265.5192313014838
2321.0583566667005,0.000258405056937637,-0.0026021212415033284,-6.4728051158333875,230.66797259464735,-265.90420095979783
2323.132040717668,0.0002371407399246368,-0.0020883555149498563,-6.477660740903441,232.70349575437237,-266.3001919207857
2323.7354712649317,0.00023101321024968444,-0.001947113284765925,-6.478878133975177,233.29547922612358,-266.4171669863249
2324.338901812195,0.0002249179372041866,-0.0018095495121194579,-6.480011348589631,233.8873244379955,-266.53484456356875
2326.4125858631633,0.00020426311725735004,-0.0013646487983818925,-6.483295184838143,235.92027012778223,-266.9438564202621
2328.486269914131,0.00018414207237399995,-0.000962026214925715,-6.485700273314541,237.95204586973443,-267.3586495935872
2329.089700461395,0.0001784026493708262,-0.0008526478624668382,-6.4862476560809155,238.54311111638307,-267.48018138191867
2329.6931310086584,0.00017271899714332902,-0.0007467091236242003,-6.486729972453149,239.13411276946766,-267.6020237474454
2331.7668150596264,0.00015364676514082484,-0.0004084523371097814,-6.487920995771989,241.1647146796366,-268.0225237360352
2333.840499110594,0.00013534389721282225,-0.00010894762490997243,-6.488450761166723,243.19495442748402,-268.4447707671393
2334.443929657858,0.0001301731543683259,-2.884360227707379e-05,-6.488492238922879,243.78571463902082,-268.5677778276752
2335.0473602051215,0.0001250746397597807,4.816655766059058e-05,-6.488486180452978,244.37647153316288,-268.69080094862625
2337.1210442560896,0.00010812768023135283,0.00028980094850525746,-6.488129854099082,246.4066665265351,-269.1132628394053
2339.194728307057,9.210414949093626e-05,0.0004972501494383776,-6.48730789900427,248.4371098713972,-269.5345285479101
2339.7981588543207,8.762125407439842e-05,0.0005514701827683442,-6.4869914213737525,249.02803233319898,-269.65675421401147
2340.4015894015843,8.322042034575628e-05,0.0006030122185811961,-6.486642882906422,249.61899431420224,-269.7787882159354
2342.4752734525523,6.873576845060629e-05,0.0007603934423399961,-6.485224235810956,251.65019248790884,-270.19639962278916
2344.54895750352,5.525419405451079e-05,0.0008887781073858387,-6.483509294632521,253.68204216476386,-270.6108279854989
2345.152388050784,5.152207865857158e-05,0.0009209891040567187,-6.4829632267765405,254.27343848119907,-270.73073995799297
2345.7558185980474,4.7875960999017835e-05,0.0009509744529675962,-6.4823982350747595,254.86490041224897,-270.85032739129105
2347.8295026490155,3.6005939351568614e-05,0.0010377707644470594,-6.480332149318191,256.8979897526817,-271.25863132501047
2349.903186699983,2.515420965499959e-05,0.0011010082092404473,-6.478110502257873,258.9319495428857,-271.6625756085784
2350.5066172472466,2.2186953296032575e-05,0.0011152876470272742,-6.477441803020252,259.52399177378294,-271.7792566084419
2351.11004779451,1.930466096981323e-05,0.001127801119188167,-6.476764863428952,260.11611169483007,-271.89554244509446
2353.183731845478,1.00441467065784e-05,0.0011580617344874391,-6.474391641984293,262.1515333265788,-272.2920552679701
2355.2574158964458,1.7642749710851231e-06,0.0011701357404400193,-6.471974526225181,264.1878987622366,-272.68369176876683
2355.8608464437098,-4.6425566997320995e-07,0.001170524806369783,-6.471268323757573,264.7806478858897,-272.79672672403325
2356.4642769909733,-2.6128203990042307e-06,0.0011695909785495553,-6.4705621381896234,265.37347622700406,-272.9093454673502
2358.5379610419413,-9.39582957971995e-06,0.0011569839726198628,-6.468147578510801,267.41132868985596,-273.29316924344954
2360.611645092909,-1.5276485507427146e-05,0.0011312467465091015,-6.465772775743187,269.4500945086577,-273.6721119310255
2361.215075640173,-1.6823481401119154e-05,0.0011215594385681604,-6.465093094782705,270.0435317537383,-273.7814766153266
2361.8185061874365,-1.8298431424207018e-05,0.0011109572681822209,-6.464419402486695,270.6370425968978,-273.8904413847023
2363.8921902384045,-2.283119819503712e-05,0.0010681748698337895,-6.462158504937498,272.6771876131042,-274.2618869268671
2365.965874289372,-2.6568454001426423e-05,0.0010168177645255951,-6.459995215181945,274.71814945594986,-274.62881860031547
2366.5693048366356,-2.751306338155374e-05,0.001000499122833146,-6.459386594748359,275.312204850202,-274.73477412388
2367.172735383899,-2.8395483716915747e-05,0.0009836256334737198,-6.45878787398266,275.9063239707392,-274.8403720454172
2369.246419434867,-3.0969847226583134e-05,0.0009219571443819018,-6.4568112834532645,277.94847838843606,-275.2006069720418
2371.320103485835,-3.287283104685403e-05,0.0008556463534157147,-6.454967387219819,279.99131738855624,-275.5569402631207
2371.923534033099,-3.330766492261834e-05,0.0008356779961400417,-6.4544571293180795,280.58589289737546,-275.6599370942939
2372.5269645803623,-3.369119447968436e-05,0.0008154589020893335,-6.453958901687139,281.1805202404496,-275.7626345796228
2374.6006486313304,-3.463543871791583e-05,0.0007445216761972345,-6.4523412066359604,283.2243280788548,-276.11336791901795
2376.674332682298,-3.503976772870424e-05,0.0006721861928861075,-6.450872062750784,285.268674967521,-276.46094641630185
2377.2777632295615,-3.5063353800808176e-05,0.0006510349272227133,-6.450472869230506,285.8636616774357,-276.5615406735564
2377.881193776825,-3.5046779398222336e-05,0.0006298777470114938,-6.4500863664231725,286.45868790197954,-276.66190121272354
2379.954877827793,-3.470115011624441e-05,0.0005574894028960666,-6.448855451484264,288.5037724229626,-277.0051126837753
2382.0285618787607,-3.394604898070655e-05,0.0004862423423362477,-6.447773463769266,290.5492526010758,-277.3459589049767
2382.6319924260247,-3.3656493342414065e-05,0.0004658460178287664,-6.447486245777867,291.14454259703945,-277.44474261090994
2383.235422973288,-3.333753768501897e-05,0.00044562971035868156,-6.44721122667646,291.73986042412866,-277.5433586523623
2385.3091070242563,-3.203402788304085e-05,0.000377800184613721,-6.446357978429731,293.7858592996227,-277.8810771223997
2387.382791075224,-3.0443843981631293e-05,0.0003129709621093105,-6.445642276348229,295.832122550871,-278.2171904655539
2387.9862216224874,-2.9933772257948537e-05,0.000294754856799592,-6.445458954690301,296.42761662846283,-278.3147364224171
2388.589652169751,-2.940419821195656e-05,0.0002768492109263475,-6.445286495206451,297.02312815874376,-278.412175889754
2390.663336220719,-2.7450821822752073e-05,0.00021786905015451047,-6.4447742821192415,299.0697158235694,-278.74630807897324
2392.7370202716866,-2.532102526902288e-05,0.00016312249468722573,-6.444379985670843,301.1164547616331,-279.0795126142376
2393.3404508189506,-2.4673837780014405e-05,0.00014803925235034907,-6.444286137279526,301.71206714073907,-279.17633364560436
2393.943881366214,-2.4015829804926496e-05,0.0001333470486870105,-6.444201252317377,302.30768829271113,-279.2731007431986
2396.017565417182,-2.1685289769377038e-05,8.594803991869484e-05,-6.443974727785199,304.35458927748437,-279.60530830491643
2398.0912494681497,-1.9272765892528947e-05,4.346683914430904e-05,-6.443841394831529,306.4015500142534,-279.93714756679316
2398.6946800154137,-1.8560102023241924e-05,3.2053174143590234e-05,-6.44381863758838,306.997211000889,-280.0336691311598
2399.2981105626773,-1.78438776531555e-05,2.1068380450187994e-05,-6.44380263143852,307.5928739856791,-280.1301783735114
2401.3717946136453,-1.5366306049946685e-05,-1.3366229396725005e-05,-6.443795534284003,309.63987012204177,-280.4617991842695
2403.445478664613,-1.2883551152814213e-05,-4.2657764267962564e-05,-6.443854511074447,311.6868576543626,-280.79347309343353
2404.0489092118764,-1.2163871253445329e-05,-5.0213841310914545e-05,-6.443882554221222,312.2825149031245,-280.89001773472205
2404.65233975914,-1.1446361102361773e-05,-5.733801225546536e-05,-6.4439150303670125,312.8781693563438,-280.9865796158665
2406.726023810108,-9.005658320465596e-06,-7.853429590821247e-05,-6.444056773535425,314.9251027478543,-281.31858749717213
2408.7997078610756,-6.618365357772895e-06,-9.472471067411223e-05,-6.4442372808039465,316.97198261369033,-281.65092518606366
2409.4031384083396,-5.936461752824977e-06,-9.851163569409809e-05,-6.444295599683137,317.56760138312643,-281.7477069389318
2410.006568955603,-5.260933171412645e-06,-0.00010189020125465392,-6.444356092035835,318.16321452175555,-281.84452333188733
2412.080253006571,-2.994147975495326e-06,-0.00011043313035146463,-6.444577033199036,320.2099873739134,-282.1775194588249
2414.1539370575388,-8.216064137093742e-07,-0.00011437317890103317,-6.44481091723806,322.2566844436226,-282.51098103875665
2414.7573676048023,-2.089069217179472e-07,-0.00011468315743009416,-6.444880038174634,322.8522470606189,-282.6081077337079
2415.360798152066,3.946725782484604e-07,-0.00011462688275881792,-6.444949252300378,323.4478030669329,-282.7052749550081
2417.434482203034,2.395511055804097e-06,-0.00011171341527725356,-6.445184627185525,325.49437498001873,-283.0395038068599
2419.5081662540015,4.2777905024310385e-06,-0.00010477376794198666,-6.445409785947141,327.5408698786365,-283.37420390772
2420.1115968012655,4.8023306484449845e-06,-0.00010203337336824195,-6.44547218932386,328.1363745419715,-283.4716852950255
2420.715027348529,5.316326615079878e-06,-9.89799242507425e-05,-6.445532863914706,328.7318732996789,-283.56920275809176
2422.788711399497,7.000503011755748e-06,-8.618716796434184e-05,-6.445725433491681,330.7782564304041,-283.90458553399196
2424.8623954504646,8.55650342003102e-06,-7.003486019656948e-05,-6.445887991609809,332.8245799806482,-284.2403316688607
2425.4658259977286,8.985048727732174e-06,-6.474171009148882e-05,-6.445928658561417,333.4200390180346,-284.338091371239
2426.069256544992,9.402783206329477e-06,-5.919314718015525e-05,-6.445966074240658,334.0154943159969,-284.4358738545758
2428.14294059596,1.0755851754418667e-05,-3.82701741650908e-05,-6.446067590725548,336.0617468206971,-284.77205270927016
2430.216624646928,1.1983618024018166e-05,-1.4671283150214501e-05,-6.446122945070753,338.10797295324437,-285.10839206200035
2430.8200551941914,1.2317817650288999e-05,-7.338774905672981e-06,-6.446129585990199,338.7034106697711,-285.20628154402743
2431.423485741455,1.2641891227212286e-05,1.9271579975922321e-07,-6.4461317608185915,339.29884801478664,-285.3041732862932
2433.497169792423,1.3679765646459076e-05,2.7503534225665323e-05,-6.446103395968126,341.3450662902974,-285.6405604368319
2435.5708538433905,1.4605269626786347e-05,5.685006588817721e-05,-6.446016286396031,343.3913039821398,-285.97682944349265
2436.1742843906545,1.4854429577763276e-05,6.573869875134663e-05,-6.445979298076665,343.9867542713761,-286.0746424231728
2436.777714937918,1.5094897672944785e-05,7.477565183822004e-05,-6.445936917326771,344.58220848447894,-286.17243149978674
2438.851398988886,1.585747274276769e-05,0.000106884251841938,-6.4457488215042025,346.6285188288829,-286.508258122501
2440.9250830398537,1.652814431347698e-05,0.00014047890219544333,-6.4454926017904475,348.6749037189581,-286.8436301315025
2441.5285135871172,1.67073434092494e-05,0.0001505065555155083,-6.445404805113091,349.2704076291748,-286.9411161323077
2442.131944134381,1.6879811999889283e-05,0.0001606410517985924,-6.445310937603302,349.86592041886684,-287.03854784384123
2444.205628185349,1.7424442908293525e-05,0.0001962206204558131,-6.444941111692852,351.9124707800339,-287.37290864504575
2446.2793122363164,1.790266727517317e-05,0.000232860728448436,-6.44449640538658,353.95915712448567,-287.7064359245635
2446.8827427835804,1.8030864838129972e-05,0.00024370225095512142,-6.444352617612903,354.5547605697005,-287.8033119549724
2447.486173330844,1.8154620698955327e-05,0.0002546206082887685,-6.44420227275089,355.15037826984826,-287.9001002470907
2449.559857381812,1.8549718122674466e-05,0.00029268382557713635,-6.4436349392351175,357.1973307069806,-288.2319905890996
2451.6335414327796,1.890652843801236e-05,0.000331526652408645,-6.442987866300782,359.244484258589,-288.562637948582
2452.236971980043,1.9004759559916875e-05,0.000342964749437719,-6.442784361826387,359.84023603505386,-288.6585975856823
2452.8404025273067,1.9100958713031722e-05,0.0003544623369485025,-6.442573941074601,360.4360076633344,-288.7544338093074
2454.9140865782747,1.941988298086864e-05,0.0003944040581427773,-6.441797597454229,362.48353201691054,-289.0827772593259
2456.9877706292423,1.9729006320597847e-05,0.00043499696549058103,-6.440937752146474,364.5313242545884,-289.4094455239709
2457.5912011765063,1.9818671521640868e-05,0.0004469286771037169,-6.440671663603093,365.12727447226985,-289.50416495734675
2458.19463172377,1.990866104102336e-05,0.00045891537208599033,-6.4403983579532245,365.72325021198355,-289.5987235557987
2460.268315774738,2.0224041275894827e-05,0.0005005237090731681,-6.439403687252107,367.7715192812324,-289.92238866761124
2462.3419998257054,2.055640792432219e-05,0.000542803657250826,-6.438322037651481,369.82012320116206,-290.2439271645736
2462.9454303729694,2.0657721719408597e-05,0.0005552380930267523,-6.4379907460686,370.4163221746628,-290.33706801979196
2463.548860920233,2.0761488034384352e-05,0.0005677350803395102,-6.437651927820245,371.01255231659735,-290.43000899062235
2465.622544971201,2.1140056555237477e-05,0.000611173410901461,-6.436429728819192,373.0617386100998,-290.74781500875685
2467.6962290221686,2.155885377682277e-05,0.0006554384837748525,-6.435116595243674,375.11132605016246,-291.06302307608723
2468.299659569432,2.168943922561995e-05,0.0006684866326285704,-6.43471715394567,375.70782362313685,-291.15423207971475
2468.9030901166957,2.182424007820518e-05,0.0006816153785271259,-6.434309806968267,376.30435793367394,-291.24520029909115
2470.9767741676637,2.2322254419268612e-05,0.0007273782401237777,-6.4328490920833366,378.35463181714823,-291.55591228109563
2473.0504582186313,2.2878594961682135e-05,0.0007742343011733922,-6.431292346007045,380.40537204846805,-291.8635305856713
2473.6538887658953,2.3052279948500734e-05,0.0007880918467072555,-6.4308209782353964,381.0022172575684,-291.9524363534282
2474.257319313159,2.3231445081753766e-05,0.0008020561900888868,-6.430341206137567,381.5991046718625,-292.0410580678886
2476.331003364127,2.389076961293124e-05,0.0008509023935693534,-6.4286275980131355,383.65063351176235,-292.3433726449074
2478.4046874150945,2.4620051081979522e-05,0.0009011883621076925,-6.426811205486672,385.7026926169962,-292.6420657867258
2479.008117962358,2.4845854173813078e-05,0.0009161125488612383,-6.426262910454148,386.29993354151276,-292.7282732110524
2479.6115485096216,2.507781413276289e-05,0.0009311749697267074,-6.425705556731077,386.8972220218778,-292.8141501931525
2481.6852325605896,2.5922748734403633e-05,0.0009840416885551007,-6.423720095671706,388.9501697314932,-293.10667382479784
2483.758916611557,2.684180113975425e-05,0.0010387373832447496,-6.421623109381632,391.003710113925,-293.39500630404916
2484.362347158821,2.712317296784396e-05,0.001055019121351055,-6.420991405504755,391.6013937095006,-293.478089184553
2484.9657777060847,2.7410711911276115e-05,0.001071472392757939,-6.420349813685839,392.1991300629139,-293.5607912128257
2487.039461757053,2.844568423964169e-05,0.0011293745241184503,-6.418068266564495,394.2536563111593,-293.84201332985447
2489.1131458080204,2.9550836367099123e-05,0.001189495626454524,-6.415664347994466,396.30883555237506,-294.1184214492229
2489.7165763552844,2.988516184325916e-05,0.0012074282118451152,-6.414941175209754,396.90700723443484,-294.19791414572177
2490.320006902548,3.0224972183898584e-05,0.0012255638376718432,-6.414207110070919,397.50523665220186,-294.27697060182606
2492.393690953516,3.143324919566629e-05,0.0012894836568681698,-6.411599846500047,399.5614949039813,-294.54523445574483
2494.4673750044835,3.2699486512007296e-05,0.0013559691565125406,-6.40885737321425,401.6184631208405,-294.8079971078472
2495.070805551747,3.307793705569556e-05,0.001375815235971297,-6.408033168265459,402.2171658486602,-294.8833860960737
2495.6742360990106,3.3460495360333896e-05,0.0013958903365848432,-6.407196910997584,402.8159309188302,-294.9582775679276
2497.7479201499787,3.480411497983803e-05,0.0014666634190091644,-6.404229383220984,404.8740644509685,-295.21175190129486
2499.8216042009462,3.618554805304475e-05,0.0015402619505869451,-6.401112164887693,406.9329593071987,-295.45896342854485
2500.4250347482102,3.659331532681811e-05,0.0015622206839694633,-6.400176113915352,407.532231926763,-295.52967969632033
2501.028465295474,3.700318376725223e-05,0.0015844253230609504,-6.399226734386894,408.13157087989407,-295.59983052841153
2503.102149346442,3.84243541123729e-05,0.0016626299086473799,-6.395860562259835,410.19170597305833,-295.8364853175512
2505.1758333974094,3.98562622511125e-05,0.0017437926859078785,-6.392329151353481,412.2526445935776,-296.0660337003847
2505.779263944673,4.027328922062589e-05,0.001767969452782077,-6.39126961263882,412.85251923161155,-296.1314469282715
2506.3826944919365,4.06898884671562e-05,0.0017923968013345054,-6.390195410171121,413.4524632180982,-296.19621966004456
2508.4563785429045,4.211414486757977e-05,0.0018782552186039742,-6.3863900304215955,415.51469888124035,-296.4138091294746
2510.530062593872,4.351689966013933e-05,0.00196704479988484,-6.382403568287501,417.57776611692987,-296.62336262171056
2511.133493141136,4.391916450142692e-05,0.001993426257778198,-6.3812086442300835,418.1782644851146,-296.6827780353539
2511.7369236883997,4.431814581143505e-05,0.0020200484575259585,-6.379997734252166,418.7788337528349,-296.7414706038143
2513.8106077393677,4.5659589764191975e-05,0.0021133508739021134,-6.375712522742992,420.84322760980655,-296.9375264260524
2515.8842917903353,4.694479309461073e-05,0.0022093767085675864,-6.3712310077465215,422.9084604217741,-297.1245313664702
2516.487722337599,4.730628065639337e-05,0.0022378145205082236,-6.369889228777066,423.5095889928245,-297.17719001371677
2517.0911528848624,4.766155920151748e-05,0.002266467620104072,-6.368530236046697,424.1107879405804,-297.2290364525002
2519.1648369358304,4.883052428000952e-05,0.002366530192442743,-6.363726952008923,426.17733830635854,-297.40087347498695
2521.238520986798,4.990964891142699e-05,0.002468923678669705,-6.358713753021308,428.24470648234023,-297.5625653049141
2521.841951534062,5.020503382516801e-05,0.0024991307208577455,-6.357214816991039,428.84645063689806,-297.6076482819907
2522.4453820813255,5.049155859561306e-05,0.0025295125126759237,-6.3556976166739245,429.44826185973255,-297.65182340863015
2524.5190661322936,5.140455848475823e-05,0.0026351831231051486,-6.350342949173968,431.5168865411959,-297.79655932883355
2526.592750183261,5.219931081355306e-05,0.0027426244028030448,-6.344767318310192,433.58627049469396,-297.9299877758137
2527.196180730525,5.240700387709785e-05,0.0027741866408003348,-6.343102809083858,434.18858789888446,-297.9666245869707
2527.7996112777887,5.260377677042615e-05,0.002805870345006507,-6.341419237640542,434.79096550352637,-298.00225281796565
2529.8732953287567,5.319369244029677e-05,0.002915589438932356,-6.335487174374362,436.861478422634,-298.11684192418295
2531.9469793797243,5.364569901075324e-05,0.0030263888416242604,-6.329326468263486,438.93264538343635,-298.2189098855926
2532.550409926988,5.3750532504472055e-05,0.0030587927516744677,-6.327490468257034,439.53545901587427,-298.2461906867155
2533.1538404742514,5.3843257039791096e-05,0.00309125603904794,-6.325634919041532,440.1383216409715,-298.2723586799124
2535.2275245252195,5.406796563126518e-05,0.003203168150534995,-6.3191086498892455,442.21040888964086,-298.3536382318743
2537.301208576187,5.414672643284573e-05,0.0033153949118422134,-6.312349984134097,444.2829892504645,-298.4211523357234
2537.904639123451,5.414215244156904e-05,0.003348067965762459,-6.310339503850014,444.88618061699754,-298.4381433635115
2538.5080696707146,5.412535980572089e-05,0.0033807347483261183,-6.308309331923662,445.48940470562997,-298.4539157415025
2540.5817537216826,5.397465792085525e-05,0.0034928416026835532,-6.3011824399888985,447.5626019721973,-298.4986620689057
2542.65543777265,5.3683840054772036e-05,0.00360449067080812,-6.293823548510249,449.63606778722846,-298.52839145965146
2543.2588683199137,5.35736367647788e-05,0.003636852262549864,-6.291638710221302,450.2394709081698,-298.53415254653737
2543.8622988671773,5.3452354784709704e-05,0.0036691446391067884,-6.289434385093525,450.8428848167606,-298.5385895597385
2545.9359829181453,5.295328349916665e-05,0.0037794909976801056,-6.281711126514938,452.9165581702175,-298.5435796501668
2548.009666969113,5.233546093823443e-05,0.0038886793137753897,-6.273760245159598,454.9902057165263,-298.5323183204497
2548.613097516377,5.2135011441239186e-05,0.003920199662013622,-6.2714041715139786,455.5936024203513,-298.5259210535537
2549.2165280636405,5.192598066179348e-05,0.003951597571250684,-6.269029130097925,456.1969818852614,-298.5180967067262
2551.2902121146085,5.1146472725327634e-05,0.0040584814427287895,-6.26072364967769,458.2703135922243,-298.48016995644787
2553.363896165576,5.028583302765559e-05,0.004163664740211821,-6.252198289104445,460.34325144206434,-298.4247969340603
2553.96732671284,5.002271440740569e-05,0.004193928933452162,-6.249676660919713,460.9463683355587,-298.4053417391597
2554.5707572601036,4.975492183200601e-05,0.0042240345370240335,-6.247136826652082,461.54943364148113,-298.38436063600955
2556.6444413110717,4.8805501145094564e-05,0.004326230717782975,-6.238271207323336,463.62141398012176,-298.30047458174687
2558.7181253620392,4.782950649591875e-05,0.004426430547004947,-6.229195735305648,465.69255716542466,-298.1980055465763
2559.321555909303,4.7543997945676117e-05,0.004455205249552167,-6.226515999245384,466.2950643691217,-298.1646357894873
2559.9249864565663,4.7259127037185306e-05,0.004483809929730301,-6.223818949531495,466.8974792696051,-298.12964677318143
2561.9986705075344,4.629374403426378e-05,0.00458080182561072,-6.214420041111021,468.96690420026175,-297.9969201007727
2564.072354558502,4.537264425454895e-05,0.0046758377368617465,-6.204822030190046,471.03497380631546,-297.8445436057532
2564.675785105766,4.511729549486257e-05,0.004703138427286947,-6.201992245475818,471.63648515706313,-297.7964547077065
2565.2792156530295,4.4869230554707094e-05,0.004730289732195904,-6.1991460180792135,472.2378571999192,-297.746659288676
2567.3528997039975,4.4083048894858836e-05,0.004822496722752155,-6.18924102919523,474.303330308657,-297.56239519677916
2569.426583754965,4.3426902702903564e-05,0.004913208247177125,-6.179146382707671,476.36685628431525,-297.35748660888527
2570.0300143022287,4.3265528074676706e-05,0.004939362574665224,-6.176173716908678,476.96693023845114,-297.2939281925231
2570.633444849492,4.311923641930779e-05,0.004965426929179741,-6.1731852678665025,477.5668116736965,-297.228581794062
2572.7071289004602,4.274404717017601e-05,0.005054414193963422,-6.162796181900888,479.6267471278886,-296.9902650790919
2574.780812951428,4.259683530028688e-05,0.005142859811312737,-6.15222312606637,481.6840703722133,-296.73037188408784
2575.384243498692,4.260252856441303e-05,0.0051685630675376735,-6.14911203044492,482.28221033421346,-296.6506411656038
2575.9876740459554,4.263197335501223e-05,0.0051942800090841275,-6.145985376532409,482.88009827206935,-296.5690454365522
2578.0613580969234,4.292804959488082e-05,0.005282934536537166,-6.1351223261053995,484.9327197709938,-296.2743075727077
2580.135042147891,4.355802458517203e-05,0.005372549232823381,-6.124074438655361,486.9819878155871,-295.95710085367745
2580.7384726951545,4.381006854271961e-05,0.0053989062869252815,-6.120824560060828,487.5776401172219,-295.86052588783514
2581.341903242418,4.40949690478428e-05,0.005425428487233738,-6.117558666202409,488.17297410802763,-295.76201074764816
2583.415587293386,4.533893163192842e-05,0.005518080938626562,-6.106212500682975,490.2163031492154,-295.4085588621746
2585.4892713443537,4.7024863193216025e-05,0.005613771227399525,-6.09467105349534,492.25545217538433,-295.0317477045053
2586.0927018916177,4.76044096831405e-05,0.005642318652628068,-6.0912749718581125,492.8479994895104,-294.9176597161877
2586.6961324388812,4.822579843333051e-05,0.005671231399365302,-6.087861476324471,493.44015426584315,-294.8015544526139
2588.7698164898493,5.069424543799347e-05,0.005773701730741406,-6.075995870832333,495.4719796439384,-294.38706256460483
2590.843500540817,5.370738837562233e-05,0.005881855604936144,-6.063911881312269,497.498694304507,-293.94827095097696
2591.446931088081,5.4691907747789576e-05,0.005914557380219127,-6.060352796426671,498.0874419358214,-293.81596587032385
2592.0503616353444,5.572642477679714e-05,0.005947870884534811,-6.056773701490096,498.67571272807083,-293.6815595231251
2594.1240456863125,5.967529861146405e-05,0.006067414854990121,-6.044317276770935,500.693532154183,-293.20352378202284
2596.19772973728,6.425716858762867e-05,0.006195803859137134,-6.0316037847242,502.7051738033018,-292.70013327019757
2596.8011602845436,6.571368304430134e-05,0.006235014052580613,-6.027853311569234,503.28932607755536,-292.5488237425167
2597.404590831807,6.722669931407469e-05,0.006275122022984456,-6.024078802813996,503.8729037074928,-292.39531619228336
2599.478274882775,7.286668065968361e-05,0.006420256381456315,-6.0109178468051185,505.87382783529034,-291.85088016930194
2601.5519589337428,7.920307693100416e-05,0.006577808351554466,-5.997443052890235,507.8673213365125,-291.2798463462026
2602.1553894810068,8.118036981791855e-05,0.006626194729709164,-5.993459318864322,508.4459452153993,-291.10860692922375
2602.7588200282703,8.321808270619605e-05,0.006675793262682756,-5.9894459101134565,509.0238780925042,-290.93505358539875
2604.8325040792383,9.068675995616873e-05,0.0068559800579373,-5.975418404895663,511.0044870733238,-290.3208150008994
2606.906188130206,9.88791003094652e-05,0.007052404854404753,-5.9610004129522824,512.9761563698082,-289.6784714495683
2607.5096186774695,0.00010139925526662514,0.0071128287215202765,-5.956726679717687,513.5481294573559,-289.4861814611885
2608.113049224733,0.00010398021339643921,0.007174791057103261,-5.952415908972004,514.1192696582011,-289.29143623009855
2610.186733275701,0.00011331284552679379,0.0073999680426207245,-5.93730765661747,516.075412671017,-288.60325292004796
2612.2604173266686,0.00012334909392914495,0.00764522749746107,-5.921711635991249,518.0207558603817,-287.88512329107306
2612.8638478739326,0.0001263991295736233,0.007720578145925967,-5.9170756863977685,518.5846961789256,-287.6704138473666
2613.467278421196,0.00012950590276996095,0.007797784104014867,-5.912393604085451,519.1476270281537,-287.45307717378114
2615.540962472164,0.00014060730958605943,0.008077740643881056,-5.895937283183776,521.0741562612317,-286.6858976316387
2617.614646523132,0.0001523347925468898,0.0083813671360631,-5.878875878869107,522.9875523501377,-285.8865443470865
2618.218077070396,0.00015585894983971527,0.008474353062362562,-5.8737904076147895,523.5417277699173,-285.6477585118942
2618.8215076176593,0.0001594305345240275,0.00856947565925401,-5.868648094433465,524.0946708948304,-285.40613969948214
2620.8951916686274,0.00017204982326946645,0.008913085066516488,-5.85052604927521,525.9851037566145,-284.55389204063124
2622.968875719595,0.00018515149014901742,0.009283363041506558,-5.831663815677569,527.8594463339498,-283.66683897431375
2623.5723062668585,0.00018904466025607087,0.009396264683549725,-5.826028043536649,528.4016626025631,-283.4020165569237
2624.175736814122,0.00019297005655931996,0.009511518974594346,-5.820323374751889,528.9423635851404,-283.13412220604295
2626.24942086509,0.00020667993551929363,0.009925846867325344,-5.800174857587852,530.788471635879,-282.1897045700369
2628.3231049160577,0.0002206560915357698,0.010368880804638934,-5.779137391647373,532.6147308215682,-281.2074802997972
2628.9265354633217,0.0002247590058766871,0.010503272458738609,-5.77284009034498,533.1421992274453,-280.91438152609385
2629.529966010585,0.00022887267850253904,0.01064013467157357,-5.766460928830138,533.6677932212692,-280.6179446030134
2631.6036500615533,0.0002430559262486204,0.011129454366476372,-5.743894382121763,535.4591253281145,-279.5733690523534
2633.677334112521,0.00025721438062005313,0.011648159929208349,-5.720282672463518,537.2258506770911,-278.4877258491306
2634.2807646597844,0.0002613115243294725,0.011804612720596084,-5.713206735648757,537.7350401656687,-278.16391049100804
2634.884195207048,0.00026539168066348236,0.011963522126279973,-5.706035681716354,538.2419028679462,-277.8364768181135
2636.957879258016,0.00027923835564721964,0.012528284489996919,-5.680646439728672,539.9652658667859,-276.6832258528223
2639.0315633089836,0.0002926970039450245,0.01312135816041158,-5.654056704682177,541.6580619927925,-275.48559500128823
2639.6349938562475,0.00029651847582174584,0.013299141770560605,-5.646085322043895,542.1445467798477,-275.1285747375648
2640.238424403511,0.0003002894835473988,0.013479203764053893,-5.638006066128788,542.6281426862523,-274.7676646668228
2642.312108454479,0.00031280961281537347,0.014115031181182647,-5.609399544544023,544.267087801108,-273.4973209488449
2644.3857925054467,0.00032451664868928166,0.014775978341288834,-5.5794484725799975,545.8681234034408,-272.1795628482735
2644.9892230527103,0.00032774559415222335,0.014972786830100398,-5.570472849745377,546.3264463014966,-271.78704318913566
2645.592653599974,0.0003308861382966633,0.015171503524803402,-5.561378054942704,546.781195668861,-271.3904043567251
2647.666337650942,0.0003409437408613264,0.015868306123138807,-5.529198050656595,548.3155940818841,-269.9956042508476
2649.7400217019094,0.0003497216172391607,0.016584638137611896,-5.495552849016257,549.8032436778465,-268.5510952394731
2650.3434522491734,0.00035200901059238105,0.016796374443073345,-5.485481255977427,550.22682716717,-268.1213171367312
2650.946882796437,0.0003541678253732287,0.017009438438041,-5.475281731992223,550.6460251258846,-267.687277292007
2653.020566847405,0.0003605423685826918,0.01775078338747272,-5.439242842926055,552.051858698373,-266.16300933634045
2655.0942508983726,0.0003651612867943994,0.018503526819711433,-5.401654820235981,553.4006197809707,-264.5880677742817
2655.6976814456366,0.0003661496849100763,0.018724189803217068,-5.3904225405015,553.7817694130908,-264.12024552529596
2656.3011119929,0.000366970379597613,0.018945385928040934,-5.379057254523196,554.157603071998,-263.64815995157494
2658.374796043868,0.0003684506504238593,0.01970828066109048,-5.338979645738364,555.4071370198894,-261.9933718430247
2660.4484800948358,0.0003677359714548269,0.020471969191951937,-5.297319211270105,556.58800107313,-260.28895597155315
2661.0519106420993,0.00036709336627884415,0.02069369451531706,-5.284898708169512,556.9180548022695,-259.7837852225511
2661.655341189363,0.00036624945562228076,0.020914961488660178,-5.272344918102432,557.2417723917995,-259.27454940393517
2663.729025240331,0.0003617630327110713,0.02167023402766432,-5.2281887352761025,558.3042976377156,-257.4939368329206
2665.8027092912985,0.00035473854124824257,0.022413571566893692,-5.182478730540842,559.2857599161727,-255.66744491208354
2666.4061398385625,0.0003522025848905993,0.022626881873720275,-5.168889059201136,559.5554355273958,-255.12762286025236
2667.009570385826,0.00034944271522513573,0.022838589270565632,-5.155171564895004,559.8177185119289,-254.5841885969701
2669.083254436794,0.00033821904433852684,0.02355205543373946,-5.107067286055285,560.6610263155669,-252.68992264914866
2671.1569384877616,0.00032427817143786076,0.024239429940362486,-5.057510556738109,561.4108687480468,-250.75680480042885
2671.760369035025,0.0003197068337630253,0.02443374289950729,-5.042824762113668,561.6108414851403,-250.18746926988067
2672.3637995822887,0.0003149054397575521,0.024625229265753782,-5.028022987984464,561.8024079949361,-249.6152672678108
2674.4374836332568,0.0002966470822751396,0.025259774956814866,-4.976293096966287,562.395061266607,-247.6282999216133
2676.5111676842243,0.0002757132809998209,0.02585368457060647,-4.923289491861604,562.8829119172734,-245.61308585096722
2677.1145982314883,0.00026912825779907656,0.026018080218673294,-4.90763857500806,563.0046100130656,-245.02205269926458
2677.718028778752,0.0002623271735669611,0.0261784455549508,-4.891890068782034,563.1170308677262,-244.42919942038623
2679.79171282972,0.00023733668074270824,0.02669693013648202,-4.837057274599242,563.4313142841767,-242.37971817848623
2681.8653968806875,0.00020996145374952056,0.027161119739011783,-4.781205602525051,563.6317769351315,-240.31603201389012
2682.4688274279515,0.00020157054673811502,0.02728528842262163,-4.764777844371422,563.6683172794612,-239.71370878654756
2683.072257975215,0.0001929985293413642,0.02740435451374471,-4.7482770302820905,563.6949589445275,-239.11087776056385
2685.145942026183,0.00016222218043218314,0.027772982741707676,-4.691055487270651,563.7101512877761,-237.03752224980786
2687.2196260771507,0.00012959134796834782,0.028075867739305593,-4.633137691126277,563.6060563015984,-234.96675348691073
2687.823056624414,0.00011978300820182733,0.028151105010185282,-4.61617270828165,563.5531730803799,-234.36564695949932
2688.4264871716778,0.00010984705563557105,0.02822040611330423,-4.599164349647277,563.4901137484269,-233.76552947563613
2690.500171222646,7.481931406985278e-05,0.028412071514932587,-4.540432661991194,563.1955061993872,-231.713176021655
2692.5738552736134,3.865997008410445e-05,0.02852992715458944,-4.481380049911731,562.7806489232132,-229.6817263919921
2693.1772858208774,2.7969615904494702e-05,0.02855002174972736,-4.464157741661769,562.6374231065034,-229.09554479100746
2693.780716368141,1.7218646081161485e-05,0.028563671546318416,-4.446925363382956,562.4841477456192,-228.5119119890509
2695.854400419109,-2.0079568639908573e-05,0.0285607551674202,-4.387682939590381,561.8811340991791,-226.52815912239595
2697.9280844700766,-5.7666810085045735e-05,0.028480194400471302,-4.328527068410784,561.161841271534,-224.58354260436843
2698.53151501734,-6.86104643910904e-05,0.028442081271695212,-4.311352391873953,560.9310464565124,-224.02600070149666
2699.1349455646036,-7.9541802814509e-05,0.02839739314418002,-4.29420267537624,560.6907412010338,-223.47248700955817
2701.2086296155717,-0.00011689686784055713,0.028193617886874415,-4.2355134538441295,559.7934117874547,-221.6033432998775
2703.2823136665393,-0.00015367679333058156,0.027912976355842875,-4.177326495996014,558.7884674271819,-219.78976418318453
2703.8857442138033,-0.000164224705396651,0.027817044045843696,-4.160511621954293,558.4764188739068,-219.27329355323764
2704.489174761067,-0.00017468958910740935,0.027714794747526708,-4.143756390524189,558.1557629260485,-218.76211141454402
2706.562858812035,-0.00020990895931853522,0.02731579086842894,-4.086685990544089,556.9897490306844,-217.04765704073776
2708.6365428630024,-0.00024376298470078759,0.026845168789937056,-4.030517255303267,555.7285872496124,-215.40188687387274
2709.239973410266,-0.0002533176385256301,0.026695174025357305,-4.014363133699345,555.3444993779481,-214.9364942064731
2709.8434039575295,-0.0002627284206029505,0.026539475577626218,-3.9983009810038785,554.9529739290392,-214.47732295630823
2711.9170880084976,-0.00029387988503022547,0.02596201489173684,-3.943854424789825,553.5527214349262,-212.94816567809195
2713.990772059465,-0.00032303025652139123,0.025322030728153363,-3.890670166559411,552.0722289166589,-211.496488860956
2714.594202606729,-0.00033110697664130533,0.025124649961959518,-3.8754495458530327,551.6272101183137,-211.0889712515112
2715.1976331539927,-0.00033899428808931647,0.024922465333011335,-3.8603491328331025,551.1760649119279,-210.68822100464698
2717.2713172049607,-0.0003645890784347278,0.024192539442934136,-3.8094158965808727,549.5811040775508,-209.36336238831564
2719.3450012559283,-0.00038774712013415645,0.023412064567731466,-3.760048707317405,547.9217040637748,-208.1200735778955
2719.9484318031923,-0.0003940099324848455,0.02317618061536628,-3.745992325623312,547.4275994044556,-207.77370320163854
2720.551862350456,-0.0004000553448133597,0.02293658978175059,-3.7320790027050497,546.9286925382538,-207.4342532842641
2722.625546401424,-0.000419135172369694,0.02208675830805391,-3.6853905433538046,545.1796706405237,-206.32060287999127
2724.6992304523915,-0.00043555122709233165,0.021200123211878738,-3.6405025255180474,543.3814664726594,-205.28813358547825
2725.302660999655,-0.0004398207908650478,0.020935996629944036,-3.6277894969434406,542.849771426368,-205.00280440794342
2725.9060915469186,-0.00044386200730022027,0.02066936370647721,-3.6152361867164093,542.3145026786281,-204.72419640812993
2727.9797755978866,-0.0004559973483398426,0.019735885137314085,-3.5733384617620914,540.449701945221,-203.81757207987098
2730.053459648854,-0.00046543272815591013,0.01878004113824778,-3.533399665846206,538.5493289480664,-202.9879567203646
2730.656890196118,-0.0004676739704420456,0.01849849792817881,-3.522152308311459,537.9903453578277,-202.76068803305262
2731.2603207433817,-0.0004696908217650058,0.01821566646209834,-3.5110748181363807,537.428845795178,-202.53966017186036
2733.3340047943498,-0.0004749221302203681,0.017235806881596177,-3.4743158276591344,535.4816738546288,-201.82683229420277
2735.4076888453174,-0.00047757730428095414,0.01624777026458822,-3.439597234661253,533.5102296542622,-201.1840112314187
2736.011119392581,-0.00047787673267406315,0.015959487440837205,-3.429880009472415,532.932548585067,-201.00965458014196
2736.6145499398444,-0.0004779677949130495,0.01567107962178471,-3.42033639667455,532.3532010548826,-200.84086186857056
2738.6882339908125,-0.0004767212314762945,0.014680815714996595,-3.388867139759646,530.3508326147931,-200.3021007511443
2740.76191804178,-0.00047314719895884076,0.013695550004681667,-3.3594461949743395,528.3329511847062,-199.82452751774258
2741.365348589044,-0.0004716866151440275,0.013410474316611284,-3.3512681235962027,527.7432616611896,-199.69652672885402
2741.9687791363076,-0.0004700427651164415,0.013126325469488219,-3.343261457903901,527.1525428985475,-199.573299366881
2744.0424631872756,-0.0004630386999310132,0.012158523674327638,-3.3170479299725244,525.115621909671,-199.18494692968508
2746.1161472382432,-0.00045404560078965905,0.011207308411429626,-3.2928241195745604,523.0695221448727,-198.8480725957801
2746.719577785507,-0.0004510757281247887,0.01093421725248159,-3.2861439322378647,522.4726841982824,-198.7591639693342
2747.3230083327708,-0.00044795389951843496,0.010662952538512138,-3.2796277048229148,521.8752621972958,-198.67419624430437
2749.396692383739,-0.0004361182340006948,0.009746034124355955,-3.25847133644423,519.818406121462,-198.41093410643728
2751.4703764347064,-0.00042268962052628586,0.008855310776402371,-3.239189207011518,517.756621981102,-198.18930680756264
2752.07380698197,-0.00041850582661548586,0.008601509439901308,-3.233922472227213,517.1559146037644,-198.13209564186087
2752.6772375292335,-0.00041420506389422087,0.008350255620054682,-3.2288079041038444,516.5549105534583,-198.07800681061752
2754.7509215802015,-0.0003985896526997172,0.007507314254102104,-3.2123719140487688,514.4877005266205,-197.91465961268216
2756.824605631169,-0.00038180735768842327,0.006697964191472971,-3.1976490891851905,512.4181782495966,-197.78353502119785
2757.428036178433,-0.00037672867242263103,0.006469104573841969,-3.1936766311894838,511.8156326991657,-197.7509279275884
2758.0314667256966,-0.00037156951877932693,0.006243321273261778,-3.1898411969318663,511.2129591043099,-197.72067856591033
2760.1051507766647,-0.00035328426891118156,0.005491635485709498,-3.177680584657781,509.1411247336093,-197.63352392549402
2762.1788348276323,-0.00033426456881568994,0.004778629038038085,-3.167038626847573,507.06841941158905,-197.56999538791794
2762.782265374896,-0.00032861578168748805,0.004578631964045135,-3.1642156288992047,506.4651651825198,-197.5554967614665
2763.3856959221594,-0.0003229226433858093,0.004382044780344934,-3.1615122040158963,505.8618699086681,-197.542671234584
2765.4593799731274,-0.0003030765772097952,0.003732927626232508,-3.1531054282451656,503.78844720905045,-197.5103075427851
2767.533064024095,-0.0002829130801578873,0.0031252940686960443,-3.146001704427827,501.7148288906914,-197.49402443779337
2768.136494571359,-0.0002770083212722791,0.002956362616046481,-3.1441669808467765,501.11140320434487,-197.4919193021155
2768.7399251186225,-0.0002710930967855957,0.0027909863852246413,-3.1424331028963035,500.5079729753252,-197.4908973830354
2770.8136091695906,-0.0002507380160281043,0.0022499406737846207,-3.137213740947518,498.4342962116564,-197.49475253986006
2772.887293220558,-0.00023044494971450388,0.0017510406694859562,-3.13307263842103,496.36065671409284,-197.50831291265186
2773.490723767822,-0.0002245710681904142,0.001613761576758352,-3.1320576000854192,495.7572513291429,-197.51376113754958
2774.0941543150857,-0.00021871654526396046,0.0014800117249364443,-3.1311243701616496,495.15385081717073,-197.5198036647543
2776.1678383660537,-0.00019879037066754441,0.0010471894065973736,-3.12851113346481,493.0803133668908,-197.5443682723616
2778.2415224170213,-0.0001792484283491499,0.0006552892905422902,-3.1267530036473077,491.0068332680816,-197.57346493000423
2778.844952964285,-0.00017365006027471032,0.0005488209069097055,-3.1263898449764262,490.4034709904229,-197.582528823899
2779.4483835115484,-0.00016809546757321205,0.00044571013947603986,-3.1260899994527724,489.8001116215206,-197.59179892821388
2781.5220675625164,-0.00014937726198453524,0.0001166512420536789,-3.1255135129246856,487.7266879473237,-197.62465396522177
2783.595751613484,-0.0001312965914812323,-0.00017425303414594212,-3.12557983026926,485.65327260807123,-197.65803790140205
2784.199182160748,-0.00012616702216998316,-0.00025192738743111506,-3.1257085206607105,485.0499187957981,-197.667660605165
2784.8026127080116,-0.00012109959468799296,-0.00032653043543232,-3.125883269362616,484.4465636682842,-197.67719743588154
2786.8762967589796,-0.0001041858661093676,-0.0005599745282105201,-3.126808349402808,482.373121774335,-197.70889086184943
2788.949980809947,-8.809004828402316e-05,-0.0007591929360349223,-3.128182032106473,480.2996451785246,-197.73820108715648
2789.5534113572107,-8.356789463755343e-05,-0.0008109788607335951,-3.128655849250691,479.6962669164362,-197.74614911743237
2790.1568419044743,-7.912011423921508e-05,-0.0008600616349516959,-3.1291602366166327,479.0928850334759,-197.75380702494616
2792.2305259554423,-6.441944282242422e-05,-0.0010087292549962458,-3.1311029793635132,477.0193379055251,-197.77762107087585
2794.30421000641,-5.064596204240691e-05,-0.0011278736774031188,-3.1333234008909363,474.9457460985733,-197.79711880747863
2794.907640553674,-4.681630873525085e-05,-0.0011572743198627678,-3.1340129074439025,474.34233442961187,-197.80189917544095
2795.5110711009374,-4.306747560993587e-05,-0.0011843897391731622,-3.134719614397678,473.7389197102066,-197.8062625219566
2797.5847551519055,-3.080893818020601e-05,-0.001260820030106647,-3.1372591293946814,471.66526880960805,-197.81790490686512
2799.658439202873,-1.9521886697512166e-05,-0.0013128372649409614,-3.1399318241844676,469.5915948495759,-197.8241431089349
2800.2618697501366,-1.642071087022115e-05,-0.0013236773135185747,-3.1407273176667623,468.9881647572145,-197.82490366689117
2800.8653002974,-1.3401664399392397e-05,-0.001332670487560972,-3.14152894635495,468.38473429754544,-197.82518576899318
2802.938984348368,-3.6532060315956996e-06,-0.0013501878254449492,-3.1443139679549086,466.31105273190246,-197.82243308359503
2805.012668399336,5.135403985276321e-06,-0.0013484851517984314,-3.1471153868633652,464.23738697625794,-197.81388817101347
2805.6160989466,7.514551555488641e-06,-0.001344664984820498,-3.147927947090549,463.6339670565873,-197.81030878832632
2806.2195294938633,9.814544523656403e-06,-0.0013394314226102644,-3.1487379215550475,463.0305502037675,-197.80624249352616
2808.2932135448314,1.712109209134821e-05,-0.001311347355787391,-3.151488816856479,460.9569422426363,-197.78856082922144
2810.366897595799,2.3524511930199475e-05,-0.0012690482185893973,-3.1541667358940906,458.883389778902,-197.76525062256886
2810.970328143063,2.5222419745806872e-05,-0.0012543379427957496,-3.15492805951604,458.2800099243465,-197.7574319662033
2811.5737586903265,2.6847475512407775e-05,-0.0012386224729325943,-3.1556803376287603,457.67663607209255,-197.74915854145016
2813.6474427412945,3.188752464090706e-05,-0.0011775830640435281,-3.1581872214904516,455.60319702927796,-197.71732355739366
2815.721126792262,3.611457221361611e-05,-0.0011069351398404247,-3.1605575663909673,453.5298415546748,-197.68043235315287
2816.3245573395257,3.71976269430235e-05,-0.0010848139931012434,-3.161218818529567,452.92652341456153,-197.66878811494334
2816.927987886789,3.821646683426061e-05,-0.0010620554228712613,-3.161866648356827,452.32321292097896,-197.65675017047369
2819.0016719377572,4.1242435089396094e-05,-0.0009795479627894396,-3.1639844272994977,450.2500018442694,-197.61248532013
2821.075355988725,4.356744061969084e-05,-0.0008914923882096203,-3.1659253593198344,448.1768846176111,-197.56401327720752
2821.678786535989,4.411897202770074e-05,-0.0008650350749809721,-3.1664552911988686,447.57363669072896,-197.54917053768514
2822.2822170832524,4.4616333049790655e-05,-0.0008382577034415681,-3.166969261504485,446.97039650100845,-197.53401353488715
2824.3559011342204,4.5928699395542035e-05,-0.0007442770301478181,-3.1686104668512756,444.8974251928883,-197.47966097224327
2826.429585185188,4.666366752726879e-05,-0.0006481735944275956,-3.1700545850054613,442.82453998889065,-197.4221105768001
2827.0330157324515,4.6776096406675565e-05,-0.0006199810479372093,-3.1704371638493383,442.22135720191807,-197.4048216854691
2827.636446279715,4.684498728787855e-05,-0.0005917301197987915,-3.1708027934220886,441.6181808624493,-197.3873072587827
2829.710130330683,4.6766636236807765e-05,-0.0004945916918921951,-3.171929028617916,439.54541704647073,-197.32554137473574
2831.7838143816507,4.623713123650167e-05,-0.0003980835146851103,-3.172854482875467,437.47271754102053,-197.26164918553334
2832.3872449289147,4.6005252818214406e-05,-0.0003702527536796998,-3.173086258489363,436.86958407523707,-197.2427172220766
2832.9906754761782,4.574038289632284e-05,-0.0003425683198957958,-3.173301345487021,436.26645482755964,-197.22365023830062
2835.0643595271463,4.4595099974770266e-05,-0.00024884777894478857,-3.173914081131187,434.19383453073056,-197.15723938115747
2837.138043578114,4.312045587875553e-05,-0.00015784368842929554,-3.174335286514303,432.1212487749101,-197.08975704715454
2837.741474125378,4.2636011840555815e-05,-0.00013197022160240068,-3.1744226866712584,431.5181425545715,-197.06997574547188
2838.3449046726414,4.2128504058748165e-05,-0.00010639277562065743,-3.174494606162739,430.91503791750483,-197.05014586163654
2840.4185887236094,4.022395070125903e-05,-2.0968720594853715e-05,-3.17462593847007,428.84248165976476,-196.9817639725603
2842.492272774577,3.8101992794529055e-05,6.0280478336123314e-05,-3.1745844569431725,426.76992847083517,-196.9132889729772
2843.0957033218406,3.744954864656081e-05,8.307468692131559e-05,-3.17454116721183,426.1668258796418,-196.8933970154705
2843.699133869104,3.678296843536006e-05,0.00010547379953636551,-3.174484268350103,425.563722322255,-196.8735345473465
2845.772817920072,3.439812545757184e-05,0.00017929791300845882,-3.1741881291477156,423.49115064219734,-196.80562137938298
2847.8465019710397,3.189428322929956e-05,0.000248053232209547,-3.1737441575975605,421.4185540102119,-196.73847518355993
2848.4499325183037,3.114837018444273e-05,0.00026707314864392675,-3.1735887038373187,420.81543381820615,-196.71912403019616
2849.0533630655673,3.039599662047835e-05,0.0002856434256495961,-3.1734219207436904,420.212310559033,-196.69986922636153
2851.1270471165353,2.7772809847568503e-05,0.00034596156947279237,-3.1727660996176965,418.1396559835973,-196.63453554626966
2853.200731167503,2.5113277876089002e-05,0.0004008023684929938,-3.1719908768601495,416.0669552500825,-196.57068491435655
2853.8041617147665,2.4336674179744822e-05,0.0004157210822966664,-3.171744492678817,415.46380121885625,-196.5524188093076
2854.40759226203,2.355990695498796e-05,0.0004301730528503442,-3.1714892474684255,414.8606426713334,-196.5343031272515
2856.481276312998,2.0898691128601793e-05,0.0004762644690827952,-3.1705484666286923,412.78785686945037,-196.4732757593213
2858.5549603639656,1.826714224040975e-05,0.0005168681244281727,-3.169517796695342,410.7150119795935,-196.41429161987088
2859.1583909112296,1.7510152974448948e-05,0.0005276615877238011,-3.1692026254225354,410.1118140400878,-196.3975380901344
2859.761821458493,1.6757887651637783e-05,0.0005380011389545369,-3.1688810694960137,409.50861083915805,-196.38097576223737
2861.835505509461,1.4215927849355377e-05,0.0005701024029006386,-3.1677312444652452,407.43566702440023,-196.32557641736125
2863.909189560429,1.1753187376020218e-05,0.0005970145832760286,-3.166520231815333,405.36265930935105,-196.2726240534375
2864.5126201076923,1.105373493917387e-05,0.0006038947454596227,-3.166157884142712,404.7594135082268,-196.25769304617523
2865.116050654956,1.0362539272851782e-05,0.0006103563305464237,-3.1657914960037545,404.15616233927994,-196.24298107186448
2867.189734705924,8.055269391823603e-06,0.0006294331053547966,-3.164505223715045,402.08305384814275,-196.19413250170302
2869.2634187568915,5.861323809021342e-06,0.0006438428308045115,-3.163184231215578,400.00988346931166,-196.1479865439828
2869.8668493041555,5.245677674849855e-06,0.0006471930496522065,-3.162794696269446,399.40659104190195,-196.1350763112994
2870.470279851419,4.640576607324248e-06,0.0006501755491919339,-3.162403231324602,398.8032936403933,-196.12240098651222
2872.543963902387,2.644714215763881e-06,0.0006577061593338726,-3.161046473329355,396.7300300077973,-196.08065400903877
2874.6176479533547,7.824433496880586e-07,0.0006612364947743763,-3.159678246880884,394.65671143048115,-196.04173187477934
2875.2210785006187,2.664032991521423e-07,0.0006615521445131463,-3.1592791363005537,394.05337739915876,-196.03093977880135
2875.824509047882,-2.3789159855223374e-07,0.0006615601962305825,-3.158879906481977,393.4500391185099,-196.02038794798855
2877.8981930988502,-1.8798430072140628e-06,0.0006593398991684734,-3.1575097788079876,391.3766409906309,-195.98596321696783
2879.971877149818,-3.3797815146267352e-06,0.0006538619586019333,-3.156147632990292,389.3031977611682,-195.95437106200575
2880.5753076970814,-3.789401144831674e-06,0.0006516982479830816,-3.155753724409241,388.6998294127966,-195.94570761523184
2881.178738244345,-4.186987961087402e-06,0.0006492909608187964,-3.155361172828554,388.096457705773,-195.9372809806364
2883.252422295313,-5.461405684334964e-06,0.0006392627742006894,-3.1540247147029112,386.0229517020316,-195.91011993775976
2885.3261063462805,-6.595050131480106e-06,0.0006267378075243405,-3.1527116406344087,383.9494115143715,-195.88570582771533
2885.9295368935445,-6.898788097000884e-06,0.000622666000321227,-3.152334678425146,383.34601701806827,-195.87911048167445
2886.532967440808,-7.190928376305619e-06,0.0006184141594431956,-3.1519602062213266,382.74262008125004,-195.8727415076834
2888.606651491776,-8.107371747304208e-06,0.0006025294126466418,-3.1506939758774672,380.6690343712498,-195.85256168833774
2890.6803355427437,-8.891723771491345e-06,0.0005848812097076092,-3.1494625139051298,378.59542504675574,-195.83497147301142
2891.2837660900072,-9.095803152921772e-06,0.0005794537314012582,-3.1491112206156546,377.9920123669413,-195.83032890169972
2891.887196637271,-9.2892601121459e-06,0.0005739059061032468,-3.148763219149616,377.38859809170333,-195.8258970882805
2893.960880688239,-9.874791233396848e-06,0.0005540154048988888,-3.1475935542687754,375.31495909303254,-195.81224778141583
2896.0345647392064,-1.034222881522998e-05,0.0005330331414916533,-3.146466267987979,373.24130575238945,-195.8009800063379
2896.6379952864704,-1.0456956748175555e-05,0.0005267574747250566,-3.1461465189219666,372.6378819158362,-195.79813588077636
2897.241425833734,-1.056240294154775e-05,0.0005204148743743096,-3.145830559840953,372.03445719507005,-195.7954834306616
2899.315109884702,-1.0856226688273593e-05,0.0004981897338461044,-3.144774340531346,369.9607874928013,-195.78779855748812
2901.3887939356696,-1.104932998210444e-05,0.00047545972689890523,-3.1437647326079015,367.8871109256545,-195.78225560942525
2901.9922244829336,-1.1087629206879962e-05,0.000468780548935495,-3.143479847784326,367.2836816283026,-195.78103110938403
2902.595655030197,-1.111820070588046e-05,0.0004620800378408933,-3.1431989855294726,366.68025199814707,-195.7799772624631
2904.669339081165,-1.116683927714481e-05,0.00043895985945266626,-3.1422647467001537,364.6065693701852,-195.77762318423623
2906.7430231321327,-1.113381221050074e-05,0.0004158234944003675,-3.141378468599025,362.532885428323,-195.7771566937529
2907.3464536793963,-1.1109939950895614e-05,0.00040911219219638413,-3.141129580162962,361.9294549222336,-195.77736123866077
2907.94988422666,-1.1079974095851923e-05,0.00040241657104271735,-3.1408847255190557,361.32602447570775,-195.77771478079168
2910.023568277628,-1.0933128427160191e-05,0.00037958169236937243,-3.140073980643033,359.2523417853515,-195.78003153046086
2912.0972523285955,-1.0723965456882764e-05,0.0003571159384143457,-3.139310205366698,357.1786615359313,-195.78398080680034
2912.7006828758595,-1.0652454734115262e-05,0.00035066640040622404,-3.139096663789247,356.5752327166959,-195.78542270004462
2913.304113423123,-1.0576459902691366e-05,0.0003442608277856575,-3.138886992477489,355.9718042085922,-195.78699236253937
2915.377797474091,-1.0283625926916673e-05,0.00032262464297029325,-3.1381956503815496,353.89812988361524,-195.79332748771807
2917.4514815250586,-9.946979074123673e-06,0.00030164113033222413,-3.13754849817904,351.8244602423504,-195.80105041202893
2918.054912072322,-9.841775658020899e-06,0.0002956706724965207,-3.1373682867962325,351.2210348567212,-195.80354527394496
2918.6583426195857,-9.733589701605255e-06,0.00028976410585414156,-3.137191653344358,350.6176099203219,-195.80614791731824
2920.7320266705538,-9.341386466466523e-06,0.00026998170984234466,-3.1366114307346953,348.5439487541404,-195.81588270284917
2922.8057107215213,-8.922222023036119e-06,0.00025104057393780734,-3.1360713583102964,346.47029335064985,-195.82677904299658
2923.4091412687853,-8.796061927759353e-06,0.0002456948473669343,-3.1359214916485936,345.86687225604436,-195.83015605611405
2924.012571816049,-8.668256064102025e-06,0.00024042531860656152,-3.1357748246893826,345.2634516650888,-195.83362267635593
2926.086255867017,-8.21853911400266e-06,0.000222914250712418,-3.1352945781140362,343.1898057260524,-195.84619098376282
2928.1599399179845,-7.756502190216136e-06,0.00020634852755161694,-3.134849663787746,341.11616581143164,-195.85971851792044
2928.763370465248,-7.6204830107673595e-06,0.00020170922861347226,-3.1347265516612364,340.5127492367529,-195.86382462266275
2929.3668010125116,-7.483951784448382e-06,0.00019715180827916578,-3.1346062133385812,339.9093331642029,-195.86800432895032
2931.4404850634796,-7.012567953342128e-06,0.00018212117081485964,-3.1342131361316947,337.8357026628354,-195.88290464030976
2933.514169114447,-6.540972458895838e-06,0.0001680682539444487,-3.1338502139761903,335.76207793404575,-195.89858878230447
2934.117599661711,-6.404300123683495e-06,0.0001641626473394055,-3.1337499790211196,335.15866570988055,-195.9032910423488
2934.7210302089748,-6.268029016892416e-06,0.00016033911531046198,-3.1336520767672673,334.55525395351856,-195.90805323270897
2936.794714259943,-5.8041466301355905e-06,0.00014782377245426326,-3.13333272511046,332.481637979398,-195.92485472772108
2938.8683983109104,-5.349501100822628e-06,0.00013626079794302575,-3.133038338865,330.40802725347345,-195.94229255033056
2939.4718288581744,-5.219387898994119e-06,0.0001330721781440562,-3.1329570802187097,329.8046189959086,-195.9474789590888
2940.075259405438,-5.090363878260051e-06,0.00012996154371790037,-3.1328777241309984,329.2012111565872,-195.95271396973124
2942.148943456406,-4.656280678622124e-06,0.00011985858889138557,-3.1326188527930414,327.12760824749057,-195.97105761140094
2944.2226275073735,-4.238260818123034e-06,0.00011063913032766417,-3.1323800157453183,325.05400996404717,-195.98991727730402
2944.826058054637,-4.119945690148186e-06,0.00010811749341003713,-3.1323140158510934,324.45060520849427,-195.99549630410186
2945.4294886019006,-4.00319279841929e-06,0.00010566665114221536,-3.132249519085591,323.84720081852754,-196.00111483270015
2947.5031726528687,-3.614549281382516e-06,9.777178874409304e-05,-3.132038721167926,321.77360936079,-196.02071050265343
2949.5768567038363,-3.2463489722406056e-06,9.066165383168075e-05,-3.1318434810620617,319.70002192189594,-196.04072715070794
2950.1802872511003,-3.1432248857749477e-06,8.87339632209989e-05,-3.1317893561710903,319.0966202111578,-196.04662633137363
2950.783717798364,-3.041939534731308e-06,8.68678804220334e-05,-3.1317363792921986,318.4932188177217,-196.05255793855812
2952.857401849332,-2.7082602088064017e-06,8.090974628630533e-05,-3.131562535912086,316.41963729868496,-196.07317866091742
2954.9310859002994,-2.3972339768099237e-06,7.562006996709312e-05,-3.131400354734545,314.34605927209486,-196.09414777015306
2955.534516447563,-2.311050688385233e-06,7.419962571247145e-05,-3.1313551526573646,313.7426602069562,-196.100311635255
2956.1379469948265,-2.2268134773348466e-06,7.283058771989733e-05,-3.1313107957859723,313.1392614190502,-196.10650261534286
2958.2116310457945,-1.952279599257403e-06,6.850150886582594e-05,-3.131164350979985,311.06568856247816,-196.12797684975257
2960.285315096762,-1.700779950409788e-06,6.47178436792839e-05,-3.13102631780796,308.9921187805285,-196.14974602685882
2960.888745644026,-1.6318988921792853e-06,6.371241479839598e-05,-3.130987568692538,308.38872204237043,-196.15613363541092
2961.4921761912897,-1.564931675000801e-06,6.274800376344752e-05,-3.1309494174307755,307.7853255508502,-196.1625445206682
2963.5658602422577,-1.3492946346860217e-06,5.973020642602433e-05,-3.1308225002133745,305.71176036772755,-196.1847474039665
2965.6395442932253,-1.1556183490730402e-06,5.7136802346513586e-05,-3.130701400925413,303.6381979533905,-196.20720742629342
2966.2429748404893,-1.1032916350290864e-06,5.645532015017339e-05,-3.130667128283273,303.0348033077269,-196.2137897375697
2966.846405387753,-1.0527398972317024e-06,5.5804939785816106e-05,-3.1306332607556198,302.43140888717306,-196.2203926642768
2968.920089438721,-8.922972908614207e-07,5.3791667313976064e-05,-3.1305196803317106,300.3578506707913,-196.24323695078448
2970.9937734896885,-7.51667688708689e-07,5.20905591606379e-05,-3.1304099511337298,298.2842950177118,-196.26631275990283
2971.597204036952,-7.143246203896708e-07,5.164828834194849e-05,-3.130378651090025,297.6809023060259,-196.27307003501684
2972.2006345842155,-6.785419782032411e-07,5.122816333174366e-05,-3.1303476141241062,297.0775098056316,-196.27984615818772
2974.2743186351836,-5.671118030913122e-07,4.993954731709773e-05,-3.1302427560826396,295.00395809410185,-196.3032734635389
2976.348002686151,-4.7263797194219194e-07,4.8864421229358704e-05,-3.1301403488683195,292.9304088213642,-196.32691565637853
2976.951433233415,-4.481595590643006e-07,4.8586622837091776e-05,-3.1301109457871616,292.3270179468311,-196.33383503787485
2977.5548637806787,-4.2498173301034966e-07,4.8323296816893124e-05,-3.130081708374901,291.7236272756998,-196.3407721379794
2979.6285478316468,-3.548239900386887e-07,4.751713322551437e-05,-3.129982359670986,289.6500817989337,-196.36474494174735
2981.7022318826143,-2.983911189359924e-07,4.684222410283968e-05,-3.1298845466055005,287.57653869539837,-196.38892215734697
2982.305662429878,-2.8436320746135076e-07,4.6666401061777034e-05,-3.1298563329521905,286.9731496064208,-196.39599553200577
2982.9090929771414,-2.71356690595173e-07,4.649883105947976e-05,-3.129828224796814,286.3697607170294,-196.40308591418386
2984.9827770281095,-2.3400425349590597e-07,4.597665050606886e-05,-3.1297323538511534,284.29622133985714,-196.4275806310841
2987.056461079077,-2.070617616925075e-07,4.5521133636969715e-05,-3.1296374966232654,282.2226843079627,-196.4522730890623
2987.659891626341,-2.009952083569085e-07,4.5398006090880236e-05,-3.1296100642797344,281.6192969820896,-196.45949529862548
2988.2633221736046,-1.9567461831423263e-07,4.527840610769643e-05,-3.1295827065551185,281.01590985435786,-196.46673404478489
2990.3370062245726,-1.8264685172546654e-07,4.488739978121975e-05,-3.1294892222273294,278.9423765232353,-196.4917353397665
2992.41069027554,-1.768715272977333e-07,4.4515889289717945e-05,-3.1293965285090204,276.8688455283919,-196.51692965783192
2993.0141208228038,-1.7638589869574582e-07,4.440928652985067e-05,-3.129369697857388,276.26545995817924,-196.524297086047
2993.6175513700673,-1.7639219297878963e-07,4.4302910384295724e-05,-3.129342932381502,275.66207458560774,-196.5316806844708
2995.6912354210353,-1.7977421436100657e-07,4.3934389080018715e-05,-3.1292514422340134,273.58854728326895,-196.55717708849377
2997.764919472003,-1.8759468383647055e-07,4.355425256243033e-05,-3.1291607283264145,271.51502231225993,-196.58286239495237
2998.368350019267,-1.9055994351501222e-07,4.3440132941334425e-05,-3.1291344803437853,270.9116384939079,-196.59037192833318
2998.9717805665305,-1.9379823138161425e-07,4.332420993407339e-05,-3.1291083022815753,270.3082548725545,-196.59789727507672
3001.0454646174985,-2.066766118613167e-07,4.2909343194250246e-05,-3.129018886718996,268.23473358278056,-196.6238780591636
3003.119148668466,-2.2165217469642943e-07,4.2465596315422816e-05,-3.128930361403097,266.1612146126801,-196.65004332524768
3003.72257921573,-2.262885841333048e-07,4.233041988215889e-05,-3.128904776838672,265.5578325377755,-196.65769165998924
3004.3260097629936,-2.3102246623346924e-07,4.219246881504141e-05,-3.12887927486994,264.9544506583484,-196.66535540208793
3006.3996938139617,-2.477736902735044e-07,4.169608482713339e-05,-3.1287922896354106,262.88093534147447,-196.69180858935664
3008.4733778649293,-2.6482576322181353e-07,4.116465216030791e-05,-3.1287063700843816,260.8074223192267,-196.7184410368874
3009.076808412193,-2.6976021126082715e-07,4.1003335307245396e-05,-3.1286815785713133,260.20404196955025,-196.72622428582739
3009.6802389594563,-2.746639021490244e-07,4.083908640582406e-05,-3.1286568852378016,259.60066181254354,-196.7340224585307
3011.7539230104244,-2.910960159288927e-07,4.02523212332093e-05,-3.1285728005375195,257.5271523912046,-196.76093379834504
3013.827607061392,-3.0659348462337647e-07,3.963245012762895e-05,-3.1284899669284383,255.45364522301242,-196.7880181914097
3014.431037608656,-3.1087407878798385e-07,3.944613060423051e-05,-3.128466107655724,254.8502665681033,-196.79593173294634
3015.0344681559195,-3.15041844772133e-07,3.925728320659844e-05,-3.1284423613751717,254.24688810164383,-196.8038596319475
3017.1081522068876,-3.28391753480315e-07,3.858985940175851e-05,-3.128361641697554,252.173384455436,-196.83121232732037
3019.181836257855,-3.4009352550157305e-07,3.7896460961529267e-05,-3.128282332977627,250.09988300439142,-196.8587309323392
3019.7852668051187,-3.431625336944393e-07,3.7690297140304285e-05,-3.1282595273355325,249.49650600137394,-196.8667694377708
3020.388697352382,-3.4607760422513694e-07,3.748233614537687e-05,-3.12823684636218,248.89312918126447,-196.8748216626854
3022.4623814033503,-3.548707151852042e-07,3.675523117415922e-05,-3.1281598709260674,246.81963114844604,-196.90259663140915
3024.536065454318,-3.617408950573009e-07,3.601188584474938e-05,-3.12808442011462,244.74613523838607,-196.9305296278151
3025.139496001582,-3.633740115293513e-07,3.579309794436047e-05,-3.1280627555577083,244.14275983344874,-196.9386872045177
3025.7429265488454,-3.648451052348517e-07,3.557337170440101e-05,-3.1280412230118197,243.539384604794,-196.94685781151105
3027.8166105998134,-3.6866337243973464e-07,3.481251880532621e-05,-3.1279682429265647,241.4658919888784,-196.97503427242523
3029.890294650781,-3.7062706566799287e-07,3.4045670926684615e-05,-3.127896846825676,239.39240141229115,-197.00336041474466
3030.493725198045,-3.708617767224098e-07,3.382194803368059e-05,-3.1278763702693624,238.78902754318844,-197.01163080934134
3031.0971557453086,-3.709515977526981e-07,3.3598118017164664e-05,-3.1278560284816574,238.18565384297474,-197.01991351807308
3033.1708397962766,-3.7019074539453446e-07,3.282940571441097e-05,-3.1277871541805835,236.11216642208,-197.04846972252233
3035.244523847244,-3.6789769522884613e-07,3.20638598261357e-05,-3.1277198706628777,234.0386809499905,-197.0771670876683
3035.8479543945077,-3.6696605105411776e-07,3.1842140752605356e-05,-3.1277005893974152,233.43530854898012,-197.08554390353106
3036.4513849417713,-3.659247120328975e-07,3.1621002659058406e-05,-3.1276814415477197,232.83193630902858,-197.0939323139612
3038.5250689927393,-3.615705764785428e-07,3.086652582413163e-05,-3.1276166535981598,230.75845384605591,-197.12284627895275
3040.598753043707,-3.5617975576579917e-07,3.0122152969399067e-05,-3.127553419718945,228.68497323807162,-197.1518929693942
3041.202183590971,-3.544472933056526e-07,2.9907750862648232e-05,-3.127535307916143,228.08160223477879,-197.16036986345736
3041.8056141382344,-3.526517930291307e-07,2.9694395935986055e-05,-3.127517325058553,227.47823138457454,-197.16885764864466
3043.8792981892025,-3.4607800872151877e-07,2.8969847356467992e-05,-3.127456501940375,225.40475363658712,-197.1981077839758
3045.95298224017,-3.390635211838623e-07,2.8259387668252783e-05,-3.127397166699073,223.33127764960392,-197.22748249209704
3046.5564127874336,-3.3697421875397704e-07,2.8055425335792477e-05,-3.127380175759397,222.72790797340232,-197.2360533258109
3047.159843334697,-3.3487434314463343e-07,2.7852708611107133e-05,-3.1273633075014646,222.12453844240082,-197.2446343765842
3049.233527385665,-3.276611529553988e-07,2.716579698944453e-05,-3.1273062645532654,220.05106516792043,-197.27419993089862
3051.3072114366328,-3.2063906652891373e-07,2.6493645100821467e-05,-3.1272506307392263,217.977593562351,-197.30388230129415
3051.9106419838968,-3.186665934280695e-07,2.6300768198162453e-05,-3.1272347019040643,217.37422514395664,-197.31254122945475
3052.5140725311603,-3.167364535283932e-07,2.6109051050620135e-05,-3.127218889184485,216.7708568630753,-197.3212097356371
3054.5877565821283,-3.105098016626326e-07,2.545883428170956e-05,-3.1271654235214994,214.69738782639195,-197.35107101580002
3056.661440633096,-3.0508467285718504e-07,2.4820698568670594e-05,-3.127113293676508,212.62392036915818,-197.38104177042985
3057.2648711803595,-3.0368888166438385e-07,2.4637035458375993e-05,-3.127098371502256,212.020553141243,-197.38978325959
3057.868301727623,-3.023844878814863e-07,2.445417139138562e-05,-3.1270835600824793,211.41718604335807,-197.39853372032258
3059.941985778591,-2.9867388979112844e-07,2.3831200409424014e-05,-3.1270334968693274,209.34372101532742,-197.42867206475648
3062.0156698295586,-2.963035370198064e-07,2.3214534412870675e-05,-3.1269847189638886,207.2702574792386,-197.45891288095538
3062.6191003768226,-2.958926401162658e-07,2.30358736694858e-05,-3.1269707644159177,206.6668913759814,-197.46773165619786
3063.222530924086,-2.956140555680921e-07,2.285740868181591e-05,-3.1269569178611314,206.06352539535928,-197.47655881888934
3065.296214975054,-2.957277601726245e-07,2.224458533348177e-05,-3.126910153861635,203.99006415053594,-197.50695632876588
3067.369899026022,-2.9760468990295134e-07,2.1629698011811863e-05,-3.126864662804155,201.91660431003976,-197.53744948225315
3067.973329573286,-2.9850158877197373e-07,2.1449857041918107e-05,-3.1268516648773756,201.31323926563556,-197.54634040735164
3068.5767601205494,-2.9956045663368756e-07,2.126941819996473e-05,-3.126838775949577,200.70987433633132,-197.55523914093328
3070.6504441715174,-3.0447649125556055e-07,2.0643478517013332e-05,-3.126795316771057,198.63641664663706,-197.58587819360315
3072.724128222485,-3.1142490625888045e-07,2.0005237274081275e-05,-3.126753168348446,196.56296027027122,-197.61660599811472
3073.3275587697485,-3.13838694374892e-07,1.9816597392140772e-05,-3.126741153257917,195.95959621651903,-197.62556389959073
3073.930989317012,-3.16429455278586e-07,1.962644520419626e-05,-3.126729252779339,195.35623226987238,-197.63452901315875
3076.00467336798,-3.267018764935747e-07,1.8959985176115623e-05,-3.1266892406865834,193.28277789532507,-197.6653916001409
3078.0783574189477,-3.390897478766393e-07,1.8270030004359548e-05,-3.1266506349821084,191.20932473551562,-197.6963356923074
3078.6817879662117,-3.430908088923836e-07,1.806421438729806e-05,-3.1266396720957146,190.60596159869408,-197.7053551426648
3079.2852185134752,-3.4726718510247295e-07,1.785593534233738e-05,-3.1266288344689572,190.00259856014202,-197.71438116528722
3081.3589025644433,-3.629475881252527e-07,1.7119898082519217e-05,-3.12659256408005,187.92914723747117,-197.74544811269348
3083.432586615411,-3.8061439317710783e-07,1.63492850359367e-05,-3.126557855849495,185.85569701861206,-197.7765886454368
3084.0360171626744,-3.8611503740658044e-07,1.6117955466466432e-05,-3.1265480596616357,185.2523347159344,-197.7856637249504
3084.639447709938,-3.917702505934768e-07,1.5883270578693518e-05,-3.1265384043600464,184.64897250144162,-197.79474466643222
3086.713131760906,-4.1234583267026387e-07,1.5049810242176384e-05,-3.1265063239773094,182.57552393169024,-197.8259948089184
3088.7868158118736,-4.3454757555846325e-07,1.417199657739776e-05,-3.1264760179153717,180.5020763377019,-197.85730962893206
3089.3902463591376,-4.4128689595296735e-07,1.390774280411717e-05,-3.1264675454943114,179.8987147737176,-197.8664336887653
3089.993676906401,-4.4814023155995276e-07,1.3639405545243152e-05,-3.1264592339712722,179.29535328619738,-197.87556280448467
3092.067360957369,-4.7249078355309907e-07,1.2685033565464835e-05,-3.1264319307770903,177.22190712265083,-197.90697219459494
3094.1410450083367,-4.978652908864408e-07,1.1679104554457122e-05,-3.126406660105356,175.14846178544013,-197.93843608923504
3094.7444755556007,-5.054012633868896e-07,1.1376395941430158e-05,-3.126399703597278,174.54510084881042,-197.94760154130745
3095.3479061028643,-5.129897861500877e-07,1.1069148736066066e-05,-3.1263929312159844,173.94173997497248,-197.956771126788
3097.4215901538323,-5.393673470491169e-07,9.978051563042962e-06,-3.126371099109806,171.86829581295214,-197.9883123696109
3099.4952742048,-5.659238850431669e-07,8.832070091706383e-06,-3.126351586500778,169.79485230337337,-198.01989647540663
3100.0987047520634,-5.736317258697118e-07,8.488233354133296e-06,-3.1263463604509143,169.19149186449636,-198.02909463620222
3100.702135299327,-5.813108120137377e-07,8.139785577217253e-06,-3.126341343217154,168.58813147259846,-198.0382958787489
3102.775819350295,-6.073466834758418e-07,6.907180442731143e-06,-3.126325732721354,166.51468884279132,-198.06993768666544
3104.8495034012626,-6.3248508404714e-07,5.6215156723772485e-06,-3.126312733273619,164.44124666580558,-198.1016091551172
3105.4529339485266,-6.395658562639612e-07,5.237694804882674e-06,-3.1263094567385665,163.83788657578842,-198.11083017135388
3106.05636449579,-6.465175921405401e-07,4.84967752482348e-06,-3.1263064128374265,163.23452651479104,-198.12005308667898
3108.130048546758,-6.692623668261919e-07,3.4850448933907577e-06,-3.1262977632869804,161.1610848818235,-198.15176015000338
3110.203732597726,-6.898274052903007e-07,2.075506827568501e-06,-3.126291990113296,159.0876434775465,-198.18348216566534
3110.8071631449893,-6.953259836858505e-07,1.6575525912496133e-06,-3.1262908637966613,158.48428356900936,-198.1927150492153
3111.410593692253,-7.005798569039578e-07,1.236396314736676e-06,-3.1262899901974066,157.88092366961413,-198.20194853029187
3113.484277743221,-7.16582400520762e-07,-2.3360357188217874e-07,-3.126288945374866,155.80748243748684,-198.23368179600007
3115.5579617941885,-7.289595054931289e-07,-1.7330286708267537e-06,-3.1262909793769396,153.7340411896658,-198.2654140362053
3116.1613923414525,-7.317964196149439e-07,-2.17380175555684e-06,-3.126292158327424,153.13068127980787,-198.274646833613
3116.764822888716,-7.342611767713278e-07,-2.6161293586159804e-06,-3.1262936030333797,152.52732135780008,-198.2838788367649
3118.838506939684,-7.39692481438684e-07,-4.145280463009702e-06,-3.126300612527888,150.45387988354858,-198.315596278372
3120.9121909906517,-7.399503387119677e-07,-5.680330329593261e-06,-3.126310799114736,148.38043813668457,-198.3472958924433
3121.515621537915,-7.389661309389693e-07,-6.12659044077896e-06,-3.1263143618822484,147.77707803293504,-198.3565160105712
3122.1190520851787,-7.374773643054785e-07,-6.572058791863455e-06,-3.12631819276434,147.17371789513825,-198.36573389977423
3124.192736136147,-7.283042359250286e-07,-8.093007867714064e-06,-3.126333402616962,145.10027551164654,-198.39739184586298
3126.2664201871144,-7.12388831352682e-07,-9.587944098241474e-06,-3.1263517394662115,143.02683259747283,-198.42901501336974
3126.8698507343784,-7.064052139245928e-07,-1.0016070552443828e-05,-3.126357655012719,142.4234721058879,-198.43820971685136
3127.473281281642,-6.997866320090722e-07,-1.0440351550534578e-05,-3.126363826570838,141.82011155887002,-198.44740078112773
3129.54696533261,-6.719986509181211e-07,-1.1864098290518786e-05,-3.1263869641940354,139.74666760714948,-198.47895584720104
3131.6206493835775,-6.359812076527739e-07,-1.322168888507654e-05,-3.126412985624665,137.6732228804956,-198.51045994899246
3132.2240799308415,-6.238763176209886e-07,-1.3601865786216316e-05,-3.1264210797210694,137.0698618168554,-198.51961703708076
3132.827510478105,-6.110184827237534e-07,-1.3974473912118055e-05,-3.126429399554724,136.46650067831484,-198.5287691875142
3134.901194529073,-5.609090372663189e-07,-1.5191221366609817e-05,-3.1264596594341785,134.39305454879656,-198.5601808251054
3136.9748785800407,-5.012875297715368e-07,-1.6294195157584314e-05,-3.126492324498106,132.31960743206892,-198.59152722693995
3137.5783091273042,-4.82088320182736e-07,-1.659095417447453e-05,-3.126502247788072,131.7162456353887,-198.60063588686876
3138.181739674568,-4.620409046295419e-07,-1.687584490536821e-05,-3.1265123450075607,131.1128837479073,-198.6097385290283
3140.255423725536,-3.8653975053352245e-07,-1.77574946238889e-05,-3.126548283237247,129.03943492946544,-198.64097216702385
3142.3291077765034,-3.0058975356335184e-07,-1.84717450039214e-05,-3.1265858761632215,126.96598496414411,-198.6721295734536
3142.9325383237674,-2.7357644276072326e-07,-1.8645036175822932e-05,-3.126597076513565,126.36262231207628,-198.6811813945691
3143.535968871031,-2.456559301247731e-07,-1.8801740690242506e-05,-3.126608374758351,125.75925955869074,-198.69022645900486
3145.609652921999,-1.427062485108858e-07,-1.920629180044569e-05,-3.126647821925645,123.68580769332496,-198.72125716505033
3147.6833369729666,-2.8872272632329398e-08,-1.9386072504122576e-05,-3.1266878749527183,121.61235459614024,-198.75220545115778
3148.28676752023,6.3044361800670986e-09,-1.939293008085794e-05,-3.126699577104021,121.00899102154197,-198.76119556896805
3148.8901980674937,4.239849948755415e-08,-1.9378291346566335e-05,-3.1267112752214974,120.40562734239084,-198.77017866710085
3150.9638821184617,1.7343068219997886e-07,-1.9156351831353772e-05,-3.126751278423075,118.33217228288788,-198.80099520250224
3153.0375661694293,3.151178189456077e-07,-1.865164546456571e-05,-3.1267905282076622,116.25871600384087,-198.831729574127
3153.6409967166933,3.5831518494189746e-07,-1.844849549589042e-05,-3.126801724047142,115.65535151166031,-198.8406578964086
3154.244427263957,4.0237632081879067e-07,-1.8219049661584262e-05,-3.1268127877808056,115.05198692085156,-198.84957955194415
3156.318111314925,5.602784837057002e-07,-1.7222587314830855e-05,-3.1268495934629796,112.97852878845309,-198.88018863311493
3158.3917953658924,7.277786985860403e-07,-1.588873410761595e-05,-3.1268839829760524,110.90506956769906,-198.9107239041388
3158.9952259131564,7.78238535791887e-07,-1.543436103300211e-05,-3.1268934359303113,110.30170425131985,-198.91959635290954
3159.59865646042,8.294324980571414e-07,-1.4949377373653489e-05,-3.126902604123777,109.69833885316535,-198.92846324048023
3161.672340511388,1.0107321167577001e-06,-1.304272426312255e-05,-3.126931693834379,107.62487809237697,-198.95889375604054
3163.7460245623556,1.199594483989349e-06,-1.0752271649340493e-05,-3.1269564318093788,105.55141651325644,-198.98926846679385
3164.349455109619,1.2558302786086629e-06,-1.0011421654491111e-05,-3.126962698845773,104.94805056954704,-198.9980981511597
3164.9528856568827,1.3125816225873544e-06,-9.236573821130007e-06,-3.1269685076360663,104.34468457342831,-199.0069242551104
3167.0265697078507,1.5111736982594423e-06,-6.309550082304663e-06,-3.1269846984681755,102.27122200159897,-199.03723112348123
3169.1002537588183,1.7141894806892758e-06,-2.9661224384346513e-06,-3.12699438783277,100.19775903771114,-199.0675111610406
3169.7036843060823,1.773889962506463e-06,-1.913672001710426e-06,-3.126995862311384,99.59439278022,-199.0763193777835
3170.307114853346,1.833790607280658e-06,-8.252627810502798e-07,-3.1269966905080686,98.99102651355027,-199.0851269660368
3172.380798904314,2.0406431363743417e-06,3.1918962023598063e-06,-3.126994310825453,96.91756336357061,-199.11539425803605
3174.4544829552815,2.2475925768433963e-06,7.638102458040565e-06,-3.1269831559700787,94.84410041850627,-199.14567558171677
3175.057913502545,2.307557829201171e-06,9.01254319354783e-06,-3.126978134051587,94.24073428844669,-199.1544925244242
3175.6613440498086,2.3673051599586685e-06,1.0422941054722091e-05,-3.126972272325897,93.63736820738922,-199.16331281662946
3177.7350281007766,2.570284765634277e-06,1.5543382372183033e-05,-3.12694542111245,91.5639061624553,-199.19365571637042
3179.808712151744,2.767821432210345e-06,2.1079095792604673e-05,-3.126907521149938,89.49044510122441,-199.2240657456445
3180.412142699008,2.8239401369014795e-06,2.276634172241939e-05,-3.1268942935915343,88.88707967596889,-199.23293079087173
3181.0155732462717,2.8793222858116985e-06,2.4487033456081626e-05,-3.126880039186299,88.28371437362381,-199.2418041882762
3183.08925729724,3.063185893511025e-06,3.065057425004925e-05,-3.1268229339085494,86.21025559296856,-199.27236932967713
3185.1629413482074,3.2349054514193877e-06,3.718279861367352e-05,-3.126752665127936,84.13679876370075,-199.30306652343708
3185.766371895471,3.2821915671356287e-06,3.91492793937735e-05,-3.126729635054122,83.5334347622805,-199.3120279557474
3186.3698024427345,3.3281290511916526e-06,4.114366208340424e-05,-3.12670541243643,82.93007097378184,-199.32100369434409
3188.4434864937025,3.4747291613316093e-06,4.820058320627805e-05,-3.1266128255436376,80.85661810697133,-199.351967396546
3190.51717054467,3.6014699218108183e-06,5.5540915631092146e-05,-3.1265053109733136,78.78316834951183,-199.38313854905286
3191.120601091934,3.6341678394263403e-06,5.772423918868304e-05,-3.126471136570598,78.17980663391374,-199.3922525878527
3191.7240316391976,3.664829907141292e-06,5.992643260524598e-05,-3.126435642767058,77.57644523711315,-199.4013876784371
3193.7977156901657,3.7535796499955108e-06,6.762304696004673e-05,-3.126303420833607,75.50300142136868,-199.4329516185719
3195.8713997411332,3.8139997326547227e-06,7.547432685887386e-05,-3.1261550781899836,73.42956205545063,-199.46480642581415
3196.4748302883972,3.8257753602396665e-06,7.777963063812102e-05,-3.1261088372463255,72.8262036252009,-199.47413542780333
3197.078260835661,3.834778732503204e-06,8.00909464935597e-05,-3.1260612085300328,72.22284563424299,-199.4834927587086
3199.151944886629,3.843418095757305e-06,8.805844687044522e-05,-3.125886860608456,70.14941446400708,-199.5158766719713
3201.2256289375964,3.814887522320913e-06,9.600532320467593e-05,-3.1256960119922934,68.07598924366626,-199.54863918960027
3201.82905948486,3.799110936790787e-06,9.830288969834468e-05,-3.12563738281294,67.472635219305,-199.55824892341624
3202.4324900321235,3.7798160355969575e-06,0.00010058962209939738,-3.125577376984979,66.86928176646029,-199.5678944259085
3204.5061740830915,3.6855114652864145e-06,0.00010833791235499185,-3.125360710126265,64.79586721738603,-199.60132551748663
3206.579858134059,3.5453466666121963e-06,0.00011584309491513416,-3.1251282278258983,62.72246023082474,-199.63522224437617
3207.183288681323,3.49547827984258e-06,0.00011796775551921867,-3.125057678370166,62.11911181965528,-199.64517817040917
3207.7867192285867,3.441384423299347e-06,0.00012006082062392665,-3.12498586416368,61.51576411855086,-199.655176984748
3209.8604032795547,3.222180174085446e-06,0.00012697917168464422,-3.1247296345370597,59.44237040047516,-199.68987588150276
3211.9340873305223,2.9492324631265236e-06,0.00013338723891013018,-3.1244595875199086,57.36898588730428,-199.72512036634745
3212.537517877786,2.8593096320866067e-06,0.00013514011479135035,-3.1243785617197326,56.765644322803034,-199.73548290607945
3213.1409484250494,2.764555639064723e-06,0.00013683708934428233,-3.124296503957213,56.16230360426921,-199.74589453936522
3215.2146324760174,2.401176142499569e-06,0.00014220351108712621,-3.1240070419637354,54.08893491185951,-199.7820578051068
3217.288316526985,1.9777647080787883e-06,0.00014675415492745414,-3.1237072975398883,52.01557696533211,-199.8188318902981
3217.891747074249,1.8429894231531506e-06,0.00014790727754537537,-3.1236183848237875,51.412243410719796,-199.82965073655018
3218.4951776215125,1.7029490786457495e-06,0.00014897737585784648,-3.1235288110262367,50.80891082178288,-199.84052327227351
3220.5688616724806,1.1809273988524784e-06,0.00015197852953350064,-3.1232165687950504,48.73557095087846,-199.87830276033756
3222.642545723448,5.950810637601258e-07,0.00015383099909263177,-3.1228992941233154,46.662243075187455,-199.91673484774066
3223.245976270712,4.124909490533355e-07,0.0001541353079940874,-3.1228063653653964,46.05891848305944,-199.92804244968983
3223.8494068179757,2.2445510809980783e-07,0.00015432778712048882,-3.122713296736908,45.45559494134435,-199.9394059530447
3225.9230908689437,-4.6346675404897157e-07,0.00015409105314073866,-3.1223932571153794,43.382286747767225,-199.97888557159223
3227.9967749199113,-1.2155257117871535e-06,0.00015236128653103872,-3.122075256444302,41.30899125403816,-200.0190266152057
3228.600205467175,-1.44631961646695e-06,0.00015155841057080683,-3.121983547116112,40.7056761788884,-200.03083106860439
3229.2036360144384,-1.6824026418953e-06,0.00015061479622789832,-3.121892374442772,40.10236218009768,-200.04269042963446
3231.2773200654065,-2.5336893058341594e-06,0.00014625373382345306,-3.1215842528780873,38.029086880044126,-200.08386124245678
3233.351004116374,-3.4449209373403407e-06,0.000140065218379606,-3.1212870695590644,35.95582413310392,-200.12565953525728
3233.954434663638,-3.7209672744802373e-06,0.00013790330201042945,-3.121203189049496,35.35251850305537,-200.13793721627263
3234.5578652109016,-4.001721053438467e-06,0.0001355736770713862,-3.121120672328131,34.74921388921014,-200.15026478194628
3236.6315492618696,-5.001399589718054e-06,0.0001262475454932907,-3.1208488378473427,32.675970238986615,-200.1929997494927
3238.705233312837,-6.0513206799313484e-06,0.00011479630288703105,-3.120598546221286,30.602737812047177,-200.23627596297243
3239.3086638601008,-6.365569494845379e-06,0.00011104993726254493,-3.120530391403072,29.99944068039129,-200.24896435926806
3239.9120944073643,-6.683438555274621e-06,0.00010711332607106785,-3.12046456125263,29.396144391303743,-200.26169282125102
3241.9857784583323,-7.801556950643313e-06,9.210056942517646e-05,-3.12025760112657,27.322927838651456,-200.3057228867303
3244.0594625093,-8.953791055707018e-06,7.473381589417415e-05,-3.1200842134374245,25.24971969244656,-200.35014722319727
3244.662893056564,-9.294403922599598e-06,6.922787344595636e-05,-3.120040764911589,24.646429007657243,-200.3631385325052
3245.2663236038275,-9.63697236800067e-06,6.351648760498069e-05,-3.1200007043321447,24.04313885643544,-200.37615465373707
3247.3400076547955,-1.0826360084772717e-05,4.23011157376029e-05,-3.1198905600401514,21.969940820322716,-200.4210482755289
3249.413691705763,-1.2026576072742214e-05,1.860810232489691e-05,-3.1198269786493102,19.89674668882374,-200.46612198108386
3250.0171222530266,-1.2376363365608242e-05,1.124495545370238e-05,-3.119817960003965,19.293459140677758,-200.47925815815765
3250.62055280029,-1.2725814145917718e-05,3.6717425992978252e-06,-3.1198134471468912,18.690171672842794,-200.49239803076816
3252.694236851258,-1.3920377342005172e-05,-2.3959618592521877e-05,-3.1198340579989194,16.616979170926424,-200.53754662764965
3254.767920902226,-1.509486011331964e-05,-5.404730620364714e-05,-3.1199145143864158,14.543784392225037,-200.58259045850644
3255.37135144949,-1.543092394378045e-05,-6.325807000425543e-05,-3.119949898552984,13.940495406533376,-200.59566048710025
3255.9747819967533,-1.576370661534801e-05,-7.266950614899022e-05,-3.1199908951357016,13.337205916323441,-200.6087071076455
3258.0484660477214,-1.687751645555834e-05,-0.00010652344019105316,-3.1201763012984385,11.264001799512375,-200.65331918513186
3260.122150098689,-1.7932635393766756e-05,-0.00014262621074086215,-3.120434241512458,9.190787855449186,-200.69747168752437
3260.725580645953,-1.8226290797333026e-05,-0.00015353687122409427,-3.1205235941293608,8.58749181373782,-200.7102119246735
3261.3290111932165,-1.8513082345547523e-05,-0.00016462132068467052,-3.1206195702004536,7.984194593267918,-200.72289593977737
3263.4026952441845,-1.9440529298104095e-05,-0.00020399129538579568,-3.121001449645022,5.910958639318791,-200.7660028676412
3265.476379295152,-2.02633790431023e-05,-0.0002451760512600112,-3.1214668516196,3.837704634017319,-200.80823148402752
3266.0798098424157,-2.0480439119611204e-05,-0.00025747035483598095,-3.121618509377363,3.234395379312512,-200.82032995814617
3266.683240389679,-2.0686471656787247e-05,-0.00026989078861633934,-3.1217776034578084,2.6310842584603784,-200.83233446302708
3268.7569244406473,-2.1303757609956662e-05,-0.0003134551201965439,-3.122382247904346,0.5577952940162559,-200.87281093604125
3270.830608491615,-2.176423732221571e-05,-0.0003581369245122881,-3.123078389653164,-1.5155195164044755,-200.91193894702903
3271.434039038879,-2.1865732365451485e-05,-0.00037130234011633945,-3.123298481935127,-2.1188478679076854,-200.92304447722546
3272.0374695861424,-2.1951568755920558e-05,-0.0003845226195489819,-3.1235265061528743,-2.7221786776291905,-200.93401472925478
3274.1111536371104,-2.2119787453437088e-05,-0.00043025457429973074,-3.1243712793889156,-4.795539636055891,-200.97061682379112
3276.184837688078,-2.207435443599371e-05,-0.0004761138384037068,-3.125311018249829,-6.86893236903149,-201.00536893428873
3276.7882682353415,-2.2017756349822833e-05,-0.0004894189907385005,-3.1256023528841554,-7.472284361785593,-201.01510586362537
3277.391698782605,-2.1940571387387224e-05,-0.000502682058435535,-3.125901665447448,-8.075639180487887,-201.02466469082776
3279.465382833573,-2.1510581650392736e-05,-0.0005477811702428992,-3.126991032821413,-10.149085056204676,-201.0560880875061
3281.5390668845407,-2.0807858280492378e-05,-0.000591705837498218,-3.128172703790775,-12.222565204583056,-201.08515702612632
3282.1424974318047,-2.0548850896119505e-05,-0.000604185942160555,-3.1285335520843294,-12.825942871726406,-201.0931462146231
3282.7459279790683,-2.0264268078948445e-05,-0.000616500346086757,-3.1289018339719115,-13.429323382219815,-201.10091574329303
3284.8196120300363,-1.90834890086159e-05,-0.0006573549353096517,-3.130223103078571,-15.502857085342562,-201.12587608167004
3286.893296081004,-1.7571814404136995e-05,-0.000695417875410833,-3.1316261971961787,-17.576422788163086,-201.1480118678953
3287.496726628268,-1.7066634564201673e-05,-0.0007058711799225586,-3.1320490290910565,-18.17982463178834,-201.15389836179722
3288.1001571755314,-1.653112735646668e-05,-0.0007160089443856658,-3.1324780176087366,-18.783228898182035,-201.15952844838486
3290.1738412264995,-1.4452276649179393e-05,-0.0007482002413729282,-3.1339969850248055,-20.856840305125974,-201.17686488252923
3292.247525277467,-1.1989172873271884e-05,-0.0007756822490741786,-3.135577824230973,-22.930476024953048,-201.19098740014408
3292.8509558247306,-1.119749695312339e-05,-0.0007826804873466104,-3.136048060608715,-23.533896499935476,-201.19447487571182
3293.454386371994,-1.0371336586938704e-05,-0.000789189324987291,-3.1365223086389697,-24.137318532522844,-201.19767829971414
3295.528070422962,-7.262989606135294e-06,-0.0008075473466005035,-3.138179062928765,-26.210983679815907,-201.20648011698498
3297.6017544739298,-3.7263548631355823e-06,-0.0008190155719039037,-3.1398667423248234,-28.284660610597673,-201.21181430649563
3298.2051850211938,-2.614669322153351e-06,-0.0008209312120047088,-3.140361607092583,-28.888090498844154,-201.21270597865774
3298.8086155684573,-1.4653392168611677e-06,-0.0008221638136101336,-3.1408573523246712,-29.491520749851354,-201.21330003563463
3300.8822996194253,2.775992766417699e-06,-0.0008208840218998309,-3.1425625353045263,-31.565204529667074,-201.21305469281307
3302.955983670393,7.475344209449776e-06,-0.0008103341538765808,-3.1442554527960196,-33.638884913914566,-201.2092860599473
3303.5594142176565,8.930020621244103e-06,-0.0008053867046067065,-3.1447430210358633,-34.24231290120959,-201.20753125689447
3304.16284476492,1.0424070853716702e-05,-0.0007995492936653627,-3.145227262787757,-34.84573998542885,-201.2054848934068
3306.236528815888,1.5860857660581116e-05,-0.0007723768953113223,-3.1468591340798193,-36.919403187947104,-201.19624405676228
3308.3102128668556,2.1765913486844617e-05,-0.0007334447978688288,-3.148422465452563,-38.99304905665477,-201.18369034647125
3308.9136434141196,2.357214306558327e-05,-0.0007197675875351824,-3.1488610139249085,-39.59646458500028,-201.17943540055236
3309.517073961383,2.5417611866966094e-05,-0.0007049890334686493,-3.149290904650083,-40.1998782586399,-201.17492047705937
3311.590758012351,3.2057971715707256e-05,-0.0006454743907910392,-3.150693582784486,-42.27348873845263,-201.15747870981474
3313.664442063319,3.915235147215531e-05,-0.0005717189928816894,-3.1519580809400676,-44.34707424159868,-201.13727161571617
3314.2678726105823,4.1300500212009374e-05,-0.0005474466019939963,-3.1522958516793578,-44.95047126412715,-201.13091314098705
3314.871303157846,4.348548625159773e-05,-0.0005218681097081338,-3.1526185139408445,-45.55386622500343,-201.12435782796138
3316.944987208814,5.127061826578414e-05,-0.0004236920018631192,-3.1536017738012494,-47.62741216275437,-201.1004365741188
3319.0186712597815,5.946663345026585e-05,-0.00030894596898707995,-3.1543642670379963,-49.7009365634674,-201.0747053784619
3319.6221018070455,6.192554160338439e-05,-0.0002723208600138674,-3.1545397515503746,-50.30431716631837,-201.06694343755987
3320.225532354309,6.441629404178276e-05,-0.00023420456805881294,-3.1546926270129005,-50.907696553335136,-201.05908518656128
3322.299216405277,7.32099588931755e-05,-9.156589065313146e-05,-3.1550336108421897,-52.981197261871074,-201.03151280331772
3324.3729004562447,8.233928980982466e-05,6.965610198742675e-05,-3.1550595391588816,-55.05469291714141,-201.00356002370634
3324.9763310035087,8.505381962506057e-05,0.00012016127076573267,-3.1550023776130054,-55.6580689353144,-200.99544817512904
3325.579761550772,8.779241154024691e-05,0.00017230855405035123,-3.1549142002308215,-56.26144555428685,-200.98738320367184
3327.6534456017403,9.737400872626783e-05,0.00036425764603343556,-3.1543613400626884,-58.33495226760906,-200.96026013972153
3329.727129652708,0.00010718264681163574,0.0005763113488299166,-3.153389592818512,-60.40847883377023,-200.9347177279854
3330.3305601999714,0.00011007259932638665,0.0006418617059901329,-3.15302215738563,-61.01186868796859,-200.92770652467075
3330.933990747235,0.00011297603735639487,0.0007091559120114541,-3.152614616226573,-61.61526109478176,-200.9209323451839
3333.007674798203,0.00012303908220813364,0.0009538513919331134,-3.1508939618925655,-63.68883715879495,-200.89976925103548
3335.0813588491706,0.00013318843543911913,0.0012195039356227516,-3.148644157280052,-65.76245042414641,-200.88272272478855
3335.6847893964346,0.00013614941238862508,0.0013007695174893914,-3.1478838492686556,-66.36586763185173,-200.8786929239025
3336.288219943698,0.0001391107533593744,0.0013838170601028937,-3.147073965165864,-66.9692874597457,-200.87514014858533
3338.361903994666,0.00014926879543899216,0.0016828352229031503,-3.1438979566587153,-69.0429550550692,-200.86695577459656
3340.4355880456337,0.00015934508553131565,0.0020028331916568764,-3.1400801262119162,-71.11663704018538,-200.86602287769804
3341.0390185928973,0.00016225192517720205,0.00209986727157269,-3.138842360816022,-71.7200664612744,-200.86730442044077
3341.642449140161,0.00016514404851242188,0.0021986455782370476,-3.1375455432538972,-72.32349304683817,-200.86935388509994
3343.716133191129,0.00017494629033564814,0.00255131183863317,-3.132624052379467,-74.397132946704,-200.88271906729358
3345.7898172420964,0.00018448057648442947,0.0029240270238576143,-3.1269504555377083,-76.47067019347882,-200.90706915068014
3346.3932477893604,0.00018719406270335253,0.003036171280407518,-3.125152233997362,-77.07402834364845,-200.9164418828011
3346.996678336624,0.00018987678932278415,0.003149938161217891,-3.123285908460982,-77.67736707065703,-200.92692305962356
3349.070362387592,0.00019883584724215912,0.003553050856218249,-3.1163390961923403,-79.75055993794594,-200.9719369599279
3351.1440464385596,0.00020733718312933798,0.00397426722129874,-3.1085375849113768,-81.82336014770422,-201.03223736112707
3351.7474769858236,0.00020971476172730537,0.004100103215495866,-3.106101460033446,-82.42643710302563,-201.05290953854583
3352.350907533087,0.00021204603787585813,0.004227354916492651,-3.103589059993231,-83.02945918638255,-201.07507630775405
3354.424591584055,0.00021968035399617,0.004675096051437331,-3.0943612473484934,-85.10126228701225,-201.1632616408162
3356.4982756350228,0.00022668351316952013,0.005138013935913459,-3.0841892251615315,-87.17210623123808,-201.27153834059263
3357.1017061822863,0.00022859401802009815,0.005275383469931207,-3.081047352093165,-87.77448887699234,-201.3070993542769
3357.70513672955,0.00023044483317181277,0.005413883716815187,-3.077822354794416,-88.37675265181902,-201.3445796445714
3359.778820780518,0.00023633021239857663,0.0058979891707610825,-3.0660957002188267,-90.44541476664092,-201.4886855850028
3361.8525048314855,0.0002414432256444686,0.006393498220235391,-3.0533533401573156,-92.51215050537236,-201.6580881530314
3362.4559353787495,0.0002427791301422684,0.006539600864138307,-3.0494512058679493,-93.11313002947198,-201.71243286172387
3363.059365926013,0.00024404483158184753,0.006686485243152889,-3.045460802413944,-93.7138870377092,-201.76914969042795
3365.133049976981,0.000247843827674923,0.00719664834452322,-3.031067389546736,-95.7765159870246,-201.98285518147574
3367.2067340279486,0.0002507616812782916,0.007713775757937676,-3.0156088387014157,-97.83571468892566,-202.2273206198507
3367.810164575212,0.0002514399543913992,0.007865303011648337,-3.0109083432619994,-98.43418486555325,-202.30454408010604
3368.4135951224757,0.00025203992124280217,0.008017213482776129,-3.0061164406036607,-99.03227770051366,-202.38460693144003
3370.4872791734438,0.00025349269127872823,0.008541537655081375,-2.9889479792738864,-101.08448757647655,-202.68212180007885
3372.5609632244114,0.0002539807180685005,0.009067874127098426,-2.9706901488335533,-103.13109285727735,-203.01593609243756
3373.1643937716753,0.0002539375227558007,0.009221126131367413,-2.9651720001015067,-103.72544929546297,-203.12019855958457
3373.767824318939,0.00025380996317776256,0.009374324924547543,-2.9595615461954705,-104.31921176655668,-203.22776507208874
3375.841508369907,0.00025271940310861896,0.009899692705319582,-2.939576860555784,-106.35478907733172,-203.62332948175364
3377.9151924208745,0.0002506054663231155,0.010421737929082185,-2.9185061730949555,-108.38180332255449,-204.06058859844453
3378.518622968138,0.0002497956556008372,0.010572721684256015,-2.912171717974821,-108.96985708327993,-204.19595158229913
3379.1220535154016,0.0002488978412674385,0.010723189521583944,-2.90574647257225,-109.55703041976743,-204.33506049925398
3381.1957375663696,0.0002451364135802442,0.011235606220228768,-2.882977134523566,-111.56766857702046,-204.84234753667926
3383.2694216173372,0.0002403262946615088,0.01173913557912916,-2.8591544209067914,-113.56592870370208,-205.3963259307062
3383.872852164601,0.00023872935284041582,0.011883678523294127,-2.8520269251254904,-114.14485001980854,-205.56656241872858
3384.4762827118648,0.0002370441366373394,0.012027231860326013,-2.8448126688260427,-114.72253101044285,-205.74094132435454
3386.549966762833,0.0002305804104990769,0.012512262131348375,-2.819366589886228,-116.69768876714069,-206.37237839595386
3388.6236508138004,0.00022308959402844657,0.012982823746147417,-2.79292971311998,-118.6557876040641,-207.05482708139309
3389.2270813610644,0.00022071965093712476,0.013116731312363749,-2.7850549249362415,-119.22209598151532,-207.26321372957887
3389.830511908328,0.00021826571481239695,0.013249185829354583,-2.777099925704123,-119.78673322164599,-207.47607002159918
3391.904195959296,0.00020920056053289315,0.013692564289803434,-2.7491621689845345,-121.71367135181697,-208.24211344002896
3393.9778800102636,0.0001991894857192539,0.014116163714240739,-2.720325493158728,-123.61807558488289,-209.06253068110738
3394.581310557527,0.0001961049359051022,0.014235432207223866,-2.7117712145224617,-124.16769022694342,-209.31163618822657
3395.1847411047906,0.00019294599273059977,0.014352821192567242,-2.7031456694077916,-124.71514192530037,-209.56544624996533
3397.2584251557587,0.00018153984259124231,0.014741242155533177,-2.672975491068628,-126.57917998732601,-210.47386624798148
3399.3321092067263,0.00016933331427050415,0.015105180501137435,-2.642025234980073,-128.41457819956554,-211.438806588383
3399.9355397539903,0.00016564078564174772,0.015206247741573009,-2.632879638032473,-128.94293666473163,-211.73029687837857
3400.538970301254,0.00016188881446359258,0.015305074873920028,-2.623673839033011,-129.4685970106642,-212.02661467200582
3402.612654352222,0.00014856716120910027,0.015627071312520915,-2.591597209735028,-131.25360662749947,-213.0818679787091
3404.6863384031894,0.00013465157392247287,0.015920827035470538,-2.558882142718665,-133.0034908929819,-214.19437175331458
3405.289768950453,0.00013050364672289417,0.01600082702405004,-2.549250718573613,-133.50573433801247,-214.52885652554312
3405.8931994977165,0.00012631596902777892,0.016078319469273537,-2.5395718494816215,-134.0047255512937,-214.86816633941334
3407.9668835486846,0.00011165450317677675,0.01632511563956828,-2.5059692917616756,-135.6938404677886,-216.0709418733029
3410.040567599652,9.665518129353647e-05,0.016541158258631193,-2.4718868433338974,-137.34128617663328,-217.33016952264634
3410.643998146916,9.22422662435957e-05,0.016598148336366792,-2.461888047103349,-137.81249791814753,-217.7071140801523
3411.2474286941797,8.781267981262354e-05,0.016652478734262555,-2.4518556944024557,-138.27991340209672,-218.088750925888
3413.3211127451477,7.250088182970492e-05,0.016818707779361772,-2.4171458650971362,-139.85639614401705,-219.43576520608795
3415.3947967961153,5.713580398422509e-05,0.016953129750391538,-2.382124308183288,-141.38496512295956,-220.83690439678648
3415.9982273433793,5.2670697644878704e-05,0.01698625543224099,-2.3718841370767065,-141.82043809825663,-221.2546245161877
3416.601657890643,4.821315623727625e-05,0.017016697162315103,-2.3616247730367856,-142.25161120826414,-221.67677891653796
3418.675341941611,3.299094106852097e-05,0.017100853529498746,-2.3262448487429324,-143.69978110326005,-223.16086993840227
3420.7490259925785,1.7997035768757213e-05,0.01715368055313353,-2.2907228943126827,-145.0944430408905,-224.6953489555882
3421.352456539842,1.3691700940482387e-05,0.017163236054175055,-2.2803688435151623,-145.48994417932096,-225.15109535281934
3421.9558870871056,9.41648877687414e-06,0.01717020983559965,-2.2700097505730437,-145.88071013937883,-225.61090759279904
3424.0295711380736,-5.010928124432444e-06,0.01717469563371541,-2.2343944242937908,-147.18681855798525,-227.22143259808317
3426.103255189041,-1.896340875288627e-05,0.01714975596139337,-2.198800305450897,-148.4347755505009,-228.8774264093135
3426.706685736305,-2.2921996734592692e-05,0.01713711276252609,-2.188455350799682,-148.78677389316476,-229.36755118659048
3427.3101162835687,-2.6831817177192953e-05,0.017122101130695885,-2.1781186507184858,-149.13369203208075,-229.86128581750634
3429.3838003345368,-3.9868307422350284e-05,0.017052828459614526,-2.1426800953346636,-150.2866359748746,-231.58477909463198
3431.4574843855044,-5.223828075144626e-05,0.016957213299380446,-2.1074125025838386,-151.37795009110232,-233.34794659506724
3432.060914932768,-5.570375658333893e-05,0.016924640008115072,-2.0971897775913053,-151.68378167897404,-233.86813070818934
3432.6643454800314,-5.9106890531817965e-05,0.01688999812145899,-2.0869872180445745,-151.98429207711766,-234.39140910571652
3434.7380295309995,-7.030695433818178e-05,0.016755678995480947,-2.052098094998672,-152.97608633979712,-236.21241488045195
3436.811713581967,-8.071183661835941e-05,0.016598958953442055,-2.01751073359323,-153.90404614297645,-238.06677151826915
3437.415144129231,-8.358484954938092e-05,0.016549383122745388,-2.0075093484734703,-154.1620002347865,-238.61228382451722
3438.0185746764946,-8.638728674079667e-05,0.0164980968855707,-1.9975382652806961,-154.41450079317093,-239.1603448232489
3440.0922587274626,-9.546869452724664e-05,0.016309392053902576,-1.9635189820950132,-155.24047215363981,-241.06231933861912
3442.1659427784302,-0.00010368840284465386,0.01610274869797018,-1.9299096125249318,-156.00167934711348,-242.99113739191606
3442.7693733256942,-0.00010591637372337437,0.016039503444619303,-1.92021180507589,-156.21100379416768,-243.5570940825986
3443.372803872958,-0.00010807057998703222,0.01597493633937447,-1.9105524248562014,-156.41484698031434,-244.12505168780564
3445.446487923926,-0.00011490781319472929,0.01574359232771862,-1.877663027437573,-157.07355854437287,-246.09123059734378
3447.5201719748934,-0.0001208733061000884,0.015498973911587978,-1.845267127866623,-157.66775825593137,-248.07786929238867
3448.123602522157,-0.0001224463521621875,0.01542555720335994,-1.8359367462120517,-157.82859354041113,-248.6594667546
3448.7270330694205,-0.00012394688725780309,0.015351212063471927,-1.826650813031095,-157.98401341739708,-249.242538723788
3450.8007171203885,-0.0001285540998530326,0.015089264365331728,-1.7950873461833634,-158.47696333686548,-251.25668623240352
3452.874401171356,-0.00013232764700662033,0.014818627143278458,-1.7640760857630258,-158.90667256924,-253.2852791700432
3453.47783171862,-0.00013327240514114126,0.014738488987448381,-1.75515829020033,-159.01993198816314,-253.8779814252471
3454.0812622658837,-0.00013414956273585912,0.014657798936792211,-1.7462888943548136,-159.1279196318094,-254.47167089365627
3456.1549463168517,-0.0001366574342642911,0.014376883945962522,-1.716183751995553,-159.45908036300835,-256.5186575517181
3458.2286303678193,-0.00013840772339373739,0.014091553915211469,-1.6866657162713867,-159.7290851769379,-258.5746170302078
3458.832060915083,-0.00013877982605579802,0.01400792050460771,-1.678187724849265,-159.79630220907114,-259.174288378902
3459.4354914623464,-0.0001390919927223755,0.013924077655495016,-1.6697601529795216,-159.85845069036947,-259.7745102014256
3461.5091755133144,-0.00013972074282473512,0.013634879792059828,-1.6411857596774664,-160.03372187469932,-261.8406986224143
3463.582859564282,-0.0001396949941103137,0.013345056711444191,-1.6132117196238367,-160.1505154901975,-263.9110276991883
3464.186290111546,-0.00013957082823237038,0.013260797050877852,-1.6051843832530426,-160.17367892560787,-264.5140099589018
3464.7897206588095,-0.00013939619778404404,0.01317662406904862,-1.5972077724006228,-160.19201819018068,-265.11716202226734
3466.8634047097776,-0.00013842684131713795,0.012888472991156565,-1.5701828276186733,-160.21866056408334,-267.1906076582771
3468.937088760745,-0.00013692234853042134,0.012602886904135366,-1.5437527576408865,-160.18988513356896,-269.2640357788365
3469.5405193080087,-0.00013639096053555454,0.012520423916220028,-1.53617272999124,-160.17127919519695,-269.8671761652349
3470.1439498552722,-0.00013581958487826103,0.01243828998883614,-1.5286422897446654,-160.1481175817189,-270.4701623068498
3472.2176339062403,-0.0001335678223684364,0.012158907058564889,-1.5031397624011429,-160.0342214095679,-272.5406560853494
3474.291317957208,-0.00013090667077144094,0.011884618044107172,-1.4782113053982457,-159.86816041765556,-274.60763021807
3474.894748504472,-0.0001300623690560334,0.011805880060598961,-1.4710635787120867,-159.81022225766986,-275.2082699291654
3475.4981790517354,-0.00012918865376860736,0.011727656844419274,-1.4639631550987562,-159.74800646617786,-275.80848481253366
3477.5718631027034,-0.00012597850041554074,0.011463039338114314,-1.439919268345881,-159.5020306592811,-277.86747494417784
3479.645547153671,-0.0001224820315631851,0.011205375539560972,-1.4164169047990063,-159.20718137078055,-279.9200453472102
3480.248977700935,-0.00012141743927623296,0.011131788128549017,-1.4096774966563412,-159.11238325821927,-280.5159804115035
3480.8524082481986,-0.00012033351811539805,0.011058845626218432,-1.4029822628873436,-159.01358354155553,-281.1112679586029
3482.9260922991666,-0.00011647687641656339,0.010813280913272766,-1.3803057357606223,-158.6439846580141,-283.1517007065045
3484.999776350134,-0.00011244811308625225,0.010575892119649271,-1.3581299551258654,-158.22872384434277,-285.1833403843849
3485.6032068973977,-0.00011124944417109959,0.010508400230200124,-1.3517685523515093,-158.09948284092562,-285.7727658848031
3486.2066374446613,-0.00011004058375885569,0.010441631777202545,-1.3454476388939578,-157.9665057720306,-286.3613622407376
3488.2803214956293,-0.00010582261435059738,0.010217803464889612,-1.3240285924384778,-157.48146180102464,-288.37747807787935
3490.354005546597,-0.00010153360177052941,0.010002795549012204,-1.3030645498266893,-156.9538052219948,-290.38287003389576
3490.957436093861,-0.00010027737924374564,0.009941907360304963,-1.297046972264931,-156.79241974775033,-290.96431713574646
3491.5608666411244,-9.901888050504647e-05,0.009881775397740204,-1.2910659038773145,-156.62754765965633,-291.5447873635105
3493.6345506920925,-9.468867846772306e-05,0.009680933780525303,-1.2707840139709903,-156.03477137929562,-293.5319022530587
3495.70823474306,-9.037306254038209e-05,0.009489056510720842,-1.2509093115109278,-155.40221898802983,-295.50672128559285
3496.3116652903236,-8.91242878750045e-05,0.009434900779763037,-1.245199701420818,-155.2108294926656,-296.0789942753473
3496.915095837587,-8.787979800283539e-05,0.009381495276940308,-1.2395225518796849,-155.0161836279004,-296.6501697308067
3498.988779888555,-8.364559111131277e-05,0.009203665036840432,-1.2202541789062056,-154.32281418260501,-298.60446343825697
3501.062463939523,-7.949524523696849e-05,0.009034528253413084,-1.2013455559241755,-153.59226824192805,-300.54517140093975
3501.665894486787,-7.830666270958486e-05,0.008986918388372032,-1.195908239710674,-153.37283804690824,-301.10728969322065
3502.2693250340503,-7.712753957408797e-05,0.008940021341444492,-1.1904994549424812,-153.1503614035016,-301.6682107991515
3504.3430090850184,-7.315524357446945e-05,0.008784225494674655,-1.1721236098834757,-152.36291986650153,-303.5865366772845
3506.416693135986,-6.931985467172839e-05,0.008636524983733311,-1.1540624426027255,-151.54066129684801,-305.4902030418939
3507.02012368325,-6.823200293414976e-05,0.008595024827358093,-1.1488634430200353,-151.29497329833902,-306.04135113880864
3507.6235542305135,-6.715744331321969e-05,0.008554175997731254,-1.14368931375923,-151.0464288547487,-306.59121834451327
3509.6972382814815,-6.357161012570762e-05,0.008418660787106987,-1.12609241698475,-150.17082297655787,-308.47094273158507
3511.770922332449,-6.016034123363437e-05,0.008290400465975428,-1.1087690137668877,-149.26253134119833,-310.33509653941815
3512.3743528797127,-5.9202157809663456e-05,0.008254388229343719,-1.1037772135438266,-148.99219639282882,-310.87458335896315
3512.977783426976,-5.8259848587686535e-05,0.00821894870531193,-1.0988070005849366,-148.71917656516328,-311.41271755207197
3515.0514674779442,-5.5146258021638245e-05,0.008101398730808264,-1.081886458734559,-147.7607407773356,-313.25159206758053
3517.125151528912,-5.2230823632982766e-05,0.007990099902750318,-1.0652031969401583,-146.77154454190494,-315.0741070550603
3517.728582076176,-5.142061852926766e-05,0.007958827809682337,-1.0603911706852516,-146.47801774917068,-315.6013348961496
3518.3320126234394,-5.0627747893548275e-05,0.007928039056260643,-1.0555979010406447,-146.18196136862488,-316.1271474284631
3520.4056966744074,-4.8037114729236664e-05,0.00782577535641792,-1.039264575032895,-145.14551974080274,-317.9232139848999
3522.479380725375,-4.5655825875549496e-05,0.00772866675427088,-1.0231379666065648,-144.08006523618323,-319.70222568786573
3523.0828112726385,-4.50025181135797e-05,0.0077013147326463,-1.0184825086829035,-143.76466693777238,-320.216668317865
3523.686241819902,-4.4367033799330445e-05,0.0076743515324131,-1.013843471332799,-143.4468805878746,-320.72964006229074
3525.75992587087,-4.231952053750241e-05,0.007584507569618941,-0.9980231410382285,-142.33682237626115,-322.4811661197791
3527.8336099218377,-4.048206697100235e-05,0.007498691703699997,-0.982384942236256,-141.19935187684644,-324.2150178546689
3528.4370404691017,-3.9986622453638376e-05,0.007474413901383599,-0.9778673258812163,-140.86329066841438,-324.71620671736173
3529.0404710163652,-3.950869330824965e-05,0.007450429998371997,-0.9733643031230991,-140.52497180261864,-325.2158751135531
3531.1141550673333,-3.799907523187e-05,0.007370101666604779,-0.9579982577514502,-139.34533121997404,-326.9213153294808
3533.187839118301,-3.669187925526847e-05,0.007292693926025659,-0.9427957597685438,-138.13976252277214,-328.60852886559974
3533.7912696655644,-3.634889817639847e-05,0.007270657083806116,-0.9384017686029209,-137.78415824727145,-329.09604614191835
3534.394700212828,-3.602250687837192e-05,0.0072488226018906435,-0.9340210447081914,-137.42641807313288,-329.58199894388235
3536.468384263796,-3.5025692241445756e-05,0.007175189426755771,-0.9190659462824771,-136.18095182847122,-331.2399786813745
3538.5420683147636,-3.42174321578688e-05,0.0071034278289502486,-0.904261599267632,-134.91095359025834,-332.8792449446168
3539.1454988620276,-3.401674389540835e-05,0.007082841065254335,-0.8999813763134814,-134.53685875375214,-333.35272209708063
3539.748929409291,-3.383127748267202e-05,0.007062371336749162,-0.8957135688477091,-134.1607433999872,-333.8245964500739
3541.822613460259,-3.3307683014475054e-05,0.0069927882887428645,-0.8811407457689882,-132.8530013385639,-335.4339124227375
3543.8962975112267,-3.295449705821868e-05,0.0069241143235277535,-0.8667112733718924,-131.52206014396592,-337.0240975360841
3544.4997280584907,-3.2882636320109385e-05,0.006904250650216699,-0.8625390330272027,-131.13047870141776,-337.4832179828658
3545.1031586057543,-3.282433967550392e-05,0.006884426850679994,-0.8583787920728181,-130.73698766323693,-337.94070348232907
3547.1768426567223,-3.27247284605145e-05,0.006816488685232824,-0.8441731159369937,-129.37037343159966,-339.50033697214695
3549.25052670769,-3.277478205612091e-05,0.006748601903208107,-0.8301082688148166,-127.98185007416232,-341.0404991951284
3549.8539572549535,-3.2816261951912634e-05,0.006728812359286365,-0.8260419138695292,-127.57375295211463,-341.4850038500337
3550.457387802217,-3.286948971165598e-05,0.006708994880243532,-0.8219875306982738,-127.16385422499161,-341.927848332084
3552.531071853185,-3.313907394797823e-05,0.006640576495861063,-0.808146014587086,-125.74167425150893,-343.43698679268135
3554.6047559041526,-3.3536364012925575e-05,0.006571466668177318,-0.7944470935058576,-124.29884798200452,-344.92640035351025
3555.2081864514166,-3.367472899175229e-05,0.006551188226933627,-0.7904877736879075,-123.87518505753354,-345.3560949023812
3555.81161699868,-3.3822970862176774e-05,0.006530823954992893,-0.7865407346809858,-123.4498267141318,-345.78411185309676
3557.885301049648,-3.44047587909901e-05,0.006460100834626415,-0.7730709704975064,-121.97532691898567,-347.2421752063534
3559.958985100616,-3.5092196611474506e-05,0.006388061727663233,-0.7597492281909735,-120.48142744652534,-348.6803575447372
3560.5624156478793,-3.5310871743013014e-05,0.006366820131324691,-0.7559008704353487,-120.04313598491403,-349.0951204855371
3561.165846195143,-3.553758593460768e-05,0.006345444772834449,-0.7520653857612606,-119.60325422542324,-349.50819711469745
3563.239530246111,-3.637510663506287e-05,0.00627089726231901,-0.7389839168793164,-118.07964476441772,-350.91486560338484
3565.3132142970785,-3.729706434408824e-05,0.006194525450645686,-0.7260589274930744,-116.53787260174487,-352.30160510960656
3565.9166448443425,-3.7580069874729656e-05,0.006171933891383513,-0.722327762482787,-116.0858823744757,-352.701395750456
3566.520075391606,-3.7869381814223026e-05,0.006149170227345356,-0.7186102935360575,-115.63240629307339,-353.09950094318583
3568.593759442574,-3.890901133101723e-05,0.0060695743691465175,-0.7059410014721762,-114.06287532027028,-354.45474198392264
3570.6674434935417,-4.001349043720983e-05,0.005987755409020158,-0.6934390710754696,-112.4764116722108,-355.7901239085959
3571.2708740408057,-4.034603543630211e-05,0.005963509677030313,-0.6898331765735226,-112.01164714063748,-356.1749896906163
3571.874304588069,-4.068331400652183e-05,0.005939062362512794,-0.6862419822987346,-111.54550060879798,-356.5581812234798
3573.9479886390372,-4.1876053890617544e-05,0.005853469515369342,-0.6740145537696985,-109.93321854400241,-357.8622733033795
3576.021672690005,-4.311610140396008e-05,0.005765354252013153,-0.6619672331097954,-108.30522637477904,-359.1467021153387
3576.6251032372684,-4.3484918393677634e-05,0.005739225326687135,-0.6584961107477619,-107.82860643998757,-359.5167848029083
3577.228533784532,-4.385707134059168e-05,0.005712873293543021,-0.6550408288956406,-107.35070761698822,-359.88521538645256
3579.3022178355,-4.515928691225084e-05,0.0056205828909805895,-0.6432893528831249,-105.6988237377758,-361.1387676450504
3581.3759018864675,-4.649332196755864e-05,0.0055255591129784055,-0.631732092084987,-104.03244191673575,-362.3729846967153
3581.9793324337315,-4.688668790357174e-05,0.0054973848295411165,-0.6284062870424504,-103.54487779918458,-362.72852514230397
3582.582762980995,-4.728215717633691e-05,0.0054689729444350075,-0.6250975588271873,-103.05613683699002,-363.0824470139022
3584.656447031963,-4.865534917774679e-05,0.005369504037784689,-0.6138592750732331,-101.36777016135518,-364.2864136829743
3586.7301310829307,-5.0046664042508604e-05,0.00526716877423578,-0.602830230363859,-99.66610265954142,-365.4715095285492
3587.3335616301943,-5.0454215224175025e-05,0.005236845984530605,-0.5996609948449818,-99.16849447989415,-365.812850851149
3587.936992177458,-5.086277291849576e-05,0.005206277321961986,-0.5965101330888996,-98.66980999183146,-366.1526187695315
3590.010676228426,-5.227278625850664e-05,0.005099343052940471,-0.5858243264609078,-96.94803638469764,-367.3083080472109
3592.0843602793934,-5.368866194760222e-05,0.004989478783414219,-0.5753633056687453,-95.21413840651644,-368.4457291106346
3592.6877908266574,-5.4101127874646035e-05,0.004956956787175771,-0.5723623011365486,-94.70737100442207,-368.77331821951316
3593.291221373921,-5.451361379607084e-05,0.004924186214540001,-0.569380996422472,-94.19962582881706,-369.09939080104834
3595.364905424889,-5.592975712683855e-05,0.004809672984858568,-0.5592880155979734,-92.44746311035037,-370.2084680115408
3597.4385894758566,-5.734068497194724e-05,0.004692228528972948,-0.549435538250004,-90.68432585953438,-371.3000175346432
3598.04202002312,-5.7749693902932644e-05,0.004657503805534382,-0.5466145691869465,-90.16926432902976,-371.6144049912514
3598.6454505703837,-5.815783494786984e-05,0.004622532821964056,-0.5438146267977054,-89.65332105934868,-371.92734438646085
3600.7191346213517,-5.955242497507945e-05,0.004500483275978109,-0.5343550032583789,-87.87371367942875,-372.99182945940584
3602.7928186723193,-6.093195966810432e-05,0.004375557400898285,-0.5251514542148744,-86.08424923719343,-374.03966282280885
3603.3962492195833,-6.133006382358498e-05,0.004338668864598703,-0.5225222281561809,-85.56173459263537,-374.3415010783233
3603.999679766847,-6.172653593449338e-05,0.00430154082692985,-0.519915331040264,-85.03843128099356,-374.6419710311379
3606.073363817815,-6.307540237070087e-05,0.0041721369345057,-0.5111289866096042,-83.23423590502946,-375.6642304846692
3608.1470478687825,-6.440113359031247e-05,0.004039959906830734,-0.5026138602699673,-81.42126348804106,-376.6708451509017
3608.7504784160465,-6.478218222349023e-05,0.004000983112327998,-0.500187775214732,-80.89210881571628,-376.9608852455168
3609.35390896331,-6.516101342552127e-05,0.003961777214732103,-0.4977852750097858,-80.36225519906107,-377.2496476281992
3611.427593014278,-6.644510622966468e-05,0.003825317486352942,-0.48971083297222306,-78.53622836384838,-378.2323814316966
3613.5012770652456,-6.770042294442734e-05,0.0036862247914646617,-0.48192209526732754,-76.70246306148718,-379.2006019869496
3614.104707612509,-6.806007008687117e-05,0.0036452635828626845,-0.47971006461749244,-76.16745046673287,-379.4796888708021
3614.7081381597727,-6.841713862551655e-05,0.003604086215024205,-0.4775228117007609,-75.63182502107597,-379.7575988645102
3616.7818222107408,-6.962405249834197e-05,0.0034609538353414554,-0.4701970544437521,-73.78661387846081,-380.7038228485076
3618.8555062617083,-7.079930401061155e-05,0.0033153515264757833,-0.4631706694460449,-71.93465883635913,-381.63678194163475
3619.4589368089723,-7.11352643088863e-05,0.003272527539182019,-0.4611829980355141,-71.39453745771117,-381.90584867476235
3620.062367356236,-7.146851533411795e-05,0.0032295016490143887,-0.45922122386866565,-70.85388554700252,-382.1738488636501
3622.136051407204,-7.25929545064988e-05,0.0030801271496206165,-0.45267873834181654,-68.99202257141857,-383.08687367541035
3624.2097354581715,-7.368548982139297e-05,0.0029284539979090095,-0.4464483916713062,-67.12436542680116,-383.9879899562716
3624.813166005435,-7.39974716083001e-05,0.00288389567286282,-0.4446947100753499,-66.57985073673684,-384.2480511245596
3625.4165965526986,-7.430682098591543e-05,0.002839149827907791,-0.4429679680680722,-66.03488406879102,-384.5071648462306
3627.4902806036666,-7.535002095376138e-05,0.0026839741473896916,-0.4372409925589526,-64.1587864002059,-385.3905726647962
3629.563964654634,-7.636326036612871e-05,0.002526666264099324,-0.43183801314106224,-62.27780054479181,-386.2635269686208
3630.167395201898,-7.665263604009154e-05,0.0024804989506294474,-0.43032726852793696,-61.729575085626585,-386.51567168046415
3630.7708257491618,-7.69396112101062e-05,0.0024341576462033753,-0.4288444307517973,-61.18097261505895,-386.76699599713163
3632.84450980013,-7.790792326427327e-05,0.0022736006258759593,-0.42396288689575323,-59.29294645096708,-387.62461624713393
3634.9181938510974,-7.884967943994052e-05,0.0021110631665363067,-0.4194163409744295,-57.400897430971455,-388.4733272242202
3635.5216243983614,-7.911895069095525e-05,0.0020634015694354084,-0.4181568351547696,-56.84961305646794,-388.71871202561
3636.125054945625,-7.938614096535713e-05,0.0020155780002183315,-0.4169261348183106,-56.29802339660828,-388.96341064759656
3638.198738996593,-8.028900874274609e-05,0.0018500161918173072,-0.4129178048130098,-54.400273581099654,-389.7992957964575
3640.2724230475606,-8.116929202917346e-05,0.0016826055374555302,-0.40925471465043006,-52.49933068563346,-390.62789597073754
3640.875853594824,-8.142142597626756e-05,0.0016335494042646168,-0.40825417420911797,-51.945612305802044,-390.8677379430031
3641.4792841420876,-8.16718046323232e-05,0.0015843415536876098,-0.40728327825133065,-51.39165763952032,-391.10703435821733
3643.5529681930557,-8.251937261217499e-05,0.0014140979543407436,-0.4041740698426336,-49.48630235932925,-391.92543658091284
3645.6266522440233,-8.334792188323877e-05,0.0012421164861884876,-0.4014196947660934,-47.57855522651333,-392.7382494753688
3646.2300827912873,-8.358562140010233e-05,0.0011917500564078863,-0.40068535436307695,-47.02300599181498,-392.9738196717561
3646.833513338551,-8.382181686996868e-05,0.0011412405832203587,-0.39998144694966536,-46.467287411426064,-393.20899062367516
3648.907197389519,-8.462241177803553e-05,0.0009665876220116687,-0.39779567820615314,-44.556377715417455,-394.01433971647117
3650.9808814404864,-8.540619026000988e-05,0.0007902919158881245,-0.39597378778971826,-42.64385761032795,-394.81585825368956
3651.58431198775,-8.563117477914783e-05,0.0007386872794240262,-0.3955124659276911,-42.087065423885036,-395.04847550189
3652.1877425350135,-8.585475292078706e-05,0.0006869473070955546,-0.3950823220713283,-41.53016958412886,-395.28084482801995
3654.2614265859816,-8.661247333178271e-05,0.0005081231301157763,-0.3938429543076286,-39.61571329468636,-396.07772729504063
3656.335110636949,-8.735336119318742e-05,0.0003277451330994346,-0.39297602245357305,-37.70041858013435,-396.87259321535515
3656.938541184213,-8.756571763509927e-05,0.00027496928074658686,-0.3927941692036393,-37.14296379030511,-397.10361817701414
3657.5419717314767,-8.777654851767831e-05,0.00022206583238086275,-0.3926441981418643,-36.585470723129866,-397.3345508837916
3659.6156557824447,-8.848918781805016e-05,3.930269892505283e-05,-0.3923729484282355,-34.66946019332682,-398.1276896558902
3661.6893398334123,-8.918209198053521e-05,-0.00014491776106169164,-0.3924822027269507,-32.753385407702545,-398.9206732410738
3662.292770380676,-8.937976610452297e-05,-0.00019879276044803908,-0.39258590100673796,-32.19584950331312,-399.15150248990756
3662.8962009279394,-8.957553097524781e-05,-0.00025278628500631305,-0.3927221412837602,-31.63834141342256,-399.38239881217567
3664.9698849789074,-9.023304596622601e-05,-0.0004392238545061152,-0.39343941550530964,-29.722784482668352,-400.1766326326229
3667.043569029875,-9.08646338575447e-05,-0.0006269980200494551,-0.3945446881801808,-27.807952336988066,-400.9726116252842
3667.646999577139,-9.104311399516311e-05,-0.0006818826086367541,-0.39493959409275037,-27.25092743714676,-401.20467139569456
3668.2504301244026,-9.121901814193546e-05,-0.0007368738419391714,-0.3953676464021257,-26.693998266470313,-401.4369604821469
3670.3241141753706,-9.180274071008154e-05,-0.0009266446232644356,-0.39709224943772875,-24.780951656985668,-402.23722165183443
3672.397798226338,-9.235098919814746e-05,-0.0011175890797524117,-0.3992115940316383,-22.86944714387343,-403.0411579622147
3673.001228773602,-9.250324395819961e-05,-0.0011733627631633028,-0.39990280737988426,-22.313546037445224,-403.2758971424618
3673.6046593208657,-9.265198218826238e-05,-0.001229226895279197,-0.4006276970139348,-21.757811548820104,-403.5110299349357
3675.6783433718338,-9.31347548826634e-05,-0.0014218666935912766,-0.403376297867543,-19.84941580646142,-404.3223188921467
3677.7520274228013,-9.356948820825605e-05,-0.0016154578007035192,-0.4065253591554355,-17.943421460541344,-405.13923152488144
3678.355457970065,-9.368620019244649e-05,-0.0016719561386861876,-0.4075172224123419,-17.38928790287527,-405.37811343437073
3678.9588885173284,-9.379823071338863e-05,-0.0017285230626942385,-0.4085431904963983,-16.83539598446748,-405.61755427991983
3681.0325725682965,-9.414562818020913e-05,-0.0019234020109476623,-0.41232954665469607,-14.933910889785103,-406.444909434491
3683.106256619264,-9.443019879017871e-05,-0.002118936210261865,-0.416520699571693,-13.035742046612292,-407.27984208513794
3683.709687166528,-9.450034473988683e-05,-0.002175939968310433,-0.41781653216154857,-12.484060962544186,-407.52433459473707
3684.3131177137916,-9.456450630405555e-05,-0.0022329837941954655,-0.41914676357365943,-11.93270179495543,-407.7695511554464
3686.3868017647596,-9.473728378994666e-05,-0.0024292734173042138,-0.4239807399414887,-10.040540958478772,-408.6180125391465
3688.460485815727,-9.483152487618775e-05,-0.0026258398964901317,-0.42922204602614455,-8.15267963950773,-409.47599453692476
3689.0639163629908,-9.484332884058971e-05,-0.002683068293093275,-0.4308238305828061,-7.604186816922706,-409.72755817368585
3689.6673469102543,-9.484783827521431e-05,-0.0027403011790234286,-0.43246013638266834,-7.056102480139251,-409.9800092892009
3691.7410309612224,-9.480566529268006e-05,-0.002936958055672459,-0.43834658920834596,-5.175865614655188,-410.8545749527344
3693.81471501219,-9.467001305772713e-05,-0.003133430555662806,-0.4446406550931753,-3.3009914527586144,-411.7405746878178
3694.418145559454,-9.461220299073918e-05,-0.0031905405238205017,-0.4465487029324715,-2.7564822517001426,-412.00064851769895
3695.0215761067175,-9.454592315580943e-05,-0.0032476126882308117,-0.44849118563916496,-2.212475291348524,-412.2617698354959
3697.0952601576855,-9.425178845640184e-05,-0.003443384414217816,-0.45542881702907567,-0.3469764711669296,-413.16734453328615
3699.168944208653,-9.385161481287258e-05,-0.003638436252136217,-0.4627716707145925,1.5120070617516217,-414.08621520486815
3699.772374755917,-9.37146423485283e-05,-0.003695028491167455,-0.46498430161835624,2.0516704972612145,-414.3562005051924
3700.3758053031806,-9.356828407386375e-05,-0.003751534986781839,-0.46723103883196776,2.590730059504713,-414.6273879175777
3702.4494893541487,-9.299241735811991e-05,-0.003944988825821248,-0.4752113451264989,4.438439935024577,-415.56872442973594
3704.5231734051163,-9.230160454367652e-05,-0.004137129318290934,-0.4835914518287267,6.278385787096753,-416.5251428000695
3705.12660395238,-9.207861553654552e-05,-0.0041927602495255,-0.48610472264746896,6.812269333708458,-416.8063847845714
3705.7300344996434,-9.184567208385318e-05,-0.004248253491002261,-0.4886515029784336,7.345439063296205,-417.0889759631625
3707.8037185506114,-9.096850224580542e-05,-0.004437823535185633,-0.49765792839233386,9.17205736436035,-418.07061026523826
3709.877402601579,-8.997197738320357e-05,-0.004625450853960443,-0.5070554478840504,10.989563370584744,-419.06900994533356
3710.480833148843,-8.965946391414175e-05,-0.004679648945164824,-0.5098629576002255,11.51665823694598,-419.362778042604
3711.0842636961065,-8.933682741530858e-05,-0.004733655413796417,-0.5127030956249641,12.042920907619683,-419.65803259559306
3713.1579477470746,-8.815078447922117e-05,-0.004917702580378993,-0.5227104755201252,13.844887539840217,-420.6842148618225
3715.231631798042,-8.684581368119377e-05,-0.005099166959235977,-0.5330968331463971,15.636294612331024,-421.7287163743382
3715.8350623453057,-8.644389194106719e-05,-0.005151451569383837,-0.5361896229918758,16.155517576518232,-422.0361837581845
3716.4384928925692,-8.603208043281823e-05,-0.005203490807357968,-0.5393138706995747,16.67378175814341,-422.34526272772143
3718.5121769435373,-8.454201028749878e-05,-0.005380368881503413,-0.5502882155929592,18.44728391401365,-423.4198867669957
3720.585860994505,-8.293800709881525e-05,-0.005554038890386229,-0.5616260234707797,20.208685114502583,-424.5142271663012
3721.189291541769,-8.245024022832353e-05,-0.005603939418185268,-0.5649925798347689,20.718881992540204,-424.83645037585853
3721.7927220890324,-8.19531685978953e-05,-0.005653543051635346,-0.5683891409493621,21.227985895383725,-425.16039592450153
3723.8664061400004,-8.017510167326055e-05,-0.005821662660301564,-0.5802877725229706,22.968974164205623,-426.2869300383925
3725.940090190968,-7.82916887289822e-05,-0.005985985892764225,-0.5925310948053322,24.696235331806403,-427.43439515471204
3726.5435207382316,-7.772438641879147e-05,-0.006033058608745258,-0.5961574497257603,25.196187833835815,-427.7722947049736
3727.146951285495,-7.71485995189603e-05,-0.006079786735630334,-0.5998120901033989,25.694906548118908,-428.1120108933325
3729.220635336463,-7.510661651747098e-05,-0.006237667746570692,-0.6125840933050002,27.39912272276413,-429.29343325169623
3731.2943193874307,-7.296970475589035e-05,-0.006391215903800619,-0.6256789993561214,29.087914783258544,-430.49679560906526
3731.8977499346947,-7.233063201599823e-05,-0.006435055461545403,-0.6295489083001059,29.576350754774406,-430.8511384634272
3732.5011804819583,-7.168395797332966e-05,-0.006478507381003166,-0.6334451403279662,30.063406866050897,-431.20737398118297
3734.5748645329263,-6.940510965216379e-05,-0.0066248091191259215,-0.647032041370974,31.726423254007752,-432.4461153879958
3736.648548583894,-6.704140671321633e-05,-0.006766297264996722,-0.660917335060215,33.37226584154587,-433.70758049126897
3737.251979131158,-6.633816292536e-05,-0.006806540122953176,-0.6650124955188969,33.84787275254317,-434.07896513999793
3737.8554096784214,-6.562810381991664e-05,-0.0068463568117381355,-0.6691317985237318,34.32195018380696,-434.4522987145214
3739.9290937293895,-6.313721702858075e-05,-0.0069798793197564605,-0.6834683274999516,35.939219830360436,-435.7501950844627
3742.002777780357,-6.056987536357857e-05,-0.00710815724393675,-0.6980763021665642,37.53753552789153,-437.0713581199182
3742.6062083276206,-5.980884634235762e-05,-0.007144477543496347,-0.7023765689649938,37.99897699314037,-437.46020280478416
3743.209638874884,-5.904163707770307e-05,-0.007180336948681991,-0.7066986020235718,38.458737850727886,-437.85103180389723
3745.283322925852,-5.6358929833486234e-05,-0.0073000011633146625,-0.721713398963047,40.025654869598796,-439.2092879430021
3747.35700697682,-5.360645056510443e-05,-0.007414029948154721,-0.7369704986254362,41.571833203394384,-440.59110223229476
3747.9604375240838,-5.279272661767318e-05,-0.007446132400145285,-0.7414540668326228,42.01776827093167,-440.9976366648659
3748.5638680713473,-5.197334584454266e-05,-0.007477742297592797,-0.7459568475598217,42.46187242505906,-441.4061692249489
3750.6375521223154,-4.911518249651504e-05,-0.007582566165453879,-0.761573043945564,43.97384146034662,-442.82533494669565
3752.711236173283,-4.61931711418955e-05,-0.00768139690526861,-0.7774003979872274,45.46331157330653,-444.2680930606531
3753.3146667205465,-4.533122503103698e-05,-0.007709011384018549,-0.7820439504850396,45.892416445882105,-444.69235388220955
3753.91809726781,-4.4464147174578636e-05,-0.007736104393818077,-0.7867039995975508,46.31954349892832,-445.1186048042565
3755.991781318778,-4.1446105849081076e-05,-0.007825189616456587,-0.8028396949299736,47.77205702795923,-446.59856419102096
3758.0654653697457,-3.837099575104201e-05,-0.007907957203631532,-0.819153574477808,49.20036756435765,-448.1018925193014
3758.6688959170096,-3.746587204622262e-05,-0.007930838456455343,-0.8239324130672594,49.61135928898216,-448.54372273569186
3759.272326464273,-3.655629349011742e-05,-0.007953172470996571,-0.8287248856067645,50.02023244817108,-448.98751338368294
3761.3460105152412,-3.339765125318744e-05,-0.008025711871502774,-0.8452936048170397,51.40895411194275,-450.5274880151766
3763.419694566209,-3.0191495039629463e-05,-0.00809165198149177,-0.8620059054034641,52.771858241328985,-452.09035563912704
3764.023125113473,-2.9250240499105575e-05,-0.00810958646902152,-0.8668940988604011,53.16351971092757,-452.5494082820891
3764.6265556607364,-2.8305525065405845e-05,-0.00812695235084065,-0.8717929366563385,53.55293088448339,-453.010370736457
3766.7002397117044,-2.5034257090521233e-05,-0.008182263034057863,-0.8887041947870467,54.873782305453474,-454.60893776170525
3768.773923762672,-2.1729683476134052e-05,-0.008230755608362388,-0.9057230804975347,56.16732501996678,-456.22968049946263
3769.3773543099355,-2.0762764282765912e-05,-0.00824357608423972,-0.9106936700133245,56.538530389218025,-456.7054267621695
3769.980784857199,-1.9793838366661536e-05,-0.008255813084283074,-0.9156718161411923,56.90736557894929,-457.18301247187185
3772.054468908167,-1.6451236553922682e-05,-0.008293395738642,-0.9328319314689698,58.156613252233655,-458.83813831844986
3774.1281529591347,-1.3095686976379094e-05,-0.008324033468146422,-0.9500627805577306,59.37721716931518,-460.5144986341721
3774.7315835063987,-1.211812921707154e-05,-0.008331640518286769,-0.9550880825262532,59.72695652157783,-461.0062406566369
3775.3350140536622,-1.1140579194867011e-05,-0.008338658479474204,-0.9601177972045376,60.074220319648084,-461.499733751369
3777.4086981046303,-7.784617192080935e-06,-0.008358278444383187,-0.9774310831382007,61.248558259301554,-463.2088239026167
3779.482382155598,-4.442972002179031e-06,-0.0083709540486846,-0.9947778544752574,62.393103288835775,-464.9380068754256
3780.0858127028614,-3.4749665218972715e-06,-0.008373342436133647,-0.9998298927558034,62.720505146826476,-465.4448951845314
3780.689243250125,-2.5095575308253345e-06,-0.008375148462627517,-1.00488320144868,63.04534290610293,-465.9534304258495
3782.762927301093,7.840066716531488e-07,-0.008376929290550795,-1.022253631315269,64.14196596323507,-467.7133949754623
3784.8366113520606,4.029565154332268e-06,-0.0083719300812643,-1.0396207242288058,65.20785754311814,-469.49213965961644
3785.4400418993246,4.962970332204634e-06,-0.008369216082951646,-1.0446718082863133,65.51220765089514,-470.01319499062834
3786.043472446588,5.890729462776195e-06,-0.008365941634785485,-1.0497210960228405,65.81392374645012,-470.5357800514128
3788.117156497556,9.030940188046496e-06,-0.008350455399758799,-1.067054468901556,66.83058610762849,-472.34311366480694
3790.1908405485237,1.208538562624462e-05,-0.0083285462848884,-1.0843490687099395,67.81580651163662,-474.16777797001066
3790.7942710957873,1.2955967898768062e-05,-0.008320989916826423,-1.0893725077329113,68.09656130241137,-474.70191682533425
3791.397701643051,1.3817693882027762e-05,-0.00831291194790034,-1.094391245967975,68.37463191122663,-475.23745820745614
3793.471385694019,1.6706329558225245e-05,-0.00828124214284919,-1.1115977754445647,69.3096855052869,-477.08833175527315
3795.5450697449864,1.9472199600386244e-05,-0.0082437095086359,-1.1287325529238583,70.2128232728555,-478.95498753991603
3796.1485002922504,2.025208182762161e-05,-0.00823172298693505,-1.133703456494057,70.46961666400958,-479.50105041325475
3796.751930839514,2.102023945155828e-05,-0.008219270247400254,-1.1386670078967553,70.72369574928977,-480.04838188313073
3798.825614890482,2.3566235976762054e-05,-0.008173014796692881,-1.1556641029858594,71.57610444827867,-481.9387415237063
3800.8992989414496,2.5959928402941357e-05,-0.008121637668887889,-1.1725599685145045,72.3963585837684,-483.8432751232305
3801.5027294887136,2.6626549960861694e-05,-0.008105770477954674,-1.1774560335435627,72.62900129338242,-484.4000558990718
3802.106160035977,2.7279460734961794e-05,-0.008089505648234248,-1.1823424290014497,72.85891907198176,-484.95796790987515
3804.179844086945,2.94158464592641e-05,-0.008030692357418705,-1.1990572630305638,73.62824692121957,-486.8836360570217
3806.253528137913,3.138317845234106e-05,-0.007967624159613057,-1.215645725210146,74.36540531058343,-488.82184829870613
3806.8569586851763,3.192338673895757e-05,-0.00794852272523255,-1.220447872768344,74.57387678260008,-489.38812303920105
3807.46038923244,3.2449095376012915e-05,-0.00792909974247629,-1.2252384235221723,74.77963087517958,-489.95539133390326
3809.534073283408,3.414434397680236e-05,-0.007860023345164825,-1.2416098267640723,75.46600593207502,-491.9121632157012
3811.6077573343755,3.566876171871978e-05,-0.007787608662481197,-1.257834526108001,76.12040090607246,-493.8798626308186
3812.2111878816395,3.608058311652708e-05,-0.007765960156143489,-1.2625272742631808,76.30483494338655,-494.4544159477335
3812.814618428903,3.6478365495400904e-05,-0.007744067033770636,-1.2672069110330662,76.48657540945804,-495.0298275618923
3814.888302479871,3.773948240579018e-05,-0.007667087436899939,-1.2831862671440253,77.0906340726964,-497.0135574808021
3816.9619865308387,3.8841964972099835e-05,-0.007587657160760383,-1.2990034509254456,77.66308101229603,-499.0066413104831
3817.565417078102,3.913399112158722e-05,-0.007564130252208283,-1.3035749728089707,77.82374699594163,-499.58828886515556
3818.1688476253657,3.941348417668578e-05,-0.007540430257860975,-1.3081322686832748,77.98175719409404,-500.1706641290557
3820.242531676334,4.028113201229579e-05,-0.007457776027967323,-1.3236833258179017,78.50457609158423,-502.1773370952905
3822.3162157273014,4.101277480454316e-05,-0.00737346358633974,-1.339061264890639,78.99630258035025,-504.19185657343365
3822.9196462745654,4.120159783073327e-05,-0.007348658117503137,-1.3435031487236824,79.13358450601986,-504.7794628452722
3823.523076821829,4.138009283224467e-05,-0.007323740994612618,-1.3479300495454298,79.26826002146699,-505.3676725999133
3825.596760872797,4.191844135026759e-05,-0.007237355033452448,-1.3630277795367618,79.7112831584833,-507.393459223277
3827.6704449237645,4.234950105429898e-05,-0.007149963949107796,-1.3779453301842488,80.12385621409112,-509.4256679155085
3828.2738754710285,4.245647017981599e-05,-0.0071243767440942836,-1.3822521114434319,80.23823167526587,-510.0181590493943
3828.877306018292,4.255565313958239e-05,-0.007098726452596501,-1.3865434479757404,80.35005940923524,-510.6111369577731
3830.95099006926,4.2841240150036086e-05,-0.007010170125249116,-1.4011722334928325,80.71502744277386,-512.6524317190897
3833.0246741202277,4.305021256374914e-05,-0.006921101017906651,-1.415616849494442,81.05028509227252,-514.6988177900079
3833.6281046674912,4.309831912568839e-05,-0.0068951088730788085,-1.419785406349761,81.14230590354853,-515.2951899047875
3834.231535214755,4.3141189960680716e-05,-0.006869088439038241,-1.4239382799555569,81.23184495819642,-515.8919402932836
3836.305219265723,4.3252602445598865e-05,-0.006779503494951305,-1.4380897450531769,81.5207317251964,-517.9453850563303
3838.3789033166904,4.33163931387325e-05,-0.006689736892846358,-1.4520552509303681,81.78072327518618,-520.0026898094834
3838.9823338639544,4.332751611253511e-05,-0.0066635953534604445,-1.4560841517225438,81.8509988518272,-520.6020135247167
3839.585764411218,4.333567983922603e-05,-0.006637447288262592,-1.4600972815070923,81.91886425959777,-521.2016155408089
3841.659448462186,4.3344660999929214e-05,-0.006547569448246392,-1.4737680600166374,82.13382364542665,-523.2641111904061
3843.7331325131536,4.333038007751713e-05,-0.006457697103245852,-1.4872524659802673,82.32076094153875,-525.3293369755472
3844.336563060417,4.332303574879783e-05,-0.006431552701391767,-1.4911413474008712,82.36994495616473,-525.9307590820019
3844.9399936076807,4.33145222985483e-05,-0.006405412571305497,-1.4950144560569347,82.41679471016327,-526.5323681013828
3847.0136776586487,4.327899781017923e-05,-0.006315627798696972,-1.5082041515827043,82.56011894311102,-528.6010775391059
3849.0873617096163,4.323784956127752e-05,-0.006225922523604654,-1.5212077442838599,82.67633898983966,-530.671488237801
3849.6907922568803,4.322558693733953e-05,-0.006199835391862515,-1.5249567843901795,82.70511928635871,-531.274231431163
3850.294222804144,4.3213321469270624e-05,-0.00617375537328044,-1.528690084995659,82.73164459705613,-531.8770786244372
3852.367906855112,4.3172782926946655e-05,-0.006084187359025194,-1.5413996213956849,82.80573331153653,-533.9494241542168
3854.4415909060795,4.313646412441238e-05,-0.005994699033695059,-1.5539235046578983,82.85367102517277,-536.0225410883972
3855.045021453343,4.312701181620324e-05,-0.005968672141063052,-1.557533036504835,82.86276233530735,-536.6259025512712
3855.6484520006065,4.31180562739435e-05,-0.0059426507338248506,-1.5611268637663713,82.8696806185087,-537.2292933747158
3857.7221360515746,4.309163448149003e-05,-0.005853266008493327,-1.5733573576515036,82.87701870152051,-539.3029509324609
3859.795820102542,4.307160738169365e-05,-0.005763929443325321,-1.585402545791796,82.8591874319224,-541.3765463626036
3860.399250649806,4.3066914967871946e-05,-0.005737940142862793,-1.5888728358901045,82.84932614671706,-541.9798957676461
3861.0026811970697,4.30626247030242e-05,-0.005711953679683786,-1.5923274434631562,82.8373759722372,-542.5832079246793
3863.0763652480377,4.3050590872699215e-05,-0.005622668219883489,-1.6040796518329337,82.78051739846296,-544.6560998237404
3865.1500492990053,4.304053067861492e-05,-0.005533405668096205,-1.6156467341207295,82.69949426823095,-546.7281893881128
3865.7534798462693,4.303755617126093e-05,-0.005507434476925869,-1.6189779243057918,82.67143438944582,-547.3309666553532
3866.356910393533,4.303435506411374e-05,-0.005481465441032619,-1.6222934438241026,82.64137151185707,-547.9336478354433
3868.430594444501,4.302047668994713e-05,-0.005392238767128747,-1.6335677508868178,82.5229261578742,-550.0039348834636
3870.5042784954685,4.299845139302386e-05,-0.005303049319659925,-1.644657068616869,82.38133927305879,-552.0727695426324
3871.107709042732,4.298981900403886e-05,-0.0052771051013900385,-1.6478492619134022,82.33584870824828,-552.6744824634875
3871.7111395899956,4.297991215759175e-05,-0.0052511668941393665,-1.6510258039015766,82.28844235367791,-553.2760479490566
3873.7848236409636,4.2934384024460593e-05,-0.005162083444594579,-1.6618226791195512,82.11106303828322,-555.3421210884273
3875.858507691931,4.286630661224984e-05,-0.005073117786053524,-1.6724349455396608,81.91157796128498,-557.4061785023355
3876.461938239195,4.284136691308294e-05,-0.00504725810613867,-1.6754884149959242,81.84943443231218,-558.0064001709288
3877.0653687864587,4.281380025153836e-05,-0.005021414771310532,-1.6785262897581201,81.78546312500507,-558.6064302369289
3879.139052837427,4.269682619659148e-05,-0.004932746869277143,-1.6888471338134439,81.55183053306982,-560.6669013381945
3881.2127368883944,4.253997582678146e-05,-0.004844362879914943,-1.6989844030270762,81.29713388005297,-562.7248761546678
3881.816167435658,4.248582495532808e-05,-0.004818708820200926,-1.701899894561476,81.21911986535807,-563.3232420308058
3882.4195979829215,4.2427504008587794e-05,-0.004793089243556557,-1.704799923785796,81.13936623393255,-563.9213789518268
3884.4932820338895,4.2192824434242844e-05,-0.004705341177698332,-1.7146482009987574,80.85216995282704,-565.9750700617659
3886.566966084857,4.189939076892698e-05,-0.004618140681841196,-1.724315084190633,80.54494858344583,-568.0258623435773
3887.170396632121,4.180190042820605e-05,-0.004592886151864217,-1.7270941840675609,80.45184489316978,-568.6220667125125
3887.7738271793846,4.1698624318347114e-05,-0.004567692750670222,-1.7298580737331284,80.35708907563568,-569.2180111391665
3889.8475112303527,4.1297054406457246e-05,-0.004481625893904193,-1.7392406297597707,80.01900358786746,-571.263941348331
3891.9211952813203,4.081765703236724e-05,-0.00439647246104334,-1.7484456573945109,79.66191846552843,-573.3066422963589
3892.5246258285842,4.066249594770818e-05,-0.0043718880091194595,-1.751091194798809,79.55449622494703,-573.9004338822548
3893.128056375848,4.049997161004016e-05,-0.004347399929765722,-1.7537219398697448,79.4455076674184,-574.4939403455667
3895.201740426816,3.9882870988212986e-05,-0.004264039068151162,-1.7626504034243409,79.059162742005,-576.5313094678725
3897.2754244777834,3.916998558667545e-05,-0.004182057191938927,-1.7714074326797478,78.6548171306461,-578.5651836808769
3897.878855025047,3.894360472920049e-05,-0.004158488436186738,-1.7739238882178892,78.53382811582036,-579.1563602046541
3898.4822855723105,3.8708431976704084e-05,-0.004135059391503624,-1.7764261800274241,78.4113557269951,-579.7472315450311
3900.5559696232785,3.783104278443597e-05,-0.004055680799609454,-1.78491834931051,77.97930121543143,-581.7753999612686
3902.629653674246,3.684227006672043e-05,-0.00397823712280991,-1.7932479186748813,77.53020342341142,-583.7998636728139
3903.23308422151,3.653284163059237e-05,-0.003956098021523209,-1.7956418105386045,77.39636884761516,-584.3882652100623
3903.8365147687737,3.621344033622116e-05,-0.003934148999103201,-1.7980224187357494,77.26112962398034,-584.976345795203
3905.9101988197417,3.503802271385114e-05,-0.003860251148972979,-1.8061035370401541,76.7857951779672,-586.9948100644326
3907.9838828707093,3.37391213080172e-05,-0.00378891877679565,-1.8140340745466985,76.29431654844863,-589.0094050744482
3908.587313417973,3.3337397491336676e-05,-0.0037686800730109007,-1.816314295545268,76.14831453581013,-589.5949061534457
3909.1907439652364,3.2924860407154614e-05,-0.00374868726476698,-1.8185823980186282,76.00098090843005,-590.180073835318
3911.2644280162044,3.1423529092875985e-05,-0.0036819454959755573,-1.8262862288542236,75.48463158823085,-592.1884379814775
3913.338112067172,2.9791101902695107e-05,-0.003618452939699272,-1.8338550272684266,74.95296086316947,-594.1928013118667
3913.941542614436,2.9291167567911503e-05,-0.0036006262731321068,-1.8360331081275234,74.79541296588117,-594.775301783225
3914.5449731616995,2.8779992921726353e-05,-0.003583104741102602,-1.8382005446111225,74.63659923747507,-595.3574586357785
3916.6186572126676,2.693711731996086e-05,-0.003525311838925708,-1.8455701653564187,74.08128836894004,-597.3554013296862
3918.692341263635,2.4960793772066243e-05,-0.0034714788429308706,-1.852824047679357,73.5113839180752,-599.3492309391877
3919.2957718108987,2.4360653828461652e-05,-0.003456597248356068,-1.8549143252147156,73.34284113478247,-599.9286457354699
3919.8992023581623,2.3749315204529272e-05,-0.0034420810766272584,-1.8569957536306343,73.17308947486802,-600.5077077003666
3921.9728864091303,2.1563289830385098e-05,-0.0033950765850206616,-1.8640839993666025,72.5806104367448,-602.494945840419
3924.046570460098,1.9247186266750197e-05,-0.003352740089900899,-1.871079612612933,71.9741521393503,-604.4779629960256
3924.650001007362,1.8549128849823977e-05,-0.0033413359158299765,-1.8730992860357583,71.79508097325493,-605.054210971291
3925.2534315546254,1.7840402548173084e-05,-0.003330355924400382,-1.8751122254712906,71.61484751754492,-605.6300966082694
3927.3271156055935,1.5324527995870974e-05,-0.0032959482287167703,-1.8819817328624677,70.98668639044793,-607.6063460223372
3929.400799656561,1.2687698142109498e-05,-0.003266883073506258,-1.888785428934359,70.34502917450206,-609.5782551113293
3930.004230203825,1.189833497281901e-05,-0.003259464775725393,-1.8907544941570325,70.15579832622608,-610.1512471982563
3930.6076607510886,1.10993024209206e-05,-0.0032525253055610413,-1.8927192452436685,69.96543997978604,-610.7238657812994
3932.6813448020566,8.281442261232559e-06,-0.003232412108716532,-1.8994420720101943,69.30273114597622,-612.6887999003623
3934.755028853024,5.35695290001997e-06,-0.0032182528211803065,-1.9061293636245948,68.62686230379734,-614.6492465540322
3935.3584594002878,4.4868342137718515e-06,-0.0032152826238881424,-1.9080704246098126,68.4277306184445,-615.2188734934792
3935.9618899475513,3.6084364852941205e-06,-0.0032128394529746924,-1.9100098675739188,68.22749318218587,-615.7881127074345
3938.0355739985193,5.290335161765362e-07,-0.0032085342734025748,-1.9166666983799305,67.53097999938278,-617.7413200783462
3940.109258049487,-2.6387732504723613e-06,-0.003210706463426509,-1.9233213176127375,66.82148237303608,-619.6898484481695
3940.712688596751,-3.5761068439709724e-06,-0.0032125815389104245,-1.9252592861947053,66.6125886410816,-620.2559683280654
3941.3161191440145,-4.520075454517681e-06,-0.00321502364311325,-1.9271985695985452,66.40259685545847,-620.8216817981823
3943.3898031949825,-7.8119590362638e-06,-0.00322779823935509,-1.933877566242761,65.67259939107083,-622.7626231938642
3945.46348724595,-1.1171984404113648e-05,-0.0032474698143455613,-1.940590204440875,64.92962230308514,-624.698633059658
3946.0669177932136,-1.2161380872062842e-05,-0.0032545099043808047,-1.942551915547312,64.71097743506324,-625.2610588431825
3946.670348340477,-1.31556650521567e-05,-0.003262147892695976,-1.9445180642974285,64.49122744798068,-625.8230536687298
3948.744032391445,-1.6607020977958166e-05,-0.0032929989250828147,-1.9513134707455069,63.72761890304791,-627.7510193088316
3950.817716442413,-2.0105662489809852e-05,-0.0033310560068900152,-1.9581803240222768,62.95085827090544,-629.673723404761
3951.421146989677,-2.113147039393718e-05,-0.0033434980281520925,-1.9601941039915194,62.72234022568299,-630.2322105341927
3952.0245775369403,-2.2160401190607965e-05,-0.003356559388755508,-1.9622155845046965,62.492694847355004,-630.7902349008664
3954.0982615879084,-2.57173734057452e-05,-0.0034061964923878195,-1.9692262146254933,61.69488778400346,-632.7043019473907
3956.171945638876,-2.9300879012027795e-05,-0.0034632371435074113,-1.9763474527255998,60.883576345170276,-634.612683533351
3956.77537618614,-3.0347498736128804e-05,-0.003481234202435678,-1.978442671891648,60.644928049854464,-635.1669175929816
3957.3788067334035,-3.139549877457094e-05,-0.003499862643179469,-1.980548944089873,60.405115020529585,-635.7206484374628
3959.4524907843715,-3.500475241793136e-05,-0.0035687081555678545,-1.987876640890894,59.57205808937931,-637.6196386021144
3961.526174835339,-3.862013168505894e-05,-0.0036450444709765248,-1.9953548683123101,58.72496634031427,-639.5124090240133
3962.1296053826027,-3.967221547267916e-05,-0.0036686667804005034,-1.9975614942574633,58.47579676571283,-640.0619933733259
3962.733035929866,-4.0723969767603504e-05,-0.003692923267268521,-1.9997825653653651,58.225410196334835,-640.6110240060177
3964.8067199808343,-4.433314410101664e-05,-0.0037811164448526666,-2.007530672977084,57.35559589754868,-642.4934609153576
3966.880404031802,-4.7928503260688676e-05,-0.003876779585536447,-2.015469410546232,56.47104427329167,-644.3690167715516
3967.483834579066,-4.8971047439785596e-05,-0.0039060160478042176,-2.0178175682924184,56.210832820266376,-644.913460035479
3968.0872651263294,-5.001160525316462e-05,-0.003935880456891508,-2.0201835540138164,55.94933796266845,-645.457287608417
3970.1609491772974,-5.35697385563102e-05,-0.004043283638125215,-2.0284554175294915,55.0408219951766,-647.3213535484676
3972.234633228265,-5.709493965299569e-05,-0.004158031118145219,-2.036957616186742,54.11670487170957,-649.1777331152863
3972.8380637755286,-5.811354266206794e-05,-0.004192791726423371,-2.0394771586691887,53.84480924346147,-649.7164364394026
3973.441494322792,-5.912860582147069e-05,-0.004228165420617511,-2.0420178552276216,53.57155076705188,-650.2544491718234
3975.51517837376,-6.258744863834543e-05,-0.004354374428823161,-2.0509153627703616,52.62198358835656,-652.0979409534352
3977.5888624247277,-6.599601707162357e-05,-0.0044877038576192465,-2.060081970671812,51.655805738993045,-653.9327796851583
3978.1922929719917,-6.69775639752952e-05,-0.004527824498873674,-2.0628020674693834,51.37147348213793,-654.4650237176523
3978.7957235192553,-6.795424026713371e-05,-0.004568535573665824,-2.0655465434906004,51.08568743808392,-654.9964878481192
3980.8694075702233,-7.127139482457877e-05,-0.004712901613797938,-2.0751687503884146,50.09235863527649,-656.8167717434596
3982.943091621191,-7.452460148603216e-05,-0.004864080080564413,-2.0850973902513807,49.08128468097637,-658.6272568833404
3983.5465221684544,-7.545864584720949e-05,-0.004909332773112799,-2.088046154916031,48.7836685359272,-659.1521885101666
3984.149952715718,-7.638690542256654e-05,-0.0049551471368481995,-2.0910223853104037,48.484498139781735,-659.6762350079272
3986.223636766686,-7.95314705532389e-05,-0.005116822203717325,-2.1014643123530243,47.44439397402038,-661.4702009156172
3988.2973208176536,-8.260461431845312e-05,-0.005284944052471928,-2.1122481866976366,46.385311017259276,-663.253025427675
3988.9007513649176,-8.348525965017132e-05,-0.00533505627079764,-2.115452381960002,46.07348809378062,-663.7696443283469
3989.504181912181,-8.43598092772647e-05,-0.005385698063234426,-2.1186869650857716,45.760003323096825,-664.2852554328038
3991.577865963149,-8.731844387928139e-05,-0.005563713597688397,-2.130038727792051,44.66987726834334,-666.0492705077321
3993.6515500141168,-9.02058619259035e-05,-0.005747790565211662,-2.141765923221491,43.5594702577263,-667.8005865417879
3994.2549805613808,-9.103293384940042e-05,-0.005802473313027974,-2.1452507948293658,43.23246484980012,-668.3077316189957
3994.8584111086443,-9.185424471599549e-05,-0.005857653616299049,-2.148768803237727,42.903685648187896,-668.8137272560141
3996.9320951596123,-9.463352461483828e-05,-0.006051022984914227,-2.161115235076635,41.76014103515014,-670.5435891287099
3999.00577921058,-9.734907946814839e-05,-0.006250089629123523,-2.1738685610659516,40.59497975349892,-672.258961079518
3999.6092097578435,-9.812790697105492e-05,-0.006309068116124004,-2.1776578322412496,40.25178943947768,-672.7552967686108
4000.212640305107,-9.890184551365907e-05,-0.0063685154536830225,-2.1814828253031475,39.906712163813296,-673.25032084592
4002.286324356075,-0.00010152579737124758,-0.006576336095469876,-2.1949036602815535,38.7062956393456,-674.9412104147406
4004.3600084070426,-0.00010409860214059905,-0.0067895449529237475,-2.2087610363387387,37.48293204285891,-676.6155675476737
4004.9634389543066,-0.00010483844262437842,-0.0068525844342607715,-2.2128770567864877,37.12255671918182,-677.0995700010573
4005.56686950157,-0.0001055745425436463,-0.006916069617391576,-2.217031244720248,36.760183491380694,-677.5820765816642
4007.640553552538,-0.00010807759815066337,-0.007137599594019066,-2.2316017893043587,35.49948826649794,-679.2285104166536
4009.714237603506,-0.00011054328072960333,-0.007364281367211378,-2.2466370586669964,34.21456343435159,-680.8560992093581
4010.3176681507694,-0.00011125446529681969,-0.007431201081385391,-2.2511010631197723,33.836037135041366,-681.3260424284413
4010.921098698033,-0.00011196294070974783,-0.007498549389266222,-2.2556055731631606,33.455407984651316,-681.794281871429
4012.994782749001,-0.0001143786378144156,-0.007733234658897094,-2.2713976663153446,32.13118677219436,-683.390064685851
4015.0684667999685,-0.00011676650674935267,-0.00797290046767001,-2.2876815866004487,30.781547874201454,-684.9644016394255
4015.6718973472325,-0.00011745643004912692,-0.008043569134978864,-2.292513981399115,30.38397360012072,-685.4183438418479
4016.275327894496,-0.0001181440400037982,-0.008114653362512648,-2.2973891407123372,29.984201670967593,-685.8703492343241
4018.349011945464,-0.0001204899236791238,-0.008362084137374078,-2.3144720791931643,28.593490650205094,-687.4085278430649
4020.4226959964317,-0.00012280656891478823,-0.00861434921815545,-2.3320731233370804,27.176319908083148,-688.9223547508308
4021.0261265436957,-0.000123474686576352,-0.008688656316302522,-2.337293686425693,26.75890816469037,-689.3581256759896
4021.629557090959,-0.0001241396474680331,-0.0087633650267053,-2.342559203682688,26.339218739132736,-689.791700322073
4023.7032411419273,-0.00012639908654799107,-0.00902314259468969,-2.361000201399584,24.87947556196008,-691.2645222429828
4025.776925192895,-0.00012860945617577588,-0.009287554648188132,-2.3799847009453536,23.392434846808936,-692.7097680043988
4026.3803557401584,-0.00012924170409934146,-0.009365353015600273,-2.3856125527549294,22.954547062598955,-693.1249585441523
4026.983786287422,-0.00012986811098936673,-0.009443529835373662,-2.39128745345044,22.51432162078349,-693.5376659943637
4029.05747033839,-0.00013197148937605735,-0.009715032272720227,-2.4111511187825774,20.98358197211371,-694.9365485845921
4031.1311543893576,-0.00013398149335445565,-0.009990799637769792,-2.431582216445115,19.42497794664158,-696.3043048104843
4031.7345849366216,-0.00013454565063895257,-0.010071819742678506,-2.437635405360891,18.966176253624536,-696.6962613511375
4032.338015483885,-0.00013509908237955393,-0.010153174965016696,-2.4437375651385835,18.505003060738918,-697.0854204884372
4034.411699534853,-0.00013691085195778165,-0.010435234722500714,-2.46508387377155,16.902060932187688,-698.4009403112583
4036.4853835858207,-0.0001385581246508122,-0.01072088096037949,-2.4870188038386263,15.271035696157456,-699.6814620942106
4037.0888141330843,-0.00013900189180128197,-0.01080462716964751,-2.4935133779057232,14.791140431619155,-700.0472892049305
4037.692244680348,-0.00013942782369870312,-0.010888632983565804,-2.5000585319685698,14.308872954602888,-700.4099781666193
4039.765928731316,-0.0001407437236344872,-0.011179171658368086,-2.5229389343820876,12.633488536422401,-701.6318946872296
4041.8396127822834,-0.0001417989849314535,-0.011472168852785673,-2.5464243713081878,10.930238450173245,-702.814642280152
4042.4430433295474,-0.00014205115773632942,-0.011557813679780829,-2.5533728817127543,10.429393861111189,-703.1512186233816
4043.046473876811,-0.00014227649053368652,-0.011643599233837112,-2.5603730653852916,9.926217340097052,-703.4842925559102
4045.120157927779,-0.00014283147127080987,-0.011939276101380944,-2.584824650082711,8.179352295374883,-704.6016242199522
4047.1938419787466,-0.00014301059371942568,-0.012235714117958785,-2.6098901643758996,6.405372285771787,-705.6753648249836
4047.79727252601,-0.00014298535432444428,-0.012322007104704396,-2.617299634445614,5.884119121503691,-705.9793780515049
4048.4007030732737,-0.00014292304962453177,-0.012408270080666717,-2.6247610986480705,5.360623723744578,-706.2795065195924
4050.4743871242417,-0.00014240986935197178,-0.012704201667429419,-2.6507990382261433,3.5446963148543684,-707.2806795594702
4052.5480711752093,-0.00014139656401659738,-0.012998550529762508,-2.677449005380657,1.7030385439869937,-708.2336697214301
4053.1515017224733,-0.00014100084260814175,-0.013083758356105073,-2.6853184879674066,1.162389571576433,-708.5016762709051
4053.754932269737,-0.0001405576295201418,-0.013168709619333772,-2.6932392224559045,0.619645822896751,-708.765406192205
4055.828616320705,-0.00013865590851049481,-0.013458317001346018,-2.720848035141869,-1.2612116195055307,-709.6384957762358
4057.9023003716725,-0.00013613470046973093,-0.01374333850464305,-2.7490526472051764,-3.1656865753549814,-710.4587625765988
4058.5057309189365,-0.0001352784960276529,-0.01382523251539493,-2.757370581278568,-3.724175332999444,-710.6872773087862
4059.1091614662,-0.0001343655053482936,-0.013906589953852492,-2.765737666203035,-4.284546414699203,-710.9111261333184
4061.182845517168,-0.00013078067252048932,-0.014181628456745674,-2.7948621244505936,-6.224256621970996,-711.6442042428525
4063.2565295681356,-0.00012647941744508987,-0.014448490332284144,-2.824548447784134,-8.184669392468026,-712.3199361530611
4063.859960115399,-0.00012508881193400032,-0.014524396685838551,-2.8332901094325864,-8.75884218298461,-712.5055541780423
4064.4633906626627,-0.00012363485929997716,-0.014599443250303781,-2.8420771994528233,-9.334615071824423,-712.6861352807877
4066.537074713631,-0.00011814585816883642,-0.014850264876331721,-2.872613999569746,-11.324991197166517,-713.2677287082798
4068.6107587645984,-0.00011188595538824487,-0.015088904745030595,-2.903658293934256,-13.332316931923959,-713.7877735530394
4069.2141893118624,-0.00010991806832125436,-0.015155830137943102,-2.912783713452882,-13.919389560374004,-713.9273222672956
4069.817619859126,-0.00010788466077795985,-0.015221548467590471,-2.921949033373047,-14.507709499361129,-714.0614999610306
4071.891303910094,-0.00010039532070118242,-0.015437634161949083,-2.9537405833029453,-16.53840307751356,-714.4811446108287
4073.9649879610615,-9.214063841741352e-05,-0.015637395792274106,-2.9859633012152575,-18.581475528833312,-714.8355926931333
4074.568418508325,-8.95970027361246e-05,-0.01569223141256574,-2.99541606645703,-19.178048049931977,-714.9263060085386
4075.1718490555886,-8.69912033428679e-05,-0.01574551553491596,-3.0049013390976316,-19.775449163369384,-715.0113714231204
4077.2455331065566,-7.756954443499694e-05,-0.015916258463999244,-3.0377330970355856,-21.83405593640771,-715.2602269646005
4079.3192171575242,-6.745676746368902e-05,-0.01606674726901886,-3.070897921535374,-23.899744224843943,-715.4410343747958
4079.9226477047882,-6.439022269480758e-05,-0.01610652864199329,-3.0806052385505294,-24.501866348546606,-715.4807343685203
4080.526078252052,-6.127062053472132e-05,-0.016144447600584103,-3.0903359017061836,-25.104343410930174,-715.5145867088966
4082.59976230302,-5.0162135216448e-05,-0.016260081053189785,-3.123938358323279,-27.17669983117277,-715.5860530063935
4084.6734463539874,-3.850223459070822e-05,-0.016352107286396265,-3.1577561252296205,-29.250282538647816,-715.5876391804175
4085.2768769012514,-3.501502222564427e-05,-0.01637428809872093,-3.167630328578103,-29.853577125852997,-715.5749047718114
4085.880307448515,-3.148881136348093e-05,-0.016394358316893887,-3.177517208121868,-30.45671549398252,-715.5562171100684
4087.953991499483,-1.9097286882607155e-05,-0.01644687087261774,-3.2115728802568,-32.527394143706914,-715.4464778587214
4090.0276755504506,-6.3425644091775085e-06,-0.01647331074271616,-3.245710413584836,-34.59312690994166,-715.2662199544569
4090.631106097714,-2.5742215519768947e-06,-0.016475999170472152,-3.2556518672573342,-35.1929680224114,-715.2005198574352
4091.2345366449777,1.215840575561117e-06,-0.016476413386655103,-3.265594217118948,-35.792127097468345,-715.1288667292894
4093.3082206959457,1.4377810054414336e-05,-0.016460270607624367,-3.2997490981263478,-37.84510642743699,-714.8372832110061
4095.3819047469133,2.76866096530241e-05,-0.016416681822767225,-3.3338420469380576,-39.886945180899566,-714.4758338512702
4095.9853352941773,3.157455852706648e-05,-0.016398798701732557,-3.3437431086692087,-40.478677204952454,-714.3576034954888
4096.588765841441,3.5465426130774384e-05,-0.016378575114338257,-3.3536326676109733,-41.06921289672561,-714.2335305823892
4098.662449892408,4.882866362614928e-05,-0.016291162022499462,-3.387510798781619,-43.08866356723197,-713.7628231720565
4100.736133943376,6.211414340002378e-05,-0.016176118420670654,-3.421179014343926,-45.09107482653702,-713.224199049353
4101.33956449064,6.595317252273141e-05,-0.016137474493283,-3.4309286295467962,-45.670250910842604,-713.0548483280054
4101.942995037904,6.977640174289055e-05,-0.016096524969097078,-3.4406542591425393,-46.24775463636661,-712.8798720916863
4104.016679088872,8.27650407378731e-05,-0.015938313087390375,-3.473873927596401,-48.21886048801004,-712.2360561091976
4106.09036313984,9.546142586889118e-05,-0.01575346989324426,-3.5067379021305602,-50.16763122993901,-711.5274775464769
4106.693793687103,9.908981917974059e-05,-0.015694766160765372,-3.5162264024464984,-50.73024488232002,-711.3093262566688
4107.297224234367,0.00010268532935233932,-0.01563388825481518,-3.5256788834262767,-51.29077275162912,-711.0858615870759
4109.370908285334,0.00011476435323551129,-0.015408344695376445,-3.5578690179645336,-53.200495267749005,-710.2779401544271
4111.444592336302,0.0001263654445031856,-0.015158248597381,-3.5895659893169722,-55.08345228884828,-709.4094384904323
4112.048022883566,0.0001296423329321191,-0.015081002332392986,-3.598689694839535,-55.62613649481023,-709.1455869999413
4112.65145343083,0.00013287240665282467,-0.015001796939843142,-3.6077662823869443,-56.16640341112158,-708.8768115402726
4114.725137481797,0.00014359493957093457,-0.014715036941766185,-3.6385816760303875,-58.00410649933413,-707.916263661212
4116.798821532765,0.00015369808302262373,-0.014406684007219877,-3.668780031575375,-59.81166948346165,-706.9001067430291
4117.402252080029,0.00015651523043238203,-0.014313083323690454,-3.6774452603904773,-60.33184299704959,-706.5942585906114
4118.005682627293,0.0001592757156569467,-0.014217802451792397,-3.6860536048371797,-60.849362158199206,-706.283931290009
4120.07936667826,0.00016831618495482368,-0.013878018658156074,-3.7151876452646615,-62.60723729682617,-705.1840613658569
4122.153050729228,0.0001766463596994105,-0.013520224250766794,-3.743598407297256,-64.33275757537473,-704.0340708128165
4122.756481276492,0.0001789333152217816,-0.013412936303033416,-3.7517245661473626,-64.82870682980536,-703.6903297596216
4123.359911823756,0.0001811579849482944,-0.013304288418442521,-3.759785688452519,-65.32186417573713,-703.3425865424438
4125.433595874723,0.0001883209261419589,-0.012921066963462883,-3.786979670876156,-66.99512869005268,-702.1178159745962
4127.507279925691,0.00019473046945226753,-0.012523772986159282,-3.8133643820980603,-68.63499981988508,-700.8486580253525
4128.110710472955,0.00019645287392320963,-0.012405743420019065,-3.820885990268725,-69.1058949094947,-700.4713232205767
4128.714141020219,0.00019811105120155323,-0.012286694056426408,-3.828336186476739,-69.57395803788161,-700.0904732718075
4130.7878250711865,0.00020331796667053423,-0.011870344553390201,-3.853384949347484,-71.1608328709056,-698.7556527996742
4132.8615091221545,0.00020776665443766635,-0.011443983715137381,-3.8775599547210664,-72.7143908201045,-697.3821766366896
4133.464939669418,0.00020891934658144387,-0.011318260128066972,-3.8844276459309697,-73.160242692608,-696.9755562273523
4134.068370216682,0.00021000860557716914,-0.011191859503615073,-3.8912193844893683,-73.60331218407774,-696.5658986429411
4136.142054267649,0.00021327038904221662,-0.010752858769878578,-3.913973627510476,-75.10481205706698,-695.1357042447511
4138.215738318617,0.00021579560739471318,-0.01030785782945609,-3.9358113004452138,-76.5740651883486,-693.6723820992648
4138.819168865881,0.00021639382298207103,-0.010177457067213519,-3.9419919922793625,-76.99563685201318,-693.2406393499887
4139.422599413145,0.00021693120728111413,-0.010046712569893677,-3.9480940049807325,-77.41455322806478,-692.8063134313852
4141.496283464112,0.00021831880405429217,-0.009595306425158504,-3.9684600478954137,-78.83413717674728,-691.2947651842327
4143.56996751508,0.00021900827293157957,-0.00914174669146723,-3.9878877841557103,-80.22337666996407,-689.7552640186783
4144.173398062344,0.00021908023863336204,-0.009009566468176645,-3.993364259087487,-80.62206340903842,-689.3023028211396
4144.776828609608,0.00021909510551943278,-0.008877358618357726,-3.998761069638048,-81.01828477436868,-688.8471781186315
4146.850512660575,0.00021871702333134754,-0.008423304429142757,-4.016698872362268,-82.36141868475184,-687.2672971915313
4148.924196711543,0.00021768980798811906,-0.007970707311466554,-4.03369662090904,-83.6767599995993,-685.6641887290572
4149.527627258807,0.00021727191943742743,-0.007839470842673476,-4.0384667286746305,-84.0544529679057,-685.1935790029657
4150.131057806071,0.00021680143180415485,-0.007708500732394315,-4.043157821923341,-84.42991751902257,-684.7211849944728
4152.204741857038,0.00021479083379400129,-0.007260905457705187,-4.058677904821861,-85.70359562208505,-683.0847839926247
4154.278425908006,0.00021218838568155216,-0.006818093183101461,-4.073274775753463,-86.95249480323518,-681.4293822778449
4154.88185645527,0.00021132333131341566,-0.006690311739545897,-4.077350394357557,-87.31144007307704,-680.9443211273963
4155.485287002534,0.0002104108882035875,-0.006563064661848043,-4.081349154518747,-87.66842524394231,-680.4578119960975
4157.558971053501,0.00020692233700842156,-0.006130265153875629,-4.094508787973017,-88.88068854622566,-678.7754003658191
4159.632655104469,0.00020290787286052867,-0.005705245087528742,-4.106778998042347,-90.07146748116784,-677.0777051177789
4160.2360856517325,0.00020164482111554907,-0.005583184304247902,-4.110184809280239,-90.41412974047228,-676.5810069079718
4160.8395161989965,0.00020034036072766226,-0.005461895968527969,-4.113517274849446,-90.75511685716276,-676.083154389834
4162.913200249964,0.00019555146907786466,-0.0050513408407311345,-4.124416043802648,-91.91459656500957,-674.3639335753222
4164.986884300932,0.0001903121263073276,-0.004651183407822702,-4.134474231902319,-93.05600164761978,-672.6326528096791
4165.590314848196,0.00018870736517228096,-0.0045368268686950325,-4.137246310235836,-93.38493901415245,-672.1267603241198
4166.19374539546,0.00018706800945412065,-0.004423446627467712,-4.139949740769663,-93.71248964872478,-671.6199667571578
4168.267429446427,0.0001811815259380934,-0.004041566968632263,-4.148724447819823,-94.82799481452693,-669.8718880789535
4170.341113497395,0.00017493009959960946,-0.003672272404835504,-4.156720305867493,-95.92880528445495,-668.1145133688397
4170.944544044659,0.00017304744866647787,-0.003567282226967305,-4.158904503732992,-96.24655945511111,-667.6015224472706
4171.547974591923,0.00017113786037336942,-0.0034634334436345403,-4.161025741401888,-96.56320747596648,-667.0878465023196
4173.62165864289,0.0001643824457030077,-0.0031155052791637487,-4.16784459244136,-97.64336901585028,-665.3177066936057
4175.695342693858,0.00015735730395892845,-0.0027818653747179985,-4.173956765063748,-98.71206486657803,-663.5406174522907
4176.298773241122,0.00015526789761667487,-0.002687542098068592,-4.175606883787918,-99.02106909466258,-663.0223085522717
4176.902203788386,0.00015315997280041486,-0.0025944822102137465,-4.17720050031669,-99.32923074261342,-662.5034972405242
4178.975887839353,0.0001457883449940392,-0.0022844912534504013,-4.182256553605738,-100.38220867130292,-660.7170508769821
4181.049571890321,0.00013825018790572982,-0.0019899593882567886,-4.186685812227613,-101.42670334008281,-658.9256289453965
4181.653002437585,0.00013603124356818062,-0.001907205561448429,-4.187861565644933,-101.72920948142716,-658.4035005882861
4182.256432984849,0.00013380273437561978,-0.001825790470623435,-4.188987804461485,-102.03111259444191,-657.8810226906585
4184.330117035816,0.00012608579435355145,-0.0015563169207725939,-4.192491739619127,-103.0643695059529,-656.0830962821766
4186.403801086784,0.00011830982128885018,-0.001302907074307284,-4.195453527297038,-104.09180918656706,-654.2818378490915
4187.0072316340475,0.00011604195673453393,-0.001232201119072642,-4.196218334460432,-104.38983414565052,-653.7571386017282
4187.610662181311,0.00011377360426908442,-0.0011628607445325686,-4.196940888498526,-104.68746677370646,-653.2322163595366
4189.684346232279,0.00010598900900362756,-0.0009350096709121594,-4.19911326745756,-105.70760775159582,-651.4268146719569
4191.758030283247,9.825093645260543e-05,-0.0007232531516315013,-4.200829842789549,-106.72423654227927,-649.6194322245866
4192.361460830511,9.60135991301123e-05,-0.0006646424799845942,-4.201248527742942,-107.01952771219783,-649.0931894758673
4192.964891377775,9.378434756403084e-05,-0.0006073766674774872,-4.201632236239719,-107.31460563516082,-648.5668269663901
4195.038575428742,8.619842783538141e-05,-0.0004207875166793545,-4.2026955871416405,-108.32728230602822,-646.7572273620981
4197.11225947971,7.875460072224931e-05,-0.0002497818390391647,-4.203388168697337,-109.3383699292802,-644.9467391630526
4197.715690026974,7.662007756651263e-05,-0.00020290500863735236,-4.2035246976299625,-109.63238848716621,-644.4197842570725
4198.319120574238,7.450107349004517e-05,-0.0001573092240090413,-4.20363329772743,-109.92634041007044,-643.8927921350959
4200.392804625205,6.734867727042196e-05,-1.0271681217915892e-05,-4.203804529260937,-110.93621423996547,-642.0816266651073
4202.466488676173,6.041756896626667e-05,0.00012216349221686314,-4.203685991737281,-111.94604035329434,-640.2704345839867
4203.069919223437,5.844609016677776e-05,0.00015802436394094348,-4.203601412463304,-112.23996046515434,-639.743424721255
4203.673349770701,5.6496012279161014e-05,0.00019270377803859873,-4.203495510817797,-112.533928855403,-639.216441805199
4205.747033821668,4.996641647367449e-05,0.0003030399925991257,-4.202979213273376,-113.54468601820255,-637.405769128294
4207.820717872636,4.371751360487294e-05,0.0004001269227115599,-4.202247850695496,-114.55657249100936,-635.5957274253007
4208.4241484199,4.19545643417128e-05,0.00042597348051048655,-4.201998572361013,-114.85129375459613,-635.0691651585186
4209.027578967164,4.021716599409421e-05,0.00045076506255390856,-4.2017339687565745,-115.1461485860387,-634.5426777132967
4211.101263018131,3.444730776125951e-05,0.0005281251477681498,-4.200717003847941,-116.16055657485305,-632.7340479071728
4213.174947069099,2.899675942093805e-05,0.0005938514439043263,-4.199551680965846,-117.17693737973238,-630.9265261400091
4213.778377616362,2.7472234334994908e-05,0.0006108871665623714,-4.199188172045762,-117.47310742188483,-630.4007773874266
4214.381808163626,2.5975672562240087e-05,0.0006270119326485587,-4.198814606641084,-117.7694697179538,-629.8751370224965
4216.4554922145935,2.1049128125111284e-05,0.0006757108220621146,-4.1974621840801545,-118.78946489747435,-628.0696523627145
4218.529176265562,1.6460533988957393e-05,0.0007145440159245873,-4.196019004576702,-119.8119827443865,-626.2655952926577
4219.1326068128255,1.5189272416852495e-05,0.0007240916516433853,-4.195584934543673,-120.11002681871639,-625.7409066542107
4219.7360373600895,1.3946776868420586e-05,0.000732880878358594,-4.1951452790169865,-120.40829885013815,-625.2163475960888
4221.809721411057,9.896968606003077e-06,0.0007575445470906092,-4.193598552747805,-121.43509426776711,-623.4147216837091
4223.883405462025,6.185853911388764e-06,0.0007741613647442301,-4.192009025135502,-122.46471357629851,-621.6147081712845
4224.486836009289,5.169154074825638e-06,0.000777586024073842,-4.1915408353800645,-122.76486820165515,-621.0912240464655
4225.090266556553,4.18062431614188e-06,0.0007804052665049373,-4.191070709816141,-123.0652674133159,-620.5678802481615
4227.16395060752,9.96914641559489e-07,0.0007857174947407601,-4.189445805174167,-124.09947111138808,-618.7704967843775
4229.237634658488,-1.8623767934567517e-06,0.0007847640854661043,-4.187816381125511,-125.13659807415824,-616.9747985226961
4229.841065205752,-2.634627725763083e-06,0.0007834062362235465,-4.187343242623794,-125.43894612895082,-616.4525781924599
4230.444495753016,-3.380437816912482e-06,0.0007815896131194638,-4.186871013130676,-125.74154026040267,-615.9305004054901
4232.518179803983,-5.7449163847329876e-06,0.0007720764951665311,-4.1852593129789915,-126.78327577366753,-614.1374717691864
4234.591863854951,-7.810985640584612e-06,0.0007579695990340979,-4.18367210305055,-127.82787783491429,-612.3461116110558
4235.195294402214,-8.35785619042142e-06,0.000753090457143681,-4.183216200372923,-128.13238299835396,-611.8251461428674
4235.798724949478,-8.880866360536335e-06,0.0007478875191885075,-4.18276329555857,-128.43712434548368,-611.304318781851
4237.872409000445,-1.0500597924061164e-05,0.000727746374136849,-4.181232763206997,-129.48614676921554,-609.5155436184763
4239.946093051413,-1.1856287146415257e-05,0.0007045201877708923,-4.179747195927166,-130.53786558439086,-607.728352425906
4240.549523598677,-1.2203269089083008e-05,0.0006972605556061861,-4.179324267827305,-130.84440452581612,-607.208581045425
4241.152954145941,-1.2529539575287387e-05,0.0006897966450339223,-4.178905743772455,-131.15116180170503,-606.6889384712193
4243.226638196908,-1.349798436659505e-05,0.0006627714119750672,-4.177503037561189,-132.20696456339388,-604.9041568933828
4245.3003222478765,-1.4241887237327388e-05,0.0006339707448979691,-4.17615821398929,-133.26521822597525,-603.1208273765053
4245.9037527951405,-1.4418463109814872e-05,0.0006253232116468762,-4.175778278360681,-133.57360943579238,-602.6021528429384
4246.5071833424045,-1.4577786419851221e-05,0.0006165731180680635,-4.175403559948395,-133.88219617679295,-602.0835945960384
4248.580867393372,-1.4999280471357168e-05,0.0005858747813607121,-4.174156693146263,-134.94410528115748,-600.3024393654316
4250.65455144434,-1.5237965011553012e-05,0.0005544919437451589,-4.172974194714657,-136.00817716735375,-598.5225752844963
4251.257981991604,-1.527541531404928e-05,0.0005452855162275444,-4.172642388549384,-136.31820576290872,-598.0048778040438
4251.861412538868,-1.5299152170524534e-05,0.0005360594187190152,-4.172316118361596,-136.6284046584718,-597.487282327775
4253.935096589835,-1.528174096422987e-05,0.0005043274436385465,-4.1712374330987805,-137.69565860253124,-595.7093244906055
4256.008780640803,-1.5123016611348648e-05,0.00047277809330801326,-4.170224360573576,-138.76477151539896,-593.9324838032811
4256.612211188067,-1.505254470343285e-05,0.0004636737456327737,-4.169941832210859,-139.0762097235008,-593.4156330935754
4257.215641735331,-1.4971792068041275e-05,0.00045461387917981546,-4.169664765197748,-139.3877926081674,-592.8988695723484
4259.289325786298,-1.462123893647242e-05,0.0004239129494375321,-4.16875401556215,-140.45960733341465,-591.1236573650931
4261.363009837266,-1.4168655592461602e-05,0.00039404474534532834,-4.167906066549954,-141.53298269537953,-589.3493883108945
4261.966440384529,-1.4019882815442037e-05,0.00038554002932575604,-4.167670866619108,-141.84560600452446,-588.8332535583713
4262.569870931793,-1.3864007789184248e-05,0.00037712619118848034,-4.167440758067569,-142.1583495332682,-588.3171916290662
4264.64355498276,-1.3279088432574171e-05,0.00034897160814108014,-4.166688130861922,-143.23396868889816,-586.5442819507703
4266.717239033728,-1.2627735524979569e-05,0.0003220988441321472,-4.165992558322251,-144.3108713408774,-584.7721515684477
4267.320669580992,-1.2427571464732084e-05,0.00031453955202051596,-4.1658004862146925,-144.6244705338539,-584.256609169791
4267.924100128256,-1.2223127233520716e-05,0.00030710143296156346,-4.165612931058439,-144.93816777178216,-583.7411264141596
4269.997784179223,-1.1492217509997177e-05,0.00028250623028466674,-4.165001869336723,-146.0168992258661,-581.9701086762748
4272.071468230191,-1.0725796506101619e-05,0.00025946352303200625,-4.164440200602025,-147.09666896805783,-580.1997237563182
4272.674898777455,-1.049767808797556e-05,0.00025306040092254434,-4.164285574103779,-147.4110583980579,-579.684662879305
4273.278329324719,-1.0267678770261332e-05,0.0002467947482427139,-4.164134766407281,-147.72552670122627,-579.1696501476994
4275.3520133756865,-9.46656338509588e-06,0.0002263317612235888,-4.16364449779417,-148.80676668835454,-577.4001627850629
4277.425697426655,-8.655636989192812e-06,0.00020754020686991132,-4.163194929939241,-149.8888380773305,-575.6311837008769
4278.029127973919,-8.419096997653499e-06,0.00020238884263371239,-4.163071256081529,-150.20386064839724,-575.1165098215711
4278.632558521183,-8.182624523303908e-06,0.0001973795986521008,-4.162950647878276,-150.51894630468107,-574.6018745567095
4280.70624257215,-7.373397996389566e-06,0.0001812522751923467,-4.162558354542004,-151.60219287523725,-572.8336148635411
4282.779926623118,-6.574671264008367e-06,0.00016679214524684393,-4.162197775562873,-152.68610501021757,-571.0657630617844
4283.383357170382,-6.345198652680864e-06,0.00016289436360806636,-4.162098310264376,-153.00163437611732,-570.5513997245303
4283.986787717646,-6.1172888776013215e-06,0.00015913413924897415,-4.162001158319163,-153.31721452392074,-570.037067539653
4286.060471768613,-5.348184545647431e-06,0.0001472506723134105,-4.161683756696386,-154.40207209593876,-568.2697957586518
4288.134155819581,-4.604644870339925e-06,0.0001369355782541717,-4.161389371474549,-155.48747021654907,-566.5028559069734
4288.737586366844,-4.3937781996912996e-06,0.00013422093581262924,-4.161307563796625,-155.8034107300805,-565.988745008311
4289.341016914108,-4.185541090645924e-06,0.00013163244327388132,-4.161227360951902,-156.11939308710254,-565.4746598249267
4291.414700965075,-3.4915061328373e-06,0.00012367873870401262,-4.160962885885958,-157.2055699261102,-563.7081985634246
4293.488385016043,-2.8332372198734475e-06,0.00011712715961858532,-4.1607134505076955,-158.2922006320978,-561.9420164567694
4294.091815563307,-2.6488441407245833e-06,0.0001154734174027982,-4.160643274121424,-158.60848556710644,-561.4281173766159
4294.695246110571,-2.4677570666297125e-06,0.00011392977192975154,-4.160574068494071,-158.92480648893587,-560.9142404459233
4296.768930161538,-1.8715882411691644e-06,0.0001094377546854228,-4.1603426778272015,-160.0121068789622,-559.1484705334161
4298.842614212506,-1.3170747520473455e-06,0.00010613881322283412,-4.160119365153735,-161.09980869228718,-557.3829478650192
4299.44604475977,-1.1637579021782915e-06,0.00010539055160428072,-4.1600555448553145,-161.41639722964888,-556.8692357637331
4300.049475307034,-1.014086449629954e-06,0.00010473363885931151,-4.1599921552153445,-161.73301858490856,-556.355543888469
4302.123159358001,-5.279493800524503e-07,0.0001031423755020769,-4.159776786969777,-162.82133132567046,-554.5903977459697
4304.1968434089695,-8.570055340283455e-08,0.00010251370165791706,-4.159563720448389,-163.91002216662406,-552.8254847791851
4304.8002739562335,3.471207052691235e-08,0.00010249851525499757,-4.159501865291204,-164.22689558867805,-552.3119483543971
4305.4037045034975,1.5142071802986188e-07,0.00010255489105639762,-4.159440004522318,-164.54380088919245,-551.7984316013158
4307.477388554465,5.242495159838845e-07,0.00010326291412495367,-4.159226729839836,-165.63308557835023,-550.033885089201
4309.551072605433,8.539100720341414e-07,0.00010469930767819635,-4.159011231736078,-166.72274853706003,-548.2695721457297
4310.154503152697,9.418398916012471e-07,0.00010524126380272073,-4.158947888686337,-167.0399060172756,-547.7562111050764
4310.757933699961,1.026226416448698e-06,0.00010583529541605282,-4.158884209419813,-167.35709618308798,-547.2428702594492
4312.831617750928,1.2895336392298026e-06,0.00010824331949475612,-4.158662330867841,-168.44736853449203,-545.4789338301275
4314.905301801896,1.5126414958508016e-06,0.00011115567916961255,-4.158434935918399,-169.53803710287988,-543.7152423612748
4315.508732349159,1.5702284432581813e-06,0.00011208593451371328,-4.158367579053558,-169.85549141334798,-543.2020648226264
4316.112162896423,1.6245953928049073e-06,0.00011305009953746732,-4.158299656553325,-170.17298048774458,-542.6889087911751
4318.18584694739,1.787435180607141e-06,0.00011659399663215746,-4.158061603869318,-171.26429771144694,-540.9256186159163
4320.259530998358,1.9146259276354166e-06,0.00012043860957403335,-4.157815890467597,-172.35604141253654,-539.1625924644555
4320.862961545622,1.945226849999502e-06,0.00012160325182924446,-4.157742860822217,-172.67381480519114,-538.6496124488692
4321.466392092886,1.9730380861637453e-06,0.00012278567825560238,-4.157669128181973,-172.9916258681516,-538.1366557712174
4323.540076143853,2.0480544528564366e-06,0.00012696012107044096,-4.157410202726598,-174.08407290885575,-536.3740653522756
4325.613760194821,2.0929500380148493e-06,0.00013125889363631649,-4.157142491885421,-175.17698403288108,-534.6117626569251
4326.217190742085,2.100680753156239e-06,0.0001325242065633656,-4.1570629023213055,-175.49510448472213,-534.0989977950004
4326.820621289349,2.1061129938620606e-06,0.0001337936648978266,-4.156982552228492,-175.8132659478925,-533.5862583795357
4328.894305340316,2.108043391307821e-06,0.00013816725024715955,-4.156700568089563,-176.90694315696558,-531.8244310100489
4330.967989391284,2.0858375724847e-06,0.00014251981318752393,-4.156409536313362,-178.00112509775568,-530.0629170616122
4331.571419938548,2.075179002344599e-06,0.00014377525658267244,-4.156323154462363,-178.31962304873724,-529.5503865935136
4332.174850485812,2.062732134504097e-06,0.00014502390369263929,-4.156236020400427,-178.63816545402327,-529.0378837537096
4334.2485345367795,2.007131814374564e-06,0.00014924684185810416,-4.155930884952775,-179.73317806563563,-527.2768860554888
4336.322218587748,1.9334061567967013e-06,0.0001533356894148951,-4.155617131496376,-180.8287355548017,-525.5162272887152
4336.925649135012,1.9088757306573106e-06,0.00015449494278574585,-4.1555242520952715,-181.1476412117901,-525.0039504032089
4337.529079682276,1.8830553245916883e-06,0.0001556391707220271,-4.155430680092995,-181.46659460123078,-524.4917032361898
4339.602763733243,1.7852617860033703e-06,0.0001594447829894967,-4.1551039505381775,-182.56304420271428,-522.7315998928867
4341.676447784211,1.6750444199657975e-06,0.00016303472080929113,-4.154769552966225,-183.66007556938217,-520.9718590935128
4342.279878331474,1.6409414622673368e-06,0.00016403516578045548,-4.154670868952522,-183.97941680227896,-520.4598536224458
4342.883308878738,1.6060088895896092e-06,0.00016501493189015492,-4.15457158902357,-184.2988086805128,-519.9478797433438
4344.956992929705,1.4803485687413104e-06,0.00016821625435456606,-4.154226034591788,-185.39678671525772,-518.1887294546974
4347.030676980673,1.3474122352495925e-06,0.00017114945294010775,-4.153874119630771,-186.4953781591476,-516.4299621773464
4347.634107527937,1.3076289874762504e-06,0.00017195046979722738,-4.153770599348993,-186.81517897681127,-515.9182436391073
4348.237538075201,1.2674230344026662e-06,0.0001727274822151736,-4.153666603745887,-187.13503285000417,-515.4065582625309
4350.311222126168,1.1266488877068832e-06,0.00017521024773985727,-4.15330579632997,-188.23461607037214,-513.6484108739538
4352.384906177136,9.83032588799258e-07,0.00017739814529889311,-4.152940146174279,-189.33483782727816,-511.8906630026525
4352.9883367244,9.409318675844442e-07,0.0001779785790730739,-4.152832922077986,-189.65511739149622,-511.37924397092627
4353.591767271664,8.987499837744922e-07,0.0001785336897729205,-4.1527253555328265,-189.9754518382268,-510.86785931424504
4355.665451322631,7.536885455223702e-07,0.00018024687073545464,-4.152353304929203,-191.07669953610352,-509.1107540234737
4357.739135373599,6.094184477045302e-07,0.00018166006060209343,-4.151978012772915,-192.1786037365872,-507.3540603608164
4358.342565920863,5.677641241840986e-07,0.00018201517723800967,-4.151868285192641,-192.49937585172225,-506.8429501228773
4358.945996468127,5.2630174650324e-07,0.00018234529857583443,-4.151758350523103,-192.8202040616338,-506.3318750944903
4361.019680519094,3.856816904831492e-07,0.0001832902591980649,-4.151379194465053,-193.92315684365568,-504.5758396013892
4363.0933645700625,2.4866178820157233e-07,0.00018394735104357442,-4.150998377331674,-195.0267768157425,-502.8202233426918
4363.696795117326,2.095995130130557e-07,0.00018408555986358508,-4.150887335278581,-195.34804981903054,-502.3094278039065
4364.30022566459,1.7093248654506242e-07,0.00018420037557570962,-4.150776216163983,-195.6693795232513,-501.7986679325664
4366.373909715557,4.1364170385252945e-08,0.00018441952419066875,-4.150393970135242,-196.77405936335336,-500.04371837721567
4368.447593766525,-8.259395178795606e-08,0.00018437580593979276,-4.150011542212923,-197.87941010476843,-498.28919131010923
4369.051024313789,-1.1752084893154922e-07,0.00018431537707469376,-4.149900301835936,-198.20118707653108,-497.7787130975983
4369.654454861053,-1.5191360155888137e-07,0.00018423407098516458,-4.149789103244879,-198.5230207888517,-497.2682706555252
4371.72813891202,-2.658385982567987e-07,0.0001837997381225602,-4.149407470733765,-199.6294320787362,-495.51441218113325
4373.801822962988,-3.7287830924321656e-07,0.0001831362997648798,-4.149026976437982,-200.73651161970508,-493.7609754466619
4374.405253510252,-4.0268087139621564e-07,0.0001829022566786331,-4.1489165366571426,-201.05879083274854,-493.2508141645356
4375.008684057516,-4.3186971202160514e-07,0.00018265043372080994,-4.148806242342391,-201.38112632112754,-492.74068843684535
4377.082368108483,-5.27390763776423e-07,0.00018165453345524792,-4.148428482759175,-202.4892576453667,-490.98791621564146
4379.156052159451,-6.15396547995383e-07,0.000180468344853344,-4.148052985657396,-203.5980490350001,-489.235561471903
4379.759482706715,-6.395752102635336e-07,0.00018008966300462608,-4.1479441996636,-203.92082456697503,-488.7257140625225
4380.362913253979,-6.631100814555888e-07,0.00017969658820292148,-4.147835645336836,-204.24365547986932,-488.2159017177757
4382.436597304946,-7.390513156551621e-07,0.0001782414540967453,-4.147464494281401,-205.35348186231457,-486.46420228766755
4384.510281355914,-8.073872843952767e-07,0.00017663672732324182,-4.1470965158183155,-206.4639555357608,-484.7129131292023
4385.113711903178,-8.258519786143591e-07,0.00017614392407665216,-4.146990076553113,-206.78721797598888,-484.2033742988837
4385.717142450442,-8.436845728528702e-07,0.00017564015978202368,-4.146883936803097,-207.1105345560286,-483.69386981971337
4387.790826501409,-9.001767844924082e-07,0.00017383079532951477,-4.1465215716883055,-208.2220199537586,-481.9432225950228
4389.864510552377,-9.494024469465311e-07,0.00017191181814230056,-4.146163072274807,-209.33413626953006,-480.19297609841897
4390.4679410996405,-9.623906750614311e-07,0.0001713349786912017,-4.1460595096589845,-209.65787346159726,-479.6837387713061
4391.0713716469045,-9.747893808081884e-07,0.0001707504606629085,-4.145956296355836,-209.9816632890852,-479.174534909503
4393.145055697872,-1.0129823713812554e-06,0.00016868831328162615,-4.145604339467753,-211.09476314544006,-477.4249137485107
4395.21873974884,-1.0445663037880032e-06,0.0001665538182541892,-4.145256733834882,-212.2084749189439,-475.67568203511985
4395.822170296104,-1.0525589707572135e-06,0.00016592106846179282,-4.1451564213685375,-212.53267269119763,-475.1667378050505
4396.425600843368,-1.0600279835216122e-06,0.00016528362834443,-4.145056491171027,-212.85692141081105,-474.6578260316396
4398.499284894335,-1.081811212548426e-06,0.00016306188828445168,-4.144716041962237,-213.97158511682744,-472.90920076518006
4400.572968945303,-1.097858738508175e-06,0.00016080092370784736,-4.144380240609999,-215.08684001410066,-471.160952493731
4401.176399492567,-1.1015039492278627e-06,0.0001601373339127337,-4.14428340898352,-215.4114828612185,-470.6522920503264
4401.779830039831,-1.1047049587519054e-06,0.0001594716495393111,-4.1441869775989035,-215.73617485630297,-470.1436629775884
4403.853514090798,-1.112449903462381e-06,0.00015717199138905823,-4.143858666238489,-216.85234800741932,-468.3960008249797
4405.927198141766,-1.1154565442673216e-06,0.00015486118554310227,-4.143535135200899,-217.969090699962,-466.6487025487675
4406.53062868903,-1.1154986845210062e-06,0.00015418806937254412,-4.1434418906981625,-218.29416238933058,-466.1403160602935
4407.134059236294,-1.115183875631682e-06,0.0001535150051191395,-4.143349051697911,-218.6192813786602,-465.6319598189667
4409.207743287261,-1.1115173116229083e-06,0.00015120562921211257,-4.143033106514171,-219.73690774886543,-463.885226638863
4411.281427338229,-1.1041556549918305e-06,0.00014890768782771123,-4.14272193839062,-220.85508176448485,-462.13884398293044
4411.884857885493,-1.1013774510209691e-06,0.00014824224658939016,-4.142632284097157,-221.18056585075706,-461.63072142438403
4412.488288432757,-1.0983299317065504e-06,0.0001475785331835066,-4.142543030331217,-221.5060953921399,-461.12262798513024
4414.561972483724,-1.0859435093561545e-06,0.00014531332537380846,-4.14223935266029,-222.6251185793599,-459.3767893284555
4416.635656534692,-1.0708875722023068e-06,0.00014307657095572265,-4.141940342812995,-223.74466781386815,-457.6312879608763
4417.239087081955,-1.0660603763522523e-06,0.00014243182647758048,-4.141854200929472,-224.07054805344293,-457.12341938101906
4417.842517629219,-1.0610485430773446e-06,0.000141790022606896,-4.1417684468739395,-224.39647194676962,-456.6155788144159
4419.9162016801865,-1.0425467986404106e-06,0.00013960863102181433,-4.14147668786041,-225.51683667033373,-454.870600763686
4421.989885731155,-1.022334879446271e-06,0.0001374673793901457,-4.141189410745025,-226.63770655008477,-453.12594715115307
4422.593316278419,-1.0161829296665585e-06,0.0001368523354884031,-4.141106644621585,-226.96396721420254,-452.61832287668085
4423.196746825683,-1.009923160705277e-06,0.00013624101132751556,-4.1410242483112,-227.29026980332435,-452.1107255503853
4425.27043087665,-9.877093914478284e-07,0.0001341696347807111,-4.140743883302006,-228.41192285640636,-450.36657534403577
4427.344114927618,-9.646440059140613e-07,0.00013214520556447244,-4.140467764996352,-229.53406116174673,-448.6227372951122
4427.947545474882,-9.578164927685662e-07,0.00013156517962396196,-4.140388199821656,-229.8606872523738,-448.1153480737668
4428.550976022146,-9.509491200914203e-07,0.00013098926413690858,-4.14030898333611,-230.1873536305088,-447.6079847890037
4430.624660073113,-9.271465283692383e-07,0.0001290419556343339,-4.140039380589849,-231.31024450745338,-445.8646312406617
4432.698344124081,-9.032281637228111e-07,0.0001271441262248184,-4.139773764644166,-232.43360188228402,-444.12157825021217
4433.301774671345,-8.962836090961676e-07,0.00012660119679980435,-4.139697206025668,-232.76057925900946,-443.61441533737684
4433.905205218609,-8.893555407234452e-07,0.00012606243534721894,-4.139620973798598,-233.08759538627365,-443.10727740955286
4435.978889269576,-8.657595573843973e-07,0.0001242427422732468,-4.139361455239685,-234.21167661695358,-441.36469114055404
4438.052573320544,-8.426497771812154e-07,0.00012247147569774744,-4.139105659938645,-235.33620680010154,-439.6223945561546
4438.656003867808,-8.360458442324028e-07,0.00012196499857747712,-4.139031909883487,-235.66352222901082,-439.11544975139617
4439.259434415072,-8.295039257107198e-07,0.0001214624741228189,-4.1389584643719335,-235.99087497327454,-438.6085290414714
4441.333118466039,-8.075607540549382e-07,0.00011976526115309668,-4.138708357011013,-237.11610220455134,-436.86668255056406
4443.406802517007,-7.865694459817973e-07,0.00011811256445629961,-4.138461722977213,-238.241762025066,-435.1251155863488
4444.01023306427,-7.80662103181874e-07,0.00011763971751692472,-4.1383905930170695,-238.56940316215486,-434.6183812275516
4444.613663611534,-7.748502276863059e-07,0.00011717039666023326,-4.138319747498386,-238.8970802759042,-434.11167013190413
4446.687347662501,-7.556562041298078e-07,0.00011558372539395662,-4.138078424890855,-240.0234121444925,-432.3705377293189
4448.7610317134695,-7.377475596276592e-07,0.00011403552373318066,-4.137840352651316,-241.1501613259615,-430.62967535514264
4449.3644622607335,-7.327926035016566e-07,0.00011359184928015621,-4.1377716740446235,-241.4781166482977,-430.1231442784339
4449.9678928079975,-7.279563873086147e-07,0.00011315112279215579,-4.137703262492862,-241.80610669473447,-429.61663568545026
4452.041576858965,-7.122727991643637e-07,0.00011165809108127987,-4.137470176204416,-242.9335045369882,-427.8761933197608
4454.115260909933,-6.98084729033832e-07,0.00011019603156107404,-4.137240153878743,-244.06130535620497,-426.136012054141
4454.718691457197,-6.942455248499355e-07,0.0001097759532001869,-4.137173784968828,-244.38956405395018,-425.6296775278702
4455.322122004461,-6.905377049659298e-07,0.00010935814897807713,-4.137107669102738,-244.7178562953933,-425.123364749503
4457.395806055428,-6.788160195302138e-07,0.00010793862092064733,-4.136882370594559,-245.84628373843626,-423.38358975539256
4459.469490106396,-6.686882039836343e-07,0.00010654174734407174,-4.136659992249952,-246.97510058194786,-421.6440673899072
4460.07292065366,-6.660429640257188e-07,0.00010613904610919804,-4.136595823159572,-247.30365242370317,-421.13792303062326
4460.676351200924,-6.635334799676259e-07,0.00010573790011411623,-4.136531896851721,-247.63223668465963,-420.6317997168115
4462.750035251891,-6.559465829768771e-07,0.00010437008307001206,-4.13631405049813,-248.76165916055425,-418.89267051042157
4464.823719302859,-6.499530065000661e-07,0.00010301634683152493,-4.136099025965352,-249.89145801942124,-417.1537857914627
4465.427149850123,-6.485057361179311e-07,0.00010262458804018771,-4.136036980871373,-250.22029320235913,-416.6478254692712
4466.030580397387,-6.471901272757247e-07,0.00010223366534707273,-4.135975172167103,-250.5491597185983,-416.1418855125247
4468.104264448354,-6.436659227977552e-07,0.0001008955119488426,-4.135764560292373,-251.6795439394858,-414.40338125889537
4470.177948499322,-6.416486209904433e-07,9.956310421721347e-05,-4.135556717367652,-252.81029187856996,-412.66511355033106
4470.781379046585,-6.413376139286745e-07,9.917601196849905e-05,-4.13549675463005,-253.13940087360663,-412.15933129029423
4471.384809593849,-6.411480725937708e-07,9.878907539316314e-05,-4.135437025652239,-253.468540137351,-411.65356872702745
4473.458493644816,-6.414027323644854e-07,9.745950558515208e-05,-4.135233546543442,-254.59985356522537,-409.91566900157954
4475.532177695784,-6.430043652447455e-07,9.612801109490882e-05,-4.135032826537939,-255.7315181989673,-408.17799794924036
4476.135608243048,-6.437128059828715e-07,9.573979139808468e-05,-4.13497493696232,-256.0608915999565,-407.67238783471214
4476.739038790312,-6.44526144316638e-07,9.53511190323943e-05,-4.134917281980457,-256.39029421002715,-407.16679674912575
4478.8127228412795,-6.480952012760108e-07,9.401106927011462e-05,-4.134720941825095,-257.52250455042247,-405.42948121245985
4480.886406892248,-6.527890498442635e-07,9.26624521801312e-05,-4.134527389392514,-258.6550535527304,-403.6923864286992
4481.489837439512,-6.54352249250616e-07,9.226806826263822e-05,-4.134471592892502,-258.98468193740933,-403.18694251171587
4482.093267986776,-6.559995672264744e-07,9.187272368908667e-05,-4.1344160348203065,-259.31433846192056,-402.68151694726635
4484.166952037743,-6.62266016029176e-07,9.050603748798212e-05,-4.13422693445823,-260.44741320659404,-400.9447650499503
4486.240636088711,-6.69382872282588e-07,8.912547491375543e-05,-4.134040682559134,-261.5808138783875,-399.2082258339924
4486.844066635975,-6.715971285589194e-07,8.872087942478904e-05,-4.133987023462256,-261.91068768764524,-398.7029420571148
4487.447497183239,-6.738700739274303e-07,8.831493934784915e-05,-4.133933609024649,-262.24058854569535,-398.1976759398895
4489.521181234206,-6.82089469730768e-07,8.690911559594212e-05,-4.133751926319732,-263.37449458553584,-396.46146667149657
4491.594865285174,-6.908417595227322e-07,8.548569488716648e-05,-4.133573177094369,-264.5087134997891,-394.72546177896123
4492.198295832437,-6.934699675503268e-07,8.506802350564745e-05,-4.133521718309794,-264.8388229407809,-394.22033191230724
4492.801726379701,-6.961287599344958e-07,8.464876723663038e-05,-4.133470512094939,-265.1689583085518,-393.71521898997094
4494.875410430668,-7.054521065734763e-07,8.319558053585572e-05,-4.133296480648041,-266.30366163448974,-391.97953068444883
4496.949094481636,-7.149562545352715e-07,8.172287269744434e-05,-4.133125482891559,-267.43866437531483,-390.2440381573426
4497.5525250289,-7.177355811346495e-07,8.129060233666938e-05,-4.133076299136979,-267.7689993530103,-389.73905575394986
4498.155955576164,-7.205142183019311e-07,8.085666608843973e-05,-4.133027376728847,-268.09935909876293,-389.2340895533416
4500.229639627131,-7.30010014943147e-07,7.935266753450374e-05,-4.132861261591407,-269.23482460535655,-387.4988997608033
4502.303323678099,-7.393086556600099e-07,7.782918211806953e-05,-4.132698285476576,-270.370575614663,-385.76389682733776
4502.906754225363,-7.419558555443888e-07,7.738225462817431e-05,-4.132651455750178,-270.70112569555727,-385.2590551994445
4503.510184772627,-7.445698999569474e-07,7.693375124573769e-05,-4.132604896127161,-271.0316993471586,-384.754229005351
4505.5838688235945,-7.532472017149858e-07,7.53806493418965e-05,-4.132446967152012,-272.1678907506365,-383.01951443850794
4507.6575528745625,-7.613331713122553e-07,7.381016657382948e-05,-4.132292276840718,-273.30435329303924,-381.2849774902357
4508.2609834218265,-7.635529942843007e-07,7.335007594857557e-05,-4.132247876326933,-273.6351077039236,-380.78026970852244
4508.8644139690905,-7.657056989050412e-07,7.288867770281423e-05,-4.132203753716507,-273.96588445170534,-380.2755765656054
4510.938098020058,-7.725402526162826e-07,7.129358852348523e-05,-4.132054257211849,-275.10276433135346,-378.5413131271535
4513.011782071026,-7.783845035214695e-07,6.968535342669695e-05,-4.131908082048418,-276.23990058504455,-376.8072177789534
4513.61521261829,-7.798770062715063e-07,6.92151912359627e-05,-4.131866173665473,-276.57084824885453,-376.30263669620376
4514.218643165554,-7.812691763081681e-07,6.874417005653863e-05,-4.131824549066246,-276.9018169857155,-375.7980694354697
4516.292327216521,-7.852347671733715e-07,6.711971444221899e-05,-4.131683678507275,-278.03934695435595,-374.0642323306455
4518.366011267489,-7.878202482870644e-07,6.54884664011596e-05,-4.131546183598672,-279.1771182323433,-372.3305535668734
4518.969441814752,-7.88292345156052e-07,6.50129169372423e-05,-4.131506809433022,-279.5082478421021,-371.82609186684016
4519.572872362016,-7.886317962469262e-07,6.453713319726673e-05,-4.131467722054467,-279.83939724174826,-371.3216431573558
4521.646556412983,-7.887386974255371e-07,6.290134787303478e-05,-4.131335588755731,-280.97753824739607,-369.588207093416
4523.720240463951,-7.871019966284205e-07,6.126714870933782e-05,-4.131206845914331,-282.1159053495831,-367.8549195008822
4524.323671011215,-7.862790464021423e-07,6.079242240971884e-05,-4.131170018840663,-282.4472054802552,-367.35056977233495
4524.927101558479,-7.85294784872636e-07,6.0318250567345316e-05,-4.131133477766167,-282.7785241132405,-366.84623219806116
4527.000785609446,-7.806368116830498e-07,5.869427088689483e-05,-4.131010082620645,-283.91723686958807,-365.11317166943763
4529.074469660414,-7.739187824790405e-07,5.708208632380797e-05,-4.130890042866209,-285.0561605613627,-363.38024975462815
4529.677900207678,-7.715611502732514e-07,5.6615777893010144e-05,-4.130855738719099,-285.38761981796574,-362.8760045895634
4530.281330754942,-7.69017971831546e-07,5.6150955204686333e-05,-4.130821715166638,-285.7190963036953,-362.37177075016353
4532.355014805909,-7.588289216518466e-07,5.456642100470044e-05,-4.130706922802259,-286.85834184163383,-360.63906040437433
4534.428698856877,-7.463348010324613e-07,5.300540566947022e-05,-4.130595391875828,-287.9977834487711,-358.90647898836494
4535.032129404141,-7.422549089642979e-07,5.25562622243168e-05,-4.130563542615328,-288.32939064729953,-358.4023311021513
4535.635559951405,-7.379729885158524e-07,5.21096458497578e-05,-4.130531963246848,-288.6610138383273,-357.8981937353961
4537.7092440023725,-7.216923962596841e-07,5.059577990026141e-05,-4.130425480218429,-289.8007541641345,-356.1658088103426
4539.782928053341,-7.029608882041132e-07,4.911821596776866e-05,-4.130322098830226,-290.9406762667658,-354.43354349010724
4540.386358600605,-6.970450238893989e-07,4.86958009378787e-05,-4.130292587221886,-291.27242064234264,-353.9294858598971
4540.989789147869,-6.909197717825351e-07,4.8277019288087036e-05,-4.130263329030381,-291.60417983511564,-353.42543798181936
4543.063473198836,-6.682667541243267e-07,4.6867331209208115e-05,-4.13016468792902,-292.74437867315453,-351.69335479987194
4545.137157249804,-6.431464270589161e-07,4.5507176541836525e-05,-4.130068918717019,-293.8847458733292,-349.9613824591527
4545.740587797067,-6.353763020139167e-07,4.512141716638305e-05,-4.130041575118416,-294.2166173075259,-349.4574084752266
4546.344018344331,-6.274022541540117e-07,4.4740403732322654e-05,-4.130014462491929,-294.548502471218,-348.9534435324954
4548.417702395298,-5.98454990222077e-07,4.346898203243599e-05,-4.129923014083077,-295.6891260600943,-347.22164003079837
4550.491386446266,-5.671849519594673e-07,4.225999616212586e-05,-4.12983413746503,-296.8299057881785,-345.48993937749583
4551.09481699353,-5.576623878791116e-07,4.192060661444978e-05,-4.129808739365743,-297.16189504467565,-344.98604300036055
4551.698247540794,-5.479557860841211e-07,4.158700888042199e-05,-4.129783543979775,-297.493897056958,-344.4821550274756
4553.771931591761,-5.13232728477173e-07,4.048638074981757e-05,-4.129698459639071,-298.6349149582975,-342.75061129737037
4555.845615642729,-4.7652316721016664e-07,3.945981696045201e-05,-4.129615580860342,-299.7760782734263,-341.01916339772686
4556.449046189993,-4.6549222964180344e-07,3.9175595453916755e-05,-4.12959185584902,-300.10817722823464,-340.5153393118162
4557.052476737257,-4.543150912334678e-07,3.8898058140620986e-05,-4.129568300061616,-300.44028810386413,-340.0115230837505
4559.126160788224,-4.148526023976144e-07,3.7996621289061776e-05,-4.129488586824088,-301.58167397260183,-338.2802218853868
4561.199844839192,-3.739592710409222e-07,3.717850072887039e-05,-4.1294106564959465,-302.7231963020939,-336.54901065838885
4561.803275386456,-3.6182823761869363e-07,3.695650760981981e-05,-4.1293882893147975,-303.0553981515595,-336.04525441123326
4562.40670593372,-3.4960788148008267e-07,3.6741838328699536e-05,-4.129366053720048,-303.3876112466823,-335.541505580169
4564.4803899846875,-3.070275073338166e-07,3.606090156237599e-05,-4.129290584151953,-304.52934350159313,-333.8104327916396
4566.5540740356555,-2.638129009015952e-07,3.546892063749176e-05,-4.129216434398412,-305.6712052543145,-332.07944542049944
4567.1575045829195,-2.5116972323901374e-07,3.5313555250664334e-05,-4.129195078680029,-306.0035046813107,-331.575753534361
4567.7609351301835,-2.3851558532228886e-07,3.5165791736441835e-05,-4.1291738144036065,-306.33581485358656,-331.0720687373226
4569.834619181151,-1.9507294648225538e-07,3.471630069940563e-05,-4.129101373206468,-307.4778771775096,-329.34121369152354
4571.908303232119,-1.520456525347601e-07,3.435646532262428e-05,-4.129029771152964,-308.62006415748687,-327.61044090336304
4572.511733779382,-1.3966841121306054e-07,3.426847224857165e-05,-4.129009066305628,-308.9524574337985,-327.1068109447501
4573.115164326646,-1.2737956701422175e-07,3.418788327443045e-05,-4.1289884124895835,-309.284861136124,-326.6031878673977
4575.188848377613,-8.598574789502668e-08,3.396695380371027e-05,-4.128917761216035,-310.4272427278938,-324.87254352490356
4577.262532428581,-4.6308610108422926e-08,3.38300821081562e-05,-4.128847480925769,-311.5697462680439,-323.14197968550286
4577.865962975845,-3.5164220131311554e-08,3.380553165079235e-05,-4.12882707443191,-311.9022312692892,-322.63841027687903
4578.469393523109,-2.4228732545176546e-08,3.378759822138721e-05,-4.128806681145753,-312.234726553343,-322.13484765769476
4580.543077574076,1.1565534539051109e-08,3.3775030363701e-05,-4.128736641617279,-313.3774220489515,-320.40441056094716
4582.616761625044,4.4108323559627886e-08,3.383331723768209e-05,-4.128666554685404,-314.52023878176624,-318.67405352938584
4583.220192172308,5.287615910332902e-08,3.38626202960551e-05,-4.1286461297969765,-314.852814890624,-318.17054428699214
4583.823622719572,6.129677033445912e-08,3.3897058940134895e-05,-4.1286256863220006,-315.1854012960237,-317.6670418457886
4585.897306770539,8.736400846287278e-08,3.405205737972016e-05,-4.128555242271322,-316.3284102762116,-315.9368117996103
4587.970990821507,1.0845056545076632e-07,3.4255946855743046e-05,-4.128484426110565,-317.4715414598692,-314.20666248860766
4588.574421368771,1.1355072258821632e-07,3.432297952411455e-05,-4.128463734562201,-317.8042093342484,-313.7032138708543
4589.177851916035,1.1815091713882853e-07,3.439288473811308e-05,-4.128443002623985,-318.13688764016075,-313.19977214619536
4591.251535967002,1.2990613540979836e-07,3.465126291945964e-05,-4.128371417736772,-319.2802136467452,-311.46975157287477
4593.32522001797,1.3482016948451403e-07,3.4926924482171586e-05,-4.128299279134704,-320.4236639726586,-309.73981316544536
4593.928650565234,1.3485957457095677e-07,3.500835195041367e-05,-4.128278178053249,-320.75642515812325,-309.23642621804686
4594.532081112498,1.3423919201120587e-07,3.508954878670407e-05,-4.128257029126561,-321.0891969770762,-308.73304630003
4596.605765163466,1.2682335351082273e-07,3.536174032591888e-05,-4.128183978045231,-322.232845972078,-307.00323922477577
4598.679449214434,1.1066411514466906e-07,3.5609488234684416e-05,-4.128110387868827,-323.37662179453264,-305.273516007257
4599.282879761697,1.0421479934107103e-07,3.567438931734193e-05,-4.12808887954542,-323.7094781651207,-304.77019199439707
4599.886310308961,9.694668990417741e-08,3.573509859365115e-05,-4.128067334836344,-324.04234536384735,-304.2668751425376
4601.959994359928,6.54798920947651e-08,3.5905335861007465e-05,-4.127993041853287,-325.1863235849838,-302.53728577773217
4604.033678410896,2.3443146081895487e-08,3.599936156510682e-05,-4.127918474871272,-326.3304305362494,-300.80778156400794
4604.63710895816,9.128404509363561e-09,3.6009263132578024e-05,-4.12789674749622,-326.66338355506207,-300.30452147953565
4605.240539505424,-6.151383576740816e-09,3.601018905018381e-05,-4.127875018635888,-326.99634749473023,-299.80126862038816
4607.314223556391,-6.624487964049423e-08,3.5937229667944735e-05,-4.12780039681258,-328.1406586888965,-298.0718995353965
4609.387907607359,-1.3851442123955824e-07,3.572703072563612e-05,-4.12772606857972,-329.2850986747085,-296.3426156777961
4609.991338154623,-1.619115730158697e-07,3.56364636031955e-05,-4.127704535446348,-329.61814847547333,-295.83941963690916
4610.594768701887,-1.8639472346246405e-07,3.5531415213902495e-05,-4.127683063335448,-329.95120907377424,-295.33623074272674
4612.668452752854,-2.789920872010495e-07,3.505119681831092e-05,-4.127609844735559,-331.0958511271787,-293.607080630446
4614.742136803822,-3.849813144254258e-07,3.436507549951132e-05,-4.127537835445699,-332.2406187380095,-291.8780136396479
4615.345567351086,-4.1839237386254716e-07,3.412275849474627e-05,-4.12751716954148,-332.5737630412609,-291.3748801597871
4615.94899789835,-4.529690382741417e-07,3.385991052296127e-05,-4.127496658200211,-332.9069176715627,-290.8717535179857
4618.022681949317,-5.807931090799665e-07,3.279048652368328e-05,-4.127427503948804,-334.0518787011018,-289.14281459998494
4620.096366000285,-7.226446173950793e-07,3.1441451550725955e-05,-4.127360857257295,-335.19695712383367,-287.4139534292651
4620.699796547548,-7.665729068128655e-07,3.0992196263154706e-05,-4.127342017622619,-335.5301900162638,-286.910878618984
4621.303227094812,-8.116891202273896e-07,3.0516079769932634e-05,-4.127323459371581,-335.86343227419883,-286.4078100124082
4623.37691114578,-9.758060591227259e-07,2.866512826154656e-05,-4.127262036510159,-337.0086862986945,-284.6790651610806
4625.450595196748,-1.1538033029541773e-06,2.6459458390995238e-05,-4.127204819724262,-338.1540428701098,-282.95038824891714
4626.054025744012,-1.2081730529927777e-06,2.5746862989662974e-05,-4.127189065523569,-338.4873534926577,-282.4473649351174
4626.657456291276,-1.263677749173012e-06,2.5001150517407925e-05,-4.12717375340072,-338.82067187773174,-281.94434676489186
4628.731140342243,-1.462970287395208e-06,2.2176249896663867e-05,-4.127124764189608,-339.966174248266,-280.2157664626894
4630.804824393211,-1.6750091392445817e-06,1.892486360429286e-05,-4.127082075128123,-341.11175585433466,-278.48723867097556
4631.408254940475,-1.7390113778429336e-06,1.7894827350953157e-05,-4.127070963105021,-341.4451270630982,-277.98425550774226
4632.011685487739,-1.8040040826768627e-06,1.6825939498636293e-05,-4.127060486173072,-341.77850364154347,-277.4812759034371
4634.085369538706,-2.0346507238857697e-06,1.284766386167865e-05,-4.127029634813087,-342.9241864749216,-275.7528152044511
4636.159053589674,-2.2757308994310407e-06,8.3802820365625e-06,-4.127007540265688,-344.0699150654467,-274.0243848355456
4636.762484136938,-2.347679293822545e-06,6.98532339213995e-06,-4.127002901208793,-344.4033221486563,-273.5214254512938
4637.365914684202,-2.4203663913568057e-06,5.5468332737351e-06,-4.126999118392594,-344.7367312829102,-273.0184674266311
4639.439598735169,-2.6753650822418923e-06,2.6453626037478254e-07,-4.1269930003276984,-345.88249920798177,-271.29006313217974
4641.513282786137,-2.93714318032217e-06,-5.553576645579474e-06,-4.126998391634303,-347.02826776112073,-269.5616592540741
4642.116713333401,-3.0143498826532237e-06,-7.3492773590469585e-06,-4.127002281732435,-347.36167731408585,-269.05870150697496
4642.720143880665,-3.0919250178016316e-06,-9.191528480617438e-06,-4.127007270115415,-347.6950845628108,-268.55574223247055
4644.793827931632,-3.3607078176639143e-06,-1.588160068365625e-05,-4.1270331703725684,-348.84081115176923,-266.82731053673155
4646.8675119826,-3.631161243035115e-06,-2.313077566668045e-05,-4.127073523427005,-349.9864804827541,-265.09884088812623
4647.470942529863,-3.7098501285227987e-06,-2.5345761974907855e-05,-4.1270881470081715,-350.3198495594963,-264.5958563117107
4648.074373077127,-3.7884113683996998e-06,-2.760799988362852e-05,-4.127104121177717,-350.6532108685466,-264.0928665873385
4650.1480571280945,-4.0566034898872786e-06,-3.574289371337177e-05,-4.127169710824826,-351.7987361793747,-262.3643014872346
4652.2217411790625,-4.319861007426673e-06,-4.442881686328645e-05,-4.127252741001879,-352.9441330370245,-260.6356512687649
4652.8251717263265,-4.395132511338115e-06,-4.7058407652121365e-05,-4.127280342191384,-353.27740871062224,-260.1326047988152
4653.4286022735905,-4.469655331485604e-06,-4.9732958607830204e-05,-4.127309542315039,-353.6106700281752,-259.62954881859207
4655.502286324558,-4.719037268656337e-06,-5.92624248114568e-05,-4.127422466270067,-354.7557997242488,-257.90072160904754
4657.575970375526,-4.955436187251161e-06,-6.929556902151664e-05,-4.127555673561695,-355.90071665150043,-256.17175348793376
4658.17940092279,-5.021303661681372e-06,-7.23059053148476e-05,-4.127598395909748,-356.2338361231717,-255.66860356666425
4658.782831470054,-5.085685336986679e-06,-7.535526789685032e-05,-4.127642943794795,-356.56693357951053,-255.165439071347
4660.856515521021,-5.294419394279282e-06,-8.612165073316978e-05,-4.12781029904694,-357.711440111513,-253.4361992569489
4662.930199571989,-5.4808509874150145e-06,-9.729775792288096e-05,-4.128000405194885,-358.85563755544376,-251.70675491406263
4663.533630119253,-5.530364353282402e-06,-0.00010062027007381143,-4.128060120343796,-359.1885289530679,-251.20345406641982
4664.137060666517,-5.577559588703746e-06,-0.00010397166124038674,-4.128121844809955,-359.5213897452297,-250.70013297854246
4666.210744717484,-5.720741548988436e-06,-0.00011569184465054059,-4.128349555692879,-360.66501607191077,-248.97031091953457
4668.284428768452,-5.831343961666419e-06,-0.00012767516236399315,-4.128601843361915,-361.80822720737183,-247.24021444426026
4668.887859315716,-5.856819498683286e-06,-0.00013120197639943418,-4.1286799523521465,-362.1408112053867,-246.73671041220504
4669.49128986298,-5.8790821539816385e-06,-0.0001347428806624019,-4.128760187832403,-362.4733553169178,-246.23318003773957
4671.564973913947,-5.929673747517531e-06,-0.00014699418457713093,-4.129052294297886,-363.6158215974215,-244.50259160636043
4673.638657964915,-5.936924925507925e-06,-0.00015930546230824878,-4.129369868280271,-364.7577602689337,-242.77165499020148
4674.242088512178,-5.930293970442607e-06,-0.0001628863491154756,-4.129467082105125,-365.08995264113673,-242.2678924925493
4674.845519059442,-5.9195407572337194e-06,-0.00016646168305077563,-4.129566447450628,-365.42209550533744,-241.76409735406125
4676.919203110409,-5.849728680126289e-06,-0.0001786738769146042,-4.129924333184745,-366.5631091092612,-240.03255080172443
4678.992887161377,-5.725979542014716e-06,-0.00019068537837598986,-4.130307335064183,-367.70348119068365,-238.30058169215926
4679.596317708641,-5.679268288136394e-06,-0.0001941269173763278,-4.1304234445065635,-368.03519637321654,-237.79650484885212
4680.199748255905,-5.6275729366140584e-06,-0.00019753848733955882,-4.13054161243519,-368.3668525523265,-237.29238918511206
4682.273432306873,-5.410584256329935e-06,-0.00020899429297675117,-4.130963211848745,-369.5061215969184,-235.55969430882476
4684.347116357841,-5.130054311048938e-06,-0.00021993425039449645,-4.131408032130626,-370.6446399103403,-233.8265060583909
4684.950546905105,-5.03599811619535e-06,-0.00022300192154476258,-4.131541680638131,-370.9757956020033,-233.3220614785529
4685.553977452369,-4.936221448364612e-06,-0.00022601089097669264,-4.131677152013069,-371.30688350272953,-232.81757240484103
4687.627661503336,-4.548603392846379e-06,-0.00023585745099864044,-4.132156188170084,-372.44413393292405,-231.08355195218672
4689.701345554304,-4.089836472270609e-06,-0.0002448264435076356,-4.132654733082692,-373.5805366509185,-229.34897583497565
4690.304776101568,-3.9426272277348425e-06,-0.0002472503679309303,-4.132803210294688,-373.9110594101777,-228.84411631822573
4690.908206648832,-3.7891781608481032e-06,-0.0002495834523699114,-4.132953111278532,-374.24150698612146,-228.3392075906047
4692.981890699799,-3.2135213703916477e-06,-0.0002568572099214877,-4.133478430071273,-375.3765029570476,-226.60371065941254
4695.055574750767,-2.562263560132308e-06,-0.0002628588508533618,-4.134017513355065,-376.51057513126403,-224.86760993224726
4695.659005298031,-2.3584138133769756e-06,-0.0002643438575458746,-4.1341765906662715,-376.84040684273424,-224.36229867397734
4696.262435845295,-2.148124724485384e-06,-0.00026570391430063103,-4.134336514535913,-377.1701581455589,-223.85693494118487
4698.336119896262,-1.376144839221873e-06,-0.0002693710979917878,-4.134891592986752,-378.3027251458786,-222.11985191895297
4700.40980394723,-5.285146732998488e-07,-0.00027135900191697904,-4.135452534870086,-379.43432265872514,-220.38213718520652
4701.013234494493,-2.6779206396924594e-07,-0.00027159953882775826,-4.135616367694721,-379.76342763656726,-219.8763523114042
4701.616665041757,-8.565302874240228e-10,-0.0002716810405586544,-4.13578028628022,-380.092449970423,-219.3705136724085
4703.690349092724,9.6336644879914e-07,-0.0002706951742892932,-4.136343002810352,-381.22249974130614,-217.6317920320746
4705.764033143692,1.997635570688243e-06,-0.0002676371874220426,-4.136901526503604,-382.3515745732455,-215.89243713503436
4706.367463690956,2.3112685329050907e-06,-0.0002663372754210122,-4.1370626498645136,-382.67994694780515,-215.3861763249009
4706.97089423822,2.6303584701066937e-06,-0.00026484682822602775,-4.137222921344147,-383.008238259042,-214.87986294292384
4709.0445782891875,3.767189624717973e-06,-0.00025822353631539517,-4.137765680382141,-384.13579413336043,-213.13952298228688
4711.1182623401555,4.9616273224177845e-06,-0.0002491830868859845,-4.138292198594833,-385.2624193968923,-211.39858043045928
4711.7216928874195,5.319121621678408e-06,-0.00024608120134514774,-4.138441642857597,-385.5900903009378,-210.8918653210217
4712.3251234346835,5.680693088984574e-06,-0.0002427629591968112,-4.138589142649854,-385.9176863046846,-210.38510178144176
4714.398807485651,6.95199010622088e-06,-0.0002296713080449668,-4.139079444601198,-387.0429071403953,-208.6432511814901
4716.472491536619,8.260586997945487e-06,-0.00021390471446702144,-4.139539825111621,-388.1672998809536,-206.90086590623577
4717.075922083883,8.647025048243848e-06,-0.00020880317736795073,-4.139667377276593,-388.49434382126503,-206.39374591645384
4717.679352631147,9.035459027130268e-06,-0.00020346869822594508,-4.139791777177064,-388.82132423634255,-205.88658496025946
4719.753036682114,1.038208235967663e-05,-0.00018333721694750052,-4.140193317859005,-389.9445246761962,-204.1434308537983
4721.826720733082,1.1737048311068829e-05,-0.00016040461436387125,-4.140550207889006,-391.0670640108435,-202.3998509279933
4722.430151280346,1.2131044035852467e-05,-0.00015320272101840895,-4.1406448406881795,-391.39360368911645,-201.89240609223614
4723.03358182761,1.2524200939320781e-05,-0.00014576444468002728,-4.140735058014526,-391.7200968326871,-201.3849313101085
4725.107265878577,1.3864249211143836e-05,-0.00011839865979915336,-4.1410094283054795,-392.84176122496405,-199.64078839992007
4727.180949929545,1.5174606687117304e-05,-8.82848228543797e-05,-4.141224201308911,-393.96299902124383,-197.8963712061153
4727.784380476808,1.5547969726685885e-05,-7.901451180673138e-05,-4.14127468711024,-394.28920776748276,-197.38871356824333
4728.387811024072,1.5916889058177824e-05,-6.952161830533944e-05,-4.1413195201224005,-394.6153926633218,-196.88104060264416
4730.461495075039,1.7144950690337936e-05,-3.5228450397220613e-05,-4.141428555716511,-395.73617967064337,-195.1363337456997
4732.535179126007,1.829626186264036e-05,1.5317512288586106e-06,-4.1414639201910335,-396.8568407091355,-193.39154596934873
4733.138609673271,1.8614014220893823e-05,1.2669333875557552e-05,-4.141459639123464,-397.1829416257546,-192.88381905747835
4733.742040220535,1.8922976191314964e-05,2.3994386972961075e-05,-4.141448597120808,-397.50904672012786,-192.37609482967005
4735.815724271502,1.991070282153252e-05,6.428162124149915e-05,-4.141357399109176,-398.6297814789749,-190.63135440433607
4737.88940832247,2.0766236523784415e-05,0.00010648002528664902,-4.141180676521237,-399.750749949434,-188.88676413528304
4738.492838869734,2.098706987556177e-05,0.00011907919156846041,-4.141112618134374,-400.0770108515483,-188.37914001166183
4739.096269416998,2.11941081502018e-05,0.00013180563074433402,-4.141036944246295,-400.40330842485463,-187.8715394655095
4741.169953467966,2.179241045573484e-05,0.00017640950030675058,-4.140717553365518,-401.5249591540541,-186.1273877565411
4743.243637518934,2.2196041586445078e-05,0.0002220522165626016,-4.140304591031905,-402.6472484627706,-184.3836469066654
4743.847068066198,2.227329907786989e-05,0.00023547122020076475,-4.140166536175266,-402.9739717557546,-183.87632026657468
4744.450498613462,2.233124562313196e-05,0.00024892905360716575,-4.14002040795584,-403.30076718226576,-183.36904010123908
4746.524182664429,2.2374382982152234e-05,0.000295327011136179,-4.139456068902106,-404.42440342720437,-181.62616687578344
4748.597866715397,2.215547647567537e-05,0.00034154272382632566,-4.138795704102953,-405.5491066911071,-179.88398207199668
4749.20129726266,2.2038727110605993e-05,0.00035487906067348203,-4.1385855587199085,-405.8766134635939,-179.37716085444023
4749.804727809924,2.1896857278093503e-05,0.00036813535163792235,-4.138367436423713,-406.20422861841774,-178.87040970863552
4751.878411860891,2.1208633286116057e-05,0.0004128861895997218,-4.1375573344806975,-407.33095889786676,-177.12953513880808
4753.952095911859,2.018909277155285e-05,0.0004558663455515098,-4.136656269356251,-408.4591781989941,-175.3896252629952
4754.555526459123,1.98263452573165e-05,0.0004679421818426088,-4.136377504939098,-408.7877860349363,-174.88351724653333
4755.158957006387,1.9432663962183604e-05,0.0004797878351322593,-4.136091580225075,-409.1165363826751,-174.37750181142536
4757.232641057354,1.783484589277747e-05,0.0005184972415287464,-4.135055872306771,-410.2474238893071,-172.63932498108653
4759.306325108322,1.5838398184331634e-05,0.0005534799621159975,-4.133943757294259,-411.3801773603266,-170.90236367327222
4759.909755655586,1.517896379650558e-05,0.0005628411581994903,-4.133606894517427,-411.71017168432354,-170.39715858651368
4760.51318620285,1.4483140915158408e-05,0.0005717916916676639,-4.133264574012385,-412.0403369031746,-169.89206518777752
4762.586870253817,1.1806087913884765e-05,0.0005991288407887088,-4.1320494727855035,-413.17629307016057,-168.15719670062617
4764.660554304785,8.66972567410697e-06,0.0006204383966762424,-4.130783932610465,-414.3144001321086,-166.423738533487
4765.263984852049,7.667696633757012e-06,0.0006253705346554078,-4.130407986139982,-414.6459992809339,-165.9195853480922
4765.867415399313,6.624608419193302e-06,0.00062968422100898,-4.130029325821314,-414.9777876605046,-165.41555668812967
4767.9410994502805,2.7199188087831265e-06,0.0006394608048960795,-4.128711932668175,-416.1194447670463,-163.6844345120544
4770.0147835012485,-1.6927672757097834e-06,0.0006406135841209643,-4.127383207492046,-417.26339124470167,-161.9548243390111
4770.6182140485125,-3.074519806328657e-06,0.000639178067366393,-4.126996992491382,-417.59670587168125,-161.45180368106975
4771.2216445957765,-4.500742271240843e-06,0.0006368944548607295,-4.126611981589257,-417.93021313753036,-160.94891071824566
4773.295328646744,-9.745970432974432e-06,0.0006222159851216819,-4.125304506806436,-419.0777785511899,-159.221699528708
4775.369012697712,-1.5530069794309728e-05,0.0005961018450938893,-4.124039327515746,-420.22756479383094,-157.49596588063423
4775.972443244975,-1.7315539725623053e-05,0.0005861944523957287,-4.123682513608372,-420.56255261233406,-156.99405794545268
4776.575873792239,-1.9147129459479274e-05,0.0005751955463356795,-4.123332092394451,-420.8977162246101,-156.4922673596827
4778.649557843206,-2.5795081845822752e-05,0.0005286919192965077,-4.12218505538176,-422.05081218285795,-154.7687434548926
4780.723241894174,-3.2988997983781006e-05,0.0004678364612601162,-4.1211493327802895,-423.205788519771,-153.04647897208065
4781.326672441438,-3.518456355204707e-05,0.0004472696678685866,-4.120873121173845,-423.54220571782326,-152.5455280009627
4781.930102988702,-3.742563651410576e-05,0.00042536494630799227,-4.120609807597815,-423.8787560050537,-152.04466639536193
4784.003787039669,-4.547242739037357e-05,0.00033950320736802087,-4.119813782817539,-425.036249813083,-150.32409287243743
4786.077471090637,-5.40426782261446e-05,0.00023641222124178772,-4.11921367216344,-426.1949444685946,-148.604327699291
4786.680901637901,-5.663272449453875e-05,0.00020302133489035176,-4.119080968004858,-426.53229532081315,-148.10400499354216
4787.284332185165,-5.926493201491386e-05,0.00016805650448572325,-4.118968965270692,-426.86970498685736,-147.60372192507637
4789.358016236132,-6.862592327502447e-05,3.553443901053463e-05,-4.118754435624615,-428.0295349775962,-145.88472224937044
4791.4317002871,-7.845302969553737e-05,-0.00011688265252901537,-4.118835342871233,-429.1894798218083,-144.16580005582418
4792.035130834364,-8.139598065618063e-05,-0.00016511083364321836,-4.118920298065527,-429.52696605683417,-143.66556864213138
4792.638561381628,-8.437461479666092e-05,-0.00021512282629402768,-4.1190349592454965,-429.86439961345366,-143.1653017341583
4794.712245432595,-9.487168769632891e-05,-0.0004009090015921888,-4.119669859058623,-431.0234021328368,-141.445743970609
4796.785929483563,-0.0001057386763841588,-0.0006088463337792947,-4.1207129879507285,-432.18096137874073,-139.7252145891565
4797.389360030827,-0.00010896392105008027,-0.000673625764356067,-4.121099801850013,-432.5174327530405,-139.22429993591456
4797.992790578091,-0.00011221498009975716,-0.0007403551867617976,-4.121526341129097,-432.8536973123455,-138.72324661894413
4800.066474629059,-0.00012356759668894022,-0.0009847842273776036,-4.123310928269398,-434.0074395154593,-137.00015507751044
4802.140158680027,-0.00013515309663712332,-0.0012529964712047986,-4.1256270434374045,-435.15764593661504,-135.27470221061682
4802.74358922729,-0.00013855941125946684,-0.001335581362418121,-4.126407934734955,-435.4915533079476,-134.77207467667287
4803.347019774554,-0.0001419782302816698,-0.0014202203373698966,-4.127239302587238,-435.8250520152539,-134.26917637169166
4805.420703825521,-0.0001538004509235415,-0.0017268864284901,-4.130498108649676,-436.9676747860167,-132.53869163372522
4807.494387876489,-0.0001656786634831985,-0.002058126124775822,-4.134418322240792,-438.1040777244853,-130.80411797430443
4808.097818423753,-0.00016913481045059152,-0.002159147503171276,-4.135690628445524,-438.43342987692847,-130.29849372168695
4808.701248971017,-0.00017258695516742407,-0.0022622470481454943,-4.137024513171755,-438.762119250318,-129.79243928647583
4810.774933021984,-0.00018439286959601845,-0.0026324056566110034,-4.142095292096493,-439.8861947560503,-128.04985065106916
4812.848617072952,-0.00019604298072833877,-0.003026884458128892,-4.147958879222156,-441.0007248726182,-126.30114510457962
4813.452047620216,-0.00019939125658098851,-0.0031461974651380282,-4.149821302748999,-441.32305065323106,-125.79101272864641
4814.05547816748,-0.00020271645271650656,-0.0032675170807127244,-4.151756285826391,-441.64440345909213,-125.28026842848348
4816.129162218447,-0.00021393676707669846,-0.0036995884637899537,-4.158976123196656,-442.7408135634712,-123.52014365645584
4818.202846269415,-0.0002247646509174503,-0.004154520345348117,-4.167115642828435,-443.8236717944813,-121.75165499826034
4818.806276816679,-0.00022782822670667482,-0.004291080293243435,-4.169663747413497,-444.13599001809604,-121.23533477398536
4819.409707363943,-0.00023084816884100262,-0.004429468593203346,-4.172294727343575,-444.4469662845484,-120.71820756143248
4821.48339141491,-0.0002408608744701789,-0.0049186666236138415,-4.1819837931050605,-445.504811999692,-118.9346421593528
4823.557075465878,-0.0002502354664701053,-0.005427966218966751,-4.19270814316728,-446.5443950966057,-117.14037913713604
4824.160506013142,-0.00025282999951826626,-0.005579755562221601,-4.196029312631177,-446.84319628423765,-116.616120177825
4824.763936560406,-0.0002553603516897063,-0.005733084279986095,-4.199442422372671,-447.1402267392623,-116.09085930209258
4826.8376206113735,-0.00026353445491386493,-0.006271247396636487,-4.211886245520352,-448.146785252444,-114.27786022352548
4828.9113046623415,-0.0002708337419862795,-0.006825453974623076,-4.225462683474794,-449.12966739896314,-112.45192864121087
4829.514735209605,-0.00027278088338988997,-0.006989478333278364,-4.229630869754126,-449.41091360954573,-111.91804609631335
4830.118165756869,-0.00027464476518924275,-0.007154646390455467,-4.233898224834317,-449.68990206941106,-111.3829847073176
4832.191849807836,-0.0002803858284191345,-0.0077303131378619935,-4.249329713745248,-450.6306558618668,-109.53499037415011
4834.265533858804,-0.00028504069421807915,-0.008316758821379559,-4.265966129662895,-451.5416541196806,-107.67216253865848
4834.868964406068,-0.0002861804443968003,-0.008489112835964015,-4.271036769414229,-451.80080555645065,-107.1272121481132
4835.472394953332,-0.0002872206269454314,-0.008662119587930837,-4.276211426234048,-452.0571592049878,-106.5809455806243
4837.546079004299,-0.0002900114436533967,-0.009260835394039152,-4.294793924443043,-452.91592995760135,-104.6934657590328
4839.619763055267,-0.00029154457491461616,-0.009864034451117918,-4.3146226184932415,-453.7382889522257,-102.78985751220524
4840.223193602531,-0.00029174630049874975,-0.01004003003706503,-4.320628072540525,-453.9703680954362,-102.23283866122554
4840.826624149795,-0.0002918360963936002,-0.010216110147299213,-4.326739546963365,-454.19906656384495,-101.67442978470424
4842.900308200762,-0.00029127317327576064,-0.010820940143815034,-4.348552093080613,-454.9582923563814,-99.74476629992306
4844.97399225173,-0.0002893341469472043,-0.011423176013999186,-4.37161617581598,-455.6740274018643,-97.79857314042452
4845.577422798994,-0.0002885065407015765,-0.011597526706678914,-4.378562007984228,-455.87373203890377,-97.2291444807582
4846.180853346258,-0.00028755964528044155,-0.011771340466565564,-4.385612666993017,-456.0694465629852,-96.65833936493881
4848.254537397225,-0.00028338616057910383,-0.012363568127972603,-4.410638506218957,-456.71063995127605,-94.68632378978045
4850.328221448193,-0.00027778301381549007,-0.012945658967009104,-4.436881928217455,-457.301072971345,-92.69854267260182
4850.931651995457,-0.0002758830103528375,-0.013112714845315385,-4.444744309074613,-457.4629472499448,-92.11722719543548
4851.535082542721,-0.0002738622937323796,-0.013278588433437948,-4.452706917645264,-457.62021853756653,-91.53465723068281
4853.608766593688,-0.0002659973035404932,-0.013838580902522239,-4.480826209137911,-458.1246307322439,-89.52331799907347
4855.6824506446565,-0.00025672409050487346,-0.014380803762258955,-4.510088323804609,-458.57113562342226,-87.49835958844591
4856.2858811919195,-0.0002537645586552598,-0.01453483094414979,-4.518812814491289,-458.6898020420442,-86.90671017101434
4856.8893117391835,-0.0002506895990076346,-0.01468704050515281,-4.527629489176335,-458.80327879980865,-86.31405118862072
4858.962995790151,-0.00023925272005589777,-0.01519525856894476,-4.55861704462417,-459.1527685014918,-84.27010575794614
4861.036679841119,-0.0002265122057289769,-0.015678408495318735,-4.590632492066925,-459.43771038578865,-82.2161896724055
4861.640110388383,-0.00022256815583122873,-0.015813905964709756,-4.6001344280819145,-459.5081552652952,-81.6168835867678
4862.243540935647,-0.00021852125304891332,-0.01594699808659528,-4.609717212688018,-459.5728845532684,-81.0169405048444
4864.317224986614,-0.00020385179530177066,-0.016385124155056004,-4.643245971572322,-459.7509499636037,-78.95100558190913
4866.390909037582,-0.00018807161001318907,-0.01679167875395629,-4.677650530870656,-459.85875894373385,-76.88023607386585
4866.994339584846,-0.00018328422220324753,-0.01690372322946818,-4.687817182419442,-459.87665061156974,-76.27706993520371
4867.59777013211,-0.000178414019152115,-0.01701286200567482,-4.698050416358408,-459.88839771011544,-75.6737591783166
4869.671454183077,-0.00016108021001418507,-0.01736500749510398,-4.733701196620079,-459.8812830169888,-73.60019076243037
4871.745138234045,-0.00014291538583211444,-0.017680346509659706,-4.770044052866838,-459.7995559186238,-71.52823857370646
4872.348568781309,-0.00013749117275155457,-0.017764947635950705,-4.7807386707958575,-459.7615614136768,-70.92600530159413
4872.951999328573,-0.00013201101016219993,-0.017846268964848245,-4.791483247526997,-459.7171237013308,-70.3242181601009
4875.02568337954,-0.00011279667344702956,-0.018100178668896013,-4.828761006363303,-459.51486855697505,-68.26053705528878
4877.099367430508,-9.310313439455872e-05,-0.018313747052225566,-4.866523466126591,-459.23535512164,-66.20590644075524
4877.702797977772,-8.730350358033695e-05,-0.018368174167310947,-4.877591176809046,-459.139411881974,-65.61015295944767
4878.306228525036,-8.147980058849477e-05,-0.018419105740013906,-4.888690631618516,-459.036882623007,-65.01550086968474
4880.379912576003,-6.13351426917275e-05,-0.018567197038443513,-4.927046818794092,-458.63416014833575,-62.98142525976193
4882.453596626971,-4.110505209144509e-05,-0.018673426100863016,-4.965666696007729,-458.1534788865443,-60.96435673946571
4883.0570271742345,-3.522439396392607e-05,-0.01869644951622589,-4.976941944175902,-457.99897710283,-60.38104270945378
4883.6604577214985,-2.935325877713945e-05,-0.01871593858651818,-4.98823003626411,-457.8379154306483,-59.79950718993627
4885.734141772466,-9.302952054206057e-06,-0.018755966051554693,-5.027089611869095,-457.234515139677,-57.81568917619817
4887.807825823434,1.044112345065697e-05,-0.01875473302871924,-5.065989411182105,-456.55447000360357,-55.85682216858925
4888.411256370698,1.610810449206339e-05,-0.01874671510709687,-5.077304319075659,-456.34231176802,-55.2919206531578
4889.014686917962,2.173392264073155e-05,-0.01873530014007773,-5.088613439066294,-456.1237868413751,-54.72945072387624
4891.088370968929,4.070428863918045e-05,-0.01867044817935832,-5.127403971317619,-455.32464859949624,-52.81607755759276
4893.162055019897,5.90184354707207e-05,-0.018566938068837063,-5.166019938697981,-454.4520806628974,-50.93505034809497
4893.765485567161,6.420677417478308e-05,-0.01852975100195001,-5.177212682107968,-454.18460260643894,-50.39414439000382
4894.368916114425,6.932710933241271e-05,-0.018489461800448925,-5.188382174370927,-453.91110130937903,-49.856256187372644
4896.442600165392,8.636418473255822e-05,-0.018327872705388173,-5.226561871459841,-452.92588531824197,-48.031707687332776
4898.51628421636,0.00010246484917570409,-0.018131925009028323,-5.264370859377751,-451.872077727121,-46.245886389581855
4899.119714763624,0.00010696091036200059,-0.018068730073327828,-5.275293212193369,-451.5528486967382,-45.733816321809954
4899.723145310888,0.00011136887029219354,-0.01800285425281313,-5.2861767839944465,-451.2280610981874,-45.22524903059945
4901.796829361855,0.00012581582600171474,-0.017756736174467724,-5.323258804986379,-450.07032271256725,-43.5049894618607
4903.870513412823,0.00013913425438623401,-0.0174818297790399,-5.359800605907593,-448.85005581397115,-41.82848809086574
4904.473943960086,0.0001427898627664256,-0.017396761747136908,-5.370324030994854,-448.4835825401028,-41.34909293148438
4905.07737450735,0.00014634520225426616,-0.017309520829592258,-5.380795651885056,-448.11209995881427,-40.87356250790299
4907.151058558317,0.000157782289127731,-0.016993977331697937,-5.416366839727348,-446.7982020564838,-39.26939340378475
4909.224742609285,0.00016799642948122086,-0.016655984931511394,-5.451260414085344,-445.42860732540294,-37.7124846357302
4909.828173156549,0.00017073647128907797,-0.016553778079105252,-5.461280292652676,-445.01999352494704,-37.268461102857906
4910.431603703813,0.0001733723814085745,-0.016449949198658446,-5.471238198398065,-444.60696537545965,-36.8285328686039
4912.5052877547805,0.0001816335592565834,-0.016081653118082385,-5.504971072430016,-443.1548905646617,-35.34825981118141
4914.578971805749,0.00018867371022032235,-0.015697491976748544,-5.5379237671919075,-441.65426697432724,-33.9171997210835
4915.182402353013,0.00019049560241697204,-0.015583086389129874,-5.547361553423919,-441.20887297181525,-33.51008013171252
4915.785832900277,0.000192217209766972,-0.015467609210440795,-5.5567301649541925,-440.75966902769625,-33.10715913947094
4917.859516951244,0.00019737762064173158,-0.015063464796464166,-5.588387711439744,-439.1878866872279,-31.754651100535806
4919.933201002212,0.0002014031186206839,-0.014649796046145733,-5.619197314867558,-437.57462322414665,-30.451871521291135
4920.536631549476,0.00020236811737347888,-0.014527969309895437,-5.6280006310260005,-437.0977651982852,-30.082102835509822
4921.14006209674,0.0002032430071486806,-0.014405583120585217,-5.636730430374811,-436.6176810553565,-29.71652254565347
4923.213746147707,0.0002055806804477515,-0.013981527393891493,-5.666164040821877,-434.94418768054504,-28.49208500480666
4925.287430198675,0.00020693375025127684,-0.013553644949643718,-5.694714325970192,-433.2358915190479,-27.31665955097513
4925.890860745939,0.00020715223769611472,-0.01342870761529745,-5.702855241786498,-432.7326055183284,-26.9837539857956
4926.494291293203,0.0002072952254160693,-0.013303655703676627,-5.710920871319848,-432.22663468943966,-26.654932864194077
4928.56797534417,0.00020723538067861152,-0.012873715753332583,-5.738062506466277,-430.46823459499717,-25.555885579562233
4930.641659395138,0.0002063816034477543,-0.012444723084640683,-5.764313564176225,-428.68111150860955,-24.504156027781455
4931.245089942401,0.00020599530283877573,-0.012320302694121273,-5.771785475418582,-428.1559920184235,-24.20688006141396
4931.848520489665,0.00020555052927520278,-0.01219612703044294,-5.7791824895513635,-427.6286728272287,-23.913512966834656
4933.922204540632,0.00020360378093105413,-0.011771797351727313,-5.804032638175843,-425.80051529419995,-22.934860236253655
4935.9958885916,0.0002010708585117466,-0.011352112383919559,-5.8280076769446785,-423.94900137169384,-22.001115856728727
4936.599319138864,0.0002002353022314009,-0.011231033194179795,-5.834821284507024,-423.4061112541803,-21.737687662853453
4937.202749686128,0.00019935883388846938,-0.011110464641035126,-5.841562059174737,-422.8614441545583,-21.47794271584828
4939.276433737095,0.0001960627068128883,-0.010700408871181646,-5.864175239753165,-420.97679366359995,-20.61304122605609
4941.3501177880635,0.0001923840797744064,-0.01029758481951103,-5.885945592370963,-419.0734039914985,-19.79016612520946
4941.9535483353275,0.0001912526114562075,-0.010181837411821597,-5.892124481731584,-418.5162441044473,-19.55843877083464
4942.5569788825915,0.00019009663616891123,-0.010066774908170832,-5.898233778043118,-417.9576670713587,-19.330137969747817
4944.630662933559,0.00018596261835851545,-0.009676826021222228,-5.918703255676041,-416.027860001312,-18.571294965739654
4946.704346984527,0.00018162694331456424,-0.009295658867767941,-5.938373207791745,-414.0832029188559,-17.851327701263024
4947.307777531791,0.00018033652987156412,-0.009186450853113379,-5.943949487091794,-413.5147258774939,-17.64894405986386
4947.911208079055,0.00017903544009673203,-0.009078020535702938,-5.949460121970062,-412.94513214646844,-17.449714546599342
4949.984892130022,0.00017450364261894938,-0.008711446411852942,-5.967903354643993,-410.97966519500426,-16.788678509276817
4952.05857618099,0.00016991429400552553,-0.008354329475590882,-5.985596234013327,-409.0025674394609,-16.163256804372864
4952.662006728254,0.0001685748368069325,-0.008252203949905721,-5.990606633355192,-408.4252198390491,-15.987770179387379
4953.265437275518,0.00016723509156736427,-0.008150883829564224,-5.995555651245375,-407.847002458546,-15.815160961937499
4955.339121326485,0.0001626439314982485,-0.0078088588635297435,-6.012101745700018,-405.8537009830846,-15.243492870730746
4957.412805377453,0.00015809598961672773,-0.007476309702472859,-6.027948413350382,-403.85139502704976,-14.704179871662266
4958.016235924716,0.00015678505650222266,-0.007381306785449752,-6.032431146704375,-403.2671746594974,-14.553140715637888
4958.61966647198,0.00015548053141109806,-0.007287091270230161,-6.0368567787170475,-402.68228472270414,-14.404705819090918
4960.693350522947,0.00015105556395846194,-0.006969279277759961,-6.051636815316468,-400.6675086549877,-13.914038420157665
4962.767034573915,0.00014673194388339672,-0.006660538188502099,-6.065767215349551,-398.6458444114463,-13.452543343547644
4963.370465121179,0.00014549498371065257,-0.006572369942090726,-6.0697597563179935,-398.05636235743606,-13.323556661882819
4963.973895668443,0.00014426777745241295,-0.006484944482344045,-6.073699300391049,-397.46637119082817,-13.19690963124759
4966.04757971941,0.00014012893600448152,-0.006190091434743227,-6.0868398493683165,-395.4352281833895,-12.779113779488513
4968.121263770378,0.00013611402946817088,-0.005903692535717669,-6.099377731899923,-393.39888337925635,-12.387428560299988
4968.724694317642,0.00013496944648434497,-0.005821903175021158,-6.102915498342532,-392.805424348185,-12.27818861804512
4969.328124864906,0.00013383537636623097,-0.005740801379513833,-6.106404098886177,-392.21158339633126,-12.171035102965426
4971.4018089158735,0.00013001863714461634,-0.0054672473555725356,-6.1180237287969215,-390.1681304109211,-11.818316813677257
4973.475492966842,0.00012632287600165175,-0.005201482607725691,-6.129084170339938,-388.1208047748033,-11.488792590988247
4974.078923514106,0.00012526945793597097,-0.005125573662947997,-6.132199978638425,-387.52438205581075,-11.397101786974648
4974.68235406137,0.00012422555309743937,-0.00505029805477494,-6.135270154823116,-386.92767711453746,-11.307257018059572
4976.756038112337,0.00012070856215058056,-0.004796357648970746,-6.145478339189609,-384.87510100918365,-11.012207972804378
4978.829722163305,0.00011729329369901655,-0.00454960490104239,-6.155167383852434,-382.8196876830278,-10.737592838669766
4979.433152710569,0.00011631720385734804,-0.004479121064786552,-6.157891466901341,-382.22109126121927,-10.661370677168401
4980.036583257833,0.00011534858137554784,-0.004409224778789611,-6.160573181381318,-381.62228980689275,-10.586767622346288
4982.1102673088,0.0001120733168647967,-0.004173436951169971,-6.169470885295696,-379.5630639389508,-10.342387841676219
4984.183951359768,0.00010887185718234906,-0.003944364463381305,-6.177886602499074,-377.5017968751678,-10.115842690738594
4984.787381907031,0.00010795243791941777,-0.00387894507060501,-6.180246992505047,-376.90163462361363,-10.053129389071435
4985.390812454295,0.00010703797076352661,-0.0038140798745214,-6.182568064500268,-376.301326257541,-9.991821969666068
4987.464496505262,0.0001039290586523117,-0.0035953478440646654,-6.190249364200125,-374.23734386715455,-9.79152848854415
4989.53818055623,0.00010086326767002147,-0.0033830180052701587,-6.1974837208383535,-372.171922846082,-9.606632983889291
4990.141611103494,9.997754793341334e-05,-0.003322420936961364,-6.199506830792482,-371.57065539288504,-9.555590882128623
4990.745041650758,9.909423184759459e-05,-0.003262358444321829,-6.201493531402797,-370.96928604751025,-9.505755271685414
4992.818725701725,9.607303641438778e-05,-0.0030600033004012667,-6.208047741696579,-368.90197291862955,-9.343386149852694
4994.892409752693,9.306620273906786e-05,-0.002863898270391263,-6.214188811736544,-366.833668979588,-9.194142596265353
4995.495840299957,9.219246115850692e-05,-0.002808002520358763,-6.215900085510975,-366.2316390941057,-9.153057364652389
4996.099270847221,9.131891351177977e-05,-0.0027526346143421907,-6.21757778886647,-365.62953985480596,-9.112993249249318
4998.172954898188,8.831507865632054e-05,-0.0025663810748053355,-6.2230916899302855,-363.5599492111525,-8.982812525376628
5000.2466389491565,8.53027531061375e-05,-0.0023863653432090997,-6.228225827621142,-361.4896934237132,-8.863652028746014
5000.8500694964205,8.442354499626107e-05,-0.002335155975819604,-6.229650355394662,-360.88715075522276,-8.830934731504323
5001.4535000436845,8.354295725466012e-05,-0.0022844779660350293,-6.231044144587365,-360.2845621210153,-8.799067496776765
5003.527184094652,8.050404375802836e-05,-0.0021143832787508515,-6.2356039757995285,-358.21345448536545,-8.695773723509385
5005.60086814562,7.744277885477879e-05,-0.0019506135127946179,-6.239817642315751,-356.14191260713653,-8.601566281750953
5006.204298692884,7.654729017543256e-05,-0.00190415211722867,-6.24098065504449,-355.5390344778761,-8.57575660136268
5006.807729240148,7.564970157743735e-05,-0.0018582318061141434,-6.242115798514749,-354.93612674520693,-8.55064067488856
5008.881413291115,7.254827363838784e-05,-0.0017045695415542517,-6.245808744755691,-352.86403696918234,-8.469379272360024
5010.955097342083,6.94215240145032e-05,-0.0015573649132337845,-6.249189739558014,-350.79167197372965,-8.395447248449962
5011.558527889346,6.850705429328451e-05,-0.001515749692945539,-6.250116915402522,-350.1885807614413,-8.375217574388154
5012.16195843661,6.759071429672388e-05,-0.00147468661477771,-6.2510191492334615,-349.5854710480193,-8.355540570018613
5014.235642487577,6.442814597790466e-05,-0.0013378009811874513,-6.253934118232748,-347.5127641521559,-8.291918374097937
5016.309326538545,6.124861595636795e-05,-0.0012074911016862239,-6.256572047695037,-345.43988807025204,-8.234051162925194
5016.912757085809,6.0320968157995565e-05,-0.001170811859577748,-6.257289588501303,-344.83666556613633,-8.218210815054269
5017.516187633073,5.939259985239963e-05,-0.001134692076483742,-6.257985165929231,-344.23343184671455,-8.202797711895776
5019.58987168404,5.619890165059227e-05,-0.0010148421986566937,-6.26021274920622,-342.1603488501613,-8.152896825943431
5021.663555735008,5.3006642742541265e-05,-0.0009016135495340836,-6.262198666871225,-340.08716497374843,-8.107363506729685
5022.266986282272,5.207923396611618e-05,-0.0008699079189097018,-6.262733133891158,-339.48386400108666,-8.094862114730253
5022.870416829536,5.115298031594014e-05,-0.0008387608434447952,-6.263248635082846,-338.88055643279273,-8.08267847674478
5024.944100880503,4.798193924763837e-05,-0.0007359781924118753,-6.264880259130162,-336.8072510790506,-8.04306592858871
5027.017784931471,4.483751610253454e-05,-0.0006397436800858533,-6.26630553381871,-334.7338873833762,-8.00662236327474
5027.621215478735,4.392900773449041e-05,-0.0006129620304255448,-6.266683468771213,-334.1305409204603,-7.996551380517324
5028.224646025999,4.302391332061211e-05,-0.0005867267835234025,-6.2670454014038155,-333.5271907000071,-7.986704604319151
5030.2983300769665,3.994323947018264e-05,-0.0005007122763303357,-6.268171809637653,-331.4537579114922,-7.954434440116496
5032.372014127935,3.6916519191924435e-05,-0.00042103017203608544,-6.269126416661215,-329.38029254448986,-7.924321713636597
5032.975444675198,3.6047393826160264e-05,-0.000399016527066487,-6.269373815153628,-328.77692060504484,-7.915913229253585
5033.578875222462,3.5183942599234504e-05,-0.00037752488648839806,-6.269608076987648,-328.1735466142574,-7.907651018601286
5035.652559273429,3.226349371534866e-05,-0.00030760628760719753,-6.2703174174911736,-326.1000435882489,-7.880256389536442
5037.726243324397,2.9422541614420323e-05,-0.0002436613513927165,-6.270887962655826,-324.02652339443216,-7.854188688575614
5038.329673871661,2.8612088242799545e-05,-0.0002261521525924402,-6.271029694263926,-323.42313795843893,-7.8468110966593185
5038.933104418925,2.7809301858142395e-05,-0.00020912907693722497,-6.271160992851211,-322.8197514960168,-7.839516773642688
5041.006788469892,2.5111997683611555e-05,-0.0001542754470772233,-6.271536837401267,-320.7462125058087,-7.814991081455086
5043.08047252086,2.2515369683568206e-05,-0.00010491078857588147,-6.27180462405012,-318.6726657061879,-7.791132687436559
5043.683903068124,2.1779700748569352e-05,-9.154702715977258e-05,-6.271863884036598,-318.0692740374902,-7.784283229865972
5044.287333615388,2.1053252423183145e-05,-7.862395973795963e-05,-6.27191519591546,-317.46588197725976,-7.777467945536157
5046.361017666355,1.8629401435416163e-05,-3.7499374263797127e-05,-6.272034749684949,-315.3923280743368,-7.754235597857146
5048.434701717323,1.6321620564440426e-05,-1.2807435498976508e-06,-6.2720741107575035,-313.3187723275726,-7.731168009447657
5049.038132264587,1.567255231691503e-05,8.371687365073366e-06,-6.272071960838402,-312.7153790381145,-7.7244625646308505
5049.641562811851,1.503374312471301e-05,1.763581232194758e-05,-6.272064084618041,-312.1119857742923,-7.717754812750119
5051.715246862818,1.2918133926565549e-05,4.659586550893514e-05,-6.271996750817057,-310.03843062975807,-7.69463319044016
5053.788930913786,1.092767955667367e-05,7.129857942927102e-05,-6.271873777203927,-307.9648776983782,-7.671314261817697
5054.39236146105,1.037230691664202e-05,7.772447820837744e-05,-6.271828807775464,-307.3614859099919,-7.664474972395287
5054.995792008314,9.827697340383582e-06,8.381858280351793e-05,-6.271780041041909,-306.7580944373547,-7.657608016899949
5057.069476059281,8.038822093369851e-06,0.000102321208584333,-6.271586425393098,-304.68454748920095,-7.6337628646079665
5059.1431601102495,6.378022773152597e-06,0.00011724706679959984,-6.271358149687227,-302.6110056222667,-7.609480307145095
5059.746590657513,5.9187971480918e-06,0.00012095665968437477,-6.2712862762489605,-302.00761753710884,-7.60232174820249
5060.350021204777,5.470342459958369e-06,0.00012439231720473852,-6.271212227126262,-301.4042299712366,-7.595119672430528
5062.423705255744,4.011183401445273e-06,0.00013420148353881635,-6.270943605797478,-299.3306978766797,-7.570016378875688
5064.497389306712,2.6774714845725368e-06,0.00014111488387385975,-6.270657645808791,-297.25717282607155,-7.54433811525774
5065.100819853976,2.3126482241993404e-06,0.00014262003072820043,-6.270572037579487,-296.6537899561647,-7.536752726110367
5065.70425040124,1.9581683502997238e-06,0.00014390794310109483,-6.270485567561875,-296.0504077367294,-7.529115825021399
5067.777934452207,8.180502042027655e-07,0.00014676602120401643,-6.270183797196261,-293.97689490558736,-7.502469045332662
5069.851618503175,-2.038900566640639e-07,0.00014738238628904702,-6.26987842438193,-291.90339025994894,-7.475192807309211
5070.455049050439,-4.795846737435969e-07,0.00014717582331668063,-6.269789552731835,-291.3000134975158,-7.467136267330428
5071.058479597703,-7.457095425741631e-07,0.00014680547078493213,-6.269700837483575,-290.69663744863516,-7.459026455425148
5073.13216364867,-1.5886228265669307e-06,0.00014436658938216714,-6.2693986552302245,-288.62314619751197,-7.430750319637601
5075.205847699638,-2.324205385900145e-06,0.00014029105715198994,-6.2691032273946945,-286.5496634866107,-7.401854615461309
5075.809278246902,-2.518776438291009e-06,0.00013882960406863315,-6.269019015091644,-285.9462931312112,-7.393331757963526
5076.412708794166,-2.7048101134670295e-06,0.0001372529297898802,-6.268935703667234,-285.34292348809333,-7.384758575335273
5078.486392845133,-3.2807191075206476e-06,0.0001310306363299119,-6.268657346459529,-283.26945414073685,-7.354919391030156
5080.560076896101,-3.7626202287049087e-06,0.00012371156088748287,-6.268393029512178,-281.19599296355227,-7.324517598682166
5081.163507443365,-3.8859819886346894e-06,0.00012140369862042264,-6.2683190782613325,-280.5926287672155,-7.315569344025325
5081.766937990629,-4.002000533658541e-06,0.0001190231828738902,-6.268246527991891,-279.9892652250026,-7.306577028114396
5083.840622041596,-4.346645256595906e-06,0.00011035325844351695,-6.2680085915577,-277.9158163132514,-7.275349977720326
5085.914306092564,-4.612024563078392e-06,0.00010105083546288604,-6.267789289608597,-275.84237459184465,-7.243648897889371
5086.5177366398275,-4.675199497132321e-06,9.824865401618172e-05,-6.267729162329209,-275.23901584319447,-7.234340562353847
5087.1211671870915,-4.7323070286859926e-06,9.54097385454429e-05,-6.2676707258263376,-274.63565764542227,-7.224996527768121
5089.194851238059,-4.884314161539017e-06,8.542775282948718e-05,-6.267483182920697,-272.5622262460272,-7.192627428588307
5091.268535289027,-4.972268782056816e-06,7.51969646831277e-05,-6.267316597468444,-270.4888006079779,-7.159891199449954
5091.871965836291,-4.9866746387203335e-06,7.219218092545291e-05,-6.267272132601158,-269.8854462511027,-7.150302411558526
5092.475396383555,-4.99629099276445e-06,6.91797156188551e-05,-6.267229474357556,-269.2820923115236,-7.140687356021679
5094.549080434522,-4.994832090702744e-06,5.8812001917754264e-05,-6.267096776499165,-267.2086744844854,-7.107460129722814
5096.62276448549,-4.944200376367022e-06,4.8498297956867575e-05,-6.266985522003748,-265.1352607239936,-7.073979996063211
5097.226195032754,-4.921034855561791e-06,4.55218391437458e-05,-6.266957159335456,-264.53190949544523,-7.0641963356191955
5097.829625580018,-4.894303897619868e-06,4.2560029124305865e-05,-6.266930581715745,-263.9285585358434,-7.054396075041025
5099.903309630985,-4.7771487928429066e-06,3.252616658943014e-05,-6.2668527774931455,-261.8551498006584,-7.020606189357843
5101.976993681953,-4.624729272998749e-06,2.2771810354365607e-05,-6.26679549052737,-259.78174335160315,-6.986676254111213
5102.580424229217,-4.5744887050120245e-06,1.999633786813308e-05,-6.26678259107887,-259.1783939160876,-6.976782627157403
5103.183854776481,-4.521800877176036e-06,1.7251556372961216e-05,-6.2667713526233975,-258.57504460074335,-6.966881662621545
5105.257538827448,-4.323805182111994e-06,8.076121115880629e-06,-6.266745166858441,-256.5016403860013,-6.932815478606724
5107.331222878416,-4.1030143813020315e-06,-6.65098702572658e-07,-6.266737557834417,-254.4282367469679,-6.89871425946424
5107.93465342568,-4.035129816302091e-06,-3.1204032386596734e-06,-6.2667387038728934,-253.82488781542912,-6.888789938176602
5108.538083972944,-3.965782970149974e-06,-5.534616437070183e-06,-6.266741316384204,-253.22153886649588,-6.878866675579206
5110.611768023911,-3.7178121194075086e-06,-1.3503376363878306e-05,-6.266761146797336,-251.1481348836233,-6.844786368289013
5112.685452074879,-3.457772133145719e-06,-2.0945409305479152e-05,-6.266796955768155,-249.07472995375645,-6.810763742477175
5113.288882622142,-3.380379196647383e-06,-2.3008471180418142e-05,-6.26681022065125,-248.4713803734934,-6.8008789341986775
5113.892313169406,-3.30235106791081e-06,-2.5024898389560982e-05,-6.266824715175204,-247.86803065764457,-6.79100241465828
5115.9659972203735,-3.0306159503709486e-06,-3.159174507796781e-05,-6.2668835156469775,-245.7946231712677,-6.757135936766953
5118.039681271342,-2.755638268381437e-06,-3.7591736959952596e-05,-6.266955345945102,-243.7212134778994,-6.723404884365413
5118.643111818606,-2.6754484300117606e-06,-3.923026096481405e-05,-6.266978527019952,-243.1178622907227,-6.713618648484868
5119.24654236587,-2.5952903205926613e-06,-4.0820607655242204e-05,-6.267002682323185,-242.5145108737387,-6.70384660425173
5121.320226416837,-2.321050046480824e-06,-4.591744417426954e-05,-6.267092713598688,-240.44109686213068,-6.6703820288612
5123.393910467805,-2.0504657881672078e-06,-5.04493837215635e-05,-6.267192728393863,-238.36767968063347,-6.637114475724716
5123.997341015069,-1.9727450226135867e-06,-5.166313243083605e-05,-6.267223539376873,-237.76432615038968,-6.627473779660939
5124.600771562333,-1.8955594628209607e-06,-5.28302916375254e-05,-6.267255069680977,-237.16097232150793,-6.617851804722527
5126.6744556133,-1.635134798577453e-06,-5.648956012165173e-05,-6.267368508860829,-235.0875495368621,-6.584935310135834
5128.748139664268,-1.3834117794614507e-06,-5.961781236441665e-05,-6.267488985627414,-233.01412291711986,-6.55226131910892
5129.351570211532,-1.312027316420493e-06,-6.043096074353168e-05,-6.267525207656,-232.41076653150694,-6.542801013210357
5129.955000758796,-1.2415334231037326e-06,-6.120140079182675e-05,-6.267561909100088,-231.80740980275064,-6.533362627985749
5132.028684809763,-1.006568325994092e-06,-6.353024512042023e-05,-6.2676913181528,-229.73397675108248,-6.501099365633698
5134.102368860731,-7.836515972025526e-07,-6.538433832921398e-05,-6.267825064250936,-227.66053947263504,-6.469108920859573
5134.705799407995,-7.211899494311915e-07,-6.583827763097586e-05,-6.2678646570586345,-227.0571799260257,-6.45985241402024
5135.309229955259,-6.598361639226589e-07,-6.62549149495699e-05,-6.267904514563408,-226.45382001332908,-6.4506198068688
5137.382914006226,-4.577440049545566e-07,-6.741126611677567e-05,-6.268043175205024,-224.38037587793437,-6.419076914771677
5139.456598057194,-2.695570620629561e-07,-6.816295950950512e-05,-6.268183814187421,-222.30692735798968,-6.387823579067304
5140.060028604457,-2.174734206054241e-07,-6.830982497844823e-05,-6.268224990586042,-221.70356452225954,-6.378784009511026
5140.663459151721,-1.666016389423703e-07,-6.842564576717913e-05,-6.268266248465604,-221.1002013153469,-6.369769251457013
5142.7371432026885,-1.1354961114215729e-09,-6.85970545187584e-05,-6.268408376053461,-219.02674584721836,-6.338980329919289
5144.8108272536565,1.4981642439539895e-07,-6.844038772464677e-05,-6.268550518926395,-216.9532860238451,-6.308486119761776
5145.4142578009205,1.910120578423675e-07,-6.8337491482917e-05,-6.2685917869960015,-216.34991991343574,-6.299667835961231
5146.0176883481845,2.3098949718419203e-07,-6.821009358347715e-05,-6.268632987825017,-215.74655344055907,-6.290874386268125
5148.091372399152,3.590972949129958e-07,-6.759582485165415e-05,-6.2687738404837114,-213.67308683564949,-6.260844830460761
5150.16505645012,4.730740271546176e-07,-6.673055270543824e-05,-6.26891315909224,-211.59961604422665,-6.231105737827611
5150.768486997384,5.03630756171654e-07,-6.643581919640305e-05,-6.268953337221138,-210.99624678034098,-6.222505930250638
5151.371917544648,5.330333704839497e-07,-6.612296286858444e-05,-6.268993334156109,-210.39287717260638,-6.2139302766388615
5153.445601595615,6.2540989228302e-07,-6.491959216335206e-05,-6.269129235356288,-208.31939995090033,-6.184642953495008
5155.519285646583,7.047774144371556e-07,-6.353815001572238e-05,-6.269262456513869,-206.24591880678,-6.15563464015088
5156.122716193847,7.255073623194944e-07,-6.310657939297217e-05,-6.269300666753769,-205.6425465841025,-6.147244993072249
5156.726146741111,7.452024426600474e-07,-6.26627650226779e-05,-6.269338614787219,-205.03917404261554,-6.138878299104527
5158.799830792078,8.051899247607514e-07,-6.105328547300168e-05,-6.269466908243868,-202.9656869388622,-6.110299155717157
5160.873514843046,8.537913687005468e-07,-5.933121636130447e-05,-6.26959174741085,-200.8921962342574,-6.081982446168828
5161.476945390309,8.658957569338267e-07,-5.881234228299613e-05,-6.269627392584514,-200.28882129220267,-6.073790708093795
5162.080375937573,8.771148650835416e-07,-5.828637574768285e-05,-6.269662724147915,-199.68544605989283,-6.065620369536402
5164.15405998854,9.091739840484641e-07,-5.6432638964601726e-05,-6.269781679434026,-197.6119499313639,-6.037703660384789
5166.227744039508,9.317575921398658e-07,-5.4522246305721496e-05,-6.269896731912539,-195.5384505503489,-6.010029558516211
5166.831174586772,9.366596930405659e-07,-5.39585091865421e-05,-6.2699294616042005,-194.9350731497148,-6.002020958147503
5167.434605134036,9.408453541937416e-07,-5.339197156445021e-05,-6.269961851601499,-194.33169548860945,-5.994031998311037
5169.508289185003,9.500279920851683e-07,-5.1430145549235974e-05,-6.27007053753174,-192.25819124176724,-5.966724913842026
5171.581973235971,9.517510658781292e-07,-4.945701203382951e-05,-6.270175143530567,-190.18468409422513,-5.939638960384108
5172.185403783235,9.509636842989936e-07,-4.8882936078276094e-05,-6.270204813573584,-189.58130449931966,-5.9317974212217
5172.788834330499,9.496282737981824e-07,-4.830944313661688e-05,-6.270234138391956,-188.9779246732644,-5.923973681128685
5174.8625183814665,9.411342912004109e-07,-4.634807313137847e-05,-6.270332279256219,-186.9044132088399,-5.897220246456888
5176.936202432435,9.271548964793029e-07,-4.44100044681988e-05,-6.270426377018589,-184.83089918220344,-5.870666116402886
5177.539632979699,9.221625445629329e-07,-4.3852045754578694e-05,-6.270453006435694,-184.22751764800668,-5.862975246055064
5178.143063526963,9.167849687018409e-07,-4.3297162701303076e-05,-6.270479300808639,-183.6241359103527,-5.8553003478720145
5180.21674757793,8.956108698995681e-07,-4.141736140993514e-05,-6.270567128143288,-181.55061808491737,-5.829044534834268
5182.290431628898,8.707730359577496e-07,-3.958526722410999e-05,-6.270651106828707,-179.47709801145058,-5.8029668433127535
5182.893862176162,8.62952970003626e-07,-3.906218890786285e-05,-6.270674835435492,-178.87371477510877,-5.795410692807185
5183.497292723426,8.548912792680063e-07,-3.8543855797270106e-05,-6.270698250282176,-178.27033136064557,-5.787868773739742
5185.570976774393,8.255733468556683e-07,-3.680112192702991e-05,-6.270776360244799,-176.19680796209283,-5.762056830519309
5187.644660825361,7.94186496359816e-07,-3.512132932685677e-05,-6.270850921588142,-174.12328259902247,-5.736403171134131
5188.248091372624,7.847455269018526e-07,-3.464495706297537e-05,-6.270871970688632,-173.51989787488077,-5.72896677462352
5188.851521919888,7.751883035487571e-07,-3.417427799684957e-05,-6.270892734269927,-172.9165129952188,-5.721543003108526
5190.925205970855,7.416385374258809e-07,-3.260144019463257e-05,-6.270961957985668,-170.84298472942024,-5.696125052326411
5192.998890021823,7.073481293768779e-07,-3.10989419360131e-05,-6.271027993063732,-168.76945474921365,-5.670847333066519
5193.602320569087,6.972971447396973e-07,-3.067515589895229e-05,-6.2710466308865715,-168.16606872661285,-5.663517049233003
5194.205751116351,6.872291712430093e-07,-3.025740928136397e-05,-6.271065014840404,-167.56268256824671,-5.6561979457024885
5196.279435167318,6.526578280883043e-07,-2.8868211759281807e-05,-6.271126306436146,-165.48915005430544,-5.63112893418608
5198.353119218286,6.183968208735187e-07,-2.7550382510775535e-05,-6.271184791272764,-163.4156160426279,-5.606184102876567
5198.95654976555,6.08535738003443e-07,-2.7180214742237783e-05,-6.271201304053839,-162.8122288857708,-5.598947786150645
5199.559980312814,5.98736581320485e-07,-2.6815955874663198e-05,-6.271217595137909,-162.20884161014098,-5.591721377012036
5201.6336643637815,5.656405618577447e-07,-2.5608869229091096e-05,-6.27127193973535,-160.13530538198128,-5.566961479005495
5203.7073484147495,5.33635412460238e-07,-2.44692822113014e-05,-6.2713238512029115,-158.0617678412138,-5.542311743932875
5204.3107789620135,5.24563502487435e-07,-2.4150023095581726e-05,-6.271338520200389,-157.45837969051195,-5.535158776750211
5204.9142095092775,5.156072870073596e-07,-2.3836187819014332e-05,-6.27135299797179,-156.85499143548677,-5.528014612969561
5206.987893560245,4.857973076960008e-07,-2.2798169187907585e-05,-6.271401340040691,-154.78145194789107,-5.503529195367863
5209.061577611213,4.57606112273712e-07,-2.1820288612292107e-05,-6.271447591940571,-152.70791130445974,-5.479141849957465
5209.665008158477,4.497290860530161e-07,-2.1546545372718872e-05,-6.271460676265953,-152.10452227887737,-5.472063067637676
5210.268438705741,4.420041170705153e-07,-2.1277500599889913e-05,-6.271473596547078,-151.50113316118393,-5.464992139435464
5212.342122756708,4.1665754966716156e-07,-2.0387535839550902e-05,-6.271516787868947,-149.42759079873596,-5.440751396435622
5214.415806807676,3.932307042572697e-07,-1.954814140334292e-05,-6.27155818611852,-147.354047412833,-5.41659835348671
5215.019237354939,3.8678554993707635e-07,-1.931281017993463e-05,-6.2715699110181085,-146.7506576128361,-5.409585891985111
5215.622667902203,3.8050791406622047e-07,-1.9081314462340196e-05,-6.2715814947602215,-146.1472677310571,-5.402580469671222
5217.69635195317,3.6023951969999115e-07,-1.8313626210885987e-05,-6.27162026050584,-144.07372281874572,-5.378558828103404
5219.770036004138,3.419954538353191e-07,-1.758586929670394e-05,-6.27165747571106,-142.00017699529624,-5.354615961509439
5220.373466551402,3.3706737029883447e-07,-1.7380994470624264e-05,-6.271668025759567,-141.3967865060917,-5.347663055844779
5220.976897098666,3.3231000018436735e-07,-1.7179043510503556e-05,-6.271678452750186,-140.7933959439203,-5.340716484268601
5223.050581149633,3.172535833126154e-07,-1.650588840043709e-05,-6.271713373660024,-138.7198487584018,-5.316891871387679
5225.124265200601,3.041630099471419e-07,-1.586191727273945e-05,-6.27174692891802,-136.6463007583571,-5.293138252802869
5225.727695747865,3.0071620217019353e-07,-1.5679422300864617e-05,-6.271756445474072,-136.04290965316815,-5.286239010757425
5226.331126295129,2.9742795758034953e-07,-1.5498964800146865e-05,-6.271765852228713,-135.43951848267506,-5.279345481576325
5228.404810346096,2.8732302980710803e-07,-1.4892977668240799e-05,-6.271797360569417,-133.36596926339485,-5.255698535400404
5230.478494397064,2.7899619119065425e-07,-1.4306101366331461e-05,-6.271827632099177,-131.2924193146247,-5.232115641036528
5231.081924944328,2.768933393720017e-07,-1.4138384418944847e-05,-6.271836214313182,-130.6890276578049,-5.225264813063454
5231.685355491592,2.749303350263739e-07,-1.3971902430964737e-05,-6.271844695438069,-130.08563594252394,-5.218419135336923
5233.75903954256,2.6920899443682057e-07,-1.3407974074609547e-05,-6.271873082262139,-128.0120849020771,-5.194932424702434
5235.832723593528,2.649816219419925e-07,-1.2854360962079714e-05,-6.271900310372243,-125.93853320930361,-5.1715033742790695
5236.436154140792,2.640145963261813e-07,-1.2694755803316497e-05,-6.271908019021146,-125.33514105913814,-5.164696136693283
5237.039584688056,2.631588845524991e-07,-1.2535710744784663e-05,-6.271915631321809,-124.73174885682492,-5.157893522442661
5239.113268739023,2.6102936362071625e-07,-1.1992408095590181e-05,-6.271941062548165,-122.65819619009201,-5.134550830627537
5241.186952789991,2.60044216304823e-07,-1.145233486533032e-05,-6.271965370484875,-120.58464294345796,-5.111259707206512
5241.790383337254,2.599514202750669e-07,-1.1295442752754889e-05,-6.2719722339257675,-119.98125035454383,-5.104491471885283
5242.393813884518,2.599400660515699e-07,-1.1138593313853262e-05,-6.271979002557085,-119.37785771950409,-5.097727349420027
5244.467497935485,2.604645059049741e-07,-1.0599146893843971e-05,-6.27200154148334,-117.30430361124114,-5.0745130621074175
5246.541181986453,2.6174649867006434e-07,-1.0057827488579613e-05,-6.272022959826161,-115.23074899324352,-5.051344348688156
5247.144612533717,2.6224017972102447e-07,-9.899729392841264e-06,-6.272028981401851,-114.6273560183806,-5.044610608818459
5247.748043080981,2.627803749771308e-07,-9.741330969292719e-06,-6.272034907398254,-114.02396300330311,-5.037880472965807
5249.821727131948,2.6494544220330806e-07,-9.194224664010903e-06,-6.2720545414182425,-111.950407633993,-5.014779098940536
5251.895411182916,2.674692906257708e-07,-8.64225669393062e-06,-6.272073035871829,-109.87685182463451,-4.991717255669838
5252.49884173018,2.6824867334606726e-07,-8.480617160516424e-06,-6.272078202157291,-109.2734585161914,-4.985013473653565
5253.102272277444,2.69042595278035e-07,-8.31851425095306e-06,-6.272083270738898,-108.67006517345462,-4.978312778636371
5255.175956328411,2.7182235888959316e-07,-7.75771761056127e-06,-6.272099940242512,-106.59650872333957,-4.955308620218393
5257.249640379379,2.7457246051274306e-07,-7.191187373498865e-06,-6.272115440886238,-104.52295190345609,-4.932337815111499
5257.853070926643,2.7534660778577173e-07,-7.025262066155082e-06,-6.272119730227913,-103.91955831420691,-4.925659355635022
5258.456501473907,2.7610202987788506e-07,-6.858885715683275e-06,-6.272123919341791,-103.31616469665677,-4.91898345327573
5260.5301855248745,2.785131714577012e-07,-6.283770253900316e-06,-6.272137546994269,-101.24260734796644,-4.896060433250146
5262.6038695758425,2.805359429810661e-07,-5.704057524674628e-06,-6.272149977272343,-99.16904970077799,-4.873164429533077
5263.2073001231065,2.810324517022118e-07,-5.534616329240995e-06,-6.27215336813661,-98.565655884229,-4.8665065380461225
5263.8107306703705,2.814832262156968e-07,-5.364898420718443e-06,-6.27215665675662,-97.96226204545006,-4.859850661252057
5265.884414721338,2.826330122355778e-07,-4.779877933735678e-06,-6.272167175573584,-95.8887039829187,-4.836992303992856
5267.958098772306,2.830822265448422e-07,-4.193199536012887e-06,-6.272176479523899,-93.81514569392282,-4.814154498564138
5268.561529319569,2.830659532512491e-07,-4.022376353663645e-06,-6.272178958232803,-93.21175170416748,-4.807512322990391
5269.164959866833,2.8297848467726226e-07,-3.851591794334283e-06,-6.272181334002784,-92.60835769828853,-4.800871612090056
5271.2386439178,2.8210610737851636e-07,-3.2655238420846387e-06,-6.272188712844206,-90.53479910811556,-4.778061168656186
5273.312327968768,2.8028180539658353e-07,-2.682251920242451e-06,-6.272194879264898,-88.46124036349767,-4.755264768670081
5273.915758516032,2.795597203671385e-07,-2.513331381184722e-06,-6.272196446754388,-87.85784625465536,-4.748633420068249
5274.519189063296,2.7874967517325515e-07,-2.3448783043151596e-06,-6.27219791261611,-87.25445213574515,-4.742002987498919
5276.592873114263,2.752614623838288e-07,-1.7702609379105357e-06,-6.272202177912896,-85.18089320320325,-4.719223687626999
5278.666557165231,2.7064287643544455e-07,-1.2040490411294115e-06,-6.272205260349954,-83.10733418698416,-4.696452005734768
5279.269987712495,2.6907924913558906e-07,-1.0411996106755125e-06,-6.272205937638517,-82.50394001228908,-4.689826651818561
5279.873418259759,2.67414478080342e-07,-8.793270213592029e-07,-6.272206517137963,-81.9005458334104,-4.683201678886914
5281.947102310726,2.609132083594958e-07,-3.3132277890744286e-07,-6.272207769841145,-79.82698673934297,-4.660437086930111
5284.020786361694,2.5318575035327076e-07,2.0192852066772233e-07,-6.272207901453136,-77.75342762951874,-4.637673930202961
5284.624216908958,2.5070352044110426e-07,3.539658147329698e-07,-6.272207733558449,-77.15003344013546,-4.63104991409108
5285.227647456222,2.4811730667718574e-07,5.044737174765132e-07,-6.272207474573699,-76.54663925213522,-4.624425772021407
5287.301331507189,2.3842537948445e-07,1.0091545558611149e-06,-6.272205901486444,-74.4730801686191,-4.60166021893203
5289.375015558157,2.275012442495369e-07,1.4924597943207296e-06,-6.2722033040137,-72.39952113258148,-4.57889034189143
5289.9784461054205,2.2409355845749994e-07,1.6287172971142816e-06,-6.272202362105284,-71.7961269762335,-4.572263317187605
5290.5818766526845,2.2058382245158148e-07,1.7628902799948829e-06,-6.272201338789888,-71.19273282635615,-4.565635703431645
5292.655560703652,2.077594491230003e-07,2.2072123380676274e-06,-6.272197217620035,-69.11917391183668,-4.542854762857177
5294.72924475462,1.937907195699596e-07,2.62375418107959e-06,-6.272192203870307,-67.04561510139266,-4.520064351386009
5295.332675301884,1.8951807941440133e-07,2.7394070205863357e-06,-6.2721905855016535,-66.44222102089887,-4.51343042369891
5295.936105849148,1.8515633951095752e-07,2.852460047239196e-06,-6.272188898293844,-65.83882695131878,-4.506795503525239
5298.009789900115,1.695012073317855e-07,3.220350210851897e-06,-6.2721825959665445,-63.76526834555396,-4.483986477066768
5300.083473951083,1.5288364662240396e-07,3.5547786902022073e-06,-6.272175565445756,-61.691709891893176,-4.461163627387893
5300.686904498347,1.4788028769882032e-07,3.6455239273468042e-06,-6.272173392775613,-61.08831592371571,-4.454519491733947
5301.290335045611,1.428055526036733e-07,3.7332363575667927e-06,-6.272171166391471,-60.484921970093275,-4.447874034488642
5303.364019096578,1.2486169278037489e-07,4.010884446777084e-06,-6.272163130407602,-58.411363789273395,-4.425026409340173
5305.437703147546,1.0622665524058843e-07,4.2506059979554625e-06,-6.272154557993142,-56.33780579825927,-4.40216156495241
5306.04113369481,1.0069113500111586e-07,4.313034069487506e-06,-6.2721519739886,-55.734411971173934,-4.395504628214238
5306.644564242074,9.511214047827623e-08,4.37211889915858e-06,-6.272149353402556,-55.13101816134698,-4.38884612742528
5308.718248293041,7.564499342595416e-08,4.549226111265627e-06,-6.2721400963399185,-53.057460493778265,-4.3659519692646835
5310.791932344009,5.583619631026235e-08,4.6856103738687135e-06,-6.272130514236139,-50.983903041957014,-4.3430382790561355
5311.395362891273,5.002943507850947e-08,4.717546570537143e-06,-6.272127676955995,-50.380509375961665,-4.336366756901871
5311.998793438537,4.420995599900438e-08,4.7459868405376225e-06,-6.272124821480767,-49.77711572888783,-4.329693523697139
5314.072477489504,2.417398673833383e-08,4.8168785657922296e-06,-6.272114899132248,-47.70355863163765,-4.3067477692397365
5316.146161540472,4.205262690347926e-09,4.846291743807822e-06,-6.272104872783387,-45.63000176336024,-4.283781332401963
5316.749592087735,-1.569386247367447e-09,4.847079648982288e-06,-6.272101947974591,-45.026608268934865,-4.277094310943647
5317.353022634999,-7.319065968612721e-09,4.844403247711305e-06,-6.272099023690576,-44.423214793997964,-4.270405531207746
5319.426706685967,-2.683638710140408e-08,4.808901822342815e-06,-6.272089007835064,-42.349658290883376,-4.2474061487720824
5321.500390736935,-4.5846690440351645e-08,4.73345333677996e-06,-6.272079107017078,-40.276102016906364,-4.224386117163621
5322.103821284199,-5.12583582990344e-08,4.704145562046063e-06,-6.27207625942474,-39.672708694727824,-4.217683571312517
5322.707251831463,-5.660939386904853e-08,4.6716029745983605e-06,-6.272073430380475,-39.06931539150914,-4.210979318789718
5324.78093588243,-7.446976937027627e-08,4.535532532465664e-06,-6.272063877803263,-36.99575947275678,-4.187927312162955
5326.854619933398,-9.1392352901758e-08,4.363397656637164e-06,-6.272054644786272,-34.92220377061659,-4.164855829047157
5327.458050480662,-9.611819382527473e-08,4.306812113392255e-06,-6.272052028782148,-34.31881061180599,-4.158138592198333
5328.061481027926,-1.0074760973983421e-07,4.247414548485464e-06,-6.272049447596248,-33.71541747039442,-4.151419792548145
5330.135165078893,-1.1587491208108815e-07,4.022585437219925e-06,-6.272040867725985,-31.641862094195343,-4.128319034044143
5332.208849129861,-1.2969568766272165e-07,3.7677417422069487e-06,-6.272032785200641,-29.568306910522324,-4.105201000340912
5332.812279677125,-1.3345408573753405e-07,3.688334454801863e-06,-6.272030535578014,-28.964913897461425,-4.098470683891234
5333.415710224389,-1.3709132186527845e-07,3.6067025461529304e-06,-6.272028334320264,-28.361520899333303,-4.091739028722895
5335.489394275356,-1.4861993928572754e-07,3.3101980565193072e-06,-6.2720211587326755,-26.287965995348237,-4.0685959223040085
5337.563078326324,-1.5860320893852923e-07,2.9913891383206694e-06,-6.27201462112788,-24.2144112500918,-4.045438598356974
5338.166508873588,-1.6121021322117524e-07,2.8948876106283906e-06,-6.272012845191987,-23.611018357782733,-4.0386974648365275
5338.769939420852,-1.6368272288531957e-07,2.796853956916928e-06,-6.272011127706747,-23.007625477216852,-4.031955280195314
5340.843623471819,-1.711454049658917e-07,2.449418758184826e-06,-6.272005685757812,-20.93407095184718,-4.008778275584592
5342.917307522787,-1.7703798597884835e-07,2.088136261415957e-06,-6.272000978637163,-18.860516544114127,-3.985590748649552
5343.52073807005,-1.7846376159791554e-07,1.9808710756799804e-06,-6.2719997510374395,-18.257123741972634,-3.9788415491254567
5344.124168617314,-1.7976705159307857e-07,1.8727736411768241e-06,-6.271998588193389,-17.65373094788021,-3.972091629975092
5346.1978526682815,-1.8332577091229842e-07,1.4960826886240412e-06,-6.271995094175513,-15.580176690803812,-3.9488906344851875
5348.2715367192495,-1.8560528845035274e-07,1.1133384067429055e-06,-6.271992387571999,-13.506622505665971,-3.925683210332932
5348.8749672665135,-1.8605577725807193e-07,1.0012054193541787e-06,-6.27199174967085,-12.903229759532564,-3.918929005407665
5349.4783978137775,-1.8642441933776496e-07,8.888036429442067e-07,-6.2719911793726935,-12.299837017472925,-3.912174436527123
5351.552081864745,-1.8714694665718437e-07,5.013736170808439e-07,-6.271989737818629,-10.226282908552683,-3.8889602034642334
5353.625765915713,-1.873166371122829e-07,1.1301850233297616e-07,-6.271989100631196,-8.152728823761164,-3.8657438152098593
5354.229196462977,-1.873167212824285e-07,-1.0097419586828951e-28,-6.271989066577456,-7.5493360977873305,-3.858987809534992
