sLap,u,Kt,aTheta,xi,yi
0.0,7.950649679409102e-13,-4.16074455467571e-05,-2.900779245772167,4.85065896310134,1.1907546839792562
0.6016916999094187,-1.2500408212766003e-14,-4.160744583534431e-05,-2.9008042806278005,4.266327699572687,1.0472629553535788
2.669400216423753,-3.389047854988241e-12,-4.1607447450843755e-05,-2.9008903126964074,2.2582507977859976,0.5542663396049229
4.737108732938087,-1.7799292064061385e-11,-4.1607467455293464e-05,-2.9009763447873635,0.2501314899066146,0.061442484712630384
5.338800432847506,-2.5962655281746843e-11,-4.160748000318082e-05,-2.9010013796578935,-0.334228044350506,-0.08193407000880612
5.940492132756925,-3.416281307859666e-11,-4.160749791528193e-05,-2.901026414540447,-0.9185911678414505,-0.2252959953058683
8.00820064927126,-7.97905282881892e-11,-4.160761127206638e-05,-2.9011124468145715,-2.9267775313884496,-0.7178465367660949
10.075909165785593,-1.5126925340249728e-10,-4.16078456998428e-05,-2.9011984794482513,-4.935006262835224,-1.2102243072030605
10.677600865695013,-1.767034178024908e-10,-4.160794432593852e-05,-2.901223514570506,-5.519397631592685,-1.3534710518179487
11.27929256560443,-2.0625162762970525e-10,-4.160805969908441e-05,-2.9012485497616893,-6.103792586379138,-1.49670316602807
13.347001082118766,-3.254158431177989e-10,-4.160860374315033e-05,-2.901334583615279,-8.112088313548076,-1.9888076050081256
15.414709598633099,-4.772110372945983e-10,-4.160942791975571e-05,-2.901420618883407,-10.120426371273506,-2.4807392593262527
16.01640129854252,-5.285132329142831e-10,-4.160973004792787e-05,-2.901445655017613,-10.704849546430948,-2.6238561837617533
16.61809299845194,-5.810749345960845e-10,-4.1610063470140164e-05,-2.9014706913482096,-11.289276304527473,-2.7669584763420008
18.685801514966272,-7.864972038812357e-10,-4.1611471479079254e-05,-2.901556730207248,-13.297681300154402,-3.2586167724883883
20.753510031480605,-1.0259359104707868e-09,-4.1613339409432555e-05,-2.901642772453128,-15.306128590898386,-3.750102262539792
21.355201731390025,-1.1011752370221874e-09,-4.161397944592095e-05,-2.9016678110416163,-15.8905835457396,-3.893089351056716
21.956893431299445,-1.1808243032622924e-09,-4.161466603123645e-05,-2.9016928500343684,-16.475042080641597,-4.036061805400579
24.02460194781378,-1.4731104596754376e-09,-4.1617404270333855e-05,-2.9017788997548073,-18.48355625541427,-4.527273894386224
26.09231046432811,-1.7975635779141853e-09,-4.162078012795656e-05,-2.901864955796328,-20.492112692965296,-5.018313143122131
26.69400216423753,-1.898657285371357e-09,-4.1621891792288894e-05,-2.9018899990031324,-21.076599403052846,-5.161170370632834
27.29569386414695,-2.0007446975344894e-09,-4.162306448753661e-05,-2.9019150429019263,-21.661089690636064,-5.304012960366168
29.363402380661284,-2.3735793089757217e-09,-4.162758194454133e-05,-2.9020011117992843,-23.669712964198776,-5.794778741090331
31.431110897175618,-2.775179075994483e-09,-4.163290005382592e-05,-2.9020871908651817,-25.67837847248493,-6.2853716297939455
32.03280259708504,-2.8964432585426327e-09,-4.1634606517260184e-05,-2.9021122415429987,-26.262896916550428,-6.428098958180244
32.634494296994454,-3.0215759485573658e-09,-4.163638700232026e-05,-2.9021372932740466,-26.847418935955996,-6.570811643498713
34.70220281350879,-3.4657026687904984e-09,-4.1643089588183884e-05,-2.9022233919528504,-28.856151239897198,-7.061130965705422
36.76991133002313,-3.9348702072918164e-09,-4.1650736387205915e-05,-2.9023095054668238,-30.86492575587364,-7.551277321997177
37.371603029932544,-4.076696776152003e-09,-4.1653146347704885e-05,-2.9023345670879817,-31.44947591663601,-7.693874696705673
37.97329472984196,-4.218908931840875e-09,-4.1655641667262205e-05,-2.902359630188528,-32.0340296510785,-7.836457421009977
40.0410032463563,-4.724964106161858e-09,-4.166488457198337e-05,-2.902445771285199,-34.04287093162397,-8.326330074054129
42.108711762870634,-5.2528202518327276e-09,-4.167519639032533e-05,-2.9025319325986008,-36.05175440783271,-8.816029661183338
42.71040346278005,-5.4095663884215196e-09,-4.167840431896314e-05,-2.902557009176965,-36.636336272717344,-8.958497008211006
43.31209516268947,-5.569644577910468e-09,-4.168170749563422e-05,-2.902582087717389,-37.22092171019255,-9.100949695137318
45.3798036792038,-6.1299283206545514e-09,-4.169379979428942e-05,-2.902668285637548,-39.22987193055069,-9.590375398124152
47.44751219571814,-6.709680605048868e-09,-4.170707072404583e-05,-2.902754509779586,-41.2388643373361,-10.079627905622216
48.04920389562756,-6.882737822304634e-09,-4.171115965478433e-05,-2.90277960580126,-41.823477899096126,-10.221965128889341
48.65089559553697,-7.055787617882208e-09,-4.171535267110414e-05,-2.9028047043174583,-42.40809503299234,-10.364287679721816
50.71860411205131,-7.665075285639758e-09,-4.173056877493871e-05,-2.902890975018372,-44.41715417538143,-10.853266072905114
52.786312628565646,-8.29248715299517e-09,-4.174706344585379e-05,-2.902977278503602,-46.426255502813454,-11.342071108394723
53.38800432847506,-8.477619748304642e-09,-4.1752108840227246e-05,-2.9030023988760085,-47.01090076007159,-11.484278087431399
53.98969602838448,-8.665851204768566e-09,-4.17572665424027e-05,-2.9030275223207593,-47.595549589704135,-11.626470378817656
56.057404544898816,-9.321359742020706e-09,-4.177585967185457e-05,-2.9031138831623275,-49.60471765713763,-12.115001015951092
58.12511306141315,-9.994424987848943e-09,-4.179582635296946e-05,-2.9032002838691167,-51.6139279167275,-12.603358097768542
58.72680476132257,-1.0194360916696923e-08,-4.1801899756253554e-05,-2.9032254338906793,-52.19860487446425,-12.745434685610798
59.328496461231985,-1.0394180125864632e-08,-4.180809341588225e-05,-2.9032505876054575,-52.78328540555911,-12.887496567475228
61.39620497774632,-1.1094820102766228e-08,-4.18303069269826e-05,-2.9033370572690953,-54.79256242347841,-13.37557890875359
63.46391349426066,-1.1812773690570586e-08,-4.185398705708052e-05,-2.9034235743800676,-56.80188164977401,-13.86348745903059
64.06560519417008,-1.2024135307006798e-08,-4.186115846270757e-05,-2.903448759726399,-57.38659031978636,-14.005433480227437
64.6672968940795,-1.223853734328143e-08,-4.1868457939944164e-05,-2.9034739494288933,-57.97130256493674,-14.147364773786236
66.73500541059383,-1.2983588509091612e-08,-4.189453105404025e-05,-2.903560547883314,-59.980688582766476,-14.634998179071006
68.80271392710816,-1.37454009466928e-08,-4.192216204548931e-05,-2.903647201859951,-61.99011683489002,-15.122457517019425
69.40440562701758,-1.397097716416143e-08,-4.193050010762784e-05,-2.903672428577253,-62.57485723623623,-15.26427276568731
70.006097326927,-1.4196321174120402e-08,-4.193897377827825e-05,-2.9036976603547817,-63.15960121534601,-15.406073261507233
72.07380584344133,-1.498368553854769e-08,-4.196913904321018e-05,-2.903784408831302,-65.16909630800903,-15.893256983684012
74.14151435995566,-1.5786192834061152e-08,-4.2000948003727776e-05,-2.9038712213801365,-67.17863367115478,-16.380266319011383
74.74320605986509,-1.60216321314109e-08,-4.201051747143526e-05,-2.903896495872539,-67.76340583058634,-16.521950556931692
75.34489775977451,-1.6259815694466877e-08,-4.202022932301482e-05,-2.9039217761677336,-68.34818157129966,-16.66362001303599
77.41260627628884,-1.708400625174228e-08,-4.2054699968291934e-05,-2.904008697095674,-70.35778584067386,-17.1503531915784
79.48031479280317,-1.7919844651312655e-08,-4.2090886841574886e-05,-2.9040956910731883,-72.36743242752311,-17.6369116182116
80.0820064927126,-1.8165793442565267e-08,-4.2101742845158306e-05,-2.904121020068096,-72.95223637988646,-17.77846457304308
80.68369819262202,-1.841089476191777e-08,-4.211274639754952e-05,-2.904146355640693,-73.53704391798406,-17.92000271314581
82.75140670913635,-1.9260935581116253e-08,-4.215169263619203e-05,-2.904233472485976,-75.5467574942158,-18.40628436823842
84.81911522565068,-2.01164524564451e-08,-4.21924021729197e-05,-2.90432067168372,-77.55651344615613,-18.892390858824047
85.4208069255601,-2.03652044798845e-08,-4.220458125736766e-05,-2.9043460621579538,-78.14134923472608,-19.03381222258877
86.02249862546952,-2.0615636467459342e-08,-4.221691023936735e-05,-2.9043714600054438,-78.72618861444734,-19.175218734626146
88.09020714198385,-2.1473050978702855e-08,-4.2260424511833053e-05,-2.9044587969529476,-80.73601165696353,-19.66104776250315
90.15791565849818,-2.232638140357948e-08,-4.2305707445235716e-05,-2.9045462257038186,-82.74587714492561,-20.146701164460517
90.7596073584076,-2.2574090666909703e-08,-4.231921553452668e-05,-2.9045716847535505,-83.33074482161071,-20.287990592551445
91.36129905831703,-2.2819316785121233e-08,-4.2332871526983144e-05,-2.9045971519737925,-83.91561609583985,-20.42926512776812
93.42900757483136,-2.36563989563834e-08,-4.238092367390445e-05,-2.904684733396589,-85.92554879382823,-20.914640298228818
95.49671609134569,-2.4475894723975944e-08,-4.2430688480981934e-05,-2.904772415947857,-87.93552401848368,-21.399839332428595
96.09840779125511,-2.4709396573074375e-08,-4.244548624687581e-05,-2.904797950587077,-88.52042364382413,-21.540996443471304
96.70009949116454,-2.494228406867418e-08,-4.246042380650023e-05,-2.90482349416792,-89.10532687405883,-21.68213861640302
98.76780800767887,-2.5720841895077495e-08,-4.2512808185196265e-05,-2.904911343834562,-91.11536944612062,-22.167058573742267
100.8355165241932,-2.6464055193603107e-08,-4.256676585344987e-05,-2.904999303443379,-93.12545463712296,-22.651801837142617
101.43720822410262,-2.6673379670617757e-08,-4.258275227277931e-05,-2.905024920319003,-93.71038627998458,-22.792826214115053
102.03889992401204,-2.6877212213216772e-08,-4.259886234767875e-05,-2.905050546843498,-94.29532153598929,-22.933835603878165
104.10660844052637,-2.7547986213821932e-08,-4.2655139955113536e-05,-2.905138686828046,-96.3054742286175,-23.41829887269111
106.1743169570407,-2.8161396513089282e-08,-4.2712745221955096e-05,-2.905226944550886,-98.31566964252502,-23.90258484645514
106.77600865695013,-2.8326986588129732e-08,-4.2729740403125695e-05,-2.9052526495675735,-98.90063337938251,-24.04347603951895
107.37770035685955,-2.848824544527821e-08,-4.274683316264249e-05,-2.90527836482852,-99.48560073841807,-24.184352192864303
109.44540887337388,-2.8991186228158384e-08,-4.2806272864739216e-05,-2.905366814107137,-101.49586382292395,-24.6683571903214
111.51311738988821,-2.941086441103486e-08,-4.286666642038241e-05,-2.905455387275876,-103.50616973942246,-25.152184255035632
112.11480908979763,-2.951661486818085e-08,-4.288439508226347e-05,-2.905481185130234,-104.09116565311972,-25.29294178655238
112.71650078970706,-2.9612509016550452e-08,-4.290218356725276e-05,-2.90550699365455,-104.67616519863824,-25.43368422315667
114.78420930622138,-2.987809847577976e-08,-4.2963707521513784e-05,-2.9055957663970586,-106.68653896614619,-25.91722927936802
116.85191782273571,-3.003146875941888e-08,-4.302566461908897e-05,-2.9056846668009753,-108.69695568219923,-26.40059573895344
117.45360952264514,-3.005255012406166e-08,-4.304374186628767e-05,-2.9057105604328948,-109.28198386008114,-26.541219111140425
118.05530122255456,-3.006443522792594e-08,-4.3061828141453254e-05,-2.9057364649245883,-109.86701567978112,-26.68182733158502
120.12300973906889,-3.00161944080282e-08,-4.3123967381448805e-05,-2.905825568518939,-111.87750043394283,-27.164910719555497
122.19071825558322,-2.982504055698949e-08,-4.318585912224437e-05,-2.9059148003432447,-113.88802825554325,-27.647814835283835
122.79240995549264,-2.9741650306759758e-08,-4.320378039794325e-05,-2.905940790321572,-114.47308878686894,-27.788303540900312
123.39410165540207,-2.9643255735745803e-08,-4.3221646098789106e-05,-2.9059667910416214,-115.05815297002306,-27.928777037717804
125.4618101719164,-2.9201560383468823e-08,-4.328251295908734e-05,-2.9060562239231,-117.06874901717279,-28.411397014111685
127.52951868843073,-2.8586359471162978e-08,-4.334228714268187e-05,-2.9061457815298333,-119.07938824845561,-28.89383704978731
128.13121038834015,-2.8372294526796417e-08,-4.335942439239189e-05,-2.906171865400049,-119.6644812210317,-29.034190586125963
128.73290208824957,-2.8143921038492494e-08,-4.3376427724449886e-05,-2.906197959512108,-120.2495778550306,-29.17452885817277
130.8006106047639,-2.723117182692416e-08,-4.3433712242069585e-05,-2.906287708906091,-122.26028549161747,-29.65668371563932
132.86831912127823,-2.6116796172705236e-08,-4.3488901008014726e-05,-2.9063775745810543,-124.2710364212276,-30.13865799446475
133.47001082118766,-2.5754005055967568e-08,-4.350450717228965e-05,-2.9064037462137637,-124.85616191724188,-30.2788758807508
134.07170252109708,-2.537152591556559e-08,-4.3519888469794515e-05,-2.9064299271357528,-125.44129108333905,-30.41907845098524
136.1394110376114,-2.3918667626490245e-08,-4.357088601489467e-05,-2.9065199668614197,-127.45211058063357,-30.90076658213224
138.20711955412574,-2.2241395019554693e-08,-4.3618647460839034e-05,-2.9066101086894873,-129.4629734654194,-31.38227355503267
138.80881125403516,-2.170930633391255e-08,-4.3631871358906676e-05,-2.9066363576797407,-130.0481315565107,-31.52235535310271
139.4105029539446,-2.1159144817926775e-08,-4.364476926408741e-05,-2.906662614492589,-130.63329332481243,-31.662421789610807
141.47821147045892,-1.9113416311344245e-08,-4.3686446331527925e-05,-2.9067529030130754,-132.64422491109025,-32.14364176184784
143.54591998697325,-1.682911282727933e-08,-4.372364677695647e-05,-2.9068432730814115,-134.65519995741948,-32.624680086089505
144.14761168688267,-1.6119901326305275e-08,-4.373356026746253e-05,-2.9068695842594905,-135.24039069908872,-32.764625423934
144.7493033867921,-1.5388702820672912e-08,-4.374304037109441e-05,-2.9068959012347637,-135.825585122901,-32.90455536375147
146.81701190330642,-1.2722413957086829e-08,-4.377214461089929e-05,-2.9069863801742244,-137.83662896356049,-33.38530600316891
148.88472041982075,-9.815615256773827e-09,-4.379548709039455e-05,-2.9070769133359464,-139.84771630682158,-33.86587462898133
149.48641211973018,-8.924076859990173e-09,-4.380112602048664e-05,-2.9071032664593908,-140.4329397323681,-34.00568322639542
150.0881038196396,-8.014245874432715e-09,-4.3806223436811405e-05,-2.9071296227764827,-141.01816684209618,-34.1454764013292
152.15581233615393,-4.7342291321786376e-09,-4.381944252491422e-05,-2.907220216153336,-143.0293230184529,-34.62575688255479
154.22352085266826,-1.2277417982357705e-09,-4.382564535687915e-05,-2.907310829609621,-145.04052270160594,-35.10585514418829
154.82521255257768,-1.6693041821911141e-10,-4.382606526911195e-05,-2.9073371993129977,-145.62577881586466,-35.24552683939398
155.4269042524871,9.133896775931073e-10,-4.382584202329202e-05,-2.9073635690429267,-146.21103861274912,-35.38518310266175
157.49461276900144,4.7561153349351634e-09,-4.3820013801733e-05,-2.9074541834876415,-148.22230710056854,-35.86499304028638
159.56232128551576,8.791636099151392e-09,-4.380604062156341e-05,-2.9075447774605903,-150.23361905293345,-36.34462074655216
160.1640129854252,1.0000486266213061e-08,-4.38003874033364e-05,-2.907571133542672,-150.81890782618146,-36.484155522247335
160.7657046853346,1.1221830118917908e-08,-4.3794004731917685e-05,-2.907597485978231,-151.40420027625268,-36.623674874343706
162.83341320184894,1.5522814403113312e-08,-4.3766378130628996e-05,-2.9076880122095425,-153.41558092541112,-37.1030144100915
164.90112171836327,1.9959968766146202e-08,-4.3729717567490596e-05,-2.907778471977293,-155.42700494321022,-37.582171928009785
165.5028134182727,2.1272092671409364e-08,-4.37173122548387e-05,-2.907804780103809,-156.0123263057084,-37.72156993488648
166.10450511818212,2.259406456274263e-08,-4.370411688891074e-05,-2.9078310805137098,-156.59765133443352,-37.86095254667309
168.17221363469645,2.7187342590782783e-08,-4.365265946942776e-05,-2.9079213963350674,-158.6091438514206,-38.339822425088606
170.23992215121078,3.183459506222839e-08,-4.359164868813927e-05,-2.908011595880694,-160.6206795819072,-38.818510748900636
170.8416138511202,3.3192549915831944e-08,-4.357208441434095e-05,-2.908037818773438,-161.2060334196318,-38.9577723242849
171.44330555102962,3.4549031373663576e-08,-4.355170670552511e-05,-2.9080640296499674,-161.79139090781865,-39.09701855491559
173.51101406754395,3.920110164535777e-08,-4.347545027665002e-05,-2.9081540046943988,-163.80299484308668,-39.575420179055726
175.57872258405828,4.3797807403366414e-08,-4.338963196129291e-05,-2.9082438121771625,-165.8146417743638,-40.053640975646154
176.1804142839677,4.5117379185407655e-08,-4.3362879661489025e-05,-2.9082699113459105,-166.40002792655653,-40.19276665457699
176.78210598387713,4.642828206539235e-08,-4.333533997578111e-05,-2.908295994200461,-166.98541770815137,-40.33187706154345
178.84981450039146,5.0835117090217975e-08,-4.32347507211696e-05,-2.9083854965932607,-168.99713245055116,-40.80981251911363
180.9175230169058,5.504999920670969e-08,-4.3125247867578e-05,-2.908474781781437,-171.00888990938788,-41.28756813997137
181.5192147168152,5.623293348113841e-08,-4.309176578255e-05,-2.908500719832902,-171.5943081686072,-41.42655865579618
182.12090641672464,5.73913093247173e-08,-4.3057584043523835e-05,-2.908526637570567,-172.17973003107184,-41.5655339941525
184.18861493323897,6.11794666997713e-08,-4.293493813853368e-05,-2.9086155425923996,-174.1915548117566,-42.04300604385619
186.2563234497533,6.461358988531741e-08,-4.280482544803159e-05,-2.9087041862986793,-176.2034219718067,-42.520299493216925
186.85801514966272,6.553594293589099e-08,-4.276566585199743e-05,-2.9087299298259732,-176.78887208718143,-42.65915576467792
187.45970684957214,6.642229503334649e-08,-4.2725967452401036e-05,-2.90875564969866,-177.37432577515074,-42.797996972417955
189.52741536608647,6.915517306617198e-08,-4.2585707481013463e-05,-2.9088438504149887,-179.38625968334716,-43.27500898014557
191.5951238826008,7.135047821520065e-08,-4.2440352486457835e-05,-2.9089317558470666,-181.3982355861349,-43.75184382906272
192.19681558251023,7.187844839012485e-08,-4.2397257404749365e-05,-2.9089572788635825,-181.98371727049818,-43.890566930929054
192.79850728241965,7.23509615970584e-08,-4.2353867094062715e-05,-2.9089827759605527,-182.5692024933899,-44.02927509759393
194.86621579893398,7.354121791498281e-08,-4.220290903740582e-05,-2.909070195636594,-184.58124450629117,-44.505830912619224
196.9339243154483,7.399555451721917e-08,-4.205025071135529e-05,-2.9091573014175425,-186.59332809711066,-44.982211149558836
197.53561601535773,7.39774545803606e-08,-4.200572688773951e-05,-2.9091825892511154,-187.17884103861434,-45.12080226416654
198.13730771526716,7.389003555098733e-08,-4.19612407158351e-05,-2.909207850436916,-187.7643574827795,-45.259378580095785
200.20501623178149,7.3019004700358e-08,-4.180919629067263e-05,-2.909294456382228,-189.77650651147454,-45.73548234282694
202.27272474829581,7.120845077361072e-08,-4.165992423335109e-05,-2.9093807508102096,-191.7886966919275,-46.211412153124456
202.87441644820524,7.04946830268254e-08,-4.161728630667393e-05,-2.909405804317787,-192.37424057059783,-46.34987250076455
203.47610814811466,6.969132865366046e-08,-4.1575110484922414e-05,-2.9094308324711387,-192.95978791645194,-46.488318185015004
205.543816664629,6.623606481397506e-08,-4.1434385661165977e-05,-2.909516650758813,-194.97204286923878,-46.963974060203405
207.61152518114332,6.164499752083962e-08,-4.1301979571114514e-05,-2.9096021866689266,-196.98433856747153,-47.43945752948354
208.21321688105274,6.008444084537461e-08,-4.1265349571832946e-05,-2.909627026570568,-197.56991307695608,-47.577788276461774
208.81490858096217,5.84217674550408e-08,-4.122969427579606e-05,-2.9096518449158784,-198.15549102131186,-47.716104482337954
210.8826170974765,5.188994168055455e-08,-4.111542246551776e-05,-2.909736975205062,-200.16785088492492,-48.191316315085814
212.95032561399083,4.4048956219070506e-08,-4.101601004733886e-05,-2.909821884575893,-202.18025114370647,-48.666357055625895
213.55201731390025,4.151350970407144e-08,-4.099026101270154e-05,-2.9098465556422988,-202.76585601817447,-48.80455920003019
214.15370901380967,3.885963198604299e-08,-4.09660769618888e-05,-2.9098712119006986,-203.35146430170266,-48.942746898419635
216.221417530324,2.8832075153270404e-08,-4.089584526491389e-05,-2.9099558413681716,-205.36392823989996,-49.41751779491487
218.28912604683833,1.7363286358030073e-08,-4.084783765640343e-05,-2.910040348593433,-207.37643232149722,-49.8921184989669
218.89081774674776,1.3748587331689758e-08,-4.083846966456695e-05,-2.9100649233570226,-207.96206736729187,-50.03019273572751
219.49250944665718,1.0009989642952458e-08,-4.0831315867228263e-05,-2.9100894933799677,-208.54770580666147,-50.16825257802138
221.5602179631715,-3.809964115056692e-09,-4.082464551897436e-05,-2.910173908550278,-210.56027327427148,-50.642584418663496
223.62792647968584,-1.914130378764463e-08,-4.0848113359567345e-05,-2.9102583410867444,-212.57288077962988,-51.11674634891445
224.22961817959526,-2.3887492086101143e-08,-4.086105168812654e-05,-2.9102829226871245,-213.15854591083158,-51.25469291761414
224.8313098795047,-2.876337390985696e-08,-4.08768843104221e-05,-2.910307513177336,-213.74421443463558,-51.39262508189996
226.89901839601902,-4.649525590314545e-08,-4.095443272583454e-05,-2.9103921082485376,-215.75688530356683,-51.8665179812879
228.96672691253335,-6.572467677071584e-08,-4.1070193741600384e-05,-2.9104769031735147,-217.769596301626,-52.340240415818364
229.56841861244277,-7.15989178439929e-08,-4.1111501430798176e-05,-2.9105016268995736,-218.35529157818178,-52.478058936865814
230.1701103123522,-7.759407750473256e-08,-4.115637641108254e-05,-2.9105263767770544,-218.94099026524313,-52.6158629632621
232.23781882886652,-9.912272207465345e-08,-4.133883850999904e-05,-2.9106116568906066,-220.95376495716312,-53.08931469921894
234.30552734538085,-1.220286410466999e-07,-4.1567239471647173e-05,-2.9106973617766805,-222.96658011827523,-53.56259435630011
234.90721904529028,-1.2894198364218987e-07,-4.164274036041925e-05,-2.91072239483584,-223.55230578479785,-53.70028366344594
235.5089107451997,-1.3596405796362876e-07,-4.172242637589145e-05,-2.910747474777338,-224.13803490289573,-53.837958286834024
237.57661926171403,-1.6088229194193496e-07,-4.202912764245868e-05,-2.9108340525989234,-226.1509145213483,-54.31096372895671
239.64432777822836,-1.8692987077248386e-07,-4.238852013162385e-05,-2.9109213190643715,-228.16383524680327,-54.78379420547229
240.24601947813778,-1.9470484166208444e-07,-4.2503333628827963e-05,-2.9109468581017754,-228.74959176956912,-54.92135218512225
240.8477111780472,-2.025582252270859e-07,-4.262283732084389e-05,-2.9109724677775115,-229.33535181204948,-55.05889517600685
242.91541969456154,-2.3011392813250652e-07,-4.307003054057763e-05,-2.911061051765155,-231.34833826480784,-55.53144575274482
244.98312821107587,-2.584051028632299e-07,-4.357496129256581e-05,-2.911150620110218,-233.3613668025148,-56.00381701847843
245.5848199109853,-2.667488009784331e-07,-4.3732956672751333e-05,-2.911176886024231,-233.94715490162739,-56.14124046869341
246.1865116108947,-2.7513416095022015e-07,-4.389596876852621e-05,-2.911203248583214,-234.5329466188051,-56.27864849534551
248.25422012740904,-3.04186635015774e-07,-4.4494870593536604e-05,-2.9112946214454123,-236.54604271937484,-56.750731746785874
250.32192864392337,-3.3342161137743613e-07,-4.51540331473741e-05,-2.911387294962823,-238.55918225394683,-57.22262974468436
250.9236203438328,-3.419286395466284e-07,-4.5357219062366994e-05,-2.911414524625279,-239.14500292712586,-57.35991426897515
251.52531204374222,-3.5042027073575363e-07,-4.5565498021037666e-05,-2.911441878047452,-239.73082734888735,-57.49718279619023
253.59302056025655,-3.7941167005652606e-07,-4.63201301050046e-05,-2.911536864161514,-241.74403688445207,-57.96878206689444
255.66072907677088,-4.078678440339796e-07,-4.71341546072524e-05,-2.911633472037864,-243.75729158846764,-58.440188475986446
256.2624207766803,-4.160026583275586e-07,-4.738202851144362e-05,-2.911661906634894,-244.34314612252948,-58.57732842879335
256.8641124765897,-4.2405771373313975e-07,-4.763474749459321e-05,-2.9116904916811435,-244.92900456816548,-58.71445167031566
258.93182099310405,-4.510058281336238e-07,-4.8539679189549915e-05,-2.9117899126722726,-246.94233232009307,-59.18554600191924
260.9995295096184,-4.7654063335524924e-07,-4.949887057444367e-05,-2.911891260894983,-248.95570735236555,-59.656438224004305
261.6012212095278,-4.836534826415909e-07,-4.978776268421792e-05,-2.911921130762285,-249.54159731823137,-59.79342672584755
262.2029129094372,-4.906027056995536e-07,-5.0080855593084345e-05,-2.9119511754173715,-250.12749138932801,-59.93039766851298
264.27062142595156,-5.131217638508639e-07,-5.11189799346857e-05,-2.9120557937087956,-252.14094309184964,-60.40096195447898
266.3383299424659,-5.332060998754992e-07,-5.220114997677202e-05,-2.9121626040755944,-254.15444452835243,-60.87131338708386
266.9400216423753,-5.385321748490116e-07,-5.2523606685961714e-05,-2.912194110114261,-254.7403717554363,-61.00814242750848
267.5417133422847,-5.43606421471894e-07,-5.284915937523372e-05,-2.9122258106361585,-255.326303307693,-61.14495294517065
269.60942185879907,-5.589624975651921e-07,-5.3989669631845356e-05,-2.9123362615788326,-257.33988553076307,-61.61495840911785
271.6771303753134,-5.70751235390739e-07,-5.5158243669916556e-05,-2.9124490997781347,-259.35352021466304,-62.084739064571316
272.2788220752228,-5.734472565017866e-07,-5.550250554682822e-05,-2.9124823918044482,-259.9394867408061,-62.221399709904276
272.8805137751322,-5.75789226377212e-07,-5.584824841512545e-05,-2.912515890766952,-260.5254578310069,-62.35804078394417
274.9482222916466,-5.809963850925406e-07,-5.704501665312315e-05,-2.912632604942826,-262.5391777748768,-62.827455837372995
277.01593080816093,-5.814417061552507e-07,-5.8247628731409045e-05,-2.912751799728255,-264.55295307414997,-63.29663336020113
277.6176225080703,-5.806091175955963e-07,-5.8597267493231675e-05,-2.9127869524304595,-265.1389610679527,-63.433116080507155
278.2193142079797,-5.793243316438751e-07,-5.894623482040592e-05,-2.9128223144710668,-265.72497387304475,-63.569578140907446
280.2870227244941,-5.712865592882059e-07,-6.0136824051929946e-05,-2.912945432922278,-267.7388390649462,-64.03836966497411
282.35473124100844,-5.572986503715655e-07,-6.130464193907954e-05,-2.9130709896227294,-269.75276252947833,-64.50691078625462
282.95642294091783,-5.520471067125296e-07,-6.163842837000411e-05,-2.9131079771628277,-270.3388141829906,-64.64320591146408
283.5581146408272,-5.462427338617037e-07,-6.196885703181612e-05,-2.9131451635172962,-270.92487088938435,-64.77947930780071
285.6258231573416,-5.219450764820083e-07,-6.30744214119249e-05,-2.913274449955029,-272.9388887770868,-65.24761438620776
287.69353167385594,-4.906027292527317e-07,-6.412246213633921e-05,-2.9134059629065674,-274.9529676921419,-65.71548683327293
288.29522337376534,-4.801018965021846e-07,-6.441454169435486e-05,-2.91344463360357,-275.5390650834372,-65.85158514204828
288.89691507367473,-4.6896650975925385e-07,-6.47000863399335e-05,-2.913483476909738,-276.1251677462591,-65.98766074711226
290.9646235901891,-4.257164414513712e-07,-6.562642605486642e-05,-2.913618232353135,-278.1393451892316,-66.45510885255239
293.03233210670345,-3.7452752089555185e-07,-6.645512961901706e-05,-2.913754802255496,-280.1535860287631,-66.92228370495825
293.63402380661284,-3.580995659873295e-07,-6.667558349740745e-05,-2.913794855200971,-280.7397309559572,-67.05817714133269
294.23571550652224,-3.4097084305942815e-07,-6.688592574727713e-05,-2.9138350364692043,-281.3258813300738,-67.19404708131749
296.3034240230366,-2.7668786913551746e-07,-6.752596095505351e-05,-2.9139740231894375,-283.3402239965514,-67.66078268588085
298.37113253955096,-2.0389624123686682e-07,-6.802428100203669e-05,-2.9141141868030953,-285.3546317879972,-68.12723713365972
298.97282423946035,-1.8109508232580514e-07,-6.814014647804415e-05,-2.9141551526669423,-285.9408255787589,-68.26291963578814
299.57451593936975,-1.5756676235942573e-07,-6.824207119735563e-05,-2.914196182719108,-286.5270249259255,-68.3985781300473
301.6422244558841,-7.111447367020886e-08,-6.847997890846902e-05,-2.914337565729355,-288.54153661324204,-68.86458367063103
303.70993297239846,2.3953970238731598e-08,-6.853022063722382e-05,-2.9144792466441247,-290.5561142350317,-69.33030408874966
304.31162467230786,5.322639368492688e-08,-6.85070347016295e-05,-2.9145204752993026,-291.14235753851347,-69.46577250136534
304.91331637221725,8.321366042774853e-08,-6.846603578499269e-05,-2.914561683342748,-291.72860641792147,-69.60121678178166
306.9810248887316,1.9166317961316996e-07,-6.818325142298819e-05,-2.914702998874706,-293.74328832380013,-70.06648586537958
309.04873340524597,3.0822736035879607e-07,-6.766783568914373e-05,-2.914843489184094,-295.7580357675297,-70.53147106981345
309.65042510515536,3.4362440147508747e-07,-6.747174919128023e-05,-2.914884147079156,-296.34432833883807,-70.66672609745368
310.25211680506476,3.7965949155269795e-07,-6.725420976385089e-05,-2.914924679371989,-296.9306263915522,-70.80195736275591
312.3198253215791,5.082438589675103e-07,-6.633742842822405e-05,-2.915062840689985,-298.9454763752856,-71.26649804471529
314.3875338380935,6.43684072183448e-07,-6.514768415562747e-05,-2.9151988241675086,-300.96039001599564,-71.7307625420396
314.98922553800287,6.842897261284752e-07,-6.474816943688494e-05,-2.9152379045666907,-301.546730506694,-71.86580968425174
315.59091723791227,7.253930738757685e-07,-6.432413619308814e-05,-2.915276736306632,-302.1330762478569,-72.00083402865523
317.6586257544266,8.701803898319951e-07,-6.267535543114542e-05,-2.915408087694445,-304.14808813201114,-72.46467194142132
319.726334270941,1.0196665762558267e-06,-6.072233875567477e-05,-2.9155357153486374,-306.1631600617445,-72.92824892745055
320.3280259708504,1.0639025043148562e-06,-6.009548156952599e-05,-2.9155720645994956,-306.74954583329327,-73.06309932069608
320.92971767075977,1.108407738840197e-06,-5.944201995848186e-05,-2.9156080281892547,-307.3359364693807,-73.19792855973074
322.99742618727413,1.2630449755276965e-06,-5.6990545607511544e-05,-2.9157284578588856,-309.351099444288,-73.66110961286046
325.0651347037885,1.4192035254892677e-06,-5.421775370906566e-05,-2.915843486398606,-311.36631693554733,-74.12405341954637
325.6668264036979,1.4647229688639889e-06,-5.335008039970442e-05,-2.9158758492350882,-311.9527439158694,-74.2587244942851
326.2685181036073,1.5101994015299123e-06,-5.245515667256696e-05,-2.9159076819008742,-312.5391752075382,-74.39337679453625
328.33622662012164,1.6656179428295293e-06,-4.917134737901625e-05,-2.9160128037749593,-314.5544734118137,-74.85596911223365
330.403935136636,1.8182681521290632e-06,-4.556903989582259e-05,-2.9161108064078896,-316.5698185880991,-75.31835674943007
331.0056268365454,1.861899030128263e-06,-4.446178404225645e-05,-2.9161378929129023,-317.15628119444074,-75.4528725960138
331.6073185364548,1.9050714205961745e-06,-4.332857276369578e-05,-2.9161643062406193,-317.7427473884448,-75.58737280088496
333.67502705296914,2.049282954591371e-06,-3.9238930764660514e-05,-2.916249718922302,-319.7581597484796,-76.0494675151117
335.7427355694835,2.1852773366322525e-06,-3.485959668614246e-05,-2.9163263759170013,-321.77360954814395,-76.5113989093162
336.3444272693929,2.2229716257972855e-06,-3.3533257354593215e-05,-2.91634695212006,-322.36010070190065,-76.64579023417247
336.9461189693023,2.259700450367278e-06,-3.2184720414117896e-05,-2.916366725393872,-322.9465945579899,-76.7801697660265
339.01382748581665,2.377718512400424e-06,-2.7387752490596192e-05,-2.9164283540577136,-324.96209497720395,-77.24188024612417
341.081536002331,2.4809226012565345e-06,-2.2362073104356787e-05,-2.9164798275358046,-326.9776215038029,-77.70347674686471
341.6832277022404,2.5077754437085015e-06,-2.0861061855402963e-05,-2.91649283068578,-327.56413276481504,-77.83778029248056
342.2849194021498,2.533055016740147e-06,-1.9344589790228595e-05,-2.916504928944884,-328.1506457052744,-77.97207650411299
344.35262791866415,2.6069781534894275e-06,-1.4026672224528313e-05,-2.9165394523004364,-330.16620369922003,-78.43353558303636
346.4203364351785,2.65842780302656e-06,-8.579137469856233e-06,-2.916562845747263,-332.181775055654,-78.89493629447874
347.0220281350879,2.6687250512501046e-06,-6.976253945367311e-06,-2.9165675240672133,-332.7682969044386,-79.02919359445713
347.6237198349973,2.6767649171451175e-06,-5.368102028237776e-06,-2.916571240528094,-333.35481931477415,-79.16344844136637
349.69142835151166,2.686070084213011e-06,1.8163106784663143e-07,-2.9165766003742863,-335.3704011901685,-79.62480319946818
351.759136868026,2.664365308300725e-06,5.7185447755265494e-06,-2.916570498243469,-337.3859828943313,-80.08615870563695
352.3608285679354,2.6517318788756167e-06,7.318150433719765e-06,-2.91656657338634,-337.9725051905121,-80.22041405125742
352.9625202678448,2.6360881468516417e-06,8.908984486803437e-06,-2.916561694239925,-338.5590268994217,-80.35467196229969
355.03022878435917,2.5582038485016026e-06,1.4286037822673404e-05,-2.9165376790718907,-340.57459757261216,-80.81607565838532
357.0979373008735,2.440203037861642e-06,1.9460574504484885e-05,-2.9165027550975826,-342.5901546473421,-81.27753875222446
357.6996290007829,2.397814964311051e-06,2.0916397454862897e-05,-2.916490603413648,-343.1766672906111,-81.41183626176898
358.3013207006923,2.3516394478409577e-06,2.2345308182751735e-05,-2.9164775908394027,-343.76317825520766,-81.54614110187276
360.3690292172067,2.1628370700662937e-06,2.7021124353382644e-05,-2.9164264770821373,-345.778703796076,-82.00774190665861
362.43673773372103,1.924673389830071e-06,3.12555198468077e-05,-2.9163661514645987,-347.794203613218,-82.46945501510181
363.0384294336304,1.845590338385604e-06,3.2390150123225964e-05,-2.916346997650168,-348.3806974286632,-82.60383472431042
363.6401211335398,1.761946898573629e-06,3.347556895427063e-05,-2.9163271843199112,-348.9671886460703,-82.73822577151834
365.7078296500542,1.4385529212989e-06,3.679444635717036e-05,-2.9162544097784786,-350.9826396139724,-83.20015206850887
367.77553816656854,1.0569667830317304e-06,3.938447706563044e-05,-2.9161755262872306,-352.99805554835206,-83.66223119376409
368.37722986647793,9.345285692247936e-07,3.998399810038199e-05,-2.9161516403237617,-353.5845234100771,-83.79672412648175
368.9789215663873,8.068259168766227e-07,4.0508040957064027e-05,-2.916127426008431,-354.17098806817586,-83.93123102781723
371.0466300829017,3.267357334134536e-07,4.1691342406556746e-05,-2.916042261028418,-356.18634367437426,-84.39357320345209
373.11433859941604,-2.1930519844110445e-07,4.181377383294802e-05,-2.915955746110908,-358.2016595856408,-84.85608837538729
373.71603029932544,-3.909750163835358e-07,4.1630570007562383e-05,-2.915930631837244,-358.7880977804514,-84.99071060758958
374.31772199923483,-5.684983593029762e-07,4.134214150962849e-05,-2.915905670186076,-359.37453264787587,-85.12534733381894
376.3854305157492,-1.2240499356487053e-06,3.9501296502300766e-05,-2.915821843482234,-361.3897857311388,-85.58813618059428
378.45313903226355,-1.9514995407972108e-06,3.623062983431049e-05,-2.915743301336502,-363.4050012368021,-86.05108863307277
379.05483073217295,-2.1769549029185015e-06,3.498898689593486e-05,-2.9157218627240704,-363.9914110524932,-86.18583442977078
379.65652243208234,-2.4086599190299273e-06,3.3609713408557696e-05,-2.9157012240604834,-364.57781809010396,-86.32059231668164
381.7242309485967,-3.253147470833014e-06,2.7769196530832347e-05,-2.915637452929151,-366.59298082584957,-86.7837744141375
383.79193946511106,-4.1728881926807424e-06,2.0104724739855378e-05,-2.915587643987859,-368.6081172547498,-87.24707095213363
384.39363116502045,-4.454761988821928e-06,1.750948131031044e-05,-2.9155763134509636,-369.19450675446325,-87.38190513273794
384.99532286492985,-4.74303589418076e-06,1.4742713408247469e-05,-2.9155666077694615,-369.7808949067913,-87.51674517351324
387.0630313814442,-5.782623645512209e-06,3.873681317704076e-06,-2.9155469773363145,-371.7960050833265,-87.98015588257186
389.13073989795856,-6.8974590176555615e-06,-9.222710293131467e-06,-2.91555212365851,-373.8111119038832,-88.44358118518562
389.73243159786796,-7.23589800355566e-06,-1.3474384542055886e-05,-2.9155589358139005,-374.3974978188918,-88.57843095499763
390.33412329777735,-7.580566431890131e-06,-1.793144911617787e-05,-2.915568379356529,-374.9838849142752,-88.71327559072225
392.4018318142917,-8.81217237625253e-06,-3.4866884275234696e-05,-2.91562251365279,-376.9990125024542,-89.17661058218596
394.46954033080607,-1.0114974016571183e-05,-5.442252750787329e-05,-2.9157143744058325,-379.01417390572146,-89.6397984726643
395.07123203071546,-1.050710624220982e-05,-6.062639746438311e-05,-2.9157489689196456,-379.60058354449666,-89.77454504106528
395.67292373062486,-1.0904937921715138e-05,-6.70676727343835e-05,-2.9157873780848913,-380.18699819764225,-89.9092697789926
397.7406322471392,-1.231457763918979e-05,-9.106248425796855e-05,-2.915950348239165,-382.2022518165384,-90.37205629735774
399.8083407636536,-1.3786799758230063e-05,-0.00011803672091294333,-2.9161660129609346,-384.21759300617543,-90.83446128324312
400.41003246356297,-1.4226353038779125e-05,-0.00012646427960387015,-2.9162395518378417,-384.8040660398146,-90.96893166618388
401.01172416347237,-1.4670670413670642e-05,-0.00013515735607818574,-2.91631825008278,-385.39054941258644,-91.10335693126682
403.0794326799867,-1.6232321061877906e-05,-0.00016709807323357482,-2.916630172993955,-387.40608216292696,-91.56492624558167
405.1471411965011,-1.784314019446749e-05,-0.0002023186617810328,-2.9170115309070193,-389.42177477457494,-92.02579686338575
405.7488328964105,-1.832023655894721e-05,-0.00021319831918339426,-2.9171365191532135,-390.00836472155135,-92.15975633079479
406.3505245963199,-1.8800765234218934e-05,-0.0002243655490665674,-2.917268146359224,-390.5949719611155,-92.29364001683564
408.41823311283423,-2.0476034122059103e-05,-0.0002649666744976613,-2.917773442146971,-392.6109859764721,-92.75310270132424
410.4859416293486,-2.2182414749666308e-05,-0.0003090639326802335,-2.918366303719281,-394.62725193675783,-93.21145835897488
411.087633329258,-2.2683684584782704e-05,-0.00032256191773105875,-2.9185563081149977,-395.21402713960777,-93.3446040271237
411.6893250291674,-2.3186680132518472e-05,-0.00033636139337369026,-2.9187545279646323,-395.80082828395075,-93.47763524998612
413.75703354568174,-2.4925602959294092e-05,-0.0003861009136545971,-2.919500827523714,-397.8175772604732,-93.93386103391485
415.8247420621961,-2.6673628431005676e-05,-0.0004394454302822172,-2.9203537009533096,-399.8346903269233,-94.38847409410303
416.4264337621055,-2.7182692408698728e-05,-0.00045564823682265725,-2.9206229700499504,-400.4217341978844,-94.520430167805
417.0281254620149,-2.7691500145491476e-05,-0.000472156554330215,-2.9209020796519396,-401.00881432535937,-94.65222472330692
419.09583397852924,-2.943482877131212e-05,-0.0005312195215951113,-2.921938805918255,-403.02660326356124,-95.10382861251941
421.1635424950436,-3.1162668624100094e-05,-0.0005938711711727449,-2.9231013673594823,-405.0448874919895,-95.55321335942838
421.765234194953,-3.166115051220437e-05,-0.0006127719435554603,-2.9234643670780773,-405.6322978129482,-95.68352848672788
422.3669258948624,-3.215725543096663e-05,-0.0006319712132131443,-2.9238388246799,-406.2197562241056,-95.81362646744186
424.43463441137675,-3.38406220842183e-05,-0.0007002103714919452,-2.9252155137335323,-408.23893768261337,-96.2589626242485
426.5023429278911,-3.5483529028167436e-05,-0.00077188841189334,-2.9267368567788217,-410.25876217911434,-96.70137245781761
427.1040346278005,-3.5952660807394654e-05,-0.0007933802696327529,-2.92720775037508,-410.84664928226687,-96.82951955637317
427.7057263277099,-3.6417391007946684e-05,-0.0008151524312457747,-2.9276916517342775,-411.4345975473804,-96.95738547024804
429.77343484422425,-3.797770416590402e-05,-0.0008920769425599401,-2.92945613336809,-413.45556389642854,-97.39454989279093
431.8411433607386,-3.947519197795291e-05,-0.0009721627744278488,-2.931382940813789,-415.4773334509028,-97.82798354514223
432.442835060648,-3.989803861456595e-05,-0.0009960424830766988,-2.931975059380908,-416.0658171863001,-97.95336227888926
433.0445267605574,-4.031479907469403e-05,-0.001020174294374863,-2.9325816109184815,-416.6543759761364,-98.07838782261169
435.11223527707176,-4.1698086648465034e-05,-0.0011049774119809303,-2.9347782294269464,-418.67754746184477,-98.5052301357133
437.1799437935861,-4.300159623161164e-05,-0.0011925582862687494,-2.937153067859483,-420.701689031974,-98.9274468618327
437.7816354934955,-4.3365171364656754e-05,-0.0012185419353547475,-2.9378784326797684,-421.2908945447573,-99.04938868090028
438.3833271934049,-4.37215255525789e-05,-0.0012447418912435008,-2.938619483550639,-421.88018928191565,-99.17089804754714
440.45103570991927,-4.488946017032323e-05,-0.0013363681555324362,-2.941287574987472,-423.9059981447036,-99.58504172523182
442.5187442264336,-4.5967908068885415e-05,-0.0014303168519515285,-2.944147523887657,-425.93294361010663,-99.99358438286
443.120435926343,-4.626460444401943e-05,-0.0014580650959270523,-2.9450164797340928,-426.52299608234125,-100.11135973613581
443.7221276262524,-4.655359503714423e-05,-0.0014859894948017964,-2.945902170413841,-427.1131515820466,-100.22861703491361
445.7898361427668,-4.7487434717699326e-05,-0.001583229908310176,-2.9490749794760904,-429.1420229132767,-100.62748637210326
447.85754465928113,-4.8330191277090405e-05,-0.0016823070634064262,-2.95245075229261,-431.17218892982123,-101.01971038707325
448.4592363591905,-4.855845978943916e-05,-0.001711455956673083,-2.9534717521418687,-431.76320755306915,-101.13253747103784
449.0609280590999,-4.877923741884546e-05,-0.0017407401319475186,-2.954510317670474,-432.3543419294549,-101.24475560128568
451.1286365756143,-4.948136999827689e-05,-0.0018423418489661957,-2.9582144671377733,-434.38667228302137,-101.62560702813536
453.19634509212864,-5.0098947401201205e-05,-0.001945307953769794,-2.962130109918764,-436.4204383395508,-101.99871265126536
453.79803679203803,-5.026335491293606e-05,-0.0019755017209008422,-2.9633096709898274,-437.01252985124484,-102.10576691236668
454.3997284919474,-5.042114081845671e-05,-0.0020057928198633527,-2.9645074166035768,-437.60474802646377,-102.21211709853975
456.4674370084618,-5.091448842707329e-05,-0.0021105712675088895,-2.968762973959594,-439.6408829679391,-102.5720720474906
458.53514552497614,-5.1337173250612214e-05,-0.0022162967591851106,-2.973236161709657,-441.67856884248664,-102.92313704801812
459.13683722488554,-5.144785063274773e-05,-0.0022472192208347424,-2.974578994252767,-442.27182097308645,-103.02356060190887
459.73852892479493,-5.1553348540849156e-05,-0.002278207289470502,-2.975940442864074,-442.8652081343505,-103.12318175201314
461.8062374413093,-5.187883426203753e-05,-0.002385149857938325,-2.9807615676056556,-444.90541988948473,-103.45925820753156
463.87394595782365,-5.215344722536381e-05,-0.002492712840986507,-2.985804459825089,-446.94726360841236,-103.78526817626137
464.47563765773305,-5.222502996155713e-05,-0.0025241145193425035,-2.9873137534216276,-447.5417387455378,-103.87817833517315
465.07732935764244,-5.229328291446938e-05,-0.0025555589467338023,-2.988841947922901,-448.1363540484837,-103.97018542188403
467.1450378741568,-5.2505513702132935e-05,-0.002663910334439142,-2.994238047715332,-450.18082020776217,-104.27932547513325
469.21274639067116,-5.269043563267471e-05,-0.0027726723201733743,-2.999858611093416,-452.22695734067634,-104.57719920365172
469.81443809058055,-5.274048268083906e-05,-0.0028043904795839333,-3.001536447985121,-452.8226866260458,-104.66169540720863
470.41612979048995,-5.2789266674388354e-05,-0.0028361390850153725,-3.003233376258115,-453.41855734755774,-104.74518618336106
472.4838383070043,-5.295057273511906e-05,-0.002945459118998826,-3.0092106491759614,-455.4673412206242,-105.02427736450733
474.55154682351866,-5.310926290003511e-05,-0.0030551099824427893,-3.015414306088544,-457.51778593240226,-105.29088531633268
475.15323852342806,-5.3156302963041255e-05,-0.003087079140847899,-3.017262157024693,-458.11476387972147,-105.36605393960443
475.75493022333745,-5.320412152645635e-05,-0.003119077507984354,-3.0191292537199326,-458.7118800925929,-105.44011348647572
477.8226387398518,-5.3377597989641536e-05,-0.003229263926017588,-3.025692448070701,-460.7649128367108,-105.68600235277985
479.89034725636617,-5.357165689465914e-05,-0.003339830322056296,-3.032483868658317,-462.81954062618917,-105.91817704149892
480.49203895627556,-5.363319708596246e-05,-0.003372082007863064,-3.034503116178119,-463.4177202026338,-105.98309380331345
481.09373065618496,-5.369734213114986e-05,-0.0034043720712462248,-3.036541785535724,-464.01602989852256,-106.04679666599641
483.1614391726993,-5.394040542828661e-05,-0.0035156469007614093,-3.043695982869158,-466.0730940452935,-106.25629404941199
485.2291476892137,-5.422359516468737e-05,-0.0036274657992162347,-3.051080826603241,-468.13162561395706,-106.45083211616087
485.83083938912307,-5.431449116938407e-05,-0.003660118575225819,-3.053273260227943,-468.73091359110725,-106.50456210106596
486.43253108903247,-5.440942937112047e-05,-0.0036928276713540428,-3.0554853650509015,-469.33031804415555,-106.55697205686158
488.5002396055468,-5.476865087044813e-05,-0.0038056925249307706,-3.0632376044144825,-471.3910316136648,-106.7268503757598
490.5679481220612,-5.5182249024631565e-05,-0.003919356361397143,-3.0712240414288794,-473.4530169203069,-106.8805071394499
491.1696398219706,-5.5313438329605106e-05,-0.003952598112785127,-3.073592278019046,-474.05326919810983,-106.92210272510671
491.77133152188,-5.5449614754962014e-05,-0.003985920527477931,-3.0759805492326597,-474.6536182642252,-106.96227050564843
493.83904003839433,-5.595690580730963e-05,-0.0041010879107716905,-3.084341145517592,-476.71741836138847,-107.08925445663415
495.9067485549087,-5.652642451162446e-05,-0.004217368558417705,-3.0929410253348744,-478.78221968953454,-107.1987325662241
496.5084402548181,-5.670408603829279e-05,-0.004251433149345342,-3.095488818903385,-479.3832362429716,-107.22722978583516
497.1101319547275,-5.688710430543925e-05,-0.004285606275750581,-3.0980571512582946,-479.9843232416644,-107.25418930641749
499.17784047124184,-5.755729990402297e-05,-0.0044039142311430215,-3.1070405990084633,-482.05044790939075,-107.33494201217435
501.2455489877562,-5.829063341473724e-05,-0.0045236732310816935,-3.1162701732941493,-484.1172207245838,-107.3968765264286
501.8472406876656,-5.8515743623304004e-05,-0.00455881372051775,-3.1190025900060676,-484.71873982158735,-107.41129058600907
502.448932387575,-5.874599840486551e-05,-0.0045940910283088715,-3.121756200975281,-485.3202956520863,-107.42405442006282
504.51664090408934,-5.957594841644165e-05,-0.004716408833361287,-3.131381595028377,-487.3877628180179,-107.45516169830347
506.5843494206037,-6.0463025517225465e-05,-0.004840501794205356,-3.1412617419010735,-489.4554333236697,-107.46610443489688
507.1860411205131,-6.0731365024925364e-05,-0.004876962539190909,-3.144185188083352,-490.05712471398164,-107.4654252411857
507.7877328204225,-6.100405616995041e-05,-0.004913585700101692,-3.1471306292044616,-490.65881091414764,-107.46298020716665
509.85544133693685,-6.197301819164663e-05,-0.005040718311444752,-3.1574215755448884,-492.7263935053797,-107.44093601783354
511.9231498534512,-6.298701936828277e-05,-0.005169901017734372,-3.1679775145679034,-494.7936321067257,-107.39734232291114
512.5248415533606,-6.328973661660105e-05,-0.005207890908609523,-3.171099617477403,-495.39508898030044,-107.38053095183248
513.12653325327,-6.359558328647862e-05,-0.005246063395259603,-3.1742446392150994,-495.99648954067044,-107.36183474655117
515.1942417697844,-6.466839930859233e-05,-0.0053786648096115506,-3.1852286724699725,-498.06268623381425,-107.28303104766339
517.2619502862987,-6.576936379526846e-05,-0.005513513596199024,-3.1964892102539557,-500.1278765640559,-107.18125220835498
517.8636419862081,-6.609397610818761e-05,-0.005553184331006116,-3.199818568344389,-500.7286062158242,-107.14723924279316
518.4653336861176,-6.642012209725158e-05,-0.005593050248509754,-3.2031718574873755,-501.3292181029244,-107.11121904327605
520.5330422026318,-6.755002846801023e-05,-0.005731554545704889,-3.214879444450493,-503.39221968880554,-106.97194314933813
522.6007507191462,-6.868755745737951e-05,-0.005872403040602409,-3.2268758414872685,-505.4534233945529,-106.8082274042577
523.2024424190556,-6.901878519218384e-05,-0.0059138317565743,-3.230421670679358,-506.0528366948969,-106.75591397064548
523.8041341189651,-6.934970063443762e-05,-0.005955459008752512,-3.2339924863099245,-506.65205920225054,-106.7014678208204
525.8718426354794,-7.048152833481756e-05,-0.006100026763803427,-3.246455701091189,-508.7097111197834,-106.49790996864516
527.9395511519937,-7.159801416068307e-05,-0.006246918947367344,-3.2592202429710992,-510.7646291920801,-106.26841466213955
528.5412428519031,-7.191870168659382e-05,-0.00629009581855422,-3.262991943334094,-511.36202913594246,-106.19667687609413
529.1429345518126,-7.223706444302471e-05,-0.006333464238632992,-3.2667896762022655,-511.9591523556694,-106.12267855378643
531.2106430683268,-7.331022105693578e-05,-0.006483945754314366,-3.280040634820009,-514.0089145549279,-105.85095194635868
533.2783515848412,-7.434371179293375e-05,-0.0066366052363290825,-3.293604997049071,-516.0548466043684,-105.5517689000083
533.8800432847506,-7.463563063075582e-05,-0.006681425633963412,-3.2976116656581183,-516.6494163908828,-105.45946628508543
534.4817349846601,-7.492314639777779e-05,-0.006726419635066475,-3.301645346454843,-517.2436092779499,-105.3647741953474
536.5494435011744,-7.587433808998141e-05,-0.006882333342844136,-3.315714486237038,-519.2825151886154,-105.0209492595575
538.6171520176887,-7.676119012058458e-05,-0.0070401473199514794,-3.3301079747221816,-521.3163186774715,-104.64814487177341
539.2188437175981,-7.700581277987285e-05,-0.0070864081672743235,-3.334357887987536,-521.9071099499984,-104.53413314737251
539.8205354175076,-7.724396011715025e-05,-0.007132813555716299,-3.3386356676116393,-522.4974086286419,-104.41760361791414
541.8882439340218,-7.800977096152764e-05,-0.0072933385141886724,-3.353549949255558,-524.5220256146494,-103.99775760922867
543.9559524505362,-7.868720869387083e-05,-0.007455355581347805,-3.368797692346139,-526.540077651752,-103.54742855924906
544.5576441504456,-7.886644062312535e-05,-0.00750275570891428,-3.373297779601348,-527.1259996977916,-103.41057700226114
545.1593358503551,-7.903722863821036e-05,-0.007550260489573776,-3.3778264030990064,-527.7112968275787,-103.27108216198404
547.2270443668694,-7.955669740490545e-05,-0.007714242575116334,-3.393607509239453,-529.7176910716273,-102.77136455273627
549.2947528833837,-7.996543623647802e-05,-0.007879184292036902,-3.409728674653715,-531.7158559104766,-102.23970924323031
549.8964445832931,-8.006240429481459e-05,-0.0079273288269484,-3.414484004333914,-532.2956667701304,-102.07892260278099
550.4981362832026,-8.014914390702714e-05,-0.007975528064284696,-3.4192682998738073,-532.8747029349726,-101.91537279481278
552.5658447997168,-8.036652353370278e-05,-0.008141500312358838,-3.4359309040439037,-534.858412169342,-101.33208605878691
554.6335533162312,-8.045366174559248e-05,-0.008307787387497087,-3.4529370159301456,-536.8320179701141,-100.71549105030613
555.2352450161407,-8.04535737479477e-05,-0.008356196509542784,-3.457950316614133,-537.4043185125574,-100.52973572736788
555.8369367160501,-8.044177688390443e-05,-0.00840460161528894,-3.4629927219860046,-537.9756767009784,-100.34110613527427
557.9046452325645,-8.030971591623289e-05,-0.008570820303397146,-3.4805429071952525,-539.9316945136034,-99.67080056369608
559.9723537490787,-8.003214456129803e-05,-0.008736615491384297,-3.498436346364099,-541.8755231561207,-98.96594021330863
560.5740454489882,-7.992334077241245e-05,-0.008784738263716412,-3.503707587709033,-542.4387552311362,-98.75427410200881
561.1757371488976,-7.98017683701773e-05,-0.008832791458852064,-3.50900773980509,-543.00085951465,-98.5396349476107
563.2434456654119,-7.928511760056606e-05,-0.008997290806566733,-3.527441657952026,-544.9236350176877,-97.779214990224
565.3111541819262,-7.86135520309549e-05,-0.009160561711759361,-3.5462144427706574,-546.8319286822153,-96.9831613052789
565.9128458818357,-7.838870309538642e-05,-0.009207795945213641,-3.5517405059811753,-547.3843784067221,-96.74476633250842
566.5145375817451,-7.815060001342317e-05,-0.009254890851952493,-3.5572949234586306,-547.9354978632538,-96.50331563928756
568.5822460982595,-7.723069373942547e-05,-0.009415559476816021,-3.5765978037104587,-549.8189542013255,-95.65015398148864
570.6499546147737,-7.615401877148287e-05,-0.009574163927660603,-3.596230765791151,-551.6854419501294,-94.7604923825823
571.2516463146832,-7.581140322688962e-05,-0.009619882718386819,-3.6020052378211798,-552.2252490138153,-94.49470839528979
571.8533380145926,-7.545574804064534e-05,-0.00966539165146423,-3.6078071314916462,-552.7635077509747,-94.22580592361318
573.9210465311069,-7.41346938670047e-05,-0.009820072132856924,-3.627952758509128,-554.6010821364912,-93.2778601811443
575.9887550476212,-7.26641058590403e-05,-0.009971866463092626,-3.648415235815657,-556.4190287322408,-92.29280556722446
576.5904467475307,-7.220876144991348e-05,-0.010015451295398704,-3.654428363012152,-556.9442022762217,-91.99916384791379
577.1921384474401,-7.174141401568482e-05,-0.010058759042292325,-3.660467609547481,-557.4675960610743,-91.70236444558
579.2598469639545,-7.004574140387095e-05,-0.01020536908892549,-3.6814183924121675,-559.2523026879271,-90.65829016955938
581.3275554804687,-6.821779345652438e-05,-0.010348336225439079,-3.7026685558807415,-561.0145803366014,-89.57679660846938
581.9292471803782,-6.766226246527384e-05,-0.010389215365586303,-3.708907389485325,-561.5230214693345,-89.25505101608923
582.5309388802876,-6.709660051294823e-05,-0.010429757974958454,-3.7151706999817926,-562.0294409650055,-88.93013535897735
584.5986473968019,-6.507872036134972e-05,-0.010566426167471697,-3.7368784320942408,-563.7539562875977,-87.7893882454413
586.6663559133162,-6.295536582188431e-05,-0.010698812926865134,-3.7588643278144196,-565.4531379597842,-86.61124504528935
587.2680476132257,-6.23193876109807e-05,-0.010736501247490737,-3.7653130807160373,-565.9426683551844,-86.26139866376684
587.8697393131351,-6.167587596735445e-05,-0.010773805614697856,-3.7717843810726115,-566.4299283355534,-85.90839927143335
589.9374478296495,-5.94113502814861e-05,-0.010899004496697106,-3.7941917276661288,-568.086695976873,-84.67131937058741
592.0051563461637,-5.707522347059954e-05,-0.011019446974521814,-3.8168530316255023,-569.7151666931192,-83.39722655032237
592.6068480460732,-5.6383977743627746e-05,-0.011053580405612565,-3.823493636892643,-570.1835620567722,-83.01955187837608
593.2085397459826,-5.5688216667654866e-05,-0.011087297618154692,-3.830154646441687,-570.6494353158038,-82.63877247563583
595.2762482624969,-5.3267690638748295e-05,-0.011199948176539307,-3.853197279041956,-572.2307856769436,-81.30664411687269
597.3439567790113,-5.081217135871889e-05,-0.011307557614717818,-3.876467628377592,-573.7808661086772,-79.93826165734896
597.9456484789207,-5.009308144866407e-05,-0.011337914080455863,-3.8832804490835446,-574.2258927481038,-79.5333128541016
598.5473401788302,-4.937254456205887e-05,-0.011367838464014473,-3.8901114023236993,-574.6681468929095,-79.12533966658324
600.6150486953445,-4.689016561539264e-05,-0.01146736002825511,-3.913720553906924,-576.1664249292454,-77.70042286864486
602.6827572118588,-4.440806864871915e-05,-0.011561749047932713,-3.93753018077305,-577.6305004280781,-76.24039055995917
603.2844489117682,-4.3687719748775727e-05,-0.011588251735115957,-3.9444947842018023,-578.0499528812143,-75.80900703194257
603.8861406116777,-4.2968767068642877e-05,-0.011614322338924819,-3.9514752065951386,-578.4663879518992,-75.37471139727427
605.9538491281919,-4.051310055670481e-05,-0.01170062490661405,-3.975580333299416,-579.8740820243826,-73.86024339848478
608.0215576447063,-3.8089450022602266e-05,-0.011781882971597834,-3.999858693277295,-581.2447300614003,-72.31217106947241
608.6232493446157,-3.739184132769306e-05,-0.011804590573603054,-4.006954604519696,-581.6364677751077,-71.8554725479888
609.2249410445252,-3.669814096321147e-05,-0.01182688041085643,-4.014064060180061,-582.0249527022097,-71.39600508096908
611.2926495610395,-3.434781595821004e-05,-0.011900321314430569,-4.038595355496613,-583.3348178532233,-69.79617346338277
613.3603580775538,-3.2057043956653416e-05,-0.01196896400010148,-4.063273544536931,-584.6049275546319,-68.1646039845737
613.9620497774632,-3.140304559446832e-05,-0.011988055025419364,-4.07048092934647,-584.9669088486637,-67.68397794340542
614.5637414773727,-3.075511618684411e-05,-0.012006755064677152,-4.0776996945570545,-585.3254150172648,-67.20075516846478
616.6314499938869,-2.8578040068068187e-05,-0.012068082558936225,-4.102590328782846,-586.5305849973239,-65.52064615239654
618.6991585104013,-2.6484198065486388e-05,-0.012124994546308854,-4.127603205400211,-587.6934635449039,-63.81099537595847
619.3008502103107,-2.5891758068658224e-05,-0.012140750914309007,-4.1349034655385095,-588.023775425185,-63.30807809410456
619.9025419102202,-2.530725878138489e-05,-0.012156153808846853,-4.142213114379977,-588.3504059484776,-62.80276288749529
621.9702504267345,-2.3361969166574677e-05,-0.012206452803033244,-4.167401173545009,-589.4444894942505,-61.04828965894148
624.0379589432488,-2.1520530013631085e-05,-0.012252836871558216,-4.192689188906124,-590.4939513594508,-59.2667684778431
624.6396506431582,-2.1005264367602143e-05,-0.01226562981565511,-4.200065475211644,-590.7908340956943,-58.74342130287072
625.2413423430677,-2.0499579271356666e-05,-0.012278116144990405,-4.207449384280672,-591.0838477523903,-58.217898718945506
627.3090508595819,-1.8837340628205668e-05,-0.0123187637435506,-4.232879543767771,-592.0610058217405,-56.39571531612506
629.3767593760963,-1.729722897458543e-05,-0.012356100578620036,-4.258390327793651,-592.9914419978209,-54.54923950645214
629.9784510760057,-1.6872961871360448e-05,-0.012366379732294812,-4.265827986555197,-593.2533077256697,-54.00752198462521
630.5801427759152,-1.6459736356413967e-05,-0.012376407398993003,-4.2732717748185705,-593.5111368598097,-53.46387213899265
632.6478512924296,-1.5126084426263732e-05,-0.012409038710563777,-4.298896764351472,-594.3661387036407,-51.58127868068607
634.7155598089438,-1.3930694223588625e-05,-0.01243905536115621,-4.324586522746824,-595.1725642666936,-49.67737233913553
635.3172515088532,-1.3609643193625547e-05,-0.012447339920535492,-4.332073490251826,-595.3980092136477,-49.1195139046736
635.9189432087627,-1.3300893138582367e-05,-0.012455435401553236,-4.339565408213879,-595.619271234984,-48.55998360619706
637.9866517252769,-1.233555317436184e-05,-0.012481913593637699,-4.3653473095556015,-596.3475283609412,-46.624828664746
640.0543602417913,-1.1522016634386037e-05,-0.012506552686673375,-4.3911820587202115,-597.0256078910251,-44.67152701044184
640.6560519417008,-1.1314468862172657e-05,-0.01251342210165858,-4.398709208564187,-597.2134181817785,-44.099898903396515
641.2577436416102,-1.1120253975382897e-05,-0.012520170967360017,-4.4062404799023085,-597.3969206648787,-43.52687369923281
643.3254521581246,-1.0555967345474326e-05,-0.012542552994063559,-4.432151855864299,-597.9944990208727,-41.54745949086498
645.3931606746388,-1.0154336206323787e-05,-0.012563936402568424,-4.458108478907841,-598.5405507428071,-39.55321660882607
645.9948523745483,-1.0068558313372706e-05,-0.012570019522804066,-4.465669914966992,-598.6897021365336,-38.97030562221494
646.5965440744577,-9.99694557286146e-06,-0.012576055562804946,-4.473235023073142,-598.8344419167453,-38.38628384442922
648.664252590972,-9.860054425578504e-06,-0.012596555211283268,-4.499259852088171,-599.2980540143842,-36.37127959001718
650.7319611074863,-9.894921682612324e-06,-0.0126169493819282,-4.525326959352232,-599.7090348953576,-34.34488626700696
651.3336528073958,-9.937814544978916e-06,-0.012622915103373477,-4.532920252957735,-599.8186871977917,-33.75327177682243
651.9353445073052,-9.995627089204292e-06,-0.012628911388222985,-4.540517172742411,-599.9238442445852,-33.160842021752586
654.0030530238196,-1.0309143353909119e-05,-0.012649872420333611,-4.566651607129809,-600.2508241713316,-31.11921020604511
656.0707615403338,-1.0803388815274334e-05,-0.012671668560344383,-4.592830246201672,-600.52429927274,-29.069726266835428
656.6724532402433,-1.098168749060663e-05,-0.012678221583793973,-4.600456635775989,-600.5937864359743,-28.472061762764078
657.2741449401527,-1.117572140641529e-05,-0.012684886936801023,-4.608087031035794,-600.6587135367638,-27.873884991713084
659.341853456667,-1.1963761620415588e-05,-0.012708776811715372,-4.634340063573543,-600.8469785309669,-25.814824374526424
661.4095619731813,-1.2943191364713595e-05,-0.012734493992972438,-4.66064438257755,-600.9810784249311,-23.75152902224745
662.0112536730908,-1.3264818300720718e-05,-0.012742377550207955,-4.668308968814857,-601.0098954588942,-23.150529094468222
662.6129453730002,-1.3603217823405528e-05,-0.012750460072795565,-4.675978389280124,-601.0341048421293,-22.54932628396915
664.6806538895146,-1.4895647656558928e-05,-0.012779888388843533,-4.702372551724397,-601.0821073236473,-20.482234653515
666.7483624060288,-1.6393274984714212e-05,-0.01281220121736849,-4.728830545513892,-601.0754774611321,-18.41459752758525
667.3500541059383,-1.686847283740027e-05,-0.012822206748274083,-4.736542520209303,-601.063265281678,-17.81303105343577
667.9517458058477,-1.7361758186966178e-05,-0.012832504171846153,-4.744260636361818,-601.0464133015117,-17.21157712069188
670.019454322362,-1.9197144768840415e-05,-0.012870262255595413,-4.770832857164414,-600.9530871856781,-15.146036160796639
672.0871628388763,-2.1255930820286066e-05,-0.012912046346304008,-4.797487312982779,-600.8048330138181,-13.083711335704598
672.6888545387858,-2.189814914956623e-05,-0.012925027774515627,-4.805260252479136,-600.7513623296336,-12.484401492829496
673.2905462386952,-2.256022527609531e-05,-0.012938402261097904,-4.813041157635247,-600.6932333154199,-11.885526115860124
675.3582547552096,-2.4989664800351905e-05,-0.01298751948532834,-4.839843872790863,-600.457938422571,-9.83131047947797
677.4259632717238,-2.7665360145055678e-05,-0.013041914674982016,-4.866753604696351,-600.1675701183312,-7.784155472072217
678.0276549716333,-2.8491606818549523e-05,-0.013058807805179776,-4.874605854352373,-600.0727254965233,-7.189987181087096
678.6293466715427,-2.9339797692700676e-05,-0.01307620544740725,-4.882468460665396,-599.9732159153492,-6.596583118504075
680.697055188057,-3.242527080541737e-05,-0.01314001456012351,-4.9095710634918115,-599.5956844855716,-4.563695816410068
682.7647637045714,-3.578331441845074e-05,-0.01321048533004483,-4.936812492146687,-599.1630654915061,-2.5418177738408327
683.3664554044808,-3.681321895947965e-05,-0.013232324077075667,-4.944767649012011,-599.0268308674729,-1.9557532176076518
683.9681471043903,-3.786739224095794e-05,-0.013254790626325745,-4.95273617960399,-598.885935095069,-1.3707927810789138
686.0358556209046,-4.167877152507732e-05,-0.013336977942984883,-4.980226781259244,-598.3662251455081,0.630470821309838
688.1035641374189,-4.579090971014057e-05,-0.013427357021919896,-5.007895791417412,-597.7915297908306,2.616639410400805
688.7052558373283,-4.7045588925581385e-05,-0.013455284746020545,-5.015983261011329,-597.6139770816818,3.191536504731022
689.3069475372378,-4.8326913371222654e-05,-0.013483976208430042,-5.024087813244682,-597.4317764990378,3.76497614031813
691.374656053752,-5.2937083770760136e-05,-0.013588611865721871,-5.052075222701132,-596.7702383954506,5.723933386569575
693.4423645702664,-5.7875486284868266e-05,-0.013703119355780743,-5.080289194233633,-596.053925765756,7.663527217148923
694.0440562701758,-5.9375632140223264e-05,-0.01373839204003492,-5.088544787851016,-595.8352088323732,8.224057908954633
694.6457479700853,-6.090459634221619e-05,-0.013774576680952699,-5.096821932033187,-595.6118665702277,8.78275995062529
696.7134564865996,-6.638195032648573e-05,-0.013906111878597076,-5.12543771568338,-594.809131415908,10.688213090802707
698.7811650031139,-7.22106535310129e-05,-0.01404933589161018,-5.154337560313501,-593.951945122779,12.56979321814847
699.3828567030233,-7.397385054651086e-05,-0.014093313076107096,-5.162804078482287,-593.692302101427,13.112579917931356
699.9845484029328,-7.576746759018418e-05,-0.014138360697219571,-5.17129743518433,-593.4280665538895,13.65314342086941
702.052256919447,-8.21655814141279e-05,-0.014301577533542026,-5.200697841828605,-592.4850679235445,15.49321818230316
704.1199654359614,-8.892884676514573e-05,-0.014478401317769042,-5.23044980091641,-591.4880746142028,17.304597837136928
704.7216571358708,-9.096589816020174e-05,-0.014532520237484544,-5.239177525914136,-591.1878426140006,17.82603126900832
705.3233488357803,-9.303390921405444e-05,-0.014587874051372109,-5.247938241988403,-590.88306383789,18.344817075416774
707.3910573522946,-0.00010037729967426761,-0.014787770556675163,-5.278305696304149,-589.8011079504427,20.10676920580065
709.4587658688089,-0.00010808339077808823,-0.015003226032577746,-5.309102564034336,-588.665791166711,21.834809201745013
710.0604575687183,-0.00011039320226101252,-0.01506895249353165,-5.318149555718227,-588.3254384597436,22.33098691852711
710.6621492686278,-0.0001127327604043867,-0.015136076854027108,-5.327236569298198,-587.9806027195376,22.824055373897224
712.729857785142,-0.00012099719230234037,-0.015377661866468275,-5.35878032386999,-586.7615061626083,24.494050887460066
714.7975663016564,-0.00012959645541935042,-0.015636681481810598,-5.390841630667913,-585.4899362660555,26.124432598116726
715.3992580015658,-0.00013215923437542875,-0.015715428910906815,-5.400273679065301,-585.1101182994333,26.591091851549358
716.0009497014753,-0.00013474794307226725,-0.015795724234176862,-5.409753621890068,-584.7259072174573,27.05413534140611
718.0686582179897,-0.00014383514417376451,-0.016083691931696103,-5.442709006220022,-583.3722254124477,28.61701691014803
720.1363667345039,-0.00015319286798075928,-0.016390728993375205,-5.47627953875395,-581.9673301668556,30.134008757650083
720.7380584344133,-0.00015596192514792938,-0.016483737226085152,-5.486169580381361,-581.5489767911575,30.56645910001356
721.3397501343228,-0.00015874950681226012,-0.016578413835982755,-5.496116119495526,-581.126358586921,30.99473514510943
723.407458650837,-0.0001684578273174316,-0.016916671302311264,-5.53074166881745,-579.6417313266187,32.43379731256092
725.4751671673514,-0.00017832417431949644,-0.017275166121996085,-5.566087558457214,-578.1076940433185,33.82004253627222
726.0768588672609,-0.00018121710698175596,-0.01738333430079788,-5.576514324449934,-577.6521358237494,34.213107285541255
726.6785505671703,-0.00018411659281421336,-0.017493240048206217,-5.587006708161561,-577.1924964869038,34.60138183211215
728.7462590836847,-0.0001941108071558393,-0.017884274496238927,-5.6235783439550655,-575.5821371468568,35.898192247646804
730.8139676001989,-0.00020409086098629366,-0.018295959426476903,-5.660979874595975,-573.9249476892408,37.13456196993481
731.4156593001084,-0.00020698090647796984,-0.018419632162022064,-5.672025521539202,-573.4340882740154,37.482542721007924
732.0173510000178,-0.00020985999379666555,-0.018545033386485558,-5.683146080047354,-572.9394094051552,37.82505845067577
734.085059516532,-0.00021964172945839082,-0.018989119932050626,-5.721947485063153,-571.2107587685789,38.95938118437757
736.1527680330464,-0.00022916602042512946,-0.019453166095455544,-5.761687766947179,-569.4389337124868,40.02495708217873
736.7544597329559,-0.00023187347794716723,-0.019591873731812256,-5.773434243367477,-568.9154718972821,40.321641587912794
737.3561514328653,-0.00023454598799537267,-0.01973219040215651,-5.785264597488735,-568.3885582607561,40.61213229879995
739.4238599493797,-0.00024342436204781594,-0.020226442478923346,-5.826572940810435,-566.5521082963339,41.56203126704939
741.4915684658939,-0.00025172009080065647,-0.020738450075007155,-5.868921609979819,-564.6775758829923,42.43430459493033
742.0932601658034,-0.0002540041706491266,-0.020890603758229376,-5.881445514666193,-564.1252739471861,42.67304487890512
742.6949518657128,-0.0002562220893007401,-0.02104409986121154,-5.894061249808818,-563.5700262111013,42.90482348809998
744.7626603822271,-0.0002632885077131496,-0.021581369462771678,-5.938127432281472,-561.6402890258735,43.64704585450212
746.8303688987414,-0.00026936044188626836,-0.022132222206098826,-5.983318574673887,-559.6793975361795,44.3024397504402
747.4320605986509,-0.0002709153710450211,-0.022294773736925642,-5.9966842830963465,-559.1033802637835,44.47633271265897
748.0337522985603,-0.000272365924347583,-0.022458215318261903,-6.01014787217824,-558.5250955908856,44.642485530649104
750.1014608150747,-0.000276492858333697,-0.02302591063478228,-6.057170623084504,-556.5216435478912,45.15323976182762
752.1691693315889,-0.0002791379962459284,-0.02360060728667196,-6.105374440791904,-554.4961942060804,45.568070707685976
752.7708610314984,-0.00027960068549923503,-0.023768716424921076,-6.119625407741216,-553.9032446673043,45.67027466879594
753.3725527314078,-0.0002799155418697694,-0.02393704408376943,-6.133977317937201,-553.3089087921477,45.763995005903965
755.4402612479221,-0.0002798005495959894,-0.024516056001303077,-6.1840711615581005,-551.2573410247616,46.020232887118404
757.5079697644364,-0.0002776714264874486,-0.025092747830592673,-6.235359834418933,-549.1954683609258,46.17220891821549
758.1096614643459,-0.00027664352896814216,-0.02525952876394497,-6.2505082974415345,-548.5942625548023,46.196421355245256
758.7113531642553,-0.00027542246892242367,-0.02542561788440937,-6.265756548135968,-547.9927725944224,46.21150589086818
760.7790616807697,-0.0002696813715224582,-0.025989613951169742,-6.318914902947671,-545.9253767278724,46.19277261717672
762.846770197284,-0.00026139751654954464,-0.02653911026119754,-6.373224446594648,-543.8620117645481,46.06305983753088
763.4484618971934,-0.0002584812847885272,-0.026695532877173533,-6.389240156512593,-543.2632090729846,46.00415803585085
764.0501535971028,-0.00025532959635402773,-0.02685011679658579,-6.405348999753588,-542.6654415907872,45.935663853170716
766.1178621136171,-0.000242637736709748,-0.02736545966801901,-6.461405060996921,-540.6212392338448,45.62647642377787
768.1855706301315,-0.00022694415606973437,-0.027851456131141785,-6.518496361175241,-538.597822955272,45.202236088364586
768.7872623300409,-0.00022179132030474542,-0.027986475778347057,-6.535295363706221,-538.0139128586536,45.057039968337456
769.3889540299504,-0.00021636960295520738,-0.028118305064710487,-6.55217415460517,-537.4325370326771,44.90205563687397
771.4566625464647,-0.0001956377911087019,-0.028544832555662734,-6.610763558404368,-535.4563676447796,44.29460106594711
773.524371062979,-0.00017158698824626723,-0.028925061349702227,-6.670187030624174,-533.5194798584955,43.57170964083475
774.1260627628884,-0.00016395261021944282,-0.0290260248381238,-6.6876218671368575,-532.9642917669278,43.33976740658086
774.7277544627979,-0.00015603107447167272,-0.02912230557203285,-6.705115519148403,-532.4132374247204,43.09819178874328
776.7954629793121,-0.0001265950659447987,-0.0294150893908089,-6.765645751342468,-530.5535988616746,42.194925022856935
778.8631714958265,-9.373741452985703e-05,-0.02964347064399165,-6.826714792265428,-528.7522815353122,41.18037635008193
779.4648631957359,-8.3534783523375e-05,-0.02969681633417181,-6.844567650096232,-528.2401080175601,40.864612794318525
780.0665548956454,-7.304758746925798e-05,-0.02974394271610781,-6.862450215463549,-527.733646368885,40.53977569501945
782.1342634121597,-3.484909170262903e-05,-0.02985605201222949,-6.924082112160249,-526.039212763133,39.35530625156961
784.201971928674,6.598536541979691e-06,-0.029885818823888445,-6.985860688075116,-524.4210252341634,38.068637511488255
784.8036636285834,1.925182091474997e-05,-0.029878050216182603,-7.003841039587872,-523.9653943033426,37.675667547768136
785.4053553284929,3.216202248805759e-05,-0.02986260507947449,-7.0218139394786805,-523.5168786651061,37.2745936484628
787.4730638450071,7.843546772604814e-05,-0.02974873979287923,-7.083460361271862,-522.0319535064694,35.836178568896386
789.5407723615215,0.0001274737104855209,-0.029536336111786087,-7.144769468503456,-520.6381692748284,34.309264932340476
790.1424640614309,0.00014222711040648333,-0.029455198712079363,-7.162517492019867,-520.250414254589,33.84919199504212
790.7441557613404,0.00015718303801090042,-0.029365146513381575,-7.18021364575965,-519.8708418878277,33.38233418570014
792.8118642778547,0.00021002908241345307,-0.028985841780435277,-7.240559242287884,-518.6303966339158,31.72844257530508
794.879572794369,0.00026484299473552626,-0.028495232342785413,-7.300005474346521,-517.4911265709574,30.003253003604254
795.4812644942784,0.0002811108342862903,-0.028330977007618555,-7.317102051773235,-517.179004331498,29.4888632200584
796.0829561941879,0.0002975019205040777,-0.02815692715055501,-7.334096628206355,-516.8756584152401,28.9692308419719
798.1506647107021,0.00035463661803057634,-0.027482866716773517,-7.3916405832980345,-515.900900582662,27.146048916603988
800.2183732272165,0.00041267533808194985,-0.02668973375479108,-7.44766767424981,-515.0311350510624,25.270442757339968
800.8200649271259,0.0004296691059829869,-0.02643630221226021,-7.463651007922987,-514.797784002123,24.715860889989376
801.4217566270354,0.00044668784900894,-0.02617267390846356,-7.479478742068635,-514.5732457344201,24.15762806682406
803.4894651435498,0.0005052024856836299,-0.02518850055294757,-7.532599499449186,-513.8686847057018,22.213949782073332
805.557173660064,0.0005633835380075785,-0.02408368086244006,-7.583560542473632,-513.2661368393277,20.236186450766652
806.1588653599734,0.0005801798914663703,-0.023739621668649034,-7.5979484670485355,-513.1096073465205,19.655230263230685
806.7605570598829,0.0005968933557172008,-0.023385518431310922,-7.6121265046624,-512.9613579635541,19.072077593757058
808.8282655763971,0.0006535247919365964,-0.02209248882178223,-7.659164024097619,-512.5140063043053,17.053571003678638
810.8959740929115,0.0007085342414636501,-0.02068403880712895,-7.703408607319775,-512.1591840571814,15.016672199064185
811.497665792821,0.0007241663812529188,-0.02025298863304109,-7.715724687458259,-512.0726209489644,14.421258053233183
812.0993574927304,0.0007396087666846408,-0.019812624975098524,-7.727778953454782,-511.99329287856494,13.82480713621748
814.1670660092448,0.0007910629123756877,-0.01822964470269565,-7.76712694290055,-511.77404011518286,11.768923586541003
816.234774525759,0.0008396800681788079,-0.01654320528911368,-7.803094828881927,-511.63232961931203,9.70615607684517
816.8364662256685,0.0008532311270185779,-0.01603386887038503,-7.812895692568848,-511.60469639391965,9.105115853149885
817.4381579255779,0.0008664963627078717,-0.01551649514315783,-7.822388197499893,-511.58284374569797,8.503810222594204
819.5058664420922,0.000909757047234932,-0.013679439681261908,-7.8525872612341026,-511.5494138671598,6.436479493439745
821.5735749586065,0.0009491391757039591,-0.011756943595235617,-7.878899496591348,-511.5744003365639,4.368953782238593
822.175266658516,0.0009598187073545635,-0.01118260945192149,-7.885800782604411,-511.5914919203032,3.7675181636517814
822.7769583584254,0.0009701335195301101,-0.0106019830457393,-7.892355270967636,-511.61261757816555,3.1661891865509264
824.8446668749398,0.0010026824527475957,-0.00856156978793389,-7.912178351906324,-511.7131534646054,1.1009803936332256
826.912375391454,0.0010305359614297797,-0.006458709208361362,-7.927717891545106,-511.8501898217205,-0.9621802216435031
827.5140670913635,0.0010377204905817913,-0.005836451254334419,-7.9314166857083865,-511.89564912669925,-1.5621437469837125
828.1157587912729,0.0010444813798365755,-0.005210014604943168,-7.9347405910421,-511.9432078951922,-2.1619566477643333
830.1834673077872,0.0010643996093241618,-0.0030288310576192592,-7.943264514582669,-512.1195740921913,-4.2221154136141905
832.2511758243015,0.0010790484895862981,-0.0008119101566849507,-7.9472414391111394,-512.3088153695857,-6.281151091092665
832.852867524211,0.0010822964793574476,-0.0001616486048867615,-7.947534011770114,-512.3649575250082,-6.880215266292361
833.4545592241204,0.0010850828385136533,0.0004904190101976167,-7.94743562960803,-512.4211545848748,-7.479274561686531
835.5222677406348,0.001091085656930378,0.0027412234610175654,-7.944095724991609,-512.6114710357874,-9.538210987767275
837.589976257149,0.0010914974448182862,0.004998659679880603,-7.93609495656158,-512.7901080918892,-11.598175315544905
838.1916679570585,0.0010905564502886132,0.005655148473660375,-7.932889331857085,-512.8385188885483,-12.197919878736995
838.7933596569679,0.001089137781917478,0.006310925881605719,-7.9292897920173795,-512.8848893518009,-12.797813114956599
840.8610681734822,0.001080602000454521,0.008555093234394413,-7.913916448113675,-513.025397319618,-14.860742069802049
842.9287766899965,0.001066421480582919,0.010775775242316515,-7.893927100685915,-513.1294080082921,-16.925776577762747
843.530468389906,0.001061239653272686,0.01141589575368413,-7.887250225163499,-513.1514469521156,-17.527073516059176
844.1321600898154,0.001055587840770025,0.01205276411983085,-7.880190032910259,-513.169361900662,-18.12848300705098
846.1998686063298,0.0010326011902506785,0.014212578387494724,-7.853026344249406,-513.1962264088442,-20.19598618271595
848.267577122844,0.0010042106103683496,0.016319276086730356,-7.821451704023661,-513.1623730784788,-22.263297442892025
848.8692688227535,0.0009949561782903662,0.016920733407258238,-7.811450877393818,-513.1398094679934,-22.864578990224548
849.470960522663,0.0009852656367521507,0.017516507671817973,-7.801090666007566,-513.1111413823164,-23.46556649986914
851.5386690391772,0.0009487002097470037,0.019516780588944203,-7.762789753204353,-512.9630060824619,-25.527876772145692
853.6063775556916,0.0009072941116754248,0.02143644231284704,-7.720436199280415,-512.7318703501695,-27.58242740422734
854.208069255601,0.0008943764560929206,0.0219784757819245,-7.707374227147006,-512.6478686428666,-28.17824182040863
854.8097609555105,0.0008810844395622779,0.02251265022747128,-7.693989166109243,-512.5560233410674,-28.772857678743343
856.8774694720248,0.0008326582352167223,0.02428509019508335,-7.645589166552321,-512.1779368482021,-30.80554618003556
858.9451779885391,0.0007802867606592596,0.02595332005313907,-7.593632015844869,-511.698421361244,-32.81659772006796
859.5468696884485,0.0007643645639873448,0.026418021092314937,-7.577875520706745,-511.5389567300494,-33.396788937562775
860.148561388358,0.0007481570180280983,0.026873090693319182,-7.561842837361817,-511.370331051475,-33.97434190361417
862.2162699048722,0.0006904330504578542,0.028360856864857866,-7.5047179295616075,-510.7190629779724,-35.9365569011701
864.2839784213866,0.0006299599332223712,0.02972642447695654,-7.444643090478949,-509.9540693366534,-37.857163601114735
864.885670121296,0.0006119196208196312,0.030100028371667427,-7.4266437862790475,-509.7096266128675,-38.40697770209191
865.4873618212055,0.0005937050704095172,0.0304627659035734,-7.40842327503255,-509.45531764762507,-38.95225769464777
867.5550703377198,0.0005299644904968815,0.031624707301974544,-7.344210928017142,-508.5052496418828,-40.788415467221874
869.6227788542341,0.00046488423635695407,0.03265346673253818,-7.277733715621134,-507.43740514872985,-42.558554215139374
870.2244705541435,0.00044577656979531184,0.032927416285885795,-7.258003294120897,-507.10457852521324,-43.059821524590795
870.826162254053,0.00042661851535547935,0.033189896750981523,-7.238111582530393,-506.761940794418,-43.55439850026119
872.8938707705672,0.0003605972737262232,0.03400373726394011,-7.168619662265416,-505.51000074504265,-45.199529649474115
874.9615792870816,0.00029472624331258973,0.03468122038981592,-7.097585930705983,-504.14574740785366,-46.752692453195834
875.563270986991,0.0002756683296831719,0.03485279593018977,-7.076666344919169,-503.72823415184894,-47.185957198538716
876.1649626869005,0.00025668380107774045,0.03501296706218822,-7.055646822157187,-503.30177625703766,-47.61039330403724
878.2326712034148,0.0001921972284074489,0.03547677699508667,-6.9827480012009175,-501.7696913175682,-48.99830603057579
880.3003797199291,0.0001292638585230747,0.03580885327778806,-6.909026349891556,-500.14013894924165,-50.27030182336777
880.9020714198385,0.00011131479844158786,0.03588120197632178,-6.887458273560839,-499.64870276852525,-50.617459973035196
881.503763119748,9.354865328955615e-05,0.03594283955680006,-6.865849556037299,-499.1499219904366,-50.95396582389097
883.5714716362622,3.405668395761892e-05,0.03607429691812295,-6.791373620538716,-497.38262668378457,-52.0264012252736
885.6391801527766,-2.2719467572789037e-05,0.03608554998759271,-6.716750143253555,-495.5404035234272,-52.964288690137494
886.240871852686,-3.867506752380134e-05,0.036067051373502225,-6.695043064538956,-494.99167084286785,-53.21109591664739
886.8425635525955,-5.436316265274362e-05,0.03603905681996726,-6.673349486505824,-494.43772857078113,-53.44598403234152
888.9102720691099,-0.00010611181168100164,0.035872539150350664,-6.5989855701157785,-492.4979197707528,-54.1605123768348
890.9779805856241,-0.0001543206925857549,0.03560267996276793,-6.525072803797747,-490.51051133475346,-54.72946922205226
891.5796722855335,-0.0001676489422990273,0.03550579106392218,-6.503679992479286,-489.92483597201925,-54.86730967156247
892.181363985443,-0.00018065584406981976,0.03540099241485607,-6.482347272491126,-489.3363475908157,-54.992653810770356
894.2490725019572,-0.0002228303107209907,0.034983159686782665,-6.409566001103971,-487.296407065758,-55.32746298298644
896.3167810184716,-0.0002610186325767356,0.03448224354760594,-6.337734582145485,-485.2375678588222,-55.51409426439321
896.918472718381,-0.00027136810448391053,0.03432205595780426,-6.317035097109766,-484.6364803563663,-55.540653143061505
897.5201644182905,-0.00028137403248311183,0.03415574721621295,-6.296433210110481,-484.03495498868966,-55.55483312942552
899.5878729348049,-0.000313116619001246,0.033540428975273595,-6.226434645983536,-481.9681879503732,-55.50961249322101
901.6555814513191,-0.0003407877453348319,0.0328636856143036,-6.15777188524565,-479.90945003993755,-55.321376280641175
902.2572731512286,-0.0003480793665443341,0.03265642679269183,-6.138060533839064,-479.3132774241812,-55.24021254942157
902.858964851138,-0.00035503345261899576,0.032444876123100555,-6.118474562546131,-478.71878726096924,-55.14737871342352
904.9266733676523,-0.0003763769838648537,0.03168803998983977,-6.052163556580615,-476.6918811787635,-54.74069865892028
906.9943818841666,-0.0003938650066794317,0.03089105768905883,-5.9874589724196845,-474.69586160568207,-54.20223554410178
907.5960735840761,-0.00039824875379990647,0.03065274290778743,-5.968943948996472,-474.1219624485525,-54.02154633456016
908.1977652839855,-0.00040232343129911226,0.03041187078363693,-5.950572521078127,-473.55146227199236,-53.83031908050941
910.2654738004999,-0.0004140219594477411,0.029567300445362783,-5.8885592395798785,-471.619400944902,-53.09474456341297
912.3331823170141,-0.00042230697062982343,0.028702070039856507,-5.828313642861354,-469.73580157829156,-52.24251685301371
912.9348740169236,-0.0004241059701513312,0.028447424537551225,-5.811120671462819,-469.1976093753845,-51.9735208034277
913.536565716833,-0.0004256399593243425,0.028191759496362094,-5.794080738776684,-468.66407036926097,-51.695357009701596
915.6042742333473,-0.00042896542788185886,0.027307734587174372,-5.736701669667276,-466.8678450975253,-50.67178088739145
917.6719827498616,-0.00042946173270843647,0.026419758521299387,-5.681154591311568,-465.13216918830756,-49.54845674946543
918.2736744497711,-0.0004291096127274882,0.026161459375652056,-5.665335985794561,-464.63899642386235,-49.203794278662016
918.8753661496805,-0.000428545116908474,0.0259034173280286,-5.649672328984453,-464.1512846061199,-48.85140801039903
920.9430746661949,-0.00042507136210320296,0.025020526118539447,-5.597026019764237,-462.51801025910993,-47.583833858394954
923.0107831827091,-0.00041941445000213463,0.02414707468791212,-5.546195512861458,-460.95240986011834,-46.23346636434438
923.6124748826186,-0.0004173945159859218,0.023895325826196523,-5.531742390929638,-460.50981400772105,-45.82588453471701
924.214166582528,-0.00041521708946572574,0.023644821159438542,-5.517440079605599,-460.0731042240797,-45.411972786810054
926.2818750990423,-0.0004066202134689237,0.022794895372365637,-5.469431518643861,-458.61776311957163,-43.943473186309326
928.3495836155566,-0.0003964808076393803,0.02196434017004278,-5.423160330108927,-457.23318677531876,-42.407995897619806
928.9512753154661,-0.0003932750278973563,0.021726749226451483,-5.410016267069419,-456.843653498514,-41.94943235758695
929.5529670153755,-0.00038996403888399636,0.021491101738107754,-5.3970143812196225,-456.4601343376004,-41.48580464898577
931.6206755318899,-0.00037786459606620177,0.020697114396357547,-5.353402395174034,-455.18812348449524,-39.85587992503144
933.6883840484041,-0.0003648108336592241,0.019929131802937764,-5.311405258397186,-453.9869859987034,-38.172986013991796
934.2900757483136,-0.00036086363158640834,0.019710820813480974,-5.299479938726544,-453.6507157493317,-37.67404551400037
934.891767448223,-0.00035685775664830583,0.01949488769759325,-5.2876851502915425,-453.32037772428924,-37.171140415738165
936.9594759647373,-0.0003427151196472408,0.01877155433744319,-5.248128344621495,-452.2302003828745,-35.41434987008218
939.0271844812517,-0.00032812582570152703,0.018077925606450395,-5.210036471243161,-451.20900553750386,-33.6165393089293
939.6288761811611,-0.0003238221794669917,0.01788179557666749,-5.199218304335963,-450.92465584315704,-33.08628753366914
940.2305678810706,-0.0003194989043573679,0.01768824887226568,-5.188517332474296,-450.6460229873512,-32.5529961887249
942.2982763975849,-0.0003045509243330492,0.0170430665381598,-5.15261554583796,-449.7317049121493,-30.698560356104014
944.3659849140992,-0.0002895695081666439,0.016428826837752746,-5.118015818034943,-448.88329171712763,-28.813027103397204
944.9676766140086,-0.0002852239422956287,0.01625590855581681,-5.108182885395485,-448.64859544810815,-28.25900414506231
945.5693683139181,-0.00028088957098247076,0.01608559240182287,-5.098453232540483,-448.4193274261789,-27.702702635741694
947.6370768304323,-0.0002661253651349735,0.015520107164844314,-5.0657827555960875,-447.6723566443597,-25.77474166100247
949.7047853469467,-0.0002516425377680942,0.014984859097695815,-5.0342502764653645,-446.9876367585556,-23.82377737280495
950.3064770468561,-0.00024749575210868135,0.014834701056921902,-5.025279288819474,-446.79986933396935,-23.25214032117877
950.9081687467656,-0.00024338273178333398,0.014687021525358456,-5.0163979651110875,-446.6172117404971,-22.678842158015424
952.9758772632799,-0.00022953836155117067,0.014198176298948343,-4.986539723699545,-446.027957486965,-20.69696192463638
955.0435857797942,-0.0002161946020349037,0.013737439636252681,-4.957663211567613,-445.49714225213376,-18.698615812151427
955.6452774797036,-0.00021241532218682033,0.013608499147165522,-4.9494363740456295,-445.3534440044616,-18.114340396250796
956.2469691796131,-0.00020868458064764086,0.013481814153271874,-4.9412865284524115,-445.21453573529925,-17.528901603892205
958.3146776961273,-0.00019625446335284902,0.013063275081071943,-4.913847091005547,-444.7731942689902,-15.50891557546414
960.3823862126417,-0.0001844562500639748,0.012669784571616384,-4.887247173799504,-444.3865803634187,-13.477728686088659
960.9840779125511,-0.0001811467778620735,0.012559798619552306,-4.879657008366828,-444.28415713474766,-12.884822653098436
961.5857696124606,-0.00017789363099417996,0.01245178536135569,-4.872132529679462,-444.18621904110864,-12.291154533994526
963.6534781289749,-0.00016715343360450383,0.012095175316973471,-4.846758254086079,-443.8833760214231,-10.245804691724675
965.7211866454892,-0.0001570999828310982,0.011760062874289346,-4.822099118731476,-443.6317861609393,-8.193507588133285
966.3228783453986,-0.00015430466704071817,0.011666381350558114,-4.815051400203293,-443.56801684010117,-7.5952079614816705
966.9245700453081,-0.0001515676022072363,0.011574364361017355,-4.808059654683209,-443.5084505556814,-6.996471558819362
968.9922785618223,-0.00014260676671614056,0.011270348141009984,-4.784444622822662,-443.33535934928693,-4.93607257731819
971.0599870783367,-0.00013432612752874311,0.010984157093017597,-4.761439779259385,-443.2103358168275,-2.8721893000551164
971.6616787782461,-0.00013204252689772667,0.010904023551486817,-4.754854825937479,-443.18281464836406,-2.271130033551532
972.2633704781556,-0.00012981463592650637,0.010825248689427566,-4.748317781535029,-443.1592390912532,-1.6699001177300312
974.33107899467,-0.0001225777068534424,0.0105644203250513,-4.726206447341782,-443.1079063584688,0.3971259953670675
976.3987875111842,-0.00011597065742200155,0.010317904616803123,-4.704619632978416,-443.10174307070776,2.4647881239412484
977.0004792110936,-0.00011416268621186317,0.010248671525495925,-4.698432268462548,-443.10828047694537,3.066442050080806
977.6021709110031,-0.00011240493644561154,0.010180513373995233,-4.692286329636903,-443.1185292139149,3.668046606326901
979.6698794275173,-0.00010673772579919501,0.009954047084117472,-4.671472049200149,-443.1816829716225,5.734750662580329
981.7375879440317,-0.00010162350208925677,0.009738727226059141,-4.651114511253674,-443.28736415510963,7.799723383572872
982.3392796439412,-0.00010023441028065722,0.009678000029104725,-4.645273067421544,-443.325964509265,8.40017371631171
982.9409713438506,-9.88883955153512e-05,0.009618098245515546,-4.639467993518377,-443.36806181093874,9.000391014525812
985.008679860365,-9.457957859432678e-05,0.009418160485764009,-4.619788728899002,-443.53905855814463,11.060981264030776
987.0763883768792,-9.073463238331313e-05,0.009226652528747343,-4.600514162100781,-443.7501535657555,13.117855938605375
987.6780800767887,-8.969786475801423e-05,0.009172370613648067,-4.594978886745046,-443.81898304103214,13.715596186865895
988.2797717766981,-8.869656836470691e-05,0.009118704419598488,-4.589476152467687,-443.8911111944635,14.312949066870011
990.3474802932124,-8.551398828443536e-05,0.008938660672747645,-4.570808535813964,-444.1638211593256,16.36256277785856
992.4151888097267,-8.270619395585461e-05,0.008764810099987941,-4.552506794309539,-444.47436845350586,18.406790442005818
993.0168805096362,-8.195475473034107e-05,0.008715272688665777,-4.547247976798375,-444.571721493149,19.000552624115727
993.6185722095456,-8.123153760801146e-05,0.008666181276088952,-4.542018883453036,-444.672187457938,19.593797511388704
995.68628072606,-7.895017348748194e-05,0.008500627338831838,-4.524271665761237,-445.0408824017496,21.62834020129798
997.7539892425742,-7.696250755587713e-05,0.008339486956472743,-4.506862202382918,-445.44528230883327,23.65609204891094
998.3556809424837,-7.643508922616392e-05,0.008293337913827924,-4.501858278579895,-445.5695515824697,24.244809707986352
998.9573726423931,-7.59295336815365e-05,0.008247501640013212,-4.496882068607335,-445.69675750028284,24.832901156898476
1001.0250811589074,-7.434925415889704e-05,0.008092174043194286,-4.479989748273031,-446.1560140480161,26.848935520296855
1003.0927896754217,-7.299396524002811e-05,0.007939881396309014,-4.463415462437602,-446.64893973055115,28.857006876188045
1003.6944813753312,-7.263840343124764e-05,0.007896068422450064,-4.458651275464288,-446.7985917382315,29.43978965342869
1004.2961730752406,-7.229945370342685e-05,0.00785246601387595,-4.453913417803315,-446.9510112131604,30.021855977667393
1006.363881591755,-7.12535148644067e-05,0.007704082380596053,-4.437830556450502,-447.4956346074694,32.01652549945776
1008.4315901082692,-7.037712347859183e-05,0.007557686156604872,-4.422052454508372,-448.07196386170983,34.00226958440712
1009.0332818081787,-7.015120538624116e-05,0.0075154086875565615,-4.4175177697878505,-448.2455205765927,34.57838561741847
1009.6349735080881,-6.993770584874721e-05,0.007473264713124551,-4.41300850590062,-448.42168096815396,35.15371198684037
1011.7026820246024,-6.929249637433583e-05,0.0073293425795977986,-4.3977049748608055,-449.04664908598704,37.12468765899883
1013.7703905411167,-6.8772665807519e-05,0.007186624927678705,-4.382697787583757,-449.701415544277,39.08596885615496
1014.3720822410262,-6.864275220842139e-05,0.007145283940985126,-4.378386086205032,-449.89744149614256,39.65483224224195
1014.9737739409356,-6.852188900763888e-05,0.007104019452294914,-4.374099253095949,-450.0959115568795,40.22284858683168
1017.04148245745,-6.817056123897312e-05,0.006962714810075242,-4.359556409199904,-450.7963364793369,42.16829033139457
1019.1091909739642,-6.790877920231139e-05,0.0068220440340385794,-4.345305086790742,-451.52469706907414,44.103449618683435
1019.7108826738737,-6.784761315619818e-05,0.0067812021228037,-4.341212601339579,-451.7417909079973,44.66461099175712
1020.3125743737831,-6.779272627793438e-05,0.006740396007162984,-4.33714469097998,-451.96117279199643,45.224882838297084
1022.3802828902974,-6.76478439387321e-05,0.006600380454487012,-4.323352313441189,-452.73227656217045,47.143409740095215
1024.4479914068118,-6.756249175025952e-05,0.0064606029307578685,-4.309849201165866,-453.5294919180016,49.051237149941535
1025.0496831067212,-6.754729163914877e-05,0.0064199555010816985,-4.3059741343152425,-453.7662815257717,49.60437600184691
1025.6513748066307,-6.753600296015777e-05,0.0063793168082437735,-4.302123529298811,-454.0052062496072,50.15659692701914
1027.719083323145,-6.752347319169878e-05,0.006239690741858299,-4.289077313129575,-454.84230779571357,52.04726212022314
1029.7867918396594,-6.754430297304135e-05,0.006100056094469156,-4.276319811838437,-455.70373282329183,53.926972579316356
1030.3884835395688,-6.755525399391798e-05,0.006059411680962113,-4.2726616834073985,-455.9588732014415,54.47189034841471
1030.9901752394783,-6.756801218321556e-05,0.006018760829863088,-4.269028015670809,-456.2159988055605,55.01587510669267
1033.0578837559926,-6.762242691679361e-05,0.00587899527607161,-4.256727448756382,-457.114509594199,56.87814232522781
1035.125592272507,-6.7686460110843e-05,0.005739107264385767,-4.244716002871457,-458.0355919744657,58.72935222594504
1035.7272839724162,-6.770563060712144e-05,0.005698374774690494,-4.241275082487865,-458.30776530633636,59.26596543901101
1036.3289756723257,-6.772466879718913e-05,0.005657631436456523,-4.237858673546259,-458.5817771319761,59.80164307545694
1038.39668418884,-6.778611127259165e-05,0.005517530883558486,-4.2263051647328425,-459.5372036724914,61.63536266374435
1040.4643927053544,-6.78350420242468e-05,0.005377316220829652,-4.215041460998752,-460.5134886176289,63.4580651990694
1041.0660844052636,-6.78457390651495e-05,0.005336496809375145,-4.211818255443362,-460.8014060463497,63.98639813354035
1041.667776105173,-6.785449090753275e-05,0.005295672148912036,-4.208619608610833,-461.09101868395214,64.51380456574127
1043.7354846216874,-6.786692642571859e-05,0.0051553502640087874,-4.1978147760688,-462.09897045925743,66.31918729911989
1045.8031931382018,-6.78461677686546e-05,0.0050150369840181045,-4.187300079387006,-463.12611043624906,68.11372508866518
1046.4048848381112,-6.783279016087125e-05,0.004974218060163369,-4.1842948564613005,-463.42851520830857,68.63390155831051
1047.0065765380207,-6.781579325126464e-05,0.004933408815751697,-4.181314184409972,-463.73247577655866,69.15317124467992
1049.074285054535,-6.772720629378952e-05,0.004793268171217494,-4.171258258790339,-464.7886774934978,70.93075874847729
1051.1419935710494,-6.758675161397005e-05,0.004653364322355322,-4.1614918583627025,-465.862445889666,72.69779270704801
1051.7436852709588,-6.753517622280051e-05,0.004612712941725001,-4.158704203106034,-466.17811757740174,73.21002669659961
1052.3453769708683,-6.747852767557753e-05,0.0045720945662348295,-4.155940988243137,-466.4952100503682,73.72138313090574
1054.4130854873827,-6.724295968640122e-05,0.004432800586942958,-4.146631334961653,-467.595517261757,75.47201411475046
1056.480794003897,-6.694009456791096e-05,0.004294063269012232,-4.137609125520728,-468.7118250600951,77.21248796112042
1057.0824857038062,-6.683858126781196e-05,0.004253816001096152,-4.135037539884867,-469.0395845910272,77.71707297044331
1057.6841774037157,-6.673087366796216e-05,0.004213631989392218,-4.132490140348194,-469.36863489991464,78.220817880105
1059.75188592023,-6.631186863453374e-05,0.004076071723512641,-4.123919958065981,-470.50905203759186,79.94558990181172
1061.8195944367444,-6.581474686564342e-05,0.00393945859922874,-4.115633231110687,-471.66396649326316,81.66069024416602
1062.4212861366536,-6.565496144215227e-05,0.0038999060152552535,-4.113274801791956,-472.0026816808128,82.15798736759268
1063.022977836563,-6.548829923421975e-05,0.003860451791577355,-4.110940128780427,-472.3425632791854,82.65448866168245
1065.0906863530774,-6.486220056738711e-05,0.003725674017932712,-4.103097418218392,-473.5192629797842,84.3547157390492
1067.1583948695918,-6.415279600697231e-05,0.003592276959986472,-4.095531961347953,-474.70902710508335,86.04582830604318
1067.7600865695013,-6.393059653665161e-05,0.003553743213440838,-4.093382124130817,-475.0576183199224,86.53625325988436
1068.3617782694107,-6.370134030365694e-05,0.0035153452554350867,-4.091255418610816,-475.40725784632195,87.02593196064193
1070.429486785925,-6.28595884882358e-05,0.0033844855221134766,-4.084122313741788,-476.6166002746328,88.70309899203191
1072.4971953024394,-6.193555334699123e-05,0.0032554513551561882,-4.077257901288256,-477.8376517938466,90.37176220174871
1073.0988870023489,-6.165144156344755e-05,0.0032182704413933143,-4.075310324045248,-478.19509738084764,90.85577168805742
1073.7005787022583,-6.136062877912871e-05,0.0031812622787753173,-4.073385054041222,-478.5534800222062,91.33908825135319
1075.7682872187727,-6.031088745822097e-05,0.00305545874808197,-4.06693758080977,-479.7920308236925,92.99480376421782
1077.835995735287,-5.91861905660315e-05,0.0029319032695945485,-4.060747908451791,-481.0410192339778,94.64266132519175
1078.4376874351963,-5.884540740085813e-05,0.0028963938084471657,-4.058994505696744,-481.4063602812018,95.12073925389367
1079.0393791351057,-5.8498795665413657e-05,0.00286109076554085,-4.057262395949158,-481.77253444559767,95.59817981249712
1081.10708765162,-5.72647757325527e-05,0.0027413974601648242,-4.051470690307301,-483.03708000441566,97.23412895456653
1083.1747961681344,-5.596898228511873e-05,0.00262431961312461,-4.045923771529599,-484.3108804626062,98.86288351372984
1083.7764878680437,-5.558118820662553e-05,0.0025907602091088324,-4.044354853024778,-484.6832245599169,99.33552768372913
1084.378179567953,-5.518889547424778e-05,0.00255743497146921,-4.042806048270484,-485.05630550133327,99.80759081890193
1086.4458880844675,-5.380872215232561e-05,0.002444739772942275,-4.037635028148226,-486.3438643187365,101.42549069934206
1088.5135966009818,-5.2384747276616e-05,0.0023349436549702433,-4.032694031620952,-487.6395872444526,103.03686065873596
1089.1152883008913,-5.1963253508379894e-05,0.002303551137700554,-4.031298575929978,-488.0181109247437,103.50457051321118
1089.7169800008007,-5.1538925298694585e-05,0.0022724124766052103,-4.02992192729991,-488.397283020538,103.97175516722088
1091.784688517315,-5.0061856176695934e-05,0.0021673681470611695,-4.0253323715157805,-489.70511224796434,105.57331462103899
1093.8523970338294,-4.856198515536673e-05,0.0020654015397608833,-4.02095683487021,-491.02010778491484,107.16899611946884
1094.454088733739,-4.812245567946101e-05,0.002036314693494707,-4.019722865665845,-491.4040574203916,107.63226213655297
1095.0557804336484,-4.7681917529824185e-05,0.002007491986328995,-4.018506316443661,-491.78857488461995,108.09505721678998
1097.1234889501627,-4.616322525635336e-05,0.001910469588155888,-4.014456256477661,-493.1141713528223,109.68194279213728
1099.191197466677,-4.464338570202773e-05,0.001816588589051797,-4.010603562801848,-494.4460281771665,111.26357847965818
1099.7928891665863,-4.4202082698487647e-05,0.001789860147932094,-4.009518591106453,-494.8347192121555,111.7228736346775
1100.3945808664957,-4.376155098025034e-05,0.0017633964205064534,-4.00844962343712,-495.22390514060186,112.1817497271957
1102.46228938301,-4.225632103560923e-05,0.0016744697440222648,-4.004895903776889,-496.56500064403815,113.75555917777562
1104.5299978995245,-4.077004996607647e-05,0.001588635843600159,-4.001522861083265,-497.9115390708153,115.3247148057649
1105.1316895994337,-4.034215749791136e-05,0.0015642339668825722,-4.000574344725,-498.3043536148219,115.78048834988923
1105.7333812993431,-3.991661972972135e-05,0.0015400883449412331,-3.9996404379577783,-498.6975974024631,116.23589176304965
1107.8010898158575,-3.847461453384734e-05,0.0014590494435632948,-3.996540273928467,-500.05214851178977,117.7981356116556
1109.8687983323719,-3.706864909176109e-05,0.001380954928756802,-3.9936046306591058,-501.41140836831283,119.35628470847273
1110.4704900322813,-3.666713782609624e-05,0.0013587722311964245,-3.9927804043985136,-501.8077913207511,119.80895828710717
1111.0721817321908,-3.626926728728068e-05,0.0013368296389525865,-3.991969459686283,-502.20454463743545,120.26130742496746
1113.1398902487051,-3.493166292460335e-05,0.0012632267445371003,-3.9892818481127943,-503.5707177800681,121.81339842086987
1115.2075987652195,-3.364333325924127e-05,0.0011923386831984035,-3.9867436191291885,-504.9409419204256,123.36191462450645
1115.809290465129,-3.3278312518635837e-05,0.001172205979672424,-3.986032262810209,-505.3403959022595,123.81188056752275
1116.4109821650384,-3.291787924991574e-05,0.001152291260550417,-3.9853329629688226,-505.7401675098981,124.26156444716074
1118.4786906815527,-3.1715585199268184e-05,0.0010854797343233657,-3.9830198518592907,-507.1163203435156,125.80481415256956
1120.546399198067,-3.0571652680161486e-05,0.00102109386442629,-3.9808423797364108,-508.4959348896235,127.34497026379114
1121.1480908979763,-3.025012709913526e-05,0.0010027962495242652,-3.9802335058861216,-508.8980143055887,127.79259174730417
1121.7497825978858,-2.9933783553546996e-05,0.0009846903871548907,-3.9796355933475436,-509.30036404326967,128.23997034853258
1123.8174911144001,-2.8886998087371853e-05,0.000923889194150289,-3.977662761881676,-510.68502425703093,129.77559170823542
1125.8851996309145,-2.7903602032941152e-05,0.0008651869129557997,-3.9758134795914826,-512.0726167085974,131.30856422243153
1126.4868913308237,-2.7629518095182488e-05,0.0008484803251264995,-3.975297933170018,-512.4769212714814,131.75417692665533
1127.0885830307332,-2.7360883378199924e-05,0.0008319369714728152,-3.974792399828659,-512.8814535390399,132.1995829933199
1129.1562915472475,-2.6479565972846516e-05,0.0007762849462669174,-3.9731300352206596,-514.2732962061167,133.72869754707477
1131.2240000637619,-2.566297309943642e-05,0.0007223883128328572,-3.9715809279598777,-515.6675925159653,135.25557529172147
1131.8256917636713,-2.5437488070416043e-05,0.0007070152203603971,-3.971150899516661,-516.073760545371,135.69949015231384
1132.4273834635808,-2.521742644538123e-05,0.0006917762199115936,-3.97073009053159,-516.4801175945438,136.14323204197694
1134.4950919800951,-2.450240335966723e-05,0.000640384002187715,-3.9693530745581835,-517.8779421098609,137.6668803964389
1136.5628004966095,-2.3850290726594624e-05,0.0005904052035483187,-3.968080861441705,-519.2777837095266,139.18867590675052
1137.164492196519,-2.367216940332072e-05,0.0005761084824891695,-3.9677299210279164,-519.6854854815981,139.63118256698
1137.7661838964284,-2.3499207995602515e-05,0.0005619175076174402,-3.967387560479183,-520.0933407865131,140.07354775919455
1139.8338924129428,-2.2943665986768826e-05,0.0005139124391602504,-3.9662754966024445,-521.4960482855338,141.59270200676625
1141.9016009294571,-2.2446708106820167e-05,0.0004669955021948931,-3.965261568245211,-522.9003698954934,143.11036437661562
1142.5032926293663,-2.23128027850253e-05,0.00045352994831771823,-3.964984631376144,-523.3093012743674,143.5517349836818
1143.1049843292758,-2.21836068127055e-05,0.00044014372585095453,-3.964715781395612,-523.7183532066407,143.99299389536185
1145.1726928457902,-2.1774770612233942e-05,0.00039470620046473665,-3.963852804570427,-525.1249251965827,145.50857081471744
1147.2404013623045,-2.1418341995669984e-05,0.000350059847368305,-3.963082961346608,-526.5327340854309,147.02299892808998
1147.8420930622137,-2.1324084412621896e-05,0.0003372010730947317,-3.9628762004336497,-526.9426106169745,147.46349196911444
1148.4437847621232,-2.123395857057897e-05,0.0003243979839714767,-3.96267716737298,-527.3525766002575,147.90390177897993
1150.5114932786375,-2.095478786640103e-05,0.00028078872525666334,-3.9620515839618773,-528.7620553607408,149.41677584404732
1152.579201795152,-2.0720631860541887e-05,0.00023771017154689867,-3.961515623114785,-530.1724125430047,150.92883109429408
1153.1808934950614,-2.0660515817378145e-05,0.00022526088576034256,-3.961376338430118,-530.582964140808,151.36869502761232
1153.7825851949708,-2.0603873055736524e-05,0.0002128469597699541,-3.9612445401253042,-530.9935754091922,151.80850327226855
1155.8502937114852,-2.0434652836162114e-05,0.00017042547560586958,-3.960848345990272,-532.4050465478647,153.3195187069928
1157.9180022279995,-2.0302404453580825e-05,0.0001283156660398544,-3.9605395448932152,-533.817050242667,154.83003652315662
1158.519693927909,-2.027040958326793e-05,0.00011610952311484529,-3.9604660086137145,-534.228016548471,155.26951302210574
1159.1213856278184,-2.024119765309891e-05,0.00010392203290587751,-3.96039981617716,-534.6390135858578,155.70896078772492
1161.1890941443328,-2.016093037649233e-05,6.215707482237851e-05,-3.960228138060708,-536.0515909761324,157.21894211287406
1163.2568026608471,-2.0109413898205067e-05,2.052836193504552e-05,-3.9601426768460986,-537.4643624977448,158.7287418165198
1163.8584943607564,-2.0099369166915572e-05,8.431701856854959e-06,-3.960133962344101,-537.875488956023,159.16806850113653
1164.4601860606658,-2.0091415608613623e-05,-3.6593095978621743e-06,-3.9601325284563482,-538.2866176518221,159.6073930923299
1166.5278945771802,-2.0078954017773942e-05,-4.518604839220848e-05,-3.960183028187858,-539.6994308422742,161.11715380341045
1168.5956030936945,-2.0087204628661054e-05,-8.67084336469994e-05,-3.960319388609908,-541.1121029657232,162.6270465031085
1169.1972947936038,-2.0093059204843616e-05,-9.879654274201296e-05,-3.960375195182511,-541.5231376168531,163.06645908671334
1169.7989864935132,-2.010034215175315e-05,-0.0001108883823232659,-3.9604382788269548,-541.9341461389863,163.5058961048496
1171.8666950100276,-2.013522700794995e-05,-0.00015248384003696574,-3.9607105525584063,-543.3463302128602,165.01624528708126
1173.934403526542,-2.0183209235127186e-05,-0.0001941649702376811,-3.9610689221448823,-544.7580379579558,166.5270396727696
1174.5360952264514,-2.0199223762690327e-05,-0.00020631392481027766,-3.961189403026006,-545.1687289275694,166.96677349321016
1175.1377869263608,-2.0216043358870525e-05,-0.00021847255120863895,-3.961317198232964,-545.579365287917,167.4065582981629
1177.2054954428752,-2.0279030683613253e-05,-0.0002603375171031088,-3.961812194545543,-546.9900530701699,168.91830511947506
1179.2732039593895,-2.0348046959437453e-05,-0.00030233895548212986,-3.962393896497302,-548.399926778533,170.43081114067468
1179.874895659299,-2.036888585633861e-05,-0.00031458856353685843,-3.9625794954637095,-548.8100204229532,170.87110207888557
1180.4765873592085,-2.0389957214443916e-05,-0.0003268505910231972,-3.962772469089424,-549.2200306937333,171.31147063993285
1182.5442958757228,-2.046325540849022e-05,-0.00036908693692557165,-3.96349194103185,-550.6283471539224,172.82542676315228
1184.6120043922372,-2.0536100528994927e-05,-0.00041147437371601023,-3.9642989016323598,-552.0355076968409,174.34045726159275
1185.2136960921464,-2.0556869838072485e-05,-0.00042383712846105813,-3.964550201030126,-552.4447473561064,174.78154207278723
1185.8153877920558,-2.0577347149453348e-05,-0.00043621212080984526,-3.9648089421496153,-552.8538744882746,175.22273123594448
1187.8830963085702,-2.0644696406342672e-05,-0.0004788307959714626,-3.9657549402968932,-554.258933169604,176.73971125713578
1189.9508048250846,-2.0705720415434345e-05,-0.0005215821903807605,-3.9667891986541206,-555.662489116912,178.258081678464
1190.5524965249938,-2.0721980894950093e-05,-0.0005340456622280009,-3.967106779913574,-556.0706144263987,178.70019777504572
1191.1541882249032,-2.073748026006597e-05,-0.0005465185364011451,-3.967431861777646,-556.4785976213116,179.14244498710906
1193.2218967414176,-2.078421816741507e-05,-0.0005894479122330485,-3.968606270934306,-557.8794989308998,180.66326504656433
1195.289605257932,-2.0819400659291885e-05,-0.0006324619818185293,-3.9698695330879765,-559.2785455203971,182.1857913892541
1195.8912969578414,-2.082719641409289e-05,-0.000644991318494058,-3.970253850283386,-559.6852922352488,182.62917612347357
1196.4929886577509,-2.083381576198997e-05,-0.0006575248595826267,-3.970645705388957,-560.0918668241779,183.07271866171243
1198.5606971742652,-2.0846971266761385e-05,-0.0007006194922314428,-3.972049826890688,-561.4876980313505,184.5981934024826
1200.6284056907796,-2.0844030740923718e-05,-0.0007437246856797269,-3.9735430664496874,-562.8813177894547,186.12568858921242
1201.230097390689,-2.083991940174806e-05,-0.0007562652673012739,-3.9739943335934336,-563.2864180790044,186.57057809142427
1201.8317890905985,-2.0834279874695655e-05,-0.0007688028052612636,-3.9744531425845033,-563.6913158679141,187.01565185566733
1203.8994976071128,-2.0802711153849145e-05,-0.0008118528111588849,-3.9760873249132236,-565.0811526656588,188.54658993142442
1205.9672061236272,-2.0751262909072962e-05,-0.0008548169896130891,-3.9778104333727033,-566.4684175358618,190.07985881540762
1206.5688978235364,-2.073237036606742e-05,-0.0008672973092774666,-3.978328526450943,-566.8716007064097,190.52648645180125
1207.1705895234459,-2.071166318420719e-05,-0.00087976563013485,-3.97885412189995,-567.2745507443476,190.9733243837237
1209.2382980399602,-2.0626249352736872e-05,-0.000922506938533433,-3.980717443565858,-568.6574602302579,192.5105227458863
1211.3060065564746,-2.051801898923124e-05,-0.0009650480470564524,-3.9826689348216524,-570.0374350637408,194.05035599350202
1211.9076982563838,-2.048210078601412e-05,-0.0009773829013301262,-3.983253309997246,-570.4384286667262,194.49895051572642
1212.5093899562933,-2.04441600614003e-05,-0.0009896954779781038,-3.9838450965430297,-570.8391583945263,194.94778071875754
1214.5770984728076,-2.0298048372641018e-05,-0.001031821256589222,-3.9859351067021747,-572.2142033193338,196.49201794290857
1216.644806989322,-2.0127138619266113e-05,-0.0010736192812324302,-3.98811188184268,-573.5859505697466,198.0391850648056
1217.2464986892314,-2.0072665851575188e-05,-0.0010857133552351337,-3.9887615117093675,-573.9844818479496,198.4899685330006
1217.8481903891409,-2.0016046291944415e-05,-0.0010977739815402259,-3.989418404485725,-574.3827185791789,198.94101217540862
1219.9158989056552,-1.9804945700819557e-05,-0.0011389475124236013,-3.99173092831742,-575.7489626917013,200.49304111874298
1221.9836074221696,-1.9568142781173813e-05,-0.0011796579763550773,-3.9941281082658344,-577.111548132325,202.04828295355145
1222.585299122079,-1.949438833586243e-05,-0.001191409891358902,-3.9948414384533346,-577.5073457489544,202.50146852360876
1223.1869908219885,-1.9418461659992566e-05,-0.001203116784349749,-3.995561822146986,-577.9028184268694,202.95493761661456
1225.2546993385029,-1.9140960999223022e-05,-0.0012429859855022072,-3.9980908393070713,-579.2593327132494,204.51547772987192
1227.3224078550172,-1.8838053428794827e-05,-0.0012822551291333136,-4.000701673981899,-580.6118319594196,206.0794987156748
1227.9240995549264,-1.8745188813152505e-05,-0.0012935619837765912,-4.0014766026853765,-581.0046279438612,206.53528839037745
1228.525791254836,-1.8650230389546714e-05,-0.0013048123795387475,-4.002258313812988,-581.3970691067233,206.99138354185678
1230.5934997713503,-1.8308105313366834e-05,-0.0013430260143704905,-4.004995918946661,-582.7429386800186,208.56111318804457
1232.6612082878646,-1.7942173667810898e-05,-0.001380507621745378,-4.007811781928814,-584.0844442542885,210.1345737834442
1233.2628999877738,-1.7831344197954378e-05,-0.0013912699992029629,-4.008645664955411,-584.4739760844665,210.59315623439795
1233.8645916876833,-1.771861530914114e-05,-0.0014019652067239021,-4.009485999932422,-584.8631239574933,211.05206448573503
1235.9323002041976,-1.7317073433735116e-05,-0.0014381905931034667,-4.012422453875418,-586.1974553036922,212.63161363979597
1238.000008720712,-1.6894694684622277e-05,-0.0014735641656369054,-4.015432930706969,-587.5270839292538,214.21512327420658
1238.6017004206215,-1.676807454667115e-05,-0.001483691497260426,-4.016322614276347,-587.9130966551885,214.6766718457766
1239.203392120531,-1.663986335287536e-05,-0.001493742290115108,-4.017218365444563,-588.2986972719897,215.13856470329875
1241.2711006370453,-1.618766214580989e-05,-0.0015276840108136593,-4.020342243944185,-589.6206255052826,216.7285084165559
1243.3388091535596,-1.5718957604741543e-05,-0.0015606736491830479,-4.023535319714387,-590.9375252605494,218.32261935276117
1243.940500853469,-1.5579744188277148e-05,-0.0015700897204849532,-4.024477202396319,-591.3197735586662,218.78729035891516
1244.5421925533785,-1.543936212186862e-05,-0.0015794218390269698,-4.025424723259694,-591.7015828001838,219.2523221303913
1246.6099010698929,-1.4948720098873339e-05,-0.001610840568100552,-4.028723166387139,-593.0102785313301,220.8531751352369
1248.6776095864072,-1.4447162401544528e-05,-0.0016412335072682341,-4.032085513771003,-594.3136354538443,222.45837761024205
1249.2793012863165,-1.429950321891363e-05,-0.0016498817658729828,-4.033075637471986,-594.6918854896066,222.92630902849098
1249.880992986226,-1.415119212554161e-05,-0.0016584411741521474,-4.034070936842395,-595.0696709171427,223.39461556763962
1251.9487015027403,-1.3637401386511836e-05,-0.0016871712753344387,-4.037529996346332,-596.3643463042594,225.0068283653595
1254.0164100192546,-1.3119284415592976e-05,-0.0017148345343366701,-4.041047358365828,-597.6533900065353,226.62354733199948
1254.6181017191639,-1.2968089167628222e-05,-0.0017226827144957932,-4.042081526079941,-598.0274209775106,227.09485798376133
1255.2197934190733,-1.281682896260235e-05,-0.0017304401092292812,-4.043120388550394,-598.4009633319675,227.56655592981855
1257.2875019355877,-1.229746685755723e-05,-0.0017564041434715173,-4.046725461865856,-599.6808768760282,229.19051264173214
1259.355210452102,-1.1780933591662117e-05,-0.0017812972128733965,-4.050383114014481,-600.9548847436134,230.81910635765922
1259.9569021520115,-1.1631559279402901e-05,-0.001788340631046645,-4.05145702904037,-601.3244899804196,231.29389563972532
1260.558593851921,-1.1482727736418342e-05,-0.001795294541100373,-4.052535156098324,-601.6935842267187,231.7690822133004
1262.6263023684353,-1.097637262939276e-05,-0.0018185122649354364,-4.056271484289233,-602.9580439100405,233.40510037731897
1264.6940108849496,-1.0479957306874301e-05,-0.0018406932702918594,-4.060054748149634,-604.2163435092813,235.0458609751242
1265.295702584859,-1.0337752286894479e-05,-0.0018469560346931592,-4.061164165653912,-604.5813310328593,235.52420917122356
1265.8973942847686,-1.0196670299899697e-05,-0.0018531337614758863,-4.062277327880391,-604.9457868515152,236.00296255074284
1267.965102801283,-9.721294775560293e-06,-0.001873723204431581,-4.066130521267759,-606.194151313063,237.6512949087576
1270.0328113177973,-9.262343539453341e-06,-0.0018933466896873831,-4.070025288962191,-607.4361207568924,239.3044509306947
1270.6345030177065,-9.132211077946854e-06,-0.0018988804446701802,-4.071166167393377,-607.7963132304021,239.78642008616197
1271.236194717616,-9.003707771903265e-06,-0.0019043365481699083,-4.072310355058217,-608.1559548999604,240.26880034244797
1273.3039032341303,-8.575302367311671e-06,-0.0019225069151540426,-4.0762669022077755,-609.3876324979991,241.92963849891615
1275.3716117506447,-8.168761771284213e-06,-0.0019398140696600204,-4.080260127943997,-610.6126986894625,243.5953592133434
1275.9733034505539,-8.054835004283375e-06,-0.0019446946981743092,-4.081428767999941,-610.967932754637,244.08099450826856
1276.5749951504633,-7.942944644535955e-06,-0.001949507510117118,-4.082600328011437,-611.3225984205341,244.56704502786502
1278.6427036669777,-7.574557089135997e-06,-0.0019655458688804727,-4.0866480492415045,-612.5370442104933,246.24052470676472
1280.710412183492,-7.232148910308287e-06,-0.0019808493684472434,-4.090728173385265,-613.7446790549619,247.91892588631953
1281.3121038834015,-7.137578134942362e-06,-0.0019851722742589947,-4.09192133533922,-614.0948040905315,248.40825740635256
1281.913795583311,-7.045327933173782e-06,-0.001989439051223938,-4.093117085710411,-614.4443444627577,248.89800669965507
1283.9815040998253,-6.746416397669705e-06,-0.0020036927806657643,-4.097245503465386,-615.641055270476,250.58421422162604
1286.0492126163397,-6.476082372224916e-06,-0.0020173579931604085,-4.101402785337365,-616.8307700865762,252.27536497776123
1286.6509043162491,-6.402883843829188e-06,-0.0020212324254938944,-4.102617778453223,-617.1756464643897,252.76840976050622
1287.2525960161586,-6.332157806169434e-06,-0.002025063585972818,-4.103835094287214,-617.5199230233228,253.26187353102014
1289.320304532673,-6.10814852378917e-06,-0.002037919962819186,-4.108035701682444,-618.698430913512,254.96085307560503
1291.3880130491873,-5.913660773154715e-06,-0.0020503436747259024,-4.112262445005078,-619.8697693820433,256.66478330257945
1291.9897047490965,-5.862615756658827e-06,-0.002053886391911723,-4.113497184790669,-620.2092663265373,257.1615475280196
1292.591396449006,-5.814047861503923e-06,-0.0020573991165144796,-4.114734051708025,-620.5481491456362,257.65873087065773
1294.6591049655203,-5.666002065692374e-06,-0.002069262870746262,-4.119000466410768,-621.7080136811251,259.3704920672409
1296.7268134820347,-5.5466504716947095e-06,-0.0020808501750479414,-4.123291126090232,-622.8605437602148,261.08720003772885
1297.328505181944,-5.517212044415724e-06,-0.0020841785996972948,-4.1245441563254,-623.1945369417139,261.58768122963653
1297.9301968818534,-5.490102539086136e-06,-0.002087489932371326,-4.125799188358736,-623.5279022601529,262.0885808251818
1299.9979053983677,-5.414414330506093e-06,-0.002098759138154217,-4.130127182126062,-624.6687020285074,263.81310621825816
1302.065613914882,-5.364699320404265e-06,-0.002109898695285474,-4.134478343288344,-625.8020073409002,265.5425658810392
1302.6673056147915,-5.354905280726814e-06,-0.00211312359552508,-4.135748820251648,-626.130376355364,266.0467549897208
1303.268997314701,-5.34712383475168e-06,-0.0021163430694667107,-4.137021239650902,-626.4581040556658,266.5513611663631
1305.3367058312153,-5.335191907367951e-06,-0.0021273833697047595,-4.141408634770887,-627.579428014523,268.28861311629527
1307.4044143477297,-5.344485679607707e-06,-0.002138420942474877,-4.145818855193892,-628.6930992872135,270.0307806651993
1308.0061060476392,-5.3508547000482244e-06,-0.0021416385981045515,-4.147106491461821,-629.015725196737,270.53866390782264
1308.6077977475486,-5.358745988863842e-06,-0.0021448603434327585,-4.1483960677645415,-629.3376963642038,271.0469624467765
1310.675506264063,-5.396646763168646e-06,-0.002155977378202812,-4.152842491096082,-630.4391356321613,272.79688904927644
1312.7432147805773,-5.448904450037633e-06,-0.002167187623681866,-4.157311997581379,-631.5327628453325,274.5517083563394
1313.3449064804865,-5.466367013896035e-06,-0.002170471509482738,-4.158616962653268,-631.8495259762747,275.0632686983352
1313.946598180396,-5.484678498651592e-06,-0.0021737658952096623,-4.159923908302117,-632.1656207396273,275.5752422679657
1316.0143066969104,-5.552981116266416e-06,-0.0021851763044126687,-4.164430393968095,-633.2467615373145,277.3377819026422
1318.0820152134247,-5.626635693676098e-06,-0.00219673347666624,-4.168960624765959,-634.3199275158086,279.1051884390755
1318.683706913334,-5.648515151628221e-06,-0.002200125704426872,-4.17028340050273,-634.6307057330321,279.62040660987697
1319.2853986132434,-5.670393898284376e-06,-0.002203530774171535,-4.17160822114611,-634.940801606873,280.1360357230117
1321.3531071297577,-5.744190112621728e-06,-0.002215332775402737,-4.176176656769312,-636.001220121748,281.91111988067223
1323.420815646272,-5.812270171416105e-06,-0.0022272814560230594,-4.180769647136079,-637.0534963634693,283.69104279585156
1324.0225073461816,-5.83033814771027e-06,-0.002230784312027134,-4.182110837608499,-637.3581640552072,284.209897747332
1324.624199046091,-5.84738535631267e-06,-0.002234297354788786,-4.183454136881255,-637.6621350201236,284.72916115221994
1326.6919075626054,-5.896551446627949e-06,-0.002246442092477281,-4.1880865542493995,-638.7013950138644,286.51671525042366
1328.7596160791197,-5.927038215106037e-06,-0.0022586691796130194,-4.192744168532417,-639.7323405835309,288.3090773475967
1329.3613077790292,-5.9316325424836395e-06,-0.002262237122006166,-4.194104265748418,-640.0307685990638,288.8315460851305
1329.9629994789386,-5.934038447887478e-06,-0.002265806745835149,-4.195466506222498,-640.3284851618233,289.3544205228132
1332.030707995453,-5.9237495083398425e-06,-0.002278071702378314,-4.200164223897005,-641.3461391539256,291.1543625013704
1334.0984165119673,-5.880194925811878e-06,-0.0022902809925669,-4.204887244375709,-642.3553034723524,292.95907793947
1334.7001082118766,-5.860423735895492e-06,-0.002293813505492828,-4.206266353385917,-642.6473602526611,293.4851346835139
1335.301799911786,-5.837172333265676e-06,-0.002297332614835971,-4.207647577430106,-642.93869072576,294.0115939730343
1337.3695084283004,-5.728691116682603e-06,-0.002309298490985904,-4.212410210010643,-643.9342855667937,295.82383056491545
1339.4372169448147,-5.571118037987088e-06,-0.0023209893057697336,-4.217197300161835,-644.921215890873,297.64080022756764
1340.038908644724,-5.515138727282305e-06,-0.0023243250408688057,-4.2185948292531235,-645.206770019335,298.17041489760163
1340.6406003446334,-5.454304975557803e-06,-0.0023276251517555897,-4.2199943457717914,-645.4915832447152,298.70042834505153
1342.7083088611478,-5.206062137062219e-06,-0.0023386577307997103,-4.224818702341431,-646.4646708324885,300.5248490416356
1344.7760173776621,-4.892163370400225e-06,-0.0023491091373515935,-4.22966527022106,-647.4289251437958,302.3539536446044
1345.3777090775716,-4.787558999898109e-06,-0.0023520217999102168,-4.231079594279719,-647.707849518198,302.88708969631057
1345.979400777481,-4.6766883189027015e-06,-0.0023548691551612292,-4.232495639692559,-647.9860192326021,303.4206198632352
1348.0471092939954,-4.245694866236922e-06,-0.002364107776978842,-4.237374542302872,-648.9361730184992,305.2570887319967
1350.1148178105097,-3.7324192094395527e-06,-0.002372370162156694,-4.242271538403788,-649.8773389129508,307.09817988395673
1350.7165095104192,-3.5666937256897475e-06,-0.002374566692981197,-4.243699646143693,-650.1495166997241,307.63479157301356
1351.3182012103287,-3.393324464124935e-06,-0.002376660752218342,-4.245129030646311,-650.4209276969472,308.1717914824686
1353.385909726843,-2.737112013814488e-06,-0.0023830156224274187,-4.2500500935969665,-651.3477654701335,310.02013714400715
1355.4536182433574,-1.982864364163728e-06,-0.002387912282456047,-4.254982788990067,-652.2654854562825,311.8730267267942
1356.0553099432666,-1.744138303038703e-06,-0.0023890342015728907,-4.256419928454313,-652.5308179288131,312.41305591708135
1356.657001643176,-1.4965115334715329e-06,-0.0023900094077922017,-4.257857682495249,-652.7953741124552,312.9534658202247
1358.7247101596904,-5.757570011049478e-07,-0.0023921710831169276,-4.262802108113873,-653.6985873160677,314.81347004613053
1360.7924186762048,4.5672513220732096e-07,-0.002392313396397455,-4.267748915720925,-654.5925906587839,316.6779184367277
1361.394110376114,7.788369690716154e-07,-0.002391942361253965,-4.269188257754142,-654.8510069351613,317.22129111633166
1361.9958020760234,1.1108726150140647e-06,-0.0023913742335847916,-4.270627299046881,-655.1086412653964,317.7650349879862
1364.0635105925378,2.3291141086802913e-06,-0.0023878388069082175,-4.275568764570737,-655.9880307605606,319.6364205367664
1366.1312191090522,3.669335538469674e-06,-0.002381658302443633,-4.280500185237806,-656.8581716234906,321.5121243450418
1366.7329108089616,4.08269114182756e-06,-0.002379326789582451,-4.28193252995935,-657.1096401989024,322.0587470563596
1367.334602508871,4.5066418276287225e-06,-0.002376743225459223,-4.283363376592657,-657.3603264128808,322.6057290300983
1369.4023110253854,6.045268332104962e-06,-0.0023658560237869225,-4.288267103889244,-658.2158441520379,324.4881474756316
1371.4700195418998,7.711198538688722e-06,-0.002351655777513064,-4.29314489442094,-659.0621452955127,326.37472759378323
1372.0717112418092,8.220018359228227e-06,-0.0023468635169887953,-4.294558449877649,-659.3066871123692,326.924484015934
1372.6734029417187,8.739621726503602e-06,-0.0023417618953505605,-4.295969009066417,-659.5504529425074,327.474584999321
1374.741111458233,1.0607614900638749e-05,-0.0023217814196223154,-4.3007911212023675,-660.3822484559591,329.367605394082
1376.8088199747474,1.2601818770684404e-05,-0.002297807995033714,-4.305567791411305,-661.2049491563671,331.26459621386755
1377.4105116746566,1.320556260190011e-05,-0.002290044407488572,-4.30694805598206,-661.4426517778087,331.8173441472707
1378.012203374566,1.3819678435305514e-05,-0.002281914693455791,-4.308323520162059,-661.6795932125776,332.3704188667501
1380.0799118910804,1.6008337368082767e-05,-0.002251097092922666,-4.3130107943913885,-662.488063179724,334.2735180896391
1382.1476204075948,1.8314347196741187e-05,-0.002215632659951074,-4.317629542658129,-663.2876693858477,336.18035871325674
1382.749312107504,1.900669696073402e-05,-0.002204405057625979,-4.318959322863066,-663.518701646601,336.73592769988846
1383.3510038074135,1.970829950389192e-05,-0.0021927586091957576,-4.320282204617882,-663.7489975860758,337.29180240498965
1385.4187123239278,2.2187957389704603e-05,-0.002149461157661147,-4.324772328232147,-664.5348360992164,339.2043579480307
1387.4864208404422,2.4767273770314234e-05,-0.00210093346403878,-4.329167518029072,-665.3121701807712,341.1203860797993
1388.0881125403516,2.553531531000342e-05,-0.002085800187550053,-4.330427110572326,-665.5367964991882,341.6785758440518
1388.689804240261,2.631070723241333e-05,-0.002070203378586029,-4.331677444725705,-665.7607229688309,342.237046848399
1390.7575127567754,2.9028192434219896e-05,-0.002013003469348339,-4.335899866580908,-666.5249694629789,344.1583325894766
1392.8252212732898,3.1817918939816355e-05,-0.0019501099058358252,-4.339998129287915,-667.2812163016943,346.0827815479862
1393.4269129731993,3.264147173141952e-05,-0.0019307173273552497,-4.341165690675826,-667.4998096677145,346.64336136395445
1394.0286046731087,3.3469604469337344e-05,-0.0019108289637674591,-4.34232142629671,-667.7177525880388,347.2041945186833
1396.096313189623,3.634584989898459e-05,-0.0018386558267001877,-4.346198877942725,-668.4618338684077,349.13337972649543
1398.1640217061374,3.925614881458212e-05,-0.0017605002461209894,-4.349920911603858,-669.1985795414272,351.06537869501085
1398.7657134060466,4.0106983876466774e-05,-0.0017366235868585787,-4.350973035234818,-669.4116320568512,351.6280876902084
1399.367405105956,4.095867030991065e-05,-0.0017122361955642863,-4.352010637446453,-669.6240974309685,352.19101878943565
1401.4351136224705,4.38858976458352e-05,-0.0016245165145636162,-4.355461393514727,-670.3498597801653,354.1271702816445
1403.5028221389848,4.679708908727416e-05,-0.001530760759448479,-4.358724530430599,-671.0691186523931,356.0657476100466
1404.104513838894,4.7638084924394265e-05,-0.0015023493187445401,-4.359637053207295,-671.2772483751969,356.6302959334026
1404.7062055388035,4.847515058351232e-05,-0.001473434879219729,-4.360532337158828,-671.4848686320214,357.1950319728603
1406.7739140553178,5.131402115571317e-05,-0.0013702538068068625,-4.3634732941895695,-672.194595552506,359.1371191117695
1408.8416225718322,5.407389249448508e-05,-0.0012612844512284527,-4.366194918596937,-672.898821171845,361.08120830824345
1409.4433142717417,5.485829199798379e-05,-0.0012285111562599447,-4.36694398079955,-673.1027738945717,361.6472790527442
1410.045005971651,5.5632864182450865e-05,-0.0011952710802138455,-4.367673201437536,-673.3063090050571,362.2135002317483
1412.1127144881655,5.8210240921616695e-05,-0.0010775471254584027,-4.370023854815824,-674.0027197515939,364.1604023894243
1414.1804230046798,6.0632223782945745e-05,-0.0009546545614914284,-4.37212574578162,-674.6947945713687,366.1088504800356
1414.7821147045893,6.130320004885492e-05,-0.0009179687459709739,-4.3726891248112745,-674.8954390640122,366.67610228099625
1415.3838064044987,6.195731171519031e-05,-0.000880886898397387,-4.373230342367943,-675.0957709525372,367.24346467760097
1417.451514921013,6.406529679943765e-05,-0.0007505556539679283,-4.374917723577234,-675.7819947202444,369.19398101198396
1419.5192234375274,6.592817588582698e-05,-0.0006161191147066952,-4.376331373485902,-676.4651934556316,371.1455592778376
1420.1209151374367,6.64188835535903e-05,-0.0005763004039119246,-4.376690103508818,-676.6635086559427,371.7136296287558
1420.7226068373461,6.688459984163878e-05,-0.0005361969276012305,-4.377024835426838,-676.8616273893106,372.2817686103215
1422.7903153538605,6.828150142499632e-05,-0.00039639506825469277,-4.377989435493077,-677.5411479521642,374.2346305395234
1424.8580238703748,6.933129423825318e-05,-0.0002540636834875608,-4.37866235090349,-678.2190694206766,376.1880483322898
1425.459715570284,6.95656046795678e-05,-0.00021227385689646995,-4.378802626384288,-678.4161220911495,376.75655788956476
1426.0614072701935,6.976583720099518e-05,-0.0001703565620437336,-4.378917781753471,-678.6131023754402,377.3250925629596
1428.1291157867079,7.01796689351771e-05,-2.559417346303102e-05,-4.379120431887709,-679.2896682269289,379.2789802549693
1430.1968243032222,7.01342610585469e-05,0.00011954911169164514,-4.379023361806659,-679.9661309352593,381.23290367049054
1430.7985160031317,7.00283338394328e-05,0.00016172033759369743,-4.378938703698981,-680.1630424574436,381.8014621595593
1431.4002077030411,6.987852792412337e-05,0.00020381118068254017,-4.37882877649315,-680.3600091391124,382.37000151795905
1433.4679162195555,6.901365799363702e-05,0.00034750503080414386,-4.378258384796967,-681.0375048754488,384.32356701052515
1435.5356247360698,6.757091780096056e-05,0.0004888131483735183,-4.377393342602872,-681.7164024963064,386.27664561215045
1436.1373164359793,6.703586504419102e-05,0.0005293135030942081,-4.377086981731762,-681.9143037676554,386.8448603765892
1436.7390081358888,6.644679835986076e-05,0.0005694722001594894,-4.376756454264638,-682.1123853476103,387.4130122350474
1438.806716652403,6.399472749385464e-05,0.000704449916569641,-4.37543840656543,-682.7946612472068,389.3649133341512
1440.8744251689175,6.084513402193671e-05,0.0008336363284507022,-4.373847251657306,-683.4797755706539,391.31581967104995
1441.4761168688267,5.9791052266998506e-05,0.0008699341558299227,-4.373334652717568,-683.679749433175,391.8833083547043
1442.0778085687361,5.867303659304698e-05,0.0009055752366460954,-4.37280052872981,-683.880019087219,392.4506926101467
1444.1455170852505,5.4328075223376484e-05,0.0010225416257874358,-4.370805444418916,-684.5706776689892,394.3996431814424
1446.2132256017649,4.917231193832727e-05,0.0011296856502879646,-4.3685786626025545,-685.2654486983007,396.34713116052967
1446.814917301674,4.751376165412321e-05,0.0011587784880102623,-4.3678900736111475,-685.4684599840385,396.91354035449945
1447.4166090015835,4.578227095398963e-05,0.0011868486229498164,-4.367184421270786,-685.6718642601304,397.47980842471253
1449.484317518098,3.9262073751115686e-05,0.0012749286334458076,-4.364636817471179,-686.3740050921779,399.42465158418884
1451.5520260346123,3.18333195789582e-05,0.0013485874611644994,-4.361921999284954,-687.0812606737879,401.3676402489051
1452.1537177345217,2.949612423263554e-05,0.0013670434742525197,-4.3611048706868445,-687.2880747829208,401.9326719892779
1452.7554094344312,2.7078737575220935e-05,0.001384067032182197,-4.360277215276834,-687.4953509916431,402.4975342936925
1454.8231179509455,1.814914955580423e-05,0.0014309949755858741,-4.357363495338013,-688.211278032931,404.4373446446809
1456.8908264674599,8.239347739657702e-06,0.0014584457355850866,-4.3543728786599525,-688.9329285340228,406.3750328635317
1457.4925181673693,5.1684852177565256e-06,0.0014624845045784528,-4.3534939587571095,-689.1440203826138,406.9384804131875
1458.0942098672788,2.0128696770680335e-06,0.0014646491011578223,-4.352613327882952,-689.355604620033,407.5017432342929
1460.1619183837931,-9.48393072440991e-06,0.0014570998874613315,-4.349588388421963,-690.0865035366589,409.4359619111891
1462.2296269003075,-2.1995039939375902e-05,0.0014247299941760258,-4.34660471949971,-690.8232101534161,411.3679761012528
1462.8313186002167,-2.5826861355723102e-05,0.0014103474710295174,-4.345751602318037,-691.038666190922,411.9297692644693
1463.4330103001262,-2.9744321606614747e-05,0.0013936340788404838,-4.344907996959272,-691.2545947777272,412.4913810496976
1465.5007188166405,-4.3859927441641167e-05,0.0013177101901462173,-4.342099654957754,-692.0001904040766,414.4199821774447
1467.568427333155,-5.8974770502134956e-05,0.0012115662773905472,-4.339479544528053,-692.7510180619811,416.34655281780965
1468.170119033064,-6.355838890333815e-05,0.0011747062024939098,-4.338761426883828,-692.9704346698225,416.90681094478305
1468.7718107329736,-6.822390486072961e-05,0.0011350657776801306,-4.338066473806923,-693.1902423612418,417.46691590985614
1470.839519249488,-8.487413864116532e-05,0.0009769439653424825,-4.335876866670925,-693.9484480904588,419.39059469632093
1472.9072277660023,-0.0001024485947654439,0.0007834388116093134,-4.334050790571114,-694.7105149151846,421.3127477173926
1473.5089194659117,-0.00010773025895206393,0.0007202094925318524,-4.333598191518329,-694.932896670276,421.8718355055368
1474.1106111658212,-0.00011308461300599455,0.0006537845791748718,-4.33318473106352,-695.1555151074597,422.430829248393
1476.1783196823355,-0.00013202303247575932,0.0004005134909439835,-4.332087853993827,-695.9220859395729,424.35119033442834
1478.24602819885,-0.0001517419958997809,0.00010727630279527595,-4.3315559868328375,-696.6902205235499,426.27092680431053
1478.8477198987594,-0.00015761671258988263,1.420732282641502e-05,-4.3315191996504945,-696.9138814619756,426.82950413639765
1479.4494115986688,-0.00016354884902690142,-8.240735119234535e-05,-4.331539582525333,-697.1375409341642,427.38808203317274
1481.5171201151832,-0.0001843466889850896,-0.00044198362333762746,-4.332074216116017,-697.9057401394005,429.30779270906453
1483.5848286316975,-0.00020570753628967054,-0.0008451458338320558,-4.3333974101349115,-698.6721555807368,431.2282156784894
1484.1865203316067,-0.0002120150109576177,-0.0009708178000835803,-4.3339434999618875,-698.8946258769919,431.78726843761945
1484.7882120315162,-0.00021835833435705592,-0.0011002872201516002,-4.334566412890337,-699.1167627293361,432.3464532803218
1486.8559205480306,-0.00024039479045196503,-0.00157452430008288,-4.337323878538809,-699.8770495174008,434.2693113712289
1488.923629064545,-0.00026270280305071286,-0.002094607097803248,-4.341109326026857,-700.6310408620794,436.19464425272093
1489.5253207644541,-0.00026922716411937676,-0.0022546403297306595,-4.342417560181687,-700.8489807521654,436.75547895581286
1490.1270124643636,-0.00027575977288809184,-0.002418591266524558,-4.343823277880635,-701.0661522540987,437.31661026755415
1492.194720980878,-0.00029822694925466116,-0.0030120248929595902,-4.3494297543246425,-701.8058967105458,439.247463373568
1494.2624294973923,-0.0003206070172233927,-0.003651824033921771,-4.356311213716641,-702.5335687490957,441.182892600218
1494.8641211973018,-0.0003270815537268824,-0.0038466853137337667,-4.35856692004758,-702.7426919724303,441.7470746590496
1495.4658128972112,-0.00033353154708262305,-0.004045422861640387,-4.360940993085967,-702.9505010966474,442.3117392746581
1497.5335214137256,-0.0003554570345563398,-0.0047578228889999085,-4.370034543640387,-703.6537364703111,444.25618385184055
1499.60122993024,-0.0003768819775433103,-0.005515040943488489,-4.380647465106734,-704.3377756889711,446.207453280137
1500.2029216301494,-0.0003829982745745532,-0.005743657176147813,-4.384034452086401,-704.5327873765182,446.77666779648774
1500.8046133300588,-0.0003890532304570463,-0.005975921913509551,-4.387559979865657,-704.7258229142018,447.3465507096099
1502.8723218465732,-0.00040933465226914773,-0.006801502929867175,-4.400762918852147,-705.3730582548053,449.3103400769895
1504.9400303630875,-0.00042866253120665897,-0.007668034190471369,-4.415715255321619,-705.992580235108,451.28302976087076
1505.5417220629968,-0.0004340817918394249,-0.007927599090664149,-4.420407048089525,-706.1671401992572,451.8588462183268
1506.1434137629062,-0.0004394003370610759,-0.008190380676952892,-4.4252558011933125,-706.3389440968824,452.4354836163672
1508.2111222794206,-0.00045684724267860646,-0.009117215901618252,-4.4431433717185636,-706.9070859324299,454.4235877742665
1510.278830795935,-0.00047286736363954374,-0.01007865115422296,-4.462983138717479,-707.4376205831408,456.422029996446
1510.8805224958442,-0.0004772347190901322,-0.010364499425804596,-4.469133356137037,-707.5843530242076,457.00555943733974
1511.4822141957536,-0.0004814613016666034,-0.010652919569680445,-4.47545608111443,-707.7274373023909,457.5899837149457
1513.549922712268,-0.0004948498236042241,-0.011662609489811916,-4.498522653289475,-708.1899081507373,459.6052761164394
1515.6176312287823,-0.0005063434601626008,-0.012698023935459095,-4.523703565321657,-708.6036281004168,461.63110266027775
1516.2193229286918,-0.0005093067858195755,-0.013003593763012076,-4.5314358502038035,-708.7142117794882,462.22254969944646
1516.8210146286012,-0.0005120909412091107,-0.013310880126141532,-4.539352181421828,-708.8201605602949,462.81483085699494
1518.8887231451156,-0.0005202331176606729,-0.014378553994302278,-4.567976534689471,-709.147347774564,464.85643437209615
1520.95643166163,-0.0005260466641703078,-0.01546065604607351,-4.598823442946231,-709.4136895600835,466.9068172862939
1521.5581233615394,-0.0005272783995985578,-0.015777561198276606,-4.6082214774903285,-709.4790747217235,467.50495137657316
1522.1598150614489,-0.0005282967913018112,-0.016095132652640235,-4.617810000401056,-709.5387786544139,468.1036622573452
1524.2275235779632,-0.0005301176954812842,-0.01718984360939657,-4.65222164644732,-709.6989829056994,470.1650734893513
1526.2952320944776,-0.0005292420923483894,-0.018285531869665233,-4.688897846051385,-709.7858361642346,472.2308200389705
1526.8969237943868,-0.000528462812510064,-0.018603754859703732,-4.699996071333976,-709.7966394350913,472.83242113148407
1527.4986154942962,-0.0005274430508442096,-0.01892142890107597,-4.711285162874326,-709.8007134181285,473.4340855143052
1529.5663240108106,-0.0005220646122089532,-0.020006977614361335,-4.751533906011537,-709.7617668615403,475.50131118518897
1531.634032527325,-0.0005137220414811613,-0.021078340803689113,-4.794012581703947,-709.6373858831373,477.5650954159212
1532.2357242272342,-0.0005107261917536161,-0.021386557829089606,-4.806788294947758,-709.584503584964,478.1644655053075
1532.8374159271436,-0.0005074727494618358,-0.021692891137741102,-4.819748421614853,-709.5239255877996,478.7630845831723
1534.905124443658,-0.0004943046187355194,-0.02272911581330013,-4.865679545185138,-709.2555855029393,480.8131492652025
1536.9728329601724,-0.00047804391890708914,-0.023734915367074592,-4.91372182420038,-708.8912808865228,482.84828344143034
1537.5745246600818,-0.00047272876388056585,-0.024020965261203023,-4.9280893878307745,-708.766726534987,483.4369488487597
1538.1762163599913,-0.0004671525075347515,-0.024303740116018352,-4.942627602590321,-708.6336976908032,484.02373376976095
1540.2439248765056,-0.0004459973358441827,-0.02524832801265484,-4.993865298282025,-708.1107684133328,486.02401697248547
1542.31163339302,-0.0004218008691464301,-0.026146028924824604,-5.04700765210365,-707.4842478074629,487.9942394598784
1542.9133250929294,-0.0004141970827958261,-0.02639754578999543,-5.062815638949805,-707.2821580776786,488.5609839039914
1543.5150167928389,-0.0004063453804878134,-0.02664442074243775,-5.0787731121831685,-707.0711200755907,489.1244340222572
1545.5827253093532,-0.00037749836859889396,-0.027455279277306815,-5.134715089703881,-706.2770160930246,491.033307634846
1547.6504338258676,-0.00034587531513344364,-0.028203620577612155,-5.192269052613657,-705.3759796398919,492.89402586159446
1548.2521255257768,-0.0003361729184410767,-0.02840881737367863,-5.209301182773058,-705.0936533240923,493.4253723892997
1548.8538172256863,-0.00032625496894876595,-0.028608126124198226,-5.226454613814738,-704.8023186800744,493.9518117007119
1550.9215257422006,-0.00029058513870594126,-0.02924624074253287,-5.286280711091759,-703.7325038024701,495.72091252360195
1552.989234258715,-0.0002526412178809371,-0.02980824947085974,-5.347347561001157,-702.5578326278181,497.4221343160445
1553.5909259586242,-0.00024120720800050631,-0.029956820961374118,-5.365328160464417,-702.196593785768,497.90332094049126
1554.1926176585337,-0.00022961025704705087,-0.030098485099458408,-5.383395779743884,-701.8267741685039,498.3779261454431
1556.260326175048,-0.000188604508653073,-0.0305311228728604,-5.446092841467287,-700.49129846097,499.9560816832791
1558.3280346915624,-0.00014606281639795577,-0.03087738476898081,-5.509595171930776,-699.0590209059426,501.44688902813914
1558.9297263914718,-0.00013344190287040717,-0.030961464988877353,-5.528199637036963,-698.6246667236819,501.8632621044401
1559.5314180913813,-0.00012072916127331286,-0.031037950518148658,-5.546852241039023,-698.182660852844,502.2714911502083
1561.5991266078956,-7.646002264841905e-05,-0.031241919984587606,-5.611256430916281,-696.6069962877197,503.609864149416
1563.66683512441,-3.1583899286385504e-05,-0.03135372624231789,-5.67598708687062,-694.9482990726443,504.8438109132581
1564.2685268243195,-1.846650119786459e-05,-0.031368769632450055,-5.694857334924063,-694.4509381018385,505.1824224687823
1564.870218524229,-5.340836917191744e-06,-0.03137594751753499,-5.7137342535669555,-693.9472953617254,505.5116158960287
1566.9379270407433,3.969301221391689e-05,-0.03134036022772452,-5.77858974568132,-692.1709345990292,506.56918316211915
1569.0056355572576,8.430815378158056e-05,-0.031212088947131636,-5.843275831914915,-690.3298616517895,507.50960207806514
1569.6073272571668,9.715467968662347e-05,-0.03115747750502827,-5.862039813303956,-689.7830774553133,507.7606966052146
1570.2090189570763,0.00010992254515784947,-0.031095189145571713,-5.880768769469959,-689.2316906135126,508.00153109048176
1572.2767274735907,0.00015306135237871954,-0.030823056307752797,-5.944798326762865,-687.3045009960457,508.7497633611616
1574.344435990105,0.00019477356298376537,-0.030463199883837076,-6.00817449926635,-685.3335741728962,509.37384457848526
1574.9461276900142,0.00020659036404444177,-0.030342429133649294,-6.026467865572732,-684.7530291939731,509.53191169484785
1575.5478193899237,0.0002182481369523505,-0.030214621256465492,-6.044686737693115,-684.1696909913206,509.6793881964662
1577.615527906438,0.00025697340884435905,-0.029722915704191097,-6.106666803607222,-682.1466388854863,510.10510660963905
1579.6832364229524,0.00029340203089175064,-0.029153511978642816,-6.167549837175971,-680.1012266916074,510.4058671683881
1580.2849281228619,0.0003035287039032479,-0.028973905319276398,-6.1850373543994435,-679.5029817635912,510.47003843372335
1580.8866198227713,0.0003134321552507201,-0.02878829108523647,-6.202415403062364,-678.9036939981111,510.52380016709753
1582.9543283392857,0.0003456690646892877,-0.028106371630587112,-6.261247155963327,-676.8390178599665,510.62965169667285
1585.0220368558,0.00037497605366060673,-0.02736082475449692,-6.318603116719729,-674.7716196138326,510.61548048304843
1585.6237285557095,0.0003829262246965796,-0.02713279223949641,-6.334997303952939,-674.1705171096925,510.5892270542891
1586.225420255619,0.0003906112081939525,-0.026900066268889106,-6.351253357357199,-673.5699011314068,510.55318526192934
1588.2931287721333,0.0004149411241629551,-0.026066676805756896,-6.406021333704765,-671.5119175428723,510.35582788304407
1590.3608372886476,0.00043598767167925235,-0.025186374692625725,-6.459017602718866,-669.4674805220454,510.0479389110726
1590.9625289885569,0.0004414837428748213,-0.02492237362201909,-6.474092517900809,-668.8758955888976,509.9382093899882
1591.5642206884663,0.00044669682143805365,-0.02465515293442382,-6.48900813382697,-668.2859975842891,509.8196332954143
1593.6319292049807,0.0004624343433212244,-0.02371466569889762,-6.539020486152195,-666.2734453237632,509.3462876802216
1595.699637721495,0.0004748167915801498,-0.02274510651249793,-6.587058128850636,-664.2864378672664,508.77488601245363
1596.3013294214043,0.000477793154393885,-0.02245850452432031,-6.600657271692269,-663.71356973201,508.5909392161624
1596.9030211213137,0.0004804913178811259,-0.022170190348256007,-6.614083961843676,-663.1432154814598,508.3992717742353
1598.970729637828,0.00048765780501033016,-0.021168717720043306,-6.658892063738012,-661.2035300210148,507.6835727999174
1601.0384381543424,0.0004916466592435946,-0.02015571209466068,-6.701617488711695,-659.296952343949,506.88368156084425
1601.6401298542519,0.0004922264008002086,-0.01985970925381641,-6.713655727582663,-658.7486699489843,506.63588594241304
1602.2418215541613,0.0004925517410793967,-0.01956342337048046,-6.725516244411538,-658.2033671847732,506.38155357406197
1604.3095300706757,0.0004917739957157044,-0.0185452910249094,-6.764914324624633,-656.3527610372093,505.4595799372275
1606.37723858719,0.00048819319913195647,-0.01753166477649048,-6.802211862563575,-654.538809069975,504.46731671708073
1606.9789302870995,0.00048664983859777366,-0.017238382957922602,-6.812672017876342,-654.0179424259829,504.16612462652097
1607.580621987009,0.00048488994013475803,-0.01694608025943299,-6.822956399411372,-653.5002122135329,503.8595391483639
1609.6483305035233,0.0004772553579174929,-0.015950966883410106,-6.8569640228506366,-651.7450892122332,502.76661779648134
1611.7160390200377,0.00046732627877492584,-0.014974011773474651,-6.888932814888113,-650.0269261230733,501.6163825606795
1612.317730719947,0.0004640367156950419,-0.014693814585709978,-6.897857975488611,-649.533835852049,501.2715878265759
1612.9194224198563,0.0004605770045244174,-0.01441563126057517,-6.906615462184104,-649.0438027707099,500.92243784014414
1614.9871309363707,0.000447466034733414,-0.01347655094148951,-6.935446936103134,-647.3829124046343,499.6909720592348
1617.054839452885,0.0004326363143594664,-0.012566357223909518,-6.962366530184668,-645.7569594193308,498.4136727394798
1617.6565311527943,0.00042803076946687865,-0.012307431633111814,-6.969849430321824,-645.2902179251721,498.0339670604839
1618.2582228527037,0.00042330449113991026,-0.012051296608815093,-6.977177599047359,-644.826295219065,497.65080560378374
1620.325931369218,0.0004062204436272377,-0.011193492924533066,-7.001203034474217,-643.25309255816,496.30908924133735
1622.3936398857325,0.0003880000765165793,-0.010372188859644632,-7.023492517204516,-641.7113575854779,494.93128763906293
1622.995331585642,0.0003825162517909534,-0.010140386914943633,-7.029663384132338,-641.2684133381852,494.52406935581024
1623.5970232855514,0.00037695967247767446,-0.009911890605899745,-7.035695906926952,-640.8279598194684,494.11414667182873
1625.6647318020657,0.000357384347803817,-0.009152584010956397,-7.055398715446522,-639.3327908844689,492.68595943840666
1627.73244031858,0.0003372176290403339,-0.008434364896852576,-7.0735739777201045,-637.8649219810112,491.22969975877663
1628.3341320184895,0.00033126678700063755,-0.008233260241701698,-7.07858813635072,-637.4426684833218,490.8010621106562
1628.935823718399,0.00032528669715130743,-0.008035731019752464,-7.083482422586578,-637.0225441938408,490.3703294933317
1631.0035322349133,0.00030457971989162203,-0.007384521605309513,-7.09941731885189,-635.5944467070565,488.8750555784562
1633.0712407514277,0.0002837605195611385,-0.006776244206397295,-7.11405008931199,-634.1893588699603,487.3581207067973
1633.672932451337,0.000277705614331276,-0.006607336328135208,-7.118076291677702,-633.7845743469378,486.9129474516168
1634.2746241512464,0.00027165864166654426,-0.006442057682832468,-7.122001942132843,-633.3815652304694,486.46616120164305
1636.3423326677607,0.00025099476347798563,-0.005901759315651923,-7.134756338415535,-632.0096122573018,484.9191992109514
1638.410041184275,0.0002306157300071891,-0.005403893337461669,-7.1464374240689885,-630.6566554393038,483.35558430124064
1639.0117328841843,0.0002247586538209652,-0.005266902951485781,-7.1496475341046315,-630.2663104262813,482.8976961052537
1639.6134245840938,0.00021893936730041217,-0.005133416372130433,-7.152776204097163,-629.8774218265554,482.4385671003382
1641.6811331006081,0.00019927377875637918,-0.004701147021161947,-7.162936808334805,-628.5516252689486,480.8518610036307
1643.7488416171225,0.0001802006776387055,-0.004308927829459514,-7.172245011581715,-627.2413331726681,479.2523201251088
1644.350533317032,0.00017477638273572513,-0.004202141356281531,-7.174805414247087,-626.8627808804924,478.78463459898325
1644.9522250169414,0.00016941212624619554,-0.004098594183247327,-7.1773024297511645,-626.4854160628704,478.31598843582384
1647.0199335334557,0.0001514678640584983,-0.003766990767771679,-7.1854280494365455,-625.1972537786501,476.69857462136
1649.08764204997,0.0001343345221098625,-0.0034716524827018347,-7.192905502775132,-623.9217466660155,475.07115779209715
1649.6893337498796,0.00012951087911304042,-0.003392282063271496,-7.194970407381342,-623.5528186294498,474.59584295240467
1650.291025449789,0.0001247621801366188,-0.0033157874768218096,-7.196988283943827,-623.1848652565192,474.1197720381433
1652.3587339663034,0.00010903553996757073,-0.003074237699972457,-7.203589204028803,-621.9275125958303,472.47828976227754
1654.4264424828177,9.425482607320327e-05,-0.0028642280810297223,-7.2097232775095765,-620.6806362161747,470.82883302080444
1655.028134182727,9.013674461323527e-05,-0.0028087602665177775,-7.211429923002588,-620.3196670305989,470.3474457961379
1655.6298258826364,8.610183110303415e-05,-0.0027557434329600265,-7.213103779344593,-619.9595153022324,469.8654460177525
1657.6975343991508,7.288056470133911e-05,-0.0025915523143892534,-7.218627572668211,-618.7278611374027,468.2045926677903
1659.765242915665,6.0666258331682616e-05,-0.0024536578710393497,-7.223839053547273,-617.5051388259413,466.53715128680943
1660.3669346155743,5.7302651509507125e-05,-0.0024181721542955088,-7.225304701592901,-617.1509416664863,466.05075948774424
1660.9686263154838,5.402465242115073e-05,-0.0023846845397384356,-7.226749442627144,-616.7974554711361,465.563850387091
1663.0363348319981,4.3414386676708124e-05,-0.00228412005786013,-7.231572705014133,-615.5879731217733,463.8867810027117
1665.1040433485125,3.3809776877194344e-05,-0.00220445481114308,-7.236209636128744,-614.3864366057721,462.2040089485439
1665.705735048422,3.120221508545712e-05,-0.002184900020026842,-7.237530156314728,-614.0382476326623,461.71329806803135
1666.3074267483314,2.867795653833078e-05,-0.0021668905681520947,-7.238839222832835,-613.6907063778593,461.22212805592574
1668.3751352648458,2.0633255145986425e-05,-0.002116074458767794,-7.243264488324162,-612.5012367379295,459.53080517416583
1670.4428437813601,1.3543215171552007e-05,-0.002080905466193156,-7.247600857751676,-611.3191876996489,457.83428747729846
1671.0445354812696,1.1655397569698928e-05,-0.002073327425524849,-7.248850660227235,-610.9765935126114,457.3396542551208
1671.646227181179,9.844911098757026e-06,-0.002066864535848811,-7.2500960967232375,-610.6346183643832,456.8445927800323
1673.7139356976934,4.202188625306161e-06,-0.002052491229183135,-7.2543530542087575,-609.4641091432699,455.14009281476166
1675.7816442142077,-5.737934985262489e-07,-0.002048889344630883,-7.258591427966288,-608.3008505642987,453.4306362719491
1676.383335914117,-1.8064530697225256e-06,-0.0020496074030304586,-7.259824475310292,-607.963709177498,452.93227041183223
1676.9850276140264,-2.9703556119215113e-06,-0.0020510497136847095,-7.261058046370326,-607.6271837957325,452.43348838781577
1679.0527361305408,-6.460194030984325e-06,-0.00206092946387067,-7.265308124511438,-606.4754166969061,450.71626832417644
1681.1204446470551,-9.195943879643244e-06,-0.0020772455649973693,-7.269585285344972,-605.3309816504056,448.99415326062024
1681.7221363469644,-9.857120708239632e-06,-0.0020829787762787775,-7.270836911533279,-604.9993443035236,448.4921079033255
1682.3238280468738,-1.0459733198045284e-05,-0.00208909585354745,-7.272091995206574,-604.6683370726327,447.9896469232255
1684.3915365633882,-1.2100596845758266e-05,-0.0021125281144330843,-7.2764353892521045,-603.5356646645378,446.2597725801192
1686.4592450799025,-1.311370700909213e-05,-0.002138704197444571,-7.280830071095213,-602.4105610015084,444.5249662117443
1687.060936779812,-1.3297817175978366e-05,-0.0021466504894638097,-7.282119346633551,-602.0845996006608,444.0192172147981
1687.6626284797214,-1.3434298465879197e-05,-0.002154697017928036,-7.2834133459137815,-601.7592919043806,443.5130475612521
1689.7303369962358,-1.355756140324514e-05,-0.002182688341961273,-7.2878976148963135,-600.6463980616085,441.7703832456346
1691.7980455127502,-1.318360859529652e-05,-0.0022104204892043045,-7.292439493826903,-599.5413803810554,440.02271428189727
1692.3997372126596,-1.2988612721654301e-05,-0.0022182942331417247,-7.293771899739164,-599.2213234595874,439.51320819627114
1693.001428912569,-1.2756942312867016e-05,-0.0022260433069866033,-7.295108938130709,-598.9019467101981,439.00327554600665
1695.0691374290834,-1.1698340523911546e-05,-0.0022513902911400737,-7.299738395031285,-597.8096386681889,437.2476348476133
1697.1368459455978,-1.0269555866684445e-05,-0.0022741656802242258,-7.304417603452344,-596.7255138326166,435.4869293636149
1697.738537645507,-9.791096879049394e-06,-0.0022802003573562228,-7.305787809524205,-596.4115925541845,434.97362018961326
1698.3402293454164,-9.286356771711558e-06,-0.0022859426649562116,-7.3071615101231115,-596.0983753720603,434.4598811303863
1700.4079378619308,-7.367535843559817e-06,-0.0023032038764761085,-7.311906747450465,-595.0274113071927,432.69113959538777
1702.4756463784452,-5.196181895253746e-06,-0.0023162364432829604,-7.316683304129533,-593.9648801809338,430.917319472996
1703.0773380783544,-4.5230864411463506e-06,-0.002319159654407585,-7.318077884296243,-593.6572849578818,430.40019468883963
1703.6790297782638,-3.833125055951541e-06,-0.0023216758282650547,-7.31947406962158,-593.350410987254,429.88264159474284
1705.7467382947782,-1.347886613796868e-06,-0.0023270578052892277,-7.3242810945685735,-592.3013641844667,428.10081356965395
1707.8144468112926,1.2857250470290125e-06,-0.002327147637337052,-7.329093776568669,-591.2608998078802,426.3139604394463
1708.416138511202,2.0746019113379643e-06,-0.002326135714543621,-7.330493733262734,-590.9597474547188,425.79305727527003
1709.0178302111115,2.872190033841354e-06,-0.002324649081023658,-7.331892921998961,-590.6593236750396,425.27173356466596
1711.0855387276258,5.667167091162305e-06,-0.002315831000405095,-7.336691508620741,-589.6324823765917,423.4770171166526
1713.1532472441402,8.522327338617969e-06,-0.002301171501274249,-7.341465822846717,-588.6142430732681,421.6774062605847
1713.7549389440496,9.360037587877831e-06,-0.0022957905887460955,-7.342848829985733,-588.3195539570045,421.15281961127727
1714.356630643959,1.0199708319698886e-05,-0.00228990712025817,-7.344228444417377,-588.0255889085697,420.6278268200487
1716.4243391604734,1.3090095631082743e-05,-0.0022658269651177946,-7.348939437346108,-587.0208895414154,418.8206219331868
1718.4920476769878,1.5969501789920632e-05,-0.0022357816844289636,-7.353594472462521,-586.0246642234458,417.0087317090805
1719.093739376897,1.6801851753377702e-05,-0.0022259214655754,-7.354936781685945,-585.7363485411333,416.4806153596886
1719.6954310768065,1.7630857535001558e-05,-0.002215563021352912,-7.356273014115278,-585.4487395638972,415.952113724306
1721.7631395933208,2.0446413239943445e-05,-0.0021761854301106387,-7.3608144334696135,-584.465730025911,414.13301972231153
1723.8308481098352,2.3196721592876224e-05,-0.0021310535466112497,-7.36526848234362,-583.4909120629032,412.30952258797544
1724.4325398097444,2.3982229139827333e-05,-0.0021168589075506827,-7.36654646778606,-583.2087641356522,411.77808553103137
1725.0342315096539,2.476047739035823e-05,-0.002102194945139766,-7.3678157843675995,-582.9272924882073,411.2462898618853
1727.1019400261682,2.737392838228392e-05,-0.0020482777046640995,-7.372107680855637,-581.9651214434306,409.4160881528783
1729.1696485426826,2.9883710607909143e-05,-0.0019890637877104213,-7.37628261621482,-581.010706833355,407.5818292893498
1729.771340242592,3.059284634757303e-05,-0.0019708687076474946,-7.377473958710449,-580.7344061423771,407.0473288505222
1730.3730319425015,3.1292082683581246e-05,-0.0019522506397828593,-7.378654244142221,-580.4587387130283,406.5125013958852
1732.4407404590158,3.361582228138171e-05,-0.0018851232761363155,-7.382622334622816,-579.5161663788571,404.67212923436307
1734.5084489755302,3.5811595850371633e-05,-0.0018133233945570341,-7.3864467945793395,-578.5807715939732,402.8280981908214
1735.1101406754397,3.642552150050613e-05,-0.001791590314737239,-7.38753132632839,-578.309889197482,402.29083148150437
1735.711832375349,3.7028012729056726e-05,-0.0017694916469134896,-7.388602692353267,-578.0395854413695,401.75327327242417
1737.7795408918635,3.900927404756634e-05,-0.0016908560025331576,-7.392180868409171,-577.1150111500478,399.90379342644536
1739.8472494083778,4.085025451039587e-05,-0.0016082687172110984,-7.395592363452666,-576.1969059349267,398.05109329011117
1740.448941108287,4.135922516849305e-05,-0.0015835356220928625,-7.396552608802597,-575.9309148962806,397.5113882207935
1741.0506328081965,4.18561449951627e-05,-0.001558499993546892,-7.397497903485618,-575.6654376327581,396.971430095798
1743.1183413247109,4.3471269808378836e-05,-0.0014702592504472459,-7.400629749105949,-574.7569395164621,395.11400026432653
1745.1860498412252,4.4943442409134277e-05,-0.0013788266917696575,-7.403575838718135,-573.8540900814747,393.2538177698123
1745.7877415411344,4.534506076083009e-05,-0.0013516631861717244,-7.404397296062387,-573.5923786054908,392.7120245361213
1746.389433241044,4.573472633429239e-05,-0.0013242614971040532,-7.405202359593046,-573.3311073843901,392.1700187212825
1748.4571417575582,4.6983085396353855e-05,-0.0012283809585496533,-7.407841839996123,-572.4364898473353,390.30586343306186
1750.5248502740726,4.809312275477874e-05,-0.0011300621818132737,-7.41028054661013,-571.5466082998149,388.43944232285804
1751.126541973982,4.839057385914995e-05,-0.0011010350006242814,-7.410951760948068,-571.2884944050699,387.89592596003007
1751.7282336738915,4.8676696837796836e-05,-0.001071831974417442,-7.411605477752265,-571.0307402875809,387.3522387665604
1753.7959421904059,4.957473847953323e-05,-0.0009702321554990735,-7.413716971503125,-570.1475854443535,385.48262544213634
1755.8636507069202,5.034420802036642e-05,-0.000866908373043913,-7.41561660411608,-569.2681818765931,383.61124439166116
1756.4653424068297,5.0544616265077796e-05,-0.0008365560378125445,-7.416129080161667,-569.0129286094152,383.06637871415717
1757.0670341067391,5.0734669380642054e-05,-0.0008060858596611092,-7.416623277022354,-568.7579493911991,382.5213846421391
1759.1347426232535,5.131048622455049e-05,-0.0007005661219951165,-7.418181120150785,-567.8836693022636,380.64760460592515
1761.2024511397678,5.177070258285626e-05,-0.000593975276991318,-7.419519671850095,-567.0121036398436,378.77256020663793
1761.804142839677,5.18836887080187e-05,-0.0005627910272813448,-7.419867674424693,-566.7589340393038,378.226723225904
1762.4058345395865,5.1987500054846024e-05,-0.000531541130707243,-7.420196910811939,-566.5059491485644,377.68080054580173
1764.4735430561009,5.227620878724126e-05,-0.0004237302573517377,-7.421184607083986,-565.6378363962505,375.8041550826535
1766.5412515726152,5.2463971062498155e-05,-0.0003154267824160348,-7.421948872616773,-564.771367825746,373.92674976699186
1767.1429432725245,5.25004847712332e-05,-0.00028384848478846725,-7.422129155177839,-564.5194790562124,373.380320518547
1767.744634972434,5.252909085926625e-05,-0.0002522501573219844,-7.4222904458621795,-564.2676835658666,372.83384824723635
1769.8123434889483,5.256912941045675e-05,-0.00014357912697914252,-7.42269967463002,-563.40295841324,370.9556393181719
1771.8800520054626,5.252334668681433e-05,-3.4914035273449924e-05,-7.422884209522601,-562.5387908855965,369.0771737089294
1772.481743705372,5.249473859162539e-05,-3.3196668983997057e-06,-7.422895704290094,-562.287367145239,368.5305303174997
1773.0834354052815,5.2459491464653134e-05,2.825591765380887e-05,-7.422888206867638,-562.0359445276093,367.9838864092434
1775.151143921796,5.228972713697374e-05,0.0001365636011525812,-7.422717734349041,-561.1717975315831,366.10541135532924
1777.2188524383103,5.204882435856048e-05,0.00024444671471499357,-7.422323752054299,-560.307120431022,364.22718030168113
1777.8205441382197,5.1966151597765594e-05,0.00027573925264296216,-7.422167248114406,-560.0553444103682,363.6806990602683
1778.4222358381292,5.1878040514448e-05,0.0003069808077212949,-7.421991941075997,-559.8034778253557,363.13425958500835
1780.4899443546435,5.153564932130764e-05,0.00041390540103367247,-7.421246517565357,-558.9371073092733,361.2568090172417
1782.5576528711579,5.113574684831475e-05,0.0005200625708784407,-7.4202807985665125,-558.0691308723727,359.38010049610267
1783.159344571067,5.100929491176208e-05,0.0005507925103117003,-7.419958627869294,-557.8161936734809,358.8341557185943
1783.7610362709765,5.087850256379625e-05,0.0005814454160530569,-7.419617998406602,-557.5630757142037,358.28829478703125
1785.828744787491,5.039761801702468e-05,0.000686157964190552,-7.4183073018586025,-556.691719935333,356.41315283945676
1787.8964533040053,4.987146820089101e-05,0.0007898293855637459,-7.416781166656367,-555.8177053922655,354.5392489133065
1788.4981450039145,4.9710499006683756e-05,0.0008197882067955678,-7.416296911424178,-555.5628149235235,353.99421332935947
1789.099836703824,4.954616348423521e-05,0.0008496494769734559,-7.415794665779385,-555.3076558440713,353.4493035357225
1791.1675452203383,4.8957248337993865e-05,0.0009514935878437204,-7.413932330390368,-554.4286200082532,351.5777497143169
1793.2352537368527,4.833386544189768e-05,0.001052084359220637,-7.411860706836314,-553.545904689678,349.7079288137854
1793.836945436762,4.814655141954586e-05,0.0010811100697362924,-7.411218935748155,-553.2882926217205,349.16417430073096
1794.4386371366716,4.7956729716160076e-05,0.0011100225985401216,-7.410559738813493,-553.0303271383789,348.62058748163133
1796.506345653186,4.728658259542432e-05,0.0012084946053247166,-7.408162486717707,-552.1410056144708,346.75389944593286
1798.5740541697003,4.6591464175041084e-05,0.0013055551265159732,-7.405563082485237,-551.2470234244611,344.8894393632434
1799.1757458696097,4.6384994938556945e-05,0.0013335266649242422,-7.4047691174594465,-550.9859508303842,344.3473378461495
1799.7774375695192,4.617677629615949e-05,0.0013613736955149923,-7.403958362878334,-550.724443621884,343.80544599116047
1801.8451460860335,4.5449052017432406e-05,0.001456104285840472,-7.401045239058993,-549.822337800251,341.9449027393482
1803.912854602548,4.47048599023003e-05,0.0015493131291343604,-7.397937813255903,-548.9146355091194,340.08708385990064
1804.5145463024571,4.448566270229945e-05,0.001576145661704049,-7.396997524018951,-548.6493973209525,339.54700825315444
1805.1162380023666,4.426540934801358e-05,0.001602846219691217,-7.396041131523439,-548.3836473591831,339.007184445453
1807.183946518881,4.350150641382505e-05,0.001693585892638838,-7.392632827456759,-547.4663795975754,337.1540695232639
1809.2516550353953,4.272905283644713e-05,0.0017827371968647731,-7.389038542337301,-546.542629377513,335.3041779761086
1809.8533467353045,4.250309905336829e-05,0.001808378842370816,-7.387958162473261,-546.2725577767734,334.7665030850959
1810.455038435214,4.2276748994935504e-05,0.0018338846420085902,-7.386862395839458,-546.0019016031277,334.2291223959289
1812.5227469517283,4.149689942175905e-05,0.0019204945198356394,-7.3829806369680275,-545.0672256323695,332.384726907251
1814.5904554682427,4.0716268219787426e-05,0.002005491087968372,-7.378921462041689,-544.1252341678,330.54405747417843
1815.1921471681521,4.0489397075491145e-05,0.0020299213478099337,-7.377707418037941,-543.8497009982801,330.00916082208136
1815.7938388680616,4.026279671180265e-05,0.0020542154175250973,-7.376478715018086,-543.5735150298884,329.47460112932237
1817.861547384576,3.9487181765483886e-05,0.0021366640250935244,-7.372145681410123,-542.6193230775474,327.64022648631556
1819.9292559010903,3.871880541913538e-05,0.002217516370689314,-7.367643818416347,-541.6570374587498,325.810085269098
1820.5309476009998,3.849703078876036e-05,0.0022407462657560513,-7.366302562472611,-541.3754557127197,325.27834786019827
1821.1326393009092,3.827622629927058e-05,0.0022638432629422875,-7.3649473674797274,-541.0931576255623,324.74699060752783
1823.2003478174236,3.752593651210609e-05,0.0023422089291839053,-7.3601851163049785,-540.1174843870243,322.92395111611455
1825.268056333938,3.679144720749239e-05,0.002419039550238915,-7.355262414787736,-539.1329948691003,321.1056581171294
1825.8697480338471,3.6581176373036436e-05,0.002441113183967411,-7.353800252899849,-538.844819262352,320.577465192744
1826.4714397337566,3.6372629470902225e-05,0.0024630610867830928,-7.352324844134573,-538.5558684631625,320.0496961504018
1828.539148250271,3.5670288818566504e-05,0.002537538653874036,-7.347154707022204,-537.5568919354967,318.2393216768256
1830.6068567667853,3.499296577309796e-05,0.002610589849776039,-7.3418320466699925,-536.5484315440086,316.43421359268535
1831.2085484666945,3.4801097275541844e-05,0.0026315868384657586,-7.340254955744814,-536.2531581689371,315.90995547663334
1831.810240166604,3.4611756300023325e-05,0.0026524694251639737,-7.338665260865654,-535.9570553431208,315.38616560481853
1833.8779486831183,3.398163879807488e-05,0.0027233790085990466,-7.333107198762299,-534.9330944656022,313.5898047013574
1835.9456571996327,3.338628543449072e-05,0.0027930216337614154,-7.327403826159572,-533.8990353819717,311.79923835138806
1836.5473488995422,3.3220120551215024e-05,0.002813059581611159,-7.325717257614158,-533.596200418747,311.2793115152339
1837.1490405994516,3.305731836109893e-05,0.0028329988466405344,-7.324018655906731,-533.2924861347487,310.7598980634508
1839.216749115966,3.2524801390684027e-05,0.002900793511921243,-7.318090568481909,-532.2419951755422,308.97892203277013
1841.2844576324803,3.2036904772570236e-05,0.002967533218268265,-7.312023392124092,-531.1808418625761,307.20427892895566
1841.8861493323898,3.190384948398819e-05,0.0029867691773418463,-7.310232064461328,-530.8700193427377,306.6890874284164
1842.4878410322992,3.177497023908848e-05,0.003005926601117279,-7.308429178640563,-530.5582717105101,306.17445542346974
1844.5555495488136,3.136519259803835e-05,0.0030711950493486962,-7.302146184138793,-529.4798314216322,304.4102638535316
1846.623258065328,3.100925998238341e-05,0.003135671864770625,-7.2957290519437,-528.3902105697546,302.65295644631203
1847.2249497652372,3.091627742108046e-05,0.00315430153333973,-7.293836740994046,-528.0710092288601,302.14291388317736
1847.8266414651466,3.082819463874888e-05,0.003172876951639055,-7.2919332280638915,-527.7508406556889,301.6334781590346
1849.894349981661,3.056395057889369e-05,0.0032363368783800933,-7.285306951870494,-526.6431464010548,299.8875064421724
1851.9620584981753,3.0361247199539677e-05,0.003299314049522719,-7.278549958145042,-525.5237939980825,298.1489865249343
1852.5637501980846,3.0314191537542193e-05,0.0033175676307564345,-7.276559300193512,-525.1958533260187,297.6445186672073
1853.165441897994,3.027259369088183e-05,0.003335794696916627,-7.2745576571872785,-524.866906487933,297.1407065653152
1855.2331504145084,3.0172082014086107e-05,0.003398274147865404,-7.267595587550823,-523.7287538291343,295.4144358068087
1857.3008589310227,3.0138510630002893e-05,0.003460614976470729,-7.26050447193683,-522.5784999630047,293.6962054190603
1857.9025506309322,3.014153964515084e-05,0.003478749627735283,-7.258416798278897,-522.2414856533646,293.19775356434013
1858.5042423308416,3.015036603347312e-05,0.0034968879176046556,-7.256318201438833,-521.903428894093,292.7000083828695
1860.571950847356,3.022535376860904e-05,0.0035592956460428833,-7.249023175103205,-520.7336974425689,290.9949779156594
1862.6396593638704,3.0369789829188445e-05,0.003621930226706671,-7.241598873243844,-519.5514497630136,289.29860287599763
1863.2413510637798,3.042491510113969e-05,0.0036402197513930802,-7.239414092721283,-519.2050488517211,288.806627979559
1863.8430427636893,3.0485909893291643e-05,0.003658544184737272,-7.237218286294295,-518.8575713080616,288.3154131854658
1865.9107512802036,3.074030717808948e-05,0.0037218313490108884,-7.229588156480255,-517.655207933137,286.6332356799996
1867.978459796718,3.106330772596542e-05,0.00378571545849252,-7.221826550103306,-516.4399349488749,284.960361645584
1868.5801514966272,3.117003802683609e-05,0.0038044378553087183,-7.219543092634375,-516.0838509989899,284.4753491655242
1869.1818431965366,3.128241271132692e-05,0.0038232260356279506,-7.217248339937493,-515.7266578155611,283.9911533138183
1871.249551713051,3.171117275068592e-05,0.0038883411847942684,-7.209275867500613,-514.4906604975662,282.3335322304912
1873.3172602295654,3.220398866475449e-05,0.003954409109184342,-7.20116777088452,-513.2413760545227,280.68590293411415
1873.9189519294746,3.2359067265718345e-05,0.003973832472986073,-7.198782602068156,-512.8753247877281,280.208368273708
1874.520643629384,3.251923848379492e-05,0.003993350430344379,-7.196385708606388,-512.5081328251799,279.7317105057353
1876.5883521458984,3.310754055386314e-05,0.004061189380868651,-7.188058707825971,-511.2375365658028,278.10045938533176
1878.6560606624128,3.375140813195667e-05,0.0041303022152305675,-7.179590118859568,-509.953286946969,276.4799364451471
1879.2577523623222,3.39486230220501e-05,0.004150669428480631,-7.177098833273804,-509.5769927447825,276.01043079732005
1879.8594440622317,3.415004110510649e-05,0.0041711562027045585,-7.174595249264048,-509.1995272057603,275.5418667143314
1881.927152578746,3.487276150797881e-05,0.004242508309280422,-7.165897011537882,-507.8933934597548,273.93892954000466
1883.9948610952604,3.563849661506156e-05,0.004315399261923478,-7.1570496475107115,-506.57324857174996,272.34751297193577
1884.5965527951698,3.586859116759153e-05,0.004336911933525527,-7.154446645966947,-506.18644227139447,271.8866292931186
1885.1982444950793,3.61016539222719e-05,0.004358563461186041,-7.151830653249951,-505.7984346680282,271.4267569235525
1887.2659530115936,3.69231771625362e-05,0.004434055937568257,-7.142740663650064,-504.45584573989333,269.8542285190574
1889.333661528108,3.7771142388922974e-05,0.004511274421710828,-7.133492793173349,-503.0988958006977,268.29407681187945
1889.9353532280172,3.8021833134351636e-05,0.004534076621211574,-7.130771546538461,-502.70131418995703,267.8424555738577
1890.5370449279267,3.8273927322132275e-05,0.004557029489084492,-7.128036532153949,-502.3025020532755,267.39192107415926
1892.604753444441,3.914839579726092e-05,0.004637071837918469,-7.118531483991215,-500.9225618006244,265.85206623367543
1894.6724619609554,4.002895569483073e-05,0.0047189286303089195,-7.108859055711912,-499.5279208056048,264.3255145800668
1895.2741536608646,4.0285110830905446e-05,0.004743091127219484,-7.1060124545830154,-499.1193081740104,263.88384887161817
1895.875845360774,4.054080226385518e-05,0.004767406924377543,-7.10315126985652,-498.7094368554065,263.4433515240898
1897.9435538772884,4.141294471519952e-05,0.004852138174046703,-7.093206369803592,-497.29127884186363,261.93862131115236
1900.0112623938028,4.2267564146982134e-05,0.004938654643841725,-7.083084424566673,-495.8580958435947,260.44819633970474
1900.6129540937122,4.251157356689069e-05,0.004964160587750356,-7.080105209717509,-495.43820786850625,260.017235819836
1901.2146457936217,4.275301151246315e-05,0.004989811820851177,-7.077110609204209,-495.01703470063666,259.5875318222707
1903.282354310136,4.355972621139654e-05,0.005079054114921593,-7.066701148944311,-493.5598386254938,258.1205752497767
1905.3500628266504,4.4322899186490044e-05,0.005169919444048783,-7.056105483651219,-492.08731749654675,256.66900439797075
1905.9517545265599,4.4535309316169215e-05,0.005196652700520783,-7.052986746449117,-491.6559276261405,256.24955754753074
1906.5534462264693,4.474288577152713e-05,0.005223511521454231,-7.049851895190796,-491.22322858949804,255.8314620367439
1908.6211547429837,4.541578087120064e-05,0.005316734621049412,-7.0389550439851885,-489.72624536904937,254.4051311792939
1910.688863259498,4.601799965817815e-05,0.005411276002566066,-7.02786407167123,-488.21367320737386,252.99534472378244
1911.2905549594072,4.61784585717387e-05,0.005439013678113824,-7.024599806340667,-487.77058154324624,252.58827881428778
1911.8922466593167,4.633180153800878e-05,0.005466844994584152,-7.021318836377339,-487.32616042036625,252.18266554177453
1913.959955175831,4.6800909936586995e-05,0.005563147380373876,-7.009915581626161,-485.78874569272904,250.8000120831829
1916.0276636923454,4.717289372476126e-05,0.005660319332902456,-6.9983123026064415,-484.23552936672866,249.43513585516675
1916.6293553922546,4.726148695076201e-05,0.005688730360532017,-6.994897983130746,-483.78057384493945,249.04137406970358
1917.231047092164,4.734083506251093e-05,0.00571719123938774,-6.9914665709210455,-483.3242736354503,248.64917216994576
1919.2987556086784,4.753972158563847e-05,0.005815304668343707,-6.979543700314465,-481.74592870656585,247.31343351676935
1921.3664641251928,4.76181185563891e-05,0.005913704768020561,-6.967417663359495,-480.151638229146,245.9967705474517
1921.9681558251023,4.761714029988672e-05,0.005942356760690202,-6.963850806917529,-479.68470765396603,245.61728577026614
1922.5698475250117,4.760517499854903e-05,0.005971004367018896,-6.96026673222717,-479.2164237752357,245.23947315294788
1924.637556041526,4.747764025090953e-05,0.0060693298692711785,-6.9478187114353025,-477.59684214184074,243.9540466296287
1926.7052645580404,4.721239468364058e-05,0.006167249293922328,-6.935167801990088,-475.9612586445659,242.68904647923512
1927.3069562579499,4.710862216921654e-05,0.006195626181850262,-6.931448468197493,-475.4823068565819,242.32485144386703
1927.9086479578593,4.6992785510520954e-05,0.006223936787577674,-6.927712102232287,-475.00200138032056,241.96244452649628
1929.9763564743737,4.65012550548629e-05,0.006320621036375846,-6.914742656698733,-473.34111801244944,240.7308489011313
1932.044064990888,4.5864422660686635e-05,0.006416138722436853,-6.901574502376375,-471.66428313450723,239.52106431841807
1932.6457566907973,4.565171804297887e-05,0.006443671619672816,-6.8977056638852945,-471.1733433181981,239.17319809614827
1933.2474483907067,4.542681547130667e-05,0.006471073005143049,-6.893820320887272,-470.68105921888997,238.82723789998965
1935.315156907221,4.456103218296003e-05,0.006564131546636594,-6.880343485646651,-468.97909886213324,237.65306265932585
1937.3828654237354,4.3554675861684764e-05,0.006655254568622673,-6.866676233512327,-467.2613615049165,236.50209456354676
1937.9845571236447,4.323605793472677e-05,0.00668136560775459,-6.862663945918498,-466.7585594053013,236.17160579731112
1938.5862488235541,4.29062003400318e-05,0.006707282074435768,-6.858636026546913,-466.25443357026717,235.8431408655453
1940.6539573400685,4.1688838822131267e-05,0.0067947621530466094,-6.844676425046932,-464.5119536390279,234.72998524536757
1942.7216658565828,4.034880733154282e-05,0.006879598260005583,-6.830538673724726,-462.75400952689506,233.6414187059367
1943.3233575564923,3.993716975505587e-05,0.006903752078918842,-6.826391987804985,-462.2395742379314,233.32934649466864
1943.9250492564017,3.951632716429225e-05,0.006927656305395314,-6.822230860601245,-461.72384790281916,233.0194135923973
1945.992757772916,3.8003493410451096e-05,0.007007816524363769,-6.807823057110795,-459.94177141980447,231.97081907371216
1948.0604662894305,3.6397673428852014e-05,0.007084752509887803,-6.793252839040369,-458.1446910935937,230.94815458818374
1948.66215798934,3.5914840019583076e-05,0.007106507247401323,-6.788983435449971,-457.6189621963506,230.65550837468342
1949.2638496892494,3.5425693663454436e-05,0.007127970661852607,-6.784701041382782,-457.09198761257596,230.36511236468087
1951.3315582057637,3.3701440614360754e-05,0.0071994475397730824,-6.76988795492266,-455.2716223555924,229.38449371071115
1953.399266722278,3.192207852357102e-05,0.007267302190261888,-6.754930819968577,-453.4368642560341,228.43107920580056
1954.0009584221873,3.1396192806311636e-05,0.007286350786425386,-6.7505523935720735,-452.90029444387585,228.15881929517053
1954.6026501220967,3.086739514665811e-05,0.007305083291736882,-6.746162606220559,-452.3625369686221,227.88891383156874
1956.670358638611,2.9033473931052007e-05,0.007367014367516366,-6.7309931397942675,-450.5055784901496,226.97949437677724
1958.7380671551255,2.718616276130069e-05,0.007425139585518607,-6.715699552657412,-448.6349855411974,226.09846363584037
1959.3397588550347,2.664843846555033e-05,0.0074413348523119345,-6.711227018165517,-448.0881384189568,225.84748398147468
1959.9414505549441,2.6111352697578765e-05,0.00745720796873835,-6.706744834888978,-447.5401737825029,225.59895464226005
1962.0091590714585,2.427615044268215e-05,0.0075092964555821505,-6.691271001715826,-445.6486919935031,224.7637112306774
1964.0768675879729,2.2469082757061598e-05,0.0075576193661382185,-6.675693357791889,-443.7444721938524,223.95793379514691
1964.6785592878823,2.1950753368607388e-05,0.007570982098372807,-6.671141967348154,-443.18801555029745,223.72904843996682
1965.2802509877918,2.1436442822035292e-05,0.007584035257532243,-6.666582622481511,-442.6305226650867,223.5026996466974
1967.3479595043061,1.970489620517453e-05,0.007626558057791131,-6.65085648062045,-440.7069337197382,222.7443215236955
1969.4156680208205,1.8039209653452827e-05,0.007665568614072381,-6.635046045151535,-438.77162717462727,222.0163678189649
1970.01735972073,1.7568805816973412e-05,0.007676280277246719,-6.630430504546315,-438.20632255624116,221.81030197120967
1970.6190514206394,1.7105344262199307e-05,0.007686711887114282,-6.625808590422704,-437.64007274572265,221.6068486233163
1972.6867599371537,1.5570020209513704e-05,0.007720476779147069,-6.609879273036689,-435.6870995991214,220.92771305394447
1974.754468453668,1.4131456408680205e-05,0.007751167104558911,-6.593883318349646,-433.72353584388986,220.2798368463697
1975.3561601535773,1.3732501688474155e-05,0.007759549003345836,-6.589216979358678,-433.1502256276174,220.0972230730075
1975.9578518534868,1.3342742587188615e-05,0.007767694262871264,-6.584545651464151,-432.57606950274186,219.91728732059013
1978.0255603700011,1.2076744007595003e-05,0.007793953830655078,-6.568456745430913,-430.5966955596325,219.31945292915654
1980.0932688865155,1.0929582341935326e-05,0.007817718542443472,-6.5523161215832175,-428.60794582454116,218.75359138952115
1980.6949605864247,1.0619047849939061e-05,0.007824200564638615,-6.547610315145714,-428.02753917167723,218.59497087163567
1981.2966522863342,1.031917001220891e-05,0.007830499309004455,-6.542900644205896,-427.4463925459326,218.43908391118498
1983.3643608028485,9.371921925465645e-06,0.007850834414504062,-6.526688116449853,-425.44381321156254,217.92430088985589
1985.4320693193629,8.55591332270277e-06,0.007869346569566817,-6.51043542628805,-423.43314241311487,217.44209073687756
1986.0337610192723,8.343528474292865e-06,0.007874430013641416,-6.505698980411054,-422.84660147798496,217.3079190219938
1986.6354527191818,8.142440324354802e-06,0.007879389148887765,-6.500959492621345,-422.25943168238473,217.17652729867
1988.7031612356961,7.538260268469619e-06,0.007895577616904442,-6.484650284669247,-420.23700836777886,216.7462619933989
1990.7708697522105,7.0680897994666695e-06,0.007910655363056096,-6.468308752008485,-418.207831125525,216.3490687006059
1991.37256145212,6.9563413741167535e-06,0.00791487401705909,-6.463547714412994,-417.61615871149235,216.2397249856006
1991.9742531520294,6.855736832468996e-06,0.007919028607633277,-6.4587841373826675,-417.02397247345715,216.1331997993135
1994.0419616685438,6.594489339399828e-06,0.007932912158403948,-6.44239547060993,-414.9851928133816,215.78866997462222
1996.1096701850581,6.461051920908171e-06,0.007946387662498125,-6.425978518561813,-412.9410368430646,215.4776260081021
1996.7113618849673,6.4456540956454145e-06,0.007950270221954645,-6.4211960846812275,-412.3452663982014,215.3934247272622
1997.3130535848768,6.440531515976121e-06,0.007954146198967423,-6.416411297879648,-411.7491001385457,215.3120739968441
1999.3807621013912,6.499686342088226e-06,0.00796750491029033,-6.39995067240898,-409.69754705455273,215.05429036950932
2001.4484706179055,6.672520706354055e-06,0.00798110346462557,-6.383462177054415,-407.6420260896401,214.83033789879477
2002.0501623178147,6.743184485453905e-06,0.007985139336979901,-6.378658810330231,-407.04321457603754,214.77154127278996
2002.6518540177242,6.822631561909463e-06,0.007989219764015386,-6.373852985777035,-406.4441276166816,214.71562210857087
2004.7195625342385,7.16011448264729e-06,0.008003659892215196,-6.357318815817494,-404.3834585999414,214.54543149313477
2006.787271050753,7.590415169687386e-06,0.008018893796767318,-6.340753967232826,-402.3202557291826,214.40936493161948
2007.3889627506624,7.731740757011118e-06,0.008023503408037674,-6.3359276902628725,-401.71947953381374,214.3761951366807
2007.9906544505718,7.879835957462719e-06,0.008028199322913977,-6.3310986013663015,-401.118550344287,214.34592588747273
2010.0583629670862,8.437154419281977e-06,0.008045057262303881,-6.314481407004001,-399.05248709853834,214.26405143855547
2012.1260714836005,9.0609266947517e-06,0.008063136277381915,-6.297828092922548,-396.9853482115534,214.21655543669254
2012.72776318351,9.253324437636935e-06,0.008068646242716962,-6.292974924213201,-396.3837019278686,214.20920515218737
2013.3294548834194,9.450057956200146e-06,0.008074272380469927,-6.288118397338661,-395.7820272043833,214.20477570039068
2015.3971633999338,1.015513899772296e-05,0.008094535223053959,-6.2714024642359245,-393.71435467839996,214.21185017006238
2017.4648719164481,1.0895469325347145e-05,0.00811629241033691,-6.254643088546373,-391.6470906631838,214.25352920319668
2018.0665636163574,1.1115702367977927e-05,0.008122914777889149,-6.249757599947284,-391.0456882802096,214.27216946037487
2018.6682553162668,1.133750364955395e-05,0.008129669135189956,-6.244868084187034,-390.44438436433063,214.29374870907046
2020.7359638327812,1.2107214100420184e-05,0.008153907360790242,-6.228033513725506,-388.378957262352,214.3903372506663
2022.8036723492955,1.2878060180407649e-05,0.008179738297320029,-6.211147179047498,-386.31545272511175,214.52173358711266
2023.4053640492048,1.3100618548064482e-05,0.008187554461907165,-6.2062231538095896,-385.71543051905815,214.5665180323751
2024.0070557491142,1.3321750222778117e-05,0.008195503054326111,-6.201294388461194,-385.1156364266884,214.61425772068722
2026.0747642656286,1.4066033724938573e-05,0.008223824085199996,-6.184319456098472,-383.05639051307077,214.8008674623788
2028.142472782143,1.4775183752968247e-05,0.008253647754518154,-6.167284410589858,-381.00061608131114,215.02246507222208
2028.7441644820524,1.4972893111594681e-05,0.008262598105899943,-6.162315569810861,-380.4031363101797,215.09353000596855
2029.3458561819618,1.5166061022131655e-05,0.00827166497369765,-6.157341316987059,-379.80601745273066,215.16756424742277
2031.4135646984762,1.5790338410270184e-05,0.008303681818967845,-6.140205033682928,-377.75698236368646,215.44463881542808
2033.4812732149906,1.6342420535331226e-05,0.008336914848529997,-6.123001291517845,-375.71300710211403,215.75685178956877
2034.0829649149,1.6487458270483196e-05,0.008346792505855667,-6.117982066120071,-375.11926146297907,215.85431163511305
2034.6846566148095,1.6624832373828147e-05,0.00835675406787117,-6.112956886255996,-374.52601300778235,215.95475186423596
2036.7523651313238,1.703360702918223e-05,0.008391570700931383,-6.095641685669683,-372.4913228639889,216.32265000995267
2038.8200736478382,1.7333785195424415e-05,0.008427120287885101,-6.078253736667166,-370.4633229815215,216.7257950283521
2039.4217653477474,1.7398761639361418e-05,0.008437570485829599,-6.0731800578589485,-369.8745347005419,216.84973317259667
2040.0234570476568,1.745307561750686e-05,0.00844805557968688,-6.068100100329438,-369.28638343399973,216.97665847754877
2042.0911655641712,1.7553773753202097e-05,0.008484272159217751,-6.05059455163956,-367.27028130821975,217.43561701534117
2044.1588740806856,1.7511709556996877e-05,0.008520549357696635,-6.033014054948586,-365.2625411745111,217.9298705222462
2044.7605657805948,1.7470848647208663e-05,0.008531074864185917,-6.0278841320850045,-364.67996456934935,218.08032580660654
2045.3622574805042,1.7416585814966954e-05,0.008541570876520412,-6.0227479095711,-364.0981681035644,218.23376896571216
2047.4299659970186,1.7123730358251103e-05,0.008577310335694392,-6.0050493461780015,-362.10500037988555,218.78385141863498
2049.4976745135327,1.6657893749645178e-05,0.008612265417845929,-5.987277694932311,-360.1219019521818,219.36919337968922
2050.0993662134424,1.648831014947674e-05,0.008622238512165453,-5.982092747183341,-359.54681835037985,219.54614287754896
2050.7010579133516,1.63029981297369e-05,0.008632104130474508,-5.97690185987957,-358.97266056724624,219.72607277693555
2052.768766429866,1.554273303360268e-05,0.00866506199058118,-5.9590188049916835,-357.00685748575086,220.3671063717727
2054.8364749463803,1.4585059052037256e-05,0.008696243752056939,-5.941069439082894,-355.05285462606895,221.04325373974163
2055.43816664629,1.4268141108676594e-05,0.008704925304612043,-5.935834344431851,-354.4865636574773,221.2465928212158
2056.0398583461993,1.3933740395906641e-05,0.008713410431214173,-5.930594117291064,-353.9213454300805,221.4528942947885
2058.1075668627136,1.2648707567906855e-05,0.008740929690256305,-5.912548377463021,-351.98738470144264,222.18439919166428
2060.175275379228,1.1149628981265312e-05,0.008765570583856939,-5.894448711639052,-350.06695959968914,222.9507334300518
2060.7769670791376,1.067253109606751e-05,0.008772136800164731,-5.889172533834309,-349.5107651235483,223.18025446463204
2061.378658779047,1.0176945847718902e-05,0.008778410197184157,-5.883892527137811,-348.9557896103237,223.41270694397593
2063.4463672955612,8.331563482497221e-06,0.00879758334416107,-5.865720814556362,-347.05814096601836,224.2338227452115
2065.5140758120756,6.265381377445023e-06,0.008812712503553938,-5.847513638389401,-345.17574102950306,225.08931685785805
2066.115767511985,5.622596302542727e-06,0.008816289908850658,-5.842209989302555,-344.6309313214715,225.3446882114756
2066.717459211894,4.961237343270508e-06,0.00881947511799449,-5.836904339696202,-344.08748350752717,225.60294487206994
2068.7851677284084,2.5470176987004932e-06,0.008827274741176732,-5.818659273619461,-342.230533464356,226.51236042156938
2070.8528762449228,-8.298710932346188e-08,0.008829859371429051,-5.800403471738083,-340.3904886170321,227.45551179113286
2071.4545679448324,-8.882028442316456e-07,0.008829567918619594,-5.795090664928632,-339.85831093365226,227.7362589984363
2072.0562596447417,-1.711020866335313e-06,0.008828787206972888,-5.789778212860397,-339.32763159946956,228.01982830036974
2074.123968161256,-4.670986973081953e-06,0.008822223208774913,-5.771528550767258,-337.5155895575938,229.0157214079615
2076.1916766777704,-7.82866634218926e-06,0.008809334456751212,-5.753298999982766,-335.72201187703894,230.04449718167425
2076.79336837768,-8.783293205866706e-06,0.008804337242554014,-5.747999955453623,-335.2036421170699,230.34998826102137
2077.3950600775893,-9.753426321112035e-06,0.008798761885461066,-5.742704119970824,-334.686897026201,230.65821984956725
2079.4627685941036,-1.3201854830324437e-05,0.00877505812792212,-5.724534093065411,-332.9236859854973,231.7382136448054
2081.530477110618,-1.6816598632375766e-05,0.00874405207961236,-5.706420628125737,-331.18035584227215,232.85001520450038
2082.132168810527,-1.7897608609513706e-05,0.008733608528672198,-5.701162500620093,-330.67686468305556,233.1794519693506
2082.7338605104364,-1.8990937806317455e-05,0.008722512098550475,-5.695910875828002,-330.1751104403843,233.511528761227
2084.801569026951,-2.2836719549907857e-05,0.008679289554445262,-5.677918557019998,-328.464247882829,234.67267069604097
2086.869277543465,-2.6805289773218992e-05,0.008627988109283538,-5.6600239622408,-326.7744929598732,235.86432273488924
2087.470969243375,-2.7980477956503216e-05,0.008611505745124133,-5.654837486801241,-326.2868104736014,236.2167395961216
2088.072660943284,-2.9163889338059188e-05,0.008594315324050408,-5.649661156704105,-325.8009591217157,236.57167748937948
2090.1403694597984,-3.32866033076544e-05,0.008529762721676494,-5.631955874321974,-324.14543562260997,237.81044545329516
2092.208077976313,-3.747957115306436e-05,0.008456612916247818,-5.614392956160517,-322.5120109990673,239.0782132864866
2092.8097696762225,-3.870981845183015e-05,0.00843369102647091,-5.609311535543825,-322.04089223089005,239.45248442592808
2093.4114613761317,-3.9943637335026734e-05,0.008410029454030594,-5.604244135936009,-321.5716771041195,239.8291404300782
2095.479169892646,-4.420339007386585e-05,0.008323036115298891,-5.586943064652055,-319.9738415736324,241.14147803514246
2097.5468784091604,-4.847720983215509e-05,0.00822722030630288,-5.569830991383922,-318.3988200114319,242.48111407505374
2098.14857010907,-4.972040672831839e-05,0.008197677087019682,-5.5648895904533155,-317.94481419685206,242.87596903576838
2098.7502618089793,-5.0962485623971724e-05,0.008167387734597308,-5.559966187929094,-317.49275970853887,243.2730577639828
2100.8179703254937,-5.521501582751637e-05,0.008057608858970949,-5.543190398042722,-315.95422037411146,244.654437776032
2102.885678842008,-5.942800301280128e-05,0.007939077872143792,-5.526650647279846,-314.43890161163677,246.06125484865169
2103.4873705419177,-6.06437198962814e-05,0.00790295377892088,-5.521884604171282,-314.0023275046251,246.4753016172462
2104.089062241827,-6.185405820406461e-05,0.007866101165136792,-5.517140506041409,-313.567725288377,246.89141910628055
2106.1567707583413,-6.596586920516112e-05,0.007733939174851787,-5.50101088824642,-312.0892742662199,248.33693062599207
2108.2244792748556,-6.999170652434322e-05,0.007593364042198656,-5.485163240887361,-310.6341202937519,249.80589650182927
2108.826170974765,-7.114472904418344e-05,0.00755090266683581,-5.480607123048102,-310.2150494439628,250.23765022828047
2109.427862674674,-7.22888423083766e-05,0.007507751276981851,-5.47607674521942,-309.79794259675697,250.67130314296207
2111.4955711911884,-7.614738804835227e-05,0.007354268707709223,-5.4607102296865895,-308.37950931417845,252.17575523315983
2113.563279707703,-7.988324470415979e-05,0.007192934633180791,-5.445669188681518,-306.98410969354575,253.70160026836612
2114.1649714076125,-8.094556524557409e-05,0.007144548906489622,-5.441355793871338,-306.58235862097,254.14951514638645
2114.7666631075217,-8.199631377678744e-05,0.007095528236097703,-5.4370716822402665,-306.18253489268244,254.59915284943028
2116.834371624036,-8.551512162041969e-05,0.006922320179163859,-5.422578042780905,-304.82317046232004,256.1571857104758
2118.9020801405504,-8.888509141573342e-05,0.006741990130133798,-5.408449910197845,-303.48623858279484,257.73451449949357
2119.50377184046,-8.983661458140101e-05,0.0066882214650110594,-5.4044094698176375,-303.1013698883984,258.19701615451874
2120.1054635403693,-9.077478978287454e-05,0.006633884761149777,-5.400401528075904,-302.7183637609518,258.66106299464684
2122.1731720568837,-9.389458255014253e-05,0.006442935147623806,-5.386880919951697,-301.4162554044118,260.26725771033875
2124.240880573398,-9.684957508810169e-05,0.006245705091442023,-5.373761633031979,-300.1356537519262,261.89065608426785
2124.8425722733073,-9.767788347003589e-05,0.0061871814258101935,-5.370021238759901,-299.7669854271824,262.36617202988714
2125.4442639732165,-9.849188521781537e-05,0.00612816388353828,-5.366316180075591,-299.40008827177166,262.84305745121253
2127.511972489731,-0.00010117890451558853,0.0059217038012794425,-5.35385744630153,-298.15260047330827,264.49203644144313
2129.579681006245,-0.00010369422044326187,0.005709865262594891,-5.341831172337948,-296.9253908668077,266.15616660142564
2130.181372706155,-0.00010439375327764137,0.005647262082705828,-5.3384144201939545,-296.5720125060385,266.64315280258546
2130.783064406064,-0.00010507873007020533,0.0055842423602222606,-5.335035434500853,-296.22028947456795,267.1313373770461
2132.8507729225785,-0.00010732151119738019,0.005364622011305795,-5.32371513583048,-295.02402692613424,268.81784954599624
2134.918481439093,-0.00010939334931074542,0.005140540974914734,-5.3128535597266975,-293.8465403795942,270.5175281375192
2135.5201731390025,-0.00010996436409410286,0.00507454746078143,-5.309780389077985,-293.5073346827192,271.0144903270282
2136.1218648389117,-0.00011052116607388314,0.005008214440681935,-5.306747002257075,-293.1696466996455,271.51248642696703
2138.189573355426,-0.00011232698761750402,0.0047777937114953485,-5.296629081842504,-292.02053330085056,273.23147314240134
2140.2572818719404,-0.00011396905369303295,0.004543808369011708,-5.2869912896226845,-290.8884536611902,274.9617292327577
2140.85897357185,-0.00011441668536075183,0.004475098940047507,-5.284277988264939,-290.56212151753937,275.46723824931104
2141.4606652717594,-0.00011485094948007383,0.004406123831748106,-5.281606084207574,-290.2371506627973,275.97362469464264
2143.5283737882737,-0.00011624286869138138,0.004167180458570348,-5.272742068066878,-289.1305187329983,277.7202648048959
2145.596082304788,-0.00011748363388410918,0.003925515273410826,-5.264374931130771,-288.0389743486792,279.47637669240993
2146.1977740046977,-0.00011781712865771123,0.003854725623790246,-5.262034279876459,-287.7240618575901,279.9890776559151
2146.799465704607,-0.00011813851419736826,0.003783738465252723,-5.259736259364153,-287.4103385105432,280.50250820604094
2148.8671742211213,-0.00011915274460085365,0.0035383907603348543,-5.252165907439314,-286.3410227386272,282.27224204166515
2150.9348827376357,-0.00012003275940127829,0.0032910846819467375,-5.245104887726187,-285.28468091221873,284.04975340173354
2151.536574437545,-0.00012026466787222805,0.0032187919410957117,-5.243146422021685,-284.9796068621768,284.5683689681553
2152.138266137454,-0.00012048604378670954,0.003146362248996314,-5.241231476119766,-284.67553715159136,285.0875749409066
2154.2059746539685,-0.00012116907288654461,0.0028965064116254456,-5.234983807601703,-283.6379684738918,286.876108554191
2156.273683170483,-0.00012173797002762623,0.002645356264979379,-5.229254106253623,-282.61112820834495,288.6708255673131
2156.8753748703925,-0.00012188325796960531,0.0025720637000298465,-5.227684471798357,-282.31421077252776,289.19415380662275
2157.4770665703018,-0.00012201980270949464,0.002498685709063326,-5.226158946504549,-282.0181031205451,289.7179413945587
2159.544775086816,-0.0001224252568836444,0.0022459492644892223,-5.221253557392448,-281.0063986017252,291.521233180237
2161.6124836033305,-0.00012273855800807153,0.0019924697316890372,-5.216871521824148,-280.00307810139793,293.3292050269026
2162.21417530324,-0.000122813667381479,0.0019185963485717937,-5.21569489889287,-279.71255979507686,293.8561126554964
2162.8158670031494,-0.00012288193097464392,0.0018446791757349898,-5.214562725541976,-279.42264963487355,294.38335568552196
2164.8835755196637,-0.00012306733263752894,0.0015903915005954566,-5.2110113094273,-278.4306954554079,296.19758803865847
2166.951284036178,-0.00012318319854847163,0.0013357923586918452,-5.20798600811539,-277.4447119010699,298.0150735233404
2167.5529757360873,-0.0001232051049736749,0.001261667541345654,-5.207204577966337,-277.1587821576182,298.54448530772936
2168.1546674359965,-0.00012322206404332761,0.0011875303918199899,-5.206467742695469,-276.8732542166882,299.07411426491484
2170.222375952511,-0.000123245605472672,0.0009327105568350735,-5.204275722637159,-275.8947799459388,300.8956531120121
2172.2900844690253,-0.00012322164310920325,0.0006778911570346928,-5.202610595271903,-274.91982013326094,302.71907624721104
2172.891776168935,-0.00012320693298364715,0.0006037542976320513,-5.2022250217964,-274.6366351643783,303.2499613964641
2173.493467868844,-0.00012318907548732115,0.0005296266472137175,-5.201884047258146,-274.35364301271085,303.7809495255103
2175.5611763853585,-0.00012310650170731417,0.00027498822543556696,-5.201052227014891,-273.3822863875829,305.60629448155
2177.628884901873,-0.00012299670645658645,2.0548685198997822e-05,-5.2007467191904455,-272.411967830643,307.4321917001389
2178.2305766017826,-0.00012296070131311316,-5.3446377524949124e-05,-5.20075661959806,-272.12966772443394,307.96354800421784
2178.832268301692,-0.0001229231537759713,-0.00012741981957888106,-5.200811032829825,-271.8473505717931,308.49489523642524
2180.899976818206,-0.00012278481893898696,-0.0003814477340551958,-5.201337178741143,-270.87671295441555,310.32062287984564
2182.9676853347205,-0.0001226367307124559,-0.0006351795288276321,-5.202388274190037,-269.9046359666696,312.14558423892595
2183.56937703463,-0.00012259268091561614,-0.0007089555577456452,-5.20279265378018,-269.6213592337829,312.6764206149064
2184.1710687345394,-0.00012254841800384708,-0.0007827054192134581,-5.203241415470023,-269.3378562129377,313.20713597104924
2186.2387772510538,-0.0001223966770622398,-0.0010359422516984524,-5.205121685451181,-268.3615497382569,315.02983838080644
2188.306485767568,-0.00012224898169058168,-0.0012888695106759,-5.207525255333671,-267.3813417912465,316.85044476134993
2188.908177467478,-0.00012220741582544525,-0.0013624129898053478,-5.2083228836243975,-267.09523778884807,317.3797627646832
2189.509869167387,-0.0001221666280481778,-0.0014359319708903676,-5.2091647564114805,-266.80870017664387,317.9088457795771
2191.5775776839014,-0.00012203384293597546,-0.0016883973256309852,-5.2123949024468725,-265.82038830410096,319.7250661243804
2193.6452862004157,-0.00012191464999928665,-0.0019406021717927684,-5.216146803918479,-264.8257426088428,321.5378240915482
2194.246977900325,-0.00012188292367236147,-0.0020139474804918974,-5.217336513663034,-264.53498244816143,322.06459885468485
2194.848669600234,-0.00012185259185003479,-0.0020872742641063874,-5.218570351593866,-264.24358444687425,322.59102047644325
2196.9163781167485,-0.00012175983539421574,-0.0023391308108164947,-5.223146639070225,-263.2370181735515,324.39718714542266
2198.984086633263,-0.00012168564186852538,-0.0025908147555773007,-5.228243514027892,-262.2217289047049,326.1984628663221
2199.5857783331726,-0.00012166768533295105,-0.0026640264712255884,-5.2298244102795906,-261.92451557306805,326.7216238560268
2200.187470033082,-0.00012165134636954708,-0.0027372278787347326,-5.231449357219291,-261.62646439379154,327.2443072054008
2202.255178549596,-0.00012160776085593443,-0.0029887190903847755,-5.237369164042415,-260.5955167514521,329.03666776520294
2204.3228870661105,-0.00012158304965559999,-0.0032401396931862774,-5.243808908386434,-259.55351363050147,330.8226212235392
2204.92457876602,-0.00012157929356771469,-0.0033132940281297243,-5.24578048034006,-259.24809213215065,331.3410331719357
2205.5262704659294,-0.00012157698871168703,-0.003386446417961959,-5.2477960706692235,-258.9416381896361,331.85883451523057
2207.593978982444,-0.00012157975035882481,-0.0036378325206954535,-5.255058147764269,-257.88033983758754,333.6333907037624
2209.661687498958,-0.00012159717971252934,-0.003889239497981145,-5.26284003962611,-256.805724914769,335.3999114314577
2210.2633791988674,-0.00012160465332754611,-0.003962405804181508,-5.265202173133134,-256.49039325840744,335.9123558008612
2210.8650708987766,-0.00012161304241418359,-0.004035576640343418,-5.26760833318861,-256.1738413049082,336.42404609972647
2212.932779415291,-0.00012164790087252652,-0.004287071915748882,-5.276212725295297,-255.07642005099447,338.1764911373366
2215.0004879318053,-0.00012168906590154982,-0.004538645788360484,-5.285337217582855,-253.96350948085043,339.91913681001324
2215.602179631715,-0.00012170165936864075,-0.004611869022659815,-5.288090111092242,-253.63663131653072,340.4242941989226
2216.203871331624,-0.00012171430505641923,-0.004685099504878588,-5.290887064642999,-253.30835331124416,340.9285416521522
2218.2715798481386,-0.00012175670483736823,-0.004936814011303018,-5.300834706796676,-252.16928024390705,342.6542013631593
2220.339288364653,-0.00012179349792730642,-0.005188610391614234,-5.3113029058246815,-251.01265363205806,344.36814086796386
2220.9409800645626,-0.0001218024058210776,-0.005261895456424194,-5.314446897291651,-250.67267326376336,344.8645748503914
2221.542671764472,-0.00012181023561514132,-0.0053351851331787,-5.31763498314537,-250.33112369222206,345.3599289312959
2223.610380280986,-0.00012182707530939838,-0.00558707408857515,-5.328927004953819,-249.1451682775113,347.05370849858775
2225.6780887975005,-0.00012182369536384681,-0.005838976959390108,-5.340739874087067,-247.9397277729748,348.7336714470959
2226.2797804974102,-0.00012181804539803802,-0.005912275913090282,-5.344275191490647,-247.58518814154945,349.21981444881095
2226.8814721973195,-0.0001218100009853244,-0.005985570273820216,-5.34785460646162,-247.2289223610283,349.70469205511307
2228.949180713834,-0.0001217619866611205,-0.006237394504948493,-5.360491394261061,-245.9912183317409,351.3610306324411
2231.016889230348,-0.00012167744199744934,-0.006489081689402681,-5.373648739481579,-244.7322590315141,353.00126570460236
2231.618580930258,-0.00012164504402509076,-0.006562284685683216,-5.377575192733266,-244.36182307036648,353.4754076407928
2232.220272630167,-0.00012160883373664971,-0.006635466547651833,-5.381545678245448,-243.98951905829742,353.9480820947772
2234.2879811466814,-0.00012145309275191371,-0.006886766380732941,-5.395525761365443,-242.69564218599348,355.56091791181706
2236.355689663196,-0.00012124381214703359,-0.007137688834689261,-5.410025069135478,-241.37893460456255,357.15516281311
2236.957381363105,-0.00012117190877849635,-0.007210619110574682,-5.414341704414348,-240.9914101197419,357.61544332326275
2237.5590730630142,-0.00012109475488748861,-0.007283504053887008,-5.418702197945355,-240.6018937454093,358.0740370690471
2239.6267815795286,-0.00012078734099790585,-0.00753358701470491,-5.434021032705032,-239.2479516610765,359.6367860199628
2241.694490096043,-0.00012040955360731103,-0.00778296157726153,-5.4498562337520635,-237.8698360326323,361.1782521534905
2242.2961817959526,-0.00012028548404896179,-0.00785537425506633,-5.454560971474634,-237.46420396222524,361.62265735434926
2242.897873495862,-0.00012015476949008703,-0.007927709816044449,-5.459309243895228,-237.05647760122787,362.065139280295
2244.965582012376,-0.00011965275932527234,-0.008175650735550273,-5.475957966020964,-235.6392107680296,363.57069023284214
2247.0332905288906,-0.00011906436554604784,-0.008422464336295326,-5.493118192214249,-234.19670184897714,365.05206537820516
2247.6349822288003,-0.00011887606191089978,-0.008494048351432923,-5.4982074673465355,-233.77214743074344,365.47843009936116
2248.2366739287095,-0.0001186798064981272,-0.008565516241276609,-5.5033397644403115,-233.34542141342473,365.9026184518051
2250.304382445224,-0.00011794275399491646,-0.008810166922168041,-5.521303969099144,-231.86231321258904,367.343348600528
2252.372090961738,-0.00011710449307180579,-0.009053188958565576,-5.5397723562733745,-230.35321309420934,368.75682090413136
2252.9737826616474,-0.00011684076537909982,-0.009123571085413323,-5.5452407750440775,-229.90915913186112,369.16283735982864
2253.5754743615566,-0.00011656788431696972,-0.009193791379765889,-5.550751476647942,-229.46288517803703,369.56640919651636
2255.643182878071,-0.00011555852067125254,-0.0094337960279199,-5.570010067276841,-227.91227790473195,370.9342226684773
2257.7108913945854,-0.00011443438705957814,-0.009671594950849368,-5.58976263716231,-226.33529318833632,372.27152904797987
2258.312583094495,-0.00011408499268680976,-0.0097403447617189,-5.5956026582705505,-225.8714342724516,372.6547628230286
2258.9142747944043,-0.00011372534849718583,-0.00980888090149901,-5.601483962445863,-225.40533973175187,373.03527087115344
2260.9819833109186,-0.00011240960418767533,-0.010042693391953898,-5.622008088490373,-223.7865521667894,374.3216634451793
2263.049691827433,-0.0001109667238876823,-0.010273653866609308,-5.643012722043982,-222.14141074834984,375.57416506668517
2263.6513835273427,-0.00011052232237106993,-0.010340288662523092,-5.649214364558689,-221.6577469719985,375.93207914646325
2264.253075227252,-0.0001100666852752543,-0.010406652376259724,-5.655455998482867,-221.1718683759733,376.2869767735934
2266.3207837437662,-0.0001084137064941693,-0.010632553018399049,-5.677208084064922,-219.48530954640023,377.48312896902814
2268.3884922602806,-0.00010662284311696941,-0.010854893229658255,-5.699423585361984,-217.77287124286562,378.64191574043076
2268.9901839601903,-0.00010607528295707711,-0.010918883322808132,-5.705974163096162,-217.2697396641992,378.97190308487257
2269.5918756600995,-0.00010551569289167592,-0.01098254011587908,-5.712563120793497,-216.76445381180477,379.2985778501135
2271.659584176614,-0.00010349975060844623,-0.01119865670554454,-5.735495989762856,-215.01172659972534,380.39547772586604
2273.727292693128,-0.00010133823638713388,-0.011410454414014087,-5.758871259751504,-213.23408093001333,381.4515026765423
2274.328984393038,-0.00010068159836301079,-0.011471231952954419,-5.765755151461695,-212.71218277253033,381.750927491732
2274.930676092947,-0.00010001247697440033,-0.011531610569708969,-5.772675469622466,-212.18823331207543,382.0467433811833
2276.9983846094615,-9.761726855037821e-05,-0.01173595646738717,-5.796731622668063,-210.37222070277016,383.0353389930207
2279.066093125976,-9.507381654799985e-05,-0.011935196509953441,-5.821205024756549,-208.5327643156839,383.9795817722979
2279.667784825885,-9.430586610715182e-05,-0.011992171223300027,-5.828403508945907,-207.99318567004153,384.2458291067089
2280.2694765257943,-9.352547921190902e-05,-0.01204868024487525,-5.835636111476648,-207.45170292167202,384.5081770083778
2282.3371850423086,-9.074911706799578e-05,-0.01223921817350547,-5.860747273550396,-205.5766290021506,385.37955641010456
2284.404893558823,-8.782852234536546e-05,-0.012423866279020096,-5.886246323303178,-203.68011472309112,386.20321281948173
2285.0065852587327,-8.695198039764453e-05,-0.012476448751851579,-5.893737517619937,-203.12433840169598,386.4337453929174
2285.608276958642,-8.606365061444287e-05,-0.012528500597631885,-5.901260169161224,-202.56685007242652,386.66010062996963
2287.6759854751563,-8.292229260672213e-05,-0.012703230338169747,-5.927347244529687,-200.63830775521635,387.4056946540268
2289.7436939916706,-7.964801323487403e-05,-0.012871327244683296,-5.953788752687043,-198.69085741028073,388.1003863424787
2290.3453856915803,-7.867106920892073e-05,-0.012918957201114049,-5.9615476927542534,-198.12076372919407,388.2928066891271
2290.9470773914895,-7.768357193448745e-05,-0.012965996665450293,-5.969335094388941,-197.54919432837735,388.48079160048474
2293.014785908004,-7.421178563416673e-05,-0.013123054214001388,-5.99630862823906,-195.57413257779507,389.09259180166
2295.0824944245182,-7.062458856438911e-05,-0.013272813802536329,-6.0235993662928555,-193.5832069865344,389.65058747110953
2295.6841861244275,-6.956015077698448e-05,-0.013314987960195123,-6.031598237396656,-193.0010616919319,389.8027026946498
2296.2858778243367,-6.848679551830671e-05,-0.013356519550505368,-6.039622274635968,-192.417718934868,389.95015148479644
2298.353586340851,-6.473304350199677e-05,-0.013494265821928215,-6.0673834277637635,-190.40438420975886,390.42093315195257
2300.4212948573654,-6.0884267062850596e-05,-0.013624152186933856,-6.0954212740323745,-188.37870609869688,390.8353704616454
2301.022986557275,-5.9747562188948615e-05,-0.013660443839632615,-6.103629773365557,-187.78713441766425,390.9452563468163
2301.6246782571843,-5.860359900200999e-05,-0.013696049861431884,-6.111859889376027,-187.19468169832925,391.0502789108507
2303.6923867736987,-5.46197256244946e-05,-0.013813119608425961,-6.140301794549388,-185.15251127220964,391.37381760155665
2305.760095290213,-5.05584872132723e-05,-0.013921871882339083,-6.1689771667806665,-183.10194008533836,391.6389140738433
2306.3617869901227,-4.9362947337195695e-05,-0.013951932922084373,-6.177362927496409,-182.50388685883536,391.7049751589311
2306.963478690032,-4.816131873269862e-05,-0.013981273051643596,-6.185766547469836,-181.9053018630653,391.7660165038763
2309.0311872065463,-4.398727247054355e-05,-0.0140765529718848,-6.214775749634415,-179.84477014645154,391.93728671557307
2311.0988957230607,-3.974528529756175e-05,-0.014163131940121441,-6.243972967385245,-177.78013118488317,392.04852881570764
2311.7005874229703,-3.849836275251349e-05,-0.014186671435010947,-6.252501931082832,-177.17880802580984,392.0695514196111
2312.3022791228796,-3.724570579083943e-05,-0.01420945890005179,-6.2610448213163385,-176.57732852571766,392.08544374930125
2314.369987639394,-3.289737995617006e-05,-0.014281988624982122,-6.2905023873099335,-174.50975067460968,392.10079030418837
2316.4376961559083,-2.84794289685118e-05,-0.01434545529729062,-6.320100553757916,-172.44262379051872,392.0550923762291
2317.039387855818,-2.7180355238178443e-05,-0.014362200727250224,-6.328737177627675,-171.84144493510433,392.0302883840214
2317.641079555727,-2.58749721073184e-05,-0.014378162294682145,-6.337383629533102,-171.24050348873288,392.00029374959985
2319.7087880722415,-2.1339770256767934e-05,-0.01442698937129433,-6.367165588451766,-169.17780256936402,391.8575694511569
2321.776496588756,-1.6723817179769754e-05,-0.014466355487416687,-6.397038726278282,-167.1202770548899,391.65339718362986
2322.378188288665,-1.536459989794454e-05,-0.014476009747855375,-6.405745964122272,-166.52278587844813,391.58243723648513
2322.9798799885743,-1.3997831492375346e-05,-0.014484843398833727,-6.414458750001651,-165.9259354166585,391.50627947717095
2325.0475885050887,-9.241137858485925e-06,-0.014508886086239575,-6.444435752985383,-163.8803799502635,391.2049452008371
2327.115297021603,-4.38590044161136e-06,-0.014522991437798505,-6.474452195481637,-161.8447823862386,390.84240044774504
2327.7169887215127,-2.9534361807187226e-06,-0.014525200198212232,-6.483191274369359,-161.25457052602897,390.7254357039251
2328.318680421422,-1.5117581587002262e-06,-0.014526543689113207,-6.4919314049659995,-160.66540275831338,390.6033208753129
2330.3863889379363,3.515554634183192e-06,-0.014524492611400187,-6.521967754959294,-158.64932117921674,390.14450548745197
2332.4540974544507,8.662163579313724e-06,-0.014511923181375137,-6.5519889894784,-156.64792263810315,389.6253699879089
2333.0557891543604,1.0183372369496964e-05,-0.014506254437401412,-6.560719043092243,-156.0685435623762,389.46304175150846
2333.6574808542696,1.1715554850805935e-05,-0.014499666505844612,-6.56944538917195,-155.49060203491288,389.29566634410054
2335.725189370784,1.7067310875522713e-05,-0.014469933272093248,-6.599397664881004,-153.51608033494185,388.6821840731673
2337.7928978872983,2.2558668073885692e-05,-0.014428989839563425,-6.629276871217658,-151.56078923472427,388.0099197030107
2338.3945895872075,2.4183918004292123e-05,-0.014414928442154307,-6.637954504382425,-150.99566810709646,387.8033562294536
2338.9962812871167,2.582177449476053e-05,-0.014399884819936273,-6.6466233582605625,-150.43235777425875,387.59190248593274
2341.063989803631,3.154883132537971e-05,-0.014340599164366084,-6.676338898585877,-148.51092685626534,386.82822535470706
2343.1316983201455,3.743368344793295e-05,-0.01426930848727815,-6.7059194420136405,-146.61297425286227,386.007928545691
2343.733390020055,3.917673679969072e-05,-0.014246261517381602,-6.714498297960072,-146.0653161297513,385.75872835030947
2344.3350817199644,4.0933854279025445e-05,-0.014222161056803764,-6.723062943937427,-145.51981150699643,385.50484602189886
2346.4027902364787,4.7081646659551135e-05,-0.014131195876171947,-6.752378404140022,-143.6621316133865,384.5970292169169
2348.470498752993,5.340365976369011e-05,-0.014027338734040162,-6.781492446454618,-141.8317567113178,383.6353377767299
2349.0721904529028,5.527692439210033e-05,-0.01399464363246233,-6.78992281383997,-141.304455416257,383.34553902484885
2349.673882152812,5.716556894139055e-05,-0.0139608163627997,-6.798333139986513,-140.779609691424,383.05131319580363
2351.7415906693263,6.377520538708236e-05,-0.013835813730612444,-6.827073192889981,-138.9951603238881,382.00687255765075
2353.8092991858407,7.057347005900128e-05,-0.013696949282760447,-6.855540445689131,-137.24130494394356,380.91182491663875
2354.4109908857504,7.258786675910953e-05,-0.01365388080265464,-6.863768905099454,-136.73685521083803,380.583861085687
2355.0126825856596,7.461870070626222e-05,-0.01360959505191452,-6.871971054199219,-136.23511292323008,380.25176634278097
2357.080391102174,8.172459852418477e-05,-0.013447993087930325,-6.899947224019915,-134.53189731855423,379.079509635899
2359.1480996186883,8.902910272146713e-05,-0.0132714928684595,-6.927573845458515,-132.86191847620762,377.8603592988985
2359.749791318598,9.119234092152628e-05,-0.013217274947394947,-6.935542962303542,-132.38233403015232,377.49700213591314
2360.351483018507,9.337253950140503e-05,-0.013161750286779364,-6.943479032500226,-131.90564998669018,377.12984420049594
2362.4191915350216,0.00010099479235171811,-0.012960837294197053,-6.970488732270057,-130.28992330528558,375.83966071550685
2364.486900051536,0.00010881727334739406,-0.012743956697760406,-6.997066494358803,-128.7093330167127,374.5066515420291
2365.088591751445,0.00011113095735751465,-0.012677786967908585,-7.004714606101423,-128.25607323513816,374.11094314761897
2365.6902834513544,0.00011346123116855065,-0.012610220457554186,-7.012322453550587,-127.80584030225003,373.7117898878211
2367.7579919678687,0.00012159486292050914,-0.01236723929968846,-7.0381484382601505,-126.28187056452393,372.3144056121939
2369.825700484383,0.00012991760800608117,-0.01210724464655376,-7.063454419285706,-124.79411186631913,370.87851615968424
2370.427392184293,0.00013237395737285946,-0.012028335806020033,-7.070715597612191,-124.36801962644508,370.4536927819644
2371.029083884202,0.00013484528430380172,-0.011947945300796032,-7.077928824101588,-123.94500799897139,370.02579727462887
2373.0967924007164,0.00014344927110360823,-0.011660257143107384,-7.102339358994813,-122.51487867441497,368.5325054660386
2375.1645009172307,0.0001522149062336027,-0.011354611327822287,-7.126136473033505,-121.12114668511478,367.0051732847162
2375.7661926171404,0.00015479399871800347,-0.011262249050867309,-7.132940752286541,-120.72239994781178,366.55458419555896
2376.3678843170496,0.00015738498798709139,-0.01116833269482932,-7.1396889687680405,-120.3267104329801,366.10130330432247
2378.435592833564,0.00016637428386818628,-0.010833632832346922,-7.162439017986301,-118.990173298765,364.52368311358435
2380.5033013500783,0.00017547987878421348,-0.010480225489961211,-7.184477664640666,-117.68928970172033,362.9165228075069
2381.1049930499876,0.00017814840074325611,-0.010373837480654336,-7.190751612746229,-117.31736921166882,362.443548506044
2381.706684749897,0.00018082427305536025,-0.010265843405866537,-7.196961051576639,-116.94840287466945,361.96826132199817
2383.774393266411,0.0001900682831661459,-0.009882404027734278,-7.217794706274371,-115.70278891498992,360.31790018882987
2385.8421017829255,0.00019936725541391622,-0.00947979390832983,-7.237815700351868,-114.49113705101361,358.642432170735
2386.443793482835,0.00020207976915067664,-0.00935901933936056,-7.243483365435449,-114.14481211114958,358.1504070634043
2387.0454851827444,0.00020479394514864602,-0.00923661425329498,-7.249077867975028,-113.8012581705282,357.65643845399165
2389.1131936992588,0.0002141246267440853,-0.008803510598233274,-7.26773204924899,-112.64145240864704,355.94467702689514
2391.180902215773,0.00022343844533949308,-0.008351131247256177,-7.285470770146541,-111.51297778127646,354.2120867459381
2391.782593915683,0.00022614137933744128,-0.00821587569724699,-7.290454965768505,-111.19031126366205,353.70423223395153
2392.384285615592,0.00022883965430680933,-0.008078997446135999,-7.2953572996751115,-110.87015428409819,353.1947874993691
2394.4519941321064,0.00023806671440744636,-0.007596268182192972,-7.311566510583848,-109.7886371887052,351.43250817068326
2396.5197026486208,0.0002472001842929554,-0.007094556806139903,-7.326757953344917,-108.73491442543315,349.65345742894664
2397.1213943485304,0.0002498360657855712,-0.006945023813622211,-7.330981775153072,-108.4332870006165,349.13283175233005
2397.7230860484397,0.00025246070765369896,-0.0067939104981460255,-7.335115169453712,-108.13383322133411,348.61094874716684
2399.790794564954,0.0002613842845467489,-0.006262640035455318,-7.34861688852401,-107.12078699603356,346.80842960476593
2401.8585030814684,0.00027013590633150715,-0.005713095993346012,-7.361001202916131,-106.13114990752592,344.9929413597956
2402.460194781378,0.0002726459114607737,-0.005549800291590755,-7.364389660764644,-105.84730221943876,344.4624122862524
2403.0618864812873,0.0002751380218293351,-0.005385002022620959,-7.3676794458286246,-105.56522362774692,343.930937011001
2405.1295949978016,0.00028355536566908773,-0.00480735128499617,-7.378219808007274,-104.60869777978161,342.0977910433778
2407.197303514316,0.0002917219977721694,-0.0042125551332240435,-7.387548030976734,-103.67042592271977,340.2552259616362
2407.798995214225,0.00029404696698295005,-0.004036326588156017,-7.39002972323458,-103.40051665829684,339.71747127697205
2408.4006869141344,0.0002963473605371707,-0.0038587088314345863,-7.392405007523877,-103.13191071921946,339.17906171873216
2410.468395430649,0.00030405490151854113,-0.0032379235647746266,-7.3997445784709175,-102.21803957910103,337.32427620247364
2412.536103947163,0.0003114326201909671,-0.0026015423381846705,-7.405784422485569,-101.31659410814547,335.4634133334373
2413.137795647073,0.0003135131322058911,-0.0024135272748432384,-7.4072932221532675,-101.05627194850987,334.9209522066785
2413.739487346982,0.00031556234570699767,-0.002224272125618375,-7.408688579237182,-100.79673503508934,334.37811325512456
2415.8071958634964,0.00032235536966058076,-0.0015646876145537021,-7.412608158697097,-99.91000110409026,332.5101970548202
2417.874904380011,0.0003287388700455042,-0.000891480497692633,-7.415149825857102,-99.02930501121247,330.6394231305381
2418.4765960799205,0.00033051506783417076,-0.0006931436112701695,-7.415626574741073,-98.77379332320606,330.0946790296654
2419.0782877798297,0.0003322532046589632,-0.0004937517775517914,-7.415983738612619,-98.51850684684837,329.5498288518097
2421.145996296344,0.000337925567502093,0.00019919972734176955,-7.416290196298754,-97.64204773244616,327.6770666595557
2423.2137048128584,0.00034310853350449856,0.00090337406018707,-7.415152229488217,-96.76481026004744,325.80466939580293
2423.8153965127676,0.00034452040576880784,0.0011102477792066085,-7.414546443695306,-96.50900487835864,325.26006250361445
2424.417088212677,0.00034588750557212097,0.0013179552703596758,-7.413816015192028,-96.25283465688996,324.7156280045196
2426.484796729191,0.0003502337325540235,0.002037740969123912,-7.410348161737208,-95.36879693609936,322.8464308649704
2428.5525052457056,0.0003540124184333655,0.0027659266436477134,-7.405383316912273,-94.4768877976013,320.9809816599532
2429.1541969456152,0.000355001157501638,0.00297923411864049,-7.403654894162245,-94.21546996432755,320.4390457838794
2429.7558886455245,0.00035593869614207083,0.0031931189839191727,-7.4017980464638145,-93.95308107592211,319.8975818026007
2431.823597162039,0.00035876030057884,0.003932123958801585,-7.3944324748909835,-93.04303016840201,318.0409128755218
2433.891305678553,0.0003609413480928689,0.004676300946705906,-7.385533509330149,-92.1179145185797,316.1917136837066
2434.492997378463,0.0003614518487848079,0.004893633820665859,-7.382654398973043,-91.84548246863939,315.6552295259367
2435.094689078372,0.00036190529071614054,0.005111254798423835,-7.379644539397468,-91.57147319296092,315.11955327411414
2437.1623975948864,0.0003630196488532429,0.005860843110511882,-7.368301260588979,-90.61687234925526,313.28539689232167
2439.230106111401,0.00036342843521494156,0.006612006132025951,-7.355406423623652,-89.64012029713291,311.4629550582253
2439.8317978113105,0.00036341149596267133,0.006830676916067938,-7.351362191943513,-89.35134354917655,310.9350885048664
2440.4334895112197,0.00036333237440931145,0.007049317164220741,-7.34718651132337,-89.06040244324201,310.40841754870786
2442.501198027734,0.0003625787373350097,0.007799934683573681,-7.33183414489121,-88.04317445465004,308.608248640006
2444.5689065442484,0.0003610635304814422,0.008548206548970465,-7.314932145285965,-86.99705769131113,306.8247326268328
2445.170598244158,0.00036047669574190493,0.008765283027819162,-7.309723375883759,-86.6868574022119,306.30916360102634
2445.7722899440673,0.00035982329755219854,0.008981984987161956,-7.304384228397536,-86.37394669613413,305.79524260162566
2447.8399984605817,0.0003570639080735535,0.009723281341469813,-7.285044581837577,-85.27712769492072,304.042443197563
2449.907706977096,0.0003534951351805215,0.010458035298162763,-7.2641789143781805,-84.14530950266827,302.31206236674325
2450.5093986770053,0.00035230214804789017,0.010670375659095609,-7.257822419625659,-83.80906600256439,301.8130870828377
2451.1110903769145,0.00035103884600644206,0.010881975866723853,-7.251338513388638,-83.46963207187363,301.3162858777173
2453.178798893429,0.000346155717479009,0.011602919960228698,-7.228090516820922,-82.27811697127946,299.6264470469316
2455.246507409943,0.00034042222608570176,0.012312888016020176,-7.203363165634458,-81.04642972402333,297.965691526741
2455.848199109853,0.00033859201546700384,0.012517170865172832,-7.195893022984931,-80.68021436222452,297.48827919535034
2456.449890809762,0.00033668837774147354,0.01272032950597688,-7.1883004381690885,-80.31042184517226,297.0136431628804
2458.5175993262765,0.0003295819259579767,0.013409307857887949,-7.1612835122866345,-79.01178502376185,295.40468628986207
2460.585307842791,0.0003215935629386762,0.014082680371237534,-7.132858114160885,-77.66907097329452,293.83236077699445
2461.1869995427005,0.0003191019843892765,0.014275435119667246,-7.124326547849505,-77.26989363687092,293.38214565129147
2461.7886912426097,0.00031653499693084597,0.014466667672692854,-7.11567959893662,-76.86687380695432,292.9353793801534
2463.856399759124,0.0003071356745722129,0.01511160650139059,-7.085096465922244,-75.45222672541772,291.4274329794772
2465.9241082756384,0.0002968411628987098,0.015736184775912782,-7.053200837244767,-73.99119389921881,289.96442411192515
2466.5257999755477,0.000293677382563699,0.015913843626154684,-7.043678891223143,-73.55725023952726,289.547616196203
2467.127491675457,0.00029043832942153824,0.016089576827546675,-7.034050766546729,-73.11934678392213,289.13498427482506
2469.1952001919713,0.0002787340806052902,0.016678169056680937,-7.000169366865729,-71.58416767291514,287.74996510094996
2471.2629087084856,0.0002661540254885879,0.01724165485478529,-6.965096886410419,-70.00218531089081,286.41869961348465
2471.8646004083953,0.00026233110147945736,0.01740065043549066,-6.954674707884456,-69.5330796879407,286.04190348304627
2472.4662921083045,0.00025843654324513086,0.01755732631885986,-6.944157691816179,-69.06006704783938,285.67003882127324
2474.534000624819,0.00024451342136324786,0.018077442186677242,-6.907311430449225,-67.40491087011857,284.4309124543671
2476.6017091413332,0.00022978415945378996,0.018567935665502716,-6.8694203463058034,-65.70464371313761,283.2544956654114
2477.203400841243,0.00022535217453441324,0.018704863289543957,-6.8582067817198755,-65.20155708686279,282.92443738893843
2477.805092541152,0.00022085711503735405,0.018839109184914604,-6.846911750699525,-64.69480004281264,282.60005851933107
2479.8728010576665,0.00020494393012680172,0.019279441159606447,-6.807496935810504,-62.92577751194359,281.5297963208255
2481.940509574181,0.00018835898141050418,0.019686174800462742,-6.767206378527819,-61.11554440040358,280.5308676347844
2482.5422012740905,0.00018341607937628128,0.019798021806609677,-6.755327519245019,-60.58131363590606,280.25404444015305
2483.1438929739998,0.00017842442645779518,0.01990688596352913,-6.743382348583642,-60.04383469760548,279.9835982536641
2485.211601490514,0.00016092336149170592,0.020257802764834396,-6.7018515953695905,-58.17274727435478,279.1039016159307
2487.2793100070285,0.00014295426709378225,0.020572048590840098,-6.659633160940855,-56.26649708886379,278.30330028162257
2487.881001706938,0.000137650594554073,0.02065646543089316,-6.64722953613635,-55.705576309069606,278.085584297417
2488.4826934068474,0.0001323180931533309,0.02073769005933638,-6.634776131042775,-55.14200254635673,277.8748473541267
2490.5504019233617,0.00011380640279761834,0.020992182082707735,-6.591626893241237,-53.18604515860641,277.2047667990762
2492.618110439876,9.509063045967383e-05,0.021208186335249127,-6.5479912308613475,-51.20287954023316,276.6201547562183
2493.2198021397853,8.96220744041103e-05,0.021263752449805686,-6.535213542715534,-50.62116695710493,276.46639682105615
2493.8214938396945,8.414884270328943e-05,0.021316035511586843,-6.522403416816104,-50.03754164902892,276.3200824938756
2495.889202356209,6.534372050676441e-05,0.02147057216414508,-6.47816161773518,-48.018539250387384,275.87470261998817
2497.9569108727233,4.6636506661230825e-05,0.021586326528349045,-6.433640377135602,-45.98177581926042,275.51932492549986
2498.558602572633,4.1228547194404146e-05,0.021612754731227337,-6.420643956890398,-45.386309822860724,275.43301205125175
2499.160294272542,3.584213552762097e-05,0.02163594456760737,-6.407632569571074,-44.78977526165096,275.3544372843904
2501.2280027890565,1.7538236117717623e-05,0.02169106115689479,-6.362832312139447,-42.732995370968126,275.14381195423
2503.295711305571,-3.5398875543389733e-07,0.02170875622895975,-6.317956778061674,-40.668845024474706,275.02557372723453
2503.8974030054806,-5.465950731049228e-06,0.021706998387191465,-6.304895206311581,-40.06739682605785,275.00859036248283
2504.49909470539,-1.0530306288068727e-05,0.021702187625972456,-6.291835523583521,-39.46577808986637,274.99945105872877
2506.566803221904,-2.7530387016376018e-05,0.021662716517780567,-6.246996601929066,-37.39844064415241,275.02794644894607
2508.6345117384185,-4.38230275272412e-05,0.021588825587966567,-6.2022748801003225,-35.334446735229676,275.14894314150735
2509.2362034383277,-4.841575627263263e-05,0.02156106827899947,-6.189293330589398,-34.735057023565616,275.20147137264894
2509.837895138237,-5.293755694232361e-05,0.021530576061766688,-6.176329175751364,-34.13639592116382,275.26175928662553
2511.9056036547513,-6.790030374079354e-05,0.021405482593064726,-6.131934387986656,-32.08606134024102,275.5278988269246
2513.9733121712657,-8.190702482445326e-05,0.02125043891663336,-6.0878292212023375,-30.049495324358368,275.8844623248508
2514.5750038711753,-8.579147501760405e-05,0.021199979894247618,-6.075058147017891,-29.460013265316633,276.0050328772453
2515.1766955710846,-8.958710883386113e-05,0.0211472152798588,-6.062317965191513,-28.87211124380303,276.1331030167287
2517.244404087599,-0.00010192754454344849,0.02094902295618202,-6.0187923939782975,-26.865150042992695,276.6299226039585
2519.3121126041133,-0.00011314161009516878,0.020726478711075094,-5.975701803058319,-24.88156384254027,277.21315705632
2519.913804304023,-0.00011618633047284774,0.02065747948239949,-5.963251608094094,-24.30924515459857,277.39883710589083
2520.515496003932,-0.00011913171387749624,0.02058668041130778,-5.95084328955132,-23.739270943428668,277.59160891673764
2522.5832045204465,-0.00012848225259706427,0.020330476267979368,-5.908537795837848,-21.799596932666507,278.30744446600704
2524.650913036961,-0.0001366291999026946,0.02005618227421499,-5.866780759882402,-19.89169503786175,279.10414506709526
2525.2526047368706,-0.00013877218903138457,0.019973323302832618,-5.854738079844973,-19.34290223733009,279.3508269124877
2525.85429643678,-0.00014081328494481847,0.01988920514396997,-5.842745448054554,-18.797105222822264,279.60408135947756
2527.922004953294,-0.000147049393086063,0.019591392386569324,-5.801926253980014,-16.945295450252218,280.52364532180604
2529.9897134698085,-0.00015209750829607894,0.019281913386805828,-5.761734911074617,-15.132220710811172,281.5174409598639
2530.591405169718,-0.000153346608922027,0.01919001773303461,-5.7501608467302905,-14.612247051722663,281.8201831906731
2531.1930968696274,-0.0001544987097192524,0.019097396893207257,-5.738642116051434,-14.095795313674037,282.1289067252381
2533.260805386142,-0.00015772852377327285,0.018774411517763656,-5.6994872292064205,-12.34864153419983,283.23448244995734
2535.328513902656,-0.0001598677360214598,0.01844587535161481,-5.661005920681523,-10.645688947641162,284.4070313861486
2535.9302056025654,-0.00016029276894812938,0.018349553984650612,-5.6499362422160715,-10.15870467153621,284.7604037283614
2536.5318973024746,-0.0001606319353317634,0.018252998023872456,-5.638924432948297,-9.675643949009412,285.1191309227273
2538.599605818989,-0.00016116235228249832,0.017920149708443384,-5.601526646486042,-8.046105557437489,286.3917256315092
2540.6673143355033,-0.00016076466416445855,0.01758716417074542,-5.564817235188128,-6.464810024984153,287.72381789042515
2541.269006035413,-0.00016048509383557595,0.017490516728454652,-5.554264342696578,-6.013911208536407,288.12221011821373
2541.870697735322,-0.00016013549891954367,0.017394052549807082,-5.543769418730775,-5.567223481585174,288.5253267692291
2543.9384062518366,-0.00015842664914898086,0.017064581679496833,-5.508144950072604,-4.064697811245111,289.9456637662762
2546.006114768351,-0.0001559979473737142,0.016739388434470984,-5.473197308697797,-2.61319819010251,291.41813022867194
2546.6078064682606,-0.0001551684511212125,0.016645776006013,-5.463153602920899,-2.2005278292829145,291.8559998565862
2547.20949816817,-0.00015428776421515114,0.016552671342701396,-5.453165976230575,-1.7922584573916835,292.297982970144
2549.277206684684,-0.0001509015657605407,0.016237066158759937,-5.419267459674646,-0.42305784807699026,293.8472652047077
2551.3449152011985,-0.00014702847718127412,0.01592896601963035,-5.386013763522868,0.8933764834782785,295.4416453664387
2551.9466069011078,-0.0001458231968587752,0.015840864719526646,-5.376456017101972,1.2664683368632283,295.9136937647745
2552.548298601017,-0.00014458672998586284,0.01575349118710729,-5.366951004051727,1.6350480138680556,296.3892796154128
2554.6160071175314,-0.00014013160101024197,0.015459090656842946,-5.3346833754325145,2.867124236090498,298.04970579266933
2556.6837156340457,-0.00013542534557375714,0.015174161662864576,-5.3030146891088705,4.045511364668786,299.74867172755853
2557.2854073339554,-0.0001340214610602687,0.015093102487969188,-5.293908970922332,4.3782983125775115,300.24995074995155
2557.8870990338646,-0.00013260573994001976,0.01501288525870544,-5.284851749891503,4.706522178428566,300.7542342701369
2559.954807550379,-0.00012768047399846526,0.014743781565428972,-5.2540894538566105,5.799615813711728,302.50928689685264
2562.0225160668933,-0.00012272222876321732,0.014484895982269161,-5.223873021783471,6.838709255693969,304.29685386534334
2562.624207766803,-0.00012128452144717266,0.014411490826416505,-5.215179710060473,7.130932992677738,304.8228136133785
2563.2258994667122,-0.00011985212195968986,0.014338943775926977,-5.206530316613544,7.418587141130898,305.35129044032345
2565.2936079832266,-0.00011499626911670194,0.014096170879620108,-5.177134255312922,8.372277606558917,307.185839346386
2567.361316499741,-0.00011029196288923837,0.013863281794477829,-5.148229959177306,9.272101196381454,309.0474122170697
2567.9630081996506,-0.00010896059447877167,0.013797323951431345,-5.139908409173711,9.523844094430958,309.59390502042834
2568.56469989956,-0.00010764833455854142,0.013732157361567998,-5.131626341841382,9.771043067267465,310.1424715525452
2570.632408416074,-0.00010330494709740381,0.013514112660783298,-5.103459165091565,10.585951345746638,312.04274706832547
2572.7001169325886,-9.925317374850813e-05,0.013304747332750796,-5.075733868020058,11.34744941963968,313.9650577650702
2573.3018086324983,-9.813532323643903e-05,0.013245366991388903,-5.06774638713993,11.559041589418758,314.5283144178296
2573.9035003324075,-9.704634267989723e-05,0.013186647942666142,-5.059794488312926,11.766139370989045,315.0932418614977
2575.971208848922,-9.353809425310982e-05,0.01298967715807952,-5.03273316510494,12.44365229131536,317.04673162748935
2578.038917365436,-9.041141079205639e-05,0.012799565926078376,-5.006072028288094,13.06845939881686,319.0177193841342
2578.6406090653454,-8.957680687933717e-05,0.01274541991241259,-4.998386920388511,13.240419971837259,319.59431215490406
2579.2423007652546,-8.877653196081294e-05,0.012691764584456353,-4.990734306492113,13.40795486083344,320.17220880659005
2581.310009281769,-8.629519349648609e-05,0.012510838461100703,-4.964679297096862,13.950062268708653,322.1675248007528
2583.3777177982834,-8.42347587033877e-05,0.01233460786936727,-4.938993535692366,14.44037890020751,324.176201774189
2583.979409498193,-8.371508623234904e-05,0.012284082895825832,-4.931587087123135,14.573386604952779,324.7630057453904
2584.5811011981023,-8.323107934002366e-05,0.01223386004002828,-4.924211013101658,14.702054631346495,325.3507786838846
2586.6488097146166,-8.184032633633982e-05,0.01206327165369638,-4.899091741734753,15.111278384633357,327.3775298332483
2588.716518231131,-8.086388323675075e-05,0.011895130603135967,-4.87432266723857,15.469828121747689,329.41386263595484
2589.3182099310407,-8.065608294715512e-05,0.011846539304519395,-4.867180057797572,15.564713470693043,330.00802334334395
2589.91990163095,-8.048177373558036e-05,0.011798064165740219,-4.860066711561999,15.655362475904502,330.60284709107214
2591.9876101474642,-8.013340160034583e-05,0.011632075526708707,-4.835843419777036,15.934748978297348,332.65154027564967
2594.0553186639786,-8.015671007524717e-05,0.011466422956126623,-4.81196299666884,16.16478756235915,334.7063654105507
2594.657010363888,-8.023018793709625e-05,0.01141817186298039,-4.805078229551108,16.222537955349907,335.305277125161
2595.258702063797,-8.033249978768376e-05,0.011369869743334081,-4.7982225628879895,16.276173624950342,335.90457323130477
2597.3264105803114,-8.08957835898078e-05,0.011203236057504319,-4.774885005993127,16.429320121502474,337.9665533457943
2599.3941190968258,-8.176585042902881e-05,0.011035120496010416,-4.751893531033056,16.534667452016976,340.0315329171317
2599.9958107967354,-8.207268430434757e-05,0.01098583045925467,-4.745268585659792,16.55643701092565,340.6328286611736
2600.5975024966447,-8.240235462570932e-05,0.010936351070132133,-4.738673396654088,16.574232812500604,341.23425697351865
2602.665211013159,-8.369964561019006e-05,0.01076466585720269,-4.7162372042870055,16.605321086881965,343.30168632333437
2604.7329195296734,-8.52293522518089e-05,0.010590057940739412,-4.694159028546347,16.59039216501197,345.36930099608685
2605.334611229583,-8.571396634459597e-05,0.01053863008259431,-4.687802517291587,16.577509835752675,345.97085285705606
2605.9363029294923,-8.621506231493362e-05,0.01048690786689911,-4.6814770686214935,16.560814639205677,346.57231282058956
2608.0040114460066,-8.805255963451656e-05,0.010306767548900976,-4.659978756156283,16.474632703571142,348.63818258763905
2610.071719962521,-9.004678134982074e-05,0.010122665791862167,-4.638857016911381,16.344451245343972,350.70175252333706
2610.6734116624307,-9.065236025063916e-05,0.010068302616806512,-4.632782617054822,16.298423033735208,351.30167926596914
2611.27510336234,-9.126807432448879e-05,0.010013574157916028,-4.626741055677066,16.248762543446908,351.9013181329288
2613.3428118788543,-9.345146480895917e-05,0.00982261544987569,-4.606232533813748,16.05070302792572,353.9594805091816
2615.4105203953686,-9.571827561671343e-05,0.009627055882279276,-4.5861236155155884,15.810889369827303,356.0132021256061
2616.0122120952783,-9.638960323941888e-05,0.009569260183684734,-4.5803484565146,15.733392784487501,356.60988048601314
2616.6139037951875,-9.706501889181939e-05,0.009511061354558667,-4.574608201564902,15.652463068240591,357.2061047991764
2618.681612311702,-9.940791387593554e-05,0.00930793935151481,-4.555151260355198,15.348493907180208,359.2513132467146
2620.7493208282162,-0.0001017645929906737,0.009099958673776849,-4.536119339402598,15.00522486324212,361.2902993967415
2621.3510125281255,-0.0001024491980634888,0.009038520728188039,-4.530662431290965,14.89809522507673,361.8823755115635
2621.9527042280347,-0.00010313215621268981,0.008976673273124756,-4.525242610114584,14.787748142722565,362.4738623482081
2624.020412744549,-0.00010545773619506948,0.008761012771386512,-4.506903608553213,14.384355885880359,364.5018082548121
2626.0881212610634,-0.00010773135579902779,0.008540597367571352,-4.489015445923717,13.944298251025122,366.5221207222238
2626.689812960973,-0.00010837967369594785,0.008475579977790118,-4.483896184035249,13.80950758332892,367.1085185994068
2627.2915046608823,-0.0001090209704456501,0.00841017638879879,-4.478816145918899,13.671728918098466,367.69422354728107
2629.3592131773967,-0.00011116295953172985,0.008182518827835886,-4.4616609742813145,13.175838008896184,369.70155939999387
2631.426921693911,-0.00011319196931241277,0.007950549061933385,-4.444980990312816,12.646059807520166,371.70022470192174
2632.0286133938207,-0.00011375794652518374,0.007882270669648986,-4.440217743975854,12.485689614173873,372.2801492826059
2632.63030509373,-0.00011431199089130293,0.007813656909807367,-4.435495659233995,12.322571261589427,372.8593087760977
2634.6980136102443,-0.00011611744674509784,0.007575397578219114,-4.419585006318229,11.741444251013867,374.84365031964063
2636.7657221267586,-0.0001177553184747605,0.007333578347746123,-4.404170684668144,11.129309111036035,376.8186522666766
2637.367413826668,-0.0001181976400914581,0.007262591321981338,-4.399779487436734,10.945518672183399,377.3915853624968
2637.969105526577,-0.00011862376214190165,0.007191344356776542,-4.39543105105907,10.759226541723109,377.96371175011484
2640.0368140430915,-0.0001199581575953233,0.006944648666116074,-4.38081605705412,10.100351091778345,379.923614205956
2642.104522559606,-0.00012107923286355449,0.006695414376593992,-4.366713782370976,9.413401800813066,381.87385935707977
2642.7062142595155,-0.0001213631414572043,0.0066224750121481124,-4.362707158874511,9.208393776339095,382.43954754155254
2643.3079059594247,-0.00012162743584081371,0.006549371727593053,-4.358744435798335,9.001133205936503,383.0044160551889
2645.375614475939,-0.0001223810873997498,0.0062970597619522945,-4.345462873545726,8.272102121669683,384.939322258597
2647.4433229924534,-0.0001228868422916969,0.006043445753589408,-4.3327043650157,7.517939636543598,386.8645772272179
2648.045014692363,-0.00012298587223064686,0.005969474440552921,-4.329090344421242,7.293924798901489,387.42301158432923
2648.6467063922723,-0.0001230628943471817,0.005895450794344159,-4.325520807206399,7.067905299053531,387.9806392054851
2650.7144149087867,-0.00012315636723733906,0.005640849499504298,-4.3135939687558436,6.2762957714181455,389.890800344931
2652.782123425301,-0.00012298019214529478,0.005386333706688019,-4.302193483174309,5.46245970616889,391.7916026965268
2653.3838151252107,-0.00012287744894036174,0.005312367061828306,-4.298974847872143,5.221622514578346,392.3429911257822
2653.98550682512,-0.0001227514430919926,0.005238469456612631,-4.295800654336035,4.97902353193164,392.8936081315649
2656.0532153416343,-0.00012213947060677407,0.004985240157169521,-4.2852310960564335,4.132281199128605,394.7799804000507
2658.1209238581487,-0.00012125017369149807,0.0047335629514888965,-4.275183537517174,3.2661370397031266,396.65752734908517
2658.7226155580584,-0.00012093928488975717,0.00466070007544821,-4.272357343807954,3.0106035059747853,397.2022608085668
2659.3243072579676,-0.00012060511167483884,0.004588031052994927,-4.269574890153448,2.753542620684408,397.7462764453323
2661.392015774482,-0.00011927957514082417,0.0043399787102412,-4.260345149623887,1.858875015348684,399.61039905517686
2663.4597242909963,-0.00011768395528530928,0.004094946417459818,-4.251625186744452,0.9475121642698215,401.4664200740783
2664.0614159909055,-0.00011716972652272401,0.0040242907616547625,-4.249182584856691,0.6793211151506822,402.00503465021484
2664.6631076908147,-0.00011663345299288945,0.0039539505121229095,-4.246782360655473,0.40982573768499125,402.5429988683604
2666.730816207329,-0.00011462486353481267,0.003714820349478686,-4.238854729089856,-0.5258915160833462,404.3868603815674
2668.7985247238435,-0.00011236807268276559,0.0034800999684311672,-4.231416989926609,-1.4757479459223044,406.22348106887233
2669.400216423753,-0.0001116663315569507,0.003412699573297114,-4.229343360660302,-1.75466944076841,406.7566180697496
2670.0019081236624,-0.00011094495514868936,0.003345726321028634,-4.227310121189248,-2.0346861392698994,407.2891815378883
2672.0696166401767,-0.00010832044092359532,0.003119001037439153,-4.220627508422642,-3.004988114624184,409.11508226106383
2674.137325156691,-0.00010548223987709904,0.002897923405294849,-4.214407858607324,-3.987049879964053,410.934687321512
2674.7390168566008,-0.00010461840558790276,0.0028347152539898173,-4.212683261103792,-4.274906438455931,411.4630536811655
2675.34070855651,-0.00010373826425063964,0.0027720305207659824,-4.210996508044873,-4.5636649179765945,411.9909283624593
2677.4084170730243,-0.00010059487336689292,0.002560750474650905,-4.205484340002744,-5.562559870005693,413.8013465729223
2679.4761255895387,-9.728108117613292e-05,0.0023561462147537503,-4.200402135721326,-6.571031628143113,415.60644945828994
2680.077817289448,-9.62873389675275e-05,0.002297912005675194,-4.199002025169543,-6.8661746450693215,416.13078058951993
2680.679508989357,-9.528116458911729e-05,0.002240278086939217,-4.1976367502195515,-7.162043542275878,416.6547029857739
2682.7472175058715,-9.173489405557435e-05,0.0020469095605582482,-4.1932057083915435,-8.18405875127878,418.45217193646016
2684.814926022386,-8.806571767617826e-05,0.0018610007546934477,-4.189166784048536,-9.213677581729698,420.2452975632037
2685.4166177222955,-8.697760606719917e-05,0.0018083399829682478,-4.188062920755207,-9.514615559901598,420.766324410162
2686.0183094222048,-8.588113261334684e-05,0.0017563350343803106,-4.186990530314702,-9.816121502207862,421.2870231694023
2688.086017938719,-8.20557800461129e-05,0.001582699869160683,-4.183539831085225,-10.856333113548361,423.0740242394178
2690.1537264552335,-7.815571899082452e-05,0.0014170516557114967,-4.180439901421538,-11.902392520674896,424.8576093963389
2690.755418155143,-7.700943987826915e-05,0.0013703713416371853,-4.179601357358223,-12.207796993505173,425.37603088018267
2691.3571098550524,-7.585882661155955e-05,0.001324380681218257,-4.178790684961362,-12.513630055570438,425.8941998942371
2693.4248183715667,-7.187797230869968e-05,0.0011716375236628792,-4.176211589232448,-13.567678367170538,427.67307523711946
2695.492526888081,-6.786903537999365e-05,0.00102715464579484,-4.1739397819059185,-14.626038410887165,429.44938924959376
2696.094218587991,-6.669970036271985e-05,0.0009866708385008031,-4.173333968443976,-14.934745961030105,429.9658507100427
2696.6959102879,-6.552986089133275e-05,0.0009468894895095146,-4.172752301442618,-15.243761276083735,430.482128242927
2698.7636188044144,-6.151178732964224e-05,0.0008155496290379501,-4.170931625054295,-16.307853264798837,432.25501433139203
2700.8313273209287,-5.7509316650143065e-05,0.0006925018423836788,-4.1693739484181975,-17.374938608835045,434.02610071491694
2701.4330190208384,-5.63498791002168e-05,0.0006582485426039181,-4.168967614584987,-17.685949494102733,434.54117844450735
2702.0347107207476,-5.519348250304857e-05,0.000624690788254448,-4.168581686959735,-17.99716552548342,435.0561323389752
2704.102419237262,-5.1248155417118195e-05,0.0005146552167701587,-4.167405165008093,-19.068066285911044,436.8249142137024
2706.1701277537763,-4.735836305631554e-05,0.0004127200168898273,-4.166447789941048,-20.14085371905077,438.592552623783
2706.7718194536856,-4.6238989609232403e-05,0.0003845625102763286,-4.166207960238858,-20.45332753223951,439.1067442084858
2707.373511153595,-4.5125856793588896e-05,0.00035707560804883285,-4.165984882339799,-20.76592142004108,439.6208628489502
2709.441219670109,-4.1353060668063525e-05,0.0002676847085251554,-4.165340299187347,-21.84093584542259,441.3871477174455
2711.5089281866235,-3.7671365643470734e-05,0.00018600066642016758,-4.1648725825917765,-22.916932458861822,443.1528345015852
2712.110619886533,-3.661896689511556e-05,0.00016365166913846454,-4.164767415730634,-23.230181138701862,443.6665544191453
2712.7123115864424,-3.557561075526489e-05,0.00014193228611028056,-4.1646755232123915,-23.543481427506663,444.180242879384
2714.7800201029568,-3.206332604557315e-05,7.202442589139158e-05,-4.164455552876916,-24.62042710141168,445.9453509447714
2716.847728619471,-2.8672582354709752e-05,9.25329097928651e-06,-4.164372753285534,-25.697639981250852,447.71029596876895
2717.449420319381,-2.771025356074461e-05,-7.708275177708372e-06,-4.164372307930017,-26.011118407345073,448.22387573474725
2718.05111201929,-2.675928772319449e-05,-2.4094935086671855e-05,-4.164381916051729,-26.324595381878265,448.737456387061
2720.1188205358044,-2.3581414256624745e-05,-7.611478375475571e-05,-4.164486624574334,-27.40176742381645,450.5024263337324
2722.1865290523187,-2.0549211829508388e-05,-0.00012171431901605204,-4.164692257312698,-28.47866557566733,452.2675633954047
2722.788220752228,-1.9695360018260504e-05,-0.00013382076998715717,-4.164769148244915,-28.791959956808945,452.7812554577186
2723.389912452137,-1.8854603816570958e-05,-0.00014541788875050866,-4.164853194271724,-29.105213797282158,453.29497223726935
2725.4576209686516,-1.6067695105632844e-05,-0.000181494492879783,-4.165192138052978,-30.181342423787793,455.0605785564434
2727.525329485166,-1.3443072245059795e-05,-0.00021197636205015736,-4.165599893595273,-31.2568117775837,456.8265865096845
2728.1270211850756,-1.271050661028027e-05,-0.00021984365750757535,-4.165729814129438,-31.569626102917077,457.34057104527955
2728.728712884985,-1.1992104467395936e-05,-0.00022727468767493413,-4.16586436304112,-31.88237314117879,457.85459651972025
2730.796421401499,-9.632753467659994e-06,-0.0002496021901737912,-4.166358194387094,-32.956575013158144,459.6213757314716
2732.8641299180135,-7.444310279765418e-06,-0.00026722793628608906,-4.1668933315692716,-34.02986775532478,461.3887073567982
2733.465821617923,-6.83984667810865e-06,-0.00027152446219574157,-4.167055417705086,-34.342008707044656,461.9031011069553
2734.0675133178324,-6.24994553260149e-06,-0.0002754616960354259,-4.167220007613711,-34.65406619773465,462.41754548869807
2736.135221834347,-4.3341699147846675e-06,-0.0002863745295085787,-4.167801516348396,-35.72579109699682,464.1858283113307
2738.202930350861,-2.5901749040115995e-06,-0.00029350369353311903,-4.168401677879018,-36.796471041738705,465.954744031491
2738.804622050771,-2.1147941632002684e-06,-0.0002949184810737283,-4.16857870298493,-37.10783189608182,466.46961034491835
2739.40631375068,-1.65374567725029e-06,-0.0002960513719701232,-4.168756520822086,-37.4191018407828,466.9845316226181
2741.4740222671944,-1.7805905112510475e-07,-0.0002979166476716052,-4.169371093443556,-38.488076600946314,468.7544783272985
2743.5417307837088,1.1319751127694122e-06,-0.00029690189407200954,-4.169986545380919,-39.5559626198984,470.52508212946884
2744.1434224836185,1.4825886238989475e-06,-0.0002961147654343524,-4.170164949428667,-39.866506737125064,471.0404414721613
2744.7451141835277,1.8196473759697355e-06,-0.00029512040514816063,-4.170342842381325,-40.17695936678652,471.55585593308666
2746.812822700042,2.8760124230966904e-06,-0.00029023931131619724,-4.170948368021757,-41.24313116292923,473.32749248495344
2748.8805312165564,3.778781623456984e-06,-0.0002833327581999714,-4.171541706953193,-42.30824079406484,475.09976782058357
2749.4822229164656,4.013443144349996e-06,-0.00028098809172427116,-4.171711475433184,-42.61798531372153,475.6156081373507
2750.083914616375,4.2357789486315e-06,-0.00027850545501478157,-4.1718798142575535,-42.92764284420402,476.1315006807352
2752.151623132889,4.907931110671042e-06,-0.0002690286082799604,-4.17244609977654,-43.99112393405613,477.90475372361067
2754.2193316494036,5.443217828355536e-06,-0.00025830344571775105,-4.172991499362184,-45.05361921431164,479.6785976274148
2754.8210233493132,5.574310003067005e-06,-0.0002549885984566691,-4.17314591423099,-45.362619538396366,480.19488407808444
2755.4227150492225,5.694643287186377e-06,-0.00025159752889074256,-4.173298331406773,-45.671540775410854,480.7112178578665
2757.490423565737,6.028713164392651e-06,-0.00023945716239053623,-4.173806108608626,-46.73255661677833,482.4859470732908
2759.558132082251,6.245989916180566e-06,-0.0002267467838301683,-4.174288193761873,-47.7926939639211,484.26120120866096
2760.159823782161,6.288461116687694e-06,-0.00022297570622413385,-4.17442348290525,-48.1010295381191,484.7778849350732
2760.76151548207,6.321968464919623e-06,-0.00021918112986628484,-4.174556512426035,-48.40929583169061,485.2946100022846
2762.8292239985844,6.371653097031406e-06,-0.00020604145555186895,-4.174996131436464,-49.468138212897664,487.07063681505673
2764.896932515099,6.326626449922176e-06,-0.00019289696555982309,-4.175408576451695,-50.52622385785263,488.8471145742369
2765.498624215008,6.2969929453400915e-06,-0.00018909917875022054,-4.175523489975679,-50.833985660589356,489.36414027238675
2766.1003159149172,6.260305661548153e-06,-0.00018532067990977463,-4.175636137179589,-51.141688606269966,489.8812010037193
2768.1680244314316,6.083482138628187e-06,-0.00017254662233146299,-4.176006044015244,-52.19867505560657,491.65833298993516
2770.235732947946,5.834810975805272e-06,-0.00016021246424587226,-4.176349992615212,-53.255027133233035,493.43584213618834
2770.8374246478556,5.750225265411362e-06,-0.00015672723173390678,-4.176445334328664,-53.56230716444019,493.95315430754545
2771.439116347765,5.6605191498986445e-06,-0.00015329377601672512,-4.1765386040153905,-53.869538329379004,494.47049550415744
2773.506824864279,5.316229621847461e-06,-0.00014193693687221116,-4.176843698112137,-54.92497865248453,496.2485461764568
2775.5745333807936,4.922722218312793e-06,-0.00013134287222714617,-4.177126098173525,-55.97989663521843,498.0269068085011
2776.1762250807033,4.80020418581108e-06,-0.00012841793284293032,-4.177204238503342,-56.286779573242775,498.5444546449426
2776.7779167806125,4.674442572265529e-06,-0.00012556705844805457,-4.177280647190823,-56.59362240200648,499.0620262637697
2778.845625297127,4.220454635018304e-06,-0.00011636627353868479,-4.17753060432866,-57.647792777450924,500.84083016017075
2780.913333813641,3.738856104759506e-06,-0.00010813274868271377,-4.177762536931103,-58.70153453015351,502.6198880044537
2781.515025513551,3.5946874292062353e-06,-0.0001059267143234371,-4.17782692926165,-59.008091610422596,503.1376289218681
2782.11671721346,3.449041119750671e-06,-0.00010380728711764005,-4.177890023042152,-59.314615552336534,503.6553894601585
2784.1844257299745,2.9399792714382236e-06,-9.720065980518873e-05,-4.178097653237216,-60.3677402417764,505.4348126475066
2786.252134246489,2.423306824716666e-06,-9.165449226149864e-05,-4.178292719213564,-61.42050662730776,507.2144478449233
2786.8538259463985,2.2725867829883585e-06,-9.024203823487564e-05,-4.178347436848251,-61.726791699949324,507.73234972325884
2787.4555176463077,2.1219985093802705e-06,-8.891970775020142e-05,-4.178401331523816,-62.03304850560182,508.2502683180346
2789.523226162822,1.6079764077353474e-06,-8.50652435642036e-05,-4.178581025315045,-63.08528892947189,510.0302145494788
2791.5909346793364,1.1043209428205082e-06,-8.226290966392629e-05,-4.178753836947221,-64.13721561707577,511.810346214222
2792.1926263792457,9.606437603658072e-07,-8.164199936973234e-05,-4.178803143516748,-64.44326326521741,512.3283884311965
2792.794318079155,8.185253466604997e-07,-8.110661284083693e-05,-4.178852099388235,-64.74928532662233,512.8464457635798
2794.8620265956692,3.4418389148673407e-07,-7.990902687448239e-05,-4.179018401730115,-65.80073602257717,514.6268586182644
2796.9297351121836,-1.0412334900124435e-07,-7.966532519101309e-05,-4.179183213990617,-66.85189194386346,516.407445524033
2797.5314268120933,-2.2888561958269474e-07,-7.976586151737445e-05,-4.1792311764745165,-67.15771748882263,516.9256188904723
2798.1331185120025,-3.5086843097742127e-07,-7.994024655582007e-05,-4.17927921659139,-67.46351804430478,517.4438070048329
2800.200827028517,-7.4702470978698e-07,-8.1082061077032e-05,-4.179445556026963,-68.51420885746235,519.2246684017758
2802.268535545031,-1.1039896472598487e-06,-8.300249317468128e-05,-4.1796150613792395,-69.56460060911314,521.00570620781
2802.870227244941,-1.1998448977634482e-06,-8.369595659741839e-05,-4.1796652121072455,-69.87020179025741,521.5240119282308
2803.47191894485,-1.2919175578557639e-06,-8.44456515816059e-05,-4.179715790085586,-70.17577677837677,522.042333091346
2805.5396274613645,-1.5779945164498645e-06,-8.742128324458278e-05,-4.179893382373783,-71.22568051825799,523.8236586192339
2807.607335977879,-1.8143883941034219e-06,-9.093707360642938e-05,-4.180077685846279,-72.27526191345041,525.6051740950926
2808.209027677788,-1.8733390002353747e-06,-9.204687438986331e-05,-4.180132737947482,-72.5806220051105,526.123621890188
2808.8107193776973,-1.927737380662392e-06,-9.319055198368735e-05,-4.180188459664947,-72.88595332772687,526.6420866284612
2810.8784278942117,-2.078835662338179e-06,-9.734264925984305e-05,-4.180385399611675,-73.9349980517794,528.423918176133
2812.946136410726,-2.172567978440841e-06,-0.00010174786569206355,-4.180591186573616,-74.98368395818936,530.2059609258893
2813.5478281106357,-2.1887223818191068e-06,-0.00010306028938993073,-4.180652806301221,-75.28877606904399,530.7245664655517
2814.149519810545,-2.1997975277139528e-06,-0.00010438076787702351,-4.180715208827626,-75.5938360073219,531.2431909302587
2816.2172283270593,-2.198389853424058e-06,-0.00010893854996653568,-4.180935761473769,-76.64192103911948,533.0255871433092
2818.2849368435736,-2.1348999069519676e-06,-0.00011342923737447223,-4.18116566891863,-77.6896045944222,534.8082193701343
2818.8866285434833,-2.104586871392015e-06,-0.00011470498607384782,-4.18123430797751,-77.9943968817035,535.3270011773575
2819.4883202433925,-2.068928139039683e-06,-0.00011596084243563715,-4.181303698871604,-78.29915339597024,535.8458039995653
2821.556028759907,-1.9052875367577617e-06,-0.00012008056891752515,-4.181547800930481,-79.34616814253937,537.6288291285646
2823.6237372764213,-1.6780015097279026e-06,-0.00012379613423903294,-4.18180000353915,-80.39274039432969,539.4121140206186
2824.225428976331,-1.5999124942102767e-06,-0.00012478254982723538,-4.181874794799769,-80.69720191207716,539.9310900181957
2824.82712067624,-1.5164856252410339e-06,-0.00012572042744232306,-4.18195015520781,-81.0016245431229,540.4500888265669
2826.8948291927545,-1.1891925732756087e-06,-0.00012852835962206353,-4.182213139024518,-82.04746912794752,542.2338005719018
2828.962537709269,-8.000614857534617e-07,-0.0001305956136544765,-4.1824811630732475,-83.09284009296888,544.017789929417
2829.5642294091786,-6.754092597464027e-07,-0.00013103970583801236,-4.182559883635965,-83.39694697747905,544.5369738125745
2830.165921109088,-5.45724069652531e-07,-0.00013140744031616135,-4.182638839228166,-83.70101305036285,545.0561815984009
2832.233629625602,-6.224685855505097e-08,-0.00013204571596413624,-4.182911393702714,-84.74561971809855,546.8406185943712
2834.3013381421165,4.776540595004444e-07,-0.000131625967775479,-4.183184174102803,-85.78973978912708,548.6253403541881
2834.9030298420257,6.44955054232994e-07,-0.00013128835302920642,-4.183263280312028,-86.09348146420605,549.1447379825785
2835.504721541935,8.166704976326956e-07,-0.00013084901708414434,-4.183342144716459,-86.3971822745801,549.6641595065424
2837.5724300584493,1.4393636177618314e-06,-0.0001285247348799147,-4.183610529634,-87.44053644720795,551.4493291209777
2839.6401385749637,2.109229379563342e-06,-0.00012486413517155283,-4.183872727055886,-88.48341699396418,553.2347754662142
2840.2418302748733,2.3123932507446266e-06,-0.00012353392089040245,-4.183947466463211,-88.78680205375709,553.7543814773782
2840.8435219747826,2.5190182125400105e-06,-0.0001220808109083107,-4.184021362211342,-89.09014869150752,554.2740099209877
2842.911230491297,3.2538920889985315e-06,-0.00011611830439119754,-4.184267893244594,-90.13230846637765,556.0598770738461
2844.9789390078113,4.022666569661524e-06,-0.00010860124461715277,-4.1845004883708325,-91.17404038467295,557.8459938404475
2845.580630707721,4.251891934259888e-06,-0.00010611176579710656,-4.184565093514285,-91.47710178470678,558.3657886932185
2846.18232240763,4.4832814532435485e-06,-0.0001034842201733647,-4.184628155302797,-91.78013022253212,558.8856027639312
2848.2500309241445,5.292820999389154e-06,-9.33800005728859e-05,-4.184831975584296,-92.82124300965522,560.6720804867758
2850.317739440659,6.118874764890527e-06,-8.158481586238382e-05,-4.185013155073391,-93.86201188224686,562.4587585932059
2850.919431140568,6.361273763444694e-06,-7.782996016529305e-05,-4.185061123000297,-94.16481104371782,562.978706252975
2851.5211228404773,6.60419051020986e-06,-7.392972493743513e-05,-4.185106787031475,-94.46758609315607,563.4986679551155
2853.5888313569917,7.44025444861083e-06,-5.94089630978289e-05,-4.18524493679735,-95.50790100750632,565.2856104212126
2855.656539873506,8.271370219138348e-06,-4.3164580416866935e-05,-4.185351279887554,-96.54799746809843,567.0726800510552
2856.2582315734157,8.510988187321205e-06,-3.8115264628105124e-05,-4.185375739468279,-96.85062688169785,567.5927265290252
2856.859923273325,8.749141945841307e-06,-3.29229505559735e-05,-4.185397120646808,-97.15324460151656,568.1127798124553
2858.9276317898393,9.553195482671801e-06,-1.3995786766331067e-05,-4.185445908864468,-98.19311917532266,569.8999785640453
2860.9953403063537,1.0326987676147617e-05,6.56263955046147e-06,-4.185453874736654,-99.23294303369225,571.6872068241728
2861.5970320062634,1.054496720576459e-05,1.2842461974026535e-05,-4.185448041018197,-99.53552694321988,572.2072797799608
2862.1987237061726,1.0759191190808348e-05,1.925147622312911e-05,-4.185438396870524,-99.83811508085266,572.7273502753808
2864.266432222687,1.1463074601965429e-05,4.223621706965113e-05,-4.185375067839422,-100.878014861194,574.5145343618486
2866.3341407392013,1.2108013175632275e-05,6.661544326881424e-05,-4.185262771369297,-101.91807157358535,576.3016271224042
2866.935832439111,1.2282940602349201e-05,7.395411441967757e-05,-4.185220482262273,-102.22076433258471,576.821636733882
2867.53752413902,1.245156879570624e-05,8.139523416370808e-05,-4.185173758338049,-102.52348039488577,577.3416327778268
2869.6052326555346,1.2978978818968064e-05,0.00010770225577516379,-4.184978430933245,-103.56397006665684,579.1284734957893
2871.672941172049,1.3416192356087613e-05,0.00013500655756213493,-4.184727677233451,-104.6048582461935,580.915082090556
2872.2746328719586,1.3524689558683124e-05,0.00014311253075650898,-4.184644002445897,-104.9078399803382,581.4349233857032
2872.876324571868,1.3624171988144374e-05,0.0001512801258034996,-4.184555448418618,-105.21086657288198,581.9547385286269
2874.944033088382,1.3893022240340379e-05,0.00017975005970867337,-4.184213285356977,-106.25259142255479,583.7408594170826
2877.0117416048965,1.4039038099219518e-05,0.00020864890470938862,-4.18381181133897,-107.2949803053939,585.526592836347
2877.6134333048058,1.4056630933136176e-05,0.0002171024404867401,-4.183683716674109,-107.59844958671516,586.046149666476
2878.215125004715,1.4062442420523789e-05,0.0002255620770132076,-4.1835505554116414,-107.90198673842637,586.5656668409177
2880.2828335212293,1.3988242176279202e-05,0.0002545891484053399,-4.183054094928879,-108.94564357368392,588.3506595200973
2882.3505420377437,1.3758787894137295e-05,0.0002833022852723282,-4.182497939485932,-109.99023970925073,590.1351026485023
2882.9522337376534,1.3661096689593347e-05,0.0002915526321153663,-4.182324981583338,-110.294403061168,590.6542534557606
2883.5539254375626,1.3548958081606507e-05,0.00029973897954960513,-4.182147105299527,-110.59865736859923,591.1733509534582
2885.621633954077,1.304930439900361e-05,0.00032726965382358705,-4.181498658706002,-111.64495444902118,592.9567972853472
2887.6893424705913,1.236424346442454e-05,0.0003535755058457757,-4.180794552990513,-112.69245737912745,594.7395356013539
2888.291034170501,1.2128500021786906e-05,0.000360945305112152,-4.1805795706253885,-112.99751558634811,595.2581610884628
2888.8927258704102,1.18759386652401e-05,0.00036816746663667995,-4.1803602291820665,-113.30268617175948,595.7767204476337
2890.9604343869246,1.0876154484044105e-05,0.00039172613958263864,-4.179574216179173,-114.35229229106616,597.5582213101738
2893.028142903439,9.665559780859222e-06,0.000412999602906618,-4.178741853281287,-115.40333962239498,599.3388722387165
2893.629834603348,9.272458076319811e-06,0.0004186982913498261,-4.178491611907966,-115.70947101582097,599.8568649752218
2894.2315263032574,8.860687853787265e-06,0.00042415432750219257,-4.178238048892691,-116.01573249358086,600.3747808015457
2896.2992348197718,7.300557593713615e-06,0.0004409020879285926,-4.177343110061698,-117.0692160744275,602.1539914689127
2898.366943336286,5.5118380439183865e-06,0.00045418762571879567,-4.176417121177451,-118.1243191153639,603.932242223563
2898.968635036196,4.947674961571446e-06,0.00045733551344703046,-4.17614285812667,-118.43166023318349,604.4495181080753
2899.570326736105,4.363772620940374e-06,0.0004601378162900316,-4.1758668411184585,-118.73914311336699,604.9667097326999
2901.6380352526194,2.2052284990333085e-06,0.00046696979600580453,-4.174907535944923,-119.79690300458945,606.7433813972004
2903.7057437691337,-1.888803655884126e-07,0.000469094996045087,-4.173938970352953,-120.85637499752247,608.5190326190524
2904.3074354690434,-9.298258680292596e-07,0.0004687594457704274,-4.173656779732448,-121.16499927884625,609.0355439485771
2904.9091271689526,-1.690526839573478e-06,0.00046797235019171133,-4.173374962965899,-121.47376849391591,609.551968651398
2906.976835685467,-4.455028200805325e-06,0.0004616580951915815,-4.172412834935789,-122.53595905477859,611.3259949680742
2909.0445442019814,-7.447917155772229e-06,0.0004493915376966005,-4.171469916757796,-123.59983894093783,613.0990087299562
2909.646235901891,-8.360876523139818e-06,0.00044463624045465,-4.171200906559322,-123.90973437287174,613.6147583962471
2910.2479276018003,-9.292265726991313e-06,0.0004393268070721556,-4.170934957917272,-124.21976687788113,614.1304256842947
2912.3156361183146,-1.263106105089083e-05,0.00041669638544434347,-4.170048728840739,-125.2862208401873,615.9018923437499
2914.383344634829,-1.6173578222724664e-05,0.0003869516895904188,-4.16921664800244,-126.35419638953613,617.6724421278201
2914.9850363347387,-1.7240781991865695e-05,0.000376899406723849,-4.168986798185874,-126.66524328590722,618.1874981656102
2915.586728034648,-1.8323476994569626e-05,0.00036620166324784686,-4.168763219101421,-126.97640593820321,618.7024842946909
2917.6544365511622,-2.215722252543167e-05,0.0003243778268899082,-4.168047866417645,-128.0465593987642,620.4717185439492
2919.7221450676766,-2.614944620439999e-05,0.00027446307893939665,-4.167427358059899,-129.11789436865487,622.240237647818
2920.323836767586,-2.7337793305841424e-05,0.000258371394401679,-4.167267008526128,-129.42984469383723,622.7547470133055
2920.925528467495,-2.8536835942302724e-05,0.00024156347401788105,-4.1671165760192945,-129.74187385033377,623.2692085905068
2922.9932369840094,-3.273088241708686e-05,0.00017823710643735826,-4.166681053076756,-130.81469851796325,625.0368243905621
2925.0609455005238,-3.701502247464936e-05,0.0001061455296080701,-4.166385532552687,-131.888169234205,626.8040479619611
2925.6626372004334,-3.8274127499629554e-05,8.349413639176169e-05,-4.166328434991496,-132.2006290897763,627.318248053391
2926.2643289003427,-3.953709427777878e-05,6.00867108801701e-05,-4.166285200759539,-132.51311356060685,627.8324331923653
2928.332037416857,-4.389546594689299e-05,-2.617093947627829e-05,-4.166248584534007,-133.5870620442242,629.5993664592361
2930.3997459333714,-4.825068809544592e-05,-0.00012143717590584527,-4.166399637551802,-134.66090942115233,631.3663611664989
2931.001437633281,-4.951155519322091e-05,-0.00015085032546618269,-4.166481516148726,-134.97332648752325,631.880587265734
2931.6031293331903,-5.076731210961206e-05,-0.00018101713196735865,-4.166581309349221,-135.28569565658515,632.3948424420306
2933.6708378497046,-5.502913809517136e-05,-0.000290416225718048,-4.167067206002978,-136.35866615224518,634.1623697781944
2935.738546366219,-5.916918754706183e-05,-0.000408501634167091,-4.167788288478016,-137.4305697176014,635.9305442352749
2936.340238066128,-6.0343760107673724e-05,-0.0004444593171338359,-4.16804487222603,-137.74222759979403,636.4452308255154
2936.9419297660374,-6.150213357156445e-05,-0.0004811146928204646,-4.168323271157318,-138.05374667899554,636.9600013734333
2939.009638282552,-6.534144149676281e-05,-0.0006122980837015287,-4.169452379890131,-139.1230739488477,638.7297351421109
2941.077346799066,-6.891598871465622e-05,-0.0007511463202923797,-4.170860661970865,-140.190154979935,640.5008239274658
2941.679038498976,-6.989785504034358e-05,-0.000792911593118866,-4.17132517646743,-140.50017656662646,641.016497819835
2942.280730198885,-7.085047909124041e-05,-0.0008352540659446952,-4.171814940338633,-140.80995111210518,641.5323200185904
2944.3484387153994,-7.388027956758157e-05,-0.0009849585269616117,-4.173695771860054,-141.8724312187004,643.3061728717915
2946.416147231914,-7.648091001664593e-05,-0.0011404840329665813,-4.175892166682623,-142.93129269441033,645.0821876418203
2947.0178389318235,-7.71474207160248e-05,-0.0011867072024511116,-4.176592306087923,-143.2386548192987,645.5994511184603
2947.6195306317327,-7.777003449064272e-05,-0.001233312948522845,-4.17732029172646,-143.54564682012506,646.1169341292068
2949.687239148247,-7.955158874444679e-05,-0.0013960656607098065,-4.180038159896917,-144.59760372459277,647.8970474907387
2951.7549476647614,-8.072329636699859e-05,-0.0015618716152633859,-4.183095709844067,-145.6444154619869,649.6801905863351
2952.356639364671,-8.09393457207816e-05,-0.001610512856246197,-4.184050150000395,-145.94797735143075,650.1996934197905
2952.9583310645803,-8.109576998351391e-05,-0.0016592606588017604,-4.185033779481956,-146.2510353953347,650.7194900325643
2955.0260395810947,-8.115382482769309e-05,-0.0018271407943152998,-4.188638332148978,-147.28843818224496,652.5081237901301
2957.093748097609,-8.041272824580238e-05,-0.0019943147642197375,-4.192589281929628,-148.3190761277835,654.3006630383293
2957.6954397975187,-8.003638489115469e-05,-0.0020425917897025653,-4.19380384282027,-148.6176242774395,654.8230633115247
2958.297131497428,-7.958437458879615e-05,-0.0020906141680629054,-4.195047235879622,-148.91553044621915,655.3458295704468
2960.3648400139423,-7.74289490275336e-05,-0.002253113098688594,-4.199538960550483,-149.93417034851234,657.1452143815624
2962.4325485304566,-7.42867069949369e-05,-0.0024101350131135383,-4.204361023207598,-150.94441918911022,658.9493224283208
2963.034240230366,-7.317681904502219e-05,-0.0024545060473400476,-4.205824641591115,-151.2367313167595,659.4752375110043
2963.635931930275,-7.197588740565962e-05,-0.002498176871330221,-4.207314579816083,-151.52826743991275,660.001582750191
2965.7036404467894,-6.713087825240104e-05,-0.0026421928643141526,-4.21263090579722,-152.52400350532804,661.8137416243568
2967.771348963304,-6.112591282271764e-05,-0.0027749915648735256,-4.2182334178280225,-153.5098309574897,663.6313086460833
2968.3730406632135,-5.9151676999071776e-05,-0.002811184193913991,-4.219914146752763,-153.79476133847373,664.1612593169764
2968.9747323631227,-5.707288274639799e-05,-0.00284615335091101,-4.221616092597366,-154.07879683918543,664.6916897775969
2971.042440879637,-4.911130126623206e-05,-0.002956156891313995,-4.227617904512329,-155.04787727275166,666.5182412130225
2973.1101493961514,-3.984642427703387e-05,-0.0030483507842737354,-4.23382875910478,-156.00578580391735,668.3506752883934
2973.711841096061,-3.689876635167186e-05,-0.003071446842975255,-4.235670066734371,-156.28237336969525,668.8850275089768
2974.3135327959703,-3.383627334826024e-05,-0.0030927320117084245,-4.237524515825031,-156.55797593064605,669.4198881830465
2976.3812413124847,-2.2421322138388357e-05,-0.0031511353414341303,-4.243984080990422,-157.49743802797818,671.2618478104079
2978.448949828999,-9.606705140441282e-06,-0.003184488828892447,-4.250538509331979,-158.4248945473615,673.1098810748301
2979.0506415289083,-5.611101611646169e-06,-0.003189074102780688,-4.252456200540082,-158.6924933896796,673.6487908402735
2979.6523332288175,-1.4951332731969445e-06,-0.0031912181865162313,-4.254375695902749,-158.95906182727288,674.188211002413
2981.720041745332,1.3574395083167956e-05,-0.0031789765309643216,-4.2609671727695435,-159.8672062947182,676.0458105935163
2983.787750261846,3.007472882604565e-05,-0.003134096239048515,-4.267499593867705,-160.76314198359967,677.9093295659284
2984.389441961756,3.514456742217008e-05,-0.003114481231874791,-4.269379718717947,-161.02157123548346,678.4526959822733
2984.991133661665,4.0334000670288996e-05,-0.0030917813404670665,-4.271246894647536,-161.27898719683017,678.9965434213008
2987.0588421781795,5.9076310249550756e-05,-0.0029892430880095536,-4.2775407108108165,-162.1559123379929,680.8690831436543
2989.126550694694,7.919707796099747e-05,-0.002846526077606062,-4.283580968776224,-163.02127334255513,682.7469962150545
2989.7282423946035,8.530548329723966e-05,-0.0027970403475676814,-4.285279105907228,-163.27097987950137,683.2944258867795
2990.3299340945127,9.152491254267745e-05,-0.0027438503362590743,-4.286946150813606,-163.51977136903253,683.8422725555735
2992.397642611027,0.00011372882678911309,-0.002531859086991698,-4.292408594738283,-164.36793965991757,685.7280126426888
2994.4653511275415,0.0001371584640752134,-0.0022726893961530084,-4.297383926918702,-165.2062557112374,687.6181551161037
2995.067042827451,0.00014419504201376086,-0.002188047090463524,-4.298726230662238,-165.44847904105833,688.1689367090969
2995.6687345273604,0.0001513249537146776,-0.002099150678052734,-4.3000161560793195,-165.68998467506856,688.7200340515564
2997.7364430438747,0.00017650821123012646,-0.001760384135301494,-4.304015495757335,-166.51477995828347,690.6161148891676
2999.804151560389,0.0002026500419112791,-0.0013685549315627708,-4.307259505911774,-167.33270361233295,692.5151721540235
3000.4058432602988,0.0002104190023893316,-0.00124428341182699,-4.308045878313134,-167.56962816023278,693.0682537813118
3001.007534960208,0.00021825347620904007,-0.0011153290861364755,-4.308755950134666,-167.80614690291787,693.6215096027826
3003.0752434767223,0.0002456297105008952,-0.0006358392596690814,-4.310576257815902,-168.61636640409841,695.5238660548117
3005.1429519932367,0.0002735734219538439,-9.915667172686532e-05,-4.311345991319375,-169.42412200252855,697.4272710253106
3005.744643693146,0.00028178621388094796,6.79261616135319e-05,-4.311355680355726,-169.65899814337985,697.9812258590937
3006.346335393055,0.0002900260141772046,0.00023994357635686404,-4.311263304695565,-169.89390546669554,698.5351673594769
3008.4140439095695,0.0003184846843716932,0.0008690464850865243,-4.310126918746797,-170.70211810265113,700.4383785284955
3010.481752426084,0.00034699249975329285,0.001557044437506969,-4.307628842464172,-171.51378730614488,702.3401162785188
3011.0834441259935,0.0003552650635076232,0.0017683252147108243,-4.3066286732481025,-171.75099900781916,702.8930754995713
3011.6851358259028,0.00036351549788575803,0.001984558212447947,-4.305499930759684,-171.98880695118586,703.4457770782482
3013.752844342417,0.0003916194238793288,0.002765359596474707,-4.300599115629988,-172.8114975937636,705.342774681922
3015.8205528589315,0.0004191317987886905,0.0036036601300184737,-4.294024385088258,-173.64505647636804,707.2350146285128
3016.422244558841,0.0004269878657773523,0.0038582258941002668,-4.291779698991811,-173.89010991308575,707.7845444358005
3017.0239362587504,0.0004347628698985581,0.004117472460164025,-4.289380585177924,-174.13644497967013,708.333497150623
3019.0916447752647,0.00046076846294413503,0.005043552119611847,-4.279918447715225,-174.9938517904968,710.2150554355723
3021.159353291779,0.00048543473228615275,0.006022019099762901,-4.268487286599123,-175.8708612450441,712.0875414321123
3021.7610449916883,0.0004923168539383187,0.0063161905462954795,-4.264775490349631,-176.1302647407754,712.6304459546611
3022.3627366915975,0.0004990510382839082,0.006614434445461695,-4.260885741475909,-176.3917335229724,713.1723517107753
3024.430445208112,0.0005209579000488914,0.007669348053940871,-4.246125811545829,-177.3072711926978,715.0263119807972
3026.4981537246263,0.000540699906639424,0.008767320522320985,-4.2291401111776405,-178.252108121125,716.8654858149506
3027.099845424536,0.0005459908542020458,0.00909427032808782,-4.223766515345177,-178.5331097424563,717.3975339471515
3027.701537124445,0.0005510622978000834,0.009424312871487603,-4.218195669942163,-178.8170182739957,717.9280250802542
3029.7692456409595,0.0005667029226484429,0.010580439512179735,-4.197518706100577,-179.81616805934556,719.738279653407
3031.836954157474,0.0005793239276877057,0.011765784559276469,-4.174421001783978,-180.8546771040952,721.5262029938592
3032.4386458573836,0.0005823822914130114,0.01211530604027931,-4.167236329397618,-181.16482514190096,722.0418066384943
3033.040337557293,0.000585149929162676,0.01246655672902569,-4.159841366308092,-181.4787176143732,722.5551224908472
3035.108046073807,0.0005923326331031827,0.013684562660479146,-4.1328067963242905,-182.58727037676508,724.300500491544
3037.1757545903215,0.0005956816994140693,0.01491345690745398,-4.103242488171488,-183.74473503401074,726.0137737140266
3037.777446290231,0.0005958935787439867,0.015271966473214603,-4.094161032969291,-184.0912354363854,726.5056863809025
3038.3791379901404,0.0005957504408401912,0.015630476842844476,-4.084864515973297,-184.44222847282424,726.9943808829213
3040.4468465066548,0.0005924528059795875,0.01685968526869755,-4.051272442798591,-185.6838182465661,728.6477303326262
3042.514555023169,0.0005846316740367662,0.018077398510144317,-4.015150609238521,-186.9822290320052,730.2567634943266
3043.116246723079,0.0005814728714114919,0.018428245423503315,-4.004167585318948,-187.37110274290873,730.7159138043417
3043.717938422988,0.0005779090713371541,0.01877705627578767,-3.9929748134963248,-187.76502316631203,731.1707131846777
3045.7856469395024,0.0005624998064245683,0.019956934117721523,-3.952923132075592,-189.15802156851765,732.6986225650984
3047.8533554560167,0.0005420921532068706,0.021099782486328718,-3.9104700902713225,-190.61279022644092,734.1677439017004
3048.455047155926,0.0005351960942624577,0.021423907023061954,-3.8976764115263385,-191.0478908203225,734.5833512528233
3049.056738855835,0.0005278672274806201,0.021743747440300245,-3.884689789605277,-191.488285558295,734.9933107290431
3051.1244473723496,0.0004993443930779562,0.02280662447739093,-3.838620115579789,-193.04236149995512,736.3569882397582
3053.192155888864,0.0004656568323833513,0.02380518503260242,-3.7904192155213643,-194.65889954569892,737.6458974339668
3053.7938475887736,0.0004548848147402192,0.024082147795254565,-3.7760117762450083,-195.1409356863937,738.0060113658485
3054.395539288683,0.0004436820372540156,0.024352506358753655,-3.7614404636810117,-195.6281084994842,738.3591079240023
3056.463247805197,0.00040191151334326413,0.025227577499907766,-3.7101661212068913,-197.34106525543504,739.5168450055082
3058.5309563217115,0.00035520423104027293,0.02601117548434652,-3.657176956594233,-199.11195704247135,740.5837393705663
3059.132648021621,0.0003407102812925758,0.026220551943368687,-3.641462429271208,-199.63775320961864,740.8762741177538
3059.7343397215304,0.0003258237969798081,0.026421109355223373,-3.625625290143193,-200.16806975284044,741.1604943769081
3061.802048238045,0.000271744947900828,0.02703964146855491,-3.570334639837249,-202.02384632059082,742.0718068662701
3063.869756754559,0.0002134114072377991,0.02754195555407079,-3.513885197915772,-203.92756307096124,742.878079289839
3064.4714484544684,0.00019568846186899855,0.027665034280715012,-3.4972755310440653,-204.48983973592965,743.0922728384637
3065.0731401543776,0.0001776504527235927,0.02777738763892889,-3.480595608351365,-205.05558204376842,743.2971061637888
3067.140848670892,0.00011339560593457645,0.028078822927056463,-3.4228249799478463,-207.02436857411496,743.9280875809944
3069.2085571874063,4.602959895698183e-05,0.02824418143504196,-3.364571754790486,-209.02640002491145,744.4438862512584
3069.810248887316,2.591748301919021e-05,0.028265816939827763,-3.347570100928554,-209.6143056130499,744.5719310786219
3070.411940587225,5.604412291000901e-06,0.028275334939115077,-3.3305594394725158,-210.20429505233517,744.6899959185354
3072.4796491037396,-6.554161386267025e-05,0.028213640834706673,-3.272132441628379,-212.24539004402038,745.0188037554753
3074.547357620254,-0.00013826751452359053,0.028003204126117315,-3.2139867873840604,-214.30218085221463,745.2281877181814
3075.1490493201636,-0.0001596338349232793,0.02791356038928397,-3.1971636883278975,-214.90263416917236,745.2666366419386
3075.750741020073,-0.0001810602089693631,0.027811093520539083,-3.1803984934542684,-215.5036557039801,745.2950346627232
3077.818449536587,-0.00025491929620650804,0.02736032259782767,-3.1233330078169184,-217.5709603794655,745.316069920968
3079.8861580531016,-0.00032859467415052076,0.026757022540049004,-3.067357277951251,-219.63619597327235,745.2203175784846
3080.4878497530112,-0.00034989857533451626,0.026552869581259256,-3.0513185869254067,-220.23583812029423,745.1708571987833
3081.0895414529205,-0.0003711104323844442,0.026335977680529036,-3.0354063972270313,-220.83463566240974,745.1118576526416
3083.157249969435,-0.00044305986561878107,0.02549390338067065,-2.9817965719023,-222.88376948728953,744.8373814542466
3085.224958485949,-0.0005130310491035357,0.02450510384688273,-2.9300796032868126,-224.9156863822697,744.4554333632024
3085.826650185859,-0.0005329240729870752,0.024190395123532795,-2.915429318061264,-225.50300597111854,744.3247858886272
3086.428341885768,-0.0005525790742575229,0.023863835327701765,-2.9009715220931325,-226.0883942747451,744.1856289912712
3088.4960504022824,-0.0006180829354428329,0.022652921784870012,-2.8528572772534884,-228.08375344564547,743.6443324781155
3090.563758918797,-0.0006799907049070363,0.021310283185139754,-2.807383033170111,-230.05169451643556,743.0102819566115
3091.165450618706,-0.0006972483116967456,0.020895906684709694,-2.7946852377061546,-230.6188040866551,742.8092890536892
3091.7671423186152,-0.0007141440699970259,0.020471292778203188,-2.782239188943675,-231.18337803356584,742.6011958945674
3093.8348508351296,-0.0007692618295721206,0.01893682525015403,-2.741478171214123,-233.10341385072334,741.8342866330983
3095.902559351644,-0.0008194928923091862,0.01729344239355505,-2.7040025876368414,-234.99207336471622,740.9928480906685
3096.5042510515536,-0.0008331308527174467,0.016796218268015313,-2.693746828309206,-235.53572977618367,740.7350687442389
3097.105942751463,-0.0008463140882738957,0.01629095128462325,-2.683791833730604,-236.07678664913863,740.4718128163968
3099.173651267977,-0.0008880165998607484,0.01449690928302242,-2.651947845587494,-237.91638753198518,739.5279896276943
3101.2413597844916,-0.0009239339568837396,0.012622619649733925,-2.6238963777258117,-239.72697319049163,738.529472291083
3101.8430514844013,-0.0009332604227309469,0.012063854245216736,-2.6164697300014925,-240.248686580553,738.2297535979676
3102.4447431843105,-0.0009420732763966267,0.011499646139094067,-2.6093799852375,-240.76823607322106,737.9262545593356
3104.512451700825,-0.0009683619642511515,0.009523452698429935,-2.587636917177295,-242.5380183652881,736.8571281923173
3106.580160217339,-0.0009883722120611355,0.007499392905976265,-2.5700295279562533,-244.2864722983769,735.7533613205891
3107.1818519172484,-0.000992999439030454,0.006903273898660559,-2.565696902418368,-244.7918028850593,735.4267686121495
3107.7835436171576,-0.0009970880232151199,0.006304535819576671,-2.5617227593169463,-245.2957870328651,735.0980767060424
3109.851252133672,-0.0010070035622259524,0.004231497821095949,-2.5508276399134058,-247.0188713360072,733.9551358691948
3111.9189606501864,-0.001010538827075311,0.002144553651767379,-2.5442333357883267,-248.73191674165,732.7971566352353
3112.520652350096,-0.0010103738951523264,0.001536544792118253,-2.5431264028725438,-249.22920829112272,732.458439131053
3113.1223440500053,-0.0010096774073646301,0.0009287874361079295,-2.5423842554548157,-249.72618885514953,732.1192598906023
3115.1900525665196,-0.0010032525139147554,-0.0011533425026874836,-2.542619791201623,-251.43338850961533,730.9526854202402
3117.257761083034,-0.0009907120499246034,-0.0032158650259341576,-2.547140293545306,-253.14335165994802,729.7901779423786
3117.8594527829437,-0.000985938515110055,-0.003810550771578657,-2.549254790525493,-253.64217455455247,729.4537100302612
3118.461144482853,-0.000980670408236563,-0.004402233085998325,-2.5517252963416674,-254.14175815018743,729.1183860806915
3120.5288529993672,-0.0009588631704265929,-0.006408377754872377,-2.5629106437510836,-255.86607239311257,727.9772595498772
3122.5965615158816,-0.0009315447909863609,-0.008363733695162794,-2.5781916054343705,-257.6053042798537,726.8590702379461
3123.1982532157913,-0.0009226025896926931,-0.008921556857193367,-2.5833925207664565,-258.11483297136573,726.5390377676316
3123.7999449157005,-0.0009132303017869704,-0.009473896688258708,-2.5889266370760007,-258.6260524753078,726.2217444360177
3125.867653432215,-0.0008778532617838296,-0.011326408388947709,-2.610444544512818,-260.39716552514426,725.1547375314395
3127.935361948729,-0.0008378779048095555,-0.013101016693151717,-2.635712365411902,-262.19269846504204,724.1294782352271
3128.537053648639,-0.0008254400722564099,-0.013601420926560389,-2.643746424029621,-262.72019789569157,723.8400166425231
3129.138745348548,-0.0008126608659519493,-0.014094272699117989,-2.6520786749499203,-263.2500211084204,723.554878177138
3131.2064538650625,-0.0007662897978458966,-0.015727267897021825,-2.682926933309031,-265.0893741477395,722.6104355993416
3133.274162381577,-0.0007164927310341463,-0.01726083925913223,-2.7170489599902647,-266.95836292341596,721.7262584270454
3133.875854081486,-0.0007014295255925531,-0.017687408474494203,-2.7275637231253103,-267.5079432937162,721.4812968986598
3134.4775457813953,-0.0006861324200245704,-0.018104882913845596,-2.7383319847911967,-268.06006828706444,721.2421886193632
3136.5452542979097,-0.0006319559600692595,-0.019467952217167617,-2.777196492778759,-269.9770587261813,720.4674998724179
3138.612962814424,-0.0005757017287074523,-0.020716852280029136,-2.8187613964179854,-271.92357052236355,719.7705225547502
3139.2146545143337,-0.0005590194422018048,-0.02105821389240685,-2.8313299218516454,-272.4953764204217,719.5832218949714
3139.816346214243,-0.0005422207486218113,-0.021389543531355283,-2.8441006093449546,-273.06947944732633,719.4031642042532
3141.8840547307573,-0.0004837921372254604,-0.022450407330477807,-2.889445666391229,-275.05935428129646,718.841750496601
3143.9517632472716,-0.0004246902700293076,-0.023389761743832452,-2.936858657553915,-277.0730495971436,718.3731940835186
3144.5534549471813,-0.0004074427392494456,-0.023640085125602277,-2.9510079677914955,-277.6630329452993,718.2550412558463
3145.1551466470905,-0.0003901957212254026,-0.023880069687397736,-2.9653047841947187,-278.2546129258913,718.1452677657476
3147.222855163605,-0.0003311134797667558,-0.024625683836375555,-3.015473595820035,-280.29849869597456,717.8336131439877
3149.2905636801192,-0.0002726953937464424,-0.025249819771442618,-3.067058529402487,-282.35553728817695,717.6262858502992
3149.8922553800285,-0.00025589114601462135,-0.025408818857297552,-3.0822994271104642,-282.9558858168483,717.5860639122478
3150.4939470799377,-0.00023919396874107305,-0.025557772933802566,-3.097633164994209,-283.55676439901583,717.5549954985627
3152.561655596452,-0.00018279409859021082,-0.025993732061817487,-3.1509496766767136,-285.62392706677593,717.5191060496802
3154.6293641129664,-0.00012822252673226332,-0.02631496289196664,-3.2050490124217728,-287.69000768561386,717.5942102764122
3155.231055812876,-0.00011274421498732459,-0.026387431436561123,-3.2209046330138853,-288.29016490183307,717.6371376464693
3155.8327475127853,-9.746134514483926e-05,-0.02645067202786339,-3.23680143637182,-288.8895614254763,717.6895579323933
3157.9004560292997,-4.6564254586939295e-05,-0.026599101555794234,-3.291664816625228,-290.94148720754515,717.9424559223055
3159.968164545814,1.5938523309861731e-06,-0.02664512244601217,-3.346729230271456,-292.9764186032629,718.3076675658965
3160.5698562457237,1.5050733080155302e-05,-0.02664009061217247,-3.3627600558912683,-293.564485536005,718.4349636209388
3161.171547945633,2.8247820229126104e-05,-0.026627057613184547,-3.378785919893616,-294.1504434885131,718.5716422949357
3163.2392564621473,7.152632734818113e-05,-0.026523329763071583,-3.4337504982678966,-296.1458760636938,719.1125416602437
3165.3069649786617,0.00011146245169944637,-0.026333570111863696,-3.4884116533391882,-298.1086981879711,719.7619259644985
3165.9086566785713,0.00012243128366989066,-0.026263182578812473,-3.5042352351395416,-298.6729158398766,719.9709279311262
3166.5103483784806,0.0001331028675941902,-0.026186292951586414,-3.520015051385996,-299.23377518753887,720.1887989333618
3168.578056894995,0.00016746017333009135,-0.025874929903282322,-3.573850363496724,-301.1336414997941,721.0041835712939
3170.6457654115093,0.0001981921988207944,-0.02549627397272247,-3.6269722965478723,-302.98724205653184,721.9199443348695
3171.247457111419,0.0002064469292482951,-0.025374522423992543,-3.6422765267546042,-303.5172575671822,722.2047327541999
3171.849148811328,0.00021439319490528983,-0.025247896736407913,-3.6575065971959924,-304.04288236600075,722.4975671723547
3173.9168573278425,0.00023934028611639083,-0.024778179533185243,-3.7092345134425337,-305.81417517326827,723.5638364371614
3175.984565844357,0.0002606722928051137,-0.024260616487530518,-3.759941725799677,-307.52860019059074,724.7193900515699
3176.586257544266,0.00026620850211385617,-0.02410209357165783,-3.7744913269814626,-308.01631312944573,725.0717473694589
3177.1879492441753,0.0002714476206902799,-0.02394032192424786,-3.7889451124414006,-308.4988847031202,725.4311353505288
3179.2556577606897,0.0002872123425816645,-0.02336216862559975,-3.8378540104916192,-310.11696587568156,726.7181145522666
3181.323366277204,0.0002996091814450827,-0.022754900377446097,-3.885537355427844,-311.6710718291531,728.0817220738717
3181.9250579771137,0.0003026030446695286,-0.02257371876369908,-3.899174105478448,-312.1109932567674,728.4921956015193
3182.526749677023,0.0003053283853963259,-0.022390804610311277,-3.912701810889455,-312.5453166691155,728.9086077528723
3184.5944581935373,0.00031269732655647464,-0.02175134741102261,-3.9583404622611975,-313.9945759416316,730.3831446589369
3186.6621667100517,0.00031711409953742833,-0.02109970550098254,-4.002644305320925,-315.3761198448839,731.9213640868988
3187.2638584099614,0.000317871328144762,-0.02090866820709378,-4.015282138523919,-315.76529967772245,732.3802312528493
3187.8655501098706,0.00031839996912395125,-0.020717229153400348,-4.027805324856352,-316.14869002854425,732.8439639320718
3189.933258626385,0.0003185402075018869,-0.020058306183550076,-4.069960901798856,-317.4218631606415,734.4729988100603
3192.0009671428993,0.0003162449614549859,-0.01940161117755492,-4.110756321494788,-318.6264283596538,736.1534475259017
3192.6026588428085,0.0003151499461509505,-0.01921165743309821,-4.122372736329504,-318.96408008841865,736.6514560970256
3193.2043505427177,0.0003138722416950179,-0.019022401349587437,-4.133875403368983,-319.2959624119691,737.1533426407638
3195.272059059232,0.00030816239925891055,-0.018378984746780597,-4.172540616928622,-320.39259401810705,738.9061207293855
3197.3397675757465,0.000300575461648618,-0.017749315076645816,-4.209889644823848,-321.4218570110472,740.6993279533652
3197.941459275656,0.000298046360409895,-0.0175692236149164,-4.220514854753715,-321.70882692579886,741.2281672540081
3198.5431509755654,0.0002953818994415198,-0.01739067858490907,-4.23103241982298,-321.9901961347591,741.7600195868441
3200.6108594920797,0.0002852680218294224,-0.016790142975341576,-4.266366568380161,-322.91473693464263,743.6093849868091
3202.678568008594,0.00027382968729492807,-0.016211889212076683,-4.300482020524648,-323.77453313074517,745.4897570699571
3203.2802597085038,0.0002702822550449546,-0.01604819874627107,-4.310187121318781,-324.0127392705177,746.0422805249144
3203.881951408413,0.0002666447444663227,-0.015886654960070794,-4.319794543290501,-324.2456015163841,746.5970869218118
3205.9496599249273,0.0002535278355468607,-0.015348732349034834,-4.352082563399186,-325.00552378037605,748.519982702127
3208.0173684414417,0.00023959858295553548,-0.0148387715272463,-4.383287224758686,-325.7040416863644,750.4660507319059
3208.6190601413514,0.00023541950992899454,-0.014695868933877627,-4.392172407564278,-325.8959676935615,751.0363052951117
3209.2207518412606,0.00023119115992368877,-0.014555482619689515,-4.400972455818322,-326.0828436292967,751.6082421310102
3211.288460357775,0.00021634707673954902,-0.014092730649460069,-4.4305851795959805,-326.687015133042,753.5856277417033
3213.3561688742893,0.00020113935319648993,-0.01366104786758385,-4.459273188196438,-327.2333056334857,755.5797993915529
3213.957860574199,0.0001966685762852377,-0.01354137434563121,-4.4674567596656765,-327.38159423368637,756.1629269202217
3214.5595522741082,0.00019218335775947543,-0.013424384329831637,-4.47556915965576,-327.52512484701566,756.7472493874811
3216.6272607906226,0.00017671228742835346,-0.013043001571751119,-4.502927068795566,-327.9825517092928,758.7636547484763
3218.694969307137,0.00016125036083924422,-0.012693599024257221,-4.529529452435329,-328.38542183986226,760.7916793207261
3219.296661007046,0.00015677123814149025,-0.012597929148848717,-4.5371381687587125,-328.49258129871936,761.3837479288213
3219.8983527069554,0.0001523058622685033,-0.012504941629514845,-4.544690104187021,-328.5952468579949,761.9766164175024
3221.9660612234698,0.00013710726265836926,-0.01220578270519118,-4.57023203056388,-328.9142021884762,764.0195157413123
3224.033769739984,0.00012221083684348232,-0.01193773765105552,-4.595187550692305,-329.18148480779126,766.0698260466678
3224.635461439894,0.00011794691016732669,-0.011865492711846976,-4.602348548621653,-329.2497018929557,766.6676351897119
3225.237153139803,0.0001137182463433786,-0.011795796408226112,-4.609466780348387,-329.3136459518244,767.2659193725306
3227.3048616563174,9.948670374827725e-05,-0.011575462861926141,-4.633624278104676,-329.5011464635493,769.3250558869269
3229.3725701728317,8.577341157236922e-05,-0.01138402020205046,-4.657356059276758,-329.6392954861806,771.3880981856386
3229.9742618727414,8.189024802788324e-05,-0.01133358448937911,-4.66419047994735,-329.6703385523199,771.9889862246667
3230.5759535726506,7.805762037463696e-05,-0.011285465752973779,-4.670995158923436,-329.6972799794737,772.5900740486044
3232.643662089165,6.529391100248303e-05,-0.011137375636650796,-4.694172679809997,-329.7588483996562,774.6568177467142
3234.7113706056793,5.319455921082199e-05,-0.011014990301985321,-4.717070568499796,-329.77279379930235,776.7244357167411
3235.3130623055886,4.9804836611237555e-05,-0.010984008086684982,-4.72368882601137,-329.7679865460983,777.326106388623
3235.914754005498,4.64753570031516e-05,-0.010955044772211844,-4.730288939079462,-329.75920005737885,777.9277332431536
3237.982462522012,3.55063537920814e-05,-0.010870416877697967,-4.752849511076533,-329.6988464725386,779.9945159888529
3240.0501710385265,2.528743478260783e-05,-0.01080769420679541,-4.775257744064088,-329.5920435171515,782.0594218859682
3240.651862738436,2.2458011308919588e-05,-0.01079333437472981,-4.781756297792499,-329.5522907814005,782.6597975081088
3241.2535544383454,1.9693946827042425e-05,-0.01078065624350901,-4.788246597721546,-329.508637552355,783.2599026492758
3243.32126295486,1.0699818179743942e-05,-0.010749368893106782,-4.810502441373341,-329.3289983859992,785.3197498944934
3245.388971471374,2.491330100746206e-06,-0.010735866541260191,-4.832711979000735,-329.1036132459112,787.3750954558252
3245.990663171284,2.510259977361844e-07,-0.010735045075743138,-4.839171408246844,-329.029462701044,787.972199474401
3246.592354871193,-1.9227233481067925e-06,-0.01073555168454994,-4.845630620841124,-328.9514552536772,788.5688118924156
3248.6600633877074,-8.884752970990472e-06,-0.01074685952288302,-4.867837961715441,-328.6540381175418,790.6149757931659
3250.7277719042218,-1.506630748247392e-05,-0.01077175591164217,-4.8900827324841005,-328.3112219918812,792.6540241973435
3251.3294636041314,-1.6719740087383413e-05,-0.010781321554066341,-4.896566898341271,-328.2029485514973,793.2458929509755
3251.9311553040407,-1.8308441512402117e-05,-0.010791863622565892,-4.903056994822672,-328.09083702169744,793.8370463494916
3253.998863820555,-2.3278337685593216e-05,-0.010834986481099844,-4.92541436772574,-327.6763294113752,795.8627378856678
3256.0665723370694,-2.7504281187263536e-05,-0.01088761649763989,-4.94787073514644,-327.21654247266946,797.8786328253672
3256.668264036979,-2.8597014164601706e-05,-0.010904496671476827,-4.954426827972923,-327.07424472394706,798.4632551595647
3257.2699557368883,-2.9629153379810616e-05,-0.010922017837464897,-4.960993159109152,-326.92811409141814,799.0469305944016
3259.3376642534026,-3.272134808150163e-05,-0.010986597017157798,-4.983642494004834,-326.39672201155577,801.0451451839136
3261.405372769917,-3.5129607392632096e-05,-0.011056862864654196,-5.006431239006077,-325.8200760033368,803.030770889497
3262.007064469826,-3.570578968080061e-05,-0.011078175142511254,-5.013090510212675,-325.6437760852365,803.6060537350472
3262.6087561697354,-3.622722091521668e-05,-0.011099819866411079,-5.01976260432867,-325.46364598719083,804.1801479839578
3264.67646468625,-3.761137129431189e-05,-0.01117626278562011,-5.042792442200497,-324.81543518966373,806.1435776950585
3266.744173202764,-3.838861081345733e-05,-0.011254940266979182,-5.06598265195899,-324.1220294719234,808.0915025951274
3267.345864902674,-3.850543480790685e-05,-0.011278074698979023,-5.0727616606660915,-323.9117694270687,808.6552603033492
3267.947556602583,-3.857456555400637e-05,-0.011301267659878949,-5.079554519171793,-323.6976897418465,809.2175777202307
3270.0152651190974,-3.845993411240173e-05,-0.011380999353816172,-5.103004810622142,-322.9329072914581,811.1386020490035
3272.082973635612,-3.7827347125259766e-05,-0.011459958532798976,-5.126619165307202,-322.12313770327773,813.0410974836637
3272.6846653355215,-3.755117417433437e-05,-0.011482636483729278,-5.133521399302707,-321.8790665928607,813.5910623044696
3273.2863570354307,-3.723520523775415e-05,-0.011505139113922872,-5.140437152563396,-321.63120321240564,814.1393274870156
3275.354065551945,-3.585857632234886e-05,-0.011580779963119254,-5.164305193766433,-320.7505611511454,816.0100730530013
3277.4217740684594,-3.406100676991419e-05,-0.011653139153713096,-5.188326245440824,-319.82538490345604,817.8591965971884
3278.0234657683686,-3.3464410741981006e-05,-0.01167345401150499,-5.195344005682412,-319.5478320653813,818.3930470985347
3278.625157468278,-3.283646423898767e-05,-0.011693403440129252,-5.202373821640488,-319.2665383573254,818.9249350919221
3280.692865984792,-3.0452885018594857e-05,-0.01175889035796992,-5.226620981497835,-318.27144491669,820.7373923791412
3282.7605745013066,-2.77503753032306e-05,-0.011819119001106469,-5.250998112923224,-317.2325884019564,822.5251229264298
3283.3622662012162,-2.6909808470256263e-05,-0.01183556291326131,-5.258114576593323,-316.9221193111681,823.0405264265294
3283.9639579011255,-2.6046643149082193e-05,-0.011851497298779391,-5.265240739574829,-316.6079898567974,823.5537064500921
3286.03166641764,-2.292187119581756e-05,-0.01190216059707949,-5.28979971149217,-315.5007174740689,825.2998891487957
3288.099374934154,-1.9582419714199187e-05,-0.0119461408304551,-5.314456531027747,-314.3508178394812,827.0182983302483
3288.701066634064,-1.857613470745593e-05,-0.011957619839356844,-5.321647925754737,-314.008270217204,827.5129626756428
3289.302758333973,-1.7556069312171094e-05,-0.011968492238867558,-5.328846019421497,-313.6621746161484,828.005150630639
3291.3704668504874,-1.3959390126997112e-05,-0.012001093789314498,-5.353628379254894,-312.44595829184357,829.677280732901
3293.438175367002,-1.0251524062249082e-05,-0.012026143504550162,-5.378470342094808,-311.188634130317,831.3187230756132
3294.0398670669115,-9.157334080581528e-06,-0.012031981347253352,-5.385708171099239,-310.8151333044467,831.7904525242426
3294.6415587668207,-8.0579641551014e-06,-0.012037162138901346,-5.3929493053841515,-310.438229211095,832.2594669969982
3296.709267283335,-4.253922753354346e-06,-0.012049892949911257,-5.417853167364896,-309.117293609642,833.8501671936326
3298.7769757998494,-4.376109426929093e-07,-0.012054745426303085,-5.442775207902192,-307.7571451843013,835.407470294861
3299.378667499759,6.699392553968151e-07,-0.012054673994872348,-5.450028461224799,-307.35409920835764,835.8542200373453
3299.9803591996683,1.7746630442077362e-06,-0.012053939593963545,-5.457281477125844,-306.94782528196856,836.2980363357163
3302.0480677161827,5.537097533945124e-06,-0.01204636704964333,-5.482199008575084,-305.5273442670539,837.800511064206
3304.115776232697,9.222638142159158e-06,-0.012031094384552694,-5.50709292140729,-304.0698890406616,839.2671475437112
3304.7174679326063,1.0276099343287846e-05,-0.012025226569796937,-5.514330191563639,-303.63896563995377,839.6870716760917
3305.3191596325155,1.131981221060629e-05,-0.012018729954291735,-5.52156375958439,-303.2050166487755,840.1038687813605
3307.38686814903,1.4821727527425283e-05,-0.011991677537291141,-5.546388242540721,-301.6910142535548,841.5120569692596
3309.454576665544,1.8173477626104195e-05,-0.011957539429116055,-5.571149463412029,-300.14256865816304,842.882282473853
3310.056268365454,1.9117080347995906e-05,-0.011946319019494514,-5.578340856709427,-299.6856575335372,843.273771123584
3310.657960065363,2.004557522821633e-05,-0.011934536933342227,-5.585525357268281,-299.2259452910845,843.6619673983612
3312.7256685818775,2.3113297681000906e-05,-0.011889881975441637,-5.610157391033386,-297.6251518493414,844.9706537846768
3314.793377098392,2.5978051321443078e-05,-0.011839093701870045,-5.634690750407207,-295.99267452087344,846.2395999561384
3315.3950687983015,2.6771233660101882e-05,-0.011823222738603745,-5.6418094680385344,-295.51183968727065,846.6013027543461
3315.9967604982107,2.7545775434249724e-05,-0.01180688102630722,-5.648918528580597,-295.02844459338417,846.9595777949851
3318.064469014725,3.0060457917408853e-05,-0.011747284335961403,-5.673270957080398,-293.34812506130106,848.1644554287765
3320.1321775312394,3.234160249482642e-05,-0.011682729459387137,-5.697495030954065,-291.6390392512385,849.3281729293112
3320.7338692311487,3.296045233181321e-05,-0.011663082289604968,-5.704518521745367,-291.1364666386987,849.6590078811117
3321.335560931058,3.355899893610107e-05,-0.01164306914145043,-5.711530117941275,-290.6315850674713,849.9863097778638
3323.4032694475723,3.545913695515973e-05,-0.011571672654940888,-5.735531411384568,-288.87935751976653,851.0839927802788
3325.4709779640866,3.711672925139915e-05,-0.011496597993795135,-5.759381275008143,-287.1013703269233,852.1394458680655
3326.0726696639963,3.755357870714082e-05,-0.011474132729216446,-5.7662919179909,-286.5793156589367,852.4385944883979
3326.6743613639055,3.797019112500369e-05,-0.011451410422810731,-5.773189003454821,-286.0552081411144,852.7341335449316
3328.74206988042,3.924827867640507e-05,-0.01137153771191553,-5.796785019509642,-284.23886880532746,853.7221250956309
3330.8097783969342,4.029383591941712e-05,-0.011289262690954939,-5.820213398441411,-282.39980239916133,854.6671446055244
3331.411470096844,4.055542813168708e-05,-0.011264938844505619,-5.826998725823292,-281.86054350108583,854.9340356348532
3332.013161796753,4.0798307380717414e-05,-0.01124046250530744,-5.83376940610613,-281.3194877288811,855.1972669919879
3334.0808703132675,4.1493166466372686e-05,-0.01115534940043678,-5.8569236222565015,-279.4468553675761,856.0738918435138
3336.148578829782,4.198075717560855e-05,-0.011069013814810486,-5.879900585448126,-277.55450132140265,856.9070970445434
3336.7502705296915,4.208545750702592e-05,-0.011043722488441871,-5.8865530970917925,-277.00029775928533,857.1413819680131
3337.3519622296008,4.2174076245767085e-05,-0.011018371960911417,-5.893190402804101,-276.4445491624598,857.3719804214315
3339.419670746115,4.236049485365207e-05,-0.010930946046506023,-5.915882834623641,-274.5233370639541,858.1362936468281
3341.4873792626295,4.237577848336423e-05,-0.01084331160138338,-5.938394279545025,-272.58534022921157,858.8569950836264
3342.089070962539,4.235030723665681e-05,-0.01081782205337475,-5.944910927325224,-272.0184018082278,859.0585190113118
3342.6907626624484,4.23121198226448e-05,-0.010792350423601245,-5.951412266978133,-271.4501630806679,859.2563495855998
3344.7584711789627,4.208944585750173e-05,-0.010705069365473758,-5.9736373637436655,-269.48788226665516,859.9080337417591
3346.826179695477,4.173828156411802e-05,-0.010618381572473391,-5.995682602071652,-267.5116561251667,860.5161289783158
3347.4278713953863,4.1614433931278874e-05,-0.010593305452784623,-6.002064036099523,-266.9341205126227,860.6849002728685
3348.0295630952955,4.148161603951811e-05,-0.010568305240044948,-6.0084304213647215,-266.35552022674796,860.8499878941406
3350.09727161181,4.096278590745105e-05,-0.010483055395761933,-6.030194260514821,-264.35941341840555,861.3892496791727
3352.1649801283243,4.036068527241641e-05,-0.01039896443052569,-6.0517830259478975,-262.35208513476994,861.8851222844303
3352.766671828234,4.017235371201054e-05,-0.010374736803817185,-6.058032695401741,-261.7660038653661,862.0212837858519
3353.368363528143,3.9978868313404545e-05,-0.01035062275805006,-6.064267830983823,-261.17908333853217,862.153784827745
3355.4360720446575,3.9280655888896014e-05,-0.010268673261783361,-6.085584922287193,-259.15608615299817,862.5812601550219
3357.503780561172,3.854356179805329e-05,-0.010188207663269454,-6.106734100053215,-257.12446691360174,862.9656898568498
3358.1054722610816,3.83241552885578e-05,-0.010165082882670847,-6.112857293277058,-256.5317983508592,863.0694938151097
3358.707163960991,3.810321620698308e-05,-0.010142089396601902,-6.1189666149068165,-255.9385052809207,863.1696715401695
3360.774872477505,3.733787739730562e-05,-0.010064094617086506,-6.13985659194092,-253.8952291879481,863.4863452856566
3362.8425809940195,3.657437456190776e-05,-0.009987680437016063,-6.160586932614639,-251.84580389352772,863.7604344753258
3363.4442726939287,3.635465946318607e-05,-0.009965740683910413,-6.166589830004137,-251.24841135595713,863.8322224965063
3364.045964393838,3.613662374189882e-05,-0.009943931615395028,-6.172579562757438,-250.65059841116232,863.9004276088959
3366.1136729103523,3.54050340792055e-05,-0.009869974282428359,-6.193063999616672,-248.5933290855386,864.107571528362
3368.1813814268667,3.471009144523855e-05,-0.009797491775951121,-6.213397039024311,-246.53225893016096,864.2726905836068
3368.7830731267763,3.451648707643551e-05,-0.009776665925095351,-6.219285840143212,-245.93191209886328,864.3128791198482
3369.3847648266856,3.43272002959788e-05,-0.009755954473325243,-6.225162137117527,-245.3313385825615,864.349535877631
3371.4524733432,3.37135827932586e-05,-0.009685621236436018,-6.245261685719057,-243.26604326273537,864.4486656237964
3373.5201818597143,3.3163899501640274e-05,-0.009616490683026648,-6.265217049087108,-241.19917498834167,864.5064170832778
3374.121873559624,3.301723552858478e-05,-0.009596581020243097,-6.270997222572433,-240.59755283566128,864.5154883166038
3374.723565259533,3.287683297516478e-05,-0.009576757153793228,-6.2767654309513015,-239.99588768964904,864.5210859852831
3376.7912737760475,3.2444978790932436e-05,-0.009509238237292345,-6.296497429497775,-237.92822579040967,864.5139359759698
3378.858982292562,3.2096212239904266e-05,-0.009442526368862687,-6.316090652975652,-235.8611022446281,864.4661356028068
3379.4606739924716,3.2011201441953676e-05,-0.009423240534460293,-6.321766344642118,-235.2597960009209,864.4446330289192
3380.062365692381,3.193376155793969e-05,-0.009404003241942993,-6.327430433000487,-234.65862070245663,864.4197219310236
3382.130074208895,3.172706165134779e-05,-0.00933820344232276,-6.34680708630854,-232.59395302543666,864.3082351425628
3384.1977827254095,3.161445743790218e-05,-0.009272733756626699,-6.366048026100214,-230.53182087107737,864.156906470189
3384.799474425319,3.159974801598569e-05,-0.00925371654005884,-6.371621638780989,-229.93233592105335,864.1054341163507
3385.4011661252284,3.1593193149808045e-05,-0.009234705619785946,-6.377183795949404,-229.33314621019713,864.0506251829761
3387.468874641743,3.163355155086348e-05,-0.00916935516618938,-6.396210944295213,-227.27653945070233,863.8369539415997
3389.536583158257,3.177132589516831e-05,-0.009103820549295483,-6.415102776553547,-225.22435127313778,863.5843321719966
3390.1382748581664,3.1829714991156894e-05,-0.009084686853491024,-6.420574722996972,-224.62810728356817,863.5035562198029
3390.7399665580756,3.1896265023068975e-05,-0.009065515655307497,-6.426035130640432,-224.03231306854167,863.4195228034455
3392.80767507459,3.218701870348788e-05,-0.008999279146926867,-6.44471161608051,-221.98853772722438,863.106036229215
3394.8753835911043,3.2572180564012194e-05,-0.008932343840386004,-6.463250421272646,-219.9509471803325,862.7545770666649
3395.477075291014,3.2701669382661196e-05,-0.008912706776762315,-6.468619042084139,-219.35927616158938,862.6452285914271
3396.078766990923,3.2838830243340115e-05,-0.008892989737193607,-6.4739758093357,-218.76819934741647,862.5327092562264
3398.1464755074376,3.336776295700077e-05,-0.008824556582248998,-6.49229337380951,-216.74172049022297,862.1220030281379
3400.214184023952,3.398266539109598e-05,-0.00875494086846613,-6.510468215872532,-214.7230703900218,861.67439230494
3400.8158757238616,3.417713939873125e-05,-0.008734435456338575,-6.515729834850229,-214.13721274717693,861.5372699729991
3401.417567423771,3.4378363081398045e-05,-0.00871381138600062,-6.5209790678423385,-213.55208307848028,861.3970711249282
3403.485275940285,3.5119759047952e-05,-0.008641972983856243,-6.538922696518146,-211.54704451170053,860.8919758303291
3405.5529844567995,3.59338578727064e-05,-0.008568526426798164,-6.556716121720215,-209.5513488111323,860.3511364538643
3406.154676156709,3.6183550127506804e-05,-0.008546830253184404,-6.561865219063161,-208.9724477199099,860.1871082178825
3406.756367856618,3.643868200049287e-05,-0.00852498271745518,-6.567001206514319,-208.39439700051537,860.0201056371432
3408.8240763731324,3.735474640454174e-05,-0.008448700560995951,-6.584549857445082,-206.41460030412097,859.4236906531883
3410.8917848896467,3.8325907909350914e-05,-0.008370467287994548,-6.601938761941125,-204.44552167469618,858.792784085781
3411.4934765895564,3.8617771182843814e-05,-0.008347319007903866,-6.60696825176913,-203.87461633328124,858.602787116073
3412.0951682894656,3.8913420170638806e-05,-0.008323994597113245,-6.61198375356541,-203.30467159443216,858.4099256521667
3414.16287680598,3.995558362997279e-05,-0.008242461359106732,-6.629111431921421,-201.35355212768746,857.7254961885652
3416.2305853224943,4.1031508621163484e-05,-0.008158738326336273,-6.646068259378181,-199.4143774714487,857.0079163564423
3416.832277022404,4.1349665296862916e-05,-0.00813395405236968,-6.6509698605749525,-198.85239593960338,856.7929546468545
3417.4339687223132,4.166967682361541e-05,-0.008108978485999736,-6.655856488349269,-198.29147228281207,856.5752455380535
3419.5016772388276,4.278041323024639e-05,-0.008021671070734744,-6.67253362654702,-196.37207475886012,855.8063311699037
3421.569385755342,4.3900841219862e-05,-0.007932056956657812,-6.6890278536682795,-194.46569138031336,855.005689414178
3422.1710774552516,4.422731380193755e-05,-0.007905543591079903,-6.693792540724928,-193.91344382045867,854.766828713659
3422.772769155161,4.455354328488884e-05,-0.00787883458884405,-6.698541216500608,-193.36233775707763,854.5253442073669
3424.840477671675,4.566941169510583e-05,-0.007785554542540973,-6.714736306723968,-191.47729425691426,853.6756779833534
3426.9081861881896,4.676984212005027e-05,-0.007689983166249586,-6.7307361520998965,-189.60616960357234,852.7957784554037
3427.5098778880993,4.708577961281983e-05,-0.0076617466106881854,-6.73535466464395,-189.06434277140545,852.5341384131536
3428.1115695880085,4.739938803572011e-05,-0.007633321339846625,-6.739956134952043,-188.52372690468422,852.2700036037501
3430.179278104523,4.84560649270763e-05,-0.007534214041654492,-6.755637525513665,-186.67524020825385,851.3434916677166
3432.246986621037,4.947368426660362e-05,-0.007432962223471167,-6.771111773949636,-184.84140797060778,850.3882974698503
3432.8486783209464,4.976125432161793e-05,-0.007403107272635471,-6.77557514950729,-184.3105617430759,850.1050411525575
3433.4503700208556,5.004466076468706e-05,-0.007373081102441173,-6.780020517653504,-183.78098156665808,849.819423227953
3435.51807853737,5.0984052026498844e-05,-0.007268622087560936,-6.79515822914534,-181.9708163341805,848.8201058690331
3437.5857870538844,5.1865118114805526e-05,-0.007162280985097297,-6.810078004038213,-180.17587119126216,847.7936972652938
3438.187478753794,5.210964110887121e-05,-0.00713100008984739,-6.814378081118447,-179.656437741217,847.490018510809
3438.7891704537033,5.2348629832714866e-05,-0.0070995741043085436,-6.818659303168348,-179.13831113544472,847.1841139070708
3440.8568789702176,5.3125725856172135e-05,-0.006990516727821319,-6.833226667762004,-177.36779469938776,846.1161200253123
3442.924587486732,5.3831643251258696e-05,-0.006879926131596275,-6.847566948363749,-175.61289706354384,845.0226471063594
3443.5262791866417,5.402317955618849e-05,-0.006847477999565542,-6.8516967810857015,-175.10518299124675,844.6997564778242
3444.127970886551,5.4208405323731826e-05,-0.006814916677163528,-6.855807067477204,-174.5988026888093,844.3747767343847
3446.1956794030652,5.4795805869819206e-05,-0.006702209016769916,-6.869782001078103,-172.86883608083625,843.2422746456812
3448.2633879195796,5.530664349752536e-05,-0.006588365938163742,-6.88352271423277,-171.15472698159883,842.085907622357
3448.865079619489,5.544082731948116e-05,-0.00655504767028668,-6.887476853660112,-170.65891835165155,841.745017922503
3449.466771319398,5.5568567761172157e-05,-0.0065216505422933824,-6.891410933782035,-170.1644572807336,841.4021752098073
3451.5344798359124,5.595843098288025e-05,-0.0064063350625720005,-6.9047767124016115,-168.4755358703988,840.2093231937366
3453.6021883524268,5.6273909488742904e-05,-0.006290290362302037,-6.917903298313905,-166.80256089904174,838.9942037599864
3454.2038800523364,5.635206011987022e-05,-0.006256407087276345,-6.921677916630967,-166.3187307874421,838.63651610217
3454.8055717522457,5.642424699940453e-05,-0.006222478327023108,-6.925432144858369,-165.836249862503,838.2770094132011
3456.87328026876,5.662781353859602e-05,-0.006105587698358655,-6.938177629286305,-164.18849187846544,837.0279093452062
3458.9409887852744,5.6765948384249255e-05,-0.005988343800262422,-6.95068105273674,-162.556632112146,835.7581063026851
3459.542680485184,5.679451413475801e-05,-0.00595417952705466,-6.954273906979133,-162.08474999901887,835.3847976306982
3460.1443721850933,5.6818108616171874e-05,-0.005919999154772184,-6.957846209101502,-161.6142076710072,835.009800509801
3462.2120807016076,5.686302761761006e-05,-0.005802460593390205,-6.9699655308996595,-160.0073880773051,833.7084574175135
3464.279789218122,5.6856674770410655e-05,-0.005684882160225437,-6.98184177599181,-158.41629525172402,832.3879291204909
3464.8814809180317,5.684608801939941e-05,-0.00565067520675443,-6.985252026976835,-157.95623743579296,832.0001418631026
3465.483172617941,5.6831872541181605e-05,-0.005616475223005047,-6.988641704669252,-157.4975001677122,831.6107923306181
3467.5508811344553,5.675759853600192e-05,-0.00549903438122199,-7.000133489060984,-155.93108697356436,830.261081915908
3469.6185896509696,5.664917996922677e-05,-0.005381782416932395,-7.011382635295768,-154.38011994804668,828.8936472199804
3470.2202813508793,5.661220144994527e-05,-0.00534770835151198,-7.014610554216881,-153.9316801257192,828.4924815000168
3470.8219730507885,5.657307511088732e-05,-0.005313656683728287,-7.017817981764924,-153.48453294071737,828.089874560701
3472.889681567303,5.6424621801014236e-05,-0.005196830638209946,-7.028684237953988,-151.95772306880878,826.6955197726306
3474.9573900838172,5.6259365004399485e-05,-0.005080328923221052,-7.039309267244276,-150.4459828435038,825.2848381858279
3475.5590817837265,5.6209036340847036e-05,-0.005046493475790318,-7.042355876859796,-150.0088820895709,824.871346714023
3476.1607734836357,5.615793952828134e-05,-0.005012688114591846,-7.045382138487806,-149.5730384465586,824.4565295469863
3478.22848200015,5.597862653509787e-05,-0.00489675490946747,-7.055626994118421,-148.08479075888897,823.021086293151
3480.2961905166644,5.5797347345530574e-05,-0.0047811945041067215,-7.065632519094068,-146.6111519297141,821.5706470414555
3480.897882216574,5.57449397353756e-05,-0.004747637676083997,-7.068499226952095,-146.18504752569822,821.1458325425111
3481.4995739164833,5.569283939089972e-05,-0.004714111992389444,-7.071345752830348,-145.7601579976417,820.7198021903711
3483.5672824329977,5.551772974151348e-05,-0.00459913790478583,-7.080974234987205,-144.30922191430923,819.2466533387684
3485.634990949512,5.535093571565554e-05,-0.004484517295752777,-7.0903653496892645,-142.872359388853,817.7597721822123
3486.2366826494217,5.530437912019847e-05,-0.004451227264438594,-7.093053630597646,-142.45685223271386,817.3245869601026
3486.838374349331,5.5258759905692975e-05,-0.004417964835111638,-7.095721887843261,-142.04251175534858,816.8882901022332
3488.9060828658453,5.51099845405527e-05,-0.0043038618399763575,-7.104738934760484,-140.62745093188192,815.3806461932081
3490.9737913823597,5.497398441301293e-05,-0.004190053261196827,-7.113520354326505,-139.2258617706087,813.8604682134263
3491.575483082269,5.4936882023574394e-05,-0.004156987109440368,-7.1160315266713114,-138.82050240137224,813.415815308385
3492.177174782178,5.490082834843515e-05,-0.004123943019681719,-7.118522808190209,-138.416256157348,812.9701495595666
3494.2448832986925,5.4784931446264244e-05,-0.004010545812017914,-7.126932644761187,-137.03546767725524,811.4310542411222
3496.312591815207,5.467995776717282e-05,-0.003897376952345067,-7.135108245038666,-135.6674888531081,809.8805605458178
3496.9142835151165,5.465118624075319e-05,-0.003864485094580386,-7.137443369028558,-135.2717823797141,809.4272958790921
3497.5159752150257,5.462304652863086e-05,-0.0038316105852898336,-7.139758706402392,-134.87713063198316,808.9731120085784
3499.58368373154,5.453033475771585e-05,-0.003718762422003653,-7.147564659198138,-133.52886096787057,807.4054501228346
3501.6513922480544,5.444066844434707e-05,-0.003606102811076519,-7.155137469821239,-132.19268453643605,805.8274664318668
3502.253083947964,5.441455903725552e-05,-0.0035733540033586605,-7.15729737907997,-131.8060949438238,805.3664013578697
3502.8547756478733,5.438819432134772e-05,-0.0035406213517403346,-7.159437589046833,-131.42049730666838,804.9045058550032
3504.9224841643877,5.4294090361811416e-05,-0.003428258021701823,-7.166642359390191,-130.10285683062313,803.3110122642306
3506.990192680902,5.4190194567314626e-05,-0.003316099394552149,-7.173615006752033,-128.7965444134593,801.708217577856
3507.5918843808117,5.415730196143312e-05,-0.0032835032115263786,-7.175600468064545,-128.41849881555805,801.2401213445871
3508.193576080721,5.4122919117980267e-05,-0.003250927726219078,-7.1775663255221485,-128.04137853786568,800.7712788436381
3510.2612845972353,5.3991339517232056e-05,-0.0031391489053212425,-7.184172681994091,-126.7523565767715,799.1545464186781
3512.3289931137497,5.383402575054666e-05,-0.0030276687580615075,-7.190548221231103,-125.47385514701223,797.5294803540124
3512.9306848136594,5.378248679646895e-05,-0.002995292388512939,-7.192360200532081,-125.10374855687635,797.0550820932588
3513.5323765135686,5.3728061267451634e-05,-0.0029629483757775744,-7.194152714275969,-124.73449738171276,796.5800172943306
3515.600085030083,5.3516776096244054e-05,-0.0028520655491624243,-7.200164508364592,-123.47197969067616,794.9425029394722
3517.6677935465973,5.32631551864822e-05,-0.0027416633676787725,-7.205947526005299,-122.21914039359267,793.2975708059869
3518.2694852465065,5.318050583176199e-05,-0.0027096397850310708,-7.207587522117237,-121.85634148106442,792.8175608213069
3518.8711769464157,5.309362073403441e-05,-0.002677667635756029,-7.209208273130151,-121.49432553465338,792.3369596927583
3520.93888546293,5.276064895388646e-05,-0.0025682198856689653,-7.214631627453201,-120.25611559528345,790.6809878064737
3523.0065939794445,5.237043922887525e-05,-0.002459519799860501,-7.219829448707175,-119.02671674724085,789.0184630312131
3523.608285679354,5.22453955012388e-05,-0.002428046093437857,-7.221299844340701,-118.67057486171461,788.5334933100136
3524.2099773792634,5.2114994486579407e-05,-0.002396649563124134,-7.222751335515413,-118.31514182373091,788.0480035159237
3526.2776858957777,5.162434271092705e-05,-0.002289386394276232,-7.227595826719245,-117.09898662585078,786.3757668226398
3528.345394412292,5.10651319248118e-05,-0.0021832086303083965,-7.232219651105793,-115.89076122355839,784.6977908458902
3528.9470861122018,5.08890249031771e-05,-0.0021525357032480485,-7.233524031068978,-115.54061471596641,784.2084748628229
3529.548777812111,5.0706802820344836e-05,-0.0021219707624320775,-7.234809999042647,-115.19110227783504,783.7187054959368
3531.6164863286253,5.003290829056199e-05,-0.0020178076681247156,-7.239089673150667,-113.99472239892599,782.0322636177832
3533.6841948451397,4.9284061224758774e-05,-0.0019151154812743476,-7.243155489045412,-112.80538964303513,780.3408437520113
3534.285886545049,4.905187078457955e-05,-0.0018855311454297038,-7.244298884876892,-112.4605752869158,779.8477557267125
3534.887578244958,4.881326198908374e-05,-0.0018560884674456075,-7.245424534396412,-112.11632067404307,779.3542765177361
3536.9552867614725,4.794402340143074e-05,-0.001756042501174926,-7.24915862820711,-110.93744371061258,777.655552924917
3539.022995277987,4.699913729078746e-05,-0.0016578720754485859,-7.252687795156878,-109.7647433460513,775.9525588803314
3539.6246869778965,4.67100968132981e-05,-0.0016296797578273822,-7.253676826769106,-109.424606465758,775.4562327035101
3540.2263786778058,4.6414827606334714e-05,-0.0016016630786098262,-7.254648959511529,-109.0849566135949,774.9595729243191
3542.29408719432,4.535311296718227e-05,-0.0015067762548551036,-7.257862241921231,-107.9213524263378,773.2503510327396
3544.3617957108345,4.422089929276346e-05,-0.0014141576332296762,-7.260881671027775,-106.76308018664116,771.5375109001224
3544.963487410744,4.3878630728955794e-05,-0.001387653088764982,-7.261724568234751,-106.4269849661849,771.0384389602392
3545.5651791106534,4.353080020873964e-05,-0.0013613558565924908,-7.262551590407002,-106.0913068125797,770.5390862537521
3547.6328876271677,4.22942899625744e-05,-0.0012726148738559442,-7.265274281014789,-104.94082266540275,768.8210054693576
3549.700596143682,4.0997726004507e-05,-0.0011864927206719235,-7.267816188624887,-103.79486481697255,767.099901951085
3550.302287843592,4.0609859676356025e-05,-0.0011619413748677819,-7.268522688798672,-103.4622041958651,766.5985340886785
3550.903979543501,4.0217496818665964e-05,-0.0011376243424258748,-7.269214495350142,-103.1298944931583,766.0969334506276
3552.9716880600154,3.883667750756493e-05,-0.001055885985594119,-7.271481765250027,-101.99048802677073,764.3714859172436
3555.0393965765297,3.741023046016402e-05,-0.0009770499330411617,-7.273583024612997,-100.85485297069867,762.6435535287893
3555.6410882764394,3.698744911160734e-05,-0.0009546677701184525,-7.274164157473184,-100.52505754153546,762.1402963206905
3556.2427799763486,3.656149561515277e-05,-0.000932540468718332,-7.274731905666529,-100.19555160912992,761.6368494314324
3558.310488492863,3.5075678716905864e-05,-0.0008584730527541341,-7.276583018060094,-99.06531971887796,759.9053781279813
3560.3781970093773,3.356073838207158e-05,-0.0007875079824333523,-7.2782841880001214,-97.93816484635599,758.1719019519543
3560.9798887092866,3.311536926122539e-05,-0.000767448911462175,-7.278751974557767,-97.6107102591037,757.6671184809783
3561.581580409196,3.26682513124115e-05,-0.0007476578519534254,-7.279207775591602,-97.28348919660206,757.1621835362256
3563.64928892571,3.1120655016464185e-05,-0.0006817073106261562,-7.280684977286103,-96.1606912968135,755.425882178511
3565.7169974422245,2.9560819725067418e-05,-0.000618969400677705,-7.282029133877259,-95.04034380701778,753.6879985329139
3566.318689142134,2.9105542445953857e-05,-0.0006013200954214999,-7.282396238175523,-94.71475635117795,753.1820087295724
3566.9203808420434,2.8649920165140003e-05,-0.0005839443619140074,-7.282752805989288,-94.38935240463476,752.6759008482929
3568.9880893585578,2.7083729404189674e-05,-0.0005263245602416711,-7.283900104924113,-93.27242719323435,750.9358157999114
3571.055797875072,2.552142272915741e-05,-0.0004719391689654714,-7.284931606813255,-92.15739824653205,749.1945149324443
3571.657489574982,2.506838983895557e-05,-0.00045671970905540284,-7.285210976596557,-91.83325847645418,748.687596505107
3572.259181274891,2.461631898010014e-05,-0.00044177211881477247,-7.2854812690034105,-91.50925844324085,748.1805887245803
3574.3268897914054,2.3072123716013635e-05,-0.00039247241616816134,-7.286343209400047,-90.3968339217422,746.4376229069579
3576.3945983079198,2.1546481769630642e-05,-0.00034634647779374997,-7.287106493591363,-89.28582609305954,744.6937536485143
3576.996290007829,2.1106779789244197e-05,-0.00033351473040125226,-7.287311015194662,-88.96277052172346,744.186143574106
3577.597981707738,2.0669206126746122e-05,-0.000320946533897273,-7.287507891444015,-88.63981723407092,743.6784684009623
3579.6656902242526,1.9183487046249755e-05,-0.00027975006507504653,-7.288128400432341,-87.53071422372342,741.9333870754338
3581.733398740767,1.7729151795621323e-05,-0.00024159318394256066,-7.288666869621903,-86.42262263754083,740.1876633022068
3582.3350904406766,1.7312500686368518e-05,-0.00023105137923174144,-7.288809052672073,-86.10034363266477,739.6795598305968
3582.936782140586,1.6898978274007757e-05,-0.00022075901483675181,-7.288944962124261,-85.77813566314933,739.1714112998392
3585.0044906571,1.5503275453201156e-05,-0.00018726707112322216,-7.289366311873114,-84.67136537318572,737.4248495508314
3587.0721991736145,1.4149731066717501e-05,-0.00015661744834195098,-7.28972134859031,-83.56527316054914,735.6778582777096
3587.673890873524,1.3764314277238691e-05,-0.00014821996456846676,-7.289813049354717,-83.24351724258497,735.1694233975421
3588.2755825734334,1.3382845224284802e-05,-0.00014005294694289342,-7.289899759529316,-82.9218070365071,734.6609595870079
3590.343291089948,1.2103251227696486e-05,-0.00011371277225933826,-7.290161669429094,-81.81656342401193,732.9134313244605
3592.410999606462,1.0874349055079e-05,-8.996601702213819e-05,-7.290371796743084,-80.71173228697963,731.1656422454109
3593.012691306372,1.0526674551438982e-05,-8.352794569413475e-05,-7.290423985193818,-80.39029706454363,730.6570045572079
3593.614383006281,1.0183566827644521e-05,-7.729751784352035e-05,-7.290472354016468,-80.06888773765863,730.1483505028998
3595.6820915227954,9.040200519920441e-06,-5.74327188229544e-05,-7.290611248186869,-78.96453549735205,728.4002587929043
3597.74980003931,7.953562003649044e-06,-3.987341978561014e-05,-7.290711451294125,-77.86039224521835,726.6520350688978
3598.3514917392195,7.648272807489698e-06,-3.517999192381011e-05,-7.29073402607467,-77.53912224378186,726.1432930052486
3598.9531834391287,7.347947864710898e-06,-3.0668663181778114e-05,-7.29075382255013,-77.21786330316708,725.6345439561433
3601.020891955643,6.3542754300586675e-06,-1.651291017014311e-05,-7.290802258089436,-76.11392238744287,723.8861924577608
3603.0886004721574,5.42066304257687e-06,-4.349688778745738e-06,-7.290823483644979,-75.01004236807925,722.1378025090196
3603.6902921720666,5.1603781312450205e-06,-1.1667144502054657e-06,-7.290825140131255,-74.68882402503812,721.6290278263411
3604.291983871976,4.9052255307989165e-06,1.861212939067248e-06,-7.290824918689178,-74.36760628819627,721.1202527608784
3606.35969238849,4.067709402702255e-06,1.1127455575076799e-05,-7.290811202723217,-73.26373391847265,719.371857982537
3608.4274009050046,3.290923424749386e-06,1.8724745104633536e-05,-7.2907800523227095,-72.15982232711023,717.6234879682339
3609.0290926049142,3.076257591065807e-06,2.0640037089604377e-05,-7.290768207924262,-71.83857844250913,717.1147294121295
3609.6307843048235,2.8666767131279436e-06,2.2427646743432643e-05,-7.2907552402010785,-71.51732844505507,716.6059747160328
3611.698492821338,2.1850724966062357e-06,2.7640253540742664e-05,-7.290703244953683,-70.41329961776657,714.8576787292582
3613.766201337852,1.5624648054057133e-06,3.150449530358434e-05,-7.2906418655677445,-69.30917168623951,713.1094453300333
3614.367893037762,1.3922149443486377e-06,3.23931949344337e-05,-7.2906226417521935,-68.98785561929301,712.6007323589695
3614.969584737671,1.2268149101450082e-06,3.318080782165123e-05,-7.290602904728495,-68.66652980001079,712.0920255479668
3617.0372932541854,6.949629753898721e-07,3.5158125134609724e-05,-7.290532072584117,-67.56221726511401,710.3439087518178
3619.1050017707,2.1836604790585057e-07,3.609285329710764e-05,-7.2904582298091185,-66.45777827885851,708.5958718435318
3619.706693470609,8.980268521629612e-08,3.618540675068477e-05,-7.290436485698331,-66.13636815867042,708.0872182911041
3620.3083851705182,-3.42962255484564e-08,3.620179504086668e-05,-7.290414700618373,-65.81494708674634,707.5785716590825
3622.3760936870326,-4.273793847953914e-07,3.571587893406639e-05,-7.290340217077632,-64.71030167807359,705.8306651889746
3624.443802203547,-7.704894784342696e-07,3.446884629786988e-05,-7.290267525153321,-63.60552764786952,704.0828400118728
3625.0454939034566,-8.612730121269844e-07,3.397782356845428e-05,-7.290246934484311,-63.284020828257844,703.5742475751881
3625.647185603366,-9.480875317685591e-07,3.343318763687577e-05,-7.290226648098451,-62.96250369760964,703.0656616567101
3627.7148941198802,-1.216977041796084e-06,3.118730723460477e-05,-7.290159751897125,-61.85753574810895,701.3179590681993
3629.7826026363946,-1.4422288334735778e-06,2.8430556743385274e-05,-7.290098027687043,-60.75245540565779,699.5703275438243
3630.3842943363043,-1.499951540881798e-06,2.754534075250772e-05,-7.29008118929534,-60.43086334637587,699.0617890014363
3630.9859860362135,-1.5542695632096747e-06,2.66262169676668e-05,-7.290064887473135,-60.10926291375187,698.5532557542258
3633.053694552728,-1.7158831795868945e-06,2.3239029093961038e-05,-7.290013283036386,-59.00402531921189,696.8057236751071
3635.121403069242,-1.8407805836141158e-06,1.955563058177251e-05,-7.289968988555475,-57.89870393259584,695.0582445933371
3635.723094769152,-1.870621131041992e-06,1.8439033037943052e-05,-7.289957560037155,-57.57704763858774,694.5497466776918
3636.324786469061,-1.897653023640215e-06,1.7305119813289652e-05,-7.289946803407578,-57.25538573141491,694.0412523126836
3638.3924949855755,-1.970077430460643e-06,1.3301344981746635e-05,-7.289915140257967,-56.14995905257791,692.2938398352286
3640.46020350209,-2.0128734922460675e-06,9.178448978097057e-06,-7.289891878901599,-55.044484386189175,690.5464577158045
3641.0618952019995,-2.0201531548209535e-06,7.965121638705928e-06,-7.289886723467511,-54.72279048731512,690.0379835894828
3641.6635869019087,-2.0252184997946096e-06,6.747879801409538e-06,-7.289882295180959,-54.40109415844236,689.5295110005081
3643.731295418423,-2.0266740355416064e-06,2.5548970555957266e-06,-7.289872680995892,-53.29557398700643,687.7821576705488
3645.7990039349374,-2.0054006762354004e-06,-1.6175969489420158e-06,-7.289871715494578,-52.19004457234394,686.034810188615
3646.4006956348467,-1.9953134245069198e-06,-2.8211796253876996e-06,-7.28987305299719,-51.86834208132011,685.5263414983236
3647.002387334756,-1.9835780512256014e-06,-4.018384130452251e-06,-7.289875109725436,-51.54664044374916,685.0178722680769
3649.0700958512703,-1.931560076573929e-06,-8.068874759674845e-06,-7.289887627626212,-50.44112711160308,683.2705146109864
3651.1378043677846,-1.8632434557081058e-06,-1.1994956954906021e-05,-7.289908392140762,-49.335642857802235,681.5231385571401
3651.7394960676943,-1.8406423182840184e-06,-1.3109222503976294e-05,-7.289915946611518,-49.01396060579474,681.014657062389
3652.3411877676035,-1.816910084530782e-06,-1.42097164648852e-05,-7.289924165291239,-48.69228234297523,680.5061730440246
3654.408896284118,-1.7275243787912705e-06,-1.7875961659174067e-05,-7.289957370931003,-47.58687293129347,678.7587496432084
3656.4766048006322,-1.6275963867165665e-06,-2.1346484080831286e-05,-7.289997954948352,-46.48152799135108,677.0112854598489
3657.078296500542,-1.5968359620732e-06,-2.2316496193319083e-05,-7.290011092546455,-46.15989270969113,676.5027742531217
3657.679988200451,-1.5653985558281905e-06,-2.3267940631854057e-05,-7.290024806948406,-45.83826422683094,675.9942587462765
3659.7476967169655,-1.4528915953558777e-06,-2.6389376251375438e-05,-7.290076186457562,-44.733046734653264,674.2467139532413
3661.81540523348,-1.3347929720953541e-06,-2.9272399306176734e-05,-7.290133773701883,-43.62792445638178,672.4991089470152
3662.417096933389,-1.2996277906582026e-06,-3.0064902034898292e-05,-7.290151626593936,-43.30635944945902,671.9905532980422
3663.0187886332983,-1.2641680589073125e-06,-3.083627655463716e-05,-7.290169949416887,-42.98480360873075,671.4819918533989
3665.0864971498127,-1.1406404732189274e-06,-3.3322758768568054e-05,-7.290236324789274,-41.87985306945557,669.7342782573525
3667.154205666327,-1.0156000667615562e-06,-3.55522579053526e-05,-7.290307575799055,-40.77502279866951,667.9864886304664
3667.7558973662367,-9.791317878313407e-07,-3.6152310373660545e-05,-7.290329149046929,-40.453547136933956,667.477876498596
3668.357589066146,-9.426770113946585e-07,-3.673051764652822e-05,-7.290351076781091,-40.132082504115694,666.9692573959913
3670.4252975826603,-8.179597777440245e-07,-3.855046924519642e-05,-7.2904289504847535,-39.02745879148856,665.2213372144895
3672.4930060991746,-6.949269770282139e-07,-4.011428341585148e-05,-7.29051032250906,-37.92297425687614,663.4733290853865
3673.0946977990843,-6.595951558814131e-07,-4.0521732403377035e-05,-7.290534582456976,-37.60160240940098,662.9646513510473
3673.6963894989935,-6.245112548178106e-07,-4.0908065924271794e-05,-7.290559081655116,-37.28024293070932,662.4559658026475
3675.764098015508,-5.061786887832797e-07,-4.2076339153077965e-05,-7.290644916876856,-36.17598997088362,660.7078113736691
3677.8318065320223,-3.918818027229867e-07,-4.300410743223984e-05,-7.290732919100027,-35.071888962647776,658.9595609711471
3678.433498231932,-3.5948835497554215e-07,-4.323010432003835e-05,-7.290758862965781,-34.75063078501599,658.4508114403843
3679.035189931841,-3.275085660795513e-07,-4.343678101652971e-05,-7.290784937749648,-34.42938580979064,657.9420535730252
3681.1028984483555,-2.2099964366092092e-07,-4.400289176996608e-05,-7.290875374575696,-33.32553190972677,656.1936471346486
3683.17060696487,-1.201015404760187e-07,-4.435457388678975e-05,-7.290966760265806,-32.221836964084815,654.4451403508003
3683.7722986647796,-9.186229773584632e-08,-4.4418298158872606e-05,-7.290993467625707,-31.90069795847404,653.9363155864595
3684.373990364689,-6.414038140669523e-08,-4.4465213113495216e-05,-7.291020209213478,-31.579572524962025,653.4274822565062
3686.441698881203,2.7039601268282626e-08,-4.450244924234193e-05,-7.291112220137494,-30.476131536341388,651.6788151953223
3688.5094073977175,1.117157425645049e-07,-4.435787576858038e-05,-7.291204120090333,-29.372851351828157,649.9300466741254
3689.1110990976267,1.3510176464115238e-07,-4.428358432146411e-05,-7.291230787697312,-29.051833121054372,649.421145704163
3689.712790797536,1.579198405855498e-07,-4.419540220261488e-05,-7.2912574074619645,-28.730828427790545,648.9122361948853
3691.7804993140503,2.3194316079051944e-07,-4.379116498267561e-05,-7.291348397907013,-27.627801486247215,647.1633079309336
3693.8482078305647,2.991432997569601e-07,-4.3240923288106125e-05,-7.291438401559965,-26.52493282203425,645.4142798534078
3694.4498995304743,3.174125882090048e-07,-4.3055404852836714e-05,-7.291464363463212,-26.204033646990638,644.905303801747
3695.0515912303836,3.3510724637888223e-07,-4.2859063042291125e-05,-7.291490211536741,-25.883147640203347,644.3963194479717
3697.119299746898,3.915374656508124e-07,-4.2106666755190786e-05,-7.291578072632992,-24.78052524872677,642.6471361047589
3699.1870082634123,4.412845921025521e-07,-4.124449856708354e-05,-7.291664264504879,-23.678055086648268,640.8978568107347
3699.788699963322,4.5452385505896893e-07,-4.097497548919998e-05,-7.291688999762158,-23.35727056612634,640.3888084897515
3700.390391663231,4.672157191022218e-07,-4.069763723539015e-05,-7.291713571501214,-23.036498583305196,639.8797522681184
3702.4581001797455,5.067123890057305e-07,-3.968966980674429e-05,-7.291796693229125,-21.93426284307268,638.1303252534741
3704.52580869626,5.400125945608085e-07,-3.860644101841772e-05,-7.291877652964918,-20.832170630756746,636.3808078163867
3705.127500396169,5.485734823717737e-07,-3.8278928524820706e-05,-7.291900783375887,-20.511494333213303,635.8716913131242
3705.7291920960784,5.566391623414897e-07,-3.794639304234697e-05,-7.291923716122539,-20.190829753619777,635.362567429237
3707.7969006125927,5.80670796013053e-07,-3.676963789640745e-05,-7.292000969197089,-19.088956582472445,633.6129120284103
3709.864609129107,5.992331721240694e-07,-3.554884675207793e-05,-7.292075743558191,-17.987216412250998,631.863172875052
3710.4663008290167,6.036526803867537e-07,-3.518695393734416e-05,-7.292097023829202,-17.666640499941373,631.353993156143
3711.067992528926,6.076452713557735e-07,-3.482250513520709e-05,-7.29211808636726,-17.346075363691526,630.8448066528133
3713.1357010454403,6.182237288144509e-07,-3.355434323841388e-05,-7.292188781013241,-16.244536579571335,629.0949407109861
3715.2034095619547,6.242057304644241e-07,-3.226906024045246e-05,-7.292256835769338,-15.143119194461091,627.3449983543387
3715.8051012618644,6.251340175609738e-07,-3.189319737086989e-05,-7.2922761383808,-14.82263499088452,626.835760907795
3716.4067929617736,6.257126094985595e-07,-3.151685400719395e-05,-7.292295215337212,-14.502160558690239,626.3265173117998
3718.474501478288,6.251581538136067e-07,-3.022300537766342e-05,-7.29235904450429,-13.400925740679915,624.5764600603832
3720.5422099948023,6.209442015652121e-07,-2.893408658697986e-05,-7.292420203466265,-12.29980029294945,622.8263339916465
3721.143901694712,6.190831291271691e-07,-2.85610297825352e-05,-7.292437500285934,-11.979398774275067,622.3170445174374
3721.745593394621,6.169519440620347e-07,-2.8189146903488564e-05,-7.29245457349099,-11.659006009539677,621.8077495360596
3723.8133019111356,6.076945839012646e-07,-2.6922571344913923e-05,-7.292511547191901,-10.55804408124569,620.0575205966348
3725.88101042765,5.957122896821689e-07,-2.567795449346379e-05,-7.292565924685838,-9.45717959964677,618.3072303631246
3726.4827021275596,5.917644819114835e-07,-2.5320710752500137e-05,-7.292581267086238,-9.136851799374748,617.7978945190229
3727.084393827469,5.876237957998222e-07,-2.4965874803789984e-05,-7.292596395616495,-8.816531762782756,617.2885537922913
3729.152102343983,5.720434392863703e-07,-2.376663011926997e-05,-7.292646772044649,-7.715812270692897,615.5381723744382
3731.2198108604975,5.546188652017647e-07,-2.260150772279222e-05,-7.292694704061822,-6.615178818526603,613.7877368536183
3731.8215025604068,5.492487007093337e-07,-2.226941996611022e-05,-7.292708202984752,-6.2949161418836415,613.2783600582414
3732.423194260316,5.437565379811464e-07,-2.1940577109435906e-05,-7.292721503295443,-5.974660295710893,612.7689789683488
3734.4909027768304,5.240618419080091e-07,-2.0836426868355362e-05,-7.292765721278429,-4.874154378285206,611.018463263142
3736.5586112933447,5.033128657827564e-07,-1.9774089489996665e-05,-7.292807699428959,-3.7737239056888567,609.2679001298267
3737.1603029932544,4.971178496864916e-07,-1.9473121875136896e-05,-7.292819506518005,-3.453518356068994,608.7584874211942
3737.7619946931636,4.908630616045316e-07,-1.9175880054532773e-05,-7.2928311337501,-3.1333187810891845,608.2490709570619
3739.829703209678,4.690068713672948e-07,-1.8183449164858263e-05,-7.29286974999719,-2.032999842519156,606.4984377167523
3741.8974117261923,4.467718728132075e-07,-1.7236602138467267e-05,-7.292906361313541,-0.9327467526363804,604.7477630904802
3742.499103426102,4.402645458533467e-07,-1.6969749560052135e-05,-7.292916651925139,-0.612591076781403,604.2383190357056
3743.1007951260112,4.3374927610421814e-07,-1.6706798764068935e-05,-7.292926783164103,-0.29244060887134743,603.7288717080634
3745.1685036425256,4.113770279085639e-07,-1.5833090645538604e-05,-7.292960416726744,0.8077152752164758,601.9781359942828
3747.23621215904,3.891748789595879e-07,-1.5005465957305481e-05,-7.2929922913592105,1.9078138149669406,600.2273642467941
3747.837903858949,3.8277300870824436e-07,-1.4773237448187075e-05,-7.293001249978052,2.227926053318758,599.7178928966791
3748.4395955588584,3.7640425183464046e-07,-1.4544838661830332e-05,-7.293010069960127,2.5480337568821994,599.2084186972706
3750.5073040753728,3.548307885218076e-07,-1.3788949860816349e-05,-7.29303935538685,3.648047665645188,597.4575937747153
3752.575012591887,3.3384730727596377e-07,-1.3077058738152755e-05,-7.293067123343041,4.748011628734116,595.7067374730894
3753.176704291797,3.278718717803522e-07,-1.2877991737362926e-05,-7.29307493167809,5.0680860351815165,595.1972423543
3753.778395991706,3.219597512799474e-07,-1.2682492388775896e-05,-7.293082621194749,5.3881564880456665,594.6877447518073
3755.8461045082204,3.021694486291163e-07,-1.2037386427287526e-05,-7.293108171053582,6.488046672545137,592.9368421014466
3757.9138130247347,2.832651676144899e-07,-1.1432285025893167e-05,-7.293132428380205,7.587893252948829,591.1859120603925
3758.5155047246444,2.77943728204888e-07,-1.1263455384035465e-05,-7.293139256208716,7.907934636415794,590.6763961974368
3759.1171964245536,2.727058379163256e-07,-1.109779709110388e-05,-7.2931459832558385,8.227972561737989,590.1668781623318
3761.184904941068,2.553708582600228e-07,-1.0552026955031762e-05,-7.2931683600328725,9.327754610400921,588.4159075873365
3763.2526134575824,2.3910491684407655e-07,-1.004099527429154e-05,-7.293189644230843,10.427498434269284,586.6649130039656
3763.854305157492,2.3457971871575172e-07,-9.898495951581212e-06,-7.293195642891916,10.747510876395086,586.1553789632763
3764.4559968574013,2.3014924603685385e-07,-9.758688388231276e-06,-7.293201556449172,11.067520279489042,585.6458430139335
3766.5237053739156,2.1566087258217636e-07,-9.297984486435618e-06,-7.293221253315105,12.167207390502021,583.8948128123152
3768.59141389043,2.0232616877389166e-07,-8.866045591546087e-06,-7.293240027318475,13.266860819491042,582.1437614580504
3769.1931055903397,1.9866480919258875e-07,-8.745414699466892e-06,-7.2932453256340155,13.586847767902348,581.6342114069428
3769.794797290249,1.9510180030234755e-07,-8.626957090973496e-06,-7.29325055184095,13.90683203153952,581.1246596698586
3771.8625058067632,1.8361026394731796e-07,-8.235623322178618e-06,-7.293267981403317,15.006435353940761,579.3735768498566
3773.9302143232776,1.7327543695285443e-07,-7.866854832074876e-06,-7.293284625130722,16.106008843611157,577.622475296549
3774.531906023187,1.7048356763632373e-07,-7.763440742708897e-06,-7.293289327447675,16.42597321876108,577.1129110705939
3775.133597723096,1.6778743778495844e-07,-7.661679425844917e-06,-7.293293967863114,16.745935210968373,576.6033453483526
3777.2013062396104,1.5924617234225333e-07,-7.323763141304467e-06,-7.293309457778802,17.84546422078001,574.8522158654898
3779.2690147561248,1.5180064673678543e-07,-7.00237486876503e-06,-7.293324266069659,18.94496670242787,573.1010697259429
3779.8707064560344,1.498350101102448e-07,-6.911632226568385e-06,-7.293328452068538,19.26491100919264,572.5914928992448
3780.4723981559437,1.4795788009532167e-07,-6.822048764564961e-06,-7.293332583654824,19.58485319491787,572.0819147408297
3782.540106672458,1.4216885058465064e-07,-6.522270247839e-06,-7.29334637784932,20.68431607807623,570.3307437389726
3784.6078151889724,1.373678088124551e-07,-6.23344032140407e-06,-7.293359563508467,21.783755337968877,568.5795579055955
3785.209506888882,1.3614933728984884e-07,-6.151155919594661e-06,-7.293363289404512,22.103681774850283,568.0699698594998
3785.8111985887913,1.350088131163121e-07,-6.069585213233096e-06,-7.293366965862349,22.42360632453339,567.5603806285988
3787.8789071053056,1.3166621319957048e-07,-5.794028477500309e-06,-7.293379230070298,23.52301034414907,565.8091726709714
3789.94661562182,1.2917310900367132e-07,-5.5245050093143e-06,-7.29339093074475,24.622393379941897,564.0579515399214
3790.548307321729,1.2859891531069611e-07,-5.4469564813172466e-06,-7.293394231513582,24.94230394040975,563.5483535267381
3791.1499990216385,1.2809017135047964e-07,-5.369738240083453e-06,-7.29339748560123,25.26221283018057,563.0387544647433
3793.217707538153,1.2682052081003023e-07,-5.106317404595271e-06,-7.293408315987334,26.36156466139973,561.2875137444505
3795.285416054667,1.2624537286286998e-07,-4.844803821879125e-06,-7.293418603667749,27.460898001150667,559.5362614161587
3795.887107754577,1.2619963063151279e-07,-4.768857082493353e-06,-7.293421495951597,27.78079456327599,559.0266546154976
3796.488799454486,1.262059320763173e-07,-4.692926832807263e-06,-7.29342434244811,28.100689663103438,558.5170468969073
3798.5565079710004,1.266032000069411e-07,-4.4316512379137625e-06,-7.293433776168872,29.19999568424479,556.7657774198965
3800.624216487515,1.2753556949372424e-07,-4.169000991714334e-06,-7.293442668226666,30.299285658653474,555.0144978701363
3801.2259081874245,1.2789860530930157e-07,-4.092154307824288e-06,-7.293445153614527,30.619170060659123,554.5048834363793
3801.8275998873337,1.283003666808754e-07,-4.015082012922916e-06,-7.293447592625129,30.939053208233286,553.9952682152189
3803.895308403848,1.2995536467317464e-07,-3.748148883524329e-06,-7.293455619331985,32.03831974172574,552.2439739516581
3805.9630169203624,1.3199141162236991e-07,-3.4773997515955565e-06,-7.293463090153738,33.13757270482028,550.4926711701896
3806.564708620272,1.326472056318743e-07,-3.3977834550073892e-06,-7.293465158574266,33.45744680546247,549.9830502704236
3807.1664003201813,1.3332916786774384e-07,-3.317768807570066e-06,-7.293467178922106,33.777319864854825,549.4734287170967
3809.2341088366957,1.3585289358496154e-07,-3.039515103934887e-06,-7.293473752369033,34.87655336566103,547.7221137197445
3811.30181735321,1.386164026786694e-07,-2.755795170076023e-06,-7.293479744817116,35.975775863026655,545.9707918159978
3811.9035090531197,1.3945822049886565e-07,-2.6721363691562406e-06,-7.2934813778323875,36.295641586791945,545.4611656584074
3812.505200753029,1.403149830409554e-07,-2.587970145672137e-06,-7.293482960330415,36.61550649198483,544.9515389870429
3814.5729092695433,1.4335603215319103e-07,-2.2947157363396646e-06,-7.293488009420246,37.7147136845967,543.2002074773158
3816.6406177860576,1.465136025447152e-07,-1.9950528578379123e-06,-7.293492445520009,38.81391257134155,541.4488707545117
3817.242309485967,1.4744804593966388e-07,-1.9066143215742854e-06,-7.293493619357984,39.133771939289716,540.9392406077621
3817.844001185876,1.4838787798963502e-07,-1.8176148903656457e-06,-7.293494739804246,39.45363072348702,540.4296100946334
3819.9117097023905,1.5164428773000633e-07,-1.507427855057978e-06,-7.293498178576642,40.552818691208515,538.6782665187252
3821.979418218905,1.549151879211333e-07,-1.190492532582665e-06,-7.293500968995911,41.65200120419798,536.9269195192976
3822.5811099188145,1.5586468027160805e-07,-1.0969942432622598e-06,-7.293501657206749,41.971856351907235,536.417286723822
3823.1828016187237,1.5681187567490014e-07,-1.0029276581435358e-06,-7.293502288993361,42.29171116413993,535.9076537177956
3825.250510135238,1.6003801510099652e-07,-6.753398786048145e-07,-7.293504025215279,43.39088739625963,534.1563027763774
3827.3182186517524,1.6319932489572076e-07,-3.4114840748974545e-07,-7.2935050772538945,44.4900611867672,532.4049503025652
3827.919910351662,1.6410330054476466e-07,-2.426793613201218e-07,-7.293505252918298,44.80991437125846,531.8953162749424
3828.5216020515713,1.649992374378367e-07,-1.436704722933715e-07,-7.29350536918676,45.12976748219783,531.3856822011577
3830.5893105680857,1.680084311389984e-07,2.006318406339758e-07,-7.2935053113475155,46.228939885863454,529.634328856945
3832.6570190846,1.708962340151307e-07,5.510307885836868e-07,-7.293504535288407,47.32811301975417,527.882975971031
3833.2587107845093,1.717112436915163e-07,6.541041009586798e-07,-7.293504172743619,47.64796661751022,527.3733422027786
3833.8604024844185,1.7251434205402964e-07,7.576631898070881e-07,-7.293503748055934,47.96782041662101,526.8637085609005
3835.928111000933,1.751780137586508e-07,1.1171533453249038e-06,-7.293501810690059,49.06699730084352,525.112358028752
3837.995819517447,1.7768537969467307e-07,1.4819896001271061e-06,-7.293499124476234,50.166178233816794,523.3610100376749
3838.597511217357,1.7838427421145363e-07,1.5891127551651053e-06,-7.293498200556577,50.48603473209471,522.8513780898438
3839.199202917266,1.7906916592619584e-07,1.6966517650101547e-06,-7.293497212082212,50.805891718327835,522.341746448266
3841.2669114337805,1.813132313610905e-07,2.0692641993713097e-06,-7.293493319442926,51.90508175765798,520.5904041725528
3843.334619950295,1.8338575429162617e-07,2.446339356995207e-06,-7.293488651735926,53.00427929302499,518.8390666015807
3843.9363116502045,1.8395628433679553e-07,2.5568535156820835e-06,-7.293487146549745,53.32414127661597,518.3294380964967
3844.5380033501137,1.8451224521214456e-07,2.6677066197792515e-06,-7.293485574792704,53.644004044783465,517.8198100838449
3846.605711866628,1.8631148274825822e-07,3.0511135504965406e-06,-7.2934796629769325,54.743216229917735,516.0684817076371
3848.6734203831425,1.8794102226904215e-07,3.4380653369747157e-06,-7.293472954722515,55.84243946597177,514.3171602675342
3849.275112083052,1.883838511341712e-07,3.551281678245805e-06,-7.29347085200637,56.16230960141905,513.8075368789519
3849.8768037829614,1.8881290983638442e-07,3.664760779834247e-06,-7.293468681115024,56.48218082624068,513.2979141741301
3851.9445122994757,1.9018390582309167e-07,4.056614745413576e-06,-7.293460698799135,57.581424408219206,511.54660550438376
3854.01222081599,1.9140114409979472e-07,4.451144568007496e-06,-7.2934519034770116,58.68068268156797,509.795306056058
3854.6139125158998,1.9172769766200495e-07,4.5664075742723285e-06,-7.293449190581502,59.00056370063638,509.2856894988496
3855.215604215809,1.9204228635169478e-07,4.6818642385481295e-06,-7.2934464082967985,59.320446120223714,508.77607382073774
3857.2833127323233,1.930355043659743e-07,5.080000426235817e-06,-7.293436316282705,60.419730554065644,507.0247907931403
3859.3510212488377,1.9390177608901847e-07,5.480059055306618e-06,-7.293425399051493,61.519033384411046,505.2735193132123
3859.952712948747,1.9413173391788455e-07,5.596797347171157e-06,-7.293422066622038,61.838928068333985,504.7639113335463
3860.554404648656,1.9435237352776423e-07,5.71367219385856e-06,-7.293418663928139,62.15882446860546,504.25430443128596
3862.6221131651705,1.9504374108000903e-07,6.1162669752361184e-06,-7.293406433724992,63.258159361261555,502.50305307782116
3864.689821681685,1.956425415723203e-07,6.5201956023404045e-06,-7.2933933696941775,64.35751640210657,500.7518156279193
3865.2915133815945,1.958014698089108e-07,6.637959679512287e-06,-7.293389411115161,64.67742756783724,500.2422179947003
3865.8932050815038,1.9595415769890427e-07,6.755818623514157e-06,-7.293385381661354,64.99734076905582,499.73262163931327
3867.960913598018,1.9643651482051387e-07,7.161502683684246e-06,-7.29337099334171,66.09673583550452,497.9814080609417
3870.0286221145325,1.9686494276157962e-07,7.568128362869733e-06,-7.293355765212176,67.19615683419202,496.2302107628582
3870.630313814442,1.969816778645437e-07,7.686615052881864e-06,-7.293351175885102,67.51608732356976,495.7206252609959
3871.2320055143514,1.970955519326593e-07,7.805172270339486e-06,-7.293346515249676,67.83602016987851,495.2110412388857
3873.2997140308657,1.974701652862792e-07,8.213098173115915e-06,-7.293329954823503,68.93548520009699,493.45987158505153
3875.36742254738,1.9783052595014835e-07,8.621783931910026e-06,-7.293312550139879,70.03497996948641,491.7087206032031
3875.9691142472893,1.9793489822509658e-07,8.740847720046096e-06,-7.293307326666144,70.35493264190904,491.19914902908295
3876.5708059471986,1.9803965731984524e-07,8.859975513564056e-06,-7.293302031532772,70.67488799441935,490.689579137766
3878.638514463713,1.9840798460680083e-07,9.269840572560933e-06,-7.293283288080603,71.77443283286324,488.93845959375756
3880.7062229802273,1.987996640343726e-07,9.680491367735922e-06,-7.293263696334618,72.8740112358565,487.18736112571435
3881.307914680137,1.9891999122286523e-07,9.800142985372616e-06,-7.293257835672027,73.193988964733,486.6778052850405
3881.909606380046,1.9904374756627472e-07,9.919868978460592e-06,-7.293251902987522,73.51396969840444,486.1682513312579
3883.9773148965605,1.9949953503206175e-07,1.033189500835154e-05,-7.293230965787447,74.61360423655027,484.4171881137683
3886.045023413075,2.000112680417713e-07,1.0744921313406024e-05,-7.293209175603496,75.71327618361373,482.6661483889421
3886.6467151129846,2.001723214144623e-07,1.0865314156603015e-05,-7.293202674263067,76.03328185656349,482.1566100969346
3887.248406812894,2.0033919889244623e-07,1.0985806373507996e-05,-7.293196100442746,76.35329086080822,481.6470738971038
3889.316115329408,2.0096102214100695e-07,1.1400678399784288e-05,-7.293172956316073,77.45302504227261,479.89607325769373
3891.3838238459225,2.0166360771315264e-07,1.1816919671759532e-05,-7.293148952939371,78.55280050107822,478.14509854364206
3891.985515545832,2.0188432674019306e-07,1.1938324719130472e-05,-7.293141806285691,78.87283702355036,477.63557962738315
3892.5872072457414,2.0211261110158794e-07,1.2059865265030033e-05,-7.293134586529157,79.19287720620272,477.12606301016336
3894.6549157622558,2.0295691441253428e-07,1.247863170213364e-05,-7.293109217617365,80.29272104296129,475.3751312457008
3896.72262427877,2.038964926962455e-07,1.28992424128201e-05,-7.293082980911929,81.39261005830267,473.6242278608938
3897.32431597868,2.041882937061501e-07,1.3022012474441552e-05,-7.293075182626291,81.71268036001017,473.11473016344394
3897.926007678589,2.0448830804526698e-07,1.3144960632509122e-05,-7.293067310402389,82.03275465402695,472.6052349740218
3899.9937161951034,2.0558307160162849e-07,1.356889792335095e-05,-7.293039692573335,83.13271825132666,470.8543784425964
3902.0614247116177,2.0677505115557774e-07,1.3995199373294903e-05,-7.2930111957213315,84.23273097256224,469.1035527739274
3902.663116411527,2.0713987615975294e-07,1.4119723637430544e-05,-7.293002737482124,84.55283801586951,468.59407815967575
3903.264808111436,2.0751254602733114e-07,1.4244469404240327e-05,-7.292994204236933,84.87294938787137,468.08460626521145
3905.3325166279506,2.0885169557518455e-07,1.467491475835714e-05,-7.292964306300677,85.9730429745735,466.3338314054787
3907.400225144465,2.1027551885641883e-07,1.5108216623698744e-05,-7.292933515375673,87.07318968702545,464.58308992828086
3908.0019168443746,2.107046378795841e-07,1.5234866731325042e-05,-7.2929243868046445,87.39333647619374,464.07364028883933
3908.603608544284,2.1113979942242876e-07,1.5361776019348828e-05,-7.292915181940395,87.71348793572807,463.5641935843733
3910.671317060798,2.1267858016091305e-07,1.5799932779597197e-05,-7.29288296583331,88.81372189605125,461.81350693580407
3912.7390255773125,2.1427351704393396e-07,1.6241329347152726e-05,-7.292849840396266,89.9140130520607,460.062856233679
3913.340717277222,2.1474611601646953e-07,1.6370398506714597e-05,-7.2928400293120355,90.23420264205247,459.55343349350863
3913.9424089771314,2.152217088569396e-07,1.6499751600198043e-05,-7.292830140477377,90.55439725025757,459.0440139075003
3916.010117493646,2.1687325037464934e-07,1.6946472964357752e-05,-7.292795562546022,91.65478215223344,457.2934221285931
3918.07782601016,2.1853552501059092e-07,1.7396620331458985e-05,-7.292760057383105,92.75522839696603,455.5428689099686
3918.6795177100694,2.1901827326321535e-07,1.7528257426903428e-05,-7.292749550394063,93.07546390034224,455.03347503081517
3919.2812094099786,2.1949935940928632e-07,1.7660182663091318e-05,-7.292738964116635,93.39570477653157,454.5240845293833
3921.348917926493,2.2113277271476414e-07,1.8115741004477452e-05,-7.292701977598334,94.49625139196803,452.77359441056876
3923.4166264430073,2.2271432997958124e-07,1.8574623156877843e-05,-7.2926640456818275,95.59686357860919,451.0231455186176
3924.018318142917,2.2316084543187816e-07,1.8708764267075222e-05,-7.292652829138924,95.91714816893489,450.51378250176083
3924.620009842826,2.2359977643318615e-07,1.8843169454865568e-05,-7.292641531819267,96.23743849350636,450.00442309062106
3926.6877183593406,2.250401177138327e-07,1.930702029663895e-05,-7.2926020905729745,97.33815780391194,448.25404155836816
3928.755426875855,2.2634943403471397e-07,1.9773713883632403e-05,-7.2925616872793535,98.43894699263022,446.5037039707455
3929.3571185757646,2.2670101506284496e-07,1.991001423490278e-05,-7.292549748594806,98.75928390274336,445.99437385602556
3929.958810275674,2.270375655876232e-07,2.0046518866638116e-05,-7.292537727865798,99.07962691476601,445.485047579089
3932.026518792188,2.2806808686141252e-07,2.0517070589940116e-05,-7.292495791353152,100.18053009756744,443.73478168763694
3934.0942273087026,2.288733932540626e-07,2.098952029149247e-05,-7.292452879914459,101.28150753260043,441.9845625024736
3934.6959190086122,2.2905980052474785e-07,2.1127290242061365e-05,-7.292440209234748,101.60190004611074,441.47526736306236
3935.2976107085215,2.292227530233813e-07,2.126516219963855e-05,-7.292427455672727,101.92229903396306,440.965976296665
3937.365319225036,2.2958980310095246e-07,2.1739564673429712e-05,-7.292382995124409,103.02339742349417,439.2158332038924
3939.43302774155,2.296251300191188e-07,2.221438314639132e-05,-7.292337553219966,104.1245744829749,437.4657396086361
3940.03471944146,2.2956693374481553e-07,2.235253243674879e-05,-7.2923241454205225,104.44502591746019,436.9564815405827
3940.636411141369,2.2947577535228986e-07,2.249063345630498e-05,-7.292310654572973,104.76548420100463,436.4472277823876
3942.7041196578834,2.288967306232141e-07,2.2964600779715777e-05,-7.292263660199636,105.86678921921049,434.6972147066072
3944.771828174398,2.278710683595082e-07,2.3436909069968805e-05,-7.292215687515218,106.96817733295403,432.94725392667493
3945.373519874307,2.2748216494389562e-07,2.35739040674198e-05,-7.2922015444602755,107.28869101352349,432.4380350323783
3945.9752115742162,2.2705050199475642e-07,2.3710648775692598e-05,-7.292187319130664,107.60921191651607,431.9288206841201
3948.0429200907306,2.2522495861219268e-07,2.4178332979744344e-05,-7.292137808151955,108.7107349691467,430.17894483910527
3950.110628607245,2.2283477163168134e-07,2.4641658733008547e-05,-7.2920873346446315,109.81234550060151,428.4291240639128
3950.7123203071546,2.2202667961724358e-07,2.4775497807422958e-05,-7.292072467629271,110.13292472281012,427.9199464288692
3951.314012007064,2.2116581652648194e-07,2.4908831460501025e-05,-7.292057520332998,110.45351153457294,427.4107735723163
3953.381720523578,2.1779018334563494e-07,2.5362765033741332e-05,-7.292005545505203,111.55526386987799,425.661042078628
3955.4494290400926,2.1373528468395396e-07,2.5809016519995105e-05,-7.291952640017246,112.65710795984587,423.9113683634399
3956.0511207400023,2.1242157793930278e-07,2.5937228781748794e-05,-7.291937072280857,112.97775594138382,423.40223402588697
3956.6528124399115,2.110459228433343e-07,2.606462896530917e-05,-7.291921427758393,113.29841186722199,422.89310469167924
3958.720520956426,2.0583128087414898e-07,2.6495754112562085e-05,-7.291867085985197,114.40040439582218,421.1435244634033
3960.78822947294,1.9983388823292726e-07,2.6915287650089277e-05,-7.291811864754891,115.50249276738329,419.3940046065859
3961.3899211728494,1.97936399355601e-07,2.703496009383248e-05,-7.2917956339276815,115.8232125885286,418.88491552001693
3961.9916128727587,1.9596885252238009e-07,2.7153467341291282e-05,-7.291779331573532,116.14394068895012,418.3758316493969
3964.059321389273,1.8866171886548075e-07,2.755126859142168e-05,-7.291722772091572,117.24618376565381,416.62640925671025
3966.1270299057874,1.804881417386025e-07,2.7933065042787405e-05,-7.291665406619203,118.34852649198528,414.87704965338423
3966.728721605697,1.7794296592539549e-07,2.8040902424403066e-05,-7.2916485669381075,118.6693210254919,414.36800764233743
3967.3304133056063,1.7532193232970072e-07,2.8147184003844855e-05,-7.291631662979405,118.99012414498735,413.8589710422314
3969.3981218221206,1.657271502921616e-07,2.8499937770364047e-05,-7.291573094528774,120.09262731580901,412.10971255178015
3971.465830338635,1.552112315977173e-07,2.883190000329491e-05,-7.291513818181586,121.19523355520785,410.360519026521
3972.0675220385447,1.5197610689741896e-07,2.892432056034446e-05,-7.291496442291837,121.51610538708798,409.85152573654267
3972.669213738454,1.486619139717499e-07,2.9014770323124326e-05,-7.291479011531041,121.83698607402222,409.342538028952
3974.7369222549682,1.366665240448664e-07,2.9309919915264403e-05,-7.2914187078608625,122.93975779446794,407.5934488257972
3976.8046307714826,1.237334497581491e-07,2.9579297108525414e-05,-7.291357820552258,124.04263549979213,405.844426448866
3977.4063224713923,1.1979413392592406e-07,2.965256527205254e-05,-7.2913400006991695,124.36358684331192,405.3354832920906
3978.0080141713015,1.1577639717114147e-07,2.9723440481893422e-05,-7.291322137624816,124.68454726334582,404.8265458592973
3980.075722687816,1.0137279739569857e-07,2.9948097516157294e-05,-7.291260440657669,125.78759459703616,403.0776304560899
3982.14343120433,8.606144036586787e-08,3.014203361579408e-05,-7.291198310926221,126.89075020981255,401.32878334960446
3982.74512290424,8.143853210815998e-08,3.019242820255021e-05,-7.291180159342327,127.21178281590369,400.8198914479589
3983.346814604149,7.67418006074928e-08,3.0240021443204795e-05,-7.291161978414075,127.53282466224643,400.31100537561616
3985.4145231206635,6.004803055297769e-08,3.0381584325800934e-05,-7.291099298414129,128.63615297196435,398.5622672165832
3987.482231637178,4.252938699163788e-08,3.048777655889504e-05,-7.2910363622714955,129.73959111437088,396.8135983589317
3988.083923337087,3.728273981975416e-08,3.051178936654824e-05,-7.291018010581445,130.06070618250595,396.30475848750933
3988.6856150369963,3.197180960483266e-08,3.053263003373546e-05,-7.290999645514978,130.38183058713443,395.7959245082182
3990.7533235535107,1.3246169304100413e-08,3.057949696707791e-05,-7.2909364576884546,131.4854432331689,394.04736577733166
3992.821032070025,-6.1650606532449175e-09,3.0586935934707416e-05,-7.290873213717539,132.5891664137083,392.29887681580584
3993.4227237699347,-1.1933050639241843e-08,3.0581491291419314e-05,-7.290854811221468,132.9103645080066,391.79008934942163
3994.024415469844,-1.7751312061002064e-08,3.057256663258731e-05,-7.290836413139904,133.23157195868663,391.28130778985144
3996.0921239863583,-3.8104603140959556e-08,3.0514904354809805e-05,-7.29077325025887,134.33547002157007,389.5329292339903
3998.1598325028726,-5.89488609246216e-08,3.0414649815709865e-05,-7.290710250640802,135.4394783721647,387.7846203168705
3998.7615242027823,-6.509443348218486e-08,3.0377330315996212e-05,-7.290691961401209,135.76075934798538,387.27588518312757
3999.3632159026915,-7.127152728764162e-08,3.033631063773971e-05,-7.290673695787141,136.0820496163844,386.7671559180314
4001.430924419206,-9.270952876558093e-08,3.0166820886746963e-05,-7.290611136684735,137.18623166240764,385.01895669680835
4003.4986329357203,-1.143957010917483e-07,2.9952747025032985e-05,-7.290548974131197,138.29052272544362,383.2708263366764
4004.1003246356295,-1.2073824212935703e-07,2.9882004606295633e-05,-7.290530972883034,138.61188567185104,382.76214297897394
4004.7020163355387,-1.2709036794531608e-07,2.9807451031332513e-05,-7.290513015363711,138.93325775811468,382.2534653955224
4006.769724852053,-1.4895579558974163e-07,2.95220547582608e-05,-7.290451669516124,140.0377196658818,380.50544296941507
4008.8374333685674,-1.7079353214279796e-07,2.9191475782784182e-05,-7.2903909604971675,141.14228824892834,378.75748794901523
4009.439125068477,-1.7712719723117742e-07,2.908680040621776e-05,-7.290373427530257,141.46373145204473,378.2488553027016
4010.0408167683863,-1.834463269716835e-07,2.8978326733144107e-05,-7.290355958661853,141.78518355076773,377.7402282782874
4012.1085252849007,-2.0501381573843576e-07,2.8576661673124297e-05,-7.290296447563549,142.88991841500422,375.99237834545903
4014.176233801415,-2.2626856807056803e-07,2.813072465679627e-05,-7.290237812762256,143.99475652798338,374.2445936755969
4014.7779255013247,-2.3237920685466066e-07,2.7992736346183774e-05,-7.290220928091852,144.31627745920133,373.7360101598266
4015.379617201234,-2.384518771318862e-07,2.7851090527770554e-05,-7.290204127478625,144.63780695060123,373.2274320557952
4017.4473257177483,-2.5899354786239465e-07,2.7336704273323125e-05,-7.290147064126858,145.7428050748797,371.4797485451505
4019.5150342342627,-2.7895380066619545e-07,2.678044493276212e-05,-7.290091107666591,146.84790195884761,369.7321274805996
4020.1167259341723,-2.8463885899228234e-07,2.6610883723606487e-05,-7.290075044981024,147.1694972900404,369.22359100729716
4020.7184176340816,-2.9026438609267915e-07,2.6437926574906158e-05,-7.290059085231955,147.4911007582235,368.7150596798506
4022.786126150596,-3.0911080796588655e-07,2.581811945383617e-05,-7.290005053526838,148.59634974107706,366.967534803332
4024.8538346671103,-3.2714169284603064e-07,2.516018657214615e-05,-7.289952342818658,149.70169198989362,365.22006891773293
4025.45552636702,-3.322235286177184e-07,2.496181224969911e-05,-7.289937263734207,150.02335763538525,364.71157691756554
4026.057218066929,-3.3722805563934634e-07,2.476040898440997e-05,-7.289922304779518,150.3450309132043,364.2030897455732
4028.1249265834435,-3.538089234635734e-07,2.4045804395089367e-05,-7.289871840539401,151.45051582393677,362.45571410753183
4030.192635099958,-3.693853990699658e-07,2.3297953799328754e-05,-7.2898228882648,152.55608759232885,360.7083934233336
4030.794326799867,-3.737203312797037e-07,2.3074386529746256e-05,-7.289808937287115,152.8778187752542,360.1999428872364
4031.3960184997763,-3.7796388398764786e-07,2.2848242503369523e-05,-7.289795121436035,153.19955701319083,359.6914968153721
4033.4637270162907,-3.9183072667110666e-07,2.205219010989052e-05,-7.2897486961956615,154.3052606471871,357.9442595726993
4035.531435532805,-4.0455452275313776e-07,2.1228646871294012e-05,-7.289703945381123,155.41104393316178,356.1970727386449
4036.1331272327147,-4.080360443934631e-07,2.0984175614838926e-05,-7.289691245813927,155.73283527241713,355.68866027252596
4036.734818932624,-4.114168042955782e-07,2.0737642433467228e-05,-7.2896786937785745,156.05463302757153,355.18025186728164
4038.8025274491383,-4.2225213222408184e-07,1.9875538190277407e-05,-7.289636702027628,157.1605362268618,353.4331409313772
4040.8702359656527,-4.318567459166177e-07,1.8992302026404124e-05,-7.2895965147042885,158.2665112132254,351.6860754379546
4041.4719276655624,-4.3441702966142057e-07,1.87316808979101e-05,-7.289585165620667,158.58835682642848,351.1776973276979
4042.0736193654716,-4.3687102451012393e-07,1.8469552385957697e-05,-7.28957397360945,158.91020816697912,350.66932284335445
4044.141327881986,-4.444878523649422e-07,1.7558137020798343e-05,-7.289536723741727,160.0162901897856,348.9223251136704
4046.2090363985003,-4.508352329205503e-07,1.6632284699310665e-05,-7.28950137334102,161.12243562814064,347.1753675360228
4046.8107280984095,-4.524429295697798e-07,1.6360531549806025e-05,-7.289491447641139,161.44432924572357,346.6670198197032
4047.4124197983188,-4.5394320432024667e-07,1.6087843205709174e-05,-7.289481685537042,161.7662278659701,346.15867527116455
4049.480128314833,-4.582781831006094e-07,1.5144521608739582e-05,-7.289449394504198,162.8724667884327,344.41177688967343
4051.5478368313475,-4.613501340825119e-07,1.4193542325894645e-05,-7.289419061902379,163.9787604089385,342.66491314735356
4052.149528531257,-4.620083903006716e-07,1.391574885788088e-05,-7.289410605418959,164.30069549454709,342.1565916915954
4052.7512202311664,-4.6256130544477526e-07,1.3637589662788485e-05,-7.289402315998546,164.622634835731,341.64827293102957
4054.8189287476807,-4.636640483851738e-07,1.2679798072047426e-05,-7.289375107478943,165.72900796950196,339.9014595472316
4056.886637264195,-4.635505778609874e-07,1.172098371780628e-05,-7.28934988045055,166.8354269004702,338.1546751706443
4057.4883289641048,-4.6329268402870066e-07,1.1442142680380477e-05,-7.289342912024272,167.15739677311882,337.6463757482185
4058.090020664014,-4.629351551603013e-07,1.1163484412450104e-05,-7.289336111136326,167.4793701455116,337.1380785426247
4060.1577291805283,-4.6095552030231397e-07,1.0208120667532094e-05,-7.2893140169187784,168.58585445605124,335.3913355793996
4062.2254376970427,-4.5784166797408073e-07,9.258022846030926e-06,-7.289293892670778,169.6923756387633,333.6446159735741
4062.8271293969524,-4.567279941255171e-07,8.98287519371177e-06,-7.289288405095856,170.01437359260427,333.1363343395798
4063.4288210968616,-4.5552270448688143e-07,8.708421949842085e-06,-7.289283082698141,170.33637429477224,332.62805444665975
4065.496529613376,-4.506970894756008e-07,7.77134656225504e-06,-7.289266046920747,171.44294680669304,330.88136735820063
4067.5642381298903,-4.4484892405784566e-07,6.845306308016248e-06,-7.289250937333385,172.54954739242893,329.13469805553734
4068.1659298298,-4.4296193414822665e-07,6.578209819712056e-06,-7.289246899062352,172.87156681047347,328.6264300198142
4068.7676215297092,-4.409940602011068e-07,6.312269115850323e-06,-7.2892430210046415,173.19358824211452,328.1181632598287
4070.8353300462236,-4.3363093923686055e-07,5.4078814833700545e-06,-7.289230906858436,174.30022641962276,326.3715177739696
4072.903038562738,-4.253807352126761e-07,4.5196357534146195e-06,-7.2892206460338596,175.40688413764008,324.62488466870593
4073.504730262647,-4.228214725589303e-07,4.264456317902771e-06,-7.289218003523894,175.72891859628706,324.11662616245025
4074.1064219625564,-4.20193343064688e-07,4.01083305561642e-06,-7.289215513958833,176.05095436155383,323.60836848407195
4076.1741304790708,-4.106576160395945e-07,3.151727702609073e-06,-7.289208112443166,177.1576364538472,321.861750822467
4078.241838995585,-4.0038744723419487e-07,2.313098759344675e-06,-7.289202466137326,178.26432994089888,320.1151403807874
4078.843530695495,-3.9726968988641473e-07,2.0731264368869526e-06,-7.289201146712141,178.586373302671,319.6068875156925
4079.445222395404,-3.9409667957919233e-07,1.8350419697233576e-06,-7.289199971006566,178.90841730144575,319.09863505421924
4081.5129309119184,-3.827916677691035e-07,1.0317539831229986e-06,-7.28919701128717,180.01512264485532,317.35203212506593
4083.5806394284327,-3.7091407716565354e-07,2.5243342874535796e-07,-7.289195687754348,181.12183172883397,315.6054315660634
4084.1823311283424,-3.673593476628567e-07,3.032724973023931e-08,-7.289195602839815,181.44387822132126,315.0971806846903
4084.7840228282516,-3.637628714193292e-07,-1.8963217907372826e-07,-7.289195650842217,181.7659247265146,314.58892981136853
4086.851731344766,-3.511082623839722e-07,-9.28775670288967e-07,-7.289196811694909,182.87263399733317,312.84232937075484
4088.9194398612804,-3.3804203579033754e-07,-1.6413275660632404e-06,-7.289199473389054,183.97933992991747,311.09572681492165
4089.5211315611896,-3.341711478412913e-07,-1.8435592645732315e-06,-7.2892005219524165,184.30138420962118,310.5874745314534
4090.122823261099,-3.3027189808806645e-07,-2.043457585769436e-06,-7.289201691442204,184.62342792927532,310.07922189312256
4092.190531777613,-3.166753634542572e-07,-2.712352396290996e-06,-7.289206613148023,185.73012334377827,308.3326126727236
4094.2582402941275,-3.028140179468685e-07,-3.352859760505861e-06,-7.289212888584849,186.83680897974466,306.5859972564428
4094.859931994037,-2.987382276112571e-07,-3.533833117497602e-06,-7.289214960561969,187.15884618037427,306.077740487524
4095.4616236939464,-2.946450780431601e-07,-3.7123522190256624e-06,-7.289217140658606,187.48088230423596,305.5694830363574
4097.529332210461,-2.8046498841361905e-07,-4.306957875982668e-06,-7.289225436535186,188.5875477656305,303.82285483728106
4099.597040726975,-2.6613594674043166e-07,-4.872089246143131e-06,-7.2892349314108245,189.6941976900624,302.07621679407424
4100.198732426885,-2.6194349580990347e-07,-5.030958823140161e-06,-7.2892379108401615,190.01622345594888,301.5679527801537
4100.8004241267945,-2.5774188596199955e-07,-5.18730509744835e-06,-7.28924098508302,190.33824768731776,301.0596877940006
4102.868132643309,-2.4324341993875684e-07,-5.705264537640686e-06,-7.2892522515922185,191.4448688835594,299.3130315492683
4104.935841159823,-2.2866574528939613e-07,-6.193163485984963e-06,-7.289264558012389,192.55146949281738,297.56636226151267
4105.537532859732,-2.244113296907466e-07,-6.3294694323944414e-06,-7.289268325529221,192.8734799995303,297.0580885800103
4106.139224559642,-2.2015115528602426e-07,-6.463214278030493e-06,-7.289272174278553,193.19548857464522,296.54981367477666
4108.206933076156,-2.0547279207560276e-07,-6.903258244645642e-06,-7.289285998503974,194.30205303626832,294.8031214862433
4110.27464159267,-1.9073154058658267e-07,-7.3128866173274815e-06,-7.289300701166756,195.40859258392763,293.05641351447423
4110.87633329258,-1.8642944066279443e-07,-7.4263544003413224e-06,-7.289305135540987,195.73058454973318,292.54812808708334
4111.47802499249,-1.8212097000680865e-07,-7.537230688024295e-06,-7.289309637395484,196.05257424848716,292.03984122355655
4113.545733509004,-1.6726222511161745e-07,-7.898459100785655e-06,-7.289325600960738,197.15907138058435,290.29310638224604
4115.613442025518,-1.5230418928906697e-07,-8.228861307834452e-06,-7.289342279571248,198.2655400039168,288.5463534819378
4116.215133725427,-1.4792952468150817e-07,-8.319186791709043e-06,-7.289347258122576,198.58751069682748,288.0380545790788
4116.816825425337,-1.435431372716599e-07,-8.406874199227915e-06,-7.28935229020644,198.90947884964157,287.5297540672639
4118.884533941851,-1.2837192691221325e-07,-8.688025942718264e-06,-7.289369969279275,200.01589995505717,285.78297106796043
4120.952242458366,-1.1301966685842809e-07,-8.937620866345095e-06,-7.289388197066807,201.12228969954398,284.03616820488986
4121.553934158275,-1.0851257965235401e-07,-9.004270393954952e-06,-7.289393594960463,201.44423694507205,283.52785445056327
4122.155625858185,-1.0398563961728924e-07,-9.068198782025337e-06,-7.28939903210079,201.7661814410336,283.0195389547754
4124.223334374699,-8.826184179179861e-08,-9.267005562797227e-06,-7.289417993684658,202.87251975214878,281.272703515902
4126.291042891214,-7.224262431226513e-08,-9.432994692026085e-06,-7.289437332414327,203.97882461088574,279.5258468908008
4126.8927345911225,-6.751873784117169e-08,-9.475044645734446e-06,-7.289443020985179,204.3007468052616,279.0175172708608
4127.494426291032,-6.276422513867242e-08,-9.514239316258067e-06,-7.2894487339419705,204.62266610621182,278.50918581854444
4129.5621348075465,-4.617604566166658e-08,-9.62694102275421e-06,-7.28946852911872,205.72891684071593,276.7622949171029
4131.629843324061,-2.9162214505414927e-08,-9.70490314747115e-06,-7.289488521414077,206.835132822813,275.01538200854895
4132.23153502397,-2.4123934016751734e-08,-9.720938096808626e-06,-7.289494365783265,207.15702895549163,274.5070358848241
4132.833226723879,-1.904429738432458e-08,-9.73392547421159e-06,-7.2895002188075555,207.47892211974843,273.99868788144096
4134.900935240394,-1.2539221132545107e-09,-9.755006047531361e-06,-7.289520373959237,208.58508257194006,272.2517398103386
4136.968643756908,1.7088790141846464e-08,-9.738730274448212e-06,-7.289540534078378,209.6912078095644,270.50476944201193
4137.570335456818,2.2536651430294243e-08,-9.726813420915888e-06,-7.2895463904143,210.01307749744288,269.99640657381235
4138.172027156727,2.80360197646431e-08,-9.711600202974765e-06,-7.289552238494289,210.3349442154023,269.48804182522196
4140.239735673242,4.7341056702925854e-08,-9.633784134051153e-06,-7.2895722457970225,211.44101388929437,267.7410362769723
4142.307444189756,6.730097834931763e-08,-9.515373820494477e-06,-7.289592050230269,212.5470487873068,265.9940087117893
4142.909135889665,7.32369364890725e-08,-9.473097772797966e-06,-7.289597763063924,212.86889232134624,265.4856292852431
4143.510827589575,7.92310416651464e-08,-9.427230970101124e-06,-7.289603449273727,213.19073296344803,264.97724802788645
4145.578536106089,1.0028460610415584e-07,-9.241760814813187e-06,-7.2896227579184725,214.2967137477132,263.2301862047215
4147.646244622603,1.2205120092147306e-07,-9.01202085553884e-06,-7.289641637296467,215.4026611733614,261.4831032642604
4148.247936322512,1.2852065968308543e-07,-8.936640850184382e-06,-7.289647037328429,215.72447957638494,260.97470792870604
4148.849628022422,1.3505096554689965e-07,-8.857350091048038e-06,-7.289652390717741,216.0462952519901,260.4663108666812
4150.917336538936,1.5795723205521219e-07,-8.554544406299419e-06,-7.289670400366393,217.1521916300532,258.719195612863
4152.98504505545,1.8157203970809616e-07,-8.203642710930542e-06,-7.289687734176878,218.25805713339957,256.97206081620874
4153.58673675536,1.8857470633495785e-07,-8.09228794471402e-06,-7.289692637007406,218.5798522258601,256.46365072562634
4154.18842845527,1.956343492400942e-07,-7.976704995152388e-06,-7.289697471460798,218.90164484961986,255.95523907249955
4156.256136971784,2.2032333887710809e-07,-7.546773407513419e-06,-7.289713529383061,220.00746413148798,254.2080750203835
4158.3238454882985,2.456393384138639e-07,-7.065143948883038e-06,-7.289728644884048,221.11325618068474,252.46089373238462
4158.925537188207,2.5311698791882794e-07,-6.915095751993793e-06,-7.28973285105658,221.43503064933006,251.9524705886691
4159.527228888117,2.606414431661443e-07,-6.760539112934198e-06,-7.289736965505523,221.75680300977442,251.4440461107024
4161.594937404631,2.8683600951447365e-07,-6.194606460062549e-06,-7.289750368652597,222.86255556604226,249.69683982823548
4163.662645921146,3.1349046398354625e-07,-5.574035621974103e-06,-7.289762545127977,223.96828577578668,247.94961940353568
4164.264337621054,3.2132151131135803e-07,-5.383053526103303e-06,-7.289765841795783,224.29004323854858,247.4411854974135
4164.866029320964,3.291812128724108e-07,-5.187358297963792e-06,-7.289769022081571,224.61179906206996,246.93275055391365
4166.9337378374785,3.563808106336656e-07,-4.478622683998767e-06,-7.289779025024787,225.7174985355435,245.18551067811666
4169.001446353993,3.837870332795e-07,-3.7134326100802426e-06,-7.289787504143647,226.82318186267688,243.4382605845827
4169.6031380539025,3.9178448476360565e-07,-3.4801010753050607e-06,-7.289789668546525,227.14492692197132,242.92981882925807
4170.204829753812,3.997861355356284e-07,-3.2419658324608924e-06,-7.2897916911042016,227.46667092430008,242.42137640507755
4172.272538270327,4.272730759416117e-07,-2.3868859557895143e-06,-7.289797520287871,228.57233439150454,240.67411374407519
4174.340246786841,4.5463704511842683e-07,-1.4750982326766783e-06,-7.289801522787941,229.67798926943175,238.9268456478217
4174.94193848675,4.625567150710038e-07,-1.1991577588715348e-06,-7.289802327556545,229.99972754557552,238.4183996001402
4175.543630186659,4.7044984298076615e-07,-9.184711651488484e-07,-7.28980296491532,230.321465462451,237.90995332511727
4177.611338703174,4.973242223285423e-07,8.2153437961117e-08,-7.289803839030683,231.42711351664022,236.16268091088628
4179.679047219688,5.23692158964163e-07,1.1378228361699925e-06,-7.28980258723773,232.53276190078194,234.41540870544452
4180.280738919598,5.312476583991545e-07,1.45520595995862e-06,-7.289801807324289,232.8545000376255,233.90696256961422
4180.882430619507,5.387433315055176e-07,1.7771054358490536e-06,-7.28980083519579,233.17623862687208,233.39851672006122
4182.950139136022,5.639909070690972e-07,2.9173289536366595e-06,-7.289795990667794,234.2818953568029,231.65124979573886
4185.017847652536,5.883271577916144e-07,4.108814921370829e-06,-7.28978873549201,235.38756265741395,229.9039895605162
4185.619539352445,5.952152810039355e-07,4.464889363892303e-06,-7.28978615626498,235.70930829378054,229.39554817036273
4186.221231052355,6.020091220452381e-07,4.825068460718768e-06,-7.289783361728879,236.03105530261982,228.8871076487299
4188.288939568869,6.245855908317449e-07,6.093413971635998e-06,-7.289772081420008,237.13674814795604,227.1398635784788
4190.356648085383,6.458542707195831e-07,7.407088976214116e-06,-7.289758131678226,238.24246303471983,225.39263345672933
4190.958339785292,6.517762524951061e-07,7.797487735481168e-06,-7.289753557520176,238.56422473784403,224.88420223409742
4191.560031485202,6.575719010866774e-07,8.191401068012648e-06,-7.289748747637263,238.88598883196846,224.37577252463518
4193.627740001716,6.764737941079293e-07,9.570898258389628e-06,-7.2897303904448005,239.99174830601868,222.62857062023093
4195.6954485182305,6.937021377594196e-07,1.0987748847802554e-05,-7.289709142236271,241.09754237914683,220.88139061322613
4196.29714021814,6.983820867711493e-07,1.1406564446357993e-05,-7.289702405009307,241.419329539323,220.37297550202987
4196.89883191805,7.029062713610705e-07,1.1828139808438685e-05,-7.289695415239664,241.74112019325835,219.8645626021473
4198.966540434564,7.172234604436012e-07,1.3296690240923316e-05,-7.2896694445732475,242.84697947376364,218.11742386671887
4201.034248951079,7.295485197185857e-07,1.47927848753219e-05,-7.289640408895897,243.95288680567631,216.37031554663793
4201.635940650987,7.327446177701422e-07,1.5232723038678552e-05,-7.289631375785626,244.274709493883,215.86192292365354
4202.237632350897,7.357607907727794e-07,1.5674522613597427e-05,-7.2896220777386285,244.59653684465312,215.35353325222192
4204.305340867411,7.447155744964489e-07,1.7205507269738346e-05,-7.289588087369187,245.70253124130218,213.60648004651975
4206.373049383926,7.514193930277114e-07,1.875268063849887e-05,-7.289550914632957,246.8085878000752,211.85946619498725
4206.974741083835,7.529349225687432e-07,1.920527268849747e-05,-7.289539495008093,247.130456592261,211.35110275966866
4207.576432783745,7.542511329852702e-07,1.9658711164892496e-05,-7.2895278031729855,247.45233126022347,210.84274304466305
4209.644141300259,7.572284562084805e-07,2.1221781201566295e-05,-7.289485539327991,248.55849757350614,209.09579868489132
4211.711849816774,7.577658197545154e-07,2.2788484912122903e-05,-7.289440039753075,249.66474054457692,207.34890286735336
4212.313541516683,7.57455390386258e-07,2.3244345837773115e-05,-7.289426190764681,249.98666631773122,206.8405755138367
4212.915233216592,7.569332792185019e-07,2.369995309547605e-05,-7.2894120679534575,250.3085991998489,206.33225266256753
4214.982941733107,7.5350550879295e-07,2.526196613293458e-05,-7.289361446789169,251.41497499034932,204.5854409615746
4217.050650249621,7.475272939546985e-07,2.6814254752475006e-05,-7.289307605890845,252.52144201705485,202.8386870502107
4217.65234194953,7.453048865118085e-07,2.726337906489918e-05,-7.289291336590257,252.8434357233092,202.33040272536064
4218.254033649439,7.42864660560475e-07,2.771109995408515e-05,-7.289274797876591,253.1654377652152,201.82212368121827
4220.321742165954,7.328131535496971e-07,2.9237179394310982e-05,-7.289215917615622,254.27206055601496,200.075468447031
4222.389450682468,7.201869221683677e-07,3.073981335813247e-05,-7.289153906106399,255.3787889228446,198.32888010693864
4222.991142382378,7.160302133033325e-07,3.117190392971552e-05,-7.289135279893888,255.70086134877022,197.82064565885938
4223.5928340822875,7.116579034753121e-07,3.160143059824182e-05,-7.289116394863021,256.02294330288845,197.31241724905448
4225.660542598802,6.949921439763578e-07,3.305613356917382e-05,-7.289049541980775,257.12984974074146,195.5659417566045
4227.728251115316,6.758202507956961e-07,3.4473785630277034e-05,-7.2889797195020405,258.23687552601893,193.81954191176888
4228.329942815225,6.697771851798702e-07,3.487861169225079e-05,-7.288958854740176,258.5590370450864,193.3113639337068
4228.931634515135,6.635280497792428e-07,3.527974455825383e-05,-7.288937747886214,258.8812092228558,192.8031927129854
4230.999343031649,6.405016923747923e-07,3.662832442042588e-05,-7.288863396802148,259.9884342264112,191.05691916653907
4233.067051548163,6.151355834113365e-07,3.7926873525175874e-05,-7.288786308972521,261.09579145360004,189.31072946369497
4233.668743248072,6.073266136380381e-07,3.829465255289752e-05,-7.288763377621513,261.4180517804581,188.8026141387083
4234.270434947982,5.9933027809578e-07,3.865768437856728e-05,-7.288740226752707,261.74032380738896,188.29450623446544
4236.338143464496,5.704518185129527e-07,3.986742589119422e-05,-7.288659032574713,262.84789973297535,186.54845523973705
4238.4058519810105,5.394996963487386e-07,4.101531130210795e-05,-7.288575400954079,263.95561955185076,184.80249552959796
4239.00754368092,5.301209190855554e-07,4.133710572663554e-05,-7.288550625123507,264.27798750764055,184.29444848174776
4239.60923538083,5.205810436292324e-07,4.165321911257394e-05,-7.288525657675655,264.6003680904692,183.78640944632733
4241.676943897344,4.866153409174004e-07,4.2694808181828014e-05,-7.288438441702221,265.7083239476271,182.0405995124168
4243.744652413859,4.509387692685816e-07,4.366439728917959e-05,-7.288349146463657,266.8164338779154,180.29488736872742
4244.346344113767,4.4025831452093365e-07,4.3932510700516285e-05,-7.288322792839047,267.1389171761641,179.78691352678752
4244.948035813677,4.294516459383677e-07,4.419417285235656e-05,-7.288296280065074,267.4614138916631,179.27894820298124
4247.015744330191,3.9140695788279453e-07,4.504303841708368e-05,-7.288204008014702,268.56977464132933,177.53339529487508
4249.083452846706,3.5210057319360176e-07,4.5811934245872815e-05,-7.288110063434819,269.67829791162336,175.78794559202737
4249.6851445466145,3.4045277352195563e-07,4.602028324042106e-05,-7.288082435641165,270.0009029742073,175.28004907172652
4250.286836246524,3.2871935581291074e-07,4.6221613026056773e-05,-7.2880546847537175,270.3235220891044,174.7721614774665
4252.354544763039,2.8781322224153237e-07,4.6859146529584046e-05,-7.287958438106826,271.43230805654156,173.02687863949814
4254.422253279553,2.461603353417763e-07,4.741132603823966e-05,-7.287860961470067,272.54126306969374,171.2817032086151
4255.023944979463,2.3392908208047928e-07,4.7555753160627555e-05,-7.287832390589366,272.8639948817341,170.7738872190786
4255.625636679372,2.2165786203331731e-07,4.769282462307574e-05,-7.287803735094746,273.18674121248006,170.26608045691944
4257.693345195887,1.7925389866676983e-07,4.810734345930322e-05,-7.287704676539471,274.29596764393295,168.52107752579943
4259.761053712401,1.3664968323171786e-07,4.8433976227889944e-05,-7.28760485174145,275.4053675958899,166.77618490668732
4260.36274541231,1.2424496180555271e-07,4.851245697857759e-05,-7.287575685418324,275.7282296069717,166.26845168586658
4260.9644371122195,1.1184579432377827e-07,4.858349087139588e-05,-7.2875464741044365,276.05110642651704,165.76072788190402
4263.032145628734,6.935272464988218e-08,4.877076711295139e-05,-7.287445808909161,277.1607832122475,164.0160113040902
4265.099854145248,2.718824408727436e-08,4.8870519785701234e-05,-7.287344846967813,278.27063588343105,162.27140660563592
4265.701545845158,1.5008136013025304e-08,4.888320463264902e-05,-7.287315437823203,278.59362995994496,161.76375738791282
4266.3032375450675,2.876249168706405e-09,4.888858871113949e-05,-7.28728602315563,278.9166389559483,161.25611766309126
4268.370946061582,-3.838446250757908e-08,4.885174217864037e-05,-7.287184959338599,280.0267705317099,159.51169042468138
4270.438654578096,-7.885464727213763e-08,4.873039781082465e-05,-7.2870840590678965,281.13707825764453,157.76737529851118
4271.040346278005,-9.045951617530527e-08,4.867944999910402e-05,-7.287054753431203,281.46020468709645,157.2598103151826
4271.642037977915,-1.0198148801121922e-07,4.862155514848435e-05,-7.2870254803881025,281.78334597190076,156.75225478937548
4273.709746494429,-1.4089020796693906e-07,4.8370262339125174e-05,-7.2869251913275965,282.89393139589873,155.00811645724087
4275.777455010943,-1.7864476759228413e-07,4.803971087171911e-05,-7.286825503809268,284.004691207775,153.26408917932625
4276.379146710852,-1.8939729920794813e-07,4.7928976915734796e-05,-7.28679663179428,284.3279487511646,152.7566076896657
4276.980838410762,-2.0004040374052646e-07,4.7811813526965825e-05,-7.286767828142051,284.65122091913685,152.24913551590342
4279.048546927276,-2.3574539535400096e-07,4.736103224274052e-05,-7.286669420819519,285.7622541056089,150.50528237866166
4281.116255443791,-2.700443078716658e-07,4.6837877124134574e-05,-7.286572020405277,286.8734580167602,148.76153802416664
4281.7179471437,-2.797500263403708e-07,4.6672464512445134e-05,-7.286543888025236,287.1968440011849,148.2541383722354
4282.31963884361,-2.8933016543797445e-07,4.650125398283859e-05,-7.28651585668703,287.5202442252362,147.74674779603413
4284.387347360124,-3.2127012255451757e-07,4.586971567814443e-05,-7.286420347462609,288.631714304258,146.0031730860444
4286.455055876639,-3.516628778795217e-07,4.5173734433263814e-05,-7.28632621069992,289.74334970930414,144.2597037767374
4287.056747576547,-3.602115491160992e-07,4.495956194353292e-05,-7.286299094336195,290.06686015070466,143.75238346765792
4287.658439276457,-3.686265559404038e-07,4.4740287290686936e-05,-7.286272108129092,290.3903843077592,143.24507190506407
4289.7261477929715,-3.965188510301907e-07,4.394896457973453e-05,-7.286180406713931,291.5022760752572,141.50176607891788
4291.793856309486,-4.228217125933055e-07,4.310161197529957e-05,-7.286090399450215,292.6143262251219,139.7585612800691
4292.3955480093955,-4.3017709706649506e-07,4.284498406013184e-05,-7.286064542677402,292.9379559704207,139.25131706900672
4292.997239709305,-4.37399196513542e-07,4.25839695657886e-05,-7.286038841390542,293.2615987850897,138.74408119659952
4295.0649482258195,-4.612022530278966e-07,4.165467910100415e-05,-7.285951742700828,294.373893206422,137.0010322510291
4297.132656742334,-4.834526939901764e-07,4.067777603174581e-05,-7.285866614737411,295.4863377234357,135.25807909519537
4297.734348442243,-4.896397164025065e-07,4.038501980108661e-05,-7.285842227268073,295.81008060189214,134.75090708261249
4298.336040142152,-4.95698598021828e-07,4.008857687327361e-05,-7.285818016822124,296.1338357983024,134.24374293310638
4300.403748658667,-5.155559319763398e-07,3.904283517307823e-05,-7.28573619966038,297.2465105320068,132.50093673514112
4302.471457175181,-5.339513683397699e-07,3.795754568339948e-05,-7.285656585674299,298.35932593375475,130.75822035292924
4303.07314887509,-5.390356515650366e-07,3.7634737562597524e-05,-7.285633844012118,298.6831749088605,130.25111608059188
4303.6748405749995,-5.440012239685163e-07,3.7308902668250926e-05,-7.285611297272845,299.0070353621753,129.74401913864864
4305.742549091514,-5.601736749131145e-07,3.6167114914887306e-05,-7.285535328256871,300.1200652765463,128.00143975258524
4307.810257608028,-5.750006811260339e-07,3.4993278240737696e-05,-7.285461753259066,301.2332254840296,126.25894359476939
4308.411949307938,-5.790692903750604e-07,3.4646077399200405e-05,-7.285440802531899,301.5571727994193,125.75190213832434
4309.013641007848,-5.830286514341164e-07,3.429645816317923e-05,-7.285420061239318,301.88113068079474,125.24486743256354
4311.081349524362,-5.958203895999732e-07,3.307748768099229e-05,-7.285350402060583,302.99448834393485,123.50249743130736
4313.149058040876,-6.073795675488743e-07,3.183334190048762e-05,-7.285283289385078,304.1079651581237,121.76020357202009
4313.750749740785,-6.105172217966258e-07,3.146693913225459e-05,-7.28526424576131,304.43200247353144,121.25321962757172
4314.352441440695,-6.135544727812873e-07,3.1098676397754944e-05,-7.285245422972774,304.7560493848451,120.74624181640021
4316.420149957209,-6.232373855106819e-07,2.9819815349568613e-05,-7.285182438886042,305.86970551795406,119.00406257049443
4318.4878584737235,-6.31768188577747e-07,2.85221239737474e-05,-7.285122118579,306.98346905818494,117.2619519871513
4319.089550173632,-6.340373664541882e-07,2.814130768749114e-05,-7.285105071643583,307.3075875742463,116.75501995102142
4319.691241873542,-6.362101504142864e-07,2.775915451724243e-05,-7.285088254066364,307.63171467171054,116.24809340166556
4321.758950390056,-6.429503865634139e-07,2.6436494015541286e-05,-7.285032221464442,308.7456385649832,114.50608534543217
4323.826658906571,-6.48559320786703e-07,2.5101066271464657e-05,-7.284978936938365,309.85965767230624,112.76413817719404
4324.42835060648,-6.499779034629082e-07,2.4710401606298922e-05,-7.2849639514117035,310.18384824580363,112.25725221983487
4325.03004230639,-6.512989169757139e-07,2.431891465466684e-05,-7.28494920101075,310.508046354375,111.75037108174548
4327.097750822904,-6.550885396868942e-07,2.2968094559790544e-05,-7.284900311997561,311.622206254436,110.00851396206906
4329.165459339419,-6.576834492925838e-07,2.161067378899145e-05,-7.2848542229107185,312.73644887242955,108.26670975467465
4329.7671510393275,-6.582079874017284e-07,2.1214786386744145e-05,-7.284841339127321,313.0607021262891,107.75986389143985
4330.368842739237,-6.586247896583686e-07,2.0818620763819433e-05,-7.284828693430297,313.38496184947365,107.25302216696235
4332.4365512557515,-6.59220816026049e-07,1.945592551034516e-05,-7.284787055449698,314.4993253363593,105.51129528607026
4334.504259772266,-6.584532325227287e-07,1.809340762194608e-05,-7.284748234942303,315.61375889074066,103.76961323652225
4335.105951472175,-6.579609615320345e-07,1.7697360242404812e-05,-7.284737467560743,315.93806532558875,103.26280139960744
4335.707643172084,-6.57342026735714e-07,1.730165571962182e-05,-7.284726938139042,316.26237715771845,102.75599301639906
4337.775351688599,-6.542144331527931e-07,1.5945412233082004e-05,-7.284692566925494,317.3769115376955,101.01437548531061
4339.843060205113,-6.494313516491254e-07,1.4597347231666137e-05,-7.284660991572787,318.49150334394864,99.27279470497297
4340.444751905023,-6.47708758238973e-07,1.4207095032299092e-05,-7.284652326058305,318.8158534602621,98.76601082226506
4341.046443604932,-6.45828622115379e-07,1.3817939217087767e-05,-7.284643894733955,319.140207910503,98.25922971334653
4343.114152121447,-6.381182453739168e-07,1.2490166224319781e-05,-7.284616699105424,320.25488065824146,96.51770073730984
4345.181860637961,-6.283240752813224e-07,1.1180490381835033e-05,-7.284592230214598,321.36959839326266,94.77620055632912
4345.78355233787,-6.250547435903064e-07,1.0803399333479185e-05,-7.2845856167153755,321.6939828350251,94.26943864411447
4346.38524403778,-6.215860761627336e-07,1.0428351970351858e-05,-7.284579229124593,322.0183705742223,93.76267884262634
4348.452952554294,-6.080744479425406e-07,9.156604960079898e-06,-7.284558986420186,323.13314986386547,92.02121806372577
4350.520661070808,-5.919092084729786e-07,7.915539505840714e-06,-7.284541341597639,324.2479621431478,90.27977840322421
4351.122352770718,-5.866714668791592e-07,7.560946513401896e-06,-7.2845366859280904,324.5723718754374,89.77303268066866
4351.724044470628,-5.811801181168483e-07,7.209601519886339e-06,-7.284532242169225,324.896783918357,89.26628843733442
4353.791752987142,-5.602901193215663e-07,6.028910486188948e-06,-7.284518563516716,326.0116392876498,87.52487636240049
4355.859461503656,-5.360505107920673e-07,4.894876889197747e-06,-7.284507277952117,327.1265163933611,85.78347820333055
4356.461153203565,-5.28326088873611e-07,4.57463685348631e-06,-7.284504429585183,327.4509429272262,85.27674323723888
4357.062844903475,-5.202856111170455e-07,4.259162243858e-06,-7.284501771887545,327.7753708635876,84.77000916906302
4359.130553419989,-4.901411658497776e-07,3.2138164039198523e-06,-7.284494057392674,328.89027405715257,83.02862771222823
4361.1982619365035,-4.5586569007265383e-07,2.2350713736700355e-06,-7.2844884355127615,330.00518886255554,81.28725368980744
4361.799953636412,-4.4507119197618396e-07,1.9639973038339406e-06,-7.284487172891757,330.32962454014205,80.78052457790747
4362.401645336322,-4.338925782455683e-07,1.6995569109367701e-06,-7.284486070672048,330.6540608272297,80.27379585624156
4364.469353852836,-3.9244343677712865e-07,8.443959172431751e-07,-7.28448345624205,331.76898686123184,78.53242902298543
4366.537062369351,-3.460613806101227e-07,8.003958123281048e-08,-7.2844825161569355,332.8839159900903,76.79106417124095
4367.13875406926,-3.3159415708046237e-07,-1.2386437320887508e-07,-7.284482530167141,333.20835434041527,76.28433677058275
4367.74044576917,-3.1667752539554376e-07,-3.1890715038391067e-07,-7.284482663373235,333.5327926672217,75.7776093548663
4369.808154285684,-2.618849195430889e-07,-9.180331095310048e-07,-7.284483962720749,334.64772114584207,74.03624408679967
4371.875862802199,-2.0142394154740337e-07,-1.3980036602372998e-06,-7.284486377696776,335.7626463904626,72.29487674813463
4372.4775545021075,-1.827283951003307e-07,-1.5136094984518027e-06,-7.284487254655208,336.08708256126874,71.78814795201916
4373.079246202017,-1.6352715388550508e-07,-1.617798138684154e-06,-7.284488196811352,336.4115182889054,71.28141887216239
4375.146954718532,-9.360374336147487e-08,-1.8847078103475544e-06,-7.28449184391485,337.5264349831488,69.54004605907483
4377.214663235046,-1.7448514726446644e-08,-2.000593458875949e-06,-7.284495886772914,338.641344981838,67.7986689591677
4377.816354934956,5.907271895711152e-09,-2.004099417018295e-06,-7.284497092765428,338.96577624577174,67.29193702143115
4378.418046634865,2.980450882544958e-08,-1.9933819357816086e-06,-7.284498295597035,339.2902069214499,66.78520470706871
4380.48575515138,1.1610960573510818e-07,-1.84364859134911e-06,-7.284502294435109,340.4051055934922,65.04382035537124
4382.553463667894,2.0891804237649795e-07,-1.5087379575433701e-06,-7.284505792221937,341.5199977382743,63.302431824696285
4383.155155367803,2.3715083912739053e-07,-1.3745689500578542e-06,-7.284506661019372,341.8444240624454,62.795696724348794
4383.756847067712,2.659316944077906e-07,-1.2232523321333623e-06,-7.28450744292899,342.1688499949429,62.288961373239985
4385.824555584227,3.690150935734113e-07,-5.679048147862404e-07,-7.284509332583484,343.28373441748283,60.547567898565035
4387.892264100741,4.784529077750514e-07,3.0715866397060545e-07,-7.284509640016047,344.3986169270259,58.80617319914101
4388.49395580065,5.114700397461308e-07,6.049525895015817e-07,-7.2845093671110375,344.72304158419183,58.29943703153274
4389.09564750056,5.449997406632582e-07,9.227461024097574e-07,-7.284508908074765,345.0474664577518,57.79270100246627
4391.163356017074,6.640691136651035e-07,2.1717726597701212e-06,-7.2845057522234,346.16235253901436,56.051308589745254
4393.231064533588,7.887935944658212e-07,3.67284653102119e-06,-7.28449975316899,347.2772465914018,54.30992128038849
4393.832756233498,8.26093367248863e-07,4.158671586523169e-06,-7.284497398664014,347.6016767790448,53.803188653564796
4394.434447933408,8.638193175032309e-07,4.667027479596061e-06,-7.284494744291077,347.92610827058405,53.29645686155846
4396.502156449922,9.965616656190444e-07,6.589652307423768e-06,-7.284483154581795,349.04102615354753,51.55508480954709
4398.569864966436,1.1335868623937757e-06,8.791177460276142e-06,-7.28446730110249,350.1559679307849,49.813728056184424
4399.171556666345,1.1741680450874214e-06,9.485466903365476e-06,-7.284461804216196,350.4804153518398,49.30700646327717
4399.773248366255,1.2150264479361863e-06,1.0204194152058975e-05,-7.2844558817315,350.80486570381964,48.80028674704445
4401.840956882769,1.3573032480020757e-06,1.2863240665218625e-05,-7.284432084436799,351.91986166521406,47.05896468743019
4403.908665399284,1.5017128242763512e-06,1.5818679109341864e-05,-7.2844024825829115,353.0349041187108,45.317672398443996
4404.510357099192,1.5439930779307056e-06,1.673500097867775e-05,-7.2843926903920835,353.3593854654252,44.81097252929663
4405.112048799102,1.5863332667483194e-06,1.7676692821849856e-05,-7.284382339128883,353.68387195454414,44.304275953352494
4407.179757315616,1.7319303716304856e-06,2.110744380710967e-05,-7.284342293703056,354.7990098880675,42.563044808946245
4409.247465832131,1.8766569899769052e-06,2.4838347209902416e-05,-7.284294844170337,355.91422399487635,40.82186245086776
4409.84915753204,1.9184168544373533e-06,2.5980140664763134e-05,-7.284279556835869,356.2387612661853,40.31519839914211
4410.45084923195,1.9599444018527577e-06,2.714687735305018e-05,-7.284263575429965,356.56330649715574,39.80853944608845
4412.518557748464,2.1004080811994066e-06,3.134551023489205e-05,-7.284203152023125,357.678668729613,38.067451970117126
4414.586266264979,2.2361118408179296e-06,3.5829659999500024e-05,-7.284133751884467,358.794143976578,36.326436898291696
4415.187957964888,2.2744661084145814e-06,3.718674127629778e-05,-7.284111785990676,359.1187645505533,35.819826214668595
4415.789649664797,2.3122222748614814e-06,3.8566581627478415e-05,-7.284088997818736,359.44339649573465,35.3132228177524
4417.857358181312,2.4368153814434966e-06,4.347803352728015e-05,-7.284004218340047,360.55908365837723,33.572343539110385
4419.925066697826,2.5518959506784996e-06,4.863727307741743e-05,-7.283909027234114,361.67492746968446,31.831564663495488
4420.526758397735,2.5833104255607226e-06,5.018230519548839e-05,-7.283879297977336,361.9996638473086,31.325028201930678
4421.128450097644,2.6136903247814143e-06,5.1745767200778276e-05,-7.283848635456581,362.32441554813494,30.818501564587592
4423.196158614159,2.7095037758001225e-06,5.7251764899745144e-05,-7.283735979352245,363.4405452127412,29.077905954465688
4425.263867130673,2.7902813905943395e-06,6.294033202407283e-05,-7.283611749699391,364.55688103016195,27.337442554958084
4425.865558830583,2.810637398998701e-06,6.462550697960322e-05,-7.283573371479617,364.88177016619767,26.831004058024515
4426.4672505304925,2.8294648429639954e-06,6.63222922863561e-05,-7.283533978631225,365.2066790124875,26.324578206543865
4428.534959047007,2.881718887565465e-06,7.223046913378043e-05,-7.283390750117532,366.32338280727794,24.58435088271507
4430.602667563521,2.912817757354256e-06,7.822482074668523e-05,-7.283235216124101,367.4403465462618,22.844290393980625
4431.20435926343,2.9175417514444284e-06,7.997905589709168e-05,-7.283187619622543,367.76542868868034,22.33797576589618
4431.80605096334,2.920202381156314e-06,8.173532554269336e-05,-7.283138970798639,368.09053519839097,21.83167678435785
4433.873759479854,2.9127689038078884e-06,8.777052401996244e-05,-7.282963718888541,369.2079541472564,20.09190858329518
4435.941467996368,2.8777322552444327e-06,9.376181457670871e-05,-7.282776033341538,370.32568879040286,18.352343188781134
4436.543159696278,2.8619907708129624e-06,9.548881227529513e-05,-7.282719095426357,370.6510057629672,17.84617941160854
4437.144851396188,2.8436390877871848e-06,9.72053674646336e-05,-7.282661126331787,370.9763517989859,17.340034315668237
4439.212559912702,2.759809972024947e-06,0.00010300437778923695,-7.282454102708007,372.09462968285067,15.600818092447478
4441.280268429216,2.6419684034864694e-06,0.00010859489001811032,-7.282235303977831,373.2132778390027,13.861840003958035
4441.881960129125,2.6009417519431952e-06,0.00011017244647696201,-7.282169484812323,373.5388707232126,13.35585366450526
4442.483651829035,2.5567795485143897e-06,0.00011172420361855369,-7.282102729962942,373.8644971064026,12.849888883279187
4444.551360345549,2.3802963677557143e-06,0.00011683529798044883,-7.281866362760432,374.98377173110225,11.111313947744925
4446.619068862064,2.1639000031101467e-06,0.00012154021215134557,-7.281619847235696,376.1034660861606,9.373009303492298
4447.220760561972,2.093129010423411e-06,0.0001228211824989382,-7.281546326838156,376.4293722895894,8.867224716453972
4447.822452261882,2.018764527394349e-06,0.00012405835050811098,-7.281472055460527,376.75531579918396,8.36146417048563
4449.890160778396,1.7351112429088632e-06,0.00012794701954315998,-7.281211409604671,377.87570817191676,6.623609338152814
4451.957869294911,1.4067209857349406e-06,0.00013120292475642554,-7.280943377300298,378.9965598877157,4.8860507311513
4452.5595609948205,1.3025318542469194e-06,0.00013201825021774257,-7.2808641816236515,379.32280962602056,4.380487668737151
4453.16125269473,1.194408710279511e-06,0.00013276961420996433,-7.280784521821654,379.649099419759,3.874950457524488
4455.2289612112445,7.923513701795891e-07,0.00013483187589316184,-7.280507709114332,380.7707009860411,2.1378757874322996
4457.296669727759,3.4246535124818986e-07,0.0001360133523068308,-7.28022754285456,381.89278626549833,0.40111353947628126
4457.898361427668,2.0245642139312836e-07,0.00013617752611936674,-7.280145647350924,382.2193985346865,-0.10421539031227207
4458.500053127577,5.8350711625120706e-08,0.00013625620869043984,-7.280063686280825,382.54605207134557,-0.6095176450101908
4460.567761644092,-4.6831349831581997e-07,0.0001358407183330241,-7.279782181437528,383.6689103442634,-2.3457802344134233
4462.635470160606,-1.0434453637197973e-06,0.00013428613141138192,-7.279502713367008,384.792255571358,-4.0817278093166545
4463.237161860516,-1.2198628437964964e-06,0.00013360541627297054,-7.27942211014542,385.1192337441347,-4.586820054347905
4463.838853560425,-1.40030129695105e-06,0.00013281741953914846,-7.279341956123877,385.4462523491377,-5.091886123148626
4465.90656207694,-2.0508486630683364e-06,0.00012925734237447447,-7.279070769058438,386.5703554678147,-6.827343025270884
4467.974270593454,-2.7472956362890794e-06,0.00012430466937622743,-7.278808382936,387.69492154399506,-8.562499971353594
4468.575962293363,-2.9583338275126033e-06,0.0001225882754200232,-7.2787340962097815,388.0222487873332,-9.067366069461281
4469.1776539932725,-3.173012925487894e-06,0.00012074399834927576,-7.2786608873315695,388.3496130659601,-9.572208154882324
4471.245362509787,-3.937842735381347e-06,0.0001133991954743716,-7.278418537881054,389.4748740431307,-11.30691453272819
4473.313071026301,-4.7420525442446855e-06,0.00010443223430824142,-7.278193052417244,390.6005407690947,-13.041357647212598
4473.91476272621,-4.982984974866563e-06,0.00010150651837667652,-7.278131086196827,390.92817554691686,-13.546024223726002
4474.51645442612,-5.226815122623959e-06,9.843529058075216e-05,-7.278070929389294,391.2558409165795,-14.050670939581874
4476.584162942634,-6.08556552002168e-06,8.674480183628146e-05,-7.277879169173603,392.38208256606407,-15.784740787672192
4478.651871459148,-6.972545161041826e-06,7.324948265782494e-05,-7.277713447412675,393.5086341486612,-17.51860930520816
4479.253563159058,-7.235194804547503e-06,6.89750345725766e-05,-7.277670649574978,393.83650614039857,-18.023121800694465
4479.855254858968,-7.4995815200883295e-06,6.454250728833652e-05,-7.2776304743104046,394.1643988200889,-18.52762085207183
4481.922963375482,-8.419463405621442e-06,4.808658526591618e-05,-7.277513702383689,395.2913405816279,-20.26123579389542
4483.9906718919965,-9.351244616782587e-06,2.971631346612076e-05,-7.277432935665749,396.4184535669783,-21.994739422044038
4484.592363591905,-9.62356421607543e-06,2.4007552996963907e-05,-7.277416763873687,396.7464603958759,-22.499164264304746
4485.194055291815,-9.896006451886675e-06,1.8135540931536626e-05,-7.277404076250285,397.0744742533141,-23.003584536601775
4487.261763808329,-1.0830535762684806e-05,-3.2943973980970173e-06,-7.2773884014846315,398.20172234068,-24.737000314411713
4489.329472324844,-1.1755115496132203e-05,-2.664638352968834e-05,-7.277419024702269,399.32895747194283,-26.47042451728023
4489.931164024752,-1.2020924680376282e-05,-3.379976079642077e-05,-7.277437202401052,399.65696269197855,-26.974850406282957
4490.532855724662,-1.228476945487508e-05,-4.1111683146354176e-05,-7.277459728229208,399.98495740277207,-27.47928312772186
4492.6005642411765,-1.3173102376494822e-05,-6.743785063774942e-05,-7.2775716427836175,401.1119998759087,-29.212832601058935
4494.668272757691,-1.4024070501383206e-05,-9.556220192246824e-05,-7.277739851238721,402.2387995314821,-30.94653990809967
4495.2699644576005,-1.426300541139442e-05,-0.00010407291346795066,-7.277799906334,402.56663236389994,-31.451077852007653
4495.87165615751,-1.449742952317824e-05,-0.00011272508259905389,-7.2778651164369945,402.89443337739345,-31.955636465711418
4497.939364674025,-1.5264522311023403e-05,-0.00014350666710378693,-7.27812976189125,404.0206418636556,-33.6897278559998
4500.007073190539,-1.5961602134453736e-05,-0.00017580199269751057,-7.278459619677604,405.14633483142467,-35.42415392576021
4500.608764890448,-1.614935093662766e-05,-0.00018546332255460742,-7.2785683046686565,405.4737921659225,-35.92893565911197
4501.210456590357,-1.6329628878852536e-05,-0.00019523429342969904,-7.278682821983435,405.8011929940461,-36.43375403691663
4503.278165106872,-1.6887450511910285e-05,-0.0002295943654537999,-7.279121853235806,406.92583283860574,-38.16886316791531
4505.345873623386,-1.7338179395984212e-05,-0.00026499713172470465,-7.279633009095611,408.04964820428484,-39.90450639238322
4505.947565323295,-1.744706217221986e-05,-0.00027546323209766535,-7.2797956094820035,408.3764993798209,-40.40968083250067
4506.5492570232045,-1.75451926150911e-05,-0.0002859904449994466,-7.279964505802444,408.70326672201526,-40.91490949181142
4508.616965539719,-1.7795211236538642e-05,-0.0003225526453812187,-7.280593587822284,409.82551731115535,-42.65156490862799
4510.684674056233,-1.7897974839976e-05,-0.00035947957116842533,-7.281298646888144,410.9466091601214,-44.38896852992799
4511.286365756143,-1.7897935270840434e-05,-0.000370249934340496,-7.281518194572591,411.2726040088661,-44.89469599222768
4511.888057456053,-1.7883678510420485e-05,-0.00038101479904104014,-7.281744194883701,411.5984861906485,-45.4004960465967
4513.955765972567,-1.7720817586954833e-05,-0.0004178571459700217,-7.28257020365759,412.7174730370358,-47.139256171734246
4516.023474489081,-1.736941736784051e-05,-0.00045416782182689045,-7.283471841995586,413.8349574599248,-48.87898221727863
4516.62516618899,-1.722946774365477e-05,-0.00046457823914602573,-7.283748262016093,414.15983802604137,-49.385426218585515
4517.2268578889,-1.707184751024228e-05,-0.00047489798131293055,-7.284030886150772,414.48457715170235,-49.89196090605807
4519.294566405414,-1.6390053224593522e-05,-0.0005095320554741018,-7.285048926926868,415.59941702411913,-51.63338281841584
4521.3622749219285,-1.5479915745879756e-05,-0.0005425203042018316,-7.2861368793294305,416.71242254033,-53.37597764482431
4521.963966621838,-1.5170066717090583e-05,-0.0005517428294131084,-7.28646611121508,417.0359387618531,-53.88329427499732
4522.565658321748,-1.483935090599623e-05,-0.0005607716302858047,-7.286800795641351,417.3592868517547,-54.39071806386959
4524.633366838262,-1.3538819816690372e-05,-0.000590155913744212,-7.287991197270742,418.46914673239536,-56.13531805367541
4526.701075354777,-1.1974861954145647e-05,-0.0006165787331020176,-7.289239295311012,419.57687865966005,-57.881269901779206
4527.302767054685,-1.1468528294225365e-05,-0.0006236332245743122,-7.2896124440111985,419.8988081139773,-58.389594929516775
4527.904458754595,-1.0938690677615673e-05,-0.0006303752263437306,-7.289989700242694,420.2205473010846,-58.89804038961485
4529.972167271109,-8.93472204886858e-06,-0.0006509713999908681,-7.291315191545026,421.3247172166195,-60.646247109459885
4532.039875787624,-6.64080187215322e-06,-0.0006671241829949618,-7.292678675912673,422.4265356738131,-62.395936761790985
4532.6415674875325,-5.917663223564674e-06,-0.0006709039243356838,-7.293081260854373,422.7467072220259,-62.90537084354637
4533.243259187442,-5.169288213113184e-06,-0.0006742405826165974,-7.2934859405304,423.0666738075797,-63.414933674737014
4535.3109677039565,-2.4026224995517836e-06,-0.0006821211428459489,-7.294889260676107,424.1646525613523,-65.16703540666296
4537.378676220471,6.676146052477103e-07,-0.0006839671962415041,-7.296302636722722,425.26016265314877,-66.9206817282338
4537.980367920381,1.618370543191269e-06,-0.000683280849966553,-7.296714020332683,425.5784834640515,-67.43127428585431
4538.58205962029,2.594804589941785e-06,-0.0006820148464212431,-7.297124769639906,425.89659526716946,-67.94199708975722
4540.649768136805,6.146443864704574e-06,-0.0006730292909185719,-7.298527006555822,426.9881867628775,-69.6980852924899
4542.717476653319,9.997669474211258e-06,-0.0006563902520319956,-7.299902751375707,428.07733802964344,-71.4556880326627
4543.319168353228,1.117382774412437e-05,-0.0006500219262307484,-7.300295839285569,428.3938230134661,-71.9674205281923
4543.920860053137,1.2374411400014604e-05,-0.0006429393515886168,-7.3006848359790615,428.71010898815587,-72.47927606644234
4545.988568569652,1.6684023173017343e-05,-0.0006129442341816383,-7.301984820683981,429.7955251683485,-74.23918786125616
4548.056277086166,2.1266800612816012e-05,-0.0005737556823209246,-7.303213279557821,430.8787155958542,-76.00047050899981
4548.657968786076,2.264949471323686e-05,-0.0005605441513763021,-7.303554592363921,431.1935177354188,-76.51323994920301
4549.2596604859855,2.4053261103570685e-05,-0.0005464958988394098,-7.303887665844219,431.5081482767158,-77.0261147281272
4551.3273690025,2.903215310779258e-05,-0.000491651163948728,-7.304962771637615,432.5881127352479,-78.78937725223064
4553.395077519014,3.423068908666071e-05,-0.0004262844517996225,-7.305913596314592,433.66629056177095,-80.55373291190398
4553.996769218923,3.5780884793425334e-05,-0.0004052215477571138,-7.30616381571727,433.97973001506153,-81.0673364478747
4554.598460918833,3.734632546094138e-05,-0.0003832237996623646,-7.306401052946758,434.29304575672927,-81.5810154945932
4556.666169435347,4.283240342702482e-05,-0.00030035392203879916,-7.3071097513213195,435.3688899195789,-83.3467950792953
4558.733877951861,4.845337076684455e-05,-0.00020600097832907007,-7.3076352271273795,436.44364427841333,-85.11323828385017
4559.33556965177,5.01087376835181e-05,-0.0001763478528435447,-7.307750315977859,436.75623348407055,-85.62735974380378
4559.93726135168,5.177073442913148e-05,-0.00014570019413671228,-7.307847251921329,437.0687697484586,-86.14151340716317
4562.004969868194,5.751849982482542e-05,-3.2713765925038e-05,-7.308033756599371,438.14251132716635,-87.90857240259791
4564.0726783847085,6.328200440284057e-05,9.217363776690348e-05,-7.307974334403365,439.21614062817724,-89.6756996305423
4564.674370084618,6.495449393666806e-05,0.00013075528012724757,-7.307907319097462,439.5286020407668,-90.18989878224137
4565.276061784528,6.662200218283935e-05,0.00017033721732492399,-7.307816798312869,439.8411055064708,-90.70407235360791
4567.343770301042,7.229543154195047e-05,0.0003139816360111991,-7.307318079708989,440.91549697292527,-92.4707363281725
4569.411478817557,7.782935409794303e-05,0.00046921282319869085,-7.306510367287283,441.99104214998846,-94.23669799791806
4570.013170517465,7.940385780870185e-05,0.0005165192727305115,-7.306213850624131,442.30431475609777,-94.75040336607185
4570.614862217375,8.095870853916413e-05,0.0005647616084482748,-7.3058886251874195,442.6177484546245,-95.26401035890785
4572.682570733889,8.612832594950858e-05,0.0007375622072734843,-7.304543995136459,443.69628190601975,-97.0281486869526
4574.750279250404,9.096739356091664e-05,0.000920710327727987,-7.3028313659863455,444.7775106070459,-98.79063594618387
4575.3519709503125,9.23018777587546e-05,0.0009758510111986123,-7.302260807816858,445.09274113865945,-99.30314222647748
4575.953662650222,9.35991075900688e-05,0.001031776915221953,-7.301656904728625,445.40827369174394,-99.81546239892009
4578.021371166737,9.774465840148413e-05,0.0012296940336127677,-7.299320251569364,446.4951280781201,-101.57448633758372
4580.089079683251,0.0001013356757548932,0.0014356096359450822,-7.296566094232154,447.58645597848925,-103.33073747532396
4580.690771383161,0.00010226321661420312,0.0014968678625960886,-7.295683855025279,447.90497087423546,-103.84120911381751
4581.29246308307,0.00010313334043115309,0.0015586596123971974,-7.29476470272901,448.223946067477,-104.35139288652297
4583.360171599585,0.00010565350998928442,0.001774653580534691,-7.291319297096172,449.3238637906856,-106.10227752634236
4585.427880116099,0.00010736818634885546,0.001995025762157263,-7.287422752461239,450.4302009241839,-107.84911164738304
4586.029571816008,0.0001077013147000985,0.002059736320948423,-7.286202840830233,450.7534557242849,-108.35659507423594
4586.631263515917,0.00010795495772526597,0.002124615613920801,-7.284944089047632,451.07733921215265,-108.86367696027008
4588.698972032432,0.00010818552675674245,0.002348258409683445,-7.280319680040205,452.1954220204967,-110.60301709044325
4590.766680548946,0.00010734223747014288,0.0025712677420012078,-7.275233497828196,453.3219357689152,-112.3369068328832
4591.368372248855,0.00010687997494992622,0.0026357247260103307,-7.273666897242533,453.65143988349905,-112.84035512709507
4591.970063948765,0.000106315228976706,0.0026998648444850146,-7.272061797249843,453.98174114921534,-113.34328010918576
4594.037772465279,0.00010355687516930127,0.0029170739535781575,-7.266253478602647,455.12316040285015,-115.0673947790282
4596.105480981793,9.945244846691804e-05,0.0031271879478177687,-7.260003370145413,456.27495284892615,-116.78459478962968
4596.707172681703,9.799032056371207e-05,0.0031865979897234297,-7.258103743612691,456.61216957626954,-117.28290999889295
4597.308864381613,9.640310466285287e-05,0.0032450831687671792,-7.256168878585806,456.9503392822404,-117.78057822962036
4599.376572898127,8.995966943947606e-05,0.0034380315816150697,-7.249256930419398,458.119963153242,-119.48568361568715
4601.444281414641,8.191176090062117e-05,0.003615998057006506,-7.241961510316329,459.30166881785874,-121.1824359061368
4602.04597311455,7.925489612277647e-05,0.0036644952777459498,-7.23977099733166,459.64789305290606,-121.67453540645268
4602.64766481446,7.645239243159546e-05,0.00371134362908161,-7.237552067284239,459.9951985374675,-122.16587169463078
4604.715373330974,6.567961445441917e-05,0.0038586023160701436,-7.229721682688848,461.19714810862706,-123.84834495178868
4606.783081847489,5.307926881609274e-05,0.0039816965996800156,-7.221611792523567,462.41246793218505,-125.52118397860347
4607.384773547398,4.905838668414491e-05,0.004012435348763231,-7.219206525429547,462.7686869183453,-126.00609744655276
4607.986465247308,4.4875330792834334e-05,0.004040701293610317,-7.216783804307869,463.1260715124998,-126.49015202054727
4610.054173763822,2.9239051741735675e-05,0.004117667770294176,-7.208343314122042,464.36322771681404,-128.14690751646117
4612.121882280337,1.1612124397698338e-05,0.004160244939403133,-7.19977923322896,465.6144247211038,-129.7930840891661
4612.723573980245,6.1019696444285874e-06,0.004165584679200282,-7.197274118302439,465.9811698485747,-130.2700860476878
4613.325265680155,4.193153135837372e-07,0.004167554963599376,-7.194767120059883,466.3491042491321,-130.74617122142158
4615.3929741966695,-2.0438720643271467e-05,0.004147213947420498,-7.186163061224224,467.6225955711958,-132.3751620659138
4617.460682713184,-4.33635736557257e-05,0.004081607805041897,-7.177647859224421,468.90998387206366,-133.9931932304596
4618.062374413093,-5.042410602363659e-05,0.004053401338641171,-7.175200098872429,469.2871829251568,-134.46197195089567
4618.664066113002,-5.765893423102439e-05,0.004020895365805571,-7.172770922374535,469.6655180424906,-134.9298348191374
4620.731774629517,-8.385070738602747e-05,0.00387494454367255,-7.164598081572668,470.974221083551,-136.53067458834698
4622.799483146031,-0.00011207094887350824,0.003672739628501043,-7.156785183062344,472.29567868787103,-138.12100462215525
4623.401174845941,-0.0001206580893025478,0.003602730926973115,-7.154595968092139,472.68251684737754,-138.58186100012927
4624.00286654585,-0.00012941048916666835,0.003527510996047266,-7.152450746316265,473.07034609393537,-139.04188479149485
4626.070575062365,-0.00016073089593321053,0.0032278657096429394,-7.145455182949,474.4104231677078,-140.61655604112676
4628.138283578879,-0.00019390042258450962,0.0028615472309598527,-7.13914812905611,475.760946169423,-142.18228168204533
4628.739975278788,-0.00020388556903846802,0.0027418785051814935,-7.13746191359648,476.15573936794215,-142.63634173426848
4629.3416669786975,-0.00021401398064306275,0.0026161687799439648,-7.135849780204326,476.55127320686734,-143.08975820963087
4631.409375495212,-0.0002498744916097242,0.0021368351044531264,-7.130922822162645,477.9157499715176,-144.6433372481622
4633.477084011726,-0.000287240419236679,0.0015817959636052678,-7.127065254861753,479.28703941559655,-146.19091061270282
4634.078775711636,-0.0002983724419481358,0.001405615928129723,-7.12616604863012,479.6871150408071,-146.64032330540465
4634.680467411546,-0.00030961100477885185,0.0012227211825919012,-7.1253750617410985,480.08756163938875,-147.0894065061153
4636.74817592806,-0.00034898301745258693,0.000541999670075715,-7.123536395486508,481.46591423282956,-148.6306914763116
4638.815884444574,-0.00038933421164530634,-0.00022114401934127386,-7.12319047541928,482.8459502884935,-150.17047079936066
4639.417576144483,-0.000401225562155345,-0.00045898688281296557,-7.123394652655161,483.2475191952235,-150.61855023530632
4640.019267844393,-0.000413170744747325,-0.0007039798525354755,-7.123744185146913,483.6489539405198,-151.06674919015077
4642.086976360907,-0.0004545438637629293,-0.0016010256229924476,-7.12611243807167,485.0266371500289,-152.6086350039934
4644.1546848774215,-0.000496176240810012,-0.0025838869790125773,-7.130424240984256,486.39915977831237,-154.15511035813256
4644.75637657733,-0.0005082942620896437,-0.0028860903391105253,-7.132069473467888,486.79715413612445,-154.60636900650792
4645.35806827724,-0.0005203968425757225,-0.0031955536720293695,-7.13389869202566,487.19435191778695,-155.05832475013767
4647.425776793754,-0.0005617565608261643,-0.0043144557036004765,-7.14164832831335,488.5521750345949,-156.61772707480375
4649.493485310269,-0.0006024597414127637,-0.005518198812579184,-7.151799241170012,489.89597734242284,-158.1892083271837
4650.095177010178,-0.0006141246301229472,-0.005884222863769759,-7.155229310773759,490.2838279180982,-158.64921668928926
4650.696868710088,-0.0006256885860537276,-0.006257203201494884,-7.158881518467521,490.67003266846126,-159.1105978327614
4652.764577226602,-0.0006645200162348017,-0.007591393561550543,-7.1731854271009166,491.983304814279,-160.7076915697632
4654.832285743117,-0.0007015947043767687,-0.009004059785262246,-7.190329185110256,493.2712845756045,-162.3252122030281
4655.4339774430255,-0.0007119874989481437,-0.009429357365424728,-7.195874625721309,493.6406277363054,-162.80021127734216
4656.035669142935,-0.0007221794913437716,-0.009860811482700663,-7.201677445169747,494.00725297206225,-163.27729382342238
4658.1033776594495,-0.0007555123127524503,-0.011389047668209367,-7.223635362325605,495.2447072184371,-164.93380625943692
4660.171086175964,-0.0007858376225241645,-0.012983097083711606,-7.248821267745556,496.4427456115557,-166.6189809132996
4660.772777875873,-0.0007940246071618157,-0.01345842668764989,-7.25677607937005,496.78309361180817,-167.1151716046118
4661.374469575782,-0.0008019008036868147,-0.013938550298705147,-7.265017762763367,497.1193943346771,-167.61408790314684
4663.442178092297,-0.0008264214899585457,-0.015622745960983606,-7.295571871470249,498.24208685354535,-169.35039644404674
4665.509886608811,-0.0008466027337673854,-0.017353156904028166,-7.32965618575631,499.3080511917127,-171.12200608769342
4666.111578308721,-0.0008515859686504564,-0.017864090702260815,-7.3402513395357385,499.60653312744716,-171.6444564547262
4666.71327000863,-0.0008561462587814501,-0.01837785844793109,-7.351153994050931,499.8993663084737,-172.17005836127487
4668.780978525145,-0.0008684146943775551,-0.020161773472701622,-7.390994988755548,500.86003365855794,-174.00094176709524
4670.848687041659,-0.0008750517382259351,-0.02196523400790022,-7.434544806958798,501.7435145406928,-175.8701760200347
4671.450378741568,-0.000875857767191778,-0.022492032093855852,-7.447920010473073,501.9848900764193,-176.42134515799592
4672.052070441478,-0.0008761394499846636,-0.023019127013207942,-7.461611313610908,502.2187761866716,-176.97569066125655
4674.119778957992,-0.0008729513158559563,-0.024828585929353334,-7.511081204315349,502.96246052128095,-178.90485672745172
4676.187487474506,-0.0008630660300143304,-0.026624528834592393,-7.564278555045551,503.6061587572205,-180.8695082328134
4676.789179174415,-0.0008588829449986031,-0.027142613080006914,-7.580454831533886,503.7733874683593,-181.44751069551816
4677.390870874325,-0.0008541031160312369,-0.027657983919340195,-7.596940929656323,503.93116081887683,-182.02811680051053
4679.458579390839,-0.0008330226492640274,-0.029403483498166322,-7.655942981371055,504.3981192505582,-184.04215636670062
4681.526287907353,-0.0008046447003796977,-0.031097850283364436,-7.718501353574064,504.7418904418357,-186.0806879950482
4682.127979607263,-0.0007949998833342506,-0.03157913259361235,-7.737358332022011,504.81753896541693,-186.67762214147876
4682.729671307173,-0.0007847346542768861,-0.03205442725092329,-7.756501962159242,504.88185953870374,-187.27583237270636
4684.797379823687,-0.0007447050454456658,-0.0336368913648393,-7.824432762147351,505.013595339764,-189.33899784439186
4686.8650883402015,-0.0006974421098646944,-0.03512910771000063,-7.89554233362085,505.0017555598431,-191.40617866189945
4687.46678004011,-0.0006823546629741617,-0.035544237188141765,-7.916805144748333,504.9703590791419,-192.00706579034158
4688.06847174002,-0.0006666847319722451,-0.03595013838295619,-7.93831390035527,504.9261708859306,-192.60709939376554
4690.136180256534,-0.0006084722389309049,-0.03726956488201993,-8.014034279870557,504.6745989658654,-194.6589998844361
4692.203888773049,-0.0005438756656940708,-0.038462024704959366,-8.092351583756098,504.26599839562965,-196.6853414405133
4692.805580472958,-0.0005239496812284909,-0.038783281449024216,-8.115591622276531,504.11712443563744,-197.26833575420818
4693.407272172868,-0.0005035483426779037,-0.0390924546069908,-8.139020460806966,503.9547580069824,-197.84767538658406
4695.474980689382,-0.0004300067940989708,-0.040058425125468956,-8.220877974610755,503.29305021720126,-199.80607524798913
4697.542689205897,-0.0003517611105007649,-0.04086746976761168,-8.304570595396813,502.4718176034173,-201.70300216910385
4698.1443809058055,-0.00032822368193732843,-0.041072025674687936,-8.329222838582089,502.2031012920932,-202.241359841286
4698.746072605715,-0.0003043850262110047,-0.04126239773409289,-8.353993349177097,501.92124075640373,-202.77292350814008
4700.81378112223,-0.00022046547181005387,-0.04180541418906251,-8.43990367051679,500.85330986634267,-204.542780149667
4702.881489638744,-0.00013423882641079568,-0.042172524270842365,-8.526754930052046,499.6367918438223,-206.21392390129546
4703.483181338653,-0.00010886211001893338,-0.042245625414787435,-8.552152732777424,499.255873219826,-206.67967897488367
4704.084873038562,-8.340699776206831e-05,-0.042303514152074354,-8.577589801920839,498.86330532534157,-207.13564635735798
4706.152581555077,4.296046332642174e-06,-0.042385219201474256,-8.665176769799722,497.4281790373142,-208.62329186479914
4708.220290071591,9.15107549997578e-05,-0.042286084787336524,-8.752745718255644,495.86850945591976,-209.97979911047128
4708.821981771501,0.00011664031030489306,-0.04222341388226498,-8.778170774450409,495.3929126991904,-210.34834098509938
4709.42367347141,0.00014161143163118897,-0.04214574781759225,-8.803553896553828,494.90814578313325,-210.70475099902328
4711.491381987925,0.00022583983927737273,-0.041765307403646534,-8.89033513966617,493.1765761497458,-211.83360285618437
4713.559090504439,0.00030688006361517816,-0.04121400331076779,-8.976153094752515,491.35415371592285,-212.80912991217505
4714.160782204348,0.0003297257294025551,-0.041022428126806336,-9.000894024838594,490.8088182662416,-213.0633233919852
4714.762473904258,0.00035220560751328845,-0.040817278696327314,-9.025516263884976,490.2573793621019,-213.30405644972333
4716.830182420772,0.0004263549926756642,-0.040011442674573114,-9.109106851065858,488.3208536433203,-214.02698840088027
4718.897890937286,0.000495177727991918,-0.03905779431725,-9.190878387829088,486.331165352643,-214.58764084937414
4719.499582637196,0.0005141065062052363,-0.03875410332972499,-9.214287926597025,485.74428473390583,-214.72018757200345
4720.101274337106,0.000532521555978312,-0.03843921656473796,-9.237512301253284,485.1544462979672,-214.83908121346383
4722.16898285362,0.0005916771580072721,-0.03727581066060195,-9.315810493659978,483.1098811158032,-215.14367066735187
4724.236691370134,0.0006441687072707274,-0.03599697787367995,-9.391583767196233,481.0478105526994,-215.29009596855593
4724.838383070043,0.000658141055200133,-0.03560513985350223,-9.413124862605526,480.4463018628004,-215.3035468415601
4725.440074769953,0.0006715222309756837,-0.03520508744768689,-9.434428796508012,479.844596406694,-215.30415532080931
4727.507783286467,0.0007129029704889204,-0.033772559553411435,-9.505755098135488,477.779529216695,-215.20996158400308
4729.575491802982,0.0007471221328675019,-0.032261872378641275,-9.574038544330858,475.7259089917295,-214.97200390739786
4730.17718350289,0.0007557289238866151,-0.031809713785829426,-9.593313907945264,475.13183484564524,-214.87676976011429
4730.7788752028,0.000763734946403664,-0.031352550704189096,-9.61231680134918,474.53963919751806,-214.77020585870554
4732.846583719314,0.0007866762386684326,-0.02974845962393005,-9.67549328247164,472.52189319794707,-214.32023516492927
4734.914292235829,0.000802700456230167,-0.02810408388541168,-9.735311322340692,470.535468169257,-213.74710650540584
4735.515983935738,0.0008060950956118591,-0.02762006436493178,-9.752075254908993,469.9641531683833,-213.55843729349874
4736.117675635648,0.0008089346596366386,-0.0271341466615337,-9.768548400544784,469.3960040433959,-213.36030254325897
4738.185384152162,0.0008145518050274511,-0.02545464386058786,-9.822918456764254,467.4694418744764,-212.61028570572455
4740.253092668677,0.0008140496765171853,-0.02376985287765898,-9.873810323529232,465.58487797198495,-211.75992844140538
4740.854784368586,0.0008128097246079118,-0.023280409719605523,-9.88796467619535,465.0447276912824,-211.49490007330897
4741.456476068495,0.0008110979069889885,-0.02279182217713764,-9.901825657288374,464.5083052303933,-211.22232099224217
4743.52418458501,0.0008017606402132368,-0.021123501792513974,-9.947223486437817,462.69394546535653,-210.23104864496355
4745.591893101524,0.000787434037898235,-0.019479646399716607,-9.989197008555669,460.9245116909455,-209.16144470523443
4746.193584801433,0.0007823959965864776,-0.019007368851799572,-10.000775118294287,460.4180398904732,-208.83664456253376
4746.795276501342,0.0007769886665997234,-0.018538197269575996,-10.012070675728962,459.9152909120995,-208.50605619854085
4748.862985017857,0.0007557576579443213,-0.0169529190252723,-10.04875508949151,458.2157818000566,-207.32856517731045
4750.930693534371,0.0007308011927807317,-0.015415391897454491,-10.082210977622372,456.5585370350809,-206.09216767967075
4751.532385234281,0.0007229102251218517,-0.014978054392888157,-10.091354184635916,456.08396428808516,-205.72230833140478
4752.1340769341905,0.0007147573561125538,-0.014545507294960864,-10.100236173381697,455.61273068738114,-205.34816829665914
4754.201785450705,0.0006849126713048735,-0.013098026490942804,-10.128804484882256,454.01807193951294,-204.03207365741895
4756.269493967219,0.000652595765596243,-0.011714811711980055,-10.154446269700511,452.4596239135726,-202.67321110410683
4756.871185667128,0.0006427947493196442,-0.011325108630756291,-10.16137724065808,452.01253079415363,-202.27055912664645
4757.472877367038,0.0006328340410946321,-0.010941317399915284,-10.168075804964314,451.568187465851,-201.8648524508686
4759.540585883552,0.0005975446620063147,-0.009669057160226547,-10.1893711196993,450.0611808006067,-200.44917868088385
4761.608294400066,0.000560932205412181,-0.008471132939534609,-10.208112623711232,448.58278756211536,-199.00359905658357
4762.209986099975,0.000550089445516624,-0.008136899054691456,-10.213108647535423,448.15751985164775,-198.57795514459522
4762.811677799885,0.0005391778310894751,-0.0078091810744383575,-10.217905655252698,447.73434302600003,-198.1502193467596
4764.879386316399,0.0005012933653043927,-0.006733428061907079,-10.232927036592312,446.2949880848369,-196.6657791047619
4766.9470948329135,0.00046307557084115415,-0.005736353695196515,-10.245805416519257,444.87646580452764,-195.1613904501279
4767.548786532823,0.00045194173729523385,-0.005461088145490554,-10.249173756628078,444.46717741944883,-194.72035571053456
4768.150478232733,0.00044081506290321215,-0.005192496149007336,-10.252378469170058,444.0593460797898,-194.27796623141916
4770.218186749247,0.0004027467652834072,-0.004320457142413955,-10.262199997003464,442.66796377899675,-192.7484491511442
4772.285895265762,0.0003651484463665367,-0.003526646389534922,-10.270299278969413,441.29033506297804,-191.2065184420704
4772.88758696567,0.0003543350911098041,-0.0033102065621945986,-10.272355827599746,440.89167277983483,-190.75585321042234
4773.48927866558,0.00034358876150721745,-0.0031002350155515876,-10.27428397166408,440.49391637802887,-190.30438491111818
4775.556987182094,0.0003072582803846715,-0.002427540330847526,-10.279986134351807,439.13310250465304,-188.74759809768355
4777.624695698609,0.00027200900212099737,-0.001828848685189929,-10.284373868867991,437.7801568171026,-187.18396244710848
4778.226387398518,0.0002619834744243248,-0.001668212497911224,-10.285425727484618,437.3876458725131,-186.7279282563772
4778.828079098428,0.0002520688505501949,-0.0015135627002371415,-10.2863825322113,436.9956008290122,-186.27149220001562
4780.8957876149425,0.00021890612018011642,-0.0010269031780511194,-10.288997457055741,435.65124259035775,-184.70046873767836
4782.963496131457,0.00018725205604985638,-0.0006072547748658503,-10.290675391592236,434.3102586369862,-183.1265622721333
4783.565187831366,0.00017834320966893846,-0.0004972790565256016,-10.291007536113613,433.920463117007,-182.66820421363306
4784.166879531275,0.00016957425853099587,-0.00039261396036885426,-10.291274851783866,433.5308122810599,-182.2097228562716
4786.23458804779,0.00014054673853505353,-7.229892281030578e-05,-10.291745477078686,432.1924207345372,-180.6336117131102
4788.302296564304,0.0001132885733434855,0.0001898249194382132,-10.291613945457435,430.85429638636697,-179.05727361890825
4788.903988264213,0.00010569919207512567,0.00025569588538827475,-10.291479823183632,430.46482368265464,-178.59864096085295
4789.5056799641225,9.826548834361851e-05,0.00031705067762597756,-10.291307141117155,430.0752869764,-178.1400627066938
4791.573388480637,7.392676484812769e-05,0.0004947474856020337,-10.29045952449519,428.7358703086374,-176.56482254409462
4793.641096997151,5.1473526985833335e-05,0.0006240682250761386,-10.289294496474428,427.39486926292625,-174.99093123122773
4794.242788697061,4.5296813676457044e-05,0.0006531723049792072,-10.28891020680874,427.0042763047057,-174.53325221022328
4794.8444803969705,3.9280366772414547e-05,0.0006786080957162946,-10.28850921576995,426.61350884174345,-174.07572224534272
4796.912188913485,1.983018040511041e-05,0.0007393954906435377,-10.287036612191521,425.269168834604,-172.5046818829509
4798.979897429999,2.2620541689854814e-06,0.0007619113454522301,-10.285477885193615,423.92244926022204,-170.93568096167047
4799.581589129908,-2.4996859809375926e-06,0.0007618327761102831,-10.28501947854183,423.5300954190979,-170.47951062419733
4800.183280829818,-7.105601015067852e-06,0.0007589332219586219,-10.284561682352292,423.1375365858868,-170.02351668017428
4802.250989346332,-2.175575911268105e-05,0.0007287872247468439,-10.28301869457288,421.7869270853857,-168.45786298598878
4804.318697862846,-3.4621001345287156e-05,0.0006701943137360175,-10.281567449891599,420.4339750722969,-166.8942329930789
4804.920389562756,-3.803697246941269e-05,0.0006483301503849899,-10.28117081576747,420.03985456402705,-166.4395881832395
4805.522081262666,-4.1308422441515564e-05,0.0006244493309448375,-10.280787678773457,419.64555960982796,-165.98509459570755
4807.58978977918,-5.146889864568913e-05,0.0005282521119816644,-10.279592621889693,418.2893058866072,-164.42432761195545
4809.6574982956945,-6.001024632040396e-05,0.0004127199327641263,-10.278616462345827,416.93135847406717,-162.8650337841512
4810.259189995603,-6.220227727286766e-05,0.0003759491398210633,-10.278379256911736,416.5359343936547,-162.41152230058432
4810.860881695513,-6.426590750146746e-05,0.00033789194046175713,-10.27816432744158,416.140409567285,-161.9580986216544
4812.928590212027,-7.0405463302523e-05,0.00019841878538592108,-10.277607923680478,414.7805527907235,-160.400469717671
4814.996298728542,-7.513717131731728e-05,4.770632792143125e-05,-10.277351529550579,413.4200630524505,-158.84339352337093
4815.59799042845,-7.626223635507619e-05,2.1562603030221805e-06,-10.277336606501214,413.0241162516059,-158.3903383175631
4816.19968212836,-7.727798554777424e-05,-4.404471122978673e-05,-10.277349085476976,412.62816981435117,-157.937282796514
4818.2673906448745,-7.996603042290515e-05,-0.00020681396789888067,-10.277607687775916,411.2676726604631,-156.38021307461116
4820.335099161389,-8.14825687491961e-05,-0.00037393015081496123,-10.2782073435413,409.90784388197324,-154.82255974326915
4820.9367908612985,-8.171731357600075e-05,-0.0004230290731790946,-10.278447191494685,409.51234302831676,-154.36911514926055
4821.538482561208,-8.18631983176648e-05,-0.00047224959445752113,-10.2787164549546,409.11695784375166,-153.91556978604848
4823.6061910777225,-8.171951675293063e-05,-0.000641530062859142,-10.279868157178795,407.7592863465655,-152.3560356829815
4825.673899594237,-8.064853708593198e-05,-0.0008095547485739956,-10.281368583772895,406.4036842937854,-150.79470283270803
4826.275591294146,-8.017622309275298e-05,-0.0008579380813945771,-10.281870330146074,406.00967873882377,-150.33995830469146
4826.877282994055,-7.963556310512257e-05,-0.000906023591021562,-10.28240097284525,405.61590766296234,-149.8850109045994
4828.94499151057,-7.728863318051454e-05,-0.0010683790560017112,-10.284443176340513,404.26469080402023,-148.3198812659772
4831.012700027084,-7.425272939497105e-05,-0.0012251694554291294,-10.286815330146691,402.9169320800719,-146.751773447023
4831.614391726993,-7.325275350005026e-05,-0.001269544921354293,-10.287565939719803,402.52546642753924,-146.29484059337616
4832.2160834269025,-7.220398581658167e-05,-0.0013133104911194104,-10.28834297607872,402.13434918576195,-145.83760972313206
4834.283791943417,-6.825817860200405e-05,-0.0014586083516641068,-10.291210225186752,400.7931104421476,-144.26392133626211
4836.351500459931,-6.384545604101311e-05,-0.0015952647106075612,-10.294368973865225,399.45661968838044,-142.68619941270384
4836.953192159841,-6.248541145993559e-05,-0.0016332692793051826,-10.295340343271098,399.0686677731676,-142.2262795180007
4837.554883859751,-6.109442178237124e-05,-0.0016704519909625235,-10.29633427512925,398.6811669707353,-141.76597974651906
4839.622592376265,-5.610572230476862e-05,-0.0017916661076504642,-10.299915425880638,397.35311945323025,-140.18114389669628
4841.690300892779,-5.084861755788838e-05,-0.0019022875560116526,-10.303736260818159,396.03094686805605,-138.59140429340903
4842.291992592688,-4.927869103413889e-05,-0.0019324084887844906,-10.304889982133725,395.6473626871774,-138.1278353529509
4842.893684292598,-4.7693461878285434e-05,-0.001961585171741105,-10.306061514290949,395.26431651202506,-137.66382200889996
4844.961392809112,-4.215289475673265e-05,-0.002054490100904371,-10.310215542295921,393.95221354000273,-136.06576100743325
4847.0291013256265,-3.651430162933778e-05,-0.0021358374076405223,-10.314549721716977,392.6469050237529,-134.462146131055
4847.630793025535,-3.486372180292288e-05,-0.002157309008979058,-10.31584135481825,392.2683884857818,-133.99443020372956
4848.232484725445,-3.3210987193249505e-05,-0.002177790906330337,-10.317145605029566,391.8904780163911,-133.52622463721212
4850.300193241959,-2.7534681182410616e-05,-0.0022405858448084626,-10.321715577556112,390.59651233763975,-131.9134430428648
4852.367901758474,-2.1900331429940347e-05,-0.002291687213662009,-10.326403302264984,389.31002603682134,-130.29468948129326
4852.969593458383,-2.027556765917935e-05,-0.0023043733979302324,-10.327786053931172,388.9371018193857,-129.82250260329286
4853.571285158293,-1.8659201748684076e-05,-0.0023160876976722968,-10.329176161381241,388.5648312684168,-129.3498003266862
4855.638993674807,-1.318422653861425e-05,-0.0023489830860330668,-10.334001088368572,387.29057748001543,-127.7213999489704
4857.706702191322,-7.860581584348901e-06,-0.0023707142749536353,-10.338882491275431,386.02424166270197,-126.086834770102
4858.3083938912305,-6.3451025110565885e-06,-0.0023749857750688967,-10.34031024933851,385.65724975912474,-125.61002262606011
4858.91008559114,-4.846032070071596e-06,-0.002378352708613424,-10.341740335164335,385.2909382541486,-125.1326876058664
4860.9777941076545,1.6873349137091196e-07,-0.002383148456949232,-10.346664778857788,384.037333734989,-123.48833801534458
4863.045502624169,4.951957421460292e-06,-0.002377814512126858,-10.351588666134502,382.79184141334434,-121.83783544011439
4863.647194324079,6.2966667748765395e-06,-0.0023744283168992625,-10.353018381015827,382.4309380400445,-121.35639843011496
4864.248886023988,7.6193204674021965e-06,-0.0023702412321751393,-10.354445857713682,382.07072161226836,-120.87444718818281
4866.316594540503,1.1988424735419911e-05,-0.0023499205368780734,-10.359327322895885,380.8380813619079,-119.21432437127359
4868.384303057017,1.607231806244521e-05,-0.002320860674022333,-10.364157735777757,379.613516950848,-117.54823539891986
4868.985994756926,1.720483112764259e-05,-0.0023108474775924244,-10.365551177608715,379.2586844159385,-117.06230672002458
4869.587686456835,1.831175237156377e-05,-0.002300161456178717,-10.366938438933323,378.9045267833528,-116.57588583696663
4871.65539497335,2.1915740266789534e-05,-0.002258517696712467,-10.371652676597549,377.69258718470826,-114.90059107701165
4873.723103489864,2.5204045931294817e-05,-0.002209748310200328,-10.376273440245793,376.4884800090733,-113.21965762305672
4874.324795189773,2.610051235473567e-05,-0.002194311870756027,-10.377598385559738,376.1395439918271,-112.72947761066534
4874.926486889683,2.696965940240433e-05,-0.002178344583391906,-10.378913933193168,375.79125456890085,-112.23883781933392
4876.994195406197,2.974610237920711e-05,-0.002119652471385864,-10.383358366769373,374.5992405510252,-110.54930727628434
4879.061903922711,3.219592188442016e-05,-0.002055557165658018,-10.387675856050882,373.41463948517475,-108.85457049004279
4879.663595622621,3.2847319951028974e-05,-0.002035987749146026,-10.388906774154508,373.07129203026506,-108.36045986991667
4880.265287322531,3.347117030553899e-05,-0.002016034544986525,-10.390125852516867,372.72854945535914,-107.86592931563526
4882.332995839045,3.5405140372685546e-05,-0.0019447710476689427,-10.394221379982474,371.5552590973982,-106.16334257298435
4884.400704355559,3.7017419663317e-05,-0.0018698412453519782,-10.398165764882716,370.38882227982384,-104.45605268467342
4885.002396055468,3.742680950015026e-05,-0.0018474438378595541,-10.399284081534825,370.0506487318418,-103.95838669995192
4885.604087755378,3.7809620075496405e-05,-0.0018248075998284,-10.400388898741049,369.7130281349271,-103.46034525441998
4887.671796271892,3.892441891007237e-05,-0.0017454233592672148,-10.404080340204539,368.55692859802247,-101.74603872701309
4889.7395047884065,3.9734952792803e-05,-0.0016640486052776791,-10.407605580296952,367.40702213951096,-100.02757142876271
4890.341196488316,3.9914920066918884e-05,-0.0016400853582942895,-10.408599596589116,367.0735302615247,-99.52675613600167
4890.942888188226,4.0070208560536545e-05,-0.0016160204696173265,-10.409579209099716,366.74053252413927,-99.02561198854026
4893.01059670474,4.0418972451894155e-05,-0.0015327586120484637,-10.412834662628487,365.59986138414445,-97.3010008745143
4895.078305221255,4.049047268554365e-05,-0.0014490622626243679,-10.415917505704,364.4646612999615,-95.57278315897864
4895.679996921163,4.04609187406892e-05,-0.0014247077127105816,-10.416782044579085,364.13531093311695,-95.06923461051069
4896.281688621073,4.0409292270055e-05,-0.0014003765913845679,-10.417631977089503,363.80639231517324,-94.56540379725791
4898.349397137587,4.0067897658707574e-05,-0.001317133029780651,-10.42044132105568,362.6792588589412,-92.83191443571533
4900.417105654102,3.94834739947009e-05,-0.0012348466293430806,-10.423079531165722,361.5568510391425,-91.09536118015576
4901.0187973540105,3.9269828155627164e-05,-0.0012111536154612963,-10.423815374438707,361.2310828454872,-90.5894877708916
4901.62048905392,3.903725265594813e-05,-0.001187593688808985,-10.424537036618187,360.90568354481627,-90.08337688005189
4903.688197570435,3.8098754987171116e-05,-0.0011078112707454668,-10.426909780223578,359.7901652908077,-88.34239005475125
4905.755906086949,3.69569708506387e-05,-0.0010301795608847416,-10.429119780562496,358.67863907025696,-86.59885151924097
4906.357597786859,3.6588871039122695e-05,-0.001008053439700958,-10.429732947230985,358.3559011252243,-86.09103948826144
4906.959289486768,3.6205397297457604e-05,-0.000986152140543275,-10.430332896659396,358.0334715623061,-85.58303150843386
4909.026998003283,3.477605706641858e-05,-0.0009127402356529066,-10.432295537021668,356.9277020563634,-83.83583643247563
4911.094706519797,3.318754910683587e-05,-0.0008424483459651853,-10.434109608603979,355.8252337421576,-82.08655622349079
4911.696398219706,3.2697963546141606e-05,-0.0008226270569425994,-10.434610512179072,355.50500497373037,-81.57715815497869
4912.298089919615,3.21969025583194e-05,-0.0008031024032747233,-10.435099599751709,355.1850288236179,-81.06760130236289
4914.36579843613,3.0393692320153292e-05,-0.0007383736739433913,-10.436692599076125,354.08727353676284,-79.31535967498688
4916.433506952644,2.847919198928169e-05,-0.0006774885155148259,-10.438155731947774,352.99219699855314,-77.56144253566326
4917.035198652553,2.7903937606322457e-05,-0.0006605262424487935,-10.438558241885223,352.67400668087066,-77.05076867508231
4917.636890352463,2.73214110499798e-05,-0.0006439107827320053,-10.438950663428255,352.35601988166803,-76.53996801791601
4919.704598868977,2.5270760910315147e-05,-0.0005895278237218493,-10.440225117900823,351.264737720163,-74.78368756424713
4921.772307385491,2.316022953731511e-05,-0.000539446919937942,-10.441391571963996,350.1755997827179,-73.02607648187679
4922.373999085401,2.2537782158748842e-05,-0.0005256994970386523,-10.44171199323409,349.8590424662215,-72.51438873890942
4922.975690785311,2.1912565627092283e-05,-0.0005123258251672082,-10.442024260277968,349.54264760318136,-72.00260050037357
4925.043399301825,1.9749994537025806e-05,-0.0004692519588855256,-10.443038297278596,348.45653608742407,-70.24311767025495
4927.111107818339,1.75824843787662e-05,-0.000430654765541024,-10.443967898306445,347.37213495335044,-68.48258011926448
4927.712799518248,1.6953975134980862e-05,-0.0004202655422943666,-10.444223874701795,347.0568803447657,-67.9700887334807
4928.314491218158,1.6327499463166286e-05,-0.0004102521687517781,-10.444473709264937,346.7417559354357,-67.45751726211215
4930.382199734672,1.4197697641804482e-05,-0.0003787027959264441,-10.445288624443306,345.65977850164563,-65.69548915395134
4932.449908251187,1.212147505004183e-05,-0.00035150183935095207,-10.446042800343438,344.57918377475505,-63.93261269962436
4933.051599951095,1.1530718864626667e-05,-0.0003443874099749245,-10.446252142054414,344.26498117002444,-63.419475664144954
4933.653291651005,1.0947099465093609e-05,-0.0003376244805852901,-10.446457295640977,343.950885461497,-62.90627317980413
4935.721000167519,9.003940266809149e-06,-0.0003170179187794096,-10.447133428734432,342.87227960363253,-61.14217915666853
4937.788708684034,7.176303604390547e-06,-0.00030030981033113516,-10.447770983897142,341.7948327040216,-59.37737702333258
4938.390400383943,6.6696992287680505e-06,-0.00029614584984657125,-10.447950418863199,341.4815096343295,-58.8637024655248
4938.992092083853,6.175602290663747e-06,-0.00029228105888226503,-10.448127415363729,341.16827857784943,-58.34997178932899
4941.059800600367,4.5814569431635556e-06,-0.0002811908964611972,-10.448719765937774,340.0925437143355,-56.58412556857812
4943.127509116882,3.1676217732395774e-06,-0.0002732105475068228,-10.449292400382417,339.01783762131316,-54.81765303319157
4943.729200816791,2.7937316201860766e-06,-0.0002714189655203118,-10.44945625279667,338.7052924118271,-54.30350481390525
4944.3308925167,2.437916557450101e-06,-0.0002698449789907719,-10.44961905942551,338.3928315188049,-53.78930534702913
4946.398601033215,1.3617048928292512e-06,-0.00026595924101981063,-10.450172663418247,337.3196956003785,-52.0218784893854
4948.466309549729,5.322408418239559e-07,-0.00026404369400230657,-10.450720269727787,336.2475329976991,-50.25386102358753
4949.068001249639,3.4092418816501336e-07,-0.00026378316810840444,-10.450879077901154,335.9357209818412,-49.73926781794193
4949.669692949548,1.7331120417347222e-07,-0.00026362870273358965,-10.451037717635794,335.6239908103844,-49.22462502810265
4951.737401466063,-2.1315741708392353e-07,-0.00026372380978256614,-10.45158284132056,334.5533548585159,-47.455682671110786
4953.805109982577,-2.8674709054248477e-07,-0.00026429455005858103,-10.452128653394409,333.4836839672213,-45.68615658002292
4954.406801682486,-2.4577410933480326e-07,-0.00026445717350179166,-10.452287752055096,333.17259716948,-45.17112463411959
4955.0084933823955,-1.7560593443633776e-07,-0.0002645845323587738,-10.452446884312183,332.8615922653277,-44.65604323212437
4957.07620189891,2.9665040654587117e-07,-0.0002645241583900909,-10.45299414080405,331.793452326747,-42.885592590826235
4959.143910415424,1.1447916871813424e-06,-0.0002630986857177056,-10.453539861147032,330.7262800780639,-41.114558487343615
4959.745602115333,1.4655498218486497e-06,-0.00026231597877221936,-10.453697969304853,330.4159203005098,-40.59908811055869
4960.347293815243,1.8205769454099871e-06,-0.00026132833872812846,-10.453855481943016,330.1056415459825,-40.08356895811622
4962.415002331757,3.3097191608437773e-06,-0.0002560988049357609,-10.454391033722636,329.0399880572042,-38.311620583942684
4964.482710848271,5.230903025910647e-06,-0.00024734349100302206,-10.454912127207876,327.9752708748039,-36.539109443736116
4965.084402548181,5.873957915894036e-06,-0.00024400533086535,-10.45506000098311,327.6656163245284,-36.02321511393826
4965.686094248091,6.555588924551113e-06,-0.0002402673545887778,-10.455205675165903,327.35603686202546,-35.50727571819986
4967.753802764605,9.198636964485953e-06,-0.0002240619302939323,-10.455686750582686,326.2927322375886,-33.73391684795651
4969.8215112811195,1.2318440168456234e-05,-0.0002018985577008727,-10.456128158255414,325.23024566651856,-31.960067715288865
4970.423202981028,1.3317907953136933e-05,-0.00019418861589215756,-10.456247387275491,324.92121157292655,-31.443801477934237
4971.024894680938,1.4359067243272519e-05,-0.00018586396038853105,-10.45636171593786,324.6122367953647,-30.927499733027442
4973.092603197452,1.825941387313421e-05,-0.00015222816958452,-10.45671273346956,323.55087328646965,-29.15297840593612
4975.160311713967,2.2664462952334724e-05,-0.00011000581006018403,-10.456985324729512,322.490063124058,-27.37812621283926
4975.762003413876,2.4042090542029516e-05,-9.595677540967402e-05,-10.457047369210708,322.1814572441516,-26.861603890595404
4976.363695113786,2.5462866533325896e-05,-8.106570880121858e-05,-10.457100628174496,321.87287981078043,-26.345064568982302
4978.4314036303,3.0676131577245805e-05,-2.3114074209036427e-05,-10.457210283177988,320.81262141528174,-24.56988271040621
4980.499112146815,3.639957099838373e-05,4.614451886564604e-05,-10.457188421345899,319.7524409431866,-22.794654308400702
4981.1008038467235,3.8160463241158764e-05,6.857355779576847e-05,-10.457154002419296,319.44391545875084,-22.27808395783464
4981.702495546633,3.996381499854866e-05,9.207420969812117e-05,-10.457105688075488,319.13536691839676,-21.76152738676331
4983.7702040631475,4.648306477816887e-05,0.0001813636780167272,-10.456825402711436,318.074781403201,-19.98654093014672
4985.837912579662,5.348984817828452e-05,0.0002846370933355309,-10.456346035390144,317.01352180466984,-18.21195748459869
4986.439604279571,5.5618222349338006e-05,0.0003174603765713487,-10.456164999741501,316.70452387542525,-17.69566958757304
4987.04129597948,5.7785767225963855e-05,0.0003515744280956588,-10.455963754736251,316.3954252550514,-17.17944201362593
4989.109004495995,6.552727709446295e-05,0.0004789877612609399,-10.455107909563903,315.33231513298216,-15.405966498268262
4991.176713012509,7.370046949530941e-05,0.0006228545771362787,-10.45397160025428,314.2674391193118,-13.633550967286778
4991.778404712419,7.615580272683346e-05,0.0006679376171339604,-10.453583379157504,313.9571632378703,-13.118030049590445
4992.380096412328,7.864402459019845e-05,0.0007145051832017916,-10.4531675254247,313.6466778463449,-12.602635415319222
4994.447804928843,8.7434855135302e-05,0.0008861481921083887,-10.451515875480052,312.5779222839742,-10.832556377647574
4996.515513445357,9.656431041629554e-05,0.0010763181648254813,-10.449490163643649,311.5059141662288,-9.06444583618631
4997.117205145266,9.927828210358711e-05,0.0011352370401003088,-10.448824935316336,311.1932604044533,-8.550363532722002
4997.718896845176,0.00010201560258793515,0.0011957920484625953,-10.44812372140689,310.8802530469502,-8.03649672403664
4999.78660536169,0.00011158452718278738,0.0014165879330643198,-10.445426347223519,309.801675928654,-6.27238539516838
5001.854313878204,0.00012135958794666405,0.0016573826793008296,-10.442251755600873,308.71792457565476,-4.511449169151094
5002.456005578113,0.00012423433254369498,0.0017312702620863056,-10.441232396731902,308.40146772834936,-3.999699095699707
5003.057697278023,0.00012711953800109688,0.0018068857046602395,-10.440168041822016,308.08447543255244,-3.488281049917119
5005.125405794537,0.00013709313717132163,0.0020800371526044454,-10.43615308966991,306.99075781764833,-1.7335169082598716
5007.193114311051,0.00014710127526192153,0.0023738468047031294,-10.431551982370248,305.88949173793935,0.016517730898156145
5007.794806010961,0.0001500095066662401,0.002463234383380048,-10.430096857361983,305.56746713227216,0.524782775014601
5008.396497710871,0.00015291213107160713,0.0025543641151043197,-10.42858743527373,305.244687222643,1.0325675816571507
5010.464206227385,0.00016281813142187166,0.002880812905731518,-10.422971753004225,304.1293447225622,2.7736657251848365
5012.5319147438995,0.0001725516841330809,0.0032275661319215864,-10.416660077962955,303.0036403562411,4.508079022819075
5013.133606443808,0.00017533934344574425,0.0033322321540211032,-10.41468666069352,302.67395253578474,5.011407265532661
5013.735298143718,0.0001781026233409314,0.003438561332050772,-10.412649811594136,302.3432542833822,5.514070766823527
5015.803006660232,0.00018738256359566833,0.0038164899224982147,-10.405152379713833,301.1987008184783,7.236105177824228
5017.870715176747,0.00019625524952479785,0.0042131856828243955,-10.396854099149927,300.0405853232409,8.949042893736191
5018.472406876655,0.00019874702653624655,0.004332026307439887,-10.394283350928129,299.70084571728233,9.445641931634562
5019.074098576565,0.00020119374571037386,0.00445234536197908,-10.391640735565009,299.3598116178037,9.941350738730959
5021.1418070930795,0.000209225373636026,0.004876772421022616,-10.381998531619374,298.1775297832968,11.637701106386078
5023.209515609594,0.00021659827329590422,0.005317125516506888,-10.371462271028514,296.9781972901813,13.322032061674602
5023.8112073095035,0.00021860584029284878,0.005448061928673234,-10.368223617901904,296.6257960849633,13.809727927193261
5024.412899009413,0.00022054687016106903,0.0055801789358182734,-10.36490594855838,296.271797817386,14.296262780515756
5026.480607525928,0.00022667596319917224,0.006042699250312073,-10.352891607753811,295.0426317974101,15.95895059621123
5028.548316042442,0.00023189341613005053,0.006516950239672408,-10.339908781947729,293.79278639337156,17.606139669233716
5029.150007742351,0.00023322668592678727,0.006656887696728467,-10.335945455936521,293.4250018697523,18.082342027440877
5029.75169944226,0.00023447263372571137,0.006797594336456762,-10.331897859524616,293.055313898942,18.557064197578445
5031.819407958775,0.00023805611353321294,0.007286317625756287,-10.317338219793523,291.7698925936233,20.176647869163627
5033.887116475289,0.00024049379278682703,0.007781265915990784,-10.301761607011192,290.4602211907065,21.776671725904794
5034.488808175199,0.00024097587354982592,0.00792612255634239,-10.297036028565122,290.07436648816383,22.238354019479658
5035.090499875108,0.00024135243683609764,0.008071231996179911,-10.29222340834206,289.68631679917894,22.698187858573338
5037.158208391623,0.00024181426929731695,0.008570986364448105,-10.275017706354905,288.3356015157549,24.26372311957738
5039.225916908137,0.00024093890157448337,0.009070313197525135,-10.256779100013386,286.9573642598238,25.805067443288294
5039.827608608046,0.00024042399807138622,0.009215137613901872,-10.251277876887405,286.5509665891674,26.248773990853184
5040.429300307956,0.00023979001026777492,0.009359612786920051,-10.2456898371337,286.1421189166,26.69021791975969
5042.49700882447,0.00023668351667681996,0.009852468994401689,-10.225825977222673,284.71805091349967,28.189327684251165
5044.564717340984,0.00023211440279210664,0.010337389742409888,-10.204951238442577,283.26375564244745,29.65911213862227
5045.166409040893,0.00023050533479265618,0.010476574609112433,-10.198689279442819,282.83475645791185,30.081005860781833
5045.768100740803,0.00022877006718644618,0.010614752232622962,-10.192344107865328,282.4031117259233,30.500185486911413
5047.835809257317,0.00022183546376885958,0.011080871530440333,-10.169911256543976,280.89931113330766,31.91928591297141
5049.9035177738315,0.0002133986127592717,0.011531098984642557,-10.146531036231003,279.3634137174619,33.30356172409664
5050.505209473741,0.00021066184675839393,0.011658682045742975,-10.139554285325755,278.9103711033197,33.699524940269676
5051.106901173651,0.00020779970757687962,0.011784582508752325,-10.132501504027678,278.4545685460398,34.09230037066925
5053.174609690165,0.00019701183457507425,0.012203346951529914,-10.107697380740053,276.86701161201177,35.41702102581019
5055.24231820668,0.00018478291049579893,0.012598315380633777,-10.08205197625774,275.2465606816032,36.70127183284934
5055.844009906588,0.00018096007059597113,0.012708351834527296,-10.074438340829863,274.76882879340275,37.067067364514365
5056.445701606498,0.0001770216158491913,0.012816058286494646,-10.066759409417026,274.2883210292444,37.42920109170673
5058.513410123012,0.00016262379559516107,0.013167421169839643,-10.039890922367691,272.6159033654314,38.64501379053226
5060.581118639527,0.00014695483819200534,0.013487699387071677,-10.012328056306494,270.91103266138987,39.81486138122683
5061.182810339436,0.00014216895867914168,0.01357468272829704,-10.004186205552408,270.4088895370789,40.14635170299852
5061.784502039346,0.00013728639866244797,0.013658765361710859,-9.99599306667597,269.90406281093004,40.47373351460363
5063.85221055586,0.00011980306071703529,0.01392472990812923,-9.967469346264178,268.1489497606302,41.56676710361557
5065.919919072375,0.00010132433632627349,0.014153514923265626,-9.938434126911392,266.3631217505889,42.60884225079728
5066.521610772284,9.577818534601359e-05,0.014212811202491448,-9.929899988740951,265.83781838461215,42.90225176784887
5067.123302472193,9.016265986616497e-05,0.014268760113141361,-9.921331306007414,265.31003145680825,43.191164271525274
5069.191010988708,7.038166153174937e-05,0.01443484811214649,-9.891648798501624,263.47771009431,44.14913739224156
5071.258719505222,4.997058199575843e-05,0.014559383360297084,-9.861665828914203,261.6176368795159,45.05203061189607
5071.860411205131,4.393500238152616e-05,0.01458763043704396,-9.852896838126238,261.07134871684775,45.30422318153125
5072.46210290504,3.786376289158564e-05,0.014612247506157368,-9.844112008389901,260.52287290888955,45.55161879130671
5074.529811421555,1.6783098021599838e-05,0.014668779799579527,-9.813832146299532,258.6218571481625,46.364781221946515
5076.597519938069,-4.5030323657141795e-06,0.014681511001316205,-9.783480675849745,256.69707023576046,47.119952206815455
5077.199211637979,-1.0711248867206895e-05,0.014676927342639279,-9.77464810720712,256.13274699335193,47.32868685274364
5077.8009033378885,-1.6918019868530472e-05,0.014668621574789337,-9.76581941363035,255.5666052399337,47.532438594657656
5079.868611854403,-3.817738180875808e-05,0.014611619666540851,-9.735540379841627,253.6078023605603,48.194388574272864
5081.936320370917,-5.9197100992532285e-05,0.014510907350237105,-9.705424399575534,251.62990445432735,48.79690031720674
5082.538012070826,-6.524411015622025e-05,0.014473461310350308,-9.696704408347179,251.0510326830025,48.96102656799983
5083.139703770736,-7.12524246857884e-05,0.014432400904226686,-9.68800796476526,250.47075408114324,49.12011455145979
5085.20741228725,-9.154655997917914e-05,0.014263975263627252,-9.658332982691759,248.46656523676563,49.62836587861121
5087.275120803764,-0.00011117203005576736,0.014054278569028106,-9.629048924004636,246.44825956218503,50.07732844048004
5087.876812503673,-0.00011673456777413379,0.013985704126904664,-9.620613096013628,245.85856974019018,50.19689058041822
5088.478504203583,-0.00012222395293075812,0.013913815728241687,-9.61221939210029,245.26789299632355,50.311494821762516
5090.546212720097,-0.00014047724133543963,0.013642040425440458,-9.583724336172294,243.23117377158349,50.6677051727753
5092.6139212366115,-0.0001576826772496628,0.013333605969509754,-9.555829132574038,241.18521101166408,50.96636149659152
5093.215612936521,-0.0001624734940793148,0.013237278135427112,-9.54783533021385,240.58837191101108,51.042596386471374
5093.817304636431,-0.00016716236817456272,0.013138106890162952,-9.539900156923741,239.99094107513358,51.11408262316666
5095.885013152945,-0.0001824551117453211,0.01277642202917419,-9.513103101448994,237.93397444187718,51.323913034642324
5097.95272166946,-0.00019640526407204106,0.012384504275738034,-9.487085161246195,235.87217063304493,51.479361489124834
5098.554413369368,-0.00020019907733792992,0.01226517776884227,-9.479669398137375,235.27151501344997,51.51459308782462
5099.156105069278,-0.0002038706578990344,0.012143610596732758,-9.472325883814001,234.67061108255257,51.54539674683338
5101.223813585792,-0.00021552706921000174,0.01170975185169195,-9.44766110197963,232.6042371061296,51.618035425669426
5103.291522102307,-0.0002256593645423785,0.011253366759505999,-9.423916702527254,230.53669506187595,51.64064458694288
5103.8932138022155,-0.00022831486778442244,0.011116782022633045,-9.417186776458536,229.93501241909127,51.638095234243174
5104.494905502125,-0.00023083800889884545,0.010978640999526161,-9.410539258833687,229.33335511856706,51.63152521879735
5106.56261401864,-0.00023848727322830644,0.010493154601704966,-9.388338107881935,227.26636306133307,51.57896151810634
5108.630322535154,-0.0002445553298539376,0.009993486493202457,-9.367155463111581,225.20098210902248,51.481577759955854
5109.232014235064,-0.00024602433249914054,0.009845890996308023,-9.361186949607655,224.60039887844698,51.44512770620368
5109.833705934973,-0.0002473612236408388,0.009697449664482665,-9.355307256118458,224.00003707960764,51.405122282496016
5111.901414451488,-0.00025095228888074764,0.00918200406182408,-9.335787643975214,221.93886784291718,51.24128637590635
5113.969122968002,-0.00025302250654101507,0.008660705517731938,-9.317339874182805,219.88116594938302,51.03835353837592
5114.570814667911,-0.0002533454992962855,0.008508362224950869,-9.312174742260824,219.28311571264766,50.97228349404106
5115.1725063678205,-0.00025354569475711136,0.008355857111275355,-9.307101097962311,218.68540712058677,50.90315290969618
5117.240214884335,-0.0002533151360685114,0.00783160144923689,-9.290365950547923,216.6341538840061,50.64303759797056
5119.307923400849,-0.00025171823153133523,0.007309235117836193,-9.27471285773823,214.58736970726147,50.34973861597957
5119.909615100759,-0.0002510075297597767,0.007157989557919184,-9.270360583176172,213.9926404884243,50.25848558479103
5120.5113068006685,-0.000250190038908346,0.007007197447137807,-9.266098979646056,213.39830628249797,50.16467082542129
5122.579015317183,-0.00024659384079485456,0.006493397548589579,-9.252142817756129,211.35895441510146,49.82352894092158
5124.646723833697,-0.00024184988467593346,0.005988220154009046,-9.239240129879763,209.324357975333,49.455029992555566
5125.248415533606,-0.00024026722182088282,0.005843176379206127,-9.23568084235868,208.73319405449183,49.34297719060823
5125.850107233516,-0.00023859799862778887,0.005699103548696563,-9.23220837545653,208.14242524540595,49.22884449015099
5127.91781575003,-0.0002322348508744831,0.005212177157898537,-9.22093012758099,206.1152478270027,48.82151990003304
5129.985524266544,-0.00022497886308196126,0.004739330968378343,-9.21064414467456,204.09257271863717,48.392360830304796
5130.587215966453,-0.00022271441319605636,0.00460464493872066,-9.207833187751811,203.5048054495763,48.263671810107326
5131.188907666363,-0.0002203856687609297,0.004471333010484696,-9.205102738624891,202.9173954715988,48.13335192611678
5133.256616182877,-0.00021192830146615313,0.004024275578535068,-9.196322642182883,200.90141816091767,47.673766957802314
5135.324324699392,-0.00020284535512808303,0.0035953522745259207,-9.188448182154888,198.88933271401487,47.197409413791924
5135.926016399301,-0.00020009955799742715,0.0034741297649169387,-9.186321490637303,198.3045173118894,47.055907812670725
5136.527708099211,-0.0001973118892076248,0.003354564453716422,-9.184267161839037,197.7199983184417,46.91318070938044
5138.595416615725,-0.00018744798712701306,0.002956715698152949,-9.17774579759396,195.7134606134526,46.41397688446538
5140.66312513224,-0.0001772177722441654,0.0025796413309780632,-9.17202559091914,193.71001271066447,45.90250010294798
5141.264816832148,-0.0001741858949195389,0.0024739256120366016,-9.170505367167706,193.1275535853505,45.75159102858942
5141.866508532058,-0.0001711331902317672,0.0023700335659621336,-9.169048164272235,192.54531974003524,45.59981156533892
5143.9342170485725,-0.00016051623462907903,0.0020271338784840494,-9.16450593992588,190.546080920504,45.07212590960881
5146.001925565087,-0.00014976859907621997,0.001706322064548049,-9.16064989654151,188.549073621787,44.536049356934186
5146.6036172649965,-0.00014662877442166752,0.0016171552675016347,-9.159650147620686,187.96832745701434,44.378675962387305
5147.205308964906,-0.0001434866994382201,0.0015298724752027717,-9.15870347812817,187.38773514989967,44.22073399912709
5149.2730174814205,-0.0001327000486394262,0.0012443479091067027,-9.155839168995863,185.39359581198227,43.674087610380944
5151.340725997935,-0.00012198466211084948,0.0009810533158627387,-9.153542258888443,183.40087282004865,43.12229668597793
5151.942417697844,-0.0001188900966408801,0.000908590505465278,-9.152973855412514,182.82122474358968,42.96092503227976
5152.544109397753,-0.0001158087551089339,0.000837980938119895,-9.152448518391955,182.24166569334767,42.79923307746625
5154.611817914268,-0.00010534371204084364,0.0006093818853556401,-9.150955842976513,180.2505954627687,42.2415087621907
5156.679526430782,-9.511294061577146e-05,0.00040217928853324077,-9.149913722952245,178.26023331069754,41.68126131136777
5157.281218130691,-9.218778017917053e-05,0.0003458340251490939,-9.149688756192461,177.6811463127939,41.5178872661893
5157.8829098306005,-8.928793293598269e-05,0.0002912376098752239,-9.149497211747954,177.1020941527547,41.35438951961879
5159.950618347115,-7.953339200866044e-05,0.00011676245471663189,-9.149078810966978,175.11237070097653,40.79187825319644
5162.018326863629,-7.013571290912294e-05,-3.79120962121133e-05,-9.149000703011236,173.12278690036214,40.228873030724294
5162.620018563539,-6.747377355112486e-05,-7.930810866608575e-05,-9.149036020450215,172.54382784109862,40.06504598012056
5163.221710263449,-6.484585574383916e-05,-0.00011911513504286437,-9.14909582951555,171.96486179030668,39.90124366180721
5165.289418779963,-5.608689250235799e-05,-0.00024406609554363206,-9.149474348218476,169.9751352308341,39.338743176346355
5167.357127296477,-4.7768278966065296e-05,-0.0003513613305719845,-9.150092975639605,167.9851285504971,38.77723480720377
5167.958818996386,-4.5433927628905185e-05,-0.00037939787330048625,-9.150312857183735,167.40597575246207,38.614093899769216
5168.560510696296,-4.313911872031343e-05,-0.00040604315379452397,-9.15054926177568,166.82678647395747,38.45108267469385
5170.62821921281,-3.556207346703824e-05,-0.00048732463752306057,-9.15147548653218,164.8360872475675,37.892034417839675
5172.6959277293245,-2.847298254737221e-05,-0.0005534434739170222,-9.152554101737298,162.84482872174263,37.33498198640674
5173.297619429233,-2.6503476527853185e-05,-0.0005699803228546764,-9.15289209996165,162.26526657694797,37.173301311612164
5173.899311129143,-2.4576175940008493e-05,-0.0005853453157442435,-9.15323977293825,161.68564964355795,37.0118172730266
5175.967019645657,-1.8277998691289817e-05,-0.0006295634422275445,-9.15449796569188,159.6933582875167,36.458469998842666
5178.034728162172,-1.2483825421873447e-05,-0.0006612798406353328,-9.155834663677407,157.7003507384612,35.90770809720708
5178.636419862081,-1.0892527486896934e-05,-0.0006683103481412244,-9.156234673475268,157.12025634306153,35.74794764032037
5179.238111561991,-9.343628630850943e-06,-0.0006743958467872264,-9.156638706820292,156.54009824317197,35.58841873329588
5181.305820078505,-4.343578394174576e-06,-0.0006884614031775188,-9.158049396134652,154.54589327795983,35.04200827801956
5183.37352859502,1.6305098265233224e-07,-0.0006926984383675036,-9.159479007661247,152.55091435695337,34.49843044821163
5183.9752202949285,1.3830025987986928e-06,-0.0006922315895466333,-9.159895655814418,151.9702402865341,34.34078995816603
5184.576911994838,2.5623890649353856e-06,-0.0006910419968087012,-9.160311879992351,151.38950096663558,34.18339000900434
5186.6446205113525,6.309634180777979e-06,-0.00068179008031307,-9.161732441137753,149.39329770927455,33.644325722115504
5188.712329027867,9.595281447258613e-06,-0.0006652671780801088,-9.16312635487705,147.39633781243603,33.10807109285797
5189.314020727776,1.0466936013820667e-05,-0.0006592302615172896,-9.163524814117572,146.81509406621905,32.95254424878379
5189.915712427685,1.1301424088486058e-05,-0.0006526786881071592,-9.16391955435332,146.23378891641366,32.79724701594111
5191.9834209442,1.3891616105761972e-05,-0.0006265614024166249,-9.16524295124505,144.23567827581846,32.26529619963445
5194.051129460714,1.606770445205719e-05,-0.0005955164774761645,-9.166507250741898,142.23688099342445,31.735931065851698
5194.652821160624,1.662612341273544e-05,-0.0005856798112327495,-9.166862592714388,141.65511808241968,31.58235762135828
5195.254512860533,1.7151869415583877e-05,-0.0005755153054571453,-9.167211977415201,141.07330123028837,31.428988585555008
5197.322221377048,1.8716900538149024e-05,-0.0005383708303898075,-9.168364067463903,139.07349408508475,30.90345141029111
5199.389929893562,1.9925627016799945e-05,-0.0004983586942150787,-9.169436388821515,137.07310361234246,30.380138740820158
5199.991621593471,2.0213836590372218e-05,-0.00048628241436788006,-9.169732594394926,136.49089787518523,30.228252708878816
5200.593313293381,2.0474530630675132e-05,-0.0004740391660049297,-9.170021534118586,135.9086477850322,30.07653671371781
5202.661021809895,2.1168910653314785e-05,-0.0004309354160953863,-9.170957341130531,133.9074277483851,29.556405504305474
5204.728730326409,2.1570207917693487e-05,-0.0003866988955569829,-9.171802851031948,131.9057451926648,29.03805689049552
5205.330422026319,2.163551345248908e-05,-0.000373700466774792,-9.172031592681915,131.32318675646286,28.887529292402746
5205.932113726229,2.167873421888105e-05,-0.0003606675176496393,-9.172252543542557,130.74059449082762,28.737132613604686
5207.999822242743,2.166748500537273e-05,-0.00031581444590424005,-9.172951882561065,128.7382798702361,28.22123104415789
5210.067530759257,2.142758603349872e-05,-0.00027122102477975153,-9.173558746942025,126.73562870020704,27.706637289320525
5210.669222459166,2.1318373627646882e-05,-0.00025836117606853896,-9.173718048044297,126.15281206828004,27.55711248692873
5211.270914159076,2.1192460717764272e-05,-0.0002455702559509754,-9.173869663002952,125.56997215744465,27.407678405104356
5213.33862267559,2.0640838465455485e-05,-0.00020229204143157006,-9.17433246116059,123.56688668458857,26.89477784866872
5215.4063311921045,1.9922770962327795e-05,-0.00016032650107248797,-9.174707129699247,121.56358659414022,26.382716089549323
5216.008022892013,1.9685894551899236e-05,-0.0001484106970618064,-9.174799991578576,120.98060360490987,26.233841205935747
5216.609714591923,1.943739363764254e-05,-0.00013663924867573496,-9.174885748722083,120.39760725163579,26.085018640250922
5218.677423108437,1.850264350079535e-05,-9.739597997819247e-05,-9.175127354566282,118.39405854322742,25.57393054265395
5220.745131624952,1.7458788564795e-05,-6.01983005606225e-05,-9.175289931610756,116.3904065785348,25.06324735282298
5221.346823324861,1.7137551117769516e-05,-4.9790578361199234e-05,-9.175323002887774,115.80734138773776,24.914694725648797
5221.948515024771,1.6809271677692605e-05,-3.9576786553037303e-05,-9.175349883336512,115.22427165529754,24.766159917811116
5224.016223541285,1.5634450299314705e-05,-6.024629249207249e-06,-9.175396599564996,113.22053618226097,24.255804491691382
5226.0839320578,1.4401145721149638e-05,2.5037876780031297e-05,-9.17537651364864,111.2167939133457,23.745475745516092
5226.6856237577085,1.4033877481214598e-05,3.3591901071798946e-05,-9.175358859334144,110.63371965031959,23.596958724308013
5227.287315457618,1.3663525577905056e-05,4.192526194437302e-05,-9.175336130315538,110.05064828763402,23.448430320219284
5229.355023974133,1.2373296186210129e-05,6.884624943776962e-05,-9.175221146227452,108.04696169548423,22.937883013327696
5231.422732490647,1.1067348286447528e-05,9.308316798320228e-05,-9.17505327232036,106.04334733456264,22.42705233343103
5232.024424190557,1.0686517377759527e-05,9.96271495571337e-05,-9.174995283422406,105.46032412602911,22.278335014005567
5232.626115890466,1.0305872342325307e-05,0.00010594304800069249,-9.174933425468474,104.87730972912424,22.129583162576164
5234.693824406981,9.004082710582504e-06,0.0001259035091223103,-9.174693269437261,102.87386152280857,21.618101213935688
5236.761532923495,7.720969617973439e-06,0.0001431915575551763,-9.174414603875823,100.87054607451105,21.106099568124108
5237.363224623404,7.352775608628368e-06,0.00014772584753956717,-9.174327072901733,100.28762018295154,20.95700125191395
5237.964916323313,6.98732297918477e-06,0.00015204018377722503,-9.174236874933282,99.70470744552019,20.807851525480523
5240.032624839828,5.756115490721495e-06,0.00016520733840125041,-9.173908456535251,97.70163923142444,20.294883486124306
5242.100333356342,4.569615481270685e-06,0.00017587493583333692,-9.173555396477306,95.69874592754427,19.781232954087233
5242.702025056251,4.233967837835389e-06,0.00017852290060970207,-9.17344877073557,95.1159497969232,19.63162823253322
5243.303716756161,3.902926055178095e-06,0.00018097082418081642,-9.173340603558039,94.53316964696218,19.48196127707801
5245.371425272675,2.8030970950014404e-06,0.00018789305626737803,-9.172958871396855,92.53057626377358,18.967142664437333
5247.439133789189,1.7660535988473183e-06,0.00019260607366560945,-9.172565110083436,90.52818265347047,18.451547592277826
5248.040825489099,1.4768687922050413e-06,0.00019358118744450354,-9.172448923471075,89.94553568543301,18.301362997143386
5248.642517189009,1.1935068225741283e-06,0.0001943843715211984,-9.172332191252725,89.36290613355636,18.15111085393564
5250.710225705523,2.6582503998038907e-07,0.00019588042309006114,-9.17192839692831,87.36083908871251,17.634249170661036
5252.777934222037,-5.882396461121828e-07,0.0001955344084851377,-9.17152341363328,85.35898122096106,17.116577916254506
5253.379625921946,-8.225235514089857e-07,0.00019510954844597495,-9.171405888767842,84.77649112047928,16.965786058958795
5253.981317621856,-1.0503418585319777e-06,0.00019454580060643265,-9.171288649513498,84.1940186600023,16.814926075780967
5256.04902613837,-1.7831370844283261e-06,0.00019160293847896593,-9.170889180824885,82.19249132879618,16.29597830226496
5258.116734654885,-2.437829290496836e-06,0.00018722561656168388,-9.170497280139708,80.19116949195748,15.776238595170666
5258.718426354793,-2.613578917734602e-06,0.0001857055621955978,-9.170385086220984,79.60883402772538,15.624850656273967
5259.320118054703,-2.7827176501677476e-06,0.00018408172761251153,-9.170273826035794,79.02651543225396,15.4733978403306
5261.387826571217,-3.3134897058283605e-06,0.00017776582685297807,-9.16989955305617,77.02550949193822,14.952443254392357
5263.455535087732,-3.767012041548404e-06,0.0001704323091455369,-9.169539391585944,75.02469498657359,14.430753898854256
5264.057226787641,-3.884650960687835e-06,0.0001681300632638453,-9.169437539073678,74.44250401440283,14.278811236510967
5264.658918487551,-3.995939483166243e-06,0.00016575879800924056,-9.169337080941297,73.860328381579,14.12680980617771
5266.726627004065,-4.330515460026513e-06,0.00015713803408264114,-9.169003146315704,71.85980096357744,13.60402063939898
5268.79433552058,-4.5929940752286274e-06,0.0001479000027236258,-9.168687675081657,69.85944339820784,13.080581922036885
5269.396027220489,-4.656217689934929e-06,0.00014511722584741035,-9.168599525876965,69.27738100047189,12.928147457981368
5269.997718920398,-4.713674261794003e-06,0.00014229789945206065,-9.16851305147158,68.69533189575999,12.775662238955295
5272.065427436913,-4.868166075278462e-06,0.00013238070296458214,-9.168229030127163,66.69522296108516,12.251274287319626
5274.133135953427,-4.958992901353158e-06,0.00012220988275696545,-9.167965776864337,64.69525758960565,11.72633904991637
5274.734827653336,-4.974006148272385e-06,0.00011922147388152345,-9.167893147846673,64.11330419369054,11.573488973711896
5275.336519353245,-4.984069973508172e-06,0.00011622520937677707,-9.167822310215593,63.531361758668695,11.420597166959762
5277.40422786976,-4.982283250772781e-06,0.00010591233523955648,-9.167592662431838,61.53160124339628,10.894882066369592
5279.471936386274,-4.927583362008858e-06,9.565786002616885e-05,-9.167384278289784,59.53195591297947,10.368728998101808
5280.073628086184,-4.902371743225619e-06,9.270052813731101e-05,-9.16732761641983,58.95009026786131,10.21554521289792
5280.6753197860935,-4.873189094968395e-06,8.975920703008206e-05,-9.167272721843103,58.36823317432771,10.062328944723658
5282.743028302608,-4.744202936034525e-06,7.980920836387828e-05,-9.167097466025119,56.36874751500635,9.535569423827143
5284.810736819122,-4.574493658342615e-06,7.016801724675196e-05,-9.16694246464211,54.36934886377822,9.008479737258297
5285.412428519031,-4.518162264246693e-06,6.743256783890791e-05,-9.166901073022027,53.787549775640045,8.855043358635807
5286.014120218941,-4.458923433977184e-06,6.473151477263503e-05,-9.166861311606867,53.20575692916953,8.701583312400912
5288.081828735455,-4.2348828442631e-06,5.5738580333824115e-05,-9.166736847876821,51.20647465855206,8.174052361781579
5290.149537251969,-3.982951683604658e-06,4.7237731315945886e-05,-9.166630470169288,49.20725328786186,7.646290655712902
5290.751228951879,-3.905119139372241e-06,4.486473519696141e-05,-9.166602766102464,48.62550104134284,7.4926767725117704
5291.352920651789,-3.8254685921434125e-06,4.253874671074602e-05,-9.166576472353565,48.043752963913164,7.339047099964242
5293.420629168303,-3.53959512584031e-06,3.4921736847979395e-05,-9.166496494050834,46.044609158609326,6.810991656381245
5295.488337684817,-3.2385896876582265e-06,2.791147423969603e-05,-9.166431638216027,44.04550359804499,6.282791441855809
5296.090029384726,-3.148851159176742e-06,2.5989983923136103e-05,-9.166415426112403,43.46378101710828,6.12906525534665
5296.691721084636,-3.0583474791093875e-06,2.4122369325732818e-05,-9.16640035252307,42.882060865870166,5.9753298741115035
5298.75942960115,-2.743143776547092e-06,1.8123938662994502e-05,-9.166356788852285,40.8830003219586,5.446959312977851
5300.827138117665,-2.4248396920969654e-06,1.2780462723498025e-05,-9.166324951059933,38.88395969912976,4.918513386096891
5301.428829817573,-2.3322690907710545e-06,1.134948460825594e-05,-9.16631769472288,38.30225282861343,4.764727761030202
5302.030521517483,-2.2399007958497184e-06,9.973834234432562e-06,-9.166311283095151,37.720547034820704,4.61093806299065
5304.098230033997,-1.925502019045902e-06,5.6687229470653765e-06,-9.166295221633895,35.721526138709415,4.0824175184806455
5306.165938550512,-1.6186951256739533e-06,2.0058477870628902e-06,-9.16628739790935,33.722511554580805,3.553873100498232
5306.7676302504215,-1.5313880863738603e-06,1.0583548314826341e-06,-9.16628647810609,33.14080996877649,3.4000674868104026
5307.369321950331,-1.4451097822847323e-06,1.6283052206156632e-07,-9.166286114627457,32.55910850591548,3.2462614081176913
5309.4370304668455,-1.1577198077924505e-06,-2.525299241620861e-06,-9.16628865655646,30.560095851607656,2.7177096914392656
5311.50473898336,-8.866765756816726e-07,-4.6360904567045125e-06,-9.166296159870344,28.56108054262643,2.1891680150557162
5312.106430683269,-8.112960998468791e-07,-5.146722400393066e-06,-9.166299103981624,27.979377309983143,2.0353686298929192
5312.708122383178,-7.375833320860215e-07,-5.612679553953224e-06,-9.16630234492044,27.39767362260308,1.881570964683087
5314.775830899693,-4.979258191756745e-07,-6.88612990911428e-06,-9.166315348236576,25.398649501481664,1.353062618096258
5316.843539416207,-2.808210517157346e-07,-7.687354635703258e-06,-9.166330496464372,23.3996179414154,0.824582409374784
5317.445231116117,-2.2214344758848079e-07,-7.838494703548693e-06,-9.166335167344288,22.817909294738755,0.6708035027418531
5318.046922816026,-1.6552720131526705e-07,-7.955034834895116e-06,-9.16633992249575,22.236199939516187,0.5170272764069594
5320.114631332541,1.2759144047285354e-08,-8.108570722694088e-06,-9.166356588890379,20.237154895864666,-0.011401926626452487
5322.182339849055,1.654866524768566e-07,-7.91988652820795e-06,-9.16637321894677,18.23810105508121,-0.5397978490340529
5322.784031548964,2.0506367412808313e-07,-7.808279938030963e-06,-9.166377949872734,17.656385835104,-0.6935518882850729
5323.385723248874,2.424840438274776e-07,-7.673480318100978e-06,-9.166382610571556,17.07466990405079,-0.8473032372261671
5325.453431765388,3.545714345737559e-07,-7.051964286709115e-06,-9.166397870078727,15.075602611885403,-1.37564826706357
5327.521140281902,4.420072890108005e-07,-6.224170298663178e-06,-9.166411631210556,13.076527653460774,-1.9039642897440707
5328.122831981811,4.6299330117070557e-07,-5.9518520409638034e-06,-9.166415292992475,12.494806611568054,-2.057696300580563
5328.724523681721,4.820940311535934e-07,-5.667307544774915e-06,-9.166418790638073,11.913085025216322,-2.2114262511924494
5330.792232198235,5.338681034695982e-07,-4.613670520196232e-06,-9.166429434726052,9.913999803973567,-2.7397034392391264
5332.859940714749,5.666051861271994e-07,-3.472661278177852e-06,-9.166437809869633,7.914909559093732,-3.267961616733348
5333.461632414659,5.73014589671151e-07,-3.1298686370291595e-06,-9.166439794885624,7.333184623650604,-3.4216788936435973
5334.063324114569,5.782432285816571e-07,-2.7832449150667444e-06,-9.166441574574868,6.751459400880499,-3.575395083208167
5336.131032631083,5.884240399377561e-07,-1.575732045139296e-06,-9.166446083354419,4.75236375373375,-4.103632816438109
5338.1987411475975,5.907762058810857e-07,-3.5526190326218977e-07,-9.166448081953387,2.7532663878706938,-4.631864045230657
5338.800432847506,5.907857478497448e-07,-1.5777218104420236e-30,-9.166448188188902,2.1715400192897096,-4.785575898503625
