sLap,u,Kt,aTheta,xi,yi
0.0,5.405571290562036e-13,2.49631443457368e-05,-7.738423456135004e-05,-5.0064199438075345,8.17885680762277e-05
0.6535335279575173,1.8984681116660254e-13,2.496314361915044e-05,-6.10699882741295e-05,-4.352886417423259,3.654631833729939e-05
2.899396054877617,-2.3768599261932507e-11,2.4963127457193008e-05,-5.006195960750233e-06,-2.107023892022988,-3.765266356151728e-05
5.145258581797716,-1.0284365580264804e-10,2.4962995595694285e-05,5.105743013246249e-05,0.13883863400763558,1.4059738091956564e-05
5.798792109755234,-1.3993877309894863e-10,2.4962917736080374e-05,6.737156560623874e-05,0.7923721608121506,5.2758410721221856e-05
6.452325637712751,-1.8062683700758835e-10,2.4962814228363392e-05,8.368563245467036e-05,1.445905686898373,0.00010211884220809729
8.698188164632851,-3.6281433627134324e-10,2.4962213165608357e-05,0.00013974809343576778,3.69176819950937,0.0003530199079981491
10.944050691552949,-5.940751594986467e-10,2.4961147828806153e-05,0.0001958086831647049,5.937630694525295,0.0007298274514896328
11.597584219510468,-6.674787727163187e-10,2.4960734805057707e-05,0.00021212150251169633,6.5911642088814695,0.0008631255347774628
12.251117747467985,-7.434777748004069e-10,2.496027500301112e-05,0.00022843403393739132,7.244697720976312,0.0010070844039341822
14.496980274388084,-1.006654852870707e-09,2.4958306226995693e-05,0.0002844892761206993,9.490560173743964,0.0015830629655168664
16.742842801308186,-1.2511449138012688e-09,2.4955767375678427e-05,0.00034053945654835115,11.736422590698522,0.002284928205792702
17.396376329265703,-1.3146859044588644e-09,2.495492752343059e-05,0.0003568486134702752,12.389956078917962,0.002512811527411522
18.04990985722322,-1.3718528251407184e-09,2.4954050941324793e-05,0.00037315722108108626,13.043489563334088,0.0027513531793433113
20.29577238414332,-1.5179814082771642e-09,2.4950785828292825e-05,0.0004291969614191682,15.289351909231641,0.0036523431670969515
22.54163491106342,-1.5570981428265755e-09,2.4947312697502196e-05,0.00048522913517260054,17.535214201115632,0.004679182199282773
23.195168439020936,-1.5429238311170722e-09,2.4946297436890606e-05,0.0005015326983936448,18.188747649522703,0.005001623214169349
23.848701966978453,-1.5172359388028072e-09,2.4945297656511932e-05,0.0005178356301072427,18.842281092586184,0.005334718988551212
26.094564493898552,-1.319389467669884e-09,2.4942077384303487e-05,0.0005738556008010493,21.088143284637372,0.006560614356887182
28.34042702081865,-9.3486982459825e-10,2.493951106921144e-05,0.000629869073555067,23.33400540449457,0.007912315560643658
28.99396054877617,-7.847331509915098e-10,2.4938947260243678e-05,0.0006461676733088051,23.9875387994287,0.008329281891972518
29.647494076733686,-6.154052110152887e-10,2.4938489282333163e-05,0.0006624659777239383,24.641072187480038,0.008756900040698408
31.893356603653785,1.1090721761218876e-10,2.493787900553504e-05,0.0007184733565553237,26.886934178751105,0.01030759972721796
34.139219130573885,1.0710374964020362e-09,2.4939162487977097e-05,0.0007744814913503731,29.132796079648426,0.011984085103449827
34.792752658531406,1.3962440031531715e-09,2.4939967016226673e-05,0.0007907802997412813,29.786329407450573,0.012495560378650588
35.446286186488926,1.7404334717183028e-09,2.4940990130634073e-05,0.000807079747861234,30.439862726828853,0.013017688151545375
37.692148713409026,3.0801157928048044e-09,2.494636018697254e-05,0.0008630992016961156,32.68572447035451,0.014893181147534303
39.93801124032912,4.650030216919436e-09,2.495499752046024e-05,0.000919134384866952,34.93158610527567,0.016894503751698136
40.59154476828664,5.1477077541699865e-09,2.495819881963377e-05,0.0009354443192108737,35.585119352250935,0.017500517930042855
41.24507829624416,5.6636173261877366e-09,2.4961729189828135e-05,0.0009517564892686662,36.23865258925354,0.01811719263075057
43.49094082316426,7.559475820249186e-09,2.4976547224277495e-05,0.0010078329098701507,38.48451403787572,0.020317669316444593
45.73680335008436,9.618782846333156e-09,2.4995806637741564e-05,0.0010639475971032754,40.73037535952577,0.02264412884055768
46.39033687804187,1.0243658106365917e-08,2.5002297927279044e-05,0.0010802852782488272,41.38390851188026,0.02334479210021142
47.04387040599939,1.0876020714762073e-08,2.5009195712358304e-05,0.0010966273518342561,42.03744165269711,0.02405613487974741
49.28973293291949,1.3101204762841073e-08,2.503611545188783e-05,0.0011528238553742476,44.283302758820135,0.026582101061414322
51.535595459839584,1.5353300005669878e-08,2.5068062868308332e-05,0.0012090864626840456,46.52916371935596,0.029234351010528216
52.189128987797105,1.6003603410565897e-08,2.507831243798156e-05,0.0012254726054493445,47.18269676311464,0.030029882968362166
52.842662515754625,1.664900463117251e-08,2.508897886878224e-05,0.0012418655686677225,47.836229793744955,0.030836126924228643
55.088525042674725,1.879488914906882e-08,2.512881357188753e-05,0.0012982558335955686,50.08209050904278,0.033688490178690474
57.334387569594824,2.0760994110828297e-08,2.5173265756534523e-05,0.0013547407469047703,52.327951059779295,0.03666760439277077
57.98792109755234,2.128654229401034e-08,2.518701050836299e-05,0.0013711968090440508,52.98148398070205,0.03755834898838288
58.64145462550986,2.178474400959966e-08,2.5201081244095105e-05,0.0013876619023002828,53.63501688687171,0.03845985179311835
60.88731715242996,2.3264933474381463e-08,2.5251753262369142e-05,0.001444316440030763,55.88087716201908,0.04163994585705871
63.13317967935005,2.4294550292999786e-08,2.530524362058402e-05,0.0015010879449502779,58.12673725319695,0.04494740943745255
63.78671320730757,2.4492370244480103e-08,2.532119324961e-05,0.0015176310163325314,58.78027003672024,0.04593382525315695
64.44024673526509,2.4639789719387775e-08,2.533724554310451e-05,0.0015341844323704934,59.43380280382866,0.04693105607828318
66.68610926218518,2.4711023240892613e-08,2.5392807722032403e-05,0.0015911509276227327,61.67966258836406,0.05044056822860997
68.93197178910529,2.4009592313625563e-08,2.5447662232591195e-05,0.0016482414132276031,63.92552216909989,0.05407815836634336
69.58550531706281,2.3641902156018618e-08,2.5463242747172952e-05,0.0016648774895006513,64.57905480034188,0.05516077451640727
70.23903884502033,2.31928749321475e-08,2.5478545259417413e-05,0.0016815234827669634,65.23258741347703,0.056254265485787956
72.48490137194042,2.0993567039392766e-08,2.5528374385478416e-05,0.0017388019086143275,67.47844665593806,0.060095034285778184
74.73076389886053,1.7667980324708783e-08,2.557199943465738e-05,0.001796185277076768,69.72430567450894,0.06406456020459654
75.38429742681804,1.6468100552884816e-08,2.5583165895647123e-05,0.001812901232086463,70.37783813838394,0.06524388925319592
76.03783095477556,1.5158690616524578e-08,2.559350114887481e-05,0.0018296239732282424,71.0313705824523,0.06643414309727154
78.28369348169565,9.765564672967024e-09,2.5621767228204668e-05,0.0018871377781311174,73.27722923094912,0.07060779967878046
80.52955600861576,2.8878215180490203e-09,2.5636253964994003e-05,0.001944699591507812,75.52308763558318,0.0749106780395419
81.18308953657328,5.886667741151334e-10,2.5637402989861325e-05,0.001961454338298803,76.17661991707632,0.07618707973645246
81.8366230645308,-1.8515658897494486e-09,2.5636993017693125e-05,0.001978209023544904,76.8301521770989,0.07747442776302475
84.08248559145089,-1.134883722842549e-08,2.5622509393510164e-05,0.002035774294550166,79.07601018050288,0.0819818630939236
86.328348118371,-2.2660224068628883e-08,2.5584659076507462e-05,0.0020932807981367293,81.32186792085272,0.08661851585022647
86.9818816463285,-2.6309867066845037e-08,2.5568671309126082e-05,0.0021099963051036965,81.97540000550579,0.08799200882706805
87.63541517428602,-3.0123723528309385e-08,2.5550236581354877e-05,0.0021267002067285375,82.62893206713045,0.08937641679320056
89.88127770120612,-4.453083784352172e-08,2.5466793010055073e-05,0.0021839953160065037,84.87478937704635,0.09421707017755403
92.12714022812622,-6.10130727140874e-08,2.5348662822846595e-05,0.0022410640718091464,87.12064640650226,0.0991861460151007
92.78067375608374,-6.621034287912061e-08,2.5307103684469586e-05,0.002257617071117103,87.7741782811535,0.1006561689500286
93.43420728404126,-7.159164082939177e-08,2.526208327480159e-05,0.0022741413844060347,88.42771013142521,0.10213699289527038
95.68006981096136,-9.15031176791867e-08,2.507935514394594e-05,0.0023306801959636805,90.67356670507601,0.10730797316900627
97.92593233788146,-1.1363773530507345e-07,2.484941213909713e-05,0.0023867556062015147,92.9194229840231,0.11260541112964363
98.57946586583898,-1.2050112710607244e-07,2.4772915146767014e-05,0.002402970985277237,93.5729546378256,0.11417054019948628
99.2329993937965,-1.2755246347454104e-07,2.4691871821780646e-05,0.002419134478354437,94.22648626623639,0.11574623971067266
101.4788619207166,-1.532339645178015e-07,2.437698171997479e-05,0.0024742466872524687,96.47234207031138,0.12124130992148148
103.7247244476367,-1.811262324466401e-07,2.400193195808875e-05,0.0025285841411076507,98.71819757033829,0.12685928420422343
104.37825797559421,-1.89651413405494e-07,2.3880782193048913e-05,0.00254423113082295,99.37172899605031,0.12851691976336513
105.03179150355173,-1.9835718739413467e-07,2.375400904559298e-05,0.0025597967220055418,100.02526039585734,0.13018474233961105
107.27765403047182,-2.2962227379806317e-07,2.3273790039406697e-05,0.0026126192676474563,102.27111541124805,0.13599322056055804
109.52351655739193,-2.6287774510266845e-07,2.2721118881833602e-05,0.002664281948632763,104.51697012016912,0.14191902810874554
110.17705008534945,-2.729104423584268e-07,2.254604430011977e-05,0.0026790742967109475,105.17050131566302,0.143665070236485
110.83058361330697,-2.830925134515546e-07,2.2364379299050045e-05,0.002693749752369111,105.8240324854159,0.14542072717139315
113.07644614022706,-3.191814833372074e-07,2.168835104447636e-05,0.002743233428568031,108.06988671258739,0.1515263795859362
115.32230866714717,-3.5678815389799074e-07,2.092956765126464e-05,0.002791105909910474,110.31574063994528,0.15774135586232077
115.97584219510468,-3.6798202544120525e-07,2.0692732557769536e-05,0.0028047072356643167,110.96927160982229,0.1595698953717898
116.6293757230622,-3.792754113511703e-07,2.044857358972807e-05,0.0028181511802628473,111.62280255497905,0.1614072565224218
118.87523824998229,-4.1874598769526626e-07,1.9552591919891793e-05,0.002863086488957304,113.868656019505,0.16778728274623878
121.1211007769024,-4.5897266408405057e-07,1.8567115713349862e-05,0.002905909049781489,116.11450920198942,0.17426585462171534
121.77463430485992,-4.7077011669047423e-07,1.826329372083795e-05,0.002917944495799837,116.76803995911844,0.17616891287345363
122.42816783281744,-4.82587291443523e-07,1.7951789325366138e-05,0.002929778834082704,117.42157069356092,0.17807975437849224
124.67403035973753,-5.232290079583597e-07,1.6822267189070957e-05,0.002968844725133255,119.66742345111028,0.18470398745302152
126.91989288665764,-5.635524410605311e-07,1.5601826755020105e-05,0.0030052717697456014,121.91327595709278,0.1914129935318911
127.57342641461514,-5.751574268718027e-07,1.5229710161044494e-05,0.0030153468770696625,122.56680652382393,0.19338035037315648
128.22695994257265,-5.866798269481082e-07,1.4850080392459376e-05,0.0030251765258493667,123.22033707101639,0.19535419523195835
130.47282246949277,-6.254656935466032e-07,1.3488604081069719e-05,0.003057014863700069,125.46618921086402,0.2021846577284659
132.71868499641286,-6.625406242747463e-07,1.2041941308690959e-05,0.003085699854381461,127.71204114305345,0.20908308344549684
133.37221852437037,-6.729224004374835e-07,1.1605520566113094e-05,0.003093427271714956,128.36557155180705,0.21110223711798085
134.02575205232787,-6.830885775846706e-07,1.1162438924613082e-05,0.003100867767500256,129.01910194529492,0.2131263328517704
136.271614579248,-7.161788232416824e-07,9.590520905346668e-06,0.0031241851083510324,131.2649535912911,0.22011730358403492
138.5174771061681,-7.458659633369647e-07,7.948108196980705e-06,0.0031438929767366474,133.51080508643162,0.22715658843334954
139.17101063412562,-7.537634034429981e-07,7.458030096080983e-06,0.00314892715754517,134.16433537934893,0.22921289357850572
139.82454416208313,-7.612930615314772e-07,6.962972264354824e-06,0.0031536402331916796,134.8178656622861,0.2312723731774648
142.07040668900325,-7.841060719979339e-07,5.226594715967684e-06,0.003167336744372371,137.06371697023815,0.23837112336940106
144.31626921592334,-8.015730019582041e-07,3.4449855631850567e-06,0.00317708279830188,139.30956819486403,0.24549619781871573
144.96980274388085,-8.055386063758915e-07,2.919773328528566e-06,0.003179162235780931,139.96309842225025,0.24757322692259362
145.62333627183835,-8.089619207603133e-07,2.3922131528959284e-06,0.003180898838988897,140.6166286456945,0.249651498095473
147.86919879875848,-8.16326705077897e-07,5.657302789975653e-07,0.0031842219347362325,142.8624797963489,0.25679984857081517
150.11506132567857,-8.162353047970673e-07,-1.2689201052268232e-06,0.003183433829488326,145.10833093794474,0.2639510456518288
150.76859485363607,-8.146878294492128e-07,-1.8019252877434813e-06,0.0031824296320327942,145.7618611553499,0.26603121456182227
151.42212838159358,-8.12418671878543e-07,-2.3336155131240935e-06,0.003181079095896276,146.41539137519004,0.26811061710259615
153.6679909085137,-7.988208971629705e-07,-4.144725560523321e-06,0.0031737966287998425,148.66124256249418,0.27524744628600656
155.9138534354338,-7.756120494076945e-07,-5.914504300847661e-06,0.0031624930697326976,150.9070938159959,0.2823634047445572
156.56738696339133,-7.669355098105551e-07,-6.418640321511681e-06,0.0031584618056157017,151.56062407996762,0.28442889346875744
157.22092049134883,-7.5735632395368e-07,-6.916747023551925e-06,0.0031541049951054065,152.21415435254107,0.28649165455939213
159.46678301826896,-7.172859948241654e-07,-8.574848992087447e-06,0.00313668970706521,154.46000576758888,0.29355644823044835
161.71264554518905,-6.655675456560069e-07,-1.0129878471837703e-05,0.003115666293268124,156.70585731795066,0.3005780780935843
162.36617907314655,-6.482229464400353e-07,-1.0559270181354433e-05,0.0031089040655865666,157.35938768073328,0.302612063312272
163.01971260110406,-6.298173718152651e-07,-1.097692620155327e-05,0.0031018673486245957,158.01291805743568,0.30464156516686297
165.26557512802418,-5.582202632577998e-07,-1.2313512249729807e-05,0.003075680884150863,160.25876986934603,0.3115790410285274
167.51143765494427,-4.73257533844039e-07,-1.3474292361246207e-05,0.0030466900491401016,162.50462187173918,0.31845455686837415
168.16497118290178,-4.4594154531507124e-07,-1.3774744423671607e-05,0.0030377837518201084,163.15815237543003,0.320442752041753
168.8185047108593,-4.174386886098616e-07,-1.4056920703661398e-05,0.0030286896327565167,163.81168289685172,0.32242510509442507
171.0643672377794,-3.102656834677114e-07,-1.4876801624694487e-05,0.0029961509507331337,166.0575352325821,0.3291908673116084
173.3102297646995,-1.8856499799952594e-07,-1.5439673123157737e-05,0.0029620595327882714,168.303387792429,0.3358818088421205
173.963763292657,-1.5037702107695905e-07,-1.555050978810096e-05,0.002951930256443691,168.9569184632615,0.33781428143701137
174.6172968206145,-1.1093862030128611e-07,-1.5635970600708433e-05,0.002941739536410529,169.61044915352625,0.3397401692794634
176.86315934753463,3.422297037169887e-08,-1.5724900648403432e-05,0.0029064592927651144,171.85630207897267,0.3463072505746551
179.10902187445473,1.9425802347100802e-07,-1.547111584330343e-05,0.0028713641696807178,174.10215523411378,0.3527953055041948
179.76255540241226,2.4361206586423065e-07,-1.532810008738089e-05,0.0028612968633548973,174.7556860775082,0.35466850910287845
180.41608893036977,2.942038963137113e-07,-1.5152449660313694e-05,0.0028513363493374573,175.40921693943676,0.35653523906523377
182.6619514572899,4.774448030061267e-07,-1.428858599629546e-05,0.0028181960993473648,177.65507044375934,0.36290127284842055
184.90781398420998,6.748172150311383e-07,-1.2997319737400128e-05,0.0027874759121245276,179.90092415026365,0.3691955960351912
185.5613475121675,7.348300490356829e-07,-1.253673424708152e-05,0.0027791287732852558,180.55445514697988,0.37101451893326887
186.214881040125,7.959602551150193e-07,-1.203663025539063e-05,0.0027710979576250567,181.2079861583569,0.37282817564764836
188.4607435670451,1.0143507093593415e-06,-1.0006028712576605e-05,0.0027462512415710435,183.45384014201065,0.37902281226684875
190.7066060939652,1.2447805600586345e-06,-7.471432817665709e-06,0.0027265309284437165,185.69969426323044,0.38516740336473776
191.3601396219227,1.3139370304412842e-06,-6.635332591243561e-06,0.0027219177147346394,186.35322536631793,0.3869476963982426
192.01367314988022,1.3839703941163435e-06,-5.753866881711759e-06,0.002717867615709142,187.00675647686563,0.3887252566559551
194.25953567680034,1.6309024844718334e-06,-2.369937124410961e-06,0.0027086395928406387,189.25261074121497,0.3948173029063189
196.50539820372043,1.8861979723455383e-06,1.5779596818552343e-06,0.0027076447072386283,191.49846503670557,0.4008978695753968
197.15893173167797,1.9618069343660736e-06,2.835403424030641e-06,0.002709083366390791,192.15199616801385,0.4026677767789184
197.81246525963547,2.037905030900877e-06,4.142246398476592e-06,0.0027113609802953066,192.8055272957215,0.4044390050019502
200.0583277865556,2.3025146475039307e-06,9.015696260239087e-06,0.002726024613611197,195.05138152868636,0.410542633751657
202.3041903134757,2.5700260890351206e-06,1.4486681494125965e-05,0.002752304336498823,197.2972356360509,0.41669223890451285
202.9577238414332,2.6480587355220133e-06,1.6191881383321506e-05,0.002762326010117826,197.95076668002486,0.41849411806297676
203.6112573693907,2.7260389683892723e-06,1.794782621964959e-05,0.002773478519379989,198.6042977044527,0.4203030256057084
205.85711989631082,2.992715088473928e-06,2.4370436336693162e-05,0.002820887874768875,200.85015145321404,0.4265822819573717
208.1029824232309,3.25489013936427e-06,3.1386909967342e-05,0.002883388397450301,203.09600485288684,0.43298495905353396
208.75651595118842,3.329869659435319e-06,3.353876381274025e-05,0.0029046016849074876,203.74953564458892,0.43487614709259803
209.41004947914593,3.4040825291276214e-06,3.573907037620669e-05,0.002927235416416641,204.40306639404216,0.4367817670284438
211.65591200606605,3.6521212305974355e-06,4.366530728532733e-05,0.003016299743067338,206.64891901390016,0.44345249328252817
213.90177453298614,3.886240437264101e-06,5.213297438341888e-05,0.0031237732970578937,208.8947709660347,0.45034391705678267
214.55530806094364,3.951173643754301e-06,5.469423440619923e-05,0.0031586798467936176,209.54830127033875,0.45239666867274136
215.20884158890115,4.014460713031418e-06,5.7297032210890704e-05,0.003195270229864822,210.20183149993846,0.45447287198938596
217.45470411582127,4.2179604597339345e-06,6.654621173031438e-05,0.003334257462912778,212.44768206995116,0.4618010920256668
219.70056664274136,4.396152812961346e-06,7.622400524176504e-05,0.003494498385699765,214.6935315160424,0.4694653228320931
220.3541001706989,4.442568286588389e-06,7.91125457078078e-05,0.0035452578952636545,215.34706099636094,0.47176553332883414
221.0076336986564,4.486294259649277e-06,8.203012564235725e-05,0.0035979087881236526,216.00059035565295,0.4740995963793194
223.25349622557653,4.614391511416872e-06,9.22567685321888e-05,0.00379357523115935,218.24643755884452,0.4823953560987904
225.49935875249662,4.70402700434204e-06,0.00010272791032811475,0.0040124838637030456,220.49228299057168,0.49115665175795814
226.15289228045413,4.722111804841307e-06,0.00010580848953339373,0.004080629549568372,221.14581116888732,0.4938010721015741
226.80642580841163,4.736333768895053e-06,0.00010889916680259123,0.004150783390036225,221.79933916128599,0.4964907041824766
229.05228833533175,4.753870129645396e-06,0.00011956593108251065,0.00440733775690413,224.0451811417477,0.506096377393855
231.29815086225184,4.718415042242719e-06,0.0001302125738640707,0.004687825614892219,226.2910204571055,0.516305106213113
231.95168439020935,4.697309374194447e-06,0.0001332898368010285,0.004773935116106857,226.94454667276807,0.5193967753659345
232.60521791816686,4.6710704732093476e-06,0.00013635114649495448,0.004862039351792296,227.59807261506796,0.522545334923427
234.85108044508698,4.539765055323187e-06,0.000146707063610449,0.0051799638094696425,229.84390684653,0.5338174921043233
237.09694297200707,4.340163714083713e-06,0.00015669139518083102,0.005520728968302907,232.08973723813347,0.5458293024680316
237.7504764999646,4.268394197529732e-06,0.00015950498117801517,0.005624060338092288,232.74326062052748,0.5494709641473984
238.4040100279221,4.1901929842514935e-06,0.0001622690810539369,0.005729200356163745,233.39678361851094,0.5531806372787889
240.64987255484223,3.870364327164456e-06,0.00017133617131697147,0.006103968116557988,235.6426068467267,0.5664647541348923
242.89573508176233,3.466976911088906e-06,0.0001795911396412148,0.006498187358087368,237.88842479568112,0.5806123743774299
243.54926860971983,3.3330698584849874e-06,0.0001818138248912756,0.0066162950302489105,238.5419442741568,0.5848977164331092
244.20280213767734,3.1914734308176255e-06,0.00018394603818948404,0.006735809079061785,239.1954632385381,0.5892605058231271
246.44866466459746,2.644312846104383e-06,0.00019051752162307925,0.007156556448403387,241.44127158710342,0.6048580710820639
248.69452719151755,1.9993907493718768e-06,0.00019575037814504958,0.007590559280125598,243.68707306031916,0.6214154374102027
249.34806071947506,1.7926199803583359e-06,0.00019699017350217456,0.007718910303858872,244.34058744113378,0.6264180941796879
250.00159424743256,1.5770454645435273e-06,0.0001980915851941105,0.007848007295050065,244.99410117398835,0.6315045722899163
252.24745677435268,7.67386707570958e-07,0.0002007447567081624,0.008296236471858648,247.2398905194421,0.6496325442042228
254.49331930127278,-1.5199559308307827e-07,0.00020145633396279918,0.008748244030253273,249.4856714763839,0.668771385254206
255.14685282923028,-4.407191380188665e-07,0.00020126334948179154,0.008879859942501822,250.13917961689702,0.6745317761215518
255.8003863571878,-7.391221188467001e-07,0.00020087824757485792,0.009011266021160935,250.79268699825232,0.6803776925803726
258.0462488841079,-1.839663609016793e-06,0.00019800456526662688,0.009459671422775304,253.03845371048905,0.7011207458162753
260.292111411028,-3.058378711790016e-06,0.00019252651722219375,0.009898698405272669,255.28421100073473,0.7228602800450936
260.94564493898554,-3.435564101019936e-06,0.00019040517149112522,0.01002385220452044,255.93771210076244,0.7293705171658579
261.59917846694304,-3.822949056418653e-06,0.00018803387614016196,0.010147515911315543,256.59121239314584,0.7359615126159704
263.84504099386317,-5.232680310594614e-06,0.0001778878332351152,0.010559038993907477,258.83695448356104,0.7592180934055242
266.09090352078323,-6.76426989513216e-06,0.0001644388892044104,0.010944066528008313,261.08268714124046,0.7833690960235519
266.74443704874074,-7.232893737438598e-06,0.0001598656597696749,0.011050066535809346,261.7361811451332,0.7905563726926462
267.39797057669824,-7.71179058335892e-06,0.000154982882995369,0.01115295445096557,262.38967440544815,0.7978112312210951
269.64383310361836,-9.435800590258965e-06,0.00013574971775196618,0.011480176976700066,264.6353930108946,0.823235065045261
271.8896956305384,-1.1279502581235873e-05,0.00011251025716712568,0.011759705663050778,266.8811038108568,0.8493401940525782
272.543229158496,-1.183819408320743e-05,0.00010495661683186116,0.01183079768528447,267.53459186751536,0.8570492493697939
273.1967626864535,-1.2406698039922849e-05,9.703492400403005e-05,0.011896811702325703,268.18807940691534,0.8648023053537932
275.4426252133736,-1.4434293923743449e-05,6.69150999931607e-05,0.012081791876577883,270.43378035179944,0.891741626145507
277.6884877402937,-1.6572840538497375e-05,3.211698432261237e-05,0.012193873666802376,272.679477278693,0.919014502903762
278.34202126825124,-1.7215311649168332e-05,2.1076430388328495e-05,0.012211288761158474,273.33296213943237,0.9269899295321212
278.99555479620875,-1.7866571536510777e-05,9.613616267024105e-06,0.01222133154495099,273.98644690237126,0.9349734129319758
281.24141732312887,-2.016982913305039e-05,-3.3080774109550246e-05,0.012195967726450138,276.23214182620364,0.9624107343004396
283.48727985004894,-2.2568585458765575e-05,-8.105520292064895e-05,0.012068789056262432,278.47783883036954,0.9896767735725583
284.14081337800644,-2.328351116555839e-05,-9.60380426649696e-05,0.0120109552722637,279.1313249801971,0.9975460689081821
284.79434690596395,-2.4005647444334793e-05,-0.00011148978412173636,0.011943160927183831,279.7848116281349,1.0053733005404375
287.04020943288407,-2.6539603510018325e-05,-0.00016823480249165116,0.011630130052047554,282.0305178624768,1.031868936144089
289.28607195980413,-2.9147424183156364e-05,-0.00023075368271132027,0.011183174016582897,284.27623396475656,1.057511215759489
289.9396054877617,-2.9918803533569086e-05,-0.0002500546654012565,0.011026096231284095,284.9297271913192,1.0647695433995759
290.5931390157192,-3.069533998237339e-05,-0.00026986061573055315,0.010856228485341922,285.5832215853952,1.0719199491291853
292.8390015426393,-3.3399822345028454e-05,-0.00034182624670695395,0.010170492861470813,287.828959654565,1.0955626116311312
295.0848640695594,-3.615148820611995e-05,-0.0004199187571018716,0.009316252259317133,290.07471516544587,1.1174760748161576
295.73839759751695,-3.69594803205485e-05,-0.0004438092937101793,0.009034047861186568,290.72822118732915,1.1234736810011532
296.39193112547446,-3.77702206882902e-05,-0.00046822784515409915,0.008736051723695125,291.3817288838904,1.1292805613827455
298.6377936523946,-4.057337220078105e-05,-0.000556199050916843,0.007586872634504325,293.62751624713457,1.1476481817283115
300.88365617931464,-4.339396369889093e-05,-0.0006504853335238549,0.006233030913623411,295.87332464712904,1.1632051612124659
301.53718970727215,-4.421633072371194e-05,-0.0006791139361972864,0.0057985930216718825,296.5268463681902,1.1671382810197828
302.19072323522965,-4.503890412588345e-05,-0.0007082791207335711,0.005345269558756444,297.18036969033966,1.170780153069671
304.4365857621498,-4.78631983716492e-05,-0.0008126040868167082,0.003638606805698287,299.42620920495125,1.1809135735617333
306.68244828906984,-5.067525278994562e-05,-0.0009232582850264814,0.0016905372280631014,301.67206315704664,1.1869430085390094
307.3359818170274,-5.1489666307137545e-05,-0.0009566429576471894,0.0010762758820963036,302.32559610418514,1.1878488902457063
307.9895153449849,-5.230189343445609e-05,-0.0009905583270275544,0.0004400277862865611,302.9791293492146,1.1883449988756238
310.23537787190503,-5.507279600483754e-05,-0.0011111399556861517,-0.0019188783646014018,305.2249909710507,1.1867363323201832
312.4812403988251,-5.780505159938576e-05,-0.0012379012526959128,-0.004555533619518041,307.47084104958765,1.1795180113932981
313.13477392678266,-5.859151407614877e-05,-0.001275936400977053,-0.005376947784680236,308.1243665990841,1.1762743504422521
313.78830745474016,-5.937374053859095e-05,-0.0013144834444159166,-0.006223377358372908,308.7778889957943,1.1724845959777581
316.0341699816603,-6.202655683039236e-05,-0.001450818966855943,-0.00932751957056471,311.0236834685696,1.1550807262111846
318.28003250858035,-6.461881840393228e-05,-0.0015930443512102424,-0.012744466533773636,313.26940849426245,1.1303544638304064
318.93356603653785,-6.536067505420006e-05,-0.0016355179692586202,-0.01379943260814439,313.92288459291734,1.1216831142897752
319.58709956449536,-6.609659687646862e-05,-0.0016784738738248798,-0.014882301366745112,314.5763507289385,1.1123122218377972
321.8329620914155,-6.857787868022665e-05,-0.0018297188860967673,-0.018820734407396372,316.8218944132426,1.074532546704614
324.07882461833555,-7.097990391858233e-05,-0.0019864475165153176,-0.023105000679746388,319.0672627302122,1.0275210369385352
324.7323581462931,-7.166298803058258e-05,-0.002033059166512685,-0.024418424926146272,319.7206119546766,1.0119955880646254
325.3858916742506,-7.233858280420908e-05,-0.0020801141801210714,-0.025762440027903084,320.37393953413044,0.9956010938423897
327.63175420117074,-7.46008264566868e-05,-0.002245135383708801,-0.030618467710641875,322.6189100290478,0.9323680090946843
329.8776167280908,-7.676503867172237e-05,-0.0024151271929764863,-0.03585069197918194,324.8635315911245,0.8578119340120911
330.53115025604836,-7.73752791537207e-05,-0.0024654959437048415,-0.03744550480480625,325.51662654868437,0.8338687795665961
331.18468378400587,-7.797629575875938e-05,-0.0025162597629311122,-0.03907334427027254,326.1696815031293,0.8088724886607052
333.430546310926,-7.996864512601267e-05,-0.002693643682777202,-0.04492289568209886,328.4135642931636,0.7146536989891593
335.67640883784605,-8.184019731557199e-05,-0.002875366498480366,-0.05117569927419249,330.65683404769493,0.6068587132741092
336.32994236580356,-8.236068246881462e-05,-0.002929022914944684,-0.05307237352650363,331.3094803118044,0.5728116250058813
336.98347589376107,-8.286974401877814e-05,-0.002983014812599358,-0.055004198732778196,331.96205948253703,0.5375146094482088
339.2293384206812,-8.45284540936395e-05,-0.003171019625836294,-0.06191409080580407,334.20408655701766,0.4063779854619729
341.47520094760125,-8.603679095935892e-05,-0.0033625808150956516,-0.06925020940957953,336.44512041217826,0.25927506888047674
342.1287344755588,-8.644560370322775e-05,-0.003418943630098603,-0.07146618563635379,337.09703743669724,0.21333385825929715
342.7822680035163,-8.684015480922409e-05,-0.0034755677749497027,-0.07371905115289493,337.7488493063693,0.1659356442067174
345.02813053043644,-8.808267517797805e-05,-0.00367202923432048,-0.08174482849629076,339.9879316693286,-0.008380651733729106
347.2739930573565,-8.913741084583736e-05,-0.0038710703543149393,-0.09021472805083484,342.22549743445654,-0.20115805873301965
347.927526585314,-8.94067721512372e-05,-0.003929414272915157,-0.09276367504147476,342.87629823890734,-0.2608636801581623
348.5810601132715,-8.965840142573128e-05,-0.003987927039977374,-0.09535076831700838,343.5269425512909,-0.32224058090381524
350.82692264019164,-9.038227133280716e-05,-0.004190143771840362,-0.10453392421670633,345.761599880273,-0.5462384285526823
353.0727851671117,-9.087407862239628e-05,-0.004393725625633757,-0.11417276403490563,347.9940470653373,-0.7912558963590909
353.72631869506927,-9.097099948523243e-05,-0.004453148473982911,-0.11706364658944006,348.64321794844193,-0.866645877209771
354.3798522230268,-9.104624727769189e-05,-0.004512626074365259,-0.11999333478704131,349.2921655326613,-0.943924701876044
356.6257147499469,-9.113325741284403e-05,-0.004717253560639566,-0.13035787748419173,351.52045798079155,-1.2242320354619818
358.87157727686696,-9.09401530084479e-05,-0.004921761910342061,-0.14118185160256222,353.7456522073334,-1.528129589302398
359.5251108048245,-9.082865777454176e-05,-0.0049811600863431975,-0.1444178274143101,354.3925343104934,-1.6211352274716564
360.178644332782,-9.069144117224533e-05,-0.005040475538311199,-0.14769253914158795,355.039108998028,-1.716245707259336
362.42450685970215,-9.001733571891963e-05,-0.005243460212624328,-0.1592410441060925,357.2585781480625,-2.0594742356937723
364.6703693866222,-8.901655402601127e-05,-0.005444564103798177,-0.171243312753989,359.47384797383506,-2.4288125128041407
365.3239029145797,-8.866155326399297e-05,-0.005502625700339989,-0.174820533603528,360.11762311186123,-2.541329491709108
365.9774364425372,-8.827720118739824e-05,-0.005560444534081319,-0.17843555684970344,360.76098822629825,-2.656159911280628
368.22329896945735,-8.672697299225907e-05,-0.005757030385755708,-0.19114503143641923,362.96861618836436,-3.068732891559506
370.4691614963774,-8.481237742615329e-05,-0.00594972547850621,-0.2042916417658988,365.17072198665414,-3.5098096802617955
371.122695024335,-8.418511376891407e-05,-0.006004950472964944,-0.2081980888405833,365.8104056585732,-3.6436426387822554
371.7762285522925,-8.352599182643772e-05,-0.00605975450800735,-0.21214042098423477,366.4495580307631,-3.7799835344121444
374.0220910792126,-8.101440919428992e-05,-0.006244594009241747,-0.22595849507601856,368.64175509324843,-4.267935844754065
376.26795360613266,-7.811843530878808e-05,-0.006423361196203544,-0.24018487448558087,370.8268906365717,-4.786577169579876
376.9214871340902,-7.720305253074231e-05,-0.006474117021730877,-0.24439941017441782,371.4613353293199,-4.943377408199023
377.57502066204773,-7.625513491288306e-05,-0.0065242641553272225,-0.24864684747545188,372.095109942868,-5.10285868940807
379.82088318896785,-7.274910986382595e-05,-0.006691656669958918,-0.26348897153176354,374.26774130156315,-5.671616802719049
382.0667457158879,-6.88637751313642e-05,-0.006850749195612458,-0.2786977158468633,376.4315780950403,-6.272952499999453
382.7202792438454,-6.766298439123513e-05,-0.006895363003223363,-0.2831895666537559,377.05948966510937,-6.454152170521447
383.37381277180293,-6.643130121390221e-05,-0.0069391830332473994,-0.28771024816783386,377.6865776377029,-6.638177212687019
385.61967529872305,-6.196642486424416e-05,-0.007083429492222668,-0.30345862745092167,379.83503777048827,-7.29233280454384
387.8655378256431,-5.715617632465073e-05,-0.007217260623487293,-0.31951926875375736,381.97281928490236,-7.980572572307672
388.5190713536007,-5.569424502069417e-05,-0.0072541371017042265,-0.3242481249476669,382.59278817858126,-8.187320398411241
389.1726048815582,-5.420550910830776e-05,-0.007290051354516152,-0.32900070902576456,383.2117696806278,-8.397002313347404
391.4184674084783,-4.8892366242997307e-05,-0.007405876187187291,-0.3455055182752376,385.331108528763,-9.14009852552209
393.66432993539837,-4.329600795084748e-05,-0.007509450399939958,-0.3622566975719901,387.4377961867284,-9.918328871124316
394.31786346335593,-4.161846175390143e-05,-0.0075371975728062285,-0.36717352834827377,388.0483435619948,-10.151433541678832
394.97139699131344,-3.99204135986574e-05,-0.007563844403113972,-0.3721080891249514,388.6577355133648,-10.387539831652374
397.21725951823356,-3.393933024868303e-05,-0.007646820821666924,-0.3891911761938994,390.74283413208127,-11.22189183217173
399.4631220451536,-2.7760533591634306e-05,-0.007716142530800062,-0.4064452835917922,392.81329984655395,-12.091915603702175
400.11665557311113,-2.5930676565007334e-05,-0.00773368622149459,-0.4114938579210995,393.4129365284277,-12.351803074349768
400.77018910106864,-2.408830553948317e-05,-0.00775003316359012,-0.41655347965370504,394.01125275833226,-12.614714844343682
403.01605162798876,-1.7674667455746187e-05,-0.007796948009944554,-0.43401438677609905,396.05703857653253,-13.541285228755614
405.2619141549088,-1.11653957906951e-05,-0.007829351316927195,-0.45156436273263484,398.0862911271493,-14.50352279524935
405.9154476828664,-9.259269044294842e-06,-0.007836023899441522,-0.4566833636880012,398.67358517866467,-14.790212686631127
406.5689812108239,-7.3497161227985996e-06,-0.00784145314130901,-0.46180631176876785,399.259404611197,-15.079903421632345
408.814843737744,-7.760397739689989e-07,-0.007850574896365474,-0.47943014045100485,401.2610894368477,-16.098248093005488
411.0607062646641,5.782086490757377e-06,-0.007844950539721583,-0.4970578964712598,403.24451557285335,-17.151713109609325
411.7142397926216,7.681272689518147e-06,-0.007840549040455497,-0.5021834627773712,403.81816254562193,-17.46481740809766
412.3677733205791,9.574403553043953e-06,-0.007834911822597084,-0.507305761815586,404.39019932651917,-17.780854262266978
414.6136358474992,1.601889145154509e-05,-0.0078061486172195564,-0.5248722797486395,406.34351817900915,-18.889146844526497
416.8594983744193,2.2336777040397054e-05,-0.00776305414365712,-0.5423581064474912,408.27711533348304,-20.03150133712768
417.51303190237684,2.414550636415674e-05,-0.007747862747008761,-0.5474266113295709,408.83600431570244,-20.37024613152476
418.16656543033434,2.5939169889009334e-05,-0.007731497337371613,-0.5524848368869557,409.3931729541126,-20.711814171320515
420.41242795725447,3.1974284575399265e-05,-0.007666422160946693,-0.5697781312389755,411.2945997616591,-21.906948210207737
422.65829048417453,3.778312807362137e-05,-0.007588047033593152,-0.5869103407601289,413.17517662976843,-23.13463271428722
423.3118240121321,3.942594413969538e-05,-0.007562814990003582,-0.5918611764302693,413.7184453085534,-23.497901064211142
423.9653575400896,4.1046095488320586e-05,-0.007536519193132156,-0.5967952232728007,414.25991413658744,-23.86384826802292
426.2112200670097,4.642951803113818e-05,-0.0074382330306476,-0.6136130394179663,416.1068321616339,-25.141607426770484
428.4570825939298,5.1508053133014246e-05,-0.007328198808846814,-0.6301969260908015,417.9321568340083,-26.450033059310467
429.1106161218873,5.29249461876784e-05,-0.007294070972431231,-0.6349750199517787,418.4592300935939,-26.83642457898384
429.7641496498448,5.431361121948923e-05,-0.007259028023198052,-0.639730571871264,418.9844577806626,-27.225322926588273
432.0100121767649,5.8862547602070886e-05,-0.0071318721460161,-0.6558924005660407,420.7752685358071,-28.580601320462147
434.255874703685,6.3054399815313e-05,-0.006994900964052595,-0.6717576327285766,422.5441510939528,-29.96438351116413
434.90940823164254,6.420500873423077e-05,-0.006953314478298375,-0.6763154536265675,423.05475998302205,-30.37228438998727
435.56294175960005,6.532415641950589e-05,-0.006910987085931977,-0.6808459220585182,423.56351223154326,-30.782500623946884
437.80880428652017,6.892595551168633e-05,-0.00676016206463517,-0.6961991166253467,425.2976753434224,-32.20955039022616
440.05466681344024,7.214639473660599e-05,-0.00660167613864531,-0.711204976259336,427.0099809920555,-33.66276057045351
440.7082003413978,7.301130251037388e-05,-0.006554241476483538,-0.7155038880693934,427.50416159841234,-34.09041708037848
441.3617338693553,7.384382975402664e-05,-0.006506252091957539,-0.7197716883119504,427.99650785533487,-34.52018619284691
443.6075963962754,7.645729743649465e-05,-0.0063374032867265185,-0.7341952492841786,429.67451354456176,-36.01286867975943
445.8534589231955,7.869155806785725e-05,-0.006163110815815131,-0.7482334861896421,431.3311112186465,-37.529281118459636
446.506992451153,7.9271280610773e-05,-0.0061114923208355505,-0.7522444037210223,431.8091854654739,-37.97487019878646
447.1605259791105,7.98198061077889e-05,-0.006059504374796338,-0.7562215334650246,432.2854779063933,-38.42236535319735
449.4063885060306,8.146951162162826e-05,-0.005878321265344184,-0.7696275100648514,433.90876158443695,-39.97438538556519
451.6522510329507,8.276500785938405e-05,-0.005693830896767961,-0.7826228604839813,435.51141992805026,-41.54770052897586
452.30578456090825,8.307739383901085e-05,-0.005639638111312697,-0.7863262394408517,435.97396214601594,-42.00939242408194
452.95931808886576,8.336149408043691e-05,-0.005585249071544754,-0.7899941985915846,436.4348009428009,-42.47278647301413
455.2051806157859,8.412731713087395e-05,-0.005397112387918896,-0.8023268920921482,438.0056147580424,-44.07789456985013
457.45104314270594,8.458184114377319e-05,-0.005207605338423339,-0.8142355176383396,439.55686159671654,-45.70192615004308
458.1045766706635,8.465840869350732e-05,-0.005152302721408926,-0.81762076481949,440.0046557424561,-46.17793585454654
458.758110198621,8.471088486118089e-05,-0.005096956210021337,-0.820969907676835,440.45084554730823,-46.65545141251645
461.00397272554113,8.471453650262095e-05,-0.0049066551546414474,-0.8322032233127782,441.97210415794206,-48.307605074059914
463.2498352524612,8.446196815724612e-05,-0.004716633615610399,-0.8430094628172564,443.4750669486863,-49.976424464060436
463.9033687804187,8.434363100037638e-05,-0.004661473448455367,-0.846073888253624,443.90905954027824,-50.46505050766834
464.5569023083762,8.420616794034522e-05,-0.004606394942422947,-0.849102332810326,444.34156223491163,-50.95499729677642
466.80276483529633,8.35960024903316e-05,-0.004417928152423102,-0.8592357299052688,445.816679862578,-52.648478329126156
469.0486273622164,8.279088256014642e-05,-0.004231050630623395,-0.8689476411379293,447.2749234926587,-54.356515097095645
469.70216089017396,8.252344984666748e-05,-0.004177031636724397,-0.8716950951197756,447.6961768555679,-54.856165709950176
470.35569441813146,8.22421553668014e-05,-0.004123189987093905,-0.8744073339417432,448.1160650733445,-55.35696536476661
472.6015569450516,8.117811611000035e-05,-0.003939655419758307,-0.8834608799909168,449.54879858135286,-57.08645492372918
474.84741947197165,7.998137730883175e-05,-0.003758659550783746,-0.8921050834166743,450.96617397161367,-58.82855670678659
475.5009529999292,7.961161646605393e-05,-0.0037065103667272736,-0.8945444271563636,451.37582344422486,-59.337764510999534
476.1544865278867,7.923316410420912e-05,-0.003654603799401533,-0.8969497878763746,451.7842383915754,-59.84796408497296
478.40034905480684,7.7874418530701e-05,-0.003478169063363187,-0.904958814998211,453.1785475218085,-61.60858036376858
480.6462115817269,7.644236604293675e-05,-0.0033048682017178433,-0.9125751130834626,454.55906062088854,-63.380037823686855
481.2997451096844,7.601504240492112e-05,-0.003255050883987435,-0.9147186544457495,454.9582782141365,-63.897464851741994
481.9532786376419,7.558384056231543e-05,-0.0032055124010433676,-0.91682973817081,455.35639415566027,-64.41574087229817
484.19914116456204,7.40798381378875e-05,-0.003037446742104121,-0.9238395159175323,456.71632605854325,-66.20304605511755
486.4450036914821,7.255641267768615e-05,-0.0028727806765843924,-0.9304756588085138,458.06403288234367,-67.99958981642291
487.09853721943966,7.211226214456475e-05,-0.0028255085892533345,-0.9323376526297461,458.45399877114545,-68.52402488930302
487.75207074739717,7.166849796503347e-05,-0.002778525165812485,-0.9341688461787693,458.8429954405688,-69.04917999959393
489.9979332743173,7.015295427086163e-05,-0.002619274527345959,-0.9402295729189291,460.17259698430826,-70.85916346295345
492.24379580123735,6.866468247817902e-05,-0.002463396967199285,-0.9459364323528676,461.49152695288143,-72.67693989087677
492.89732932919486,6.823909956630715e-05,-0.0024186622626383336,-0.9475317143644091,461.87340923886035,-73.20729031087683
493.55086285715237,6.781751916786396e-05,-0.0023742031626147082,-0.9490978422691418,462.2544525233489,-73.73824443198002
495.7967253840725,6.640469957370307e-05,-0.002223493154977046,-0.9542601591931533,463.5577109146789,-75.56728864253463
498.04258791099255,6.50576972131513e-05,-0.002075882237693912,-0.9590874822240262,464.8518180813427,-77.40282056171107
498.6961214389501,6.467999497044744e-05,-0.0020334891979066367,-0.9604302808666656,465.22676054938665,-77.93809982189548
499.3496549669076,6.430919321422348e-05,-0.001991339796767214,-0.9617454390226807,465.6009911025926,-78.47387750361878
501.59551749382774,6.309186258499209e-05,-0.001848295085298269,-0.9660565935173365,466.88180116187254,-80.3187120721862
503.8413800207478,6.197026578949324e-05,-0.0017078768285575159,-0.9700494385829557,468.1549410223706,-82.16884945438558
504.49491354870537,6.166328658909091e-05,-0.0016674783972368864,-0.9711523904529455,468.5240581097215,-82.70816234519677
505.1484470766629,6.136537035305022e-05,-0.0016272769579879411,-0.9722289854514992,468.89258706712826,-83.24787764932672
507.394309603583,6.041380942970213e-05,-0.0014905491711985689,-0.9757297144701504,470.15474200705887,-85.10552587841366
509.64017213050306,5.957905758227737e-05,-0.001355827290865814,-0.9789256241711336,471.4106703170467,-86.96739041364772
510.29370565846057,5.9359014063518835e-05,-0.0013169631225879454,-0.9797990062912408,471.77504818782444,-87.50991658854235
510.9472391864181,5.9149437806668555e-05,-0.0012782389545198149,-0.9806470125561052,472.1389588493862,-88.05275653292762
513.1931017133381,5.851100546944933e-05,-0.0011461384992328013,-0.9833691805462393,473.3861604693876,-89.92047774351434
515.4389642402583,5.8001529949580586e-05,-0.001015327065566082,-0.9857961165567313,474.62854973334777,-91.79140421830708
516.0924977682158,5.787792490429723e-05,-0.0009774622452448133,-0.9864473015018331,474.98925215754815,-92.33638100549626
516.7460312961733,5.7765442785084396e-05,-0.0009396744644337846,-0.9870737417043849,475.3496063207742,-92.88158832883985
518.9918938230934,5.746447023327628e-05,-0.0008103039474991031,-0.989038748465303,476.58548998701235,-94.7568183814448
521.2377563500136,5.729576693190068e-05,-0.0006814608442636531,-0.9907137990794801,477.8179588534624,-96.6342950003232
521.8912898779711,5.727146431297614e-05,-0.0006440246725854442,-0.9911469351842035,478.176036483496,-97.18100003451569
522.5448234059286,5.725819887020476e-05,-0.0006066009403758688,-0.9915555857464795,478.5338840121017,-97.72785583560727
524.7906859328486,5.729641169829641e-05,-0.00047798776754010133,-0.9927735470805389,479.76205351151543,-99.60814760580126
527.0365484597688,5.7461688822487416e-05,-0.00034914608947511503,-0.9937024043135914,480.98820410815586,-101.48975681555005
527.6900819877263,5.75331329104489e-05,-0.0003115700204460597,-0.9939183188085287,481.34470570157896,-102.03749090967804
528.3436155156838,5.761483275375364e-05,-0.00027394432587992133,-0.994109637744077,481.701095876747,-102.58529756673471
530.5894780426039,5.7972327521766815e-05,-0.00014416919742084357,-0.9945793246818335,482.92516314964075,-104.46826266844253
532.8353405695241,5.844367147840747e-05,-1.3463340045485312e-05,-0.994756509377059,484.14862137875315,-106.35162363823984
533.4888740974815,5.860127078079714e-05,2.4782840464840367e-05,-0.9947528268175855,484.5046055247331,-106.8996942073561
534.142407625439,5.87676887808803e-05,6.313425098499476e-05,-0.9947240956883261,484.86059874047794,-107.44775887995513
536.388270152359,5.9404385117653367e-05,0.00019581590258796895,-0.9944335996961059,486.0842235865039,-109.33101160894016
538.6341326792792,6.0134397828289744e-05,0.00033003227450833296,-0.9938433955691149,487.30867755043687,-111.21372524926501
539.2876662072367,6.036302674428174e-05,0.00036940683190674723,-0.993614859016674,487.6652235114527,-111.76143052942376
539.9411997351942,6.059846005277811e-05,0.0004089321794092113,-0.993360525934461,488.0219019341156,-112.30904948028959
542.1870622621143,6.145605378367152e-05,0.0005459785847877979,-0.9922886012028667,489.2488270209964,-114.19015375727058
544.4329247890345,6.238003121150786e-05,0.0006850255721186006,-0.9909066425689633,490.4780590328877,-116.06975101506907
545.086458316992,6.265972031796613e-05,0.0007258846409225417,-0.9904456202185433,490.8362754055571,-116.6163652864798
545.7399918449495,6.294370149371596e-05,0.0007669268855738668,-0.9899578260006252,491.1947513141832,-117.16280923077538
547.9858543718696,6.394825444494216e-05,0.0009094114155425645,-0.9880758427557306,492.42882818392457,-119.0392292513357
550.2317168987897,6.498708074820148e-05,0.001054190519959229,-0.9858712821949286,493.66673623787676,-120.91312339125328
550.8852504267472,6.529391082530667e-05,0.0010967624809091984,-0.9851684364330716,494.0277662693096,-121.45788341512029
551.5387839547047,6.560215247143271e-05,0.0011395343018094162,-0.9844377001447291,494.38918693121525,-122.00238410859501
553.7846464816248,6.666754942353213e-05,0.0012880643474164875,-0.9817121212448542,495.63438921119973,-123.87143944657171
556.030509008545,6.773154571639826e-05,0.0014389855552705303,-0.9786502791705847,496.88499436586693,-125.7368831068438
556.6840425365025,6.803885358970204e-05,0.001483351484335395,-0.9776953674326447,497.25001694422747,-126.27897601518202
557.33757606446,6.834446287092233e-05,0.0015279165128358357,-0.9767113997122963,497.6155650687859,-126.82071432535535
559.5834385913801,6.937683386037422e-05,0.00168257532912566,-0.9731066638232493,498.8759857960253,-128.67954037008954
561.8293011183002,7.037037854106455e-05,0.0018395091094586195,-0.969152030865991,500.14342271210444,-130.53358834437904
562.4828346462577,7.065010361644376e-05,0.0018855907806544822,-0.9679347984335007,500.5136482958889,-131.0721412742558
563.1363681742152,7.092494624128924e-05,0.0019318524781198438,-0.9666874018481408,500.88453736288665,-131.61023703306955
565.3822307011353,7.18272127062484e-05,0.0020921676448612636,-0.9621690670292846,502.1643682592008,-133.45575184174234
567.6280932280555,7.265304778163226e-05,0.0022544233508487665,-0.9572885072927587,503.45285714370044,-135.29523076326444
568.2816267560129,7.287693614676079e-05,0.0023019787411448487,-0.9557996274289516,503.82951820282125,-135.8293025973109
568.9351602839704,7.309279419893562e-05,0.0023496766731383504,-0.9542796393419078,504.2069822755383,-136.36280660664434
571.1810228108905,7.376848833884231e-05,0.0025146129309475285,-0.9488176367519403,505.5104739219617,-138.19168552627218
573.4268853378106,7.433126948208924e-05,0.0026809399113711806,-0.9429836483153253,506.82427327538636,-140.01317194378876
574.0804188657681,7.447185220315749e-05,0.00272956499177433,-0.9412156696638492,507.20860915277024,-140.5417476183813
574.7339523937256,7.460140712853531e-05,0.0027782772638732752,-0.939415908289643,507.5938871222917,-141.06963628307915
576.9798149206457,7.495790015837723e-05,0.002946249617317793,-0.9329877770130856,508.925290136488,-142.8782960807685
579.2256774475659,7.516728774280447e-05,0.003114857415795457,-0.9261816893612738,510.26863085142946,-144.6781048383426
579.8792109755234,7.519877237123909e-05,0.0031639933179164973,-0.9241299570702305,510.6618672881139,-145.20009280963015
580.5327445034809,7.521646837935004e-05,0.0032131443193600395,-0.9220461377411128,511.0561818295944,-145.72126600320894
582.778607030401,7.516794093969176e-05,0.003382048962440498,-0.9146401312386335,512.4196702988806,-147.50586070054942
585.0244695573211,7.494154872657052e-05,0.003550644889647908,-0.9068551347943417,513.7966728126072,-149.2800459888703
585.6780030852786,7.48406682190394e-05,0.003599590080509415,-0.9045186555040147,514.1999967170474,-149.79427957643594
586.3315366132362,7.472358487041302e-05,0.00364846322430738,-0.902150247512308,514.6045285774418,-150.3075624718573
588.5773991401562,7.419401765452903e-05,0.003815725631932836,-0.8937682110298895,516.0041081745076,-152.06399349139022
590.8232616670764,7.346046963275574e-05,0.003981569647968571,-0.8850121189302816,517.4186855703526,-153.8083652946576
591.4767951950339,7.320739908020311e-05,0.004029497197373384,-0.8823943405271146,517.8332159632658,-154.3136087125685
592.1303287229914,7.293615457607959e-05,0.004077252784070412,-0.8797453353825156,518.2490745522069,-154.81775839324527
594.3761912499115,7.186254022115767e-05,0.0042398937113023736,-0.8704052531908633,519.6884789831392,-156.54170184690153
596.6220537768316,7.056480207185344e-05,0.004399871772670654,-0.8607028920507251,521.144230173839,-158.25186061713327
597.275587304789,7.014414170480833e-05,0.004445852115458555,-0.8578123676071348,521.5709866026247,-158.74682050886025
597.9291208327465,6.970390896653472e-05,0.004491550749845379,-0.8548919278624502,521.9991782214148,-159.24053816971997
600.1749833596666,6.803979284394775e-05,0.004646271780839386,-0.8446300320229633,523.4817589065408,-160.92749200104345
602.4208458865868,6.613885784701765e-05,0.004796989504475451,-0.8340251494568293,524.9818572777525,-162.59888410367006
603.0743794145443,6.55407458591819e-05,0.004840019267290308,-0.8308760518943791,525.4217273539327,-163.08222727873175
603.7279129425018,6.49223587618612e-05,0.004882651413586348,-0.8276990066941021,525.8631227548641,-163.56417669209847
605.9737754694219,6.264181111773153e-05,0.005025942187773222,-0.8165713280821673,527.3917378489954,-165.2095297881262
608.219637996342,6.012092962658473e-05,0.0051638412870748,-0.805127892570323,528.9388218984305,-166.83752545097488
608.8731715242996,5.9342319964585875e-05,0.005202878983447307,-0.8017403427701059,529.3925299362306,-167.30790324222207
609.5267050522571,5.8543599892440964e-05,0.005241401511204414,-0.7983274923038618,529.8478332226287,-167.7767358645945
611.7725675791771,5.564596728478462e-05,0.005369672084153761,-0.7864107191875109,531.4247431182475,-169.3758600712118
614.0184301060973,5.251570420463077e-05,0.0054911737445823856,-0.774213469021555,533.0208165584368,-170.95585413750908
614.6719636340548,5.156189715082081e-05,0.005525183663992338,-0.7706136338555736,533.4888955412148,-171.41193333300134
615.3254971620123,5.0589174261024637e-05,0.005558564723360652,-0.7669918183644143,533.9586166557591,-171.8663199419258
617.5713596889324,4.71043947438487e-05,0.005668307516636324,-0.7543833032935219,535.5853938338378,-173.41468407163634
619.8172222158526,4.340786370245299e-05,0.005769986191773156,-0.7415373764459817,537.2317431790218,-174.94221775007793
620.4707557438101,4.229397312984358e-05,0.0057979911723822376,-0.7377572864370566,537.7145124049696,-175.38271739148962
621.1242892717676,4.1163543699231896e-05,0.005825263903982426,-0.7339591691479284,538.1989455604112,-175.82138545906338
623.3701517986876,3.715680416423864e-05,0.005913245287809861,-0.7207759089823367,539.876406868728,-177.31468788045282
625.6160143256078,3.297365144591536e-05,0.005992029985581672,-0.7074053819700318,541.5735444726636,-178.78558697817343
626.2695478535653,3.1725613226416944e-05,0.006013171593144773,-0.7034824201164274,542.0710951585172,-179.2093194966345
626.9230813815228,3.0464641634975943e-05,0.006033494910192362,-0.6995459367258865,542.5703054644932,-179.63109467326987
629.1689439084429,2.6038782422893514e-05,0.006096968078755949,-0.6859223736750834,544.2984743299968,-181.06540813498145
631.4148064353631,2.1486251896722374e-05,0.006150359132786917,-0.6721675801351481,546.0461138855889,-182.47593026432224
632.0683399633205,2.0140832762555535e-05,0.006163961040146088,-0.6681436097518518,546.5583046516234,-182.88184455271028
632.721873491278,1.8787238601393375e-05,0.0061766829514802125,-0.6641110551769028,547.0721248001495,-183.28569376701262
634.967736018198,1.4081142304854943e-05,0.006213603980478167,-0.6501956229448961,548.8502292542483,-184.6576131855568
637.2135985451182,9.310412493840077e-06,0.006239883185161572,-0.6362092211946301,550.6472986918488,-186.00459367833986
637.8671320730757,7.91372932302694e-06,0.006245510546952656,-0.6321293536075074,551.1737621627088,-186.39181694213457
638.5206656010332,6.5144823156167335e-06,0.006250226469231245,-0.6280461116666773,551.7018003087844,-186.77688989133205
640.7665281279533,1.6955855053323604e-06,0.006259444908659459,-0.613996586091974,553.5283099226212,-188.083671548288
643.0123906548735,-3.1184896221436637e-06,0.006257846182738722,-0.5999385041027541,555.3730034412197,-189.36465596915104
643.665924182831,-4.514522174348311e-06,0.006255350661451338,-0.5958495578855789,555.913164190469,-189.732530760953
644.3194577107885,-5.907176543856472e-06,0.006251946067582462,-0.5917625323768035,556.454823126775,-190.09819617881686
646.5653202377085,-1.0657882763303777e-05,0.006233330757508468,-0.5777404434512174,558.3275241657302,-191.3378758597212
648.8111827646287,-1.5334388019424218e-05,0.006204129336941306,-0.5637720494273842,560.2173910540558,-192.55122682452057
649.4647162925862,-1.6677575080047804e-05,0.006193667336076976,-0.559720820519777,560.7704938899413,-192.899339764981
650.1182498205437,-1.8011768663420272e-05,0.006182332421763297,-0.5556766947688837,561.3250003697345,-193.2452130224823
652.3641123474638,-2.251948076438227e-05,0.006136793049882529,-0.5418412976422227,563.2411041126093,-194.41669178874307
654.609974874384,-2.689059634144892e-05,0.006081283364819224,-0.5281193716607467,565.1731676267636,-195.56165986153843
655.2635084023415,-2.813372557555781e-05,0.006063301575050513,-0.5241508933399763,565.7383139540764,-195.889859323396
655.917041930299,-2.9363025704354982e-05,0.006044513499034212,-0.5201944003955088,566.3047557690642,-196.2158187630327
658.162904457219,-3.34748150446034e-05,0.00597391575584653,-0.5066968416506245,568.2610308313336,-197.3189084835708
660.4087669841392,-3.739870001260643e-05,0.0058942945027551236,-0.49336796851302694,570.2319267221031,-198.3956610301678
661.0623005120967,-3.8502730559906656e-05,0.005869490753469668,-0.4895239326400837,570.8081157560906,-198.7040623538436
661.7158340400542,-3.9589125999429453e-05,0.0058439724683984,-0.4856963022849535,571.3854832734513,-199.01025308163233
663.9616965669743,-4.318246265411365e-05,0.005750983280814479,-0.47267450120009874,573.3784001712538,-200.04567854945154
666.2075590938945,-4.654934043290178e-05,0.005650178250842819,-0.4598703177008146,575.3845226839775,-201.05528519258206
666.8610926218519,-4.748476328849384e-05,0.005619449404179721,-0.45618776573606434,575.9706939446186,-201.34426337057812
667.5146261498094,-4.839982518348105e-05,0.005588116705815462,-0.45252544944516143,576.5579225324693,-201.63108858473615
669.7604886767294,-5.138533356578364e-05,0.005476017599425343,-0.4400999852855417,578.5837983398363,-202.60044753680714
672.0063512036496,-5.411847386758975e-05,0.005357496843643089,-0.42793349137912967,580.6214419354089,-203.54482502991345
672.6598847316071,-5.486529037557927e-05,0.005321883045684067,-0.4244438219236983,581.216515715396,-203.81499593809482
673.3134182595646,-5.5590049602581375e-05,0.005285788850802809,-0.4209775365636341,581.8125258089381,-204.08309698032247
675.5592807864847,-5.791020275612589e-05,0.005158285923479702,-0.4092486393490029,583.8676582804092,-204.98878285930547
677.8051433134049,-5.9963488966673596e-05,0.005025871924365804,-0.3978116109769698,585.9331453945861,-205.87060525386994
678.4586768413624,-6.051033689834446e-05,0.004986503681624013,-0.39453990484530405,586.5360585832648,-206.12279730648507
679.1122103693199,-6.103431918891271e-05,0.004946785686397842,-0.3912939919920573,587.1397908669749,-206.37302437954207
681.35807289624,-6.265971151605454e-05,0.004807834939019068,-0.38033959744040374,589.2205741048472,-207.21811895973934
683.6039354231601,-6.401338714012027e-05,0.004665538903101906,-0.36970102369446045,591.310362233506,-208.04070073392157
684.2574689511176,-6.435622496197105e-05,0.004623590715516805,-0.3666656580450201,591.9200977777399,-208.27591926963507
684.9110024790751,-6.467613487326389e-05,0.004581425871825787,-0.36365772809307667,592.5305418691429,-208.50929515563493
687.1568650059952,-6.560083183592788e-05,0.004435083508756221,-0.35353247561495466,594.6335587946604,-209.29743920056382
689.4027275329154,-6.62568521055e-05,0.004286966108887884,-0.3437378812104663,596.7443233898261,-210.06459962858756
690.0562610608729,-6.63976442213982e-05,0.004243617907331013,-0.3409503899742783,597.3599325943275,-210.28398643665045
690.7097945888304,-6.651604796952809e-05,0.004200184707335267,-0.3381912075288443,597.976148529822,-210.50166562042043
692.9556571157505,-6.67533040041868e-05,0.0040504838964516895,-0.3289262285345073,600.0982384842415,-211.23691575076617
695.2015196426706,-6.673147512699764e-05,0.0039005411756779873,-0.31999772862976167,602.2269310506392,-211.95283249096298
695.855053170628,-6.667715560056222e-05,0.003856946702422154,-0.3174628655773882,602.8475487274521,-212.1576227479668
696.5085866985855,-6.660151293081453e-05,0.0038133942070030426,-0.31495643307118437,603.4686813392103,-212.3608481908726
698.7544492255056,-6.618080180178556e-05,0.0036642431964376146,-0.30655978829294694,605.6069836923981,-213.04752746072145
701.0003117524258,-6.551645269195567e-05,0.0035163106339371353,-0.29849674794676534,607.7508667614549,-213.71658649507438
701.6538452803833,-6.527838470167397e-05,0.003473570437227986,-0.29621271839526514,608.3757198504585,-213.908065114316
702.3073788083408,-6.502054362923586e-05,0.003430991610908848,-0.2939565254537418,609.0010067113388,-214.09812464766728
704.5532413352609,-6.3986297170615e-05,0.0032860841804488246,-0.28641419249970773,611.1529831841935,-214.7406733372343
706.799103862181,-6.272969128352713e-05,0.0031437492197077662,-0.2791944130069441,613.3096453729208,-215.36732137836236
707.4526373901385,-6.232361059211098e-05,0.0031028853732012673,-0.2771532557062675,613.9380560443822,-215.54678047942085
708.106170918096,-6.189982686927731e-05,0.003062291817603443,-0.27513867766912825,614.5668300221843,-215.72496449422388
710.3520334450161,-6.031187989295934e-05,0.0029250200397035186,-0.26841604636428673,616.7302694937063,-216.3277966526896
712.5978959719363,-5.852927301010743e-05,0.0027915331621072292,-0.26199745841855404,618.897624640036,-216.916401227493
713.2514294998938,-5.797571601625107e-05,0.002753462873378492,-0.2601855759541538,619.5290090677095,-217.085100186521
713.9049630278513,-5.7407106960766715e-05,0.0027157581517770783,-0.2583984217186741,620.1606966856165,-217.25266205745316
716.1508255547714,-5.534263457436781e-05,0.0025891180962551775,-0.2524423115948557,622.3337066278729,-217.8200325795622
718.3966880816915,-5.31186913136773e-05,0.002467293636734103,-0.24676521004283933,624.5099811308687,-218.37475436855675
719.050221609649,-5.244376834199849e-05,0.002432799312466571,-0.24516406152189407,625.1438451226012,-218.5338837507458
719.7037551376065,-5.1757139409590716e-05,0.0023987484986828264,-0.24358528603036006,625.7779619034776,-218.69200428423733
721.9496176645266,-4.931368438017479e-05,0.002285231303876538,-0.23832654998069722,627.9589503945276,-219.22789088349427
724.1954801914468,-4.675477999172914e-05,0.002177331414851628,-0.23331645009673238,630.1426625147736,-219.75257260980607
724.8490137194043,-4.599118481996816e-05,0.0021470254715888005,-0.23190343204899677,630.7785950484467,-219.90322322800066
725.5025472473618,-4.522003060588636e-05,0.0021172193122779752,-0.2305100404243162,631.4147388688172,-220.05298037787077
727.7484097742819,-4.251903917107858e-05,0.002018682904966279,-0.22586685468781662,633.6023905226831,-220.56098474283897
729.994272301202,-3.975680000394406e-05,0.001926281330096993,-0.22143807918088984,635.7923246671127,-221.05906094872378
730.6478058291594,-3.8944813968311066e-05,0.0019005650590811064,-0.2201876277092576,636.4299901478582,-221.20219932587145
731.301339357117,-3.813033046682695e-05,0.0018753781891547392,-0.21895380447293147,637.0678333879481,-221.34454446226547
733.547201884037,-3.5320453225476674e-05,0.0017928987887049057,-0.21483576175588115,639.2610816683967,-221.82781708868634
735.7930644109572,-3.2514748370737756e-05,0.0017167253009532954,-0.21089587532703025,641.4562597535141,-222.30224942250737
736.4465979389147,-3.170304646032784e-05,0.001695742372825742,-0.20978082294950354,642.0953895300493,-222.43870103050125
737.1001314668722,-3.089487945768253e-05,0.0016752863183693882,-0.20867931933894715,642.7346705259419,-222.57444314702605
739.3459939937923,-2.8154266364835565e-05,0.001608993409405899,-0.20499243380819457,644.9326679390418,-223.0356367039549
741.5918565207124,-2.5494991970387756e-05,0.0015487642029210584,-0.20144762391639787,647.1323189603755,-223.48887972566948
742.24539004867,-2.474105076667518e-05,0.0015323506167838024,-0.20044083739847857,647.772702361757,-223.61932148538463
742.8989235766275,-2.3997677765455454e-05,0.0015164234909982952,-0.1994446418879067,648.4132163923018,-223.74912084066648
745.1447861035475,-2.1534895340763776e-05,0.0014653253872900882,-0.19609734226037792,650.6153031451904,-224.19037729600936
747.3906486304677,-1.9242271889729125e-05,0.0014195672775101746,-0.19285880550303516,652.818831239688,-224.62438013895988
748.0441821584252,-1.8612338204280727e-05,0.0014072001476768614,-0.1919351185725871,653.4603061646385,-224.74934375264667
748.6977156863827,-1.8000951974965868e-05,0.001395235495316162,-0.19101942289430124,654.1018959844197,-224.87371652404775
750.9435782133028,-1.6054082274098862e-05,0.0013570444888301725,-0.18792956331328128,656.3075670039558,-225.29669349395772
753.189440740223,-1.4376807794928295e-05,0.0013229231471472323,-0.18492090552875423,658.5145177147249,-225.71294288593916
753.8429742681805,-1.3945151713411044e-05,0.0013136716046552312,-0.18405934438146349,659.1569606619942,-225.8328306053877
754.496507796138,-1.3540836869985434e-05,0.001304689828492417,-0.18320380073862932,659.7995064594543,-225.95216615681713
756.742370323058,-1.2373825000022294e-05,0.0012756600551133185,-0.18030665641691132,662.0083763033575,-226.3581079594986
758.9882328499782,-1.1584096864299191e-05,0.001248827566261067,-0.17747224157590036,664.2184005466661,-226.7577179980925
759.6417663779356,-1.1431304510366925e-05,0.0012413106464494827,-0.1766585175868707,664.8617159437291,-226.87283237346332
760.2952999058931,-1.1315184057167315e-05,0.0012338780682057007,-0.17584975823121082,665.5051245856725,-226.98742466694256
762.5411624328132,-1.1210495827070144e-05,0.0012086748382275643,-0.17310688039718394,667.7168898213712,-227.37728319794232
764.7870249597333,-1.1595028251231734e-05,0.0011831573624550137,-0.17042095842934912,669.929705253021,-227.76113670821596
765.4405584876909,-1.1805054900871285e-05,0.0011755152870149548,-0.16965016965115046,670.5738140255978,-227.8717256545442
766.0940920156484,-1.2061214573331034e-05,0.0011677174039606082,-0.16888452618335179,671.2180075456848,-227.98182010649245
768.3399545425684,-1.3308065862211615e-05,0.0011393416549255646,-0.16629320735376515,673.4324065845481,-228.3564296967965
770.5858170694886,-1.515446817169199e-05,0.00110749239471911,-0.1637695170698978,675.6477565733092,-228.72537475687378
771.2393505974461,-1.5810328524551594e-05,0.0010973788375504884,-0.16304895929924515,676.292584059994,-228.8316928553372
771.8928841254036,-1.6521326577945696e-05,0.00108681546584569,-0.1623352775039304,676.9374875138114,-228.93754949111104
774.1387466523237,-1.9399045062899144e-05,0.0010466104601985356,-0.15993823003735966,679.1542584651766,-229.2978581515208
776.3846091792439,-2.297726589053103e-05,0.0009991558784622774,-0.15763961826200362,681.3718694198088,-229.65296125289348
777.0381427072014,-2.4155265505710745e-05,0.000983759456031409,-0.15699156026083186,682.0173328758035,-229.75534751597576
777.6916762351589,-2.5396224973482862e-05,0.0009675700326208274,-0.15635395969649846,682.6628618127846,-229.85732055520157
779.9375387620789,-3.0152710888904372e-05,0.0009053388456304438,-0.15424864804116128,684.881699243261,-230.20467727248808
782.1834012889991,-3.5691701020887126e-05,0.000831546546714225,-0.15229608141071332,687.1012371009152,-230.54753142875134
782.8369348169566,-3.7454329966366714e-05,0.0008076497153530855,-0.15176031086297256,687.7472329893477,-230.64650276062818
783.4904683449141,-3.928567356598978e-05,0.0007825768802724078,-0.15124069049843927,688.3932807124269,-230.74513573168852
785.7363308718342,-4.611143945661224e-05,0.0006868379797466402,-0.1495875941861194,690.6137916277876,-231.08162964612907
787.9821933987544,-5.3771739935194886e-05,0.0005748322224103341,-0.14816778084492951,692.8348171949292,-231.41471149049045
788.6357269267119,-5.615943992679137e-05,0.0005389148161226301,-0.14780368246114942,693.481208019195,-231.51106974816443
789.2892604546694,-5.861857725611378e-05,0.0005014133376010934,-0.14746372914385056,694.1276322987718,-231.60720386787008
791.5351229815894,-6.761746023292049e-05,0.0003598170394633908,-0.14649266664430466,696.3492894386334,-231.9360462025485
793.7809855085096,-7.746106953907419e-05,0.00019706191765964668,-0.14586336986928933,698.5712092026877,-232.26311073725046
794.434519036467,-8.04833577546279e-05,0.00014545455669408167,-0.14575126036834404,699.2178085650589,-232.35805965697165
795.0880525644245,-8.357575417623646e-05,9.185053020768934e-05,-0.14567368158365157,699.8644163243976,-232.45295153723347
797.3339150913446,-9.473408862464658e-05,-0.0001082292069502918,-0.14568721519163078,702.0865022549001,-232.77888514954762
799.5797776182648,-0.0001066936826549579,-0.0003342687887434629,-0.14617925150482441,704.308505633703,-233.10538044817565
800.2333111462223,-0.00011032025213116718,-0.00040517937831998204,-0.14642067452360813,704.9550583585742,-233.20064678597987
800.8868446741798,-0.00011401060038848533,-0.0004784774553779196,-0.14670935735971816,705.6015849119435,-233.2960895855946
803.1327072010998,-0.0001271673904218168,-0.0007491739589224108,-0.14808224962818473,707.8231130610067,-233.6258041281993
805.37856972802,-0.00014101773525641682,-0.001050197618546584,-0.15009714434182372,710.0440787169854,-233.9592811062292
806.0321032559775,-0.00014517045338124725,-0.0011437137996576428,-0.15081382880804858,710.6902302749642,-234.05723219612722
806.685636783935,-0.0001493748199640653,-0.0012399550896709508,-0.15159263049480015,711.336307029145,-234.15567216573706
808.9314993108551,-0.00016419623683120097,-0.0015919776762728353,-0.15476635854649973,713.5558961473555,-234.4981952031429
811.1773618377753,-0.0001795314325529634,-0.0019778640659508457,-0.1587687076572517,715.7742397977305,-234.8486796339937
811.8308953657328,-0.00018407831837219916,-0.0020966812246815698,-0.16009992338337134,716.4194862400203,-234.95242719923323
812.4844288936903,-0.00018865844722421737,-0.0022184727129439395,-0.16150983283942694,717.064587737193,-235.05706517079838
814.7302914206103,-0.00020462079698352757,-0.0026600498576860266,-0.1669813146154048,719.2802559108982,-235.4240911342245
816.9761539475305,-0.0002208418296220429,-0.0031377667286865206,-0.17348510038197165,721.4936822094398,-235.80437622521012
817.629687475488,-0.00022559441372686434,-0.0032836513677878256,-0.17558321249841977,722.1372891231695,-235.917853615148
818.2832210034455,-0.00023035554653200144,-0.003432634451337309,-0.17777769494285456,722.780647713006,-236.0327182831505
820.5290835303656,-0.00024674173584959645,-0.003968394666847534,-0.18608166872866844,724.9894841793649,-236.43882751229927
822.7749460572858,-0.00026305973891653625,-0.004540879442432563,-0.19563012546255604,727.1945995392117,-236.86463514242493
823.4284795852432,-0.00026777541422123635,-0.004714345566031913,-0.19865426320570645,727.8354773913727,-236.992632077745
824.0820131132007,-0.0002724693291023972,-0.004890874260281778,-0.20179271950709002,728.4759529512633,-237.12260877688766
826.3278756401207,-0.00028838486118862186,-0.005520759967095629,-0.21347767484243457,730.6736253482264,-237.5853176710904
828.5737381670409,-0.0003038462125270552,-0.006185879757256968,-0.226616832336685,732.8653723319736,-238.07526455825717
829.2272716949984,-0.0003082373402430215,-0.006385897840405153,-0.23072475674400567,733.5018976163864,-238.22339991937568
829.8808052229559,-0.00031257221832278303,-0.006588753898608687,-0.2349642044544173,734.1377922567983,-238.3741950224683
832.126667749876,-0.0003269849682217883,-0.007307097162794786,-0.25056241673377283,736.3178595133215,-238.91376580601678
834.3725302767962,-0.0003405187436902233,-0.008056822454021057,-0.2678091690909034,738.488752725735,-239.4890583418394
835.0260638047537,-0.0003442676388162711,-0.0082805998635847,-0.27314764351983145,739.1185313367397,-239.663667946448
835.6795973327112,-0.00034792349761893205,-0.008506783038578198,-0.27863294811976785,739.7473466932914,-239.84168547774397
837.9254598596312,-0.00035971920297999174,-0.009301664002601209,-0.2986259292256188,741.9003793951595,-240.48061258037347
840.1713223865514,-0.0003701959380574394,-0.010121555386306162,-0.320432188684104,744.0395630358926,-241.16438416976558
840.8248559145089,-0.00037297248333769203,-0.01036441217442095,-0.3271263455191297,744.6591456850203,-241.37229802556973
841.4783894424664,-0.0003756190577639322,-0.010609027626278198,-0.3339795104676398,745.2772945505085,-241.58440287550488
843.7242519693865,-0.0003836650747858408,-0.01146197831226607,-0.3587607180800582,747.3898592017646,-242.34648752726397
845.9701144963067,-0.0003899649705131428,-0.012331038472182894,-0.3854756255073601,749.482070026561,-243.16269147531932
846.6236480242642,-0.00039144746407631157,-0.0125863935733261,-0.3936179236657922,750.0866496744088,-243.41087585611848
847.2771815522217,-0.00039276557843877414,-0.012842651940032994,-0.4019270445043273,750.6891545634492,-243.66401944663792
849.5230440791418,-0.0003959887013340772,-0.013728766483350578,-0.4317640128012487,752.742794842494,-244.57295434664195
851.7689066060619,-0.00039708683197559996,-0.014619733497361991,-0.46359652153661274,754.767397443035,-245.54474572524572
852.4224401340194,-0.000396988284835542,-0.014879226844531428,-0.4732360026674426,755.3505438797383,-245.8397936348314
853.075973661977,-0.0003966967712602255,-0.015138583695981365,-0.4830446099147447,755.9307805589464,-246.1404872603174
855.321836188897,-0.000394180673227927,-0.01602713650516868,-0.5180431363971527,757.9012174987795,-247.21791525878336
857.5676987158172,-0.00038925052963003194,-0.01690732769683416,-0.5550278408151754,759.8315667952586,-248.3655145326293
858.2212322437746,-0.00038734965234431723,-0.017161110136602858,-0.5661605666862201,760.3850783788965,-248.71298900836845
858.8747657717321,-0.00038523658519975417,-0.01741357603062152,-0.577458259753666,760.9346466849871,-249.06663265016172
861.1206282986522,-0.000376329949873712,-0.01826924437749214,-0.6175318987025548,762.7914971687801,-250.32973469893224
863.3664908255723,-0.0003648507148846004,-0.019102020793253016,-0.6595015450620273,764.5949465030748,-251.66787876546013
864.0200243535298,-0.0003610225812979908,-0.019339225399865167,-0.672063243069862,765.1089140428323,-252.07155041909144
864.6735578814873,-0.000356975570379538,-0.019573856906268415,-0.6847786494933653,765.6177313997371,-252.48166349311742
866.9194204084074,-0.0003413926968461879,-0.02035855692843768,-0.7296270948083702,767.325072674005,-253.94047697604
869.1652829353276,-0.0003232426412846824,-0.02110537718991824,-0.7761953321305078,768.9639432820252,-255.47572610793986
869.8188164632851,-0.00031748417568079243,-0.021314755522528997,-0.7900572665587658,769.4271135280977,-255.93679628128373
870.4723499912426,-0.00031151502262818454,-0.021520307704254314,-0.8040543325440433,769.8838157704419,-256.40424755119375
872.7182125181627,-0.000289413144249519,-0.02219555360855221,-0.8531540294586335,771.4018592010679,-258.05909486498535
874.9640750450828,-0.00026493420879718986,-0.022818492460721845,-0.9037114986220076,772.8355769907696,-259.78744223600205
875.6176085730403,-0.00025738035102880594,-0.022989173274361643,-0.9186804127731404,773.2360621391636,-260.30389354406196
876.2711421009978,-0.0002496399812782863,-0.0231548684855104,-0.933758841963834,773.6287511458892,-260.8262765971962
878.5170046279179,-0.0002216612126642859,-0.023684480911181624,-0.9863683914391135,774.9167014489419,-262.66583975371367
880.7628671548381,-0.00019168634420407778,-0.024149015385950982,-1.0400942995493687,776.1050728209522,-264.57119604102866
881.4164006827956,-0.00018261524122275272,-0.024271325296498475,-1.0559169678300453,776.4313758736489,-265.137441181361
882.0699342107531,-0.0001733976151782499,-0.024387676674481565,-1.0718173076190338,776.748673632242,-265.70876703245915
884.3157967376732,-0.00014067233920717062,-0.024740624460937374,-1.1269990699938046,777.7685516690445,-267.70939581601806
886.5616592645933,-0.00010651073794167991,-0.025018462881829,-1.1828891619213642,778.6758250871795,-269.763511069661
887.2151927925509,-9.633556170090259e-05,-0.025084741349435953,-1.199261721412211,778.9180530999937,-270.37049456748156
887.8687263205084,-8.606744489228267e-05,-0.025144361416586436,-1.2156752205284305,779.150323437326,-270.98135059633614
890.1145888474284,-5.016203776543907e-05,-0.025297476371727474,-1.2723331847526105,779.871193298111,-273.10806459459627
892.3604513743486,-1.3516015086119707e-05,-0.025369121058130426,-1.3292435386050436,780.4702326447573,-275.2722433029695
893.013984902306,-2.7541545758491796e-06,-0.025374427612788825,-1.3458252974734304,780.6212826393298,-275.90807580523256
893.6675184302635,8.038799664315886e-06,-0.02537271410361581,-1.362408162951976,780.7617983086392,-276.5463188586853
895.9133809571836,4.526513711431272e-05,-0.02531285624817959,-1.4193402203162369,781.1635882086925,-278.75563621259664
898.1592434841037,8.248507152583057e-05,-0.025169400346622003,-1.4760439703064772,781.4393037351649,-280.98421038424266
898.8127770120612,9.32737570736763e-05,-0.02511195480670139,-1.4924746308690076,781.4957698220862,-281.6352913161849
899.4663105400188,0.00010403186091285577,-0.025047490235446532,-1.5088655197745504,781.5415742509578,-282.2872156393913
901.7121730669388,0.0001406730416178973,-0.02477257280575254,-1.5648252806061411,781.6176498558727,-284.53148470639366
903.958035593859,0.0001766161689805968,-0.024416148187292642,-1.6200760877139218,781.5689104790534,-286.7765433039701
904.6115691218165,0.00018690890392488154,-0.024297345490193824,-1.6359943408035895,781.5315049201015,-287.4289939808923
905.265102649774,0.00019711753663560465,-0.024171861320167142,-1.6518329487101246,781.4837713685682,-288.08078318715195
907.5109651766941,0.00023147741524048133,-0.02369034272109981,-1.7055930913466164,781.2416757113798,-290.3132692123053
909.7568277036142,0.00026457669178247444,-0.023133072127711436,-1.7581867451227542,780.8812818538913,-292.52978199408744
910.4103612315718,0.0002739449231179417,-0.02295708662813737,-1.7732476937890513,780.7546828354906,-293.17092237143277
911.0638947595293,0.00028318860489630283,-0.02277503165590005,-1.7881919137583229,780.6184998642011,-293.810113654785
913.3097572864493,0.0003139459472401445,-0.0221041818677234,-1.8386007670957558,780.0787465776814,-295.9898835030383
915.5556198133695,0.00034305369035843015,-0.021366107703491607,-1.88742749567919,779.4315515399927,-298.1402631545676
916.209153341327,0.0003511976393197537,-0.021139236480550834,-1.9013169658124616,779.2237407345898,-298.75986097343707
916.8626868692845,0.0003591920861649488,-0.02090709811699418,-1.9150567679635153,779.0074027527121,-299.3765552712232
919.1085493962046,0.00038549153808622473,-0.02007052353938451,-1.9610824861420457,778.2007096214071,-301.47229922404074
921.3544119231248,0.00040994196560557183,-0.019176960335534114,-2.00516537851568,777.3004341775567,-303.5296506492253
922.0079454510822,0.00041670372951614735,-0.018906829554483626,-2.0176099634634683,777.0217079873146,-304.12074992858913
922.6614789790397,0.00042330689656107666,-0.018632332295484545,-2.029876923352108,776.7357043671562,-304.7083871297851
924.9073415059597,0.0004447809574907366,-0.017657179569985474,-2.0706361841154175,775.6993933870743,-306.7006588253549
927.1532040328799,0.0004643863301093793,-0.016635897464269776,-2.109153585791294,774.584923898542,-308.6503622514499
927.8067375608374,0.0004697437049469634,-0.01633064728512625,-2.1199259729549764,774.2468146060828,-309.2096206063291
928.4602710887949,0.00047494722923319913,-0.01602194240100159,-2.1304980718375774,773.9027547300213,-309.7652632939244
930.706133615715,0.0004916686606296533,-0.014936172613145685,-2.16526856874538,772.6771289376976,-311.64705119891664
932.9519961426352,0.0005066450945416415,-0.013814808301349969,-2.1975606057700325,771.3890752971681,-313.48674723921357
933.6055296705927,0.000510685287171566,-0.013482373734598757,-2.206480398063866,771.0033968556354,-314.01432868367834
934.2590631985502,0.0005145863262485563,-0.013147337660682597,-2.2151823841262086,770.6130798843544,-314.5385119070511
936.5049257254702,0.0005269580488201033,-0.01197746825563579,-2.2434006924167735,769.2384385996878,-316.31441555331367
938.7507882523904,0.0005377980801265707,-0.01078153364647961,-2.2689623654165687,767.8165149580989,-318.0527612509336
939.4043217803479,0.0005406779916935074,-0.010429120769823857,-2.275893261285063,767.3946764155356,-318.5519058418775
940.0578553083054,0.0005434385176815921,-0.010074857215931814,-2.282593497898886,766.9694393539841,-319.04817926651623
942.3037178352255,0.0005520477079539411,-0.008844460437854714,-2.3038419391536866,765.4841151126323,-320.73265234372576
944.5495803621457,0.0005593689478648205,-0.007596174881684491,-2.322306990523173,763.9656108419597,-322.3873330576937
945.2031138901032,0.0005612708402785916,-0.007229985475730355,-2.3271516338801184,763.5182537608605,-322.86374490683767
945.8566474180607,0.0005630734289435563,-0.006862578601227208,-2.331756778650091,763.0686450547383,-323.33804818514426
948.1025099449807,0.0005685426252987803,-0.005591652294671211,-2.345744098968294,761.508156870302,-324.95317853867897
950.3483724719009,0.0005729471384247073,-0.004309638491052501,-2.356864643023038,759.9274972530136,-326.54861127664145
951.0019059998584,0.0005740399382701402,-0.003934839951840871,-2.3595586036173706,759.4644409249894,-327.009782811233
951.6554395278159,0.0005750501418294613,-0.003559349008392543,-2.362007575079988,759.0001968529334,-327.4697677365106
953.901302054736,0.0005779172061416101,-0.002264477841369583,-2.3685483486717196,757.3973967635535,-329.04294675132365
956.1471645816562,0.0005798861590033447,-0.0009641761594714355,-2.3721749215373134,755.7866119562418,-330.60796510899496
956.8006981096136,0.0005802976215957224,-0.0005850648727729794,-2.3726810925158364,755.3170447388974,-331.06250959617773
957.4542316375711,0.0005806373629328852,-0.00020570536631348831,-2.372939577650962,754.8473034709472,-331.5168755842552
959.7000941644911,0.0005812733305684273,0.0010991921520011156,-2.3719363503979807,753.2332711370196,-333.07854306238977
961.9459566914113,0.0005810988733541085,0.0024046079147961247,-2.3680019207542142,751.6231030883085,-334.64418676651513
962.5994902193688,0.00058089833145803,0.002784312917575887,-2.3663062709621476,751.1559380105018,-335.1012035719196
963.2530237473263,0.0005806297764261739,0.0031638646203705433,-2.3643626705235947,750.6896083036297,-335.55906619616536
965.4988862742464,0.0005791919683746559,0.00446641650955571,-2.355793614495446,749.0950025687464,-337.14056409932175
967.7447488011666,0.00057694311206505,0.005764828528071885,-2.3443038547802053,747.5163535309863,-338.7379594117932
968.3982823291241,0.000576133858194468,0.006141620317087212,-2.340413118550256,747.0606616221953,-339.20642030891526
969.0518158570816,0.0005752528226372975,0.0065178570450226386,-2.3362764749026814,746.6068595065741,-339.67669817705723
971.2976783840016,0.0005716696202669061,0.007805940241203412,-2.3201901402129286,745.0634295842118,-341.3081625614373
973.5435409109218,0.0005671880818087935,0.009084967287776151,-2.301221117174837,743.5488558189402,-342.96639908846475
974.1970744388793,0.0005657081555264752,0.00945516658263955,-2.2951626812950345,743.1142911413788,-343.45452505170465
974.8506079668368,0.000564145770369729,0.009824366684606643,-2.2888628144118437,742.682758612788,-343.9453135164724
977.0964704937569,0.0005581290020074937,0.011084802559871928,-2.265380502734306,741.2247195297805,-345.653492552767
979.3423330206771,0.0005510518989114645,0.012330534917516994,-2.239083936396541,739.8096740555308,-347.39738600817935
979.9958665486346,0.0005487826239321886,0.01268993267440393,-2.2309078997398633,739.406803932778,-347.91198408569187
980.6494000765921,0.0005464147657019441,0.013047808480506455,-2.2224976965783876,739.0082229710404,-348.4298866069528
982.8952626035122,0.0005374988676488861,0.014265207524757857,-2.1918230415706588,737.6731955465481,-350.23579711518596
985.1411251304323,0.0005273084206776273,0.015461151456850989,-2.158438368285339,736.3967175421806,-352.0834775706166
985.7946586583897,0.0005240908631685819,0.01580472385484799,-2.148221486272134,736.0371695271921,-352.6292267233422
986.4481921863472,0.0005207554966656345,0.01614614770415309,-2.1377810259657113,735.6832829240418,-353.17863608868663
988.6940547132673,0.0005083639545854213,0.017302060344897712,-2.100215462036734,734.5124938659944,-355.09506045533846
990.9399172401875,0.000494464385562839,0.018428449875033892,-2.0600870296474105,733.4170434803445,-357.05543876803836
991.593450768145,0.0004901236677649784,0.018750191650600018,-2.047937990367421,733.1133826587918,-357.63415076408114
992.2469842961025,0.0004856460255094154,0.019069045372212302,-2.0355799221474156,732.8168362364788,-358.21651136915665
994.4928468230225,0.00046918434820525915,0.02014157581525318,-1.9915418094083823,731.8542942521535,-360.24548389124647
996.7387093499427,0.0004510044975495576,0.02117520620353389,-1.9451386228259813,730.9844714810101,-362.3158136731584
997.3922428779002,0.00044538140639296394,0.021468126555306045,-1.9312038387103954,730.7497378674844,-362.92574578478167
998.0457764058577,0.00043960634274492635,0.02175731822438019,-1.9170791678172352,730.5235771463169,-363.53887975777195
1000.2916389327778,0.00041857881915025003,0.022721348223653962,-1.8671234545999384,729.8140243229271,-365.6694942765309
1002.537501459698,0.0003956969461998719,0.023636070988787616,-1.815058031167175,729.2140287590802,-367.8334321320434
1003.1910349876555,0.0003886856496480327,0.023892391168434987,-1.7995268867970349,729.0609062109407,-368.46878166286916
1003.844568515613,0.0003815159498502182,0.02414407746389237,-1.7838300837893666,728.9177056344103,-369.1064140866513
1006.090431042533,0.00035566158893340867,0.024972225292229002,-1.728664593729396,728.5033257124644,-371.3134558391815
1008.3362935694532,0.00032794714987674815,0.02574021904032937,-1.6717067463923343,728.2132394560913,-373.540170072195
1008.9898270974107,0.0003195373979856993,0.025951802615629217,-1.6548150385332705,728.1529013232753,-374.1909174829657
1009.6433606253682,0.00031097624587781325,0.02615784653417911,-1.6377871886061557,728.1035813625275,-374.84256930766526
1011.8892231522883,0.0002804169706640051,0.026822254608068752,-1.5782809791088281,728.0197377731479,-377.08655802963796
1014.1350856792085,0.00024817918468014266,0.027416145898686094,-1.5173617859163024,728.0710388296502,-379.331462797735
1014.788619207166,0.00023849902539222013,0.027575178628387764,-1.499391946859054,728.1118152994895,-379.98372531985063
1015.4421527351235,0.00022869215828144284,0.027727856539379904,-1.4813205219890073,728.1643040648753,-380.63513152259736
1017.6880152620436,0.00019406850141760133,0.02820282624062423,-1.4184993886609905,728.4349371327378,-382.8642732848596
1019.9338777889637,0.0001581702900996026,0.028598604731329528,-1.3547004649656307,728.8460056327384,-385.0717899717524
1020.5874113169211,0.00014751372001938696,0.028698488501962296,-1.3359771798506876,728.9921180195493,-385.7087794575858
1021.2409448448786,0.00013677433715122078,0.02879140037231354,-1.3171910719182456,729.150111799527,-386.3429142734267
1023.4868073717987,9.931269786504452e-05,0.029056631446352284,-1.2522158258953833,729.7837339728228,-388.4971392963945
1025.7326698987188,6.120153607290548e-05,0.029236999459392912,-1.1867402027266694,730.5563623101174,-390.6054794710514
1026.3862034266765,5.0029138200763955e-05,0.029273335955745387,-1.167620510030325,730.8070268660939,-391.209024388018
1027.039736954634,3.883378351465236e-05,0.029302387550541962,-1.1484794988381735,731.0691535376321,-391.8076757477957
1029.285599481554,2.8580951075910734e-07,0.029346293112836926,-1.0826048849737642,732.0564830768931,-393.8244187601232
1031.5314620084741,-3.813899545581299e-05,0.029303763535190527,-1.0167287259731737,733.1743823449187,-395.7718203318061
1032.1849955364316,-4.92522374503772e-05,0.029275191703359498,-0.997586684690234,733.5235555022996,-396.32424406448723
1032.8385290643891,-6.032061424020561e-05,0.02923939697803359,-0.9784655792814099,733.883202623271,-396.8699115976387
1035.0843915913092,-9.790583344403932e-05,0.02906154501195851,-0.912982026826988,735.1972380702908,-398.690725657912
1037.3302541182293,-0.00013455845096561919,0.028800329058092794,-0.8479915174666491,736.6271538749287,-400.42205516725875
1037.9837876461868,-0.00014500509330061167,0.02870895834090643,-0.8291991074538795,737.0640545676449,-400.9080663331255
1038.6373211741443,-0.00015534066752233644,0.028610819792040623,-0.8104683838929959,737.5099773335163,-401.38582893158804
1040.8831837010644,-0.00018990892307680079,0.02822281574246012,-0.7466339387430101,739.1087363671437,-402.96255862509076
1043.1290462279844,-0.0002228074917494663,0.027759051086708585,-0.6837559713014778,740.8041195913481,-404.4349669686626
1043.7825797559422,-0.0002320299413833251,0.027610405467062064,-0.6656628995462291,741.3144584842702,-404.84318200050416
1044.4361132838997,-0.00024108503486889324,0.027455805681683293,-0.6476685583340236,741.832073941873,-405.242159289463
1046.6819758108197,-0.0002708422822172211,0.026880525045248852,-0.5866405593643279,743.6634947059355,-406.5414379752097
1048.9278383377398,-0.00029834766888835635,0.02624094240684586,-0.5269767683467761,745.5699709369771,-407.72796743313097
1049.5813718656973,-0.0003059015219224626,0.0260434746201547,-0.5098918991026657,746.1376233725656,-408.0517785702058
1050.2349053936548,-0.00031324693521542104,0.02584115038391383,-0.4929372198856581,746.7107110381503,-408.36591635198414
1052.4807679205749,-0.0003368410660588951,0.025110652907970068,-0.43571248382110356,748.7186420136696,-409.37120875095195
1054.726630447495,-0.00035779922801287194,0.024330126269585205,-0.3801845239743702,750.7800800498986,-410.2618233263489
1055.3801639754527,-0.000363387328712832,0.02409444925838358,-0.3643610289025762,751.3888390892887,-410.4995092257463
1056.0336975034102,-0.00036874340009115404,0.02385520158243259,-0.34869222350395096,752.0012808133745,-410.72760858079624
1058.2795600303302,-0.0003853495495637129,0.023007881292627815,-0.2960618130348374,754.1312938893516,-411.4386996173584
1060.5254225572503,-0.0003991465809737317,0.022126420320501345,-0.24537270509242998,756.2952492611988,-412.0388999092994
1061.1789560852078,-0.00040262990697702674,0.02186441218966921,-0.23099810137827517,756.9303191825303,-412.19307210126817
1061.8324896131653,-0.00040587513182501405,0.021600204680821553,-0.2167949338946083,757.5675479656013,-412.3381742281296
1064.0783521400854,-0.0004152084545773566,0.020677663283572262,-0.169316456188682,759.7715308289559,-412.7686236314132
1066.3242146670054,-0.000421758161727587,0.01973728633548688,-0.12392990773400506,761.9931870992943,-413.0963385546556
1066.977748194963,-0.00042314764284083256,0.019461188459415153,-0.11112135975117086,762.6421981536873,-413.17295102815575
1067.6312817229204,-0.0004243085293650485,0.019184251177843416,-0.09849303177303699,763.2921531884303,-413.2413143907164
1069.8771442498405,-0.00042657523302609137,0.0182282824430889,-0.056480919721021955,765.5311187651776,-413.4147434529047
1072.1230067767606,-0.0004262518063161506,0.017270131541892414,-0.01661823245021895,767.7753715954464,-413.4964106185797
1072.7765403047183,-0.0004256859392597105,0.016991739482692683,-0.005422854326226306,768.4288514658697,-413.5035993834645
1073.4300738326758,-0.00042491365948121276,0.01671377457432469,0.005591171047251103,769.0823912777774,-413.5035350028889
1075.6759363595959,-0.0004207245469233259,0.01576375653134676,0.042058968654341375,771.3274611323578,-413.4496350494672
1077.921798886516,-0.0004142674588776618,0.01482569343986361,0.07640658092759621,773.5692723162673,-413.3162976835433
1078.5753324144735,-0.00041198319544064554,0.014555698499158788,0.08600714941184999,774.2206396810603,-413.2632750279658
1079.228865942431,-0.0004095238232605136,0.01428724066308445,0.09543214821348786,774.8714900632029,-413.20405673482946
1081.474728469351,-0.00039978936089256654,0.013378090301284385,0.12649393165306208,777.1033914800747,-412.95499481425065
1083.720590996271,-0.00038819929758726466,0.012492885916041254,0.15554077804944344,779.3268463129723,-412.6389758574521
1084.3741245242288,-0.0003845028581155625,0.012240392064338192,0.16362248548895267,779.9720656391314,-412.5351195401688
1085.0276580521863,-0.00038066878438680553,0.011990344258316337,0.17154027711923078,780.6164461056972,-412.4260993833528
1087.2735205791064,-0.0003665044717320351,0.01115106007546194,0.19752023797975524,782.8240408846615,-412.01369052685834
1089.5193831060265,-0.0003509510749234651,0.01034514683764234,0.22165275522204092,785.0206448911025,-411.54609855700414
1090.172916633984,-0.0003461909450921748,0.01011734632831034,0.22833891777349305,785.6576981759853,-411.400289657948
1090.8264501619415,-0.00034133368569567806,0.009892673236851307,0.23487743783385526,786.2937818100031,-411.2502637260322
1093.0723126888615,-0.0003239657682824477,0.009145418269025521,0.2562484155773695,788.4721446540863,-410.70400461292644
1095.3181752157816,-0.00030569265891473965,0.00843818572443386,0.27598610382087785,790.6388448289534,-410.1130842038995
1095.9717087437393,-0.0003002319382152576,0.008240194248464233,0.28143576421456923,791.26715335016,-409.9332840747026
1096.6252422716968,-0.0002947145245724327,0.0080457753999506,0.2867573216452,791.8944892259037,-409.75009390986565
1098.871104798617,-0.0002753849557532272,0.007405510542362891,0.30409983654338935,794.042946251764,-409.0959723757292
1101.116967325537,-0.0002556154961746525,0.006809151206133955,0.3200537074731907,796.1802328460075,-408.4061707217674
1101.7705008534945,-0.0002498048220255813,0.006644002705192832,0.3244495022582292,796.8001217673392,-408.19919381037994
1102.424034381452,-0.00024397502815396625,0.006482644711021495,0.32873864809410513,797.4191080452814,-407.9895180130385
1104.669896908372,-0.00022385300302695042,0.005957301979716996,0.34269939085921214,799.53950134639,-407.2494305070438
1106.915759435292,-0.0002037095562762724,0.0054771746056219255,0.3555310598084912,801.6498011149364,-406.4810015815085
1107.5692929632496,-0.00019786548132221573,0.005345960182923535,0.3590674897671482,802.2620583711697,-406.25243150447295
1108.2228264912071,-0.00019203508013503762,0.005218549406483176,0.36251938117907284,802.8735132436433,-406.0217148807368
1110.4686890181272,-0.00017215293896523048,0.004809653518581544,0.37377207667532764,804.9688225223452,-405.2133137979826
1112.7145515450472,-0.00015260327330305167,0.004445036839346261,0.38415617072726477,807.0552703788927,-404.3822901983069
1113.368085073005,-0.0001469945224542922,0.004347145535350129,0.38702899450964406,807.6608176365957,-404.13649189662266
1114.0216186009625,-0.00014142627246528823,0.004252897707571102,0.3898389471105381,808.265662807292,-403.88896607772233
1116.2674811278825,-0.0001226398665954627,0.003956483881838562,0.3990497503054455,810.339012766506,-403.02578836729487
1118.5133436548026,-0.00010446417009147212,0.0037015759564247865,0.4076414570697648,812.4046011708168,-402.1441881816819
1119.1668771827601,-9.930305967969128e-05,0.0036349987288582654,0.4100386787169331,813.0042719715769,-401.88438071265756
1119.8204107107176,-9.420254615344458e-05,0.0035717684631429783,0.41239335356217605,813.6033218810617,-401.6231421744224
1122.0662732376377,-7.716583019682487e-05,0.003379484447896835,0.4201921412621957,815.6573395248138,-400.7149127546632
1124.3121357645578,-6.093535482253029e-05,0.003224557201843679,0.42760103458187665,817.7043938805774,-399.79109048101355
1124.9656692925155,-5.63723350178336e-05,0.003186231448923713,0.4296957798402267,818.2988015980691,-399.51945670685103
1125.619202820473,-5.1882919495878115e-05,0.0031508601463826878,0.4317662850196053,818.892640136729,-399.2465795863007
1127.865065347393,-3.7034157403577305e-05,0.0030511843019580616,0.4387247063795154,820.9290939241081,-398.29961998861666
1130.1109278743131,-2.3103996939961345e-05,0.0029838252094001676,0.44549555898659726,822.9590001438377,-397.33870293886883
1130.7644614022706,-1.9226982503795703e-05,0.002969998408103627,0.4474410183307566,823.5484736373976,-397.05652085027583
1131.4179949302281,-1.542980329611888e-05,0.0029586780746205486,0.44937808837705523,824.1373960407097,-396.773190019023
1133.6638574571482,-2.9968910179387352e-06,0.002938164946249464,0.4559948126593644,826.1570398048876,-395.790887102194
1135.9097199840683,8.480756612037274e-06,0.00294450173312608,0.46259561788460757,828.1701477973817,-394.79525839684806
1136.5632535120258,1.1641092720911358e-05,0.0029510813431414666,0.4645220752261951,828.7547130195707,-394.50304370658364
1137.2167870399833,1.4721235215629992e-05,0.0029597008877809386,0.466453326032479,829.3387114562057,-394.209698123946
1139.4626495669033,2.4696222584910612e-05,0.0030041379986601646,0.473146309840088,831.3412617793621,-393.19300106211574
1141.7085120938234,3.374141917602133e-05,0.0030699334687452734,0.47996307725911325,833.3368982764533,-392.1628006582183
1142.3620456217811,3.620170115196002e-05,0.0030927919195219977,0.48197685047300765,833.9162874957113,-391.8604528475353
1143.0155791497386,3.8585973403977035e-05,0.00311723557995429,0.4840059160827185,834.495062493785,-391.55693158447474
1145.2614416766587,4.6208134423942384e-05,0.003212614410587208,0.4911108793989237,836.4792521614099,-390.50485233826026
1147.5073042035788,5.297070946045001e-05,0.003324146311054557,0.4984481892438264,838.4557918828149,-389.4384732005276
1148.1608377315363,5.4781924390161845e-05,0.003359358684709802,0.5006321525393351,839.0294669167412,-389.1254186764545
1148.8143712594938,5.652433220433879e-05,0.0033957352907411672,0.5028393597013989,839.6024515727365,-388.81110341322176
1151.0602337864138,6.199984283833545e-05,0.003528972510777655,0.5106131893516913,841.5661184738232,-387.72120043905574
1153.306096313334,6.671278637726622e-05,0.0036736506645312504,0.5186990988638084,843.5210793701897,-386.6157612667438
1153.9596298412916,6.794681612806585e-05,0.003717654559707351,0.5211143592670883,844.0882600230376,-386.2910885380802
1154.6131633692492,6.912081680406167e-05,0.0037624486981280825,0.5235585056790034,844.6546486888511,-385.96503759136795
1156.8590258961692,7.271190562848363e-05,0.003921839628579762,0.5321860614498417,846.5948353370045,-384.83386695106304
1159.1048884230893,7.564828518703107e-05,0.0040885604573499225,0.5411798183104918,848.5249784424052,-383.6856474639257
1159.7584219510468,7.63858130191105e-05,0.0041382411946496375,0.5438680987822812,849.0846714130496,-383.3482306193246
1160.4119554790043,7.707243121817649e-05,0.00418839061373136,0.5465888897856579,849.6434485200433,-383.0093009435455
1162.6578180059244,7.905827034842109e-05,0.004363817426495073,0.5561917122681,851.5565000764344,-381.83282384376025
1164.9036805328444,8.049501021335187e-05,0.004543087560214126,0.5661928350408012,853.4579257395645,-380.6376535866383
1165.557214060802,8.081556223554193e-05,0.004595799193266072,0.5691791595710168,854.0089522510502,-380.2862618059677
1166.2107475887594,8.109369896779886e-05,0.004648709410790554,0.5721999054669132,854.5589197895728,-379.9332168597745
1168.4566101156795,8.173924514125521e-05,0.004831644840766774,0.582845516008843,856.4405773357194,-378.7071575878309
1170.7024726425996,8.192941358488399e-05,0.005015518720813846,0.5939030281927257,858.3088170473264,-377.4607540378144
1171.3560061705573,8.190396516392248e-05,0.005069054571718893,0.5971983751832568,858.8498393628214,-377.09414623957247
1172.0095396985148,8.184331425689596e-05,0.005122564690693923,0.6005286244807579,859.3896433416862,-376.72574896233175
1174.2554022254349,8.137735879535045e-05,0.00530592129400525,0.6122393730118437,861.2351345737302,-375.4459016713088
1176.501264752355,8.053200327463429e-05,0.0054878053852184736,0.6243602617374984,863.0652419246836,-374.14415760018056
1177.1547982803124,8.021841899482725e-05,0.00554033382946143,0.627963937831378,863.5947899828207,-373.7611624695359
1177.80833180827,7.987523265349352e-05,0.005592649454363899,0.6316018088825792,864.1229471824977,-373.3762537189324
1180.05419433519,7.847838531295907e-05,0.005770530148389124,0.6443625335393621,865.9270795454894,-372.03874002006626
1182.30005686211,7.675845998545122e-05,0.005944910920944303,0.6575188236098799,867.7137259311037,-370.6779630601531
1182.9535903900678,7.619988831946847e-05,0.0059948932648667365,0.6614204049369038,868.2302258125281,-370.2775454688512
1183.6071239180253,7.561570938017963e-05,0.0060445034400281065,0.6653544739308084,868.7451525710483,-369.87510898841634
1185.8529864449454,7.341860346685396e-05,0.006211911951376531,0.6791185692148236,870.5024149425678,-368.476590380501
1188.0988489718654,7.093712329518491e-05,0.006374066732141322,0.693252741422841,872.2399961958034,-367.05369917966203
1188.752382499823,7.01633615170004e-05,0.006420174420246932,0.6974335283660797,872.7418022087999,-366.63501430394433
1189.4059160277804,6.936670631790224e-05,0.0064657698133597,0.7016442309856725,873.2418470161144,-366.2142295287947
1191.6517785547005,6.645823861065491e-05,0.006618340135869576,0.7163380637799052,874.946525892779,-364.752079086348
1193.8976410816206,6.329198758170157e-05,0.006764088966793842,0.7313668884780173,876.6292854418698,-363.2647601733352
1194.551174609578,6.232347683479935e-05,0.006805136698849529,0.7358009190335292,877.1147173641344,-362.827196417808
1195.2047081375356,6.133406290939565e-05,0.0068455453546601335,0.7402615214366641,877.5981987528752,-362.3874801768826
1197.4505706644557,5.777739895289002e-05,0.006979343531817202,0.7557874659609528,879.2445136180911,-360.85991667103224
1199.6964331913757,5.3984605874790974e-05,0.007104888773900652,0.7716046353186786,880.8666860337328,-359.3067443664656
1200.3499667193335,5.283777253499161e-05,0.007139795472995504,0.7762593876107708,881.33407245609,-358.8499555930623
1201.003500247291,5.1671915270456526e-05,0.0071739472391798296,0.7809366647247495,881.7993230461051,-358.39099312388623
1203.249362774211,4.752326769283987e-05,0.007285376327984157,0.7971752795856646,883.3815831280627,-356.79717832701823
1205.495225301131,4.3162407641541024e-05,0.007387249824635317,0.8136534185883639,884.9375590093154,-355.1776974053042
1206.1487588290886,4.18550753945511e-05,0.007415031196050858,0.8184903784635315,885.3852867988596,-354.70162418623045
1206.802292357046,4.053106767705496e-05,0.007441953776932641,0.8233451777790984,885.8307033916299,-354.22338909945125
1209.0481548839662,3.5857768643595766e-05,0.007527766825171602,0.8401571471229329,887.3434844808935,-352.563486422068
1211.2940174108862,3.100474843078587e-05,0.00760288247170322,0.8571498283293122,888.827993770768,-350.87825485925873
1211.947550938844,2.9560926593722565e-05,0.007622673451446769,0.8621251022199085,889.2545624972778,-350.3831338488617
1212.6010844668015,2.8103710237846663e-05,0.007641517919320114,0.8671129720810212,889.6786609230794,-349.88589609020255
1214.8469469937215,2.2999296909008282e-05,0.007698928186272564,0.8843414123087668,891.116996688686,-348.16108698021185
1217.0928095206416,1.776075656151847e-05,0.007744724027185338,0.9016857459016134,892.5253031383751,-346.411674950965
1217.746343048599,1.6214122193208257e-05,0.00775582554436556,0.906750878006126,892.9293820202307,-345.89803524613467
1218.3998765765566,1.4658584217177198e-05,0.00776591528749979,0.9118229156517486,893.3308541510346,-345.38235593228615
1220.6457391034767,9.25254380520279e-06,0.007792779618425122,0.929296548344942,894.6904319730363,-343.5948103206783
1222.8916016303967,3.7728868246025343e-06,0.007807420059423761,0.9468167880441107,896.0185271595924,-341.78375217663347
1223.5451351583545,2.168271136154225e-06,0.007809360542606854,0.9519198970270492,896.3990108667651,-341.25239784115996
1224.198668686312,5.604564409619512e-07,0.007810253624699856,0.9570239251833175,896.7767800122172,-340.71911021483976
1226.444531213232,-4.979771147045499e-06,0.00780529103918863,0.9745614371790937,898.0541274582422,-338.8719090491098
1228.690393740152,-1.052000480114719e-05,0.007787885857335077,0.9920738317096014,899.2989093212379,-337.0026075115889
1229.3439272681096,-1.2127823540402296e-05,0.007780483875199853,0.997161114889023,899.6549680780033,-336.45458630407455
1229.9974607960671,-1.3732255370011445e-05,0.007772034752954549,1.0022432258493792,900.0082381416645,-335.9047629756772
1232.2433233229872,-1.9209344382934054e-05,0.007735028549139076,1.0196588772906097,901.2008837976936,-334.0017744818187
1234.4891858499072,-2.4606010390475357e-05,0.007685811865859911,1.0369777063562953,902.3603030872114,-332.078360477048
1235.1427193778648,-2.6156826883163623e-05,0.007669222423972139,1.041995269066287,902.691422239864,-331.51492014137546
1235.7962529058223,-2.769750572889995e-05,0.007651625197812409,1.0470016825535022,903.0197158226299,-330.9498281418301
1238.0421154327423,-3.290411482393128e-05,0.007583544269154479,1.0641118860217458,904.1263082534249,-328.9955443725007
1240.2879779596624,-3.795323793326399e-05,0.007503946858174589,1.0810562568654734,905.1994675504287,-327.0227011256474
1240.9415114876201,-3.938892612186788e-05,0.007478671977133544,1.085952115269677,905.5054723773329,-326.4452361410859
1241.5950450155776,-4.0808436106848374e-05,0.007452466136188517,1.0908311863091973,905.8086537373309,-325.86628285195684
1243.8409075424977,-4.5554039597784644e-05,0.007355445492389268,1.1074614012947444,906.8290257224486,-323.86562834542616
1246.0867700694178,-5.007779598875265e-05,0.00724801599458636,1.1238620328244666,907.816220403849,-321.84839339311935
1246.7403035973753,-5.1349407907087616e-05,0.007214870917638887,1.1285880482267694,908.097283561368,-321.2583864734726
1247.3938371253328,-5.260013514614092e-05,0.00718090308485563,1.1332921783425793,908.3755640544441,-320.66706084692146
1249.6396996522528,-5.673212512369775e-05,0.007058080295182552,1.1492832583733068,909.310735839613,-318.6251894009118
1251.885562179173,-6.059601403597096e-05,0.006926278683125237,1.1649884127028907,910.2134337693356,-316.56875147233984
1252.5390957071306,-6.16680072315018e-05,0.006886324968752482,1.1695019256846038,910.4700650254466,-315.96771485741345
1253.1926292350881,-6.271604210182855e-05,0.00684567933586747,1.1739891531258626,910.7239909342901,-315.365528994724
1255.4384917620082,-6.613071318277287e-05,0.006700938190054112,1.1892024468619056,911.5761141354509,-313.28762598742685
1257.6843542889283,-6.925099700767554e-05,0.006548858739071672,1.2040824314701666,912.396878566072,-311.19713382754475
1258.3378878168858,-7.010277370730783e-05,0.006503320902740599,1.2083474528262366,912.6298986278882,-310.5865551964651
1258.9914213448433,-7.092918962040016e-05,0.006457234926285557,1.2125825892956117,912.8603233946409,-309.9749910350549
1261.2372838717633,-7.357419385737356e-05,0.006294911113913973,1.2269034211371421,913.6325739732551,-307.866096848211
1263.4831463986834,-7.591760142245036e-05,0.00612698565797485,1.2408534057505505,914.3749401101699,-305.74649410414486
1264.136679926641,-7.654295288761156e-05,0.006077165252474775,1.2448413107345098,914.5854419157886,-305.12779090458633
1264.7902134545984,-7.714304529360656e-05,0.006026944139408373,1.2487965800470948,914.793486278897,-304.5082556589325
1267.0360759815185,-7.901337548977889e-05,0.0058515364548734515,1.2621360219260485,915.4899194810118,-302.37312150372884
1269.2819385084385,-8.059112688427671e-05,0.0056722568117214016,1.275077174315988,916.1582386399169,-300.22901699002176
1269.9354720363963,-8.099616675582197e-05,0.005619454392910241,1.2787669173025629,916.3475403075516,-299.60350150536544
1270.5890055643538,-8.137725886140288e-05,0.005566394435357782,1.2824221197899777,916.5345445824908,-298.97729401027806
1272.8348680912738,-8.250677729965884e-05,0.005382313133311662,1.2947171835395528,917.1599266340526,-296.8202761923087
1275.080730618194,-8.336489394956708e-05,0.005195999853684688,1.3065963196335502,917.7591928704477,-294.655853530269
1275.7342641461514,-8.356505152958277e-05,0.005141451911078319,1.3099742370172451,917.9287866019419,-294.02470947246775
1276.387797674109,-8.3743406971307e-05,0.005086779386261888,1.3133165120143586,918.0962593762196,-293.3929980547076
1278.633660201029,-8.4193761035051e-05,0.004898152070449941,1.324529042002577,918.6558902952098,-291.2179916272317
1280.879522727949,-8.440143117603534e-05,0.004708785838686387,1.3353171112188358,919.1915631909739,-289.0369574747914
1281.5330562559068,-8.44179973359197e-05,0.004653620703235547,1.3383764123679747,919.3430639497662,-288.40122757372137
1282.1865897838643,-8.441535724114301e-05,0.004598450015634649,1.3413997011058854,919.4926309321457,-287.7650387967103
1284.4324523107844,-8.426406459146026e-05,0.004408995173073942,1.3515143350246617,919.99217062127,-285.5754474536678
1286.6783148377044,-8.390200419242284e-05,0.0042201167907008315,1.3612041267371533,920.4700052222998,-283.3810139526455
1287.331848365662,-8.375885226474294e-05,0.004165330409891661,1.3639441873375395,920.6051021459486,-282.7415970703144
1287.9853818936194,-8.359921055849071e-05,0.004110641969892997,1.366648511022499,920.7384580204525,-282.1018138003994
1290.2312444205395,-8.29291800674085e-05,0.003923608542492029,1.375670102862402,921.1837645628638,-279.90055014391146
1292.4771069474596,-8.208020017194164e-05,0.0037382808593436337,1.3842735587699713,921.6096560255285,-277.6954450546758
1293.130640475417,-8.180125886276624e-05,0.0036847295821800146,1.386699125166707,921.730068513534,-277.05310082959534
1293.7841740033746,-8.150844014237519e-05,0.003631364201879903,1.3890897849292556,921.8489336256517,-276.4104675947861
1296.0300365302946,-8.040041086222726e-05,0.003449523741178647,1.3970406382552907,922.2459192050696,-274.19997661354887
1298.2758990572147,-7.914303988216881e-05,0.0032703394623801695,1.4045860856144574,922.6257663067726,-271.9864738080311
1298.9294325851724,-7.875066002850402e-05,0.003218744870015241,1.406706474732426,922.7332057670799,-271.3418326903681
1299.58296611313,-7.834677528914335e-05,0.0031674096350995627,1.408793254837166,922.8392885295511,-270.6969661946307
1301.82882864005,-7.687474447485456e-05,0.002993083522105379,1.41571042062552,923.1937953264669,-268.47926468261596
1304.07469116697,-7.527973717843076e-05,0.0028222014820919357,1.422239941386459,923.533384206059,-266.25922792118917
1304.7282246949276,-7.479386811764671e-05,0.002773162295830082,1.4240682914729212,923.6295216903137,-265.6128045925102
1305.381758222885,-7.429858350960611e-05,0.0027244429865484502,1.4258647178267176,923.7244868690144,-264.9662074058031
1307.6276207498051,-7.25279130228066e-05,0.002559548215258188,1.4317975114783938,924.0421829981246,-262.74293275128935
1309.8734832767252,-7.065728256347246e-05,0.002398742374640003,1.4373645657304288,924.3470905347604,-260.51786657578424
1310.527016804683,-7.009535797374204e-05,0.002352749019139754,1.4389171658177966,924.4335299851441,-259.87007504174943
1311.1805503326405,-6.952584365416324e-05,0.0023071247338596283,1.4404398448181472,924.5189725458102,-259.2221507923761
1313.4264128595605,-6.751360713393735e-05,0.0021532239390888745,1.4454476472516717,924.805266659788,-256.9946136923567
1315.6722753864806,-6.54216979540206e-05,0.002003931817834604,1.4501149848809312,925.0807817714647,-254.76571647329237
1316.325808914438,-6.479906852798116e-05,0.0019613799815654644,1.4514106873451038,925.1590383305958,-254.1168854778887
1316.9793424423956,-6.417049022856612e-05,0.0019192364027671369,1.452678727093124,925.2364622803257,-253.4679542369749
1319.2252049693157,-6.19675130784921e-05,0.0017775806773314621,1.456829059779925,925.496434798386,-251.23719115040132
1321.4710674962357,-5.9703527679075064e-05,0.0016409410437953143,1.4606668859076588,925.7474955379328,-249.00540658178167
1322.1246010241935,-5.903427721343129e-05,0.0016021415262633364,1.4617265879496333,925.8189783019864,-248.35579435283685
1322.778134552151,-5.836063474588588e-05,0.0015637802358457406,1.4627610859292357,925.8897799076531,-247.70610725942447
1325.023997079071,-5.6014581124235825e-05,0.001435336748242966,1.4661278930855834,926.1281287896388,-245.47292961921428
1327.269859605991,-5.362587874491056e-05,0.0013122100661785404,1.4692122042334568,926.3592732740914,-243.23899411128065
1327.9233931339486,-5.2923803772248305e-05,0.001277393312786509,1.4700583715407414,926.4252719480687,-242.58880177271914
1328.576926661906,-5.221892297696151e-05,0.0012430356928341147,1.470881941026999,926.4907268059721,-241.93855426857866
1330.8227891888262,-4.977768915715373e-05,0.0011284961320748392,1.4735439772299808,926.7117262020363,-239.70359253196557
1333.0686517157462,-4.7313072462480676e-05,0.0010194655042321348,1.475954959478602,926.9270559409305,-237.4680769444474
1333.7221852437037,-4.659260308395032e-05,0.0009887805062241202,1.4766111596619516,926.9887310273867,-236.81746020637004
1334.3757187716612,-4.5871024597744436e-05,0.000958566059433529,1.4772474623038094,927.0499846376822,-236.16680351941906
1336.6215812985813,-4.338557065776128e-05,0.000858336573663808,1.4792866738534762,927.2574554012623,-233.93054501841436
1338.8674438255014,-4.089763488832438e-05,0.0007636918626841644,1.4811070550751704,927.4606102875678,-231.69388999064523
1339.520977353459,-4.0174401849149305e-05,0.0007372005990869574,1.4815974708317114,927.5189866463462,-231.04296895251778
1340.1745108814166,-3.9451897986440495e-05,0.0007111810490865531,1.4820707261966657,927.5770483519384,-230.39201968638005
1342.4203734083367,-3.697751641012578e-05,0.0006253597944814534,1.4835705338327732,927.7743401005005,-228.15483994988983
1344.6662359352567,-3.4523034192939124e-05,0.0005450733151234123,1.4848838139013099,927.9684849810372,-225.91738473134728
1345.3197694632142,-3.381379656964898e-05,0.0005227436152877129,1.4852327175545488,928.0244487746119,-225.26625181050775
1345.9733029911717,-3.310720279271406e-05,0.0005008758553024379,1.4855671732230247,928.0801890938882,-224.61509966960165
1348.2191655180918,-3.070219585084939e-05,0.00042923022327546356,1.4866106164450248,928.2701740171016,-222.37728744149626
1350.4650280450119,-2.8339595489296495e-05,0.00036293828654139677,1.4874991652586562,928.4579971438449,-220.1392926212376
1351.1185615729696,-2.7661272765902724e-05,0.000344639656751393,1.487730357988218,928.5122962654734,-219.48801875222915
1351.7720951009271,-2.6987434836654362e-05,0.000326782219048003,1.4879497264333772,928.5664477165072,-218.8367325602218
1354.0179576278472,-2.4708832139268812e-05,0.0002687426609578334,1.488617515432348,928.7515264431672,-216.59850914210432
1356.2638201547672,-2.249325895217772e-05,0.00021574975347183055,1.4891606226044634,928.935250012569,-214.3601740223433
1356.9173536827248,-2.1861440696458973e-05,0.00020125674950455144,1.4892968698317173,928.9884980254294,-213.70881336257338
1357.5708872106823,-2.1235715827830448e-05,0.00018717412663493666,1.4894237663375471,929.0416594521288,-213.05744561711953
1359.8167497376023,-1.9134318217969048e-05,0.00014185636849145295,1.4897923785585012,929.2237788445995,-210.8189794192611
1362.0626122645224,-1.711314917051216e-05,0.00010116796933316975,1.4900644117765698,929.4051811980353,-208.58045497618173
1362.71614579248,-1.654091001015329e-05,9.017158578702181e-05,1.4901269222804745,929.4578645987103,-207.92904840058037
1363.3696793204374,-1.5976040091669226e-05,7.954636883162983e-05,1.4901823516548065,929.5105087845535,-207.2776386499497
1365.6155418473575,-1.4092933727105744e-05,4.579838435632867e-05,1.4903223332264899,929.6911907057444,-205.03905594772783
1367.8614043742775,-1.230283191159714e-05,1.617516018362758e-05,1.4903911532867777,929.8716389165369,-202.8004543888218
1368.5149379022353,-1.1799965025816309e-05,8.299783429968883e-06,1.4903991416535116,929.9241272954466,-202.1490320670682
1369.1684714301928,-1.1305336697985994e-05,7.501115167259689e-07,1.4904020718375983,929.976611414213,-201.49760940154184
1371.4143339571128,-9.669588393321259e-06,-2.278444111673312e-05,1.4903766624176455,930.1569907538942,-199.25900229308783
1373.660196484033,-8.134539931553718e-06,-4.275840693108739e-05,1.4903023959221002,930.3374816608107,-197.02040417896865
1374.3137300119904,-7.707044832321523e-06,-4.793435429826044e-05,1.490272754722457,930.390040157733,-196.36898750966535
1374.967263539948,-7.288218026217935e-06,-5.2833831094162864e-05,1.4902398024859422,930.4426184438563,-195.7175724382555
1377.213126066868,-5.915523686970142e-06,-6.7641418329455e-05,1.4901039617648952,930.6234881745672,-193.4790048989319
1379.458988593788,-4.64599040339825e-06,-7.948196556190514e-05,1.4899381970205405,930.8046954850486,-191.24046466407896
1380.1125221217458,-4.295937634411923e-06,-8.24034156892462e-05,1.4898852954351527,930.8574988243518,-190.58906779564947
1380.7660556497033,-3.954551476830323e-06,-8.509885386380532e-05,1.4898305397043643,930.9103367381053,-189.93767373177815
1383.0119181766233,-2.8473108261556075e-06,-9.271801393864023e-05,1.4896304193662524,931.092197447707,-187.69918648387295
1385.2577807035434,-1.8408622126369795e-06,-9.796364625747251e-05,1.489415852750562,931.2745222889408,-185.46073699395177
1385.911314231501,-1.5666707464927667e-06,-9.907673259469648e-05,1.4893514661680536,931.3276696237814,-184.80936810206964
1386.5648477594584,-1.30076804882298e-06,-0.0001000131334239722,1.4892863919544614,931.3808587389454,-184.15800262098233
1388.8107102863785,-4.4946214184257135e-07,-0.00010196086041992774,1.489059251049638,931.5639699874787,-181.91961732361437
1391.0565728132985,3.0747715177947523e-07,-0.00010210263860081712,1.488829763774125,931.7475922861017,-179.681273891864
1391.710106341256,5.104687738770222e-07,-0.00010183507355338196,1.488763125313405,931.8011221013251,-179.02993632118825
1392.3636398692136,7.0585476040004e-07,-0.00010143703354297349,1.488696687885994,931.8546949718751,-178.37860229030443
1394.6095023961336,1.320478152379626e-06,-9.914572025878739e-05,1.4884712067322816,932.0391259825357,-176.14032534834507
1396.8553649230537,1.8502484099000716e-06,-9.556933156787246e-05,1.4882523146045605,932.2240543039619,-173.90208943864792
1397.5088984510114,1.989065640116995e-06,-9.431457461964468e-05,1.488190269861142,932.2779587150217,-173.25078276260538
1398.162431978969,2.1211764002669133e-06,-9.29709235021882e-05,1.4881290596626087,932.3319030709267,-172.59947939326764
1400.408294505889,2.5255315056011495e-06,-8.773927566452596e-05,1.487925979969999,932.5175806273302,-170.36130551388203
1402.654157032809,2.8566091533974494e-06,-8.168178739620087e-05,1.4877355772012593,932.7036985213731,-168.12316820638284
1403.3076905607666,2.9398682751887416e-06,-7.978757599163574e-05,1.4876828182853044,932.7579364357038,-167.4718892183026
1403.961224088724,3.017454511877727e-06,-7.784040717503571e-05,1.4876313023009837,932.8122081901963,-166.82061304864084
1406.2070866156441,3.242485299667009e-06,-7.079957940706211e-05,1.4874643079673946,932.9989600866049,-164.58252855426227
1408.4529491425642,3.4068944986857796e-06,-6.33214373026602e-05,1.487313617438987,933.1860674835976,-162.34447375031104
1409.106482670522,3.4440663428610885e-06,-6.108272559510793e-05,1.4872729706581194,933.240576238479,-161.69321737426742
1409.7600161984794,3.4766505723924583e-06,-5.882081425484292e-05,1.4872337845712842,933.2951109377044,-161.04196316964422
1412.0058787253995,3.5553729498131752e-06,-5.0915397702791573e-05,1.4871105352953613,933.4827038430765,-158.80394900913095
1414.2517412523196,3.5863408802554943e-06,-4.288680647474221e-05,1.487005178814926,933.6705525588096,-156.56595630412073
1414.905274780277,3.587088811801263e-06,-4.0542778683811806e-05,1.4869779212584144,933.7252577982749,-155.91471640316612
1415.5588083082346,3.5843228306331213e-06,-3.819902007654245e-05,1.4869521878720022,933.779980291986,-155.2634779514171
1417.8046708351546,3.5496970818856043e-06,-3.0181382578481012e-05,1.486875423371857,933.9681513883901,-153.02551232964353
1420.0505333620747,3.479680899031323e-06,-2.2281250776884043e-05,1.4868165334325016,934.1564742794225,-150.78755947523564
1420.7040668900322,3.4533212951253354e-06,-2.0015829300590968e-05,1.486802716419948,934.2112979695518,-150.13632953506354
1421.3576004179897,3.4244527102129955e-06,-1.7768096893876833e-05,1.4867903686888544,934.2661302164339,-149.48510031509775
1423.6034629449098,3.307673889862087e-06,-1.0203876447245607e-05,1.4867590122293577,934.4546124201386,-147.24716087271673
1425.8493254718298,3.166824044066422e-06,-2.928955284193861e-06,1.4867443191058964,934.6431461519056,-145.00922577040603
1426.5028589997876,3.121908108857575e-06,-8.740890665326944e-07,1.4867430802654917,934.6980127508285,-144.35799944382032
1427.156392527745,3.0753848530041367e-06,1.151211230734051e-06,1.486743171170657,934.7528797864773,-143.70677315401593
1429.4022550546651,2.904623227183715e-06,7.86900023441804e-06,1.4867533750003359,934.9414207330407,-141.46883865954675
1431.6481175815852,2.71969702272736e-06,1.418737625345197e-05,1.4867782175472735,935.1299224638104,-139.23090086177393
1432.3016511095427,2.6637307144499636e-06,1.5946401227618678e-05,1.4867880675972762,935.184763355596,-138.57967236976697
1432.9551846375002,2.606927234017036e-06,1.7668839174119338e-05,1.4867990534278754,935.239597541204,-137.92844331317252
1435.2010471644203,2.4065076204325288e-06,2.32996823129157e-05,1.4868451437384977,935.4279728033576,-135.69049486642234
1437.4469096913404,2.20020837672037e-06,2.8473808131414882e-05,1.4869033672865621,935.6162313406959,-133.45253659811286
1438.100443219298,2.139485142869007e-06,2.9891767864384075e-05,1.4869224419421212,935.6709877097592,-132.8013009938121
1438.7539767472556,2.0785556478450865e-06,3.127018459641844e-05,1.4869424298819525,935.7257314441828,-132.15006432748189
1440.9998392741757,1.8685331159697173e-06,3.570236061598802e-05,1.4870177235747137,935.9137526519909,-129.91208610734867
1443.2457018010957,1.659223110181915e-06,3.966365501922956e-05,1.4871024425578205,936.1015948067077,-127.6740928520523
1443.8992353290532,1.5987686325497038e-06,4.072815067371188e-05,1.4871287140245475,936.156219172403,-127.02284616227986
1444.5527688570107,1.5385944487674158e-06,4.1753385745712016e-05,1.487155668926931,936.2108262907368,-126.37159802626937
1446.7986313839308,1.3346630332558331e-06,4.497879900654821e-05,1.4872531477388045,936.398344943106,-124.13357764171249
1449.0444939108509,1.1363814401294807e-06,4.7752554705414515e-05,1.487357363205056,936.5856378965264,-121.89553835832325
1449.6980274388086,1.0799738046040117e-06,4.847668473610135e-05,1.4873888092103569,936.6400945488933,-121.24427762309107
1450.351560966766,1.0241993289804618e-06,4.916426562990189e-05,1.4874207178634136,936.6945306497352,-120.59301516987063
1452.5974234936862,8.378589178444473e-07,5.12535354834188e-05,1.4875335565734438,936.8814384554842,-118.35494368816306
1454.8432860206062,6.605674999007097e-07,5.2934471787672865e-05,1.4876506289658367,937.068088981227,-116.11685073551652
1455.4968195485637,6.108256864053434e-07,5.3349830315298125e-05,1.4876853600738007,937.1223535620638,-115.46557396833663
1456.1503530765212,5.619445191068956e-07,5.3733026985331106e-05,1.4877203539696935,937.176595507089,-114.81429531562333
1458.3962156034413,4.008470733230709e-07,5.481210279488074e-05,1.4878423080748815,937.3628220859041,-112.57616704735327
1460.6420781303614,2.508258341813321e-07,5.554181370648083e-05,1.4879662933232267,937.5487734413864,-110.33801589596935
1461.2956116583189,2.0932880464427437e-07,5.569210044454741e-05,1.4880026413145564,937.602831904189,-109.68672198784668
1461.9491451862764,1.6881382015375138e-07,5.581561609745765e-05,1.4880390808872046,937.6568667217314,-109.0354261175955
1464.1950077131964,3.721926850462144e-08,5.604474446675275e-05,1.488164745188601,937.8423754453505,-106.79723823524992
1466.4408702401165,-8.244600124118012e-08,5.599172532735206e-05,1.4882906072485564,938.0276026858746,-104.55902704045575
1467.0944037680742,-1.1500813112948444e-07,5.592714264113171e-05,1.488327178660243,938.0814498480195,-103.90771562857213
1467.7479372960318,-1.4655889584154303e-07,5.584160753231421e-05,1.4883637031999697,938.1352732513543,-103.25640225284923
1469.9937998229518,-2.47250671084912e-07,5.539717247781213e-05,1.4884886565408635,938.3200559274931,-101.01815431178774
1472.2396623498719,-3.3611279999409317e-07,5.47398814182262e-05,1.4886123727190586,938.5045603101935,-98.77988341300255
1472.8931958778294,-3.5977713381669317e-07,5.45124423060194e-05,1.4886480724836515,938.5581981845687,-98.12855473213044
1473.546729405787,-3.8246986164295363e-07,5.426982981258551e-05,1.4886836207482141,938.6118128888835,-97.47722414353089
1475.792591932707,-4.531375751746188e-07,5.332944025294203e-05,1.4888044747228304,938.7958838947787,-95.2389175630712
1478.038454459627,-5.127992106228077e-07,5.224269979278262e-05,1.488923052369771,938.9796869386844,-93.00058896223806
1478.6919879875848,-5.281545530600837e-07,5.190252003233807e-05,1.4889570830825483,939.0331230016718,-92.34924369338944
1479.3455215155423,-5.426317998513444e-07,5.155255050342769e-05,1.4889908901774764,939.0865369930344,-91.6978966140951
1481.5913840424623,-5.858460110650436e-07,5.0283536096481124e-05,1.4891052612328066,939.2699273575724,-89.45953416397688
1483.8372465693824,-6.193816622106529e-07,4.8928336869624985e-05,1.489216685476604,939.4530650151025,-87.22115102353426
1484.49078009734,-6.274065356231865e-07,4.8520910794108166e-05,1.489248528030509,939.5063105351257,-86.56979015069022
1485.1443136252974,-6.346790139616841e-07,4.810843484067939e-05,1.4892801042961117,939.5595354119541,-85.91842759061136
1487.3901761522175,-6.541483741686665e-07,4.6659664338031664e-05,1.4893865288498531,939.7422872320865,-83.68001291569864
1489.6360386791375,-6.655712829411522e-07,4.5176203940747634e-05,1.489489660709844,939.9248045141608,-81.44157910440767
1490.289572207095,-6.674794603233181e-07,4.47406013908946e-05,1.4895190418462783,939.9778730322828,-80.79020378674322
1490.9431057350525,-6.687811125422549e-07,4.4303894437118466e-05,1.4895481392574963,940.030922507219,-80.13882691779806
1493.1889682619726,-6.688587057202642e-07,4.280064136123972e-05,1.4896459503765374,940.2130839737276,-77.90036412259421
1495.4348307888927,-6.626553906663074e-07,4.130426704996669e-05,1.4897403931202053,940.3950302628547,-75.66188382686809
1496.0883643168504,-6.597697707305997e-07,4.0872145939261e-05,1.4897672449478403,940.4479362862025,-75.01049529090801
1496.741897844808,-6.564268488272902e-07,4.044200464278876e-05,1.489793816009592,940.5008249059069,-74.35910534157509
1498.987760371728,-6.416932560807336e-07,3.898345889004387e-05,1.4898829982026973,940.6824461119078,-72.12059864655428
1501.233622898648,-6.224387995278955e-07,3.756307938044125e-05,1.4899689475606188,940.863871300654,-69.8820760561026
1501.8871564266055,-6.160819684203974e-07,3.715838224606382e-05,1.4899933633989133,940.9166292421876,-69.23067550981573
1502.540689954563,-6.094136868599961e-07,3.6757889253600695e-05,1.4900175168075902,940.9693713557683,-68.57927368172682
1504.786552481483,-5.843445190709556e-07,3.541684330222287e-05,1.4900985529303932,941.1505009728885,-66.34072715583805
1507.0324150084032,-5.564031847825879e-07,3.4135324500919446e-05,1.490176644093244,941.3314524825327,-64.10216622552767
1507.685948536361,-5.478201255559678e-07,3.3774516275172555e-05,1.4901988341952845,941.3840758577951,-63.45075479449095
1508.3394820643184,-5.390568936201984e-07,3.341933000148895e-05,1.4902207907280298,941.4366848422251,-62.79934220101789
1510.5853445912385,-5.077750695642675e-07,3.224354596148111e-05,1.4902945121796511,941.6173676765536,-60.560759568930465
1512.8312071181585,-4.7508424942455536e-07,3.113959880364674e-05,1.4903656736498372,941.7978883442225,-58.3221638536499
1513.484740646116,-4.6538168676626484e-07,3.083230378474541e-05,1.4903859235282908,941.8503892175452,-57.67074253804804
1514.1382741740736,-4.556141635990904e-07,3.053133196266756e-05,1.4904059747916694,941.902876950795,-57.01932016352298
1516.3841367009936,-4.2172168257623276e-07,2.954611096324433e-05,1.4904734233474832,942.0831523342873,-54.780704682061334
1518.6299992279137,-3.8765208012193673e-07,2.8637206712087447e-05,1.4905387449308352,942.2632791067455,-52.5420772378332
1519.2835327558712,-3.7776647600046963e-07,2.838711272218714e-05,1.4905573782125712,942.315667765972,-51.89064688813042
1519.9370662838287,-3.679087203818054e-07,2.814343918188581e-05,1.4905758500906523,942.368044325688,-51.239215565455595
1522.1829288107488,-3.343886088205311e-07,2.7354957626204584e-05,1.4906381570546838,942.5479452582371,-49.00056996095969
1524.4287913376688,-3.0167035323803265e-07,2.664085720382962e-05,1.490698776722435,942.7277085958701,-46.761913303307026
1525.0823248656266,-2.923471682718854e-07,2.6446771085732436e-05,1.4907161237363276,942.7799934256411,-46.11047461186098
1525.735858393584,-2.8312473627218873e-07,2.6258722083128142e-05,1.4907333456678376,942.8322669826445,-45.459035015732276
1527.9817209205041,-2.5230157063127336e-07,2.5657760665033117e-05,1.4907916316742826,943.0118199141207,-43.220361472514895
1530.2275834474242,-2.230039901180223e-07,2.512431071237713e-05,1.4908486438147326,943.1912437878466,-40.98167758190258
1530.8811169753817,-2.1479861487010162e-07,2.4981269353398838e-05,1.4908650165022446,943.2434313063492,-40.330231087510526
1531.5346505033392,-2.0674400195493612e-07,2.484352592086738e-05,1.490881297114586,943.2956081774942,-39.67878374022842
1533.7805130302593,-1.8029025342917958e-07,2.440928850578116e-05,1.4909365939421562,943.4748333056431,-37.44008392964292
1536.0263755571793,-1.5584259553493105e-07,2.4032209871318027e-05,1.4909909797175684,943.6539356603138,-35.20137429344732
1536.679909085137,-1.4912537637410409e-07,2.3932572292535275e-05,1.4910066529618031,943.7060306824721,-34.549920395758456
1537.3334426130946,-1.4259088333291201e-07,2.3837256642247834e-05,1.4910222621097566,943.7581155057832,-33.898465682565025
1539.5793051400146,-1.2156655538053018e-07,2.3541049913022e-05,1.49107545633038,943.9370274626439,-31.65974082222916
1541.8251676669347,-1.0280728422087804e-07,2.328951743101201e-05,1.4911280354775174,944.1158210205215,-29.421006502939743
1542.4787011948922,-9.778282904150564e-08,2.3223984612201773e-05,1.491143234576479,944.1678269111763,-28.769545483777254
1543.1322347228497,-9.295377339687923e-08,2.316166945021296e-05,1.4911583914771103,944.2198229069961,-28.118083674782685
1545.3780972497698,-7.786765584718906e-08,2.2970284762638832e-05,1.4912101886393085,944.3984317109448,-25.879334608044154
1547.6239597766898,-6.511134675759355e-08,2.2810165206388527e-05,1.4912615910864013,944.5769249956417,-23.640576328091385
1548.2774933046476,-6.183549675303014e-08,2.276869346528225e-05,1.4912764848436275,944.628843978626,-22.989108376953972
1548.931026832605,-5.875415908550224e-08,2.2729302120193984e-05,1.4912913517587891,944.6807532630326,-22.33763965295315
1551.1768893595251,-4.9636777614771254e-08,2.260800388701681e-05,1.4913422590734864,944.8590654233619,-20.098866939568158
1553.4227518864452,-4.274930103416252e-08,2.2504678009312715e-05,1.4913929141507456,945.0372638959058,-17.86008517415543
1554.0762854144027,-4.1154566626716065e-08,2.2477268234539806e-05,1.491407612907614,945.0890973884541,-17.208610415469426
1554.7298189423602,-3.973915223319011e-08,2.2450849446731718e-05,1.491422293687132,945.1409213088169,-16.55713489525651
1556.9756814692803,-3.621938459963389e-08,2.2365926553328606e-05,1.4914726187858,945.3189409827975,-14.31833890534949
1559.2215439962004,-3.469433745496742e-08,2.228666864015831e-05,1.4915227595207061,945.4968481953003,-12.079533975812708
1559.8750775241579,-3.460873672070125e-08,2.2264026505838745e-05,1.4915373173910482,945.5485971413439,-11.428052495846604
1560.5286110521154,-3.467858190922053e-08,2.22414003160932e-05,1.4915518601343136,945.6003366080586,-10.776570262978625
1562.7744735790354,-3.60582783043965e-08,2.2162276819811088e-05,1.4916017233386414,945.7780667249576,-8.537751267544994
1565.0203361059555,-3.908973491397849e-08,2.2078199901912007e-05,1.4916514032801207,945.9556854120939,-6.298923428970088
1565.6738696339132,-4.026075357876844e-08,2.205227143108846e-05,1.4916658238481526,946.0073505922988,-5.6474353006745845
1566.3274031618707,-4.155372618612453e-08,2.2025551238243043e-05,1.4916802269480538,946.0590063850311,-4.995946427986539
1568.5732656887908,-4.687677353210233e-08,2.1926479309729317e-05,1.4917295845523089,946.2364496662717,-2.7571046804018726
1570.8191282157109,-5.342577799970028e-08,2.1814075883072685e-05,1.4917787046842745,946.4137827092634,-0.5182541984161575
1571.4726617436684,-5.5536055354803106e-08,2.1778468024798645e-05,1.491792949469315,946.4653650098288,0.13324049720592793
1572.1261952716259,-5.773028294485073e-08,2.1741468953822603e-05,1.4918071703483082,946.5169380407369,0.7847359266933452
1574.372057798546,-6.584480398741254e-08,2.1602841040928877e-05,1.4918558465952614,946.6940978593246,3.0236001225493276
1576.617920325466,-7.469890159251813e-08,2.144515853565794e-05,1.491904190105981,946.8711490706729,5.262472909784428
1577.2714538534237,-7.738618022426155e-08,2.1395456403097072e-05,1.4919181891608173,946.922649696754,5.913974066857926
1577.9249873813812,-8.011362740317845e-08,2.1344001553392693e-05,1.4919321550734537,946.9741412169665,6.565475943683611
1580.1708499083013,-8.972770655648547e-08,2.115332125313638e-05,1.4919798807316251,947.1510222520828,8.80436218202975
1582.4167124352214,-9.955467572029627e-08,2.0940809991930322e-05,1.492027153633386,947.3277969415159,11.043256819588072
1583.0702459631789,-1.0242404957288233e-07,2.0874801168259427e-05,1.4920408177084141,947.3792175646054,11.694764295888536
1583.7237794911364,-1.0528870856450338e-07,2.0806935956021613e-05,1.492054438049091,947.4306293036525,12.34627247331268
1585.9696420180564,-1.1502167080678815e-07,2.055947987684301e-05,1.4921008937113236,947.6072379577611,14.585180214193752
1588.2155045449765,-1.2441979589623354e-07,2.02905409015956e-05,1.4921467694974038,947.7837432508851,16.824096105975332
1588.869038072934,-1.2706123011929494e-07,2.020835375864523e-05,1.4921600032539781,947.8350860826083,17.47560971733314
1589.5225716008915,-1.2965064182154514e-07,2.0124474687951543e-05,1.4921731828576181,947.8864203136023,18.127124006425674
1591.7684341278116,-1.3808281485739062e-07,1.9823662987202267e-05,1.4922180452288145,948.0627648698124,20.366052564114383
1594.0142966547317,-1.4563105861459113e-07,1.9504906376832944e-05,1.4922622118673832,948.2390097610531,22.60498896949854
1594.6678301826894,-1.4763118413107794e-07,1.9409064033059203e-05,1.49227492764927,948.2902775487329,23.256508490388015
1595.321363710647,-1.4953419609700384e-07,1.9311962968806016e-05,1.4922875805946758,948.3415370749699,23.908028661322366
1597.567226237567,-1.5525880098017008e-07,1.8969436941543007e-05,1.4923305700846885,948.5176275822287,26.146977214161076
1599.813088764487,-1.595704504849648e-07,1.86156408904597e-05,1.4923727776528688,948.6936227134139,28.385933266189774
1600.4666222924445,-1.6053149219864292e-07,1.8511026476992964e-05,1.4923849093170518,948.7448186556009,29.037458436584103
1601.120155820402,-1.61351624914247e-07,1.8405845301554147e-05,1.4923969727310953,948.7960067171119,29.688984226191568
1603.366018347322,-1.630323320717599e-07,1.804122931420581e-05,1.492437900598333,948.9718546006673,31.927951847870617
1605.6118808742422,-1.6281567990498405e-07,1.7674969293736936e-05,1.4924780077420507,949.1476117666965,34.16692659265422
1606.2654144022,-1.623709064043955e-07,1.756869209621774e-05,1.4924895240070792,949.1987393498556,34.81845713099803
1606.9189479301574,-1.6174777639358197e-07,1.7462776789012806e-05,1.4925009713209731,949.249859451452,35.46998825640782
1609.1648104570775,-1.5818512276777907e-07,1.7103082072023946e-05,1.4925397844218888,949.4254768566748,37.70897396787074
1611.4106729839975,-1.5231389162585846e-07,1.675398095917663e-05,1.4925778015938067,949.6010082508272,39.94796642407098
1612.064206511955,-1.5015170993763298e-07,1.6655128054732707e-05,1.4925887182883677,949.6520710117094,40.59950204597227
1612.7177400399125,-1.4777992348721703e-07,1.655776625271977e-05,1.4925995713185447,949.7031266774568,41.251038223908424
1614.9636025668326,-1.3798860888593853e-07,1.623637869644408e-05,1.4926363922243666,949.8785255671619,43.49004106417293
1617.2094650937527,-1.255837567866718e-07,1.5939915909685393e-05,1.4926725193267212,950.0538427913524,45.72905030046677
1617.8629986217102,-1.2146961200426355e-07,1.5859170620683775e-05,1.4926829098212517,950.1048440134223,46.38059074242245
1618.5165321496677,-1.1712650021337705e-07,1.5781193879280103e-05,1.492693248945538,950.1558384763913,47.03213171343671
1620.7623946765877,-1.0042420578842483e-07,1.5536380029368616e-05,1.49272840882478,950.3310295157683,49.271150826576296
1623.0082572035078,-8.094688440769732e-08,1.5332193401145286e-05,1.4927630645073466,950.50614239585,51.510176053895194
1623.6617907314655,-7.475375464629382e-08,1.5281301474200376e-05,1.4927730675005149,950.5570847526211,52.16172110102899
1624.315324259423,-6.832481863564529e-08,1.5234533187707737e-05,1.4927830390891155,950.6080205932998,52.813266657607095
1626.5611867863431,-4.4431056832917144e-08,1.5107400892916682e-05,1.4928171003738158,950.7830118727126,55.052301391919286
1628.8070493132632,-1.7784515200980518e-08,1.5037021884917154e-05,1.492850939866898,950.9579271359241,57.291342065968664
1629.4605828412207,-9.52039263752626e-09,1.502808912295219e-05,1.4928607635944187,951.0088122991344,57.9428915823715
1630.1141163691782,-1.032214685231161e-09,1.5024622507109412e-05,1.4928705837529377,951.0596910510577,58.59444159945622
1632.3599788960983,2.982647507619938e-08,1.505648752734319e-05,1.4929043492745566,951.2344867152187,60.833491613444735
1634.6058414230183,6.319086567283756e-08,1.516047065234674e-05,1.4929382673443037,951.4092066058053,63.072547541546356
1635.259374950976,7.334951084860445e-08,1.5205082773017128e-05,1.4929481892015735,951.4600348420114,63.72410150137308
1635.9129084789336,8.370101350897806e-08,1.5256380640877788e-05,1.492958142812021,951.5108565888297,64.3756559674064
1638.1587710058536,1.206859651220325e-07,1.5485519798133276e-05,1.492992647888158,951.6854554606841,66.61472133565668
1640.4046335327737,1.5966589668928125e-07,1.5799962297637e-05,1.4930277633691305,951.8599763899413,68.8537927803698
1641.0581670607312,1.7134738598578435e-07,1.5908129060329803e-05,1.4930381239161337,951.9107461750275,69.5053512973783
1641.7117005886887,1.8316554538865363e-07,1.602394909894223e-05,1.4930485579464405,951.9615091691899,70.15691034349588
1643.9575631156088,2.2472995294081634e-07,1.6481765292384236e-05,1.4930850419090624,952.1359034772837,72.39599165390469
1646.2034256425288,2.674827530367459e-07,1.703426391434193e-05,1.4931226603857752,952.3102148245611,74.63507942426698
1646.8569591704863,2.800931741354596e-07,1.721320557196479e-05,1.4931338507588081,952.3609225115116,75.28664277702015
1647.5104926984438,2.9275926503290497e-07,1.7400371147586656e-05,1.4931451608780224,952.4116228505281,75.93820670156826
1649.756355225364,3.365730096066995e-07,1.810705579707447e-05,1.4931850148480768,952.5857971881846,78.17730513382737
1652.002217752284,3.804521373958165e-07,1.8912213514521196e-05,1.4932265665131887,952.7598803880771,80.41641065356634
1652.6557512802417,3.9316181710347665e-07,1.9165027802115655e-05,1.4932390084291072,952.8105199685835,81.06797930310098
1653.3092848081992,4.0581791549740493e-07,1.9426085129566103e-05,1.493251618139961,952.861151369967,81.71954858823979
1655.5551473351193,4.487271180519426e-07,2.0385938168750516e-05,1.4932963065591651,953.0350820312256,83.9586659621594
1657.8010098620393,4.902593620033485e-07,2.1440613148148226e-05,1.4933432571548608,953.20891009704,86.1977913030684
1658.4545433899968,5.019974879951887e-07,2.1764885102407525e-05,1.4933573749833746,953.2594731014594,86.84936589953338
1659.1080769179543,5.135476008621628e-07,2.2096711859724084e-05,1.4933717067894747,953.3100268211717,87.50094121640566
1661.3539394448744,5.515846310901797e-07,2.329336562554533e-05,1.4934226613938357,953.4836816696965,89.74007999783456
1663.5998019717945,5.865040198634295e-07,2.457194443513317e-05,1.4934763955142387,953.6572193116823,91.97922786593958
1664.2533354997522,5.959757050938918e-07,2.4958387888294107e-05,1.4934925803310322,953.7076948937009,92.63080924059587
1664.9068690277097,6.051004806902863e-07,2.5350845308606017e-05,1.4935090189105942,953.7581598345007,93.28239143945825
1667.1527315546298,6.335608057216817e-07,2.674273228671505e-05,1.4935675055278745,953.9314988646291,95.52155469149253
1669.3985940815498,6.56915770574024e-07,2.8192804273759754e-05,1.4936291834697248,954.1047033604002,97.76072835394609
1670.0521276095074,6.626369727177161e-07,2.8624051700028758e-05,1.4936477495989993,954.1550786116275,98.41231749308794
1670.7056611374649,6.678359876346893e-07,2.9058799812503582e-05,1.4936665975709098,954.2054416661762,99.06390757500346
1672.951523664385,6.814379992855425e-07,3.057529914983243e-05,1.4937335583720002,954.3784184068684,101.30309884316573
1675.197386191305,6.877872369497988e-07,3.211420236876229e-05,1.4938039501801423,954.551241367757,103.54230198527486
1675.8509197192627,6.881510692090402e-07,3.2563886402304414e-05,1.493825085490086,954.6015019024354,104.19389998315486
1676.5044532472202,6.878079441780449e-07,3.3013508654857794e-05,1.493846513130247,954.6517485704896,104.8454990504155
1678.7503157741403,6.809498584173636e-07,3.455229480124334e-05,1.4939223897481315,954.8243124599754,107.08472217279146
1680.9961783010604,6.646599340194959e-07,3.6065087323334925e-05,1.4940016930791045,954.9967026076612,109.32395867745632
1681.6497118290179,6.58028916563709e-07,3.6497380493025636e-05,1.4940254051946564,955.0468334478477,109.9755666662428
1682.3032453569754,6.505114986745208e-07,3.6924986434047714e-05,1.49404939637623,955.0969487564453,110.62717584968415
1684.5491078838954,6.176358906355955e-07,3.8351175685343104e-05,1.4941339425613258,955.2690485749044,112.86643468680899
1686.7949704108155,5.732890488693846e-07,3.96906494335113e-05,1.494221594395867,955.440955594741,115.10570833305822
1687.448503938773,5.58124141828672e-07,4.006044503911521e-05,1.4942476560104028,955.4909423709227,115.75732738924907
1688.1020374667305,5.419129589782455e-07,4.04199353409446e-05,1.4942739536691485,955.5409121104111,116.40894775206714
1690.3478999936506,4.779836848561755e-07,4.156767145784229e-05,1.4943660497520863,955.7125004976778,118.64824583671236
1692.5937625205706,4.008980041855889e-07,4.255705747338787e-05,1.4944605456762796,955.8838799666224,120.88755991995552
1693.2472960485284,3.7591588363615074e-07,4.281098104098248e-05,1.4944884432291943,955.9337104272286,121.53919094850545
1693.9008295764859,3.497691202555845e-07,4.3048164122299395e-05,1.4945164987440258,955.9835226937795,122.19082336806231
1696.146692103406,2.508577441926731e-07,4.372529064852947e-05,1.4946139839354506,956.1545616972994,124.43016348185911
1698.392554630326,1.3771303495714154e-07,4.416429276697094e-05,1.4947127224626238,956.3253809941665,126.6695203657408
1699.0460881582835,1.0207738279482814e-07,4.4242726243095414e-05,1.4947416135346194,956.3750467896145,127.32116396535413
1699.699621686241,6.522113017132456e-08,4.4297466895858645e-05,1.4947705454929447,956.4246937963393,127.97280899668935
1701.945484213161,-7.081002383195832e-08,4.429388907187937e-05,1.494870087703314,956.5951612912322,130.21219268842202
1704.1913467400811,-2.212576583172622e-07,4.396861525998806e-05,1.4949692606358995,956.7654062855603,132.45159330636466
1704.8448802680389,-2.6772489792878e-07,4.38088919208099e-05,1.4949979464090342,956.814904958574,133.10324962183984
1705.4984137959964,-3.153792453659237e-07,4.361844586150137e-05,1.4950265152049953,956.8643850428158,133.75490734905378
1707.7442763229164,-4.881218959099797e-07,4.271867753907718e-05,1.4951235412846617,957.0342817424256,135.9943344179777
1709.9901388498365,-6.742664139873573e-07,4.141590359495327e-05,1.495218094060757,957.2039639278314,138.23377775111194
1710.643672377794,-7.308553397800486e-07,4.095678712117823e-05,1.495245013987669,957.2533010026028,138.88544632113266
1711.2972059057515,-7.8848446190353e-07,4.0460428607279566e-05,1.4952716194688267,957.3026207173051,139.5371162053169
1713.5430684326716,-9.94194828982343e-07,3.8460639548738154e-05,1.4953603311564811,957.4719773526356,141.77658418142988
1715.7889309595917,-1.2107905457707763e-06,3.598662978587279e-05,1.4954440190755716,957.6411409456618,144.01606674805456
1716.4424644875492,-1.2756765677006705e-06,3.5174124135758116e-05,1.4954672753776854,957.6903319654937,144.66774635924648
1717.0959980155067,-1.341315631328989e-06,3.4319104183178416e-05,1.4954899851864776,957.7395080993193,145.31942709403998
1719.3418605424267,-1.5721421751587585e-06,3.104872401390558e-05,1.495563487170745,957.9083921953386,147.55893075533606
1721.5877230693468,-1.8095551581274005e-06,2.725254304120305e-05,1.49562905389258,958.0771205685412,149.79844615487627
1722.2412565973045,-1.8795851811816328e-06,2.604698921967017e-05,1.4956464735264157,958.1261928871552,150.45013471516572
1722.894790125262,-1.9499209366421076e-06,2.4795768953821213e-05,1.4956630897420764,958.1752542135903,151.10182410321053
1725.140652652182,-2.193214878866882e-06,2.0143364059835765e-05,1.4957136556202018,958.3437757382414,153.34135507728286
1727.3865151791022,-2.436785821184113e-06,1.4944243365917204e-05,1.4957531589122501,958.5121964064008,155.58089363875288
1728.0400487070597,-2.5073062433728906e-06,1.3328545900112812e-05,1.495762400070525,958.5611904951738,156.23258808506276
1728.6935822350172,-2.5775071766620567e-06,1.1667133689401833e-05,1.4957705711099756,958.6101790083252,156.88428295060945
1730.9394447619372,-2.8152934591567943e-06,5.609857223285076e-06,1.4957900702103304,958.7784940276812,159.12382945462903
1733.1853072888573,-3.0448938378564073e-06,-9.72262336811039e-07,1.4957953761377347,958.946781271027,161.36337804613706
1733.838840816815,-3.109637501948821e-06,-2.983569943508272e-06,1.4957940850618838,958.9957512668371,162.01507430334252
1734.4923743447725,-3.1732530424334254e-06,-5.03648425239976e-06,1.4957914684204185,959.0447226249428,162.6667704581463
1736.7382368716926,-3.381948754072041e-06,-1.2401048466522694e-05,1.4957719710334831,959.2130339792925,164.90631723779006
1738.9840993986127,-3.5718195634992507e-06,-2.0213175487718955e-05,1.4957354312654823,959.3814080824634,167.14585930035344
1739.6376329265702,-3.6228851691762485e-06,-2.2564465001325988e-05,1.4957214530366387,959.4304212731155,167.7975523104368
1740.2911664545277,-3.6718333017586435e-06,-2.4948034670053204e-05,1.4957059322429054,959.4794441444767,168.4492445921328
1742.5370289814477,-3.82230489742456e-06,-3.336933346827493e-05,1.495640502472362,959.6479980814295,170.68877312736518
1744.7828915083678,-3.941269373141617e-06,-4.2093190454556434e-05,1.4955558198703705,959.8167201082956,172.92828900419488
1745.4364250363253,-3.969212759091435e-06,-4.467846558199015e-05,1.4955274638556704,959.8658550395985,173.5799728469556
1746.0899585642828,-3.993889269355433e-06,-4.728048016459539e-05,1.4954974199251763,959.9150090347566,174.23165525157614
1748.335821091203,-4.051937586638711e-06,-5.632398341435936e-05,1.4953810939840935,960.0840867141525,176.47114430617066
1750.581683618123,-4.064073568619267e-06,-6.544629880797069e-05,1.4952443690773285,960.2534477443493,178.71061194828772
1751.2352171460807,-4.0581418553481145e-06,-6.810085481980747e-05,1.4952007258363782,960.3027906400405,179.36228007792312
1751.8887506740382,-4.047668108863647e-06,-7.074955803876729e-05,1.4951553595402816,960.352162523705,180.013946011228
1754.1346132009583,-3.975018681974965e-06,-7.976999545358295e-05,1.4949862929648063,960.5220653628962,182.2533726136176
1756.3804757278783,-3.8408609465572295e-06,-8.855820264033721e-05,1.4947972285055469,960.6923692032392,184.49276875369145
1757.0340092558358,-3.789381661053389e-06,-9.105208570725605e-05,1.4947385302869263,960.7420084210042,185.14441437878565
1757.6875427837933,-3.7320155816148224e-06,-9.350989660670842e-05,1.4946782267974477,960.7916863323718,185.79605705427562
1759.9334053107134,-3.487869420691093e-06,-0.0001016318428908827,1.4944589771210186,960.9627143054462,188.03539800800084
1762.1792678376335,-3.1661849617212653e-06,-0.00010911840028215545,1.4942222001678351,961.1342528733926,190.2746999038765
1762.8328013655912,-3.057126683585296e-06,-0.00011115261858634006,1.4941502118271852,961.1842711813406,190.92631654079995
1763.4863348935487,-2.9408391430330835e-06,-0.00011311271402341285,1.4940769339497417,961.2343366560267,191.57792955454414
1765.7321974204688,-2.4840036575099955e-06,-0.0001192218499050734,1.4938158266344348,961.4067589094814,193.81716358247684
1767.9780599473888,-1.93414216688211e-06,-0.00012420053427938325,1.4935422684591175,961.5797797771513,196.05635143379604
1768.6315934753463,-1.7558372895933627e-06,-0.00012540699537822215,1.4934606900083327,961.6302443279803,196.70793366313106
1769.2851270033038,-1.5690555786720986e-06,-0.00012649372557361097,1.4933783805777303,961.680762011291,197.3595117746367
1771.530989530224,-8.606255715070478e-07,-0.00012924207942870762,1.4930908866301582,961.8547795182014,199.5986223935927
1773.776852057144,-4.539153115875988e-08,-0.00013027946328984135,1.492799141559348,962.0294455078459,201.83768251885806
1774.4303855851017,2.1259286855133107e-07,-0.00013022554682258814,1.4927139980465856,962.0803955129787,202.4892269679031
1775.0839191130592,4.8010328242507e-07,-0.0001299995789252698,1.4926289666023391,962.1314005827926,203.14076710873113
1777.3297816399793,1.473609963740864e-06,-0.00012782769739951746,1.492339001988454,962.3071010257058,205.3797462971373
1779.5756441668993,2.5846883553795307e-06,-0.0001232925114987331,1.492056568950267,962.4834422547511,207.61867511019543
1780.2291776948568,2.9305799094685187e-06,-0.00012149100735139333,1.4919765585564846,962.534874515319,208.27018166745788
1780.8827112228144,3.286734149015605e-06,-0.00011945989842345153,1.4918978227211421,962.5863579904218,208.9216841806489
1783.1285737497344,4.5899623734952075e-06,-0.00011063811469603676,1.4916388646316348,962.7636636263384,211.1605368255906
1785.3744362766545,6.017178866471937e-06,-9.875022923224082e-05,1.4914031620771169,962.9415229933091,213.39934555328725
1786.027969804612,6.455991951683772e-06,-9.46750524800448e-05,1.4913399299317662,962.993375622447,214.05081878831473
1786.6815033325695,6.905382680873607e-06,-9.03096173347776e-05,1.4912794787480128,963.04526791168,214.7022888671224
1788.9273658594896,8.530718690855471e-06,-7.299929467764884e-05,1.4910953846663522,963.2238778025068,216.94103784217808
1791.1732283864096,1.0280861053021574e-05,-5.189854182730182e-05,1.4909544235822407,963.4028515498491,219.17975776386277
1791.8267619143674,1.0813456017000895e-05,-4.5006153219889e-05,1.4909227277301855,963.4549864100914,219.83120847375628
1792.4802954423249,1.1356424879702302e-05,-3.7762490087975785e-05,1.4908956734646315,963.5071396473583,220.48265771385806
1794.726157969245,1.330094704671364e-05,-1.0096237106072924e-05,1.4908410890527621,963.6864682910708,222.7213492342662
1796.972020496165,1.5364519220204043e-05,2.2070830317676675e-05,1.4908536933469714,963.865843925094,224.96003699111472
1797.6255540241225,1.598685475389149e-05,3.231503641082109e-05,1.490871431552135,963.9180284892338,225.61148372217636
1798.27908755208,1.6618779762044887e-05,4.2968687893411496e-05,1.4908960191705944,963.9701983821208,226.2629316264236
1800.524950079,1.8862077623463884e-05,8.279136866024042e-05,1.491036273828384,964.1493133899852,228.50164025339694
1802.7708126059201,2.121161482315738e-05,0.00012777148750510803,1.4912717562010853,964.3280078107599,230.74038247758267
1803.4243461338779,2.19143660568271e-05,0.00014186343103972417,1.491359828962818,964.3798973122531,231.3918527799713
1804.0778796618354,2.262533005536739e-05,0.00015641671326157533,1.4914572797456005,964.4317253850353,232.04332796268966
1806.3237421887554,2.5128809143025627e-05,0.0002100251098325782,1.4918676982373076,964.6092873356149,234.28216030247899
1808.5696047156755,2.7718950495901023e-05,0.0002693532920404553,1.4924049367441123,964.7857884402182,236.52107648000572
1809.223138243633,2.8487689337919398e-05,0.0002877197646868892,1.4925869342036253,964.8369092823489,237.17260755454882
1809.8766717715905,2.9262741247222834e-05,0.000306589913770355,1.4927811129774413,964.8879064891146,237.8241482937114
1812.1225342985106,3.197115151759254e-05,0.0003753398205232658,1.4935457218181993,965.0621143481914,240.06324410079617
1814.3683968254306,3.474125291601121e-05,0.0004502417193062895,1.4944716417624448,965.2344295095844,242.3024862578951
1815.0219303533881,3.555743224401393e-05,0.0004732131964098304,1.4947733612719178,965.2841649178937,242.9541245637336
1815.6754638813456,3.637767392835454e-05,0.0004967185411289116,1.4950902766668293,965.3336976045381,243.60577826108974
1817.9213264082657,3.9223716927847946e-05,0.0005816073179944259,1.4962999590497386,965.502243010431,245.8453073724333
1820.1671889351858,4.210389463274868e-05,0.0006729262471103761,1.4977075105745559,965.6678575732074,248.0850549341696
1820.8207224631435,4.294689278736081e-05,0.0007007183599964142,1.498156338730738,965.71543636444,248.7368542651207
1821.474255991101,4.379165025684807e-05,0.0007290611588815317,1.498623513794086,965.7627154301776,249.38867531829155
1823.720118518021,4.6704439361922175e-05,0.000830680542128319,1.5003737705053393,965.9227485662518,251.62882869312088
1825.9659810449411,4.9625269958376596e-05,0.0009388506793170887,1.502359606427835,966.0785966936339,253.8692767797329
1826.6195145728987,5.047538842211736e-05,0.0009715606474968605,1.5029838342986765,966.1230857535767,254.5212943074252
1827.2730481008562,5.132524541931166e-05,0.0010048254443075638,1.5036296200729449,966.1671595611045,255.17333989471243
1829.5189106277762,5.42407210280605e-05,0.0011233712316898797,1.5060182159744142,966.3152681323987,257.414313076364
1831.7647731546963,5.7143034827533705e-05,0.0012484499966829142,1.508680385502291,966.4577168927005,259.6556526261235
1832.418306682654,5.798411728521086e-05,0.0012860701119007624,1.5095085536941628,966.4980174928992,260.30794245881583
1833.0718402106115,5.882341802835792e-05,0.001324238860398739,1.5103614834272097,966.5377685994476,260.96026579444896
1835.3177027375316,6.169187886600007e-05,0.001459574441615011,1.5134863145544415,966.6699697049334,263.2022333507078
1837.5635652644517,6.453262683147113e-05,0.0016013210718859188,1.5169222899594998,966.7948155187446,265.44462175289294
1838.2170987924092,6.535345232650407e-05,0.001643763853086985,1.5179826492110966,966.8296630975091,266.0972256524767
1838.8706323203667,6.617156367560957e-05,0.0016867419451738071,1.5190709153983544,966.8638083845254,266.7498663661479
1841.1164948472867,6.896105087282394e-05,0.0018384931717144175,1.5230283470302404,966.9755515008795,268.99294620725954
1843.3623573742068,7.171533225847024e-05,0.0019964696693141088,1.5273335816067224,967.0780267441141,271.2364674776081
1844.0158909021643,7.250997306653027e-05,0.002043597942106983,1.52865371642371,967.1059934490498,271.889402477437
1844.6694244301218,7.330154837413185e-05,0.0020912445039799146,1.530004813961514,967.1330869258541,272.5423738710303
1846.9152869570419,7.599806710995755e-05,0.0022589044780976625,1.5348886064406,967.2192653882427,274.78658067174075
1849.161149483962,7.86584219149045e-05,0.0024325798529887446,1.5401556950544109,967.2940524273674,277.03119450243673
1849.8146830119197,7.94258879352535e-05,0.0024842366820438965,1.5417623233486972,967.3135516219945,277.68443724935344
1850.4682165398772,8.019044801497262e-05,0.002536394267000351,1.543402868525395,967.3319891075026,278.3377102613791
1852.7140790667972,8.279612450219538e-05,0.0027194229016398535,1.5493037013526503,967.3869573988511,280.5828974534653
1854.9599415937173,8.537018639660658e-05,0.0029082680264446346,1.5556221228504445,967.4282075006317,282.82837666527763
1855.6134751216748,8.611367008111796e-05,0.002964303271511273,1.5575410604741673,967.4374995264271,283.48184435712034
1856.2670086496323,8.685482465857663e-05,0.0030208239260948837,1.5594967726447184,967.445524518584,284.1353281091902
1858.5128711765524,8.938511335592327e-05,0.0032187335056058034,1.5665023079765235,967.4631191586805,286.38111802915745
1860.7587337034724,9.189272972605071e-05,0.003422300306219331,1.5739586736871096,967.4644743538971,288.62697402135336
1861.4122672314302,9.261876941869653e-05,0.0034825924415380106,1.5762149394435137,967.461673049467,289.2805018215755
1862.0658007593877,9.334338323361584e-05,0.0035433589971716464,1.578510760123615,967.457383312415,289.9340206274759
1864.3116632863077,9.582408969825071e-05,0.003755783015709903,1.5867061543724477,967.4309459596168,292.1797223943132
1866.5575258132278,9.829438152722585e-05,0.003973766665017389,1.5953848668475359,967.3855628411021,294.4251181322557
1867.2110593411853,9.901205225170522e-05,0.0040382396411638415,1.5980028996784728,967.3686425935715,295.07843291889253
1867.8645928691428,9.972948811191198e-05,0.004103182053187955,1.6006632206837401,967.3499972700126,295.7316996089138
1870.110455396063,0.00010219508955883442,0.004329928500947955,1.6101319867265524,967.2723996311194,297.9762141856492
1872.356317922983,0.00010466589186255981,0.004562218190808616,1.6201162187993556,967.1729750764216,300.21986410886205
1873.0098514509405,0.00010538679496063513,0.004630856097566501,1.6231201838246154,967.1397784756591,300.8725543632014
1873.663384978898,0.00010610887333771315,0.0046999660686806695,1.6261691628425563,967.1046058269736,301.52513972184744
1875.909247505818,0.000108601560635198,0.004941066882107297,1.6369943276491967,966.9682769499802,303.7668514079336
1878.155110032738,0.0001111169321668929,0.005187791401362454,1.6483672867730115,966.8070766660827,306.0069074051166
1878.8086435606958,0.00011185413336677752,0.0052606505096956385,1.651781462002401,966.7553230794605,306.65838897116026
1879.4621770886533,0.0001125939811530584,0.005333992785248566,1.655243416682706,966.7013291987043,307.3096870097839
1881.7080396155734,0.0001151590097876119,0.00558973636886857,1.667508927241808,966.4982865536757,309.5463403296745
1883.9539021424935,0.00011776341885826181,0.005851284875702252,1.6803553212616202,966.267178269606,311.78026262588105
1884.607435670451,0.00011852952026860687,0.005928497100064294,1.6842045315823968,966.1944739628215,312.4297399820484
1885.2609691984085,0.00011929950769621195,0.00600621162451526,1.6881043751203104,966.1192531357582,313.07892867891434
1887.5068317253285,0.00012197713464766386,0.006277139132965063,1.701896597479103,965.8411402188385,315.30748933681923
1889.7526942522486,0.00012470592972196293,0.006554137681731036,1.7163041031376056,965.5316350006295,317.5319008880972
1890.4062277802063,0.000125510029231466,0.006635899566392777,1.7206141355419915,965.4354859727057,318.17832351387824
1891.0597613081638,0.0001263186196179661,0.006718188452647036,1.7249777837983102,965.3365339315649,318.8243206042725
1893.305623835084,0.00012913241778470108,0.007005032552274446,1.7403868239225146,964.9746693001591,321.0408190855369
1895.551486362004,0.00013199888109134458,0.007298255195094936,1.7564472391267054,964.5779769757194,323.2513421607571
1896.2050198899615,0.00013284258157111693,0.007384796443477909,1.761245137436347,964.455806472555,323.89335564712155
1896.858553417919,0.0001336902421349984,0.007471889871020761,1.7660997820291193,964.3305386122389,324.5347691345625
1899.104415944839,0.0001366323508481196,0.007775436542254438,1.7832202370187118,963.8759843125649,326.7341260309927
1901.350278471759,0.0001396119666476583,0.008085632903076971,1.801029883246729,963.3830923610307,328.92520052096353
1902.0038119997168,0.00014048463193581798,0.00817715945701239,1.8063439886651163,963.2322660661401,329.5610924040981
1902.6573455276744,0.00014135902697789233,0.008269255644999206,1.81171809916939,963.0780437485504,330.19616583517956
1904.9032080545944,0.00014437318018529813,0.008590113497224262,1.8306487451891786,962.5217048792179,332.3719995890125
1907.1490705815145,0.000147386137465213,0.008917739380243851,1.8503075938691171,961.9234941059094,334.53668480615784
1907.802604109472,0.00014825973522229323,0.009014347588760354,1.8561671728134892,961.7413571856679,335.16432587944735
1908.4561376374295,0.0001491305516479203,0.00911152361315755,1.8620900673755403,961.5555264423525,335.7908792629046
1910.7020001643496,0.0001520942488445692,0.00944979148439994,1.882931917412837,960.888297686532,337.93530041854484
1912.9478626912696,0.00015498781473249578,0.0097946366594783,1.9045408564463229,960.1757120216993,340.0650664222849
1913.6013962192271,0.00015581187695230787,0.009896197553099473,1.9109751436724987,959.9596433390419,340.6818497044749
1914.2549297471846,0.00015662586124616458,0.009998290412413,1.9174759556529108,959.7395913956143,341.29721846317074
1916.5007922741047,0.00015933400356296686,0.010353124203855816,1.9403280936680836,958.9525699544272,343.40062038462816
1918.7466548010248,0.00016186805908877743,0.010713844623145336,1.9639837498771864,958.1168607982104,345.48514185826036
1919.4001883289825,0.00016256598552197288,0.010819861901023324,1.9710202406535504,957.864350378096,346.08792365173906
1920.05372185694,0.00016324354333316205,0.010926324278332088,1.9781261179330252,957.6075861212378,346.68890035261467
1922.29958438386,0.00016539959069480608,0.01129542641094698,2.003078775942766,956.6923722506408,348.7397652550878
1924.5454469107801,0.00016724315467321277,0.011669019832177293,2.0288654300091506,955.7254383110127,350.76674105529855
1925.1989804387376,0.00016771239022891028,0.01177847640189633,2.036527304659719,955.4341940081329,351.35179168799885
1925.8525139666951,0.0001681483257307233,0.011888223560967479,2.0442607351459863,955.1384582337082,351.9345785457571
1928.0983764936152,0.00016937136245915533,0.012267324363748597,2.0713853414059584,954.0875623289088,353.9193295346311
1930.3442390205353,0.00017011675884224628,0.012648635581610668,2.09936383809702,952.9824012833748,355.8743637173199
1930.997772548493,0.00017023426744716512,0.012759856350735774,2.1076665288706784,952.6504887484599,356.43733937095436
1931.6513060764505,0.00017030384498075958,0.012871132693136953,2.1160418202081517,952.313897926785,356.99752336156115
1933.8971686033706,0.00017015394313813208,0.0132535659793896,2.1453782617659645,951.1212638138627,358.9004664943113
1936.1430311302906,0.00016934901232193005,0.013634927054198267,2.175572391890666,949.8725394279828,360.7670597198491
1936.7965646582481,0.0001689819038731414,0.013745488588970112,2.1845194756060633,949.4985550910023,361.30301043898066
1937.4500981862057,0.00016855201646423398,0.01385578438447798,2.1935385922226,949.1197776988772,361.83557646348567
1939.6959607131257,0.000166572660854208,0.01423226069010741,2.2250805414388117,947.7814132592016,363.63898836703856
1941.9418232400458,0.00016376870457657892,0.014603365665275302,2.2574619730472065,946.3861193512922,365.39869816423754
1942.5953567680033,0.0001627890833892693,0.014710080573808798,2.267040744591863,945.9693889803438,365.90212945117287
1943.2488902959608,0.00016173342716048776,0.014816126051101787,2.2766888748356555,945.5478459999811,366.40152904620874
1945.4947528228809,0.00015750562379253036,0.015174790068821695,2.3103685919142722,944.0625244819955,368.08595045663304
1947.740615349801,0.00015231334347046296,0.015522875980061654,2.344841940583564,942.5206964149247,369.71877953220644
1948.3941488777587,0.0001506147026056079,0.015621869386367997,2.355019158554471,942.0614824018375,370.1837842373413
1949.0476824057162,0.000148830176824068,0.015719721828915546,2.365260513849467,941.597554013145,370.64407619289767
1951.2935449326362,0.00014202841099612354,0.016046533282977123,2.4009349152900836,939.9675154601928,372.18886421963606
1953.5394074595563,0.00013417269346771758,0.0163568853907342,2.4373248076142016,938.2829052244754,373.6739222703795
1954.1929409875138,0.00013168553321920312,0.0164437649357454,2.4480431568315306,937.7825957139382,374.0943942419389
1954.8464745154713,0.00012910769412404025,0.016528988786432556,2.4588175482478003,937.277806260394,374.50946766710285
1957.0923370423914,0.00011955158963942684,0.016808417248715492,2.4962574063054803,935.5093554197408,375.8936350067568
1959.3381995693114,0.00010892055598383962,0.017065176942461,2.534299366806659,933.6899562428291,377.2100877563167
1959.9917330972692,0.00010562609744136075,0.01713528828078986,2.5454751598519265,933.1512012317784,377.5800181214176
1960.6452666252267,0.00010224260002143411,0.01720321946866335,2.5566958689121,932.6083469761386,377.94389731960246
1962.8911291521467,8.99409157954468e-05,0.01741921796288409,2.595579869950771,930.7122218691035,379.1472237554848
1965.1369916790668,7.662608324352684e-05,0.017606450869553952,2.6349166721359083,928.7705132579036,380.2754937001981
1965.7905252070243,7.25671536063117e-05,0.017655204999060183,2.646439248627057,928.1972699994864,380.5893352376033
1966.4440587349818,6.842821875483723e-05,0.017701285151976193,2.6579926417887525,927.6204521690933,380.8965499240215
1968.6899212619019,5.361142315123466e-05,0.017838488406247577,2.6979077734136143,925.6118370607522,381.9008941922462
1970.935783788822,3.7933711129193215e-05,0.017941448424542296,2.738092591885573,923.564631747201,382.82401723777275
1971.5893173167794,3.322083199875944e-05,0.017964699753473843,2.749825776278664,922.9620871133337,383.0770844423918
1972.242850844737,2.8444555117120068e-05,0.017984857817610073,2.7615730092337327,922.3566190889518,383.3230709526669
1974.488713371657,1.1576344050596771e-05,0.0180299151124091,2.802022344738719,920.2547057189425,384.1137501143502
1976.734575898577,-5.914750725384643e-06,0.018036389268486774,2.8425295465209444,918.1225230722965,384.8187342552589
1977.3881094265348,-1.1106283413329463e-05,0.01803082524014209,2.85431535699417,917.496875530156,385.0075907516838
1978.0416429544923,-1.6338158809219605e-05,0.018021864593593225,2.866096334545851,916.8690490916835,385.1890745146746
1980.2875054814124,-3.4586347061918935e-05,0.01796474015181943,2.9065145559356758,914.6961132673764,385.7561304894314
1982.5333680083324,-5.3156609944372635e-05,0.017866271120193778,2.946758056549828,912.5020782378158,386.2351258471613
1983.18690153629,-5.860320176009902e-05,0.017829747413743657,2.9584225535843918,911.8601856625066,386.3579025321338
1983.8404350642475,-6.406337801007791e-05,0.017789669869364123,2.970061990406691,911.2169054788591,386.4732050147799
1986.0862975911675,-8.28875843981336e-05,0.017624653782868916,3.009837753604102,908.9969542504299,386.81236398486357
1988.3321601180876,-0.00010171041967025016,0.0174173626563167,3.049195441392367,906.765313574422,387.0634571268672
1988.9856936460453,-0.00010716968184293628,0.017349101751899146,3.0605561612752337,906.1142404257209,387.12004905745965
1989.6392271740028,-0.0001126155880451602,0.017277287000538762,3.0718711374001875,905.4625632262557,387.16926864560355
1991.885089700923,-0.00013118643824086486,0.017003456522712127,3.110373797190985,903.2196996792843,387.2824335074533
1994.130952227843,-0.0001494497340009847,0.01668826383082883,3.14821502444961,900.9741325263269,387.3099329018223
1994.7844857558005,-0.00015469060391281868,0.016588874270097323,3.1590890455531127,900.3206529228702,387.302042178312
1995.438019283758,-0.000159894026550414,0.016486080055044726,3.1698970800875044,899.6672897743636,387.28707912211576
1997.683881810678,-0.0001774529632127522,0.016107156215178317,3.206504305097319,897.4240085924287,387.1822764578137
1999.929744337598,-0.00019444360991462646,0.0156894355680127,3.24221695310678,895.1859578121239,386.9964498892542
2000.5832778655558,-0.00019926817257857906,0.015560776814760618,3.2524286029742657,894.5360815980367,386.9274708968861
2001.2368113935133,-0.0002040357555343069,0.015428989859463229,3.2625552701874536,893.8869305730009,386.8518961110342
2003.4826739204334,-0.0002199562407444236,0.014952732854088418,3.2966783875028733,891.6625740993654,386.5427035635406
2005.7285364473535,-0.00023511192065655935,0.014441579451349369,3.3296927108011527,889.449819364518,386.15903264759163
2006.382069975311,-0.00023936963341363306,0.014286528231142473,3.3390801820029115,888.8084028320071,386.0338056161023
2007.0356035032685,-0.00024355692104757818,0.014128721285589159,3.3483655730129196,888.1681722296672,385.90260219248
2009.2814660301885,-0.00025739072101757965,0.01356602584938661,3.3794704990613424,885.9777396872261,385.40717625389226
2011.5273285571086,-0.00027033933285691404,0.012973255605652484,3.409277916573907,883.8033794475267,384.845275914524
2012.180862085066,-0.00027393649507041426,0.012795398788411438,3.41769830189334,883.1738637136807,384.6697562237144
2012.8343956130236,-0.00027745626429262905,0.01261521787523774,3.4260018591069947,882.5458262273268,384.4889827603114
2015.0802581399437,-0.0002889533011101731,0.011979004671974384,3.4536241173880273,880.3992535293556,383.82886640486487
2017.3261206668637,-0.0002995195898646758,0.01131801587065027,3.4797897069830825,878.2711791016425,383.111260039056
2017.9796541948215,-0.00030241886037819614,0.01112131789210272,3.4871221517394155,877.6554737954596,382.89215990207765
2018.633187722779,-0.0003052396671963995,0.010922750280850003,3.494325606170499,877.0413663922839,382.66859248825307
2020.879050249699,-0.0003143355865669849,0.010226838950835945,3.5180787724518923,874.943305111385,381.8674970860552
2023.124912776619,-0.0003225183200506317,0.009511524881341386,3.5402472296123846,872.8641629646028,381.0184356885288
2023.7784463045766,-0.00032473033627754245,0.009300022110434989,3.546394211296198,872.262668317504,380.7628909444848
2024.4319798325341,-0.00032686744034880934,0.009087096253338884,3.5524026657842365,871.6627285329467,380.5036954119112
2026.6778423594542,-0.00033364763733206073,0.008345224101991325,3.5719806345097993,869.6127749351916,379.58642371067936
2028.9237048863743,-0.00033957762751380115,0.007589079284111761,3.5898764331474204,867.5803450963322,378.63089660209937
2029.577238414332,-0.00034114792705072707,0.007366638315994309,3.5947634409101616,866.9920878177045,378.3461974646265
2030.2307719422895,-0.00034264990378108593,0.0071431906370685765,3.5995048950679704,866.4052004371941,378.0586688421881
2032.4766344692096,-0.0003473019219288902,0.006368279822350728,3.614679143183811,864.3984761209891,377.0502903859529
2034.7224969961296,-0.0003511933983512346,0.005583775250480851,3.628102275009329,862.4063580606415,376.0133142926838
2035.3760305240871,-0.00035218834726461986,0.0053539317334537605,3.63167631830692,861.8292081840356,375.70672057888913
2036.0295640520446,-0.0003531231151696278,0.005123454511769735,3.6351000746551723,861.2531291436968,375.398108208458
2038.2754265789647,-0.00035588992246093844,0.0043271580201575685,3.6457134871060766,859.2810982722533,374.3234348470311
2040.5212891058848,-0.00035799639304215955,0.0035253891724668037,3.654532382026423,857.3195905261883,373.2296457528643
2041.1748226338423,-0.00035849093647377406,0.00329126371339704,3.6567597933542997,856.7505269027679,372.90828956060625
2041.8283561617998,-0.0003589337669631999,0.0030568288747871305,3.658834207131873,856.1821525382801,372.58570909366557
2044.0742186887198,-0.00036007470066709406,0.002249326537103145,3.66479301630619,854.2335707525721,371.4690621272006
2046.32008121564,-0.0003606532632293974,0.0014398933233044403,3.668936117998744,852.290647980999,370.3425838249381
2046.9736147435976,-0.00036072117962442904,0.0012041712339513821,3.6698000601218057,851.7260462926001,370.0134491341321
2047.6271482715551,-0.00036074524316618574,0.000968416367562126,3.6705100347007122,851.1617026862508,369.6838696816603
2049.873010798475,-0.0003605057389530094,0.00015841201226304938,3.671775184818165,849.2236181437568,368.54909008725014
2052.1188733253953,-0.0003597902732323074,-0.0006505199774416121,3.6712223807002577,847.285937483776,367.4136200264435
2052.772406853353,-0.00035949702910238,-0.0008855599334345929,3.6707203857889206,846.721863132435,367.08358026304046
2053.4259403813107,-0.00035916653927631795,-0.0011203982512542746,3.670064931461732,846.1575988694822,366.7538670760832
2055.671802908231,-0.0003577568129392395,-0.001925530071309296,3.666643885240467,844.2163553316458,365.6244971799815
2057.917665435151,-0.00035594007497071324,-0.002727038793725116,3.6614186921249163,842.2702526156361,364.50353293991594
2058.571198963108,-0.00035533824405701897,-0.002959461713118662,3.6595604732015343,841.702748900567,364.1794235236492
2059.224732491066,-0.0003547041607039745,-0.0031914823239817293,3.657550559938664,841.1346224337522,363.8564129853566
2061.470595017986,-0.000352286544027945,-0.003985451332972675,3.649490265289633,839.176839821851,362.75596856623935
2063.716457544906,-0.00034951070237056555,-0.0047735884452355555,3.6396533742149315,837.2092987909168,361.67309299230806
2064.3699910728633,-0.00034863780236328736,-0.005001721124946578,3.636459063334944,836.6346667114124,361.3617950174725
2065.023524600821,-0.00034773592390241915,-0.005229274787630786,3.633115912537849,836.0590251632173,361.05237812951736
2067.269387127741,-0.00034442026934566097,-0.006006580265531576,3.6204973567469327,834.0725499258339,360.00462973446366
2069.515249654661,-0.00034077521276567186,-0.006776069343280994,3.606141856991324,832.0721406026021,358.9837750253844
2070.1687831826184,-0.0003396537329559827,-0.006998412072530951,3.6016407435510978,831.4872096638406,358.69228726141176
2070.822316710576,-0.00033850495278164183,-0.0072200133305060765,3.5969946235007395,830.9009585980826,358.403479002902
2073.068179237496,-0.00033435115137911913,-0.007975644000958381,3.579929132036793,828.8757829199906,357.4326663981487
2075.3140417644163,-0.00032987935038647606,-0.008721588712814974,3.5611774746316067,826.8335680511374,356.4982839626668
2075.9675752923736,-0.000328518570485388,-0.008936732665059618,3.555407243953752,826.2359575248711,356.2337624836709
2076.6211088203313,-0.0003271308581222909,-0.009150978456325273,3.549496761625252,825.6368209802176,355.97273664060117
2078.8669713472514,-0.0003221568279287116,-0.009880143768830606,3.5281239615604223,823.5659667014893,355.10364861759706
2081.1128338741714,-0.0003168628982311789,-0.01059777886816225,3.505126504081151,821.4763686247172,354.2807208418949
2081.766367402129,-0.00031526191953211257,-0.010804337850645438,3.4981329168096873,820.8647362147003,354.05046849702615
2082.419900930087,-0.0003136334558961284,-0.011009841248323575,3.4910047410030938,820.2515035413879,353.8245405550227
2084.665763457007,-0.000307826553581941,-0.011707759919083346,3.4654919262419877,818.131855414438,353.08240331655776
2086.911625983927,-0.0003016894594100269,-0.012392266302778206,3.4384267431678412,815.9934620319854,352.3962456144664
2087.5651595118843,-0.0002998408678688914,-0.012588828175746393,3.430263655152551,815.3677325216709,352.2076373633782
2088.218693039842,-0.0002979637461834339,-0.012784172198978436,3.4219725672447474,814.7404840368505,352.0241819935343
2090.464555566762,-0.0002912937219770159,-0.013445932153829419,3.392515087217311,812.5735403836915,351.43431388968247
2092.710418093682,-0.0002842800171106055,-0.014092326221503795,3.3615886401405572,810.3898112129548,350.91013169537604
2093.3639516216394,-0.0002821737749851527,-0.014277426319951424,3.352318240866538,809.7513723830817,350.7704669318953
2094.017485149597,-0.0002800379203245468,-0.014461139913467279,3.3429273897017078,809.1116705372849,350.6367618688774
2096.2633476765172,-0.0002724705837754484,-0.015081635366663943,3.3097496284496244,806.9041610209424,350.2239717391523
2098.5092102034373,-0.0002645485650616202,-0.015684737338585015,3.2751978513949846,804.6839763502126,349.88615884783746
2099.1627437313946,-0.00026217625562452755,-0.015856855277917133,3.2648909896951133,804.0358244014903,349.80243861042595
2099.8162772593523,-0.0002597737187031787,-0.016027412903566955,3.2544722183665464,803.3868522037614,349.7254337009996
2102.0621397862724,-0.00025128630868878756,-0.016601364962087074,3.217828701158019,801.1511564787533,349.51316566593664
2104.3080023131924,-0.00024244210253329616,-0.017155854806963727,3.1799180212571665,798.9091388649776,349.3843583927686
2104.9615358411497,-0.00023980170151788032,-0.017313437623517895,3.1686544748003795,798.2559520747362,349.3629939912718
2105.6150693691075,-0.0002371314559639571,-0.017469285428281647,3.1572885742240677,797.6025772785185,349.3490130202199
2107.8609318960275,-0.00022772842763666426,-0.017991355944986232,3.1174646862882627,795.3568693688402,349.3582724119092
2110.1067944229476,-0.00021797905425791368,-0.01849191963104474,3.076492450435089,793.1134018098077,349.45820794864295
2110.7603279509053,-0.0002150779120030184,-0.018633429548711094,3.064360984580528,792.4615205806865,349.50467774095375
2111.413861478863,-0.00021214836369955686,-0.018773034926074506,3.052137720999008,791.8102639745535,349.5590709628242
2113.659724005783,-0.00020186729772506094,-0.019238006356785114,3.0094495452842485,789.5783100892105,349.80720227667786
2115.905586532703,-0.00019126403428345787,-0.01967952612107797,2.9657434422665654,787.3591837235725,350.1514662100927
2116.5591200606605,-0.0001881196876685914,-0.01980349705416286,2.9528415604830935,786.7164787972422,350.2699478450036
2117.212653588618,-0.00018494947086142785,-0.019925405689663073,2.9398593894690523,786.0753690758163,350.39672364810735
2119.4585161155383,-0.0001738618310086655,-0.020328379984958338,2.894652434162926,783.885924846661,350.8961464623661
2121.7043786424583,-0.00016248637259952452,-0.02070612976494112,2.8485687793845313,781.7215735801793,351.4949271067963
2122.3579121704156,-0.00015912427675477504,-0.020811222056899656,2.8350021420556417,781.0971925005351,351.68794146334733
2123.0114456983733,-0.00015573962723000888,-0.020914111180041155,2.8213675920539774,780.4754990045619,351.88941419632795
2125.2573082252934,-0.00014394160288823767,-0.02125067805793615,2.774014421954926,778.3612861829808,352.6464498378619
2127.5031707522135,-0.00013190070247102905,-0.021560475461932002,2.725935429196152,776.2856050190558,353.5034388162796
2128.1567042801707,-0.00012835413556263784,-0.021645518269140712,2.7118169974213377,775.6895992948527,353.7715471071824
2128.8102378081285,-0.0001247894559699892,-0.021728239310232038,2.6976437849736326,775.0974466375962,354.0480428022493
2131.0561003350485,-0.00011240859082984733,-0.0219946304219519,2.648540765447444,773.0937355086031,355.06197630302523
2133.3019628619686,-9.984600840514593e-05,-0.022233011756582707,2.5988709211603127,771.1425286802505,356.1735595221072
2133.955496389926,-9.61601839561242e-05,-0.022297059612947978,2.584319825538643,770.5853788900871,356.5151550293778
2134.6090299178836,-9.246227614524072e-05,-0.022358697291437652,2.569727685917695,770.0332624347687,356.8648161468441
2136.8548924448037,-7.967228758316458e-05,-0.022552011316500798,2.5192906501614654,768.1761384560845,358.1273312740575
2139.1007549717237,-6.678215791149649e-05,-0.0227164883339499,2.4684518396578103,766.3852962967142,359.48220023299683
2139.7542884996815,-6.301748936088493e-05,-0.02275890134069686,2.453591850205243,765.8773677209377,359.89343057161335
2140.407822027639,-5.924848761015101e-05,-0.022798855779430086,2.438704954909703,765.3756041402162,360.3121546457327
2142.6536845545593,-4.627592018087601e-05,-0.02291735230741038,2.387363343053767,763.700048827288,361.80725299311354
2144.8995470814793,-3.3304039808976995e-05,-0.023006715003841507,2.3357883195763387,762.1036011832097,363.3865310637801
2145.5530806094366,-2.953549609649368e-05,-0.0230272468882086,2.320745816533134,761.6545760483871,363.86137495342297
2146.2066141373944,-2.577183778859828e-05,-0.023045321168806046,2.305690687431364,761.2127362911446,364.3429093818628
2148.4524766643144,-1.2890231419147471e-05,-0.02308871411312856,2.2538799470384645,759.7506936637819,366.04737551155466
2150.6983391912345,-1.2565038317213867e-07,-0.023103308151824948,2.2020040912494583,758.3789218529445,367.82529682143235
2151.3518727191918,3.559991035739638e-06,-0.02310218316200495,2.1869055518836147,757.9972626400513,368.3558013699958
2152.0054062471495,7.230452638322821e-06,-0.023098658377459454,2.171808498867776,757.6236422193057,368.89199806953144
2154.2512687740696,1.9711582439465423e-05,-0.02306835895341114,2.1199609165849456,756.4022616867326,370.7764053218234
2156.4971313009896,3.195029014560802e-05,-0.02301030085099822,2.068212553730939,755.2800596774804,372.72151226545594
2157.150664828947,3.54591370181912e-05,-0.022988270280876296,2.0531816470009803,754.9725582722814,373.29817542588484
2157.8041983569046,3.8942236053390194e-05,-0.022963958753202788,2.0381658276663477,754.6737391182877,373.87938761705107
2160.0500608838247,5.069868423180205e-05,-0.022863230112702967,1.9867001794586636,753.7139755043929,375.9095653103807
2162.2959234107448,6.209153779775701e-05,-0.022736506397547103,1.935489944612091,752.859628604358,377.98631833079855
2162.949456938702,6.533224042465138e-05,-0.02269486482010288,1.920644400851531,752.6310872596035,378.5985807400233
2163.60299046666,6.853777039638185e-05,-0.022651119906120336,1.9058266827794426,752.4116355718712,379.21416404081845
2165.84885299358,7.927111299767686e-05,-0.022485054270884722,1.8551374472348872,751.7273456622913,381.3529813477959
2168.0947155205,8.95427048678458e-05,-0.022295401538044147,1.8048476589668299,751.1518425828052,383.5236163116311
2168.7482490484576,9.244040101882549e-05,-0.022235931892324944,1.7902962390790715,751.0049154484682,384.16041138366455
2169.4017825764154,9.52960314502192e-05,-0.022174584295530844,1.7757842075507748,750.8672419661622,384.799276869962
2171.6476451033354,0.00010477881868980961,-0.021949815538890142,1.7262316641992024,750.4648492880622,387.00855567922764
2173.8935076302555,0.00011373555920010428,-0.021704340460055628,1.6772071723519333,750.1717685277927,389.2349931642991
2174.547041158213,0.00011624049181196742,-0.021629188648465643,1.6630471751598372,750.1069696573727,389.8852977678001
2175.2005746861705,0.00011869933757521368,-0.021552415827334793,1.6489367224112061,750.0513555935831,390.5364592629825
2177.4464372130906,0.00012679237894864924,-0.021276641222342543,1.600839350660068,749.9300739740968,392.77881909455203
2179.6922997400106,0.0001343282272478487,-0.020983316448523706,1.553381038393411,749.9160045629994,395.0244351632324
2180.345833267968,0.00013641561096160414,-0.020894843514841784,1.539696625301099,749.9318653048017,395.6777674831548
2180.9993667959257,0.0001384555561623956,-0.020805022008606542,1.5260703703276162,749.9566345783837,396.3308307724393
2183.2452293228457,0.00014510286797062005,-0.020486500656956314,1.4797001521871203,750.1091675339176,398.5712961873441
2185.491091849766,0.00015119057914851871,-0.020153678749854072,1.43406134775512,750.3645590329664,400.80240350570693
2186.144625377723,0.0001528574572624262,-0.020054323539984133,1.4209227019206325,750.4579006688915,401.44922806396323
2186.798158905681,0.0001544776194255041,-0.019953893616597693,1.4078492382529377,750.559702910215,402.0947838480473
2189.044021432601,0.00015969118693742572,-0.01960100263765421,1.3634297306548695,750.9732877379884,404.30203812398355
2191.289883959521,0.00016436507257608515,-0.019237008728451924,1.3198152355100008,751.4835877998726,406.4889850387227
2191.9434174874787,0.00016562544682365482,-0.0191291768515596,1.3072784468111045,751.6498668639358,407.12100258200826
2192.5969510154364,0.00016684162402254009,-0.019020534528086212,1.2948122990353368,751.8240282045491,407.7509029048021
2194.8428135423565,0.0001706886354530093,-0.018641417385480835,1.2525190041945042,752.4816753944582,409.8981338778774
2197.0886760692765,0.0001740341279772266,-0.018254223555322167,1.2110862239025195,753.2286057781296,412.01599052508664
2197.742209597234,0.00017491595923861046,-0.0181401967734799,1.1991937524926495,753.462289247917,412.62630796396945
2198.3957431251915,0.00017575738970724642,-0.018025605301374092,1.1873758984122893,753.7031884647032,413.2338230859249
2200.6416056521116,0.0001783473307423493,-0.017627885625257238,1.1473384849748725,754.5849746204367,415.299163864202
2202.8874681790317,0.0001804862291109379,-0.01722485578753408,1.1082002582007462,755.5478118186728,417.3280166314524
2203.541001706989,0.0001810269644685642,-0.017106724207690722,1.0969818618959117,755.8427450637934,417.9112064127228
2204.1945352349467,0.00018153191985999852,-0.016988249103518063,1.0858407032357125,756.1441788491389,418.49107282667575
2206.4403977618667,0.0001830019490864068,-0.016578829069179447,1.0481466464414126,757.2284761504344,420.45768334006004
2208.686260288787,0.00018407895527897987,-0.016166548889139695,1.0113753025070291,758.3852322405538,422.3825959075864
2209.339793816744,0.000184321895314524,-0.016046167021166267,1.00084928575344,758.7349718851148,422.93466369096706
2209.993327344702,0.00018453414450820204,-0.015925634484043348,0.9904019252272458,759.0904825493732,423.4830429068868
2212.239189871622,0.00018503775970531036,-0.015510568571349179,0.9551010880272481,760.3550420721996,425.3389045893477
2214.485052398542,0.0001852097391645193,-0.015094744012293989,0.9207332837144881,761.6834770647458,427.1496235375567
2215.138585926499,0.00018520089786626422,-0.01497370571093038,0.9109079451131183,762.0815713754836,427.66790759730833
2215.792119454457,0.00018516651991248704,-0.014852679671563545,0.9011616495741871,762.4847207345374,428.1822793573423
2218.037981981377,0.00018486183058231867,-0.014437112292543164,0.8682714117883685,763.9075623885864,429.9197853319219
2220.283844508297,0.00018428476901597874,-0.014022535059171044,0.8363133693409974,765.3859935311332,431.6102729419948
2220.937378036255,0.00018406880957142036,-0.013902169116903038,0.8271885373610305,765.8262025491849,432.0932991256907
2221.5909115642125,0.00018383204141824648,-0.013781949487813205,0.8181422754030842,766.2707851890107,432.572312727445
2223.8367740911326,0.0001828670104883317,-0.013370130329176876,0.7876528081447195,767.8308780028086,434.187733103377
2226.0826366180527,0.00018168115231480256,-0.012960726471159029,0.7580855178860282,769.4387799660556,435.7556033009925
2226.73617014601,0.00018129716599921895,-0.012842117042481506,0.7496540405945299,769.9152353721802,436.2029167838688
2227.3897036739677,0.00018089628027269215,-0.012723762799310742,0.7412999582652865,770.3954320168735,436.6462213292765
2229.6355662008878,0.0001793956095958946,-0.012319146025703772,0.7131791616819143,772.0731724861487,438.1391115593683
2231.881428727808,0.00017771462599951865,-0.011918102031149659,0.6859630667628528,773.7915832718767,439.5850309394264
2232.534962255765,0.00017719353165993943,-0.01180212964068079,0.6782121188764825,774.2988934608711,439.9970215848113
2233.188495783723,0.00017665848976536238,-0.011686501419747895,0.6705368199180519,774.8093703856512,440.40509141526024
2235.434358310643,0.00017471777849737652,-0.011291901794289209,0.644734499992603,776.5868824101685,441.777695250405
2237.680220837563,0.0001726262373997038,-0.010901830111074071,0.6198133120112036,778.3986424002554,443.10479402592665
2238.3337543655202,0.00017199064228533536,-0.010789220518303532,0.6127254343488053,778.9319513020808,443.48252714995976
2238.987287893478,0.00017134319528549818,-0.01067702952608172,0.6057109881832035,779.4679145358857,443.85649372171497
2241.233150420398,0.00016903087562833563,-0.010294788433760384,0.5821620774771553,781.3292021700518,445.11317535257484
2243.479012947318,0.0001665881464519755,-0.009917886934433484,0.5594656317206926,783.2190586717825,446.32649685015974
2244.1325464752754,0.00016585375977267315,-0.009809255670874617,0.5530194955214804,783.7740678172962,446.67155666639786
2244.786080003233,0.00016510895478084533,-0.00970110731072348,0.5466441729942016,784.3312816441907,447.0130536947601
2247.031942530153,0.00016247204263370702,-0.0093332345601741,0.5252710482757791,786.2622671486231,448.159779320204
2249.2778050570732,0.0001597186109566482,-0.0089714147952257,0.5047173180957213,788.2168762484956,449.2657837059413
2249.931338585031,0.00015889612627820654,-0.008867301758808541,0.4988882585940184,788.7898391390161,449.58013324116547
2250.5848721129887,0.00015806420771196812,-0.008763729013848698,0.4931270433707136,789.3646178586905,449.8911585803842
2252.8307346399088,0.00015513479616725717,-0.008412008067533438,0.4738411249845596,791.3530949507966,450.9350370411588
2255.076597166829,0.00015209855791611183,-0.00806698613588079,0.4553376009586685,793.3609490466991,451.9411657719986
2255.730130694786,0.00015119542154558367,-0.007967879400696013,0.45009798197553846,793.9486457689036,452.2270246245935
2256.383664222744,0.0001502835590270573,-0.007869365512319194,0.44492291987576216,794.5378265150823,452.509820038973
2258.629526749664,0.00014708445458780272,-0.007535423044257263,0.4276257667806472,796.5733544850258,453.45870500374207
2260.875389276584,0.0001437858134018189,-0.007208777097899916,0.4110704090683627,798.624659392164,454.3730064796784
2261.5289228045413,0.00014280759305213952,-0.007115127557326147,0.4063898772238063,799.2243580964717,454.6327462348354
2262.182456332499,0.00014182120692993977,-0.007022119790599511,0.40177032104516636,799.8252611828489,454.88969474151554
2264.428318859419,0.0001383700764385144,-0.006707466746345988,0.3863544093272139,801.8990209778423,455.7518464461962
2266.674181386339,0.0001348254812231263,-0.006400669421199231,0.37163634365774945,803.9855420051266,456.5826596661283
2267.3277149142964,0.00013377678528495127,-0.006312898800543766,0.3674820181781011,804.5949525796967,456.81871584964233
2267.981248442254,0.00013272040965567512,-0.006225815872846027,0.3633848123517268,805.2053345685613,457.05225543820467
2270.227110969174,0.0001290323871126902,-0.005931869009265384,0.3497341365627486,807.3099636775102,457.836057369314
2272.4729734960943,0.00012525639057585196,-0.00564630372606053,0.3367342130809504,809.4248559868075,458.5917483321607
2273.1265070240515,0.00012414136561734014,-0.005564808518613313,0.3330708421260291,810.0420801092367,458.80654727521414
2273.7800405520093,0.00012301911256621507,-0.005484044214392391,0.3294604764905505,810.6600836652309,459.0190993377735
2276.0259030789293,0.00011910806550396786,-0.005212136536396542,0.3174510620416774,812.7895028807418,459.73282389099415
2278.2717656058494,0.00011511419944117783,-0.004949105532483726,0.30604234696275334,814.9271378994446,460.4215684813897
2278.925299133807,0.0001139367337230241,-0.004874259010984823,0.30283244757390715,815.5506186575656,460.6174672353986
2279.578832661765,0.00011275247937198855,-0.004800184043127453,0.29967119605877557,816.1747222759307,460.8113778320659
2281.824695188685,0.0001086316923285894,-0.0045515703543463045,0.2891715670082765,818.3239642000814,461.46299442600736
2284.070557715605,0.00010443353023739213,-0.004312298273627523,0.2792198001413459,820.4797608455251,462.0926012043914
2284.7240912435623,0.0001031976925211577,-0.004244451044478395,0.27642379008192636,821.1082342780849,462.27183859068674
2285.37762477152,0.00010195559779142111,-0.004177413276714832,0.2736718424297202,821.7372041515056,462.44933063839335
2287.62348729844,9.764025944179627e-05,-0.003953267767475015,0.2645434750251974,823.9022505882401,463.0463497617326
2289.86934982536,9.32550267221971e-05,-0.0037388924014987814,0.25590753642113434,826.0725174982223,463.6241162833645
2290.5228833533174,9.196633574581085e-05,-0.0036783680625776033,0.2534838746359011,826.7049676871405,463.78877326326585
2291.176416881275,9.067219055732543e-05,-0.0036186873230254824,0.2510994801385881,827.3378132676914,463.95190785702357
2293.422279408195,8.618459947758345e-05,-0.0034200784574780286,0.2431973284139244,829.5154462924961,464.5012551122524
2295.6681419351153,8.16390518919362e-05,-0.0032316131857451063,0.23572983433928948,831.6972390198143,465.033852262481
2296.3216754630726,8.030626903284719e-05,-0.003178694842069337,0.23363521160866213,832.332857735374,465.18582011957153
2296.9752089910303,7.896931650412209e-05,-0.0031266482800961005,0.23157487900847717,832.9687919271183,465.33646552537
2299.2210715179503,7.434523166153297e-05,-0.002954479242399311,0.22474814265479873,835.1564613623784,465.8443810487765
2301.4669340448704,6.968193648489786e-05,-0.0027927392940817405,0.21829636314066583,837.3474565453139,466.3377614457829
2302.1204675728277,6.831884373347534e-05,-0.0027476454583613137,0.21648600176684438,837.9856079021743,466.4787167673143
2302.7740011007854,6.695351518645145e-05,-0.0027034423197355557,0.214704814982107,838.6240122871344,466.6185241355163
2305.0198636277055,6.224776068034474e-05,-0.002558355906369259,0.20879815773708127,840.8197205639555,467.09048461553425
2307.2657261546256,5.7529923066646486e-05,-0.002423851539208385,0.20320546172048454,843.0181074678851,467.549813062591
2307.9192596825833,5.6156539114561494e-05,-0.002386703098052906,0.20163358242136625,843.6582976042499,467.681199075485
2308.572793210541,5.478358188880096e-05,-0.0023504509471019164,0.2000856890659021,844.2986926700175,467.81158449209715
2310.818655737461,5.0073094154028825e-05,-0.00223270851132027,0.19494109101447166,846.5008966487251,468.252246938544
2313.064518264381,4.538613731286466e-05,-0.002125518759849573,0.19004907634826515,848.705285194729,468.68185275321713
2313.7180517923384,4.40288673495094e-05,-0.002096301731772547,0.18866957191628342,849.3471366386934,468.80486708197975
2314.371585320296,4.2675334911902966e-05,-0.0020679691852723207,0.18730888097277648,849.9891566384397,468.92700007308446
2316.617447847216,3.8057883735852745e-05,-0.001977323605374401,0.18276822227355213,852.1966848816801,469.3401680732557
2318.8633103741363,3.350602155068408e-05,-0.0018969745341142537,0.17841957881399748,854.406028327292,469.74352046281933
2319.5168439020936,3.219621510699864e-05,-0.0018755063267058738,0.17718689803027016,855.0492584619519,469.8591097135186
2320.1703774300513,3.0893828772641705e-05,-0.0018548903255706693,0.17596798504882327,855.6926302963557,469.9739086284495
2322.4162399569714,2.6480663411914624e-05,-0.0017904831955462967,0.17187631311941964,857.9046135462006,470.36252267057785
2324.6621024838914,2.2176931150837902e-05,-0.0017358645423818265,0.16791829896311639,860.1181433808711,470.7422307838224
2325.3156360118487,2.0947500216247842e-05,-0.001721774192486555,0.1667884911637363,860.7625462718245,470.8510924128303
2325.9691695398064,1.9729075056853846e-05,-0.0017084824642116382,0.16566765469356998,861.407071647192,470.95922712888154
2328.2150320667265,1.56314402848039e-05,-0.001668803004223346,0.16187688618691023,863.6228838938804,471.3253803243469
2330.4608945936466,1.1683243943171713e-05,-0.0016381584595331255,0.15816508670367557,865.8400543087463,471.6832188671046
2331.114428121604,1.0564444404056205e-05,-0.0016308900081235885,0.15709689624912582,866.4854851295646,471.78581048135027
2331.7679616495616,9.459731531255892e-06,-0.0016243471089792702,0.15603324929848122,867.1310252319973,471.8877125203297
2334.0138241764816,5.775419345151422e-06,-0.0016072730928605142,0.1524058723581304,869.3502328169353,472.23269153508977
2336.2596867034017,2.272833886221749e-06,-0.0015982694687946533,0.14880777881522003,871.5706723116111,472.56965092714125
2336.9132202313594,1.2892721648712876e-06,-0.0015971068310189304,0.14776365412953557,872.2170336872015,472.66620655098137
2337.566753759317,3.2212935144642365e-07,-0.0015965809026339546,0.1467201166698289,872.8634957069348,472.76208607036597
2339.8126162862372,-2.872880409076395e-06,-0.0015994834686443983,0.1431324560595997,875.0858122919396,473.0864348649593
2342.0584788131573,-5.863525554750287e-06,-0.001609332099933984,0.13953047673127564,877.3092804513981,473.4027927561665
2342.7120123411146,-6.6944252916092015e-06,-0.0016134368817351014,0.13847739345950558,877.956510187433,473.4933450066266
2343.3655458690723,-7.507420085753721e-06,-0.0016180784377734043,0.13742149085848654,878.6038351801125,473.5832135547873
2345.6114083959924,-1.016273492678393e-05,-0.0016379613853663322,0.13376625247447227,880.8290809667136,473.88681576123844
2347.8572709229124,-1.260123454242657e-05,-0.0016635643364629217,0.13005993655277287,883.055429028175,474.1822252864555
2348.5108044508697,-1.326968585297937e-05,-0.001672019228170331,0.1289699822599636,883.7034888707602,474.26663204712634
2349.1643379788275,-1.3919599406674322e-05,-0.0016809048313217434,0.1278744017412837,884.3516406205875,474.3503296483981
2351.4102005057475,-1.6010982627992423e-05,-0.0017145558896092855,0.12406236568327046,886.5797048294635,474.6325045111721
2353.6560630326676,-1.7882911701432332e-05,-0.0017526574751794651,0.12016975633823337,888.8088392996888,474.9060940613677
2354.309596560625,-1.8386522489875143e-05,-0.0017645100965193012,0.11902046029487082,889.4577045570818,474.9840681209202
2354.9631300885826,-1.887175678592343e-05,-0.0017766860356991463,0.11786335225475501,890.106659294357,475.06129315294777
2357.2089926155027,-2.039967849869855e-05,-0.0018208250527914104,0.11382419200739649,892.3374655551717,475.3208997532706
2359.4548551424227,-2.171443676232236e-05,-0.0018681562041011832,0.10968231704826527,894.5693147611169,475.5713790325042
2360.10838867038,-2.2057562092269762e-05,-0.001882460232759366,0.10845673253363423,895.2189647951451,475.64251918380523
2360.7619221983377,-2.2383185007804994e-05,-0.0018969832316137693,0.10722176616620177,895.8687017935665,475.7128595527287
2363.007784725258,-2.3370339802245798e-05,-0.0019483985405363228,0.1029040398558936,898.1021766616515,475.94840427157453
2365.253647252178,-2.415848597845596e-05,-0.0020018073904208697,0.09846860322049493,900.3366606313339,476.1741717578793
2365.9071807801356,-2.4351436481837406e-05,-0.002017659416583267,0.09715516330300204,900.9870703641527,476.2379939717749
2366.5607143080933,-2.4528377480963323e-05,-0.0020336329716832404,0.09583135848123396,901.6375635756473,476.300958215325
2368.8065768350134,-2.5016919764114757e-05,-0.0020893022593563666,0.09120175353849781,903.873608800619,476.5107008569179
2371.0524393619335,-2.5327404278510815e-05,-0.0021458687992007997,0.08644611547616181,906.1106132024931,476.70994829376997
2371.7059728898907,-2.5385640098466458e-05,-0.0021624405224149757,0.08503828857466039,906.7617458652554,476.76591573415914
2372.3595064178485,-2.542988960431262e-05,-0.0021790465744642882,0.08361965054783811,907.4129568239465,476.82096283668
2374.6053689447685,-2.5478652311066693e-05,-0.002236241710271405,0.078661573965204,909.651426192855,477.0030173661788
2376.8512314716886,-2.5375976470731876e-05,-0.0022933763053353106,0.07357511295343176,911.8907811709985,477.17382743901356
2377.504764999646,-2.5319266945185418e-05,-0.002309941996889147,0.07207088530718402,912.5425825358456,477.2213782370911
2378.1582985276036,-2.5251021191661747e-05,-0.0023264678377205136,0.0705558694192511,913.1944547700521,477.2679450907925
2380.4041610545237,-2.4932519432665836e-05,-0.002382843034155802,0.06526747783828853,915.4351363149068,477.4203714471786
2382.6500235814437,-2.4493637604940838e-05,-0.002438367740883128,0.059853430357686435,917.6766009370764,477.5608052966946
2383.303557109401,-2.4345138472264418e-05,-0.0024543265885758514,0.0582546438699938,918.3289952228254,477.5993771458156
2383.9570906373588,-2.4187875595044766e-05,-0.002470186602683735,0.056645479014350776,918.9814503560509,477.6369027361118
2386.202953164279,-2.3585066508781903e-05,-0.0025238484648727683,0.051037249415447905,921.2240544650076,477.75778667715406
2388.448815691199,-2.2896061835826606e-05,-0.0025760597090050056,0.04531013159549719,923.4673071765832,477.86595840609414
2389.102349219156,-2.2681335234145312e-05,-0.002590952644408356,0.04362170792582222,924.1201947115538,477.89500918832186
2389.755882747114,-2.2460821135653544e-05,-0.0026057044904368087,0.04192360986902071,924.7731303213003,477.92295473207236
2392.001745274034,-2.166363723170044e-05,-0.0026552626392751764,0.036015559754348385,927.0172838711554,478.0104731987731
2394.247607800954,-2.0816147197372474e-05,-0.0027029739323300482,0.0299982827423948,929.2619188790063,478.08460907994254
2394.9011413289118,-2.056209567863078e-05,-0.0027164945411695006,0.028227366754072402,929.9151754607491,478.10363290000515
2395.5546748568695,-2.0305312960092282e-05,-0.0027298493625165675,0.026447674706701292,930.5684646176356,478.1214973322231
2397.8005373837896,-1.9406875514771077e-05,-0.002774446095840407,0.020266348613356418,932.8137107261186,478.17396741024015
2400.0463999107096,-1.849414327643913e-05,-0.002817009010103039,0.013987148226824505,935.0592397018842,478.2124481235539
2400.699933438667,-1.8227830695893454e-05,-0.002829007952075965,0.012142206650662015,935.7127174369579,478.22098631263606
2401.3534669666246,-1.7961780425856002e-05,-0.0028408340091764864,0.010289479348696794,936.3662096901012,478.228316707028
2403.5993294935447,-1.7054175748192115e-05,-0.0028801507966401832,0.0038648293459381255,938.6120121535996,478.24422694002317
2405.8451920204648,-1.6166471366537847e-05,-0.002917451575433596,-0.0026458569173008844,940.8578701302688,478.2456118868704
2406.498725548422,-1.591368796050679e-05,-0.002927933626753925,-0.00455594172625301,941.5113993921915,478.2432587571633
2407.15225907638,-1.5663896514151567e-05,-0.002938252398555976,-0.006472829966490488,942.1649228245469,478.23965548871917
2409.3981216033,-1.4832540312783736e-05,-0.0029724884415645247,-0.01311052457588,944.410673843213,478.2176790989884
2411.64398413022,-1.405119248961801e-05,-0.003004913528805214,-0.019823075052483964,946.6562277627057,478.18071270874833
2412.297517658177,-1.3834739962064175e-05,-0.0030140249967620237,-0.02178986720419774,947.3096197956112,478.167116106631
2412.951051186135,-1.3623585074586476e-05,-0.0030229974836072345,-0.02376257994913973,947.9629836675734,478.1522328387595
2415.196913713055,-1.294179478290093e-05,-0.00305281477299136,-0.030585570553011483,950.2080131411121,478.0912234207858
2417.442776239975,-1.233377312152691e-05,-0.0030811836922094086,-0.03747390026962481,952.452571266927,478.01482446965184
2418.096309767933,-1.217179732092355e-05,-0.0030891905989438987,-0.039490172423061166,953.1056209070723,477.9896815130065
2418.7498432958905,-1.2016783066900871e-05,-0.003097094405642838,-0.0415116586136754,953.7586183585195,477.96322043427733
2420.9957058228106,-1.1539543264896144e-05,-0.003123529869755255,-0.0484971739659314,956.0022029290678,477.86219188183435
2423.2415683497306,-1.115138021247868e-05,-0.003148993545946951,-0.05554096848538156,958.2450233247314,477.74542805286177
2423.895101877688,-1.1055750458180836e-05,-0.0031562494940320725,-0.05760130745412519,958.8975113262544,477.7084767897791
2424.5486354056457,-1.0967977822757362e-05,-0.0031634456936177175,-0.05966638578327604,959.5499216295904,477.67017987790405
2426.7944979325657,-1.0727408722182785e-05,-0.00318779037329912,-0.06679846851166457,961.7912917881647,477.5282735359953
2429.040360459486,-1.0581670765810647e-05,-0.0032117012567089796,-0.07398473892048411,964.0315882988558,477.37032469197203
2429.693893987443,-1.0557118893188787e-05,-0.0032186082587802593,-0.07608594236992225,964.6832828369359,477.3213327786868
2430.347427515401,-1.0540492406979904e-05,-0.0032255016743911644,-0.07819167236314967,965.3348727881299,477.27097022568586
2432.593290042321,-1.0543616485276697e-05,-0.0032491607086724095,-0.08546225280332018,967.5732167427434,477.0874134200761
2434.839152569241,-1.0637418007259862e-05,-0.003272928583740436,-0.0927860904027282,969.8101613787451,476.8875280811689
2435.492686097198,-1.0681243150175214e-05,-0.0032798945598758586,-0.09492732516878057,970.4608184508635,476.8262798393026
2436.146219625156,-1.0732230058471727e-05,-0.003286891083940523,-0.09707313779673389,971.1113426383276,476.76363701851
2438.392082152076,-1.0960592502669012e-05,-0.0033112362374346335,-0.10448226909501362,973.3458062030473,476.5376978408433
2440.637944678996,-1.1265870531758292e-05,-0.0033361806324996427,-0.11194674916833215,975.5785274300413,476.29514790268865
2441.2914782069533,-1.136813449664946e-05,-0.0033435766509449035,-0.11412946097964458,976.2278900590208,476.22143124157043
2441.945011734911,-1.1476017959798951e-05,-0.003351040630295405,-0.11631704059689704,976.8770899355793,476.1462957089077
2444.190874261831,-1.1886935740486703e-05,-0.003377265434259417,-0.12387228166847673,979.1067723508842,475.87723921545467
2446.436736788751,-1.2352285095793845e-05,-0.0034044742259855777,-0.13148752499517588,981.3343494564615,475.59127806759943
2447.090270316709,-1.2496456275356253e-05,-0.0034125941971775084,-0.13371510611584123,981.9821457932006,475.50487276533494
2447.7438038446667,-1.264402182436744e-05,-0.003420808560640312,-0.1359480320084333,982.6297476706726,475.41702278265296
2449.9896663715867,-1.3173310840381516e-05,-0.003449795035149129,-0.14366301992878103,984.8536939298681,475.10407365585314
2452.235528898507,-1.372726109647318e-05,-0.003479997912902398,-0.15144447342324766,987.0751482889902,474.77390261169427
2452.889062426464,-1.3891267472202747e-05,-0.0034890232118614996,-0.15372170969858556,987.7210888997458,474.6745713507724
2453.542595954422,-1.4055907360525601e-05,-0.0034981547974147304,-0.15600488034011117,988.3668011709018,474.5737673098696
2455.788458481342,-1.4622016890573235e-05,-0.003530360084711958,-0.16389718367627798,990.5839920485536,474.21608357204786
2458.034321008262,-1.51777094810029e-05,-0.003563825078681682,-0.17186323022435954,992.7982767039605,473.8408309332802
2458.687854536219,-1.5335404742913763e-05,-0.003573796468683241,-0.17419556300716152,993.4420514936193,473.72831429174636
2459.341388064177,-1.5490626252107832e-05,-0.0035838689207945067,-0.1765344400586153,994.0855615499521,473.6142942123343
2461.587250591097,-1.6000193472147783e-05,-0.0036192399741446046,-0.18462283218418774,996.2949030668044,473.2109557958056
2463.833113118017,-1.646152602259457e-05,-0.003655701281200665,-0.1927918871129882,998.5008925380159,472.7896719669552
2464.4866466459744,-1.658459108539318e-05,-0.0036665005691159025,-0.19518453936659386,999.1421678972541,472.6636882793283
2465.140180173932,-1.6701978422428125e-05,-0.0036773772609586253,-0.19758426232670967,999.7831393433872,472.53616825702267
2467.386042700852,-1.7057001806161316e-05,-0.003715302274561777,-0.20588560203882172,1001.9834538247393,472.0861831351014
2469.631905227772,-1.732653848670434e-05,-0.00375392862618701,-0.21427290367220914,1004.1799364260524,471.6178539805734
2470.2854387557295,-1.738693468827916e-05,-0.003765272876711117,-0.21672993457984166,1004.8183532854919,471.47810460319624
2470.9389722836872,-1.7438667992749885e-05,-0.003776652755276015,-0.21919437229997976,1005.4564241405899,471.33678469321126
2473.1848348106073,-1.7545738622688452e-05,-0.003815959910630131,-0.22772033421412063,1007.6464452868186,470.83911385037993
2475.4306973375274,-1.753487808751544e-05,-0.003855375103307517,-0.23633469591399892,1009.8321204152571,470.3226929230543
2476.084230865485,-1.7507990615245094e-05,-0.0038668270067545914,-0.23885806682462843,1010.4672939251606,470.1688729567395
2476.737764393443,-1.747007628853255e-05,-0.003878257039888632,-0.24138889108440323,1011.1020765285663,470.0134484845988
2478.983626920363,-1.7252173810200163e-05,-0.003917274007218219,-0.2501428576985156,1013.2804509385053,469.467049206164
2481.229489447283,-1.689392174737641e-05,-0.0039556439926009546,-0.2589837245412123,1015.4539336899143,468.90150751891923
2481.8830229752402,-1.6762441031002933e-05,-0.0039666427044370905,-0.2615724822867098,1016.085455187632,468.73332144090483
2482.536556503198,-1.6618633453651088e-05,-0.003977551225522418,-0.2641683721269294,1016.7165384566506,468.5634991168575
2484.782419030118,-1.602878045716024e-05,-0.004014239723258362,-0.27314288306492573,1018.8818356985435,467.9673838546183
2487.028281557038,-1.529094341958106e-05,-0.004049437316346861,-0.2821981171417166,1021.0416706397997,467.35177348174454
2487.6818150849954,-1.504847981483698e-05,-0.004059351901000556,-0.28484782240779893,1021.6691123750595,467.1689544172737
2488.335348612953,-1.4793752735704648e-05,-0.004069104307223232,-0.2875039278750913,1022.296066853321,466.98447190017396
2490.581211139873,-1.3825462656253712e-05,-0.004101267696213581,-0.2966791301989674,1024.4467993177684,466.3377773988335
2492.8270736667932,-1.2718371787125742e-05,-0.004131100575053178,-0.30592395007020734,1026.5914841713536,465.67130261724355
2493.4806071947505,-1.237111084820871e-05,-0.0041392993078420166,-0.30862646723574205,1027.2144069090396,465.4736332466437
2494.1341407227083,-1.2013038627317922e-05,-0.004147268325401263,-0.311334244263819,1027.8367926780627,465.274280083449
2496.3800032496283,-1.0702903120968853e-05,-0.004172798141136187,-0.3206776816978708,1029.97144508142,464.57633914933314
2498.6258657765484,-9.278559910930542e-06,-0.00419525732523121,-0.3300750074801336,1032.0994635837505,463.8584269078499
2499.2793993045057,-8.844349220913582e-06,-0.0042011792550305195,-0.33281871007368424,1032.7174267520888,463.6457595397431
2499.9329328324634,-8.401903666313862e-06,-0.004206815814094139,-0.33556617184687226,1033.3348038225292,463.43139698830333
2502.1787953593835,-6.823095676368214e-06,-0.004223927249204685,-0.34503399704676957,1035.4518706470792,462.6818042442851
2504.4246578863035,-5.165169598058345e-06,-0.004237404054438478,-0.35453617073804344,1037.5617322866046,461.9121653756932
2505.0781914142613,-4.6699786512158e-06,-0.0042406175269175915,-0.35730653150548225,1038.1743059003613,461.68443874120396
2505.731724942219,-4.169737218449068e-06,-0.004243506947935384,-0.36007887554721785,1038.7862462704288,461.45501606730977
2507.977587469139,-2.417336726163192e-06,-0.004250911273441153,-0.36961826832593775,1040.8842740487826,460.65367979165944
2510.223449996059,-6.248933271598553e-07,-0.004254334982917303,-0.3791698202436603,1042.9745572074257,459.8323538442817
2510.8769835240164,-9.795662324814465e-08,-0.004254570659915347,-0.3819502703780641,1043.5813344976846,459.589604722569
2511.530517051974,4.3074421955701126e-07,-0.004254462578038774,-0.3847307583150028,1044.1874347906553,459.34517017160897
2513.776379578894,2.2559085443456758e-06,-0.004251446067267227,-0.39428307668562007,1046.2650653881674,458.49234480928044
2516.0222421058143,4.083293545215685e-06,-0.004244327994666565,-0.40382401461572626,1048.3344599660038,457.61972436206895
2516.6757756337715,4.613474838741738e-06,-0.0042414855382372435,-0.40659691559232386,1048.9350695791898,457.3620930878532
2517.3293091617293,5.142399801292765e-06,-0.004238298043926048,-0.40936784880068594,1049.5349631283286,457.10279869353565
2519.5751716886493,6.945838371789302e-06,-0.004224718006384156,-0.4188719856496856,1051.5909742149283,456.1990960244477
2521.8210342155694,8.718409636101688e-06,-0.004207122355600313,-0.42834111434360406,1053.6383201111878,455.27592973382605
2522.4745677435267,9.226756394529945e-06,-0.004201257785794479,-0.4310887087819117,1054.2324368667655,455.003659591819
2523.1281012714844,9.731320321503467e-06,-0.0041950630636153,-0.433832370723734,1054.825804259061,454.729759919877
2525.3739637984045,1.143263427418292e-05,-0.004171286687190449,-0.4432279094977649,1056.8591437625469,453.77613988728706
2527.6198263253245,1.3076722190385537e-05,-0.00414375365441819,-0.45256583133209843,1058.8834623282398,452.8035161870366
2528.273359853282,1.3543135426374493e-05,-0.0041350544946740665,-0.45527108198078864,1059.4708157620062,452.51694740332056
2528.9268933812396,1.4003851169027821e-05,-0.004126052977318371,-0.4579705608680726,1060.057393098362,452.2287930018553
2531.1727559081596,1.5540873947133107e-05,-0.004092862047312489,-0.4672004675654901,1062.0672053343148,451.22653727186093
2533.4186184350797,1.7001839518120446e-05,-0.004056304582461917,-0.47635205160974675,1064.0677218851665,450.20585234379996
2534.0721519630374,1.741185045602846e-05,-0.004045058708543093,-0.47899931539492296,1064.6481020981203,449.90541181029
2534.725685490995,1.7814886676256014e-05,-0.0040335475218801296,-0.48163915794094153,1065.2276865242186,449.6034385353184
2536.971548017915,1.9144966737754866e-05,-0.003992027776751053,-0.49065186803411037,1067.2133287352563,448.5541110060072
2539.2174105448353,2.0387578021150752e-05,-0.003947619076079558,-0.49956808638906874,1069.1894852628573,447.487025470054
2539.8709440727926,2.0732301722642978e-05,-0.003934181919054979,-0.5021436011096133,1069.762745899997,447.1732135239874
2540.5244776007503,2.106937482857088e-05,-0.003920522126777397,-0.5047102779449001,1070.3351982651025,446.8579290705927
2542.7703401276704,2.216854241333494e-05,-0.003871951662756177,-0.513461133014177,1072.2962473262862,445.76332793138346
2545.0162026545904,2.3175513882724663e-05,-0.003821016149345851,-0.5221002497104944,1074.247705528911,444.6517168372173
2545.6697361825477,2.3451122911736324e-05,-0.003805779657475527,-0.5245924342971412,1074.8137639883091,444.32509241385094
2546.3232697105054,2.371892584642347e-05,-0.003790365573264182,-0.5270746201497021,1075.3790087601215,443.9970613616391
2548.5691322374255,2.4579651295090338e-05,-0.00373611249654504,-0.5355266802664428,1077.315258692919,442.8591671018375
2550.8149947643456,2.5349038296655663e-05,-0.0036800289155925737,-0.5438548399007779,1079.2418942545294,441.705067428068
2551.468528292303,2.5555948933275093e-05,-0.0036633944952256755,-0.5462544254317346,1079.8007294455492,441.366232766544
2552.1220618202606,2.5755319571398776e-05,-0.003646627154289635,-0.5486431126779102,1080.3587522201333,441.02606129817616
2554.3679243471806,2.6383528086374927e-05,-0.0035880626927693284,-0.5567674180392468,1082.2702038210232,439.84698446906754
2556.6137868741007,2.6925607849905444e-05,-0.0035281840779538224,-0.5647587199672249,1084.1720934334369,438.65254363864244
2557.267320402058,2.706755932039868e-05,-0.003510540634820979,-0.5670587382578277,1084.7237415490356,438.30212950273
2557.9208539300157,2.720255254321467e-05,-0.0034928064345994005,-0.569347211368771,1085.274584632614,437.95045073018775
2560.166716456936,2.7614425868346054e-05,-0.003431236176698458,-0.5771225920582912,1087.1614289317909,436.732382459331
2562.412578983856,2.7948507748917422e-05,-0.0033688282623758883,-0.5847587537822344,1089.0388318676978,435.49981053632763
2563.0661125118136,2.8031640008693374e-05,-0.0033505356245398894,-0.5869544142494594,1089.5833807090953,435.1384626623541
2563.7196460397713,2.810861225577149e-05,-0.0033321903454958898,-0.5891381160083882,1090.1271373141349,434.7759232451632
2565.9655085666914,2.8327483955527527e-05,-0.0032688038629549473,-0.5965506565943832,1091.9897347483677,433.52109064012694
2568.2113710936114,2.8478894441682877e-05,-0.0032050015789711387,-0.6038203729380862,1093.8430708780625,432.2526180213206
2568.8649046215687,2.8510892546360503e-05,-0.003186379098965226,-0.6059088585354866,1094.3806532800759,431.8809852616158
2569.5184381495264,2.8537653993010078e-05,-0.0031677370616008207,-0.6079851786836122,1094.917460881825,431.50823375937614
2571.7643006764465,2.8591184578585585e-05,-0.0031035747979630377,-0.6150274415377371,1096.7563180324812,430.2188615272827
2574.0101632033666,2.8588586560821884e-05,-0.003039355340552528,-0.6219255405436396,1098.586144079006,428.9167031683476
2574.663696731324,2.857792893857863e-05,-0.0030206751740063024,-0.6239057514596164,1099.1169309446666,428.53542758154646
2575.3172302592816,2.8563007542093063e-05,-0.0030020030026320214,-0.6258737661309649,1099.6469642999489,428.1531047699747
2577.5630927862017,2.8480761249510245e-05,-0.002937938422542839,-0.6325438681152058,1101.462709862075,426.8313836782593
2579.8089553131217,2.835390638054697e-05,-0.002874108648685179,-0.6390703535309793,1103.2696954598916,425.4977102450665
2580.462488841079,2.830924593314107e-05,-0.002855593014798578,-0.640942623823349,1103.7938888389667,425.107419205843
2581.1160223690367,2.826128212680957e-05,-0.0028371072976259635,-0.6428028104862176,1104.3173530921836,424.7161504113958
2583.361884895957,2.807277034722517e-05,-0.002773841753844107,-0.6491034343111425,1106.110714457253,423.36421265310946
2585.607747422877,2.7850729918634482e-05,-0.00271103723197209,-0.6552624901179576,1107.8956192724481,422.001128483182
2586.261280950834,2.7780413679632096e-05,-0.0026928588627393654,-0.6570282981020859,1108.4134458257477,421.6024287476404
2586.914814478792,2.770769752562455e-05,-0.002674726909475969,-0.6587822463075527,1108.9305700330415,421.20281812421103
2589.160677005712,2.7440905533270592e-05,-0.0026127944519310675,-0.6647196523073002,1110.702351538107,419.8227192353777
2591.406539532632,2.7150779785434004e-05,-0.0025514873747277986,-0.6705186687805843,1112.4660043723236,418.43224663379306
2592.0600730605897,2.7062507794438015e-05,-0.002533772341692155,-0.6721803573017414,1112.9777094657168,418.0257202018626
2592.7136065885475,2.6972651115200136e-05,-0.0025161152294205917,-0.6738304908430781,1113.4887407704268,417.6183467825908
2594.9594691154675,2.665302477410308e-05,-0.002455894604418252,-0.6794135787747135,1115.2398043330927,416.21205348132537
2597.2053316423876,2.631909467914325e-05,-0.0023964078783703944,-0.6848622435793881,1116.9830848078752,414.796122646452
2597.858865170345,2.621970216399682e-05,-0.0023792400320684828,-0.6864227617027502,1117.4889273873282,414.38232420477436
2598.5123986983026,2.6119434958378595e-05,-0.002362137183271304,-0.6879720832242153,1117.9941259883155,413.9677395079316
2600.7582612252227,2.5769273772159494e-05,-0.00230386849840511,-0.6932115383151801,1119.7253745418927,412.53712266693475
2603.0041237521427,2.5412531886966342e-05,-0.0022463936170980378,-0.6983210213371439,1121.4491976718457,411.09756642346736
2603.6576572801,2.530787754869872e-05,-0.0022298199706736054,-0.6997836948126077,1121.949445990415,410.677022124977
2604.3111908080577,2.520294540042529e-05,-0.0022133146078981976,-0.7012355597935989,1122.4490809661004,410.2557490685991
2606.557053334978,2.484112604737087e-05,-0.0021571185176780423,-0.7061431036610039,1124.1614448519963,408.8025809707129
2608.802915861898,2.4479104505997417e-05,-0.0021017352510280096,-0.7109253515802217,1125.8667485790702,407.34113345605334
2609.456449389855,2.4374037565511276e-05,-0.0020857717706326815,-0.7122936859290877,1126.3616767822064,406.9143407884926
2610.109982917813,2.4269176952631063e-05,-0.002069876726927965,-0.7136516095458223,1126.8560227704372,406.4868736666437
2612.355845444733,2.3911117578216933e-05,-0.0020157744777499157,-0.7182393655355673,1128.5504490435267,405.0128287022896
2614.601707971653,2.3557919587836402e-05,-0.001962470921703159,-0.7227065121887479,1130.2381846252624,403.53112718235894
2615.2552414996103,2.3456299897645224e-05,-0.0019471083400859688,-0.7239840295811056,1130.7280701525895,403.09855569012507
2615.908775027568,2.335526158755113e-05,-0.0019318118595582994,-0.7252515273702937,1131.2174048400154,402.6653609772219
2618.154637554488,2.3013029383414492e-05,-0.001879745078350379,-0.7295315017914167,1132.8948492964303,401.17201899847623
2620.400500081408,2.2679465688069952e-05,-0.0018284371694857022,-0.7336953935412059,1134.565974314114,399.67160805707
2621.054033609366,2.258420638383723e-05,-0.0018136466038535266,-0.7348855028828376,1135.0510960423853,399.23370070239264
2621.7075671373236,2.2489799500390585e-05,-0.001798917932422108,-0.7360659644893837,1135.5356983850395,398.7952184743096
2623.9534296642437,2.217226242253888e-05,-0.0017487676157387786,-0.7400496404038021,1137.1971200225305,397.28407010114466
2626.1992921911637,2.1865993748646575e-05,-0.001699317790036407,-0.7439214722044901,1138.8525936909423,395.76640753205703
2626.852825719121,2.177909913450618e-05,-0.001685056112592292,-0.7450273710685487,1139.3332307208757,395.323582506692
2627.5063592470788,2.169322631209984e-05,-0.0016708508457760334,-0.7461239656846355,1139.8133797966912,394.88022829263343
2629.752221773999,2.1406151827912315e-05,-0.0016224555769363967,-0.7498220044240016,1141.4597373528818,393.35268155337906
2631.998084300919,2.113174228349146e-05,-0.0015746908160664168,-0.7534120620597108,1143.1005177578083,391.81914536881106
2632.651617828876,2.1054312754262882e-05,-0.0015609058878965944,-0.7544366692733591,1143.57694873278,391.3717981912098
2633.305151356834,2.097797009416275e-05,-0.0015471712040886828,-0.7554522816567644,1144.0529231125674,390.9239650936809
2635.551013883754,2.0723979146960087e-05,-0.00150034517405548,-0.7588743290016086,1145.685173280808,389.38135285796415
2637.796876410674,2.0482771797232415e-05,-0.0014540752176715112,-0.7621918359528015,1147.3122161280041,387.8332488952221
2638.4504099386313,2.041495153544892e-05,-0.0014407112496297538,-0.7631377547404388,1147.7847189604274,387.3817546463427
2639.103943466589,2.034816957495451e-05,-0.001427391306149617,-0.7640749518848892,1148.256796471716,386.9298155839155
2641.349805993509,2.0126478720313922e-05,-0.001381943209241394,-0.767229550675029,1149.8758933516808,385.3734032988575
2643.595668520429,1.9916281214304342e-05,-0.0013369800932756684,-0.7702826238876647,1151.490151765351,383.81197294776916
2644.249202048387,1.985716148623059e-05,-0.001323983470423862,-0.7711521373137784,1151.959003632442,383.356688507988
2644.9027355763446,1.9798909206848098e-05,-0.0013110252871212879,-0.7720131677138613,1152.4274613760201,382.9009984437608
2647.1485981032647,1.960503365535024e-05,-0.0012667790070427945,-0.7749077850969253,1154.0343566620822,381.33199170345773
2649.3944606301848,1.9419916957304606e-05,-0.0012229583092099217,-0.7777035093172133,1155.6367815114104,379.7584192838139
2650.047994158142,1.9367503913556915e-05,-0.0012102838474044265,-0.7784986109421117,1156.1022589638314,379.29968543335923
2650.7015276861,1.93156698013859e-05,-0.0011976435775433141,-0.7792854393187585,1156.5673734244808,378.8405834513148
2652.94739021302,1.9141466423110785e-05,-0.0011544597388941642,-0.7819266174359975,1158.16301677199,377.2601349238578
2655.19325273994,1.8971975285955154e-05,-0.0011116618455614704,-0.7844712439783071,1159.7545569466715,375.675554236551
2655.846786267897,1.8923282667863778e-05,-0.0010992788725779942,-0.7851937046383336,1160.2169359587683,375.21369748127313
2656.500319795855,1.8874779816205607e-05,-0.0010869278199088785,-0.7859080826440991,1160.678983038107,374.75150857289384
2658.746182322775,1.8708906338590907e-05,-0.0010447238537129031,-0.7883017111518439,1162.2643220127839,373.16072381806725
2660.992044849695,1.854265875071644e-05,-0.0010028928366446178,-0.7906009741496561,1163.845924054922,371.5662234180425
2661.6455783776523,1.8493906492218404e-05,-0.0009907904167272949,-0.7912524418154658,1164.3054798459004,371.10155741286405
2662.29911190561,1.844488254451531e-05,-0.0009787201274879139,-0.7918960112409451,1164.764734647943,370.6365938483832
2664.54497443253,1.8273593738075767e-05,-0.0009374866574582937,-0.79404770646424,1166.340713689194,369.03653561221
2666.79083695945,1.8096186666057392e-05,-0.0008966447489320328,-0.7961072366789936,1167.9133202393043,367.4331624214916
2667.4443704874075,1.804308387463506e-05,-0.0008848355006948904,-0.7966893627654444,1168.3703267139185,366.9659888873135
2668.097904015365,1.7989211070144032e-05,-0.0008730613951939372,-0.7972637842658595,1168.8270629351282,366.49855107065815
2670.3437665422853,1.7797415129759757e-05,-0.0008328732173010113,-0.7991793484251285,1170.3946208513792,364.89024173674653
2672.5896290692053,1.7593562248567622e-05,-0.0007931293258391841,-0.8010051543647653,1171.9591674748012,363.2790027221687
2673.243162597163,1.7531651483538007e-05,-0.0007816514112922959,-0.8015197370520916,1172.4138961674569,362.80961178506897
2673.896696125121,1.746847788435244e-05,-0.000770214546510968,-0.8020268346819289,1172.8683849800327,362.3399885255074
2676.142558652041,1.7240981382582042e-05,-0.0007312349020093845,-0.8037127598715845,1174.4284506329732,360.72441052608053
2678.388421178961,1.6995812100343708e-05,-0.0006927860286938316,-0.8053117381578992,1175.9858607486938,359.1062722979409
2679.041954706918,1.6920856647512838e-05,-0.0006817030113698567,-0.8057608711855087,1176.4385792031214,358.63494221923736
2679.695488234876,1.6844195354092237e-05,-0.0006706696863200344,-0.8062027810097578,1176.891087569734,358.1634103930741
2681.941350761796,1.656706527732841e-05,-0.0006331469405089456,-0.8076667562645772,1178.4445735832207,356.541504525328
2684.187213288716,1.626751158520344e-05,-0.0005962717709310716,-0.8090471877742692,1179.995751408209,354.91739086159606
2684.8407468166733,1.6175901214875397e-05,-0.0005856701633700585,-0.8094334017684329,1180.4467209824884,354.444387171442
2685.494280344631,1.6082238494019777e-05,-0.0005751292016512494,-0.8098127114993865,1180.8975093991357,353.97121079157546
2687.740142871551,1.574420338581208e-05,-0.0005393854710547425,-0.811064087367363,1182.4453039349826,352.3438725403142
2689.986005398471,1.5380392853372915e-05,-0.0005044298648702406,-0.8122360727397617,1183.9911255706863,350.71465999946116
2690.6395389264285,1.526954651636297e-05,-0.0004944143194261009,-0.8125624554736625,1184.4405987205703,350.2402340931997
2691.293072454386,1.5156440349042185e-05,-0.0004844719994984045,-0.8128823215080035,1184.889918447748,349.7656628510704
2693.5389349813063,1.4750240728288202e-05,-0.00045088375387893244,-0.8139324852649135,1186.4328753109346,348.1337369800071
2695.7847975082263,1.431679927230478e-05,-0.00041823836747461365,-0.8149082732057307,1187.9741783201287,346.5002489275594
2696.4383310361836,1.4185531881497686e-05,-0.00040892462035701886,-0.815178555362676,1188.422395477977,346.02463623117336
2697.0918645641414,1.4051974819066771e-05,-0.00039969738263541225,-0.8154427838690834,1188.870485384548,345.54890362267133
2699.3377270910614,1.3575555080539545e-05,-0.0003686686188043171,-0.8163054002679258,1190.4094129388295,343.9131774575056
2701.5835896179815,1.3072703939782751e-05,-0.00033873950885896555,-0.8170995651645497,1191.9469849741176,342.27617698966594
2702.237123145939,1.292152594253211e-05,-0.0003302453737278542,-0.8173181593361442,1192.394171201359,341.7995948460477
2702.890656673897,1.2768232038172448e-05,-0.00032185062436431116,-0.8175312393281595,1192.8412544053524,341.32291603795426
2705.136519200817,1.2225644286055002e-05,-0.00029377989509651924,-0.8182223171663527,1194.3769039791575,339.68411201563634
2707.382381727737,1.1659951923332177e-05,-0.00026695368821835227,-0.8188517495186788,1195.9114712104706,338.0442944079329
2708.0359152556944,1.1491254945235584e-05,-0.0002593886204478921,-0.8190237325201153,1196.357832852802,337.5669398762487
2708.689448783652,1.1320832252709084e-05,-0.00025193418065037166,-0.8191908113478464,1196.8041133932325,337.08950950953977
2710.935311310572,1.0722697253931169e-05,-0.00022717758554761418,-0.8197285658944635,1198.337168015079,335.4482776979492
2713.181173837492,1.0107321683879612e-05,-0.00020378367940113425,-0.820212250737876,1199.8693842417363,333.80626312415103
2713.8347073654495,9.925405277170677e-06,-0.00019723769890779861,-0.8203432830968033,1200.3151058520396,333.3283109159701
2714.4882408934072,9.742358217829471e-06,-0.00019081072071236294,-0.8204700787414403,1200.760765659439,332.85030107232075
2716.7341034203273,9.105703160894753e-06,-0.00016964393764540988,-0.820874575029042,1202.2918300598867,331.2072124562464
2718.9799659472474,8.459934335956818e-06,-0.00014991722844841923,-0.8212331507357079,1203.8222674604024,329.5635397940031
2719.6334994752046,8.270811431280127e-06,-0.000144450299499625,-0.8213293326597203,1204.2675092678458,329.08514058624087
2720.2870330031624,8.081320626145511e-06,-0.0001391067837649273,-0.8214219828676893,1204.7127057117234,328.6066991583071
2722.5328955300824,7.428588638263453e-06,-0.00012169033788740059,-0.8217145658799275,1206.2422985412325,326.9622405189448
2724.7787580570025,6.7764771455649835e-06,-0.00010573914154813968,-0.8219696793235319,1207.7714409865405,325.31736305933947
2725.43229158496,6.587400003886083e-06,-0.00010137245883895232,-0.8220373498190778,1208.216337174283,324.8386424179103
2726.0858251129175,6.398810319959712e-06,-9.712886406450337e-05,-0.8221022057062772,1208.6612014458822,324.35989211472173
2728.3316876398376,5.755816724932917e-06,-8.3482088068461e-05,-0.8223047514095867,1210.1897505593743,322.71446327299344
2730.5775501667576,5.123694899697007e-06,-7.126717904235152e-05,-0.8224782562182583,1211.7179902664502,321.06874705151955
2731.2310836947154,4.942353062297888e-06,-6.797816224785775e-05,-0.8225237515090318,1212.1626482671045,320.58980516183357
2731.884617222673,4.762345208556864e-06,-6.480692273236148e-05,-0.8225671329302389,1212.6072847979747,320.110843338763
2734.130479749593,4.155236687249043e-06,-5.479691211244517e-05,-0.822701188923395,1214.1351262208873,318.4647573551766
2736.3763422765132,3.568543762908505e-06,-4.6127458458211153e-05,-0.8228142691621324,1215.6627642297112,316.81848259024935
2737.0298758044705,3.402146307145666e-06,-4.384992358650301e-05,-0.8228436667470597,1216.107265151188,316.3393949129512
2737.6834093324283,3.237827223067393e-06,-4.168020607872784e-05,-0.8228716066406866,1216.5517521669865,315.86029433362756
2739.9292718593483,2.6901243340628298e-06,-3.502882953321127e-05,-0.8229575213596262,1218.079132976289,314.2137809420302
2742.1751343862684,2.170770034687523e-06,-2.9575684864426184e-05,-0.8230298435332644,1219.6063835117761,312.56714671099945
2742.8286679142257,2.025350010362085e-06,-2.8204788607805302e-05,-0.8230487217300231,1220.0507836783636,312.0879655720531
2743.4822014421834,1.8825919801277875e-06,-2.6927877110796762e-05,-0.8230667289752877,1220.4951748584497,311.6087760987974
2745.7280639691035,1.4131559680331074e-06,-2.323336516615348e-05,-0.823122866458381,1222.022259769357,309.9619882670183
2747.9739264960235,9.778438406606785e-07,-2.05548231928751e-05,-0.8231718474399854,1223.5492581244416,308.31512017489644
2748.627460023981,8.578350669078805e-07,-1.99552250101098e-05,-0.8231850836842567,1223.9935916006445,307.83587719474536
2749.2809935519385,7.408749565146173e-07,-1.9432954555246176e-05,-0.823197946765426,1224.4379187000566,307.3566283023109
2751.5268560788586,3.6272954245262084e-07,-1.820069507293212e-05,-0.8232400556977973,1225.9647997892832,305.70965148755465
2753.7727186057787,2.205309358698785e-08,-1.7775623133358083e-05,-0.8232803035609005,1227.4916130573872,304.06261179963553
2754.426252133736,-6.992770667536732e-08,-1.7791477706987784e-05,-0.8232919259292237,1227.935894942716,303.5833209917591
2755.0797856616937,-1.5868201363414245e-07,-1.786636350092189e-05,-0.8233035709897111,1228.3801711581762,303.10402492822226
2757.3256481886137,-4.388800113009501e-07,-1.8544555173528508e-05,-0.8233443482265171,1229.906879929902,301.45688837784905
2759.571510715534,-6.807643925399374e-07,-1.980900947151003e-05,-0.8233873069212168,1231.433519737986,299.80968790877876
2760.2250442434915,-7.439762885468324e-07,-2.0274737015694052e-05,-0.8234004062869658,1231.8777499776834,299.33034923277717
2760.8785777714493,-8.039945007683534e-07,-2.0780781729372364e-05,-0.8234138163044189,1232.3219737995228,298.8510046091203
2763.1244402983693,-9.86012301699262e-07,-2.2797710589721466e-05,-0.823462683168571,1233.8484946888348,297.2036939330088
2765.3703028252894,-1.1312998399200298e-06,-2.5182180848101367e-05,-0.8235164925013958,1235.3749310062074,295.5563048905275
2766.0238363532467,-1.16683121033479e-06,-2.5933253160466857e-05,-0.8235331974979634,1235.8190984467524,295.0769080226239
2766.6773698812044,-1.1993994483263745e-06,-2.670669920745604e-05,-0.8235503942633808,1236.2632577250656,294.59750359254986
2768.9232324081245,-1.2891561193949774e-06,-2.950733132676116e-05,-0.8236134879406986,1237.7895421046005,292.9499737805359
2771.1690949350445,-1.3460241979725653e-06,-3.247261296144097e-05,-0.8236830563428322,1239.3157171981925,291.30234273235243
2771.822628463002,-1.3566667076368054e-06,-3.335582535201325e-05,-0.8237045695914597,1239.7598036192096,290.8228708114983
2772.4761619909596,-1.364759538348952e-06,-3.424534485035689e-05,-0.823726656608265,1240.203879577001,290.34338919999806
2774.7220245178796,-1.3738305698081466e-06,-3.732565100765167e-05,-0.8238070277837485,1241.729859359577,288.69557725957486
2776.9678870447997,-1.3558774696541582e-06,-4.039598321232484e-05,-0.8238943057033382,1243.2557010094058,287.047637410694
2777.621420572757,-1.3459542126241816e-06,-4.127885340892071e-05,-0.8239209972162138,1243.699684878698,286.5680705268885
2778.2749541007147,-1.334052964017236e-06,-4.2154832086620075e-05,-0.823948259197747,1244.143655820977,286.0884916757642
2780.5208166276348,-1.2790214455871054e-06,-4.509276974559315e-05,-0.824046259470153,1245.6692558139482,284.4403281074101
2782.766679154555,-1.2045690909979234e-06,-4.78853059154389e-05,-0.8241506946707752,1247.1946889753867,282.7920101300788
2783.420212682512,-1.1797206182849427e-06,-4.866435026705335e-05,-0.8241822466044518,1247.6385486966426,282.31232833963594
2784.07374621047,-1.1536009242111819e-06,-4.94270245341312e-05,-0.8242142995822765,1248.0823931879127,281.8326324572296
2786.31960873739,-1.055290445181741e-06,-5.190940517272769e-05,-0.8243281369365281,1249.6075414403083,280.18405085677165
2788.56547126431,-9.465743658375872e-07,-5.41593092165599e-05,-0.8244472883211964,1251.1324976315661,278.5352915966567
2789.2190047922677,-9.1351760488735e-07,-5.476699908712819e-05,-0.824482883985965,1251.5762140820764,278.05547727447873
2789.8725383202254,-8.799990166528142e-07,-5.5353251657272756e-05,-0.8245188688045844,1252.0199133929468,277.575647102885
2792.1184008471455,-7.625937136507368e-07,-5.719783647951614e-05,-0.8246453053627761,1253.5445488770981,275.9265912747843
2794.3642633740656,-6.448352692474765e-07,-5.877834857776561e-05,-0.8247755880693797,1255.0689726762382,274.2773397588904
2795.017796902023,-6.110812534121514e-07,-5.918855266524751e-05,-0.8248141369869395,1255.5125308637664,273.7973791287675
2795.6713304299806,-5.77746212206253e-07,-5.9577170476359065e-05,-0.8248529478480675,1255.9560705196814,273.3174013733567
2797.9171929569006,-4.677792534425351e-07,-6.0749295586435696e-05,-0.8249881102553309,1257.4801476034681,271.66782945154495
2800.1630554838207,-3.6811455683924055e-07,-6.168601875688976e-05,-0.8251256407542578,1259.0039997596432,270.01804974274006
2800.816589011778,-3.4164769040695706e-07,-6.191770194158622e-05,-0.8251660303431607,1259.4473894638163,269.5379334626668
2801.4701225397357,-3.165091185570417e-07,-6.21328610564874e-05,-0.8252065688261674,1259.8907597656846,269.0577992652812
2803.715985066656,-2.416852716076567e-07,-6.275573520279639e-05,-0.8253468371615726,1261.4142490625868,267.4076844680628
2805.961847593576,-1.879123239778894e-07,-6.323420398809166e-05,-0.8254883422293869,1262.9375058650498,265.7573550479359
2806.615381121533,-1.7680768500771883e-07,-6.335309286231697e-05,-0.8255297052006656,1263.3807211706244,265.277077768611
2807.268914649491,-1.679254224427165e-07,-6.346577315801075e-05,-0.8255711486494267,1263.8239165999057,264.79678214761446
2809.514777176411,-1.5573612905986347e-07,-6.382336636111965e-05,-0.8257140841507399,1265.3468019371958,263.1461099418595
2811.760639703331,-1.748388944730614e-07,-6.418872291811044e-05,-0.8258578314749399,1266.8694506490956,261.49521946059184
2812.4141732312883,-1.8681800443875953e-07,-6.430657878305876e-05,-0.8258998161389581,1267.3124883281157,261.0147783225865
2813.067706759246,-2.0183999201021623e-07,-6.443354154745864e-05,-0.8259418873793016,1267.7555057995469,260.53431855104
2815.313569286166,-2.7793244825402723e-07,-6.49647464399059e-05,-0.8260871523044785,1269.2777772266904,258.88308017233084
2817.559431813086,-3.943474798017719e-07,-6.57121240088444e-05,-0.8262338529898734,1270.799807585097,257.23161958587946
2818.212965341044,-4.3625118424251756e-07,-6.598320189090504e-05,-0.8262768814036949,1271.2426643440353,256.7510116758378
2818.8664988690016,-4.818849766923206e-07,-6.628310538315807e-05,-0.826320104448921,1271.6855003293879,256.27038462490145
2821.1123613959217,-6.681728018123227e-07,-6.75656754710335e-05,-0.8264703191724883,1273.2071433047738,254.6185670997339
2823.3582239228417,-9.01831717299243e-07,-6.931981688292455e-05,-0.8266239439143358,1274.7285353186608,252.96651842632025
2824.011757450799,-9.790462366603247e-07,-6.993410125785457e-05,-0.8266694403050814,1275.1712039963459,252.48573727655304
2824.6652909787567,-1.060477635193506e-06,-7.060036257490777e-05,-0.8267153642367709,1275.6138506135146,252.00493581626563
2826.911153505677,-1.373172141441317e-06,-7.332350128971085e-05,-0.8268768385367731,1277.134831760281,250.35250886432848
2829.157016032597,-1.7376028705968829e-06,-7.68070051006261e-05,-0.8270452824697077,1278.6555403028815,248.69983103580262
2829.810549560554,-1.8535250844019003e-06,-7.7980176481754e-05,-0.8270958528233516,1279.098005183938,248.21886232445584
2830.464083088512,-1.9739016660899246e-06,-7.923059787666052e-05,-0.8271472247334611,1279.5404454251152,247.73787094751873
2832.709945615432,-2.4218229221252183e-06,-8.415679679073358e-05,-0.8273304981601607,1281.0606955226851,246.08477139835472
2834.955808142352,-2.9226289018255402e-06,-9.014835117831012e-05,-0.8275260314733688,1282.5806324891869,244.43138393963264
2835.6093416703093,-3.078261965956915e-06,-9.210900955555224e-05,-0.82758557664115,1283.022863976317,243.95020062298985
2836.262875198267,-3.2382974314912144e-06,-9.417274208704522e-05,-0.8276464463387421,1283.4650663267112,243.46899053099804
2838.508737725187,-3.821655973566568e-06,-0.00010209113363207694,-0.8278665813679122,1284.984461461973,241.81510513656076
2840.754600252107,-4.455511918571963e-06,-0.00011137637337898805,-0.8281060348925047,1286.5034765014761,240.16087063993638
2841.4081337800644,-4.649212319392954e-06,-0.00011435133804506722,-0.8281797835870441,1286.9454254546972,239.679427813153
2842.061667308022,-4.846961615657532e-06,-0.00011745402720626033,-0.8282555269818813,1287.3873382158881,239.1979517678835
2844.307529834942,-5.55673617682258e-06,-0.00012912833081962723,-0.828532114326434,1288.90568021536,237.54309949639318
2846.5533923618623,-6.311040053381643e-06,-0.00014244669388287215,-0.8288367667177544,1290.4235412136463,235.88780603894523
2847.20692588982,-6.538475559908893e-06,-0.00014664542267731724,-0.8289312201437694,1290.8651333073788,235.4060358697038
2847.8604594177777,-6.76931151896858e-06,-0.00015099360875469992,-0.8290284737460707,1291.3066789793654,234.92422315805607
2850.106321944698,-7.587393608652226e-06,-0.00016710859720173168,-0.8293853293813731,1292.8236763587138,233.2681381948821
2852.352184471618,-8.440765023332895e-06,-0.00018510051304423383,-0.8297804847258015,1294.3400509265298,231.61148295740657
2853.005717999575,-8.695127199057259e-06,-0.00019069998405193001,-0.8299032714675193,1294.7811813908268,231.1292900628909
2853.659251527533,-8.951995063052905e-06,-0.00019646613959363327,-0.8300297775200933,1295.222251478767,230.64704194700187
2855.905114054453,-9.85232123472193e-06,-0.00021757768885093847,-0.830494336903049,1296.737502159584,228.98935868303255
2858.150976581373,-1.0776186165712564e-05,-0.00024073767932794577,-0.8310086101820531,1298.2519413494324,227.3309340426601
2858.8045101093303,-1.1048746535922608e-05,-0.00024786946234945024,-0.831168258831992,1298.6924704433923,226.84819167583547
2859.458043637288,-1.1322754392340767e-05,-0.00025517944134603276,-0.8313326297066032,1299.132921032517,226.3653776914247
2861.703906164208,-1.22736963866299e-05,-0.0002816746492497392,-0.8319350780159505,1300.6458979652148,224.70561891763361
2863.949768691128,-1.3235241252674364e-05,-0.0003103174484398706,-0.8325994425172676,1302.1578232729078,223.0449021693189
2864.6033022190854,-1.3516317690262737e-05,-0.00031905915496073626,-0.8328050908531912,1302.5975727786947,222.56144953522553
2865.256835747043,-1.3797758409615398e-05,-0.00032798428615751237,-0.8330165129406759,1303.0372211560675,222.07790495062406
2867.5026982739632,-1.4765993044180212e-05,-0.00036005974437960714,-0.8337887324892247,1304.5472617232747,220.41547426045648
2869.7485608008833,-1.57324713134047e-05,-0.0003943077522071863,-0.8346354287313008,1306.0559560980305,218.75182183429183
2870.402094328841,-1.6012741122530467e-05,-0.0004046812498076184,-0.8348965019478032,1306.494707013768,218.2674627590254
2871.0556278567988,-1.6292405990729014e-05,-0.0004152373907133225,-0.8351644130089323,1306.933329499468,217.78298740300474
2873.301490383719,-1.7247392020173955e-05,-0.00045290253883928096,-0.8361388756107421,1308.4396291276362,216.11716639485175
2875.547352910639,-1.8190300537198745e-05,-0.0004926988920862204,-0.8372003221541572,1309.9442322012842,214.44981295480204
2876.200886438596,-1.8461913730450513e-05,-0.0005046758364059115,-0.837526222509689,1310.3817236506363,213.96431597751686
2876.854419966554,-1.8732166038589788e-05,-0.000516829607994911,-0.8378600050807267,1310.819054636773,213.47867448739714
2879.100282493474,-1.9649393797434682e-05,-0.0005599331218443212,-0.8390687541900927,1312.3206644588947,211.80862479552687
2881.346145020394,-2.054706362271096e-05,-0.0006050746409309187,-0.840376596405787,1313.8201716144856,210.13668702687022
2881.9996785483513,-2.0804277308471134e-05,-0.0006185870826780428,-0.8407764410477095,1314.2561008229338,209.64978681889272
2882.653212076309,-2.1059626302271332e-05,-0.0006322668731414232,-0.8411851672159297,1314.6918328543966,209.1627101965601
2884.899074603229,-2.1922221637360433e-05,-0.0006805370162197271,-0.8426589982090861,1316.1876607393417,207.4874798462949
2887.144937130149,-2.276086751578494e-05,-0.0007307175362433717,-0.8442433825297474,1317.680925185335,205.80996426850763
2887.7984706581065,-2.3000250205142056e-05,-0.0007456709113369788,-0.8447258109163035,1318.1149482574956,205.32136416115998
2888.452004186064,-2.323752358295255e-05,-0.0007607799936463085,-0.8452180581835441,1318.5487328799745,204.83255240860697
2890.6978667129843,-2.4036528538661007e-05,-0.0008138702628938541,-0.8469859516870689,1320.0375468299383,203.1510856455015
2892.9437292399043,-2.481010983808516e-05,-0.0008687264384117752,-0.8488750616281996,1321.5232836189691,201.46689952115202
2893.5972627678616,-2.503043411170609e-05,-0.0008850127915680213,-0.8494481198538432,1321.9550168008252,200.97627486110287
2894.2507962958193,-2.5248630972887186e-05,-0.0009014424678943413,-0.8500318640124312,1322.3864658576904,200.48540041056265
2896.4966588227394,-2.5982302242531607e-05,-0.0009589758596345525,-0.8521206826728523,1323.8668986719488,198.79655000531892
2898.7425213496595,-2.6691527618476323e-05,-0.0010181295251280365,-0.8543405328778817,1325.3436895674338,197.1045143347078
2899.396054877617,-2.689342721719093e-05,-0.0010356393839565379,-0.8550116313995412,1325.7727106784494,196.6115163739225
2900.049588405575,-2.7093365089370146e-05,-0.0010532806361123208,-0.8556942119023224,1326.20139774403,196.11822802095088
2902.295450932495,-2.7765808483603493e-05,-0.0011148877706794271,-0.8581286378978438,1327.671951901732,194.42076906508672
2904.541313459415,-2.8416593520476744e-05,-0.0011779807998205214,-0.8607030936057508,1329.1382500973245,192.7196327213658
2905.1948469873723,-2.8602092487749205e-05,-0.0011966126483589621,-0.8614790272501217,1329.564099854831,192.22389277648952
2905.84838051533,-2.8785915916623273e-05,-0.001215365299983333,-0.8622671732841594,1329.9895615322698,191.72781985582864
2908.09424304225,-2.9405350658863112e-05,-0.0012807134196316826,-0.865069841486804,1331.4486134088265,190.02046419755754
2910.34010556917,-3.0007007908360597e-05,-0.001347432741653114,-0.8680208123485841,1332.9027472970345,188.30891842754136
2910.9936390971275,-3.0178979675406402e-05,-0.0013670995281928713,-0.8689078268220447,1333.3249303155726,187.8100520990502
2911.647172625085,-3.034962623408061e-05,-0.0013868784031334164,-0.8698077279485896,1333.7466671895813,187.31080870100644
2913.8930351520053,-3.0926514274446855e-05,-0.0014556898311141474,-0.8729994970525717,1335.192469946703,185.59221938585694
2916.1388976789253,-3.148986221873018e-05,-0.0015257816657297618,-0.8763472449727191,1336.6326453732192,183.8689121374139
2916.7924312068826,-3.1651482046682416e-05,-0.0015464141450935618,-0.8773511319767068,1337.05063069349,183.3665234505076
2917.4459647348403,-3.1812123483715216e-05,-0.0015671520493742998,-0.8783685353122769,1337.4681078010951,182.86371254838355
2919.6918272617604,-3.23572637657888e-05,-0.0016392116707579973,-0.8819688342724422,1338.8987925451395,181.13251788640238
2921.9376897886805,-3.2892731412255614e-05,-0.001712484740568194,-0.8857323318551509,1340.3230932454615,179.39606768871292
2922.5912233166378,-3.304692442555054e-05,-0.0017340316104665968,-0.8868585342724159,1340.736314323918,178.88975309611652
2923.2447568445955,-3.3200429165919464e-05,-0.0017556791148220516,-0.8879988496572455,1341.1489610829663,178.38297053374768
2925.4906193715155,-3.372312992521342e-05,-0.0018308309476070218,-0.8920260356618129,1342.562536151743,176.63777768631985
2927.7364818984356,-3.4239012709650906e-05,-0.0019071490383229615,-0.8962233119789528,1343.9689223345154,174.88678708020012
2928.3900154263933,-3.438797213344883e-05,-0.001929574047965728,-0.8974770209054965,1344.376776502893,174.37613934536992
2929.043548954351,-3.4536423235238634e-05,-0.001952096284115138,-0.8987454159668293,1344.7839861164025,173.8649777117273
2931.289411481271,-3.5042956449455485e-05,-0.0020302301652062125,-0.9032170830753509,1346.1783346236732,172.10438595434917
2933.535274008191,-3.554403776644621e-05,-0.0021094955281558947,-0.90786549871585,1347.5646399320326,170.33745472260685
2934.1888075361485,-3.568885427008524e-05,-0.002132772085544375,-0.9092517261318337,1347.9664874129335,169.82206677272123
2934.842341064106,-3.5833207587193604e-05,-0.002156143123332223,-0.9106531953936488,1348.3676158436408,169.30611925998068
2937.0882035910263,-3.632576047291706e-05,-0.0022371737700234767,-0.9155863824702173,1349.7404918672273,167.52873330317686
2939.3340661179463,-3.681251326610951e-05,-0.002319304109678067,-0.9207027881193298,1351.1044191946696,165.7444719531164
2939.9875996459036,-3.695299985486384e-05,-0.0023434082761081367,-0.9222264030961734,1351.4995818279458,165.22394084487124
2940.6411331738614,-3.7092922246764386e-05,-0.0023676040105402793,-0.9237657996264855,1351.8939465045826,164.7028052374429
2942.8869957007814,-3.7569260231584036e-05,-0.002451445960761606,-0.9291770629124642,1353.2429705225031,162.90724914246098
2945.1328582277015,-3.803784359271574e-05,-0.002536348992703811,-0.9347778152144656,1354.5820873553625,161.10429321098968
2945.7863917556588,-3.817259623549095e-05,-0.0025612521149498695,-0.9364435377554587,1354.969847241957,160.57822437923494
2946.4399252836165,-3.830656963935331e-05,-0.002586242954966554,-0.938125562279584,1355.3567257081947,160.05150734475873
2948.6857878105366,-3.876062824438325e-05,-0.00267278613978402,-0.9440309018805156,1356.6793800361831,158.2364396233117
2950.9316503374566,-3.920389940433415e-05,-0.002760336964248215,-0.9501317370872499,1357.9911141069606,156.41346538155773
2951.585183865414,-3.933068117814378e-05,-0.002785999564029383,-0.9519440920152428,1358.370712401723,155.88147733354342
2952.2387173933716,-3.945641275729784e-05,-0.0028117445816324194,-0.9537732429760374,1358.749341139771,155.34879917537253
2954.4845799202917,-3.988004157415436e-05,-0.0029008365687809663,-0.9601879038053058,1360.042966164612,153.5129295899798
2956.7304424472118,-4.028976616852369e-05,-0.0029908643545284875,-0.9668037038274622,1361.3246021874163,151.6686715988179
2957.3839759751695,-4.040622826601958e-05,-0.0030172332378641717,-0.9687669475835147,1361.695238257439,151.13040117013412
2958.0375095031272,-4.0521414366436434e-05,-0.0030436777521771173,-0.9707474462585592,1362.0648118979875,150.59140114964654
2960.2833720300473,-4.090717352336664e-05,-0.0031351194521006486,-0.9776856520264102,1363.3266037872984,148.73350951984722
2962.5292345569674,-4.127694144683639e-05,-0.0032274095570031486,-0.9848301759819914,1364.575281861313,146.86678022440387
2963.1827680849246,-4.1381466724946243e-05,-0.003254419674635405,-0.9869482201155216,1364.9361129583299,146.32188842682004
2963.8363016128824,-4.1484607927217645e-05,-0.0032814976401336782,-0.9890839354694361,1365.2957840145314,145.77623067444785
2966.0821641398024,-4.182838393476199e-05,-0.003375055462674213,-0.9965586459932676,1366.5227942829408,143.8951876618742
2968.3280266667225,-4.215581347610918e-05,-0.0034693670029098027,-1.0042443208980059,1367.7355101901308,142.00489885718562
2968.98156019468,-4.22480570342491e-05,-0.0034969474468714437,-1.0065206791725239,1368.085651672184,141.45307724340344
2969.6350937226375,-4.233896960162327e-05,-0.0035245877886686825,-1.008815078907436,1368.4345308195316,140.90045717257215
2971.8809562495576,-4.2641375064164155e-05,-0.0036200176420708606,-1.0168378557099838,1369.6236677237366,138.99524667112217
2974.1268187764776,-4.292899281470404e-05,-0.0037161100509851717,-1.0250756988485346,1370.7972749464848,137.0804323618849
2974.780352304435,-4.301004690741083e-05,-0.003744192096457163,-1.0275134761407811,1371.1358009728601,136.52140975252857
2975.4338858323927,-4.308997167961489e-05,-0.0037723268418241493,-1.0299696207859657,1371.472957788888,135.96156081613967
2977.6797483593127,-4.335641150226587e-05,-0.0038694023666973744,-1.0385506478762274,1372.620989185882,134.03130336226633
2979.925610886233,-4.361121079812987e-05,-0.003967063207272514,-1.0473503505193826,1373.7522021912278,132.09114340155455
2980.57914441419,-4.368337521914257e-05,-0.003995588163107441,-1.0499522788664954,1374.0781467461554,131.52469279393978
2981.232677942148,-4.375471851681795e-05,-0.004024160132771978,-1.0525728628119972,1374.4026107611535,130.95739340347262
2983.478540469068,-4.3994155013212166e-05,-0.004122697531947971,-1.06172112496504,1375.5061678947823,129.00137000217393
2985.724402995988,-4.422586660729894e-05,-0.00422176399804448,-1.071091282676177,1376.591566137364,127.03521394529879
2986.3779365239457,-4.429205997010266e-05,-0.0042506886789893585,-1.073859796993741,1376.9039242249964,126.46115945111384
2987.0314700519034,-4.435775054240777e-05,-0.004279656557443244,-1.0766472275642456,1377.2146861286205,125.88623991141017
2989.2773325788235,-4.4580204861058764e-05,-0.004379528579661857,-1.0863708046790637,1378.2702678400958,123.90391582640277
2991.5231951057435,-4.4798322737029464e-05,-0.004479895334171619,-1.0963192361764265,1379.3063000502304,121.91130664486994
2992.176728633701,-4.486112234754768e-05,-0.004509193034152933,-1.0992565696686263,1379.6040289529592,121.32953037414921
2992.8302621616585,-4.492362567452263e-05,-0.004538531708147946,-1.1022130628777307,1379.9000418586968,120.74687976105993
2995.0761246885786,-4.513647275327159e-05,-0.004639663610025722,-1.112519456553468,1380.9040189716584,118.73792809926864
2997.3219872154987,-4.534610451723856e-05,-0.004741269926604131,-1.123053511313007,1381.887007643851,116.71862571571539
2997.975520743456,-4.540646430102549e-05,-0.004770924877066229,-1.126161778577978,1382.1690282557413,116.12907462145137
2998.6290542714137,-4.5466452959955996e-05,-0.00480061904538093,-1.1292894382628034,1382.4492090532506,115.53864762820407
3000.8749167983337,-4.566960657275984e-05,-0.004902959781736158,-1.1401858062588233,1383.3978291888911,113.50297289741862
3003.120779325254,-4.586631699128417e-05,-0.005005749537913292,-1.151312521697996,1384.3239757935114,111.456977856111
3003.774312853211,-4.592201018736163e-05,-0.005035743052775927,-1.1545937463449223,1384.5891742370056,110.85967065584884
3004.427846381169,-4.5976809220335436e-05,-0.005065772372121869,-1.1578945823950448,1384.8524052674018,110.26149453482135
3006.673708908089,-4.6157349612423794e-05,-0.005169235666349321,-1.1693877203491512,1385.7417991183115,108.19925668674522
3008.919571435009,-4.632203769914194e-05,-0.005273086628428656,-1.1811136579630241,1386.6071914332729,106.12683457303456
3009.573104962966,-4.636626852853556e-05,-0.005303374393009184,-1.1845696937863237,1386.854421439702,105.52186894158393
3010.226638490924,-4.640851053649996e-05,-0.005333689893333671,-1.1880455283008793,1387.0995530082307,104.91605074067476
3012.472501017844,-4.653663923594831e-05,-0.005438066953926425,-1.200141423760763,1387.925744108548,102.8276904127669
3014.718363544764,-4.6632462522824026e-05,-0.005542695497206132,-1.2124720181474724,1388.7263681224367,100.7293977393362
3015.371897072722,-4.6653167589073304e-05,-0.005573178652655252,-1.216104318613244,1388.9544549666784,100.116957974745
3016.0254306006796,-4.667019796819563e-05,-0.0056036734046597024,-1.2197565365408283,1389.1803095156229,99.50369226420155
3018.2712931275996,-4.669787218689112e-05,-0.005708529733545445,-1.232459363154032,1389.9392305755232,97.38995782399367
3020.5171556545197,-4.666995671813009e-05,-0.005813385791523942,-1.2453976823627793,1390.6709903577935,95.26666982468261
3021.170689182477,-4.66499273056147e-05,-0.0058438803629235585,-1.2492068953540578,1390.8787373883167,94.64703507473693
3021.8242227104347,-4.6624000239180935e-05,-0.005874359008443252,-1.25303601948379,1391.0841163914697,94.02661223003184
3024.0700852373548,-4.6486298956961605e-05,-0.0059789312846303105,-1.2663465253618704,1391.7716359737221,91.88858865681927
3026.315947764275,-4.6264120894537595e-05,-0.006083099441050189,-1.2798914323976722,1392.4303854277439,89.74152867883596
3026.969481292232,-4.6181875974634e-05,-0.0061133086733917595,-1.2838768239658842,1392.616584345408,89.11508156428366
3027.62301482019,-4.609112552129969e-05,-0.006143460361908861,-1.2878819209763892,1392.8002790794953,88.48789640584867
3029.86887734711,-4.5710187882306787e-05,-0.006246568784208711,-1.3017952567217281,1393.4122425744924,86.32703503463868
3032.11473987403,-4.521246240621591e-05,-0.00634869052822658,-1.315939051837029,1393.9938329345805,84.1578040725524
3032.7682734019872,-4.5043853394816235e-05,-0.006378184431222354,-1.3200977884275074,1394.157278912061,83.52503918686651
3033.421806929945,-4.486396055075678e-05,-0.00640756343128454,-1.3242757382603574,1394.3180861780243,82.89159941232866
3035.667669456865,-4.415532074976151e-05,-0.0065075539395753005,-1.3387788565994672,1394.8503745862204,80.70974625143326
3037.913531983785,-4.3297209995893195e-05,-0.0066057850946859556,-1.3535045642415047,1395.3507208109236,78.52034978609225
3038.5670655117424,-4.3017669849918336e-05,-0.006633991192628067,-1.3578309069429717,1395.49023328789,77.88188114192394
3039.2205990397,-4.272419679525874e-05,-0.0066620091362801035,-1.3621755916466525,1395.626976875201,77.24281457492282
3041.46646156662,-4.160530086442753e-05,-0.0067567388101505916,-1.377244431087875,1396.0755857660452,75.04223349103009
3043.7123240935402,-4.030770557257605e-05,-0.006848754930479245,-1.3925229732197224,1396.4907535604757,72.83510140460206
3044.365857621498,-3.989509961056958e-05,-0.00687496383843672,-1.3970074597171516,1396.6052030835092,72.19166750257735
3045.0193911494557,-3.946638419707015e-05,-0.006900897168438743,-1.401508949782524,1396.7167612807423,71.54772679458137
3047.265253676376,-3.786701084154885e-05,-0.006987774693155102,-1.4171056879202344,1397.077900431096,69.33111259329293
3049.511116203296,-3.606760181579076e-05,-0.007070835618877821,-1.4328932552568057,1397.4042134869721,67.10910680484957
3050.164649731253,-3.550552928880012e-05,-0.007094224549550743,-1.437521964788084,1397.4925542878855,66.46157170541692
3050.818183259211,-3.492603656489721e-05,-0.007117240183192223,-1.4421658002336468,1397.5778930452038,65.81363484915677
3053.064045786131,-3.2799985202942165e-05,-0.007193330960792474,-1.4582365255197676,1397.8481046949194,63.58411047176753
3055.309908313051,-3.0464960725866132e-05,-0.007264412256864405,-1.4744725149285218,1398.0822689304903,61.35051439828205
3055.9634418410083,-2.9746152591882533e-05,-0.007284088236153665,-1.479226526455839,1398.1435760783772,60.699863077957694
3056.616975368966,-2.9009825910683133e-05,-0.007303288962289965,-1.4839932038921622,1398.2017865527848,60.048928019911585
3058.862837895886,-2.6346111448214272e-05,-0.007365487635044323,-1.5004663937574367,1398.3780770940261,57.81002006574446
3061.108700422806,-2.3480638905935592e-05,-0.007421477410849526,-1.517072301126577,1398.517315427701,55.568504398224704
3061.7622339507634,-2.2609806838196284e-05,-0.00743653887235305,-1.5219274568988097,1398.5508244303958,54.915830864610115
3062.415767478721,-2.1722842550118775e-05,-0.007451026765090221,-1.526792233749032,1398.5811626829077,54.263002734791954
3064.661630005641,-1.855443184050254e-05,-0.007496288308017203,-1.5435784098919623,1398.6611393071903,52.01859061522295
3066.9074925325613,-1.5210058587864444e-05,-0.007534236442220804,-1.560458024782764,1398.7033273009483,49.77315148055764
3067.5610260605185,-1.4205785937772337e-05,-0.00754384872914238,-1.5653850941315661,1398.7084731331086,49.119638674008534
3068.2145595884763,-1.3188387045451229e-05,-0.007552801796318613,-1.5703182018033495,1398.710398867597,48.46610874617828
3070.4604221153963,-9.597172664653191e-06,-0.007578413024630043,-1.5873110530930696,1398.6923998510258,46.22034513938335
3072.7062846423164,-5.8744580310026505e-06,-0.007595811213392413,-1.6043522010018438,1398.6361900637917,43.97521355336057
3073.359818170274,-4.7693923034465305e-06,-0.007599288920869267,-1.6093175064196616,1398.6126419511695,43.32210497271167
3074.013351698232,-3.6556582119631782e-06,-0.007602043509732735,-1.6142848298216044,1398.5858525765254,42.66912141268557
3076.259214225152,2.3016377568225296e-07,-0.007605903287931113,-1.6313639568454326,1398.4690581271736,40.42632518901698
3078.505076752072,4.18642677870052e-06,-0.007600956943722756,-1.648441863730317,1398.3139798680988,38.18585054110611
3079.1586102800293,5.3471215470991015e-06,-0.007597840784315061,-1.653408373706296,1398.2616679536382,37.5344146982518
3079.812143807987,6.5107552277321235e-06,-0.007593967391772854,-1.6583725934896139,1398.2061241102588,36.88324634315531
3082.058006334907,1.0522546279131136e-05,-0.007574839723684929,-1.6754078069889702,1397.9906347517249,34.647773306388224
3084.303868861827,1.4531979362882974e-05,-0.007546704772244415,-1.6923899478152635,1397.7371567952332,32.41628785436623
3084.9574023897844,1.5694041065084543e-05,-0.007536826524133808,-1.6973187858165384,1397.6562872198808,31.767777889099776
3085.610935917742,1.6852681696879132e-05,-0.007526192306794774,-1.702240928397961,1397.572226382958,31.11967351782767
3087.856798444662,2.0798017844147214e-05,-0.007483898574450658,-1.7190978706611497,1397.2590979152224,28.89577437892834
3090.1026609715823,2.4665425419112774e-05,-0.007432831667927439,-1.7358499753441765,1396.908644523973,26.67744952408149
3090.7561944995396,2.5772113669372336e-05,-0.007416348667802329,-1.7407022262054894,1396.799700404706,26.03306134217768
3091.4097280274973,2.686925440645762e-05,-0.007399147636382491,-1.745543490721119,1396.687636196566,25.389207889533694
3093.6555905544174,3.055727574684461e-05,-0.0073346344134058135,-1.7620900348631312,1396.2788643860697,23.180885946473772
3095.9014530813374,3.410008651349713e-05,-0.007262001462995306,-1.7784825732793819,1395.833780051112,20.97959344874535
3096.554986609295,3.510042020142609e-05,-0.007239387279952908,-1.7832211673111686,1395.697507493329,20.340426292989005
3097.208520137253,3.6086170167758e-05,-0.007216125708007942,-1.7879448019764468,1395.5582140617444,19.701909934513452
3099.454382664173,3.935505234721337e-05,-0.007131373736055997,-1.8040573904752872,1395.0566686331022,17.51279195478831
3101.700245191093,4.242802955491883e-05,-0.007039500291929736,-1.8199716407724904,1394.520133920759,15.331983268084471
3102.3537787190503,4.3283176206750775e-05,-0.0070114910718685535,-1.824563049970009,1394.3575143000387,14.69900643828977
3103.007312247008,4.412028193596039e-05,-0.0069829298630399465,-1.8291360126335339,1394.1919972314236,14.066780191138456
3105.253174773928,4.685460741121192e-05,-0.006880728867913363,-1.8447050500876374,1393.6013119865681,11.900012338218996
3107.499037300848,4.936212814671722e-05,-0.006772641639798466,-1.8600379483215244,1392.97721982399,9.742626599004293
3108.1525708288054,5.004803071609598e-05,-0.00674015627564431,-1.8644534848382364,1392.789431476892,9.116655094322807
3108.806104356763,5.0714086562464725e-05,-0.006707229537596785,-1.8688476896274653,1392.5988885500337,8.491515569041756
3111.0519668836832,5.2849469084476715e-05,-0.006590890043976556,-1.8837814111661557,1391.9233200909005,6.349692276253406
3113.2978294106033,5.474580280277669e-05,-0.006470023210144676,-1.8984487663038585,1391.216126290276,4.218098988363243
3113.9513629385606,5.525249278000406e-05,-0.006434078245289378,-1.9026653934924274,1391.004499802422,3.5997794663476435
3114.6048964665183,5.573895673400052e-05,-0.006397808688549567,-1.906858467064661,1390.7902758256837,2.9823540032147005
3116.8507589934384,5.725636260499634e-05,-0.006270878420400391,-1.9210851199534855,1390.0345456956293,0.8674827913042705
3119.0966215203584,5.853711228763466e-05,-0.006140806015900011,-1.9350231765063974,1389.2491085432498,-1.236539646229231
3119.7501550483157,5.8865805449392756e-05,-0.006102441701592724,-1.9390238525213546,1389.0150798849602,-1.8467325931108918
3120.4036885762735,5.917493414408625e-05,-0.006063868579351899,-1.9429994302586444,1388.7786198234887,-2.4559885430446715
3122.6495511031935,6.008949149701719e-05,-0.005929900895718002,-1.956467946293988,1387.9477540375628,-4.542487807749962
3124.8954136301136,6.078000238728202e-05,-0.005794130830773827,-1.9696335653785162,1387.089175948896,-6.61774065133625
3125.5489471580713,6.093976677353138e-05,-0.0057543561209928125,-1.9734072118152606,1386.8342410189289,-7.2194989871906925
3126.202480686029,6.108134133923272e-05,-0.005714482339491453,-1.9771548711662243,1386.5770448673138,-7.820295417083938
3128.448343212949,6.143154608236561e-05,-0.005576870468214604,-1.9898343884100027,1385.6762218271958,-9.877561528587728
3130.694205739869,6.157700197421224e-05,-0.0054387020041146645,-2.002204223293337,1384.7497026602628,-11.923386858016421
3131.3477392678265,6.15820773057227e-05,-0.0053984571607312406,-2.0057454277373363,1384.4753757574358,-12.5165560998596
3132.001272795784,6.157078658143065e-05,-0.0053582136072308235,-2.009260366711841,1384.1989575590221,-13.108754723241544
3134.2471353227043,6.141021834500981e-05,-0.0052200804738445645,-2.0211389582709898,1383.2333716992764,-15.136432836970057
3136.4929978496243,6.106842008820724e-05,-0.005082511463499256,-2.0327079552735374,1382.2440797347713,-17.152654104363418
3137.1465313775816,6.0936309350327324e-05,-0.005042643992026134,-2.036016497876973,1381.951857466517,-17.737214830188588
3137.8000649055393,6.0789949708705744e-05,-0.005002866686073885,-2.0392990461062297,1381.6577098863877,-18.320810097414185
3140.0459274324594,6.018173804501479e-05,-0.004866994791190917,-2.050381933908284,1380.632455142701,-20.31898310577928
3142.2917899593795,5.941854960722632e-05,-0.004732662884356607,-2.061161401413882,1379.585418762178,-22.305832025884555
3142.9453234873367,5.9168872116206326e-05,-0.00469391223710346,-2.0642416694455,1379.2767500908233,-22.881877900936924
3143.5988570152945,5.890724800853123e-05,-0.0046553277790693706,-2.0672966928379966,1378.966315167227,-23.456974751009145
3145.8447195422145,5.792077119759334e-05,-0.004524114189626019,-2.0776041338906555,1377.8862898784987,-25.426085070538257
3148.0905820691346,5.680737177193198e-05,-0.0043952586168581375,-2.087619535150403,1376.7863108162665,-27.384121361288432
3148.744115597092,5.6461132587774514e-05,-0.004358246169941024,-2.0904798653476244,1376.4625733769992,-27.951835525508024
3149.3976491250496,5.6105376367555705e-05,-0.004321462188755004,-2.0933161019699384,1376.137219535277,-28.51862569191221
3151.6435116519697,5.481408413993498e-05,-0.004196888964701939,-2.1028810614880014,1375.0070527277371,-30.459393509604542
3153.8893741788897,5.342504350858468e-05,-0.004075325570212688,-2.112169626502019,1373.858640386819,-32.389423196273796
3154.5429077068475,5.3004121685879434e-05,-0.004040548142069207,-2.1148216001216342,1373.5211228561768,-32.94905460866258
3155.196441234805,5.25761781882197e-05,-0.004006047154108733,-2.1174509510899227,1373.182127934115,-33.50779304431756
3157.4423037617253,5.1055958697638594e-05,-0.0038896626588602766,-2.126316637206436,1372.0061259249876,-35.421136159855095
3159.6881662886453,4.9467726993463977e-05,-0.003776768740639347,-2.1349248594244266,1370.813451433341,-37.32413319719595
3160.3416998166026,4.899444202007519e-05,-0.003744594804030555,-2.137382567793698,1370.4633415229314,-37.87597424738644
3160.9952333445603,4.8516659592640246e-05,-0.0037127307049114257,-2.139819360431255,1370.1118813661851,-38.426956946044164
3163.2410958714804,4.684441615116201e-05,-0.0036056396050715444,-2.148036676316834,1368.8939930679906,-40.313916346167304
3165.4869583984005,4.513388058859633e-05,-0.0035023471335326774,-2.156017745912792,1367.6608613302851,-42.19095130481849
3166.1404919263578,4.463057008043638e-05,-0.0034730154532808875,-2.158297041023933,1367.2992388805299,-42.735317709161556
3166.7940254543155,4.412524941439495e-05,-0.003444012446301622,-2.160557278679385,1366.936380976197,-43.2788619081388
3169.0398879812356,4.237729836876179e-05,-0.003346874280657315,-2.168182241018856,1365.6801800358382,-45.1405362123231
3171.2857505081556,4.061999482020278e-05,-0.0032536722749832115,-2.175593464429259,1364.4100178734204,-46.99271479494504
3171.939284036113,4.0108439152210754e-05,-0.0032272933746507453,-2.177711209465331,1364.0378524877137,-47.52992851288067
3172.5928175640706,3.959725505796235e-05,-0.003201247820199031,-2.1798118231733006,1363.6645540746626,-48.066355982174116
3174.8386800909907,3.784710077914756e-05,-0.0031142864392599695,-2.186903002119317,1362.373235910772,-49.90384695158141
3177.0845426179108,3.611461851140123e-05,-0.0030312358197783075,-2.193803269274896,1361.0690943439108,-51.73226017828122
3177.738076145868,3.561521575786509e-05,-0.0030077974396315234,-2.195776608455905,1360.6872469955447,-52.262635819102975
3178.3916096738258,3.511833433742794e-05,-0.0029846838727744314,-2.197734730611427,1360.304357082647,-52.792259677711094
3180.637472200746,3.343334020628501e-05,-0.002907712757005671,-2.2043507874084156,1358.980748856685,-54.60663008118524
3182.883334727666,3.178950303191839e-05,-0.00283447968998065,-2.21079817523264,1357.6453175375843,-56.41231709541259
3183.5368682556236,3.132005958266541e-05,-0.0028138581556193805,-2.212643851406318,1357.2545455625925,-56.936152027856146
3184.1904017835814,3.085492098693312e-05,-0.0027935414317989014,-2.21447614107808,1356.8628102636235,-57.45926727049908
3186.4362643105014,2.9291941989416592e-05,-0.0027260117791304823,-2.220673575489656,1355.5093917112843,-59.25151151246265
3188.6821268374215,2.7788486671397303e-05,-0.002661925521422322,-2.2267232142806996,1354.1450233518246,-61.035435060044485
3189.3356603653788,2.7363030528663143e-05,-0.0026439043942420126,-2.228456973538772,1353.745988181441,-61.55300317309954
3189.9891938933365,2.6943184152461163e-05,-0.0026261590888752074,-2.2301790334433353,1353.3460587113207,-62.06988082570447
3192.2350564202566,2.5545050673175857e-05,-0.0025672318815472836,-2.236010281985832,1351.964991505056,-63.840907823991145
3194.4809189471766,2.421890301557263e-05,-0.0025113638546784244,-2.2417126233709506,1350.5737338535303,-65.60394154562898
3195.134452475134,2.3847047187158678e-05,-0.0024956580029509927,-2.243348745170594,1350.1670107532348,-66.11549034713464
3195.7879860030916,2.3481605846961162e-05,-0.0024801928668143703,-2.2449746675091693,1349.7594533445226,-66.62637491086664
3198.0338485300117,2.2275743436514437e-05,-0.00242882520375722,-2.250486667020999,1348.3526163858062,-68.37700186007305
3200.279711056932,2.1148398670752066e-05,-0.0023800775719823625,-2.2558862439383094,1346.9362490962449,-70.11992776418208
3200.933244584889,2.083530242701076e-05,-0.0023663591233672667,-2.257437217880537,1346.5223381336345,-70.62567829784912
3201.586778112847,2.052893645543784e-05,-0.0023528430564315646,-2.258979277965634,1346.107645095398,-71.13078794483478
3203.832640639767,1.95277709537119e-05,-0.002307877031125839,-2.264212542183319,1344.6766730770148,-72.8617430034295
3206.078503166687,1.860623858233804e-05,-0.002265070063372004,-2.2693472433630077,1343.236746860211,-74.58525701281334
3206.732036694644,1.8352961364333155e-05,-0.0022529933681375595,-2.2708235947561057,1342.8160843563596,-75.08540596032505
3207.385570222602,1.8106311758686486e-05,-0.002241080138185719,-2.2722920927277115,1342.3946855377376,-75.58493484035442
3209.631432749522,1.7308909447374713e-05,-0.0022013255392103826,-2.2772802897929405,1340.9410083106293,-77.29686649917943
3211.877295276442,1.658770121721244e-05,-0.0021632762354890857,-2.2821811184234106,1339.4788840264255,-79.00158979498566
3212.5308288044,1.6391847665665422e-05,-0.0021524998690399355,-2.283591370771841,1339.0518538364058,-79.49631309966911
3213.1843623323575,1.6202171437612474e-05,-0.0021418496976538786,-2.2849946082803303,1338.6241278531559,-79.990435095169
3215.4302248592776,1.5596643504628684e-05,-0.0021061547746783465,-2.2897645853448894,1337.1490084956408,-81.68392596807624
3217.6760873861977,1.506036538868199e-05,-0.0020717420214119643,-2.294455836307986,1335.665894252717,-83.37041992011946
3218.329620914155,1.4916855705320422e-05,-0.002061946629832006,-2.2958065897488313,1335.23283834586,-83.85987730170996
3218.9831544421127,1.477882882705357e-05,-0.002052243527858757,-2.297150959864615,1334.79912305567,-84.34875060713615
3221.2290169690327,1.4345112037855858e-05,-0.0020195505564770265,-2.30172313502901,1333.303692997011,-86.0243335586971
3223.474879495953,1.3971304511150943e-05,-0.001987764379395626,-2.306222904541753,1331.8006777991732,-87.69311626095352
3224.12841302391,1.3873217141212606e-05,-0.001978665806955929,-2.3075190042230997,1331.36190574953,-88.17745606684333
3224.781946551868,1.3779755350395836e-05,-0.0019696301615832732,-2.30880916821565,1330.9225076025123,-88.66122804819601
3227.027809078788,1.3492462969077433e-05,-0.0019390145511194768,-2.313198197154228,1329.4077976392728,-90.3194028717035
3229.273671605708,1.3254413732092935e-05,-0.0019089888631828678,-2.317519130082973,1327.8858806039063,-91.97096563245908
3229.927205133665,1.3193780704165422e-05,-0.0019003464994950018,-2.318763896735634,1327.441677742136,-92.45032957197705
3230.580738661623,1.313685127607224e-05,-0.0018917428984482677,-2.3200030199428454,1326.996879773088,-92.92914146522996
3232.826601188543,1.2967964538008559e-05,-0.0018624361366174614,-2.3242186419938258,1325.4638462919058,-94.57039069055853
3235.072463715463,1.2837291930710472e-05,-0.0018334657593408216,-2.3283688228233554,1323.923960927925,-96.20521320701879
3235.7259972434204,1.2805838589794341e-05,-0.0018250864146635301,-2.3295643185495982,1323.4745950370102,-96.67974062769272
3236.379530771378,1.27771657653737e-05,-0.0018167270507945714,-2.3307543385694207,1323.0246633956358,-97.15373174789514
3238.625393298298,1.2698404995546242e-05,-0.001788124907123721,-2.334802312234895,1321.4742095479887,-98.7785345492955
3240.871255825218,1.2647274720528845e-05,-0.0017596686221679693,-2.3387862132070185,1319.9172429895198,-100.3970978870026
3241.524789353176,1.2637022225981568e-05,-0.0017514064974424079,-2.3399335180979386,1319.4629695409299,-100.86692936474276
3242.1783228811337,1.2628698668091131e-05,-0.0017431507429007198,-2.3410754212875617,1319.00815856819,-101.33624061008672
3244.4241854080537,1.2613471170789243e-05,-0.0017148089124460644,-2.344958469699941,1317.4411505096177,-102.94508416579049
3246.670047934974,1.26163634735211e-05,-0.0016864809335670307,-2.3487778818117224,1315.8679579393815,-104.54788103483355
3247.323581462931,1.2620119782319818e-05,-0.001678234413409089,-2.3498773608009453,1315.4090239588647,-105.01316115573702
3247.977114990889,1.2625058184391592e-05,-0.0016699853050288172,-2.350971446968326,1314.9495799075844,-105.47793769546006
3250.222977517809,1.2649927755483103e-05,-0.0016416051266942568,-2.354690147975522,1313.366858502543,-107.07132570027235
3252.468840044729,1.268491492272072e-05,-0.001613157733356896,-2.358345035525859,1311.7782732555986,-108.65886785220316
3253.1223735726862,1.2696598388889886e-05,-0.0016048638149747559,-2.359396579388665,1311.314919976382,-109.11974715667179
3253.775907100644,1.2708862492727933e-05,-0.0015965622692572252,-2.3604426991161027,1310.851083540091,-109.58014028296301
3256.021769627564,1.2754521362253917e-05,-0.0015679693633068455,-2.363996270624915,1309.2534721389018,-111.15859861512834
3258.267632154484,1.2804047897876945e-05,-0.001539269570689198,-2.367485506371336,1307.6503121503665,-112.73142146229127
3258.9211656824414,1.2818890445779677e-05,-0.0015308967671934868,-2.3684887355905104,1307.1827766558438,-113.18805759858084
3259.574699210399,1.2833858283226753e-05,-0.0015225143636942206,-2.3694864894579455,1306.714784511464,-113.64422579705075
3261.820561737319,1.2885608499534324e-05,-0.0014936330635683982,-2.372873437331203,1305.1030935286867,-115.20830558033097
3264.0664242642392,1.2936788088189972e-05,-0.0014646361803466394,-2.3761953919829053,1303.4861648813835,-116.76697035348323
3264.7199577921965,1.2951375507202423e-05,-0.0014561767214500807,-2.3771498170359684,1303.0146809606522,-117.21952854520106
3265.3734913201542,1.2965788819052692e-05,-0.0014477078737001035,-2.378098710834126,1302.542766549455,-117.67163789362924
3267.6193538470743,1.3013556089659293e-05,-0.0014185342356154461,-2.381317323089459,1300.91779561929,-119.2219163676969
3269.8652163739944,1.3058013367176648e-05,-0.0013892570357024406,-2.3844702990714266,1299.28789396613,-120.7670102726744
3270.518749901952,1.3070220016967407e-05,-0.0013807191467335633,-2.3853754353540046,1298.8126924062683,-121.21566324170907
3271.17228342991,1.3082081122900514e-05,-0.0013721734348706718,-2.3862749900072657,1298.3370861759092,-121.66388728141042
3273.41814595683,1.3120002673120576e-05,-0.001342749435619524,-2.3893236767498607,1296.6996246386584,-123.20096699461236
3275.66400848375,1.3153328098052859e-05,-0.00131324543091255,-2.392306191394516,1295.0575352294659,-124.73310190183679
3276.3175420117072,1.3162125120460766e-05,-0.0013046463820791062,-2.393161631315815,1294.5788437511446,-125.17802940421971
3276.971075539665,1.3170522325756866e-05,-0.0012960417192536334,-2.394011450489056,1294.0997730624888,-125.62254864207279
3279.216938066585,1.3196262830657563e-05,-0.0012664327499638127,-2.396888943011398,1292.450599457442,-127.14705551003902
3281.462800593505,1.321729109299578e-05,-0.001236771262563105,-2.3996998788849204,1290.7970964032747,-128.6668657141321
3282.1163341214624,1.3222546803250214e-05,-0.001228131587663706,-2.400505326958947,1290.3151394152044,-129.10825384273627
3282.76986764942,1.322742964721326e-05,-0.0012194885757677734,-2.401305128417717,1289.832828285451,-129.5492550364255
3285.01573017634,1.3241457226185935e-05,-0.0011897650999050811,-2.404010559762205,1288.1727094076505,-131.06183577776528
3287.2615927032602,1.3251556068344612e-05,-0.0011600145317298238,-2.4066492058432765,1286.508554690216,-132.56997531507918
3287.9151262312175,1.3253819754431647e-05,-0.0011513534582921802,-2.4074044837931003,1286.0235530007049,-133.00801570608428
3288.5686597591753,1.3255809203492583e-05,-0.0011426909504631958,-2.4081541015618284,1285.5382218169268,-133.44569106716853
3290.8145222860953,1.3260710884023919e-05,-0.0011129142534322038,-2.4106869926984924,1283.8679117672946,-134.94701046014322
3293.0603848130154,1.3263113961644195e-05,-0.0010831293536599101,-2.413153000256002,1282.1938543758727,-136.44415039815306
3293.7139183409727,1.3263437675431083e-05,-0.0010744613773367238,-2.4138580289719584,1281.7060249642332,-136.87903945592728
3294.3674518689304,1.3263624049108026e-05,-0.0010657931766430966,-2.4145573930908086,1281.2178902663372,-137.3135858827578
3296.6133143958505,1.3263466435665662e-05,-0.0010360049543959122,-2.4169175677172507,1279.538129807668,-138.8043242075012
3298.8591769227705,1.3262651543173844e-05,-0.0010062178242060441,-2.419210843317908,1277.8549052748708,-140.29115023867277
3299.5127104507283,1.3262399730817807e-05,-0.0009975503515506268,-2.419865608086232,1277.364461194222,-140.7230884697886
3300.166243978686,1.3262179393517822e-05,-0.0009888829693110097,-2.4205147083337666,1276.8737355956425,-141.15470689824727
3302.412106505606,1.3261914636955403e-05,-0.0009590984926319134,-2.422702157796168,1275.1852520253058,-142.63555784578415
3304.657969032526,1.3263027040424563e-05,-0.0009293130641036044,-2.424822714349648,1273.4935825370721,-144.11276843443025
3305.3115025604834,1.3263724809812284e-05,-0.0009206450472978445,-2.425427219324566,1273.0007329932268,-144.54195995696162
3305.965036088441,1.3264624063518756e-05,-0.0009119764449932134,-2.426026058829491,1272.5076252812507,-144.97085489239078
3308.210898615361,1.3269539992835289e-05,-0.0008821810395399558,-2.4280407771419448,1270.8111329440899,-146.44252413703606
3310.4567611422813,1.3277859062241189e-05,-0.0008523707720928603,-2.4299885623808173,1269.1117281170327,-147.9108293830174
3311.1102946702385,1.3281027076007229e-05,-0.0008436922617923366,-2.430542779836686,1268.6166787451243,-148.33748165267042
3311.7638281981963,1.3284564474365045e-05,-0.0008350115028289537,-2.4310913240670797,1268.1213941801345,-148.76386092179828
3314.0096907251163,1.3299776997967998e-05,-0.0008051600944883713,-2.432933131525617,1266.4175956703007,-150.22706546939284
3316.2555532520364,1.3320224840398139e-05,-0.0007752686420079033,-2.4347078518579677,1264.711154019224,-151.68718676901418
3316.9090867799937,1.3327252451307405e-05,-0.0007665611869512627,-2.435211671337568,1264.2141073600717,-152.1115105394931
3317.5626203079514,1.3334787043829438e-05,-0.0007578489273340919,-2.435709797537075,1263.7168481736646,-152.53558527708185
3319.8084828348715,1.3364774423597247e-05,-0.0007278684098937819,-2.437378169997268,1262.0064362102655,-153.99105361942497
3322.0543453617915,1.3401466677530474e-05,-0.0006978130158081522,-2.4389791262554765,1260.2936472685294,-155.44372412292557
3322.7078788897493,1.3413471186162775e-05,-0.0006890508384274343,-2.4394323083203244,1259.794803429897,-155.86593363461913
3323.361412417707,1.342608975305166e-05,-0.0006802805851058268,-2.439879760050558,1259.2957695052962,-156.28791849636656
3325.607274944627,1.3474270863374256e-05,-0.0006500747630972425,-2.4413736795244874,1257.5794294120672,-157.73639152344708
3327.853137471547,1.3530113667673284e-05,-0.0006197521293827815,-2.442799629703154,1255.860976416017,-159.18235731137128
3328.5066709995044,1.3547840030546446e-05,-0.0006109040015905889,-2.443201768569877,1255.360533889534,-159.60267068034767
3329.160204527462,1.3566231798724434e-05,-0.0006020440618594792,-2.4435981195929317,1254.8599235935778,-160.02278425163735
3331.406067054382,1.3634595333734621e-05,-0.0005715008958733499,-2.444915960326694,1253.138336266021,-161.46501679921715
3333.6519295813023,1.3710937235344746e-05,-0.0005407952356284464,-2.4461650228386294,1251.4148992707508,-162.90503862817263
3334.3054631092596,1.3734647914589345e-05,-0.0005318269663914865,-2.446515521713797,1250.9130558629847,-163.32367838704593
3334.9589966372173,1.3759023560919723e-05,-0.0005228429976735679,-2.4468601529683043,1250.4110669869217,-163.74214373694517
3337.2048591641374,1.3847820743649584e-05,-0.0004918438234724468,-2.447999615434278,1248.684912190759,-165.17890657945637
3339.4507216910574,1.394417504407435e-05,-0.00046063673688241484,-2.4490692245452244,1246.9571714476185,-166.61376198327824
3340.1042552190147,1.3973588768867988e-05,-0.0004515141599052218,-2.4493672868963774,1246.4541252735694,-167.0309557073844
3340.7577887469724,1.4003594884821775e-05,-0.0004423722051264092,-2.4496593797303436,1245.9509560299248,-167.44800101947044
3343.0036512738925,1.4111115555904722e-05,-0.0004108025042383518,-2.4506174828105745,1244.220915842228,-168.88008305945422
3345.2495138008126,1.4224975505264774e-05,-0.00037898420813047435,-2.4515044055272486,1242.4895552389187,-170.3105685373282
3345.90304732877,1.4259207806736617e-05,-0.0003696765232051146,-2.451749044785508,1241.9855057181987,-170.72654947467421
3346.5565808567276,1.429389867781969e-05,-0.0003603463803632678,-2.451987592843468,1241.4813557332081,-171.1424086717208
3348.8024433836476,1.4416357805722905e-05,-0.0003281075439139894,-2.452760731658593,1239.7481179130361,-172.5706190304616
3351.0483059105677,1.4543134943504036e-05,-0.0002955888322699857,-2.4534611521984164,1238.0138282561047,-173.99755201280942
3351.7018394385254,1.458070448783904e-05,-0.00028607210596498826,-2.4536512214061736,1237.5089770466068,-174.41255962559387
3352.355372966483,1.4618525794453981e-05,-0.00027653083162943723,-2.4538350625546976,1237.0040482826328,-174.82747289505866
3354.6012354934032,1.4750095195483492e-05,-0.0002435521796779988,-2.4544191356560443,1235.2683093431258,-176.2526425790042
3356.8470980203233,1.4883217974964917e-05,-0.000210276296601871,-2.4549288094686608,1233.5317912522073,-177.67686283966898
3357.5006315482806,1.4922074867214454e-05,-0.00020053686818319346,-2.455063051091362,1233.0263430539576,-178.0911431602798
3358.1541650762383,1.496092619485082e-05,-0.00019077215321661975,-2.4551909194329857,1232.5208405945648,-178.50535728339742
3360.4000276031584,1.5093952725888835e-05,-0.0001570222512160624,-2.4555815241768455,1230.783308345968,-179.9283400928224
3362.6458901300784,1.5225168775928882e-05,-0.00012297562296007493,-2.4558959980773243,1229.0452745324149,-181.35071027812324
3363.2994236580357,1.5262813116233257e-05,-0.00011301309048988097,-2.455973112523358,1228.5394376963839,-181.7645159851579
3363.9529571859935,1.5300145699703264e-05,-0.00010302617596343034,-2.4560437088304226,1228.0335703294475,-182.17828437605164
3366.1988197129135,1.5425593004784033e-05,-6.852224411715143e-05,-2.4562363974761325,1226.2949656761991,-183.59995674258772
3368.4446822398336,1.554548736745687e-05,-3.374281044192245e-05,-2.456351285664658,1224.556142399833,-185.02136172072468
3369.098215767791,1.5579117989321578e-05,-2.3572228029504988e-05,-2.4563700150002643,1224.0501292841502,-185.43495185268551
3369.7517492957486,1.5612115764995736e-05,-1.3379996289194634e-05,-2.4563820918231087,1223.544109826662,-185.84853422715992
3371.9976118226687,1.5720156947093375e-05,2.180575946366571e-05,-2.4563726736982097,1221.8051676357309,-187.26979372147755
3374.2434743495887,1.581875586363057e-05,5.7223557843567615e-05,-2.4562839726350614,1220.0662951755594,-188.69113852403976
3374.897007877546,1.5845458795597743e-05,6.757048466857237e-05,-2.456243194165738,1219.5603222052434,-189.104777770677
3375.5505414055037,1.5871197352623038e-05,7.793442716843934e-05,-2.456195650158879,1219.0543675277402,-189.5184393876578
3377.796403932424,1.595179894789514e-05,0.0001136719468825018,-2.4559805204626155,1217.315836438004,-190.9402017254486
3380.042266459344,1.6019137373900375e-05,0.00014957559307157348,-2.455684942661406,1215.5776684691866,-192.3624079475709
3380.6957999873016,1.6036033818081077e-05,0.00016005028655477984,-2.455583766584581,1215.0719558722947,-192.77636548743914
3381.3493335152593,1.60516563482163e-05,0.00017053549461781066,-2.455475744270794,1214.5662865976678,-193.190375934924
3383.5951960421794,1.6095128453634842e-05,0.00020663726918896424,-2.4550522199234948,1212.8289276976054,-194.6135704097408
3385.8410585690995,1.612179687283604e-05,0.00024281780674804873,-2.4545475275081077,1211.0922295229084,-196.03757103618412
3386.4945920970567,1.6126216945493014e-05,0.00025335552346969996,-2.454385393148926,1210.5870007318576,-196.45211891808646
3387.1481256250145,1.612907924498615e-05,0.00026389552421854834,-2.454216374658634,1210.0818405989926,-196.86675044449976
3389.3939881519345,1.612662760323978e-05,0.0003001201796049066,-2.453583018590967,1208.3464249524852,-198.29231381490132
3391.6398506788546,1.6104332851213924e-05,0.00033631704649203997,-2.4528683381317897,1206.6119705875058,-199.71904653712457
3392.293384206812,1.6093966410520724e-05,0.00034683852157473824,-2.452645103380488,1206.1074513089918,-200.1344576314188
3392.9469177347696,1.6081818022644855e-05,0.0003573525673916584,-2.4524149987768027,1205.6030262063305,-200.54998305153114
3395.1927802616897,1.6026125638101382e-05,0.00039341172564149305,-2.4515719140177756,1203.8703312568302,-201.97885200700742
3397.4386427886097,1.594828849063167e-05,0.00042932093940523466,-2.450648013723832,1202.1388994195688,-203.40925119352153
3398.092176316567,1.5921376927471625e-05,0.0004397350222314259,-2.450364032096867,1201.6353163917324,-203.8257967676588
3398.7457098445248,1.589252490479299e-05,0.0004501308426408757,-2.4500732546732653,1201.1318530812378,-204.24248700068102
3400.991572371445,1.577837679752447e-05,0.00048569947812169905,-2.4490223286400363,1199.4026580189748,-205.67558942917782
3403.237434898365,1.5640773199451103e-05,0.0005209854137419643,-2.4478918377937573,1197.6750271316992,-207.11057701081
3403.890968426322,1.5596284182902556e-05,0.0005311927675777082,-2.4475480171614534,1197.1726066045283,-207.5285240125889
3404.54450195428,1.5549798678951547e-05,0.0005413703929698822,-2.447197539708641,1196.670331174195,-207.94664533925146
3406.7903644812,1.5374745640712693e-05,0.0005761009310415421,-2.445942617702344,1194.9454114144232,-209.3848907201413
3409.03622700812,1.5176180316392794e-05,0.0006104119213732815,-2.4446101668053237,1193.222353793475,-210.82536635372037
3409.6897605360778,1.5114019955054407e-05,0.0006203098482721747,-2.44420800342536,1192.721319789023,-211.24497451550903
3410.3432940640355,1.5049916739615077e-05,0.0006301665632616804,-2.4437993890691505,1192.2204558930596,-211.66478567073534
3412.5891565909556,1.4814954355673992e-05,0.0006637068888627495,-2.442346354722616,1190.5005768886508,-213.10905501957592
3414.8350191178756,1.4557934509632004e-05,0.0006966947522367031,-2.4408186137927776,1188.782852378124,-214.55588599565766
3415.488552645833,1.4479126319458725e-05,0.0007061831590747981,-2.4403601950476967,1188.283424811415,-214.9774049023779
3416.1420861737906,1.4398574485686002e-05,0.0007156195941760535,-2.43989559604961,1187.7841917819258,-215.39915414957397
3418.3879487007107,1.4108791740463658e-05,0.0007476349370873721,-2.438252336023059,1186.070102481573,-216.85029004085484
3420.6338112276308,1.380014691248821e-05,0.0007789782869678295,-2.4365379285395576,1184.358451879133,-218.30430149819335
3421.287344755588,1.3707020356880072e-05,0.0007879667267151769,-2.436025897903502,1183.8608446482513,-218.72796778942768
3421.9408782835458,1.3612496779266377e-05,0.0007968940106451083,-2.4355080159977773,1183.3634555901763,-219.15189014960234
3424.186740810466,1.3277626709936815e-05,0.0008270923459050242,-2.4336842473009033,1181.6558819515637,-220.6106874338436
3426.432603337386,1.292899845786698e-05,0.0008565231595313177,-2.431793519168529,1179.951020675255,-222.07265352721427
3427.086136865343,1.2825302758426426e-05,0.0008649387623721666,-2.4312309976391355,1179.455439858715,-222.49868842680834
3427.739670393301,1.2720729676737715e-05,0.0008732865340958256,-2.430663000269794,1178.9600998694534,-222.9250032580416
3429.985532920221,1.2355512797293575e-05,0.0009014466806373494,-2.4286699419453823,1177.2597389388673,-224.3922011602634
3432.231395447141,1.1983617518006719e-05,0.0009287791008911568,-2.4266145692828247,1175.5623514848983,-225.86283788818417
3432.8849289750983,1.1874592169756183e-05,0.0009365750550896708,-2.4260050290213835,1175.0689938133808,-226.2914452698832
3433.538462503056,1.176536648056843e-05,0.0009442999758076583,-2.4253904174524457,1174.5758984972258,-226.72035440669725
3435.784325029976,1.138961897943533e-05,0.0009703010028589688,-2.4232402947033203,1172.8834136629218,-228.1966307323088
3438.030187556896,1.1016169179177179e-05,0.0009954607328380462,-2.421032721940661,1171.1941494940702,-229.67659115435856
3438.683721084854,1.0908475290572715e-05,0.0010026247888412112,-2.4203798103626983,1170.7032012882157,-230.10795635546458
3439.3372546128116,1.0801416341310291e-05,0.0010097190050428982,-2.4197222382560977,1170.2125357595366,-230.53964301952848
3441.5831171397317,1.0439679801214679e-05,0.0010335688829107381,-2.4174276170693023,1168.5285538610212,-232.02561118736176
3443.828979666652,1.0090836627833343e-05,0.0010566208286031335,-2.4150803283585156,1166.8480254271656,-233.51548373302035
3444.482513194609,9.992373256380431e-06,0.0010631830900211898,-2.4143876445692523,1166.359662208259,-233.9497733156342
3445.136046722567,9.895489075080992e-06,0.0010696818863896178,-2.4136906894147816,1165.871600791064,-234.38440199474954
3447.381909249487,9.57612983935156e-06,0.0010915425752866612,-2.411263653831087,1164.196711801515,-235.88061155077057
3449.627771776407,9.281353045859684e-06,0.001112713631636474,-2.4087882965553318,1162.525495407624,-237.3809220284214
3450.281305304364,9.200857159385278e-06,0.0011187526729734137,-2.408059126939485,1162.0398823875335,-237.81828465528983
3450.934838832322,9.122953129472361e-06,0.0011247403309757472,-2.4073260217799346,1161.554589216392,-238.25600211254283
3453.180701359242,8.876578560698429e-06,0.0011449457262269563,-2.4047772244733627,1159.889349188448,-239.76294323729687
3455.426563886162,8.666759807297836e-06,0.0011646388477345132,-2.402183623874955,1158.2279893678306,-241.27416097912567
3456.0800974141193,8.613226320967135e-06,0.001170284989907744,-2.401420649854178,1157.7452830015725,-241.71472951442829
3456.733630942077,8.563272115365003e-06,0.0011758976701144127,-2.40065398907214,1157.2629137029353,-242.15566702979444
3458.979493468997,8.42046042536957e-06,0.0011949602826321019,-2.397991628580643,1155.6078515548427,-243.67377932471155
3461.225355995917,8.325479209975854e-06,0.0012137558700620996,-2.3952867559328443,1153.9568694532086,-245.19632763937605
3461.8788895238745,8.307411987441524e-06,0.0012191905335436392,-2.394491753713269,1153.4772201855426,-245.64022250124032
3462.532423051832,8.293817988879158e-06,0.0012246151518306699,-2.3936931933747934,1152.9979247631354,-246.08449936151047
3464.7782855787523,8.282552746986316e-06,0.0012432185322358551,-2.390921993108242,1151.3535532658116,-247.61418488070905
3467.0241481056723,8.328697228231585e-06,0.0012618610796293539,-2.388108968224927,1149.7134592878385,-249.14845563895054
3467.67768163363,8.353376378427954e-06,0.0012673118092419258,-2.3872825248086063,1149.2370155449976,-249.5957893252491
3468.331215161588,8.383228997830815e-06,0.0012727805733746742,-2.386452502086913,1148.7609425101498,-250.04351747140748
3470.577077688508,8.526330527936124e-06,0.0012917568125505488,-2.383572776542285,1147.1277735343049,-251.5851575907866
3472.822940215428,8.733730919458695e-06,0.001311126641292121,-2.3806499909991596,1145.499084182222,-253.13152938814727
3473.476473743385,8.806449446473059e-06,0.0013168577984686667,-2.3797912616117998,1145.0259975632146,-253.5824119862931
3474.130007271343,8.884779732003677e-06,0.001322638411797759,-2.3789287584578247,1144.553299253161,-254.03370161683688
3476.375869798263,9.19733222865893e-06,0.0013429307480004081,-2.3759356530725344,1142.9318629925128,-255.58767695550685
3478.621732325183,9.577382858684704e-06,0.0013640008299071764,-2.3728961005348146,1141.315121473615,-257.1465359262011
3479.2752658531404,9.70071189979566e-06,0.0013702999403723468,-2.3720026326125514,1140.845552991393,-257.6010813114275
3479.928799381098,9.829728258548462e-06,0.0013766814591125484,-2.3711050088238292,1140.3763919137218,-258.0560471344799
3482.174661908018,1.031649983078866e-05,0.0013992919331474122,-2.3679879999915117,1138.767259434597,-259.62275938522754
3484.420524434938,1.086928787893997e-05,0.001423069761180243,-2.3648189002845417,1137.1630592406088,-261.1945213898226
3485.0740579628955,1.1042315221633508e-05,0.0014302295159190881,-2.3638865492460495,1136.6971863530273,-261.65285371543985
3485.7275914908532,1.1220676817453534e-05,0.0014375038650899568,-2.3629494701551605,1136.2317422833862,-262.11162144210306
3487.9734540177733,1.1873586583215504e-05,0.0014634261102896835,-2.3596922120074333,1134.635550364229,-263.69151562695
3490.2193165446934,1.2585405633054395e-05,0.001490880852142592,-2.356375015172193,1133.0445606312242,-265.2766482034343
3490.8728500726506,1.280304008492569e-05,0.0014991768657489138,-2.355397976956294,1132.5825846856833,-265.73890819118895
3491.5263836006084,1.3025134667210861e-05,0.0015076161361713399,-2.354415460640593,1132.121062129313,-266.20162076802393
3493.7722461275284,1.3820883643474237e-05,0.001537753883713218,-2.350996063438429,1130.5385389493447,-267.79520611655977
3496.0181086544485,1.4661973161343607e-05,0.0015697296883733912,-2.3475069169866107,1128.9615299978789,-269.3942482783071
3496.6716421824062,1.4914294771366097e-05,0.0015793943302080126,-2.346477901171138,1128.503683593842,-269.8605987306161
3497.325175710364,1.516963472214642e-05,0.0015892242027410691,-2.3454425087788526,1128.0463191015474,-270.32742172419916
3499.571038237284,1.606768046673868e-05,0.0016242969435904299,-2.3418343280733445,1126.4783089243613,-271.93528909238063
3501.816900764204,1.6990395376461532e-05,0.0016614142735017975,-2.338145082880466,1124.9161759656588,-273.5488667986497
3502.4704342921614,1.726218143732891e-05,0.0016726072054095242,-2.3370556474965984,1124.4627296190185,-274.019496684291
3503.123967820119,1.75349173309205e-05,0.0016839771781768174,-2.335958837371509,1124.0097983282135,-274.4906221630932
3505.369830347039,1.8476032518449224e-05,0.001724415644143453,-2.3321318413635064,1122.457282916169,-276.1134556982336
3507.6156928739592,1.9413703752248004e-05,0.0017669638581199602,-2.3282116570181435,1120.9110655061006,-277.74229064825437
3508.2692264019165,1.9684143676686284e-05,0.0017797403295604993,-2.3270527213348116,1120.462332883278,-278.21741707030964
3508.9227599298742,1.995284339949903e-05,0.0017926918516395537,-2.3258853825067636,1120.0141535394682,-278.6930652903399
3511.1686224567943,2.0858548794004577e-05,0.0018385275225921906,-2.3218081452594324,1118.4782676459815,-280.3316459475922
3513.4144849837144,2.172534128194812e-05,0.0018863535868314449,-2.3176257323214626,1116.9491620941062,-281.9765553064303
3514.0680185116717,2.196809906705285e-05,0.0019006320377682427,-2.3163882763663204,1116.5055029780358,-282.4564226608508
3514.7215520396294,2.2205818014082444e-05,0.0019150661595018499,-2.3151414491391966,1116.0624405880706,-282.936840866937
3516.9674145665495,2.2979015393368988e-05,0.001965820799172313,-2.310783787794034,1114.544478531555,-284.59203944889697
3519.2132770934695,2.367111643045849e-05,0.0020182208682448213,-2.306310290801449,1113.0338401553822,-286.25392426057283
3519.866810621427,2.3854771149356698e-05,0.0020337519429131238,-2.304986239809375,1112.595660218978,-286.73879995313615
3520.5203441493845,2.40295791760676e-05,0.0020493986498358904,-2.3036520202417217,1112.1581254037271,-287.22425767496134
3522.7662066763046,2.4556721362241615e-05,0.0021039818069247223,-2.2989882540071798,1110.6595354636092,-288.89701536019675
3525.0120692032247,2.4955193668356055e-05,0.0021596043654648544,-2.294200734329144,1109.1688673584536,-290.576835801768
3525.6656027311824,2.5044221775027216e-05,0.002175944006688487,-2.2927840124658267,1108.7366137665094,-291.0670020278169
3526.31913625914,2.512021402470816e-05,0.0021923359685571344,-2.291356623328635,1108.3050578307073,-291.55778239606883
3528.56499878606,2.5275331139728323e-05,0.002248960299050787,-2.286369380371586,1106.8274210729733,-293.2490773010217
3530.8108613129803,2.5250932604130217e-05,0.0023057314175239864,-2.2812548021197556,1105.3583460034617,-294.9478136315893
3531.4643948409375,2.5207247753398957e-05,0.0023222212380456624,-2.2797425227860413,1104.932497859807,-295.44355495025087
3532.1179283688953,2.514618961995019e-05,0.002338675223286371,-2.2782195162013483,1104.5074025998463,-295.9399417961725
3534.3637908958153,2.4797034556172966e-05,0.002394801197460213,-2.272903952312242,1103.0523928093148,-297.65074101493883
3536.6096534227354,2.4217234840049878e-05,0.002449884019269362,-2.2674635085893518,1101.6066050020434,-299.3693401000939
3537.2631869506927,2.400241360503718e-05,0.002465642569600273,-2.265857248782135,1101.1876577309217,-299.8709268569412
3537.9167204786504,2.3766006894728535e-05,0.0024812521813944786,-2.26424078564877,1100.7695190842,-300.37318769105184
3540.1625830055705,2.278248455106121e-05,0.0025335749992403274,-2.2586090075663567,1099.3388408519538,-302.10438547709987
3542.4084455324905,2.152078916424172e-05,0.002583376591903336,-2.2528625507906193,1097.9180349890148,-303.8436940997033
3543.061979060448,2.109893375849827e-05,0.002597305386908979,-2.2511696351950357,1097.5064779218296,-304.35136215818403
3543.7155125884055,2.0651785781259067e-05,0.002610948989154733,-2.249467764573086,1097.0957827581778,-304.8597275380547
3545.9613751153256,1.8916637176471446e-05,0.0026554410277732894,-2.2435531745274457,1095.6910855692172,-306.6120717698612
3548.2072376422457,1.6864001105928168e-05,0.002695679644560659,-2.2375434377798755,1094.2968612801205,-308.37275948311094
3548.8607711702034,1.6205194818185176e-05,0.0027064876322522866,-2.2357781360233036,1093.8931480497097,-308.88668718394354
3549.514304698161,1.5518280538884433e-05,0.0027168550643168277,-2.234005975577205,1093.490343755477,-309.4013274423398
3551.760167225081,1.2939283154532696e-05,0.002748875289707575,-2.2278671798217586,1092.1131112769401,-311.1753381116153
3554.0060297520013,1.001652062838169e-05,0.0027747174168907653,-2.2216634086216276,1090.7468530250326,-312.95781397271514
3554.6595632799585,9.100429587881424e-06,0.002780966116816933,-2.219847931212404,1090.3513648818848,-313.47809769232725
3555.3130968079163,8.154724581199116e-06,0.002786606181224812,-2.2180286328853627,1089.9568219203888,-313.9990984425794
3557.5589593348363,4.6770285072197505e-06,0.002801081316781725,-2.211752508073989,1088.608237682999,-315.7949833699553
3559.8048218617564,8.469038328122844e-07,0.0028073502719525105,-2.205453089074603,1087.2709721726787,-317.59931221473664
3560.4583553897137,-3.337535741554334e-07,0.0028075195494363025,-2.203618261288885,1086.883975029228,-318.1259422432588
3561.1118889176714,-1.543875330630476e-06,0.002806908017222592,-2.2017836415559207,1086.4979433710175,-318.6532804097378
3563.3577514445915,-5.926335512409474e-06,0.002798583029417727,-2.1954871469983557,1085.1787366071267,-320.4708543698267
3565.6036139715115,-1.06483293637297e-05,0.0027800343655423566,-2.189220829704424,1083.8709725929257,-322.29667897992647
3566.257147499469,-1.2084806899898897e-05,0.0027726070492816407,-2.187406328147213,1083.4925694345072,-322.82951757974575
3566.9106810274266,-1.3548635718291192e-05,0.002764233193988503,-2.1855970488119567,1083.1151305956455,-323.3630398130431
3569.1565435543466,-1.8783731519646967e-05,0.0027279827388966586,-2.1794274038690298,1081.8254089852392,-325.2016534001983
3571.4024060812667,-2.4321094627014615e-05,0.0026796355529118683,-2.173352756262081,1080.5469674524313,-327.04812867976403
3572.055939609224,-2.5986434982748146e-05,0.002663197210356764,-2.171606808484141,1080.177048665301,-327.58689204133475
3572.7094731371817,-2.7674899088517544e-05,0.0026456649393864383,-2.1698720109110545,1079.8080660069145,-328.12629719888923
3574.9553356641018,-3.364628315518943e-05,0.0025768503026776164,-2.1640049250029043,1078.5471452367417,-329.98478087877936
3577.201198191022,-3.985723279328744e-05,0.002494355742589804,-2.158307748922285,1077.2969910414613,-331.850524850666
3577.8547317189796,-4.170540728000758e-05,0.0024677035227001483,-2.156686224567549,1076.9351860996685,-332.39477020288433
3578.5082652469373,-4.3570354844471214e-05,0.002439840712783533,-2.1550825499244834,1076.5742569224437,-332.9395970820145
3580.7541277738574,-5.0096505187752026e-05,0.0023346878722677444,-2.149718307283316,1075.340499881318,-334.81622391688643
3582.9999903007774,-5.6775496397404516e-05,0.0022147065654637495,-2.1446068748146447,1074.1165886229549,-336.6992880151592
3583.6535238287347,-5.8742337872782555e-05,0.0021769581113549948,-2.143171740286574,1073.762223300905,-337.24840640322293
3584.3070573566924,-6.071774668029937e-05,0.002137924798412468,-2.141761713797451,1073.4086369635252,-337.7980271426209
3586.5529198836125,-6.755804623959406e-05,0.001993888654993278,-2.1371190863167526,1072.1993175287212,-339.6904948418151
3588.7987824105326,-7.444512406200922e-05,0.0018344376103468496,-2.1328172540875907,1070.9984730856816,-341.5883529072349
3589.45231593849,-7.645171837827298e-05,0.0017851276965861623,-2.1316344244328236,1070.6505367428108,-342.14156722411644
3590.1058494664476,-7.845733376003178e-05,0.0017345104416318542,-2.1304842454006767,1070.3032433624435,-342.6951858524837
3592.3517119933676,-8.53268702805443e-05,0.0015505787275534172,-2.126792443579498,1069.1144504413203,-344.6006155239182
3594.5975745202877,-9.212528454742573e-05,0.001351298844228381,-2.123530962041563,1067.9322885912964,-346.51016762666814
3595.251108048245,-9.40834850934304e-05,0.0012904494764430046,-2.1226676631982424,1067.5894159249947,-347.06653454257867
3595.9046415762027,-9.603048145401952e-05,0.0012283278946223306,-2.121844522818689,1067.247010000102,-347.62318922325403
3598.150504103123,-0.00010261971881830283,0.0010052210930278742,-2.119333671952934,1066.0736061938246,-349.53813513136504
3600.396366630043,-0.00010901509988569543,0.000767533457452388,-2.1173402615667034,1064.904517612045,-351.4557195832499
3601.049900158,-0.000110832858715024,0.0006956913196443596,-2.1168620815068317,1064.564988503483,-352.0141332931076
3601.703433685958,-0.00011262900174653524,0.000622672143074298,-2.1164311904443602,1064.2257109662362,-352.5727001330309
3603.949296212878,-0.00011862037747337162,0.0003629358111204319,-2.115321968583585,1063.0613569280638,-354.4931628306207
3606.195158739798,-0.00012429557513644047,9.009871916958944e-05,-2.1148107900705986,1061.8985590432055,-356.4145685679156
3606.8486922677557,-0.00012588093279210658,8.345702601542824e-06,-2.114778594573318,1061.5603189415008,-356.97376410097536
3607.5022257957135,-0.00012743449289941218,-7.442929335465416e-05,-2.114800092457565,1061.2220799457218,-357.53296029697583
3609.7480883226335,-0.00013251501871954112,-0.00036641591055963505,-2.115293087011712,1060.059331281792,-359.45439584121954
3611.9939508495536,-0.0001371617672131582,-0.0006693255881997733,-2.116454109213855,1058.8949941869046,-361.37486877201223
3612.647484377511,-0.00013842614243612247,-0.0007593826244460753,-2.1169209588634317,1058.5556962371531,-361.93342322571175
3613.3010179054686,-0.00013964910729423238,-0.0008502490138774286,-2.1174468385936875,1058.2161197502414,-362.49180802818165
3615.5468804323887,-0.0001435212899003945,-0.001168331413801371,-2.119712052075609,1057.0465990986377,-364.4091290976138
3617.7927429593087,-0.00014685109900072256,-0.001494501155371711,-2.1227007164287635,1055.8720465498363,-366.3233700849087
3618.446276487266,-0.00014771248152160965,-0.001590759105900662,-2.12370889673984,1055.5291154647919,-366.87970149928674
3619.0998100152237,-0.00014852381806951926,-0.0016875606680344048,-2.124780054145212,1055.185605525919,-367.43567489574406
3621.345672542144,-0.00015091716028466662,-0.002023931507696508,-2.1289469326195083,1054.0002482904042,-369.34324499307365
3623.591535069064,-0.00015267357923833433,-0.0023649622439109656,-2.1338744865012713,1052.8062305977983,-371.2454031281189
3624.245068597021,-0.00015306030027859068,-0.0024648704037462765,-2.1354527608449527,1052.4569470208642,-371.79776854971965
3624.898602124979,-0.00015338978009093204,-0.0025650102713921743,-2.1370962804175293,1052.106774262582,-372.34956943517983
3627.144464651899,-0.00015407478755837513,-0.0029104049130693546,-2.143244656807169,1050.896142007675,-374.2411979501376
3629.390327178819,-0.0001540488008881994,-0.0032565395898030546,-2.1501695730880495,1049.6731729112153,-376.1248694756452
3630.0438607067763,-0.0001539042846087948,-0.0033571728141532967,-2.152330785921451,1049.314775591897,-376.67136570147164
3630.697394234734,-0.00015369740298609944,-0.003457689794283021,-2.1545575931633802,1048.9551811683214,-377.2170732286095
3632.943256761654,-0.00015250353624973758,-0.003801673995533383,-2.1627100205276535,1047.709831451474,-379.08602555705085
3635.189119288574,-0.0001505531119953075,-0.004142127374128766,-2.1716310242482204,1046.4485754464934,-380.9442747198381
3635.842652816532,-0.00014984185869389987,-0.004240290472488501,-2.174370215727677,1046.078376830828,-381.4828468032062
3636.4961863444896,-0.00014906587001267593,-0.0043379673171846,-2.177173261389003,1045.7066891410702,-382.0203901253651
3638.7420488714097,-0.0001459028208487446,-0.00466934018211396,-2.187289339004103,1044.4175842377977,-383.8594316278164
3640.9879113983297,-0.0001419740958655527,-0.004992749472140116,-2.198140691971756,1043.1092740783845,-385.6848531425126
3641.641444926287,-0.00014068765663815486,-0.00508511726690074,-2.2014339212014487,1042.7247828845325,-386.21331647283455
3642.2949784542448,-0.00013933745823576464,-0.005176624538434425,-2.2047870970640084,1042.3385404229648,-386.7404986969307
3644.540840981165,-0.00013421395777461995,-0.0054839411566069505,-2.2167604871486284,1040.9974701693293,-388.54199230565814
3646.786703508085,-0.00012835747761030146,-0.005778928011262953,-2.229410222632976,1039.6343269704807,-390.3268343904638
3647.440237036042,-0.00012651862607246194,-0.005862215440452285,-2.233214295428686,1039.233369212104,-390.8429155986118
3648.093770564,-0.00012462062795764366,-0.005944284204633475,-2.2370722735260364,1038.8304407937628,-391.35745704524146
3650.33963309092,-0.00011765565726651863,-0.006216466711231274,-2.2507310264657767,1037.430427897424,-393.11353059988903
3652.58549561784,-0.00011003405765097828,-0.006472269502005054,-2.2649826706025804,1036.0060500855534,-394.84989187201734
3653.2390291457973,-0.000107698306919883,-0.006543418455636893,-2.2692359094979713,1035.58687839019,-395.35129179696725
3653.892562673755,-0.00010531166470509355,-0.006613028003068651,-2.2735350338160463,1035.165570479834,-395.85089549053225
3656.138425200675,-9.673603730072286e-05,-0.006840014535733634,-2.2886455936701946,1033.7012222692567,-397.5536862069473
3658.384287727595,-8.76215450040648e-05,-0.007047136279931977,-2.304243627280158,1032.210906767085,-399.2337893116018
3659.0378212555524,-8.487565952775033e-05,-0.007103502635052636,-2.3088677341021078,1031.7722873289983,-399.7182679306594
3659.69135478351,-8.209040589239257e-05,-0.00715806643008363,-2.3135280043282145,1031.331427850289,-400.2007067865426
3661.9372173104302,-7.223789227223585e-05,-0.007331438658967574,-2.3298029448698387,1029.7991985039198,-401.84267752545003
3664.1830798373503,-6.199982679876604e-05,-0.007482250548486263,-2.3464419218931334,1028.2401597295857,-403.4592085747126
3664.836613365308,-5.895753859453279e-05,-0.007521774117273747,-2.351344883107018,1027.7814272988985,-403.9246876374988
3665.490146893266,-5.5890063160145213e-05,-0.0075593068721230595,-2.356272969461106,1027.3204165551738,-404.3879086066057
3667.736009420186,-4.517978771422539e-05,-0.007672839897177076,-2.373382168339366,1025.71874968466,-405.9622159494942
3669.981871947106,-3.42636418903492e-05,-0.007762087937670475,-2.3907190764157646,1024.0902101106267,-407.50870424328565
3670.635405475063,-3.1058919537324e-05,-0.0077834307028127004,-2.3957989689019437,1023.6112842312211,-407.95337917966077
3671.288939003021,-2.784486502978076e-05,-0.0078026820533282385,-2.400892106020585,1023.1301065666319,-408.39561549996324
3673.534801529941,-1.675423242721735e-05,-0.007852766348511587,-2.4184767630340427,1021.4594397221683,-409.89649613308535
3675.780664056861,-5.6498447880083915e-06,-0.007877927161572313,-2.436145915131968,1019.762579419732,-411.3676964886241
3676.4341975848183,-2.426620256034759e-06,-0.00788056285733943,-2.4412953823069192,1019.2639394498268,-411.7901459572039
3677.087731112776,7.898056156623812e-07,-0.007881100085829597,-2.446445900709122,1018.7631337386784,-412.2100256303224
3679.333593639696,1.1765812770960252e-05,-0.007866968963618305,-2.464134477309938,1017.0257626958571,-413.6331586189455
3681.579456166616,2.2570701030959376e-05,-0.007828379392999015,-2.481763852196541,1015.2635327963759,-415.02539241408743
3682.2329896945735,2.5673047639124023e-05,-0.007812610989217178,-2.4868749027892663,1014.7461545141198,-415.42467262488464
3682.886523222531,2.875397656237261e-05,-0.007794827054264537,-2.491975035452286,1014.2267468902155,-415.82131027714456
3685.1323857494513,3.915589269147009e-05,-0.007718507410423531,-2.509399746814944,1012.4265661657404,-417.16411178956747
3687.3782482763713,4.922905196578552e-05,-0.007619195664290323,-2.5266272361989524,1010.603389778054,-418.4755254892229
3688.0317818043286,5.209080965251273e-05,-0.007586083661142875,-2.5315958875428706,1010.0686517120083,-418.85123793297066
3688.6853153322863,5.491943535266763e-05,-0.007551115936898919,-2.5365423638158258,1009.5320592206841,-419.22429903578455
3690.9311778592064,6.437008959010791e-05,-0.007417078486825609,-2.5533544958573446,1007.6742126427295,-420.48611476764916
3693.1770403861265,7.337452001407709e-05,-0.007262317245216193,-2.569842326819124,1005.7956124310658,-421.71682685786845
3693.830573914084,7.590566317191789e-05,-0.007213533659948161,-2.5745726023722506,1005.2451841839348,-422.06915219958523
3694.484107442042,7.839565208011427e-05,-0.007163111612345978,-2.57927054932959,1004.6931019456742,-422.4188829732008
3696.729969968962,8.662739035353283e-05,-0.006977705131375101,-2.595153065681028,1002.7835885489241,-423.6010599419414
3698.975832495882,9.434112311406432e-05,-0.006774392982469597,-2.610599077730286,1000.8557882155635,-424.7531852230548
3699.6293660238393,9.648577501366927e-05,-0.00671203382291099,-2.615006021819503,1000.2915146862288,-425.0828815382519
3700.282899551797,9.858512974008592e-05,-0.006648288715987468,-2.619371856766554,999.7258004837439,-425.41010332550223
3702.528762078717,0.00010544907307138144,-0.006419070434127747,-2.6340483735501987,997.7710830698492,-426.51594150165073
3704.774624605637,0.00011176856611852408,-0.0061750480593988355,-2.648193473605417,995.8006283902984,-427.59350001339254
3705.4281581335945,0.00011350495398883871,-0.00610143355722918,-2.652205030733515,995.2244226773754,-427.90186869103815
3706.081691661552,0.0001151955761832392,-0.0060266987981391325,-2.6561682109394593,994.646991485374,-428.2079406316566
3708.3275541884723,0.00012065696067434546,-0.005761753361471448,-2.6694080165227136,992.6536484556808,-429.2425412251295
3710.5734167153923,0.00012558803952428867,-0.005485137902813732,-2.682039686445537,990.6470841717917,-430.2512736219664
3711.2269502433496,0.00012692512462458036,-0.005402623129063659,-2.6855974428778575,990.0608388103254,-430.54010009816056
3711.8804837713074,0.00012821908482489537,-0.005319247164647387,-2.6891010848366914,989.4735764961871,-430.82685759024105
3714.1263462982274,0.00013234223142323743,-0.005026564224786471,-2.7007203513367557,987.448025232964,-431.79689586231626
3716.3722088251475,0.00013598186598197677,-0.004725164215272866,-2.711672503519876,985.4116506283239,-432.7440156830403
3717.0257423531048,0.00013695348482255652,-0.0046359768710881296,-2.7147314026007456,984.8171727532399,-433.01549420755305
3717.6792758810625,0.00013788698043610406,-0.004546164832958291,-2.717731893084146,984.221874079838,-433.28517247169793
3719.9251384079826,0.00014081291461562437,-0.004233126505928948,-2.7275915766133823,982.1701799662593,-434.19862761313664
3722.1710009349026,0.00014332474462735423,-0.0039139819434859235,-2.736741362211803,980.1098919393177,-435.0925431379979
3722.8245344628604,0.00014398217079570803,-0.003820099081746959,-2.739268587407991,979.5088639903397,-435.3491949910908
3723.478067990818,0.0001446079141133912,-0.003725794391650729,-2.7417343878301703,978.9071961308808,-435.6043470806055
3725.723930517738,0.00014652736363355084,-0.003398807125804749,-2.7497355623795636,976.8349684056215,-436.4702204143596
3727.969793044658,0.00014811361074046486,-0.003067883203616018,-2.756997947887331,974.7561890615825,-437.32025557440517
3728.6233265726155,0.0001485172191159842,-0.002970954075957951,-2.758971222281757,974.1501534562692,-437.56484888144723
3729.2768601005732,0.00014889610259291984,-0.0028737666961456618,-2.7608811196024887,973.5436431574533,-437.8082660764422
3731.5227226274933,0.00015002069444670614,-0.002538056596500131,-2.766958644992994,971.4560091845476,-438.6363130695934
3733.7685851544134,0.00015089371394913243,-0.0022001033166104632,-2.7722796927135684,969.3636868708675,-439.45244986005775
3734.4221186823706,0.00015110488252516124,-0.0021014204833020808,-2.773685271587677,968.7540510115342,-439.68792691992763
3735.0756522103284,0.00015129793675942437,-0.002002603262321441,-2.7750263535401025,968.1440916107423,-439.9225671387504
3737.3215147372484,0.0001518335696694198,-0.0016621740471697939,-2.7791418342225707,966.0457355148199,-440.7230603359903
3739.5673772641685,0.00015219090327984105,-0.0013207420919951465,-2.7824916316795374,963.9444040930116,-441.51571633337977
3740.220910792126,0.00015226509131438792,-0.001221256377665837,-2.7833222581482935,963.3324611416281,-441.74513175230186
3740.8744443200835,0.00015232676424809205,-0.001121724449975953,-2.7840878797616586,962.720334827301,-441.9740589787609
3743.1203068470036,0.0001524517267828018,-0.0007794566110545139,-2.786222802623309,960.615584482625,-442.75758993537727
3745.3661693739236,0.000152456238956547,-0.0004370433809351223,-2.787588875707032,958.5094648495468,-443.5374356830579
3746.019702901881,0.00015243761164960795,-0.00033741452577993507,-2.7878419308017772,957.8964256762845,-443.7639061035594
3746.6732364298387,0.00015241052601716316,-0.00023779943051903044,-2.788029898344025,957.2833364325741,-443.99024136302467
3748.9190989567587,0.0001522588822958977,0.00010433891107359423,-2.7881796841460393,955.1762835217302,-444.7675615253589
3751.164961483679,0.00015202421669153503,0.00044604345384710527,-2.7875615613939027,953.0694128188131,-445.5453750251106
3751.8184950116365,0.00015194178313702528,0.0005453693498952679,-2.7872375899000468,952.4564450470525,-445.7720391761872
3752.4720285395942,0.0001518530908561463,0.0006446397718301637,-2.786848737748163,951.8435582787349,-445.9989215881325
3754.7178910665143,0.0001515034249892253,0.000985301188404945,-2.7850182646261716,949.7381982630616,-446.7808156445325
3756.9637535934344,0.00015108482725736003,0.0013250998977660704,-2.782423681555227,947.6345745464401,-447.5673655062999
3757.6172871213917,0.0001509501803998514,0.0014237951815585287,-2.7815254227707054,947.0228453108231,-447.7973517884896
3758.2708206493494,0.00015080943750087048,0.0015224001609154176,-2.780562706468345,946.4113308389104,-448.0279067743161
3760.5166831762695,0.00015027895885443807,0.0018605165247286325,-2.776763683978292,944.311712018731,-448.8250875102481
3762.7625457031895,0.00014966945232124888,0.0021973527635437678,-2.772206736109391,942.2154443308731,-449.63103257578354
3763.416079231147,0.00014947602416442995,0.0022951043262352693,-2.7707387362211295,941.6061639471741,-449.86743044801176
3764.0696127591045,0.00014927466187614677,0.0023927258466488618,-2.7692069125146253,940.9972396227882,-450.1047412888841
3766.3154752860246,0.0001485186509458681,0.002727148246020409,-2.76345730450354,938.9076121525275,-450.9277524163596
3768.5613378129447,0.00014765054933800557,0.003059746878647498,-2.756958677722235,936.8230672241848,-451.76354383635163
3769.214871340902,0.00014737445993133296,0.0031561525545647836,-2.7549275081689153,936.2175312610769,-452.0093748722347
3769.8684048688597,0.00014708676735126878,0.0032523723489982746,-2.752833420502822,935.6125046980939,-452.25645347317123
3772.1142673957797,0.0001460033610741611,0.0035815232688019226,-2.7451589354355583,933.5374609813168,-453.11556620068416
3774.3601299227,0.0001447551098904401,0.003908055897547124,-2.73674816281269,931.4693978694808,-453.9913379509302
3775.0136634506575,0.00014435752070596694,0.0040025301646083155,-2.734163216776192,930.8690250431237,-454.24952256702176
3775.6671969786153,0.0001439432082212402,0.004096737016557876,-2.7315166525290833,930.2693308613934,-454.5092754784941
3777.9130595055353,0.0001423834076383451,0.004418305571651111,-2.7219541405865804,928.2139280774468,-455.4143657176
3780.1589220324554,0.00014059146506135875,0.004736110349563023,-2.7116736563394204,926.1676109427741,-456.33980138630676
3780.8124555604127,0.0001400223912472377,0.004827808016725031,-2.708548443889205,925.5739738605588,-456.61311791751285
3781.4659890883704,0.00013943050497857373,0.004919123962074558,-2.7053634782574734,924.9812034074248,-456.88830439968655
3783.7118516152905,0.00013721274574353322,0.005229832832436161,-2.6939659006163126,922.9510572585133,-457.84870049487364
3785.9577141422105,0.00013468767312751283,0.0055352158286348695,-2.6818764941570254,920.9323345749924,-458.8328678860576
3786.611247670168,0.00013389091127152884,0.005622981191209128,-2.678230309313207,920.3471797654513,-459.1239018988956
3787.2647811981255,0.0001330649160795236,0.005710213932898449,-2.6745270042912788,919.7630996845406,-459.41708208890935
3789.5106437250456,0.00012999329157280378,0.00600568181029295,-2.661369487208831,917.7644363567617,-460.4413777927408
3791.7565062519657,0.00012653914011578356,0.006293821689839427,-2.647556618730515,915.7797727929623,-461.4925284047006
3792.410039779923,0.0001254581269569113,0.0063761690996300595,-2.6434164127780053,915.2050258880371,-461.80361186679943
3793.0635733078807,0.00012434180366514754,0.006457796404345327,-2.6392227017495613,914.6315813525414,-462.1170848901234
3795.3094358348008,0.00012022695531254521,0.006732514390112918,-2.624409065394258,912.6712329814713,-463.2129188173315
3797.555298361721,0.00011566285285875556,0.006997486510685975,-2.6089893941459623,910.7276789109992,-464.33825632350283
3798.208831889678,0.00011424702683286683,0.007072616571938215,-2.604391659855521,910.1654305759015,-464.6713983994685
3798.862365417636,0.00011279090901719275,0.007146806628439856,-2.5997452197993347,909.6047287860024,-465.0071324558355
3801.108227944556,0.00010747225657232505,0.007394240393470924,-2.583414283084751,907.6900574335758,-466.18094303604175
3803.354090471476,0.00010165471231659029,0.00762916897507084,-2.5665416866108175,905.7951415888647,-467.3863729886559
3804.0076239994337,9.986599996033805e-05,0.007695022242618373,-2.5615341400483955,905.2476101374417,-467.7431866266278
3804.6611575273914,9.803379336491469e-05,0.007759691552657613,-2.556484036941716,904.7018801116088,-468.1027454844573
3806.9070200543115,9.140137648999219e-05,0.00797251220965675,-2.5388149556966355,902.840617459841,-469.3595187139384
3809.1528825812316,8.424542425695311e-05,0.008169849475912422,-2.520685295296574,901.002151647092,-470.6493998497472
3809.806416109189,8.206419408945197e-05,0.008224196525456015,-2.5153281394199056,900.4716195139372,-471.03103064512794
3810.4599496371466,7.983867630578047e-05,0.008277103819681409,-2.509936031924835,899.9431455486564,-471.41550326562214
3812.7058121640666,7.185250596488849e-05,0.008447539325307545,-2.4911519418546937,898.1431410237301,-472.7585380777711
3814.9516746909867,6.334946696250881e-05,0.008599458582252376,-2.4720058695437346,896.3689327113138,-474.13546239581467
3815.605208218944,6.077937007117876e-05,0.008640021710690227,-2.466372440554783,895.8576562210387,-474.5425280202382
3816.2587417469017,5.816701758445555e-05,0.008678892717780332,-2.4607131461988847,895.3486847770191,-474.952469742696
3818.5046042738218,4.887162469947643e-05,0.008799178650256895,-2.441082466527296,893.6175638780192,-476.3831909044531
3820.750466800742,3.910125354731254e-05,0.008898055040234389,-2.421205682632049,891.9150427804267,-477.8478233415427
3821.404000328699,3.617224888246609e-05,0.008922653018991776,-2.41538231879371,891.4251378706782,-478.2803725808885
3822.057533856657,3.32060734172565e-05,0.008945327109347175,-2.409543588072654,890.937760945491,-478.7157669074487
3824.303396383577,2.273836215975848e-05,0.009008223172371436,-2.389378501889806,889.2825074974205,-480.23361620350846
3826.549258910497,1.1873615212096302e-05,0.009047164351150659,-2.36909905948435,887.6582849282544,-481.7846235320178
3827.2027924384543,8.642749286777245e-06,0.009053868518676027,-2.3631840912815534,887.1915952556694,-482.2421232135439
3827.856325966412,5.382727427286603e-06,0.009058455154332665,-2.3572654963744206,886.7276170984345,-482.7023722776322
3830.102188493332,-6.028982430636452e-06,0.009057783081936256,-2.336917349237062,885.1541062602239,-484.3048039571978
3832.348051020252,-1.7727232806734663e-05,0.009031160112695742,-2.316599852555292,883.6134989224036,-485.93889537806695
3833.00158454821,-2.1178281678342085e-05,0.0090184461504563,-2.3107016912852174,883.1714564320944,-486.42025093635715
3833.6551180761676,-2.4648047404548384e-05,0.009003474891250954,-2.304812616960742,882.7322540398307,-486.90420001181803
3835.9009806030876,-3.669738099175407e-05,0.008934616784562019,-2.284664276268869,881.2447745469475,-488.58679559669326
3838.1468431300077,-4.889949006156903e-05,0.008838525974729498,-2.2647011618722295,879.7913346658511,-490.298884422291
3838.800376657965,-5.2471106109514824e-05,0.00880539958009509,-2.258935571744575,879.3748253481115,-490.802495658233
3839.4539101859227,-5.604960986420478e-05,0.008769941270459597,-2.253192407724806,878.9612156540961,-491.3084927110368
3841.699772712843,-6.838068244700966e-05,0.008630216381919837,-2.2336480416560405,877.5620267713736,-493.0651941479441
3843.945635239763,-8.072124885029894e-05,0.008462786938641786,-2.2144485887891783,876.1971248302949,-494.84867238594796
3844.59916876772,-8.430608181864511e-05,0.008408858925847426,-2.2089353669040093,875.8063730973745,-495.3725206394826
3845.252702295678,-8.788568759013285e-05,0.008352594269453489,-2.203458141096632,875.4185002109544,-495.89850652071254
3847.498564822598,-0.0001001281857665815,0.0081414429496102,-2.1849313529115677,874.107468281899,-497.72194771885614
3849.744427349518,-0.00011223890301776352,0.007902944642797442,-2.166909490349877,872.8299706913775,-499.56904637725665
3850.3979608774753,-0.00011573065483907345,0.007828448661757184,-2.161768881624747,872.4644540306457,-500.11080389865754
3851.051494405433,-0.00011920557402976167,0.007751680375846941,-2.1566776647029484,872.101707844336,-500.6544234182269
3853.297356932353,-0.00013100078905279482,0.007470666446998482,-2.1395791131820214,870.8760583162027,-502.53632266751663
3855.543219459273,-0.00014253215127540847,0.007163458375291363,-2.1231410945353724,869.6821306839831,-504.43851498211734
3856.1967529872304,-0.00014583116859915023,0.007069227327475342,-2.1184902328630897,869.3405324282818,-504.9956632118934
3856.850286515188,-0.00014910273367972634,0.00697285295371381,-2.113901595418746,869.0015059369697,-505.55438349103196
3859.096149042108,-0.0001601199097197158,0.006625545742327412,-2.0986269778165108,867.8557121313046,-507.48594806884955
3861.3420115690283,-0.00017075538255631229,0.006253924094580766,-2.084159667906398,866.7387631808377,-509.4343449928447
3861.995545096986,-0.00017377247883462626,0.006141340096579064,-2.0801092355901334,866.4189665929904,-510.00428683610124
3862.6490786249437,-0.0001767529006828735,0.006026799457182126,-2.0761329408017617,866.1014546027866,-510.5755080049849
3864.894941151864,-0.00018670156142043388,0.005618575020824865,-2.0630519051850995,865.027268474901,-512.5477999719868
3867.140803678784,-0.00019616902787478283,0.005188547608228489,-2.0509121687762786,863.9780339753659,-514.533488346055
3867.794337206741,-0.0001988286535342223,0.005059471651338801,-2.0475634067931328,863.6771564040614,-515.1136404529826
3868.447870734699,-0.00020144402571138103,0.004928674520365637,-2.0442994670045684,863.3781939379867,-515.6947849464136
3870.693733261619,-0.00021008315087340027,0.00446645287185899,-2.0337458713060856,862.3648097074054,-517.6990031207802
3872.939595788539,-0.00021816169235820937,0.00398545843282251,-2.0242514424405016,861.3715626755907,-519.7132856539662
3873.5931293164963,-0.0002204033420838945,0.003842146108162787,-2.0216936138738677,861.086025008693,-520.3011397199432
3874.246662844454,-0.00022259484292135937,0.0036973870993258252,-2.0192298089030922,860.8019603237864,-520.889709620342
3876.492525371374,-0.00022973496155377556,0.0031893356063931472,-2.0114936220050335,859.8362913733913,-522.9173550834528
3878.738387898294,-0.00023625412984010753,0.0026659456731428326,-2.0049156729308617,858.8851563371039,-524.9518655068453
3879.3919214262514,-0.00023803166378018271,0.0025109610374274426,-2.0032240265093426,858.6107809282682,-525.5450120474316
3880.045454954209,-0.0002397546429181718,0.00235483395974372,-2.0016339229027826,858.3373761998353,-526.1386084843169
3882.291317481129,-0.0002452534291708713,0.0018100787575101125,-1.996954840703287,857.4044207915165,-528.1815174137878
3884.5371800080493,-0.00025008712544850235,0.0012537208876140398,-1.9935122327970891,856.479767430066,-530.2282014961955
3885.1907135360066,-0.000251366711269779,0.0010898586981553382,-1.9927464453860588,856.2118973995446,-530.8243147017051
3885.8442470639643,-0.0002525885790607843,0.0009251801168415519,-1.9920878890893754,855.9444500420739,-531.4206184968097
3888.0901095908844,-0.00025634295706646466,0.0003535546568044811,-1.9906505261243541,855.0277225060416,-533.4708640099728
3890.3359721178044,-0.00025940097637267966,-0.00022572065715322916,-1.9905055456195901,854.1126170409957,-535.5218348692621
3890.989505645762,-0.0002601586050307078,-0.00039549914108077635,-1.990708577629743,853.846251064182,-536.1186222284502
3891.64303917372,-0.0002608563008995085,-0.0005657524948097592,-1.991022590812658,853.579729997208,-536.7153400136561
3893.88890170064,-0.00026279392265460435,-0.0011539100232457937,-1.9929529900197387,852.6617394958471,-538.7650215467912
3896.13476422756,-0.0002640138444383084,-0.001745613256037283,-1.9962082917621298,851.7384386289664,-540.8123136377358
3896.7882977555173,-0.0002642330736595143,-0.0019182304126699019,-1.9974055733019163,851.4683773183114,-541.4074384614811
3897.441831283475,-0.0002643909195191348,-0.0020909703646248743,-1.9987155729558372,851.1975705129382,-542.002222843533
3899.687693810395,-0.00026446333049143684,-0.002684974134472496,-2.0040787535258255,850.2603365652444,-544.0431757467645
3901.933556337315,-0.00026380480430943294,-0.0032783197372271526,-2.0107752458269568,849.3108157006968,-546.0784347769002
3902.5870898652724,-0.00026347535873284925,-0.0034506209111201465,-2.0129741199683044,849.0318176174203,-546.6694232435542
3903.24062339323,-0.00026308373099746184,-0.0036226862955892145,-2.015285386832553,848.751489133425,-547.2597789640241
3905.4864859201502,-0.00026126281735617374,-0.004211629238839903,-2.0240837048017966,847.7770889506921,-549.2832476783867
3907.7323484470703,-0.0002587055565055377,-0.004795655793076724,-2.0341991868908513,846.783601151172,-551.2974029508123
3908.3858819750276,-0.0002578230306305847,-0.004964443584869878,-2.0373885631683066,846.4905475893173,-551.8815497099902
3909.0394155029853,-0.00025687824855627337,-0.005132634409041722,-2.040687917906447,846.1956032892269,-552.4647400378523
3911.2852780299054,-0.00025315691279193973,-0.005705505908247368,-2.0528601225978687,845.166748231217,-554.4610651140115
3913.5311405568254,-0.00024870318457418565,-0.006269197372526738,-2.066308609373876,844.1124107716687,-556.4440361389629
3914.1846740847827,-0.00024727014086426053,-0.006431268173414394,-2.070458818835073,843.8004782038853,-557.0183237660194
3914.8382076127405,-0.0002457756795036698,-0.006592382906844252,-2.074714501542604,843.4861389069079,-557.5912924762416
3917.0840701396605,-0.00024017330318247,-0.00713820415990283,-2.0901355122579823,842.3867745589721,-559.5496644443904
3919.3299326665806,-0.00023385522168112093,-0.007670639558197706,-2.1067673310771977,841.2561750335906,-561.4901546402446
3919.9834661945383,-0.00023188362353376374,-0.007822830388451758,-2.1118302191872855,840.9210122849822,-562.0512021689366
3920.636999722496,-0.00022985273095678545,-0.007973714440892416,-2.1169920137435794,840.5829911301682,-562.610526230827
3922.882862249416,-0.00022242512821839196,-0.008481718927924393,-2.1354735995511422,839.3989073621946,-564.5188572383779
3925.128724776336,-0.00021431606332358326,-0.00897227680514105,-2.1550765022560325,838.178711327801,-566.4042833033366
3925.7822583042935,-0.00021183086264232791,-0.00911152978437149,-2.160985841410543,837.8166153287061,-566.9483374034982
3926.435791832251,-0.00020929020431864845,-0.009249142321545455,-2.166985531108296,837.4512927777523,-567.4902236421159
3928.6816543591713,-0.00020014292233100985,-0.009709024352481629,-2.188278225122342,836.1707178197614,-569.3351797987826
3930.9275168860913,-0.00019037170513627546,-0.010147662209228166,-2.210579895209106,834.8502466492239,-571.1517747959158
3931.5810504140486,-0.00018741509000786522,-0.010271111963609032,-2.2172522356220012,834.4583266232383,-571.674753594844
3932.2345839420063,-0.000184409083477301,-0.010392616087450986,-2.2240045121682424,834.0629125105803,-572.1950887922522
3934.4804464689264,-0.00017371249132045586,-0.010794862572940458,-2.247801203330241,832.6770512057273,-573.9623113268008
3936.7263089958465,-0.00016247852150145855,-0.011172482544762,-2.2724736309184763,831.2487853414793,-575.6954219136322
3937.3798425238037,-0.00015911426319612605,-0.011277568992825324,-2.2798097317488724,830.8251015225574,-576.193015812562
3938.0333760517615,-0.00015570930948830065,-0.011380447267469118,-2.287213700811269,830.3977699014899,-576.6874738411683
3940.2792385786815,-0.00014371242726853598,-0.011716755535579637,-2.3131554023822596,828.9012347327488,-578.3619952594839
3942.5251011056016,-0.00013129750193624756,-0.012025651021792372,-2.339821623420279,827.3611880540976,-579.9965691009281
3943.178634633559,-0.00012761385282007286,-0.012110254108504302,-2.3477086054606935,826.9048487597561,-580.4643954116196
3943.8321681615166,-0.00012390098737267486,-0.012192445018397034,-2.355650027335755,826.4448292768549,-580.9285972970173
3946.0780306884367,-0.00011093792108890625,-0.012456202960429432,-2.383334269587565,824.8359079856515,-582.4954311119437
3948.3238932153567,-9.770775113275733e-05,-0.012690547698596821,-2.4115778469113818,823.1838180218072,-584.0166615639257
3948.9774267433145,-9.381681657043902e-05,-0.012753129805912871,-2.4198921588344455,822.6950194238113,-584.45046120736
3949.630960271272,-8.991051462318166e-05,-0.012813169514578586,-2.42824650644059,822.202629845615,-584.8801754062958
3951.8768227981923,-7.63918920393804e-05,-0.01299993308289068,-2.4572385481028056,820.4833396065233,-586.3250284476617
3954.1226853251123,-6.278031622174844e-05,-0.01315623130323392,-2.486615824572799,818.7226294414712,-587.7190948563768
3954.7762188530696,-5.881204545193721e-05,-0.013195960779920387,-2.495226995384127,818.2026265793003,-588.1149513002119
3955.4297523810274,-5.484368605540445e-05,-0.013233102631574952,-2.503863285052934,817.6792357262008,-588.5063135997021
3957.6756149079474,-4.123012316311873e-05,-0.013340969814877347,-2.5337098447167428,815.8551330755273,-589.8163446344882
3959.9214774348675,-2.7707931858791815e-05,-0.013418365411434787,-2.563764441748009,813.9926248635529,-591.07116494192
3960.5750109628248,-2.3800486854231557e-05,-0.013435192871926035,-2.5725394229951197,813.4436303029187,-591.4257200898401
3961.2285444907825,-1.9908505588094082e-05,-0.013449477426920155,-2.5813246040041813,812.8915488414451,-591.7754474843372
3963.4744070177026,-6.676178593078239e-06,-0.013479279253959467,-2.6115692514346223,810.9712951054329,-592.9399820555223
3965.7202695446226,6.283936066593679e-06,-0.013479668769398366,-2.6418478016674154,809.0166884748647,-594.0458865037243
3966.37380307258,9.994442442501896e-06,-0.013474345116658865,-2.6506555845447095,808.4417050836865,-594.3565271495655
3967.0273366005376,1.3674831956188272e-05,-0.01346661146193596,-2.6594591656300777,807.8640117961066,-594.6620994923475
3969.2731991274577,2.607008801595599e-05,-0.013421899298145697,-2.6896582336737795,805.858728992636,-595.6732132042425
3971.5190616543778,3.803067496027998e-05,-0.013349837196798203,-2.719726172244388,803.82389224582,-596.6234567304073
3972.172595182335,4.142128506367053e-05,-0.013323870250370464,-2.7284423336810253,803.2264963293425,-596.8884489493681
3972.826128710293,4.4769387180065845e-05,-0.013295705309838465,-2.737140898107309,802.6268170586311,-597.1482364488252
3975.071991237213,5.5932337433161585e-05,-0.013182519023548729,-2.7668786979775453,800.5493002718393,-598.0011374695149
3977.317853764133,6.653334000187226e-05,-0.013044893314218906,-2.7963348532166465,798.4474496134675,-598.7921924526601
3977.9713872920906,6.950681032867749e-05,-0.013000435424993502,-2.8048456545555043,797.8315477617017,-599.0107492604207
3978.6249208200484,7.242896983919987e-05,-0.012954053542041878,-2.8133268829202405,797.2138109340942,-599.2240722399214
3980.8707833469684,8.206730807787481e-05,-0.012780444855471598,-2.842228872217539,795.0776827790185,-599.9172452388219
3983.1166458738885,9.106454202337727e-05,-0.012585909702283227,-2.8707174612877195,792.9225386808304,-600.5488512086984
3983.770179401846,9.355929867178461e-05,-0.0125255768415862,-2.878923089501041,792.2921245578138,-600.7211295021824
3984.4237129298035,9.599822050405685e-05,-0.012463632733097849,-2.887088881984541,791.6603195308547,-600.8882476943096
3986.6695754567236,0.00010394828076138803,-0.012238981282154858,-2.9148314204858323,789.4792161532606,-601.4233596170902
3988.9154379836436,0.00011122898400649243,-0.011997226730708606,-2.942050217105573,787.2842232038303,-601.8983449396538
3989.568971511601,0.00011322166783061341,-0.011923880555218069,-2.949866848334703,786.6431584623127,-602.0253787316358
3990.2225050395587,0.00011515810107742548,-0.011849249967441475,-2.957635247045176,786.0011203656289,-602.1474182255097
3992.4683675664787,0.00012138461178807754,-0.011583506675280726,-2.9839511021329006,783.7879855096296,-602.5290218478864
3994.714230093399,0.00012695880435033985,-0.011304512004483997,-3.0096552539316246,781.56566352402,-602.8529442182262
3995.367763621356,0.00012846035883155862,-0.011221047164283404,-3.0170158504494275,780.9175006742621,-602.9365295440751
3996.021297149314,0.00012990868141319568,-0.011136616781597957,-3.0243216994153994,780.2687386865725,-603.0153634400907
3998.267159676234,0.00013448586338176384,-0.010839607574782618,-3.0490012865888616,778.0352768046416,-603.2504582465469
4000.513022203154,0.00013846297348245478,-0.010532992485965932,-3.0730030451693717,775.7967426238071,-603.4311285005521
4001.1665557311117,0.00013951124815217357,-0.010442158181946243,-3.0798570084067065,775.1445991035145,-603.4736793615997
4001.8200892590694,0.00014051181537766728,-0.01035065199829909,-3.086651492071497,774.4921764348791,-603.5117816712515
4004.0659517859895,0.00014359598879502196,-0.010031520435911597,-3.1095404569924523,772.2484857645862,-603.6092997141086
4006.3118143129095,0.00014615638898321525,-0.009706050405353524,-3.1317055786322103,770.0031556042293,-603.6562559671718
4006.965347840867,0.00014680777405593455,-0.009610318576259309,-3.1380175001095334,769.3496399422171,-603.6606504169605
4007.6188813688245,0.00014741857177591615,-0.009514171480541634,-3.1442668098726285,768.6961055805376,-603.660942080762
4009.8647438957446,0.00014921987977133876,-0.009180985778774235,-3.1652608524873678,766.4504853485895,-603.6312213032653
4012.1106064226647,0.0001505878010586811,-0.00884424125036414,-3.1855026095023007,764.2059434806425,-603.5552113970358
4012.764139950622,0.00015090967430660902,-0.008745721603551327,-3.1912503955321894,763.5531280282963,-603.5246436416815
4013.4176734785797,0.00015119884302365743,-0.008646999324233733,-3.196933800456042,762.900494161842,-603.4903460656811
4015.6635360054997,0.00015195582641125334,-0.008306513988116103,-3.2159716774750744,760.6594011730147,-603.3446401242318
4017.90939853242,0.00015237362530550524,-0.007964709452246418,-3.2342433898661076,758.4214053179253,-603.1571551483245
4018.562932060377,0.0001524366710269908,-0.007865107706427446,-3.2394160183712906,757.7708362072956,-603.0950048826851
4019.216465588335,0.00015247485826573874,-0.007765470054603062,-3.2445235961710446,757.1205917111106,-603.0295116694465
4021.462328115255,0.00015242882360385246,-0.007423037501847242,-3.261579174387985,754.8887116820732,-602.7795687059606
4023.708190642175,0.00015213339144863773,-0.007080988392855773,-3.277866126747682,752.6612988480159,-602.4924535689139
4024.361724170132,0.0001520053136918332,-0.006981606370207615,-3.282461287309271,752.0140324818168,-602.4021789066343
4025.01525769809,0.00015185954893992708,-0.006882311347497376,-3.286991565446233,751.3671817479558,-602.3089516146681
4027.26112022501,0.00015123483830623938,-0.006541925250071166,-3.302065761968389,749.1475787236321,-601.9666781051881
4029.50698275193,0.0001504394981286154,-0.0062031337720966735,-3.316377288757684,746.9332357053673,-601.5918295789767
4030.160516279888,0.0001501799803474183,-0.006104901829020906,-3.320399120406069,746.2898916422117,-601.4768856091891
4030.8140498078455,0.00014990881091510208,-0.006006841306547701,-3.32435683580788,745.6470087632035,-601.3593751524578
4033.0599123347656,0.00014889714946885417,-0.005671282615203607,-3.3374701184195534,743.4413196368471,-600.9365873500284
4035.3057748616857,0.00014777789432706055,-0.005338116796716045,-3.349832469372492,741.2411876021605,-600.485737883885
4035.959308389643,0.00014743499576438037,-0.005241651522813856,-3.3532895636684774,740.6020094509316,-600.3495196513438
4036.6128419176007,0.0001470850123050833,-0.005145411243700731,-3.3566837039033137,739.9632996065245,-600.2111118417869
4038.8587044445208,0.00014583498418219292,-0.0048164704529752,-3.3678696736697367,737.7719476498528,-599.7193676316124
4041.104566971441,0.0001445220725449901,-0.004490407667432638,-3.3783201194426873,735.586037757926,-599.2039450220191
4041.758100499398,0.00014413016674281795,-0.004396086058441488,-3.381223910348539,734.9509559566814,-599.0497516128489
4042.411634027356,0.00014373416755122698,-0.004302021085293237,-3.3840661519981796,734.3163181383434,-598.89373335499
4044.657496554276,0.00014234624026420568,-0.003980765532156049,-3.3933665608891808,732.1387273731177,-598.3442313931246
4046.903359081196,0.0001409213418566971,-0.0036626685889299083,-3.4019490208736403,729.9661322430652,-597.7752797838838
4047.5568926091532,0.00014050069525144783,-0.0035707093557223527,-3.4043126299189166,729.3348248481751,-597.6062950944406
4048.210426137111,0.00014007738641373587,-0.0034790256269729377,-3.406616236612814,728.7039122813611,-597.4358367378557
4050.456288664031,0.0001386041598036129,-0.003166080048896293,-3.414077608275598,726.5387119147248,-596.8393670348005
4052.702151190951,0.00013710230839708963,-0.0028564752789357706,-3.4208398986894917,724.3778046602074,-596.2275130574708
4053.3556847189084,0.00013665991636177736,-0.0027670187555971,-3.422677451217458,723.7497541681387,-596.0467985180358
4054.009218246866,0.00013621491283622494,-0.0026778524085409,-3.4244566416430064,723.1220306368268,-595.8649476419898
4056.255080773786,0.00013466534193287344,-0.0023736658749441246,-3.4301284906867675,720.9672446875611,-595.2318774775401
4058.5009433007062,0.00013308036265102804,-0.002072999225747188,-3.4351211311817633,718.81586243523,-594.5873257706038
4059.154476828664,0.00013261175353981289,-0.0019861794682908785,-3.4364475159081325,718.1904080352072,-594.3978205328995
4059.8080103566217,0.00013213942561673782,-0.0018996677566682234,-3.4377172699140557,717.5651996274051,-594.2075027201214
4062.0538728835418,0.00013048584556077484,-0.0016047475146157685,-3.441651780983642,715.4184209085291,-593.5477830468383
4064.299735410462,0.00012877822227234185,-0.0013136016728815807,-3.444928180125288,713.2740330287694,-592.8803270445333
4064.953268938419,0.00012826986552762,-0.001229606228137768,-3.4457591928459146,712.6504185137111,-592.6848516790734
4065.606802466377,0.0001277558492790461,-0.0011459456930652887,-3.446535433560397,712.0269610773132,-592.4888743946616
4067.852664993297,0.00012594293518788008,-0.0008610442935110336,-3.448788366389287,709.8855109118201,-591.8120539425975
4070.098527520217,0.00012404932350627696,-0.0005803050676258402,-3.450406123675985,707.7453737597191,-591.1310900379679
4070.7520610481743,0.00012348150886407823,-0.0004994193149994008,-3.450758914029003,707.1227916655819,-590.9323504518455
4071.405594576132,0.0001229055777953707,-0.0004189082555840057,-3.451058982910582,706.5002745579183,-590.7334068155742
4073.651457103052,0.00012086052923767038,-0.00014515485431970012,-3.4516915040485068,704.3613502599922,-590.0486434605234
4075.897319629972,0.0001187042430345364,0.00012388073679340367,-3.451714510457426,702.2226503751485,-589.3631790347345
4076.5508531579294,0.00011805415353553966,0.00020124658944133141,-3.4516082361863316,701.600282876206,-589.1637680179703
4077.204386685887,0.00011739335049096978,0.0002781831399896797,-3.4514515642365224,700.9778895118471,-588.9644379566117
4079.450249212807,0.00011503666508315848,0.000539212547966016,-3.4505326647586405,698.8387011398214,-588.2804993121974
4081.6961117397273,0.00011253850927994868,0.0007947903029673622,-3.449033650946521,696.698687979516,-587.5991475119096
4082.3496452676845,0.00011178339263844638,0.0008680924181990506,-3.4484902361072174,696.0757447563033,-587.4015420133014
4083.0031787956423,0.00011101515226917838,0.000940895940219933,-3.4478991071727227,695.4526901242536,-587.2042889714403
4085.2490413225623,0.00010827135031508452,0.0011871709396386793,-3.4455082458729356,693.3105867145633,-586.5295365345684
4087.4949038494824,0.00010536014713305954,0.0014270957569950504,-3.4425714155986005,691.1666945112307,-585.8604930390588
4088.14843737744,0.0001044803059451707,0.0014956658243076818,-3.4416163073477373,690.5424473500856,-585.6670459581055
4088.801970905398,0.00010358546369339673,0.001563655426455621,-3.440616608330446,689.9180122046524,-585.4742080314409
4091.047833432318,0.00010039313509039602,0.0017927440599527803,-3.4368462216473135,687.7705960441741,-584.8165615674064
4093.293695959238,9.701546381936825e-05,0.002014455035190463,-3.4325696179899734,685.620552698425,-584.1675609506498
4093.9472294871953,9.599705978890948e-05,0.00207752619849875,-3.431232440989875,684.9943660961441,-583.9804869221699
4094.600763015153,9.496259483534685e-05,0.002139926361093823,-3.4298542987511325,684.3679270443096,-583.7942619687768
4096.846625542073,9.128381282646777e-05,0.0023491041536354293,-3.4248118394706513,682.2131529345401,-583.1611432111681
4099.092488068993,8.741332538273548e-05,0.002549804635492413,-3.419309115061633,680.0550723683185,-582.5393949222403
4099.74602159695,8.625105680593731e-05,0.002606553257631069,-3.417624129403862,679.426429012182,-582.3607502813004
4100.399555124908,8.50728024350193e-05,0.002662537352619228,-3.4159023408562113,678.7974833320933,-582.1831752814006
4102.645417651828,8.090226722913698e-05,0.002848950230861439,-3.4097115276627816,676.6337385950213,-581.5814325182533
4104.891280178748,7.654854951252804e-05,0.003025790958999342,-3.403112805638181,674.4661920174493,-580.9935390729377
4105.544813706706,7.524817346779222e-05,0.0030753936205846263,-3.4011190778697467,673.8347117770264,-580.8251969515918
4106.198347234664,7.393324897043979e-05,0.0031241425123326562,-3.3990932433325187,673.2028955919412,-580.6581226574432
4108.444209761584,6.930629571913644e-05,0.003285020116068086,-3.391894216360907,671.0290560374085,-580.093940484269
4110.690072288504,6.452203538762916e-05,0.003435329573844276,-3.3843457477091374,668.8511173703616,-579.5458032462977
4111.343605816461,6.310223950347403e-05,0.0034770330349528093,-3.382086952051801,668.2165684435998,-579.3894255756171
4111.997139344418,6.167086652848851e-05,0.003517806226104318,-3.379801230576752,667.5816669126154,-579.234488317637
4114.2430018713385,5.6668796223291455e-05,0.0036507147033781324,-3.3717493480449487,665.3971243618872,-578.713289679223
4116.488864398259,5.155360984478282e-05,0.0037722621968213606,-3.3634117289484506,663.2083858473252,-578.2100104148662
4117.142397926216,5.0046826154256187e-05,0.0038054613987524755,-3.3609355164302688,662.5706870071178,-578.0670194062573
4117.795931454174,4.8532941497387657e-05,0.0038376754751233114,-3.3584379441551993,661.9326355329011,-577.9256127110866
4120.041793981094,4.328390264616438e-05,0.0039407891896882695,-3.3497010457963725,659.737293932079,-577.4519629604886
4122.287656508014,3.798298298492512e-05,0.0040320560260113745,-3.3407458714399425,657.5378497995731,-576.9977517256557
4122.941190035971,3.643451112137923e-05,0.004056372183554304,-3.338102781833135,656.8970633042334,-576.8693040409946
4123.594723563929,3.4884711422465636e-05,0.004079678250853469,-3.3354441335791045,656.255939408078,-576.7425533233295
4125.840586090849,2.9558210659937784e-05,0.004152039081464,-3.3261982466243185,654.0501790440528,-576.3200778545795
4128.086448617769,2.4253837544876e-05,0.0042124621714394826,-3.3168032524538185,651.8405779374317,-575.918179133838
4128.739982145727,2.2718789610939755e-05,0.004227809744981945,-3.3140451993893096,651.1968935462116,-575.805146248178
4129.393515673684,2.1188951121144664e-05,0.004242158278817923,-3.3112774313170585,650.5528999604429,-575.6938900824218
4131.639378200604,1.5981999956508735e-05,0.004283879814391951,-3.3017011091869963,648.3375125315274,-575.3252175183056
4133.885240727524,1.0875967615110056e-05,0.004314020578367503,-3.292044090634103,646.1186827935553,-574.9778662491534
4134.538774255482,9.413408340806446e-06,0.0043206485978044915,-3.2892225249466285,645.4723943350817,-574.8808242800394
4135.19230778344,7.962565759094315e-06,0.004326326898523248,-3.2863969127386192,644.8258348722434,-574.7856054591239
4137.43817031036,3.07622017679285e-06,0.0043386901639979915,-3.276664676859717,642.6019356222108,-574.4723467881875
4139.68403283728,-1.6362998240105105e-06,0.0043402745632157135,-3.266916778712076,640.3750908842709,-574.1807634049786
4140.337566365237,-2.971258684723915e-06,0.00433876695309645,-3.2640807249915715,639.7265677628271,-574.0999947758811
4140.991099893195,-4.2889067739161284e-06,0.004336394389370205,-3.26124590192466,639.0778184356257,-574.0210633790341
4143.236962420115,-8.67654427400604e-06,0.004321791652276106,-3.2515215586657384,636.8467444884305,-573.7638334230787
4145.482824947035,-1.2832145661429162e-05,0.004297595445144008,-3.2418407839542747,634.6132795102288,-573.5282621585328
4146.136358474992,-1.3995103008843513e-05,0.004288827234725759,-3.2390350065856657,633.9629361623556,-573.4637698892918
4146.78989200295,-1.513662887064324e-05,0.0042793072094196504,-3.2362351590709784,633.3124146064963,-573.4010989517541
4149.03575452987,-1.889017440218082e-05,0.004241046825589576,-3.226665866286511,631.0756202002257,-573.1995806146348
4151.28161705679,-2.2373235135232517e-05,0.0041946602303436385,-3.2171916262412026,628.8370077476553,-573.0193691092867
4151.935150584747,-2.3334437798041645e-05,0.004179722730760285,-3.214455147219285,628.1852741609285,-572.9709027262627
4152.588684112705,-2.4271870172565357e-05,0.004164165357711814,-3.21172858169268,627.5334104473106,-572.9242153187155
4154.834546639625,-2.730903901583997e-05,0.004106189764179471,-3.202440325157786,625.2923693718452,-572.77726116628
4157.080409166545,-3.0058863430793903e-05,0.004041715774996028,-3.193289571087519,623.0500677744764,-572.6509740568728
4157.733942694503,-3.080473285310381e-05,0.004021826138180152,-3.190654673870662,622.3973637129221,-572.6180646780106
4158.3874762224605,-3.1526292958654666e-05,0.004001456879286549,-3.188032879514308,621.7445751138434,-572.5868698249838
4160.6333387493805,-3.382041281636436e-05,0.003928023976937705,-3.179127712846377,619.5006984778187,-572.4926313028827
4162.879201276301,-3.583111299375377e-05,0.0038497570575878755,-3.1703928946508904,617.256076827181,-572.418186998983
4163.532734804258,-3.636372664575774e-05,0.0038261651206936125,-3.167884665942829,616.6027915516931,-572.400188291423
4164.186268332216,-3.687315671139472e-05,0.003802232001725626,-3.1653919167880376,615.9494629413581,-572.3838223659594
4166.432130859136,-3.844931268921084e-05,0.0037176010777801665,-3.1569470536174373,613.7040371840511,-572.3398947425638
4168.677993386056,-3.976382372346412e-05,0.0036297241334745977,-3.148695904925286,611.4583217541444,-572.3147131371556
4169.331526914013,-4.009882382672584e-05,0.0036036270009332017,-3.146332298756124,610.8048000287423,-572.3108445570168
4169.985060441971,-4.0413089048770007e-05,0.003577316611154709,-3.1439857728090748,610.1512705990922,-572.3085145608285
4172.230922968891,-4.1339336279511146e-05,0.003485471909729844,-3.136054404999967,607.9054172570636,-572.3120853458187
4174.476785495811,-4.2039315911684983e-05,0.0033918010673191297,-3.1283313583948873,605.6596594385053,-572.3332345231287
4175.130319023769,-4.2202736068017566e-05,0.0033642732502167337,-3.12612371325052,605.0061936911683,-572.3426234551529
4175.783852551726,-4.234878794336171e-05,0.003336642962154827,-3.1239340543162637,604.3527497606714,-572.3534488508994
4178.029715078646,-4.272382344730593e-05,0.0032410779674569502,-3.1165476067215465,602.1074055668454,-572.4014386764001
4180.2755776055665,-4.291559019263924e-05,0.003144876492793158,-3.109376499690556,599.8624689817865,-572.4657704081525
4180.929111133523,-4.293946289557607e-05,0.003116821884753971,-3.1073304011321152,599.2092967904671,-572.4874904080664
4181.582644661481,-4.294972349480602e-05,0.003088754711982076,-3.1053026117521454,598.5561698157836,-572.5105407899104
4183.828507188401,-4.288725431209147e-05,0.0029923398001485625,-3.09847401593385,596.3120836611555,-572.5997281217577
4186.074369715321,-4.268647269264104e-05,0.0028962205008709286,-3.0918616228004945,594.0686464727254,-572.7039946883513
4186.727903243279,-4.260452500071371e-05,0.0028683504031362834,-3.0899779685438156,593.4159521421736,-572.7370978933589
4187.381436771237,-4.251269133723206e-05,0.0028405357615923217,-3.0881124886618116,592.7633206714386,-572.7714246704232
4189.627299298157,-4.2127523386538846e-05,0.0027454726429684585,-3.08183996726715,590.5210629448778,-572.8985489417058
4191.873161825077,-4.1646310209452066e-05,0.002651382410799049,-3.07577985208368,588.2796307498205,-573.0394972010724
4192.5266953530345,-4.149044639504134e-05,0.0026242163602247202,-3.074055976342468,587.6275496334207,-573.0830399701925
4193.180228880992,-4.132803462991995e-05,0.0025971531685150457,-3.0723498065778467,586.9755438582308,-573.1277012316365
4195.426091407912,-4.072511877295517e-05,0.0025050019268904374,-3.0666207030967803,584.7355236163581,-573.2895423424101
4197.671953934832,-4.00624108161447e-05,0.0024142718938140947,-3.0610969627165745,582.4964485467265,-573.463984157974
4198.325487462789,-3.986013765112615e-05,0.0023881561744699283,-3.0595277016858575,581.8450728863633,-573.5170458892776
4198.979020990747,-3.965406042846289e-05,0.002362172999062365,-3.057975456424915,581.1937805884497,-573.5711244854001
4201.224883517667,-3.8920936223969796e-05,0.002273932766081266,-3.052769743110439,578.9562666207711,-573.7645594167589
4203.470746044587,-3.815621945095321e-05,0.0021873745055615017,-3.0477603164891187,576.719769066823,-573.9694200780989
4204.124279572545,-3.7929080515940936e-05,0.0021625126451281598,-3.0463389290236105,576.0691543780624,-574.0311158275416
4204.7778131005025,-3.770014591008081e-05,0.0021377992010784583,-3.0449337370687846,575.4186273305031,-574.0937313535317
4207.023675627423,-3.6902653412775086e-05,0.002054023088320988,-3.0402269465545197,573.1837701486124,-574.3157706869813
4209.269538154343,-3.609288737954527e-05,0.0019720518164159165,-3.0357062789603275,570.9499605371999,-574.5481186943615
4209.923071682299,-3.58557704164024e-05,0.0019485415996011457,-3.034425168952214,570.3001318699587,-574.6176066696382
4210.576605210257,-3.561812917629842e-05,0.0019251861739697585,-3.0331593717903553,569.6503920568682,-574.6879224622959
4212.822467737177,-3.479917910341906e-05,0.001846112087705579,-3.028924807618449,567.4182448784115,-574.9357308625168
4215.068330264097,-3.397868321100133e-05,0.0017688789865705835,-3.0248657656739737,565.1871439587535,-575.1927934294064
4215.721863792055,-3.3740011424538404e-05,0.00174675088435865,-3.0237169833304,564.5381016515283,-575.2692786665093
4216.375397320013,-3.350139721046332e-05,0.001724778627840394,-3.022582611535593,563.8891469536735,-575.3465051357546
4218.621259846933,-3.268253872038798e-05,0.0016504589703184732,-3.0187927955049063,561.6596846847542,-575.617410412272
4220.867122373853,-3.1865567827603805e-05,0.0015779762367522506,-3.0151678284687202,559.4312416319837,-575.8965793450367
4221.520655901811,-3.162821201172281e-05,0.0015572285962044588,-3.014143356003578,558.7829664115607,-575.9793149184461
4222.174189429768,-3.13909734999214e-05,0.001536636083794202,-3.0131323923072313,558.1347756317281,-576.0627105587687
4224.420051956688,-3.057647080364382e-05,0.001467050935838842,-3.0097598005664072,555.9079115684817,-576.3542058548671
4226.6659144836085,-2.9762142133149062e-05,0.0013992948535481336,-3.006541433586786,553.6820198343031,-576.6530381833788
4227.319448011565,-2.9525019638536165e-05,0.001379921718247643,-3.0056332863979054,553.0344772738487,-576.741325178643
4227.972981539523,-2.928773494753052e-05,0.001360703734288204,-3.0047377491331835,552.387014528178,-576.8301964665237
4230.218844066443,-2.847054591445288e-05,0.0012958443732978497,-3.0017549725729493,550.1626149551826,-577.1399395199464
4232.464706593363,-2.7649180205101186e-05,0.0012328249966546587,-2.998915795045133,547.9391261499027,-577.4561564674566
4233.118240121321,-2.740911106324615e-05,0.0012148336689266608,-2.9981159904686874,547.2922705827089,-577.5493436847286
4233.771773649279,-2.7168487262774188e-05,0.0011969995582091551,-2.9973278912586747,546.6454891604021,-577.6430447948806
4236.017636176199,-2.6336660807395883e-05,0.0011369152971457998,-2.994707416799997,544.4233862240978,-577.968857184261
4238.263498703119,-2.549597785639794e-05,0.0010787091491832946,-2.9922197743397794,542.2021224267448,-578.3003439200018
4238.917032231076,-2.524944972551286e-05,0.0010621271138663542,-2.9915202297954036,541.5559004304048,-578.3978279277267
4239.570565759033,-2.5002020210106553e-05,0.0010457065820538704,-2.9908314674843117,540.909746235437,-578.4957608463709
4241.816428285953,-2.4144356915874447e-05,0.0009905163382464487,-2.9885452921208175,538.6897494654587,-578.8356288942138
4244.0622908128735,-2.32747225584095e-05,0.000937265730973418,-2.986380888379236,536.4705142955149,-579.1804362612049
4244.715824340831,-2.3019312334181275e-05,0.0009221382901838604,-2.9857733071494166,535.824867833903,-579.2816620592806
4245.369357868789,-2.2762857962061103e-05,0.000907178113890015,-2.985175555341984,535.1792824914736,-579.3832773157816
4247.615220395709,-2.1873399421923564e-05,0.0008570523874871194,-2.9831948221750664,532.9611892142702,-579.7353551259198
4249.861082922629,-2.097177182401369e-05,0.0008089379277041866,-2.981324405984543,530.743777843705,-580.0917034088554
4250.514616450587,-2.0707204746711942e-05,0.0007953185958236488,-2.980800198828037,530.0986471057005,-580.1961656472212
4251.1681499785445,-2.0441721836346507e-05,0.0007818723592628418,-2.980284833883623,529.4535707665739,-580.3009635789771
4253.414012505465,-1.952273625385633e-05,0.0007369933783194118,-2.9785796401777165,527.2371754800356,-580.6635776908905
4255.659875032385,-1.85949797336111e-05,0.0006941881618186909,-2.9769729097984285,525.02138358677,-581.0298615894781
4256.3134085603415,-1.8323649531408938e-05,0.0006821244348863556,-2.976523187071758,524.3767095098249,-581.1371060456827
4256.966942088299,-1.805184700987103e-05,0.0006702379710479547,-2.9760812894977566,523.7320833355193,-581.2446382778479
4259.212804615219,-1.711497726244252e-05,0.0006307476890572857,-2.974620766215662,521.5171859485116,-581.616292690781
4261.458667142139,-1.617620760166651e-05,0.0005933636211970667,-2.97324656754437,519.3028174641547,-581.9910860532353
4262.112200670097,-1.5903138471230254e-05,0.0005828813001122984,-2.972862219710901,518.6585438916162,-582.1007109184143
4262.765734198055,-1.563028795882881e-05,0.0005725770785699678,-2.9724846647371237,518.0143121662179,-582.2105815969365
4265.011596724975,-1.469551971344025e-05,0.0005385246647809821,-2.9712373652051367,515.8007248962456,-582.5899615120978
4267.257459251895,-1.3768144988527644e-05,0.0005065633095503794,-2.970064194598198,513.587598319886,-582.9720201208133
4267.910992779852,-1.3500223489776827e-05,0.0004976531270469703,-2.969736058907783,512.9436737235623,-583.0836765950378
4268.5645263078095,-1.323335436285209e-05,0.0004889173853418057,-2.969413691592803,512.2997855233725,-583.1955428759973
4270.81038883473,-1.2325601848422637e-05,0.000460219682437936,-2.9683482538096677,510.08733821887074,-583.5815154860467
4273.05625136165,-1.1435204379395704e-05,0.00043354117836687917,-2.967344999700595,507.87529127955725,-583.9697763332374
4273.709784889607,-1.1179905282739301e-05,0.0004261515692169228,-2.967064088168321,507.2316699894925,-584.083168105624
4274.363318417565,-1.0926468787648875e-05,0.0004189279129222681,-2.966787955786817,506.5880803554367,-584.19673949238
4276.609180944485,-1.0071025861569885e-05,0.0003953541178171569,-2.9658739270448016,504.37662408165875,-584.5883505627478
4278.855043471405,-9.242021370286614e-06,0.000373671841378656,-2.9650107177603813,502.1655166407018,-584.9819266261267
4279.508576999363,-9.006210498393323e-06,0.00036770919752840767,-2.964768465017271,501.5221595618595,-585.0968080082225
4280.162110527321,-8.772962976152891e-06,0.0003618995982581486,-2.9645300645719677,500.8788301596006,-585.2118443307174
4282.407973054241,-7.991976569169317e-06,0.00034308002694940327,-2.9637387421004084,498.6682390391925,-585.608310073855
4284.653835581161,-7.244670425188697e-06,0.0003259766231258485,-2.9629877586606987,496.4579542888431,-586.0064804068588
4285.307369109118,-7.033876411616894e-06,0.00032131113551238274,-2.9627762509032918,495.81482913328944,-586.1226531225975
4285.960902637075,-6.826157837372429e-06,0.00031678224825009625,-2.962567754199127,495.1717284347068,-586.2389611858896
4288.206765163995,-6.136549634275157e-06,0.00030223324313415913,-2.9618729240983046,492.9618998957542,-586.6396556937322
4290.4526276909155,-5.485542349852478e-06,0.00028918965706143664,-2.961209078580766,490.75234405811364,-587.041851331841
4291.106161218873,-5.303557721391069e-06,0.0002856643824946263,-2.961021238265454,490.1094251604053,-587.1591601486437
4291.759694746831,-5.1249664446578895e-06,0.00028225685288038436,-2.960835670677995,489.46652821748955,-587.2765892508291
4294.005557273751,-4.537508175121988e-06,0.00027141424769409027,-2.960214174377865,487.257381915731,-587.681028278585
4296.251419800671,-3.991136908305048e-06,0.00026184485514160093,-2.959615599348143,485.0484827369445,-588.0868148908846
4296.904953328628,-3.8399369667178375e-06,0.0002592861339498953,-2.959445312607619,484.4057505426764,-588.2051423827658
4297.558486856586,-3.692237639912409e-06,0.0002568250757833865,-2.9592766737293985,483.76303844532214,-588.3235790011137
4299.804349383506,-3.21148632728775e-06,0.0002490803953418182,-2.9587087700543235,481.55451418366846,-588.7314011785935
4302.050211910426,-2.77202179196043e-06,0.00024236905404504642,-2.958157099498001,479.34621855494123,-589.1404595967435
4302.7037454383835,-2.651846983353224e-06,0.00024059688864173502,-2.957999282698946,478.70365887953756,-589.2597203755378
4303.357278966341,-2.5351082533219317e-06,0.0002389021934605638,-2.957842606176732,478.06111799435865,-589.3790823590531
4305.603141493261,-2.1599420373031584e-06,0.00023363737095703215,-2.9573121261128374,475.8531729716699,-589.7900289992252
4307.849004020181,-1.8242951662471825e-06,0.0002291707426914531,-2.956792573799248,473.64544400268403,-590.202134790349
4308.502537548139,-1.7339026661910862e-06,0.00022800817700225002,-2.9566431824439015,473.00304715330645,-590.3222695411647
4309.156071076097,-1.646723154138147e-06,0.0002269037397917734,-2.9564945388252553,472.36066823537925,-590.4425001435675
4311.401933603017,-1.3712554756142588e-06,0.00022352153216434584,-2.955988850383663,470.15327393147584,-590.8563947739078
4313.647796129937,-1.1319873148849176e-06,0.00022071733750323887,-2.9554901088466066,467.94608776745383,-591.2713979389708
4314.301329657894,-1.0689408146950082e-06,0.0002199982422703091,-2.955346096497648,467.30384760944713,-591.3923675645217
4314.9548631858515,-1.00878078097687e-06,0.00021931954565984637,-2.955202547145649,466.66162486684124,-591.5134296173944
4317.200725712772,-8.234707143800342e-07,0.00021726800049592883,-2.954712360552831,464.45476382554307,-591.9301582229052
4319.446588239692,-6.699381372888418e-07,0.00021559695233000186,-2.9542263541764413,462.24810644937844,-592.3479639401115
4320.100121767649,-6.309630965744649e-07,0.00021517192038486604,-2.9540855916353914,461.6060194835278,-592.4697440674476
4320.753655295607,-5.94464600607517e-07,0.00021477171060111874,-2.9539451041283336,460.9639496591053,-592.591614540587
4322.999517822527,-4.872798270341558e-07,0.00021356198184200345,-2.953464154276296,458.7576123769621,-593.0111073158762
4325.245380349447,-4.06788821386018e-07,0.00021256300008276998,-2.952985684654349,456.55147658256345,-593.4316584444811
4325.898913877404,-3.8808617070255184e-07,0.0002123032882989437,-2.9528468506340158,455.9095410833038,-593.5542344864971
4326.552447405362,-3.71420217832463e-07,0.00021205530224700466,-2.952708186927172,455.2676226021445,-593.6768996207302
4328.798309932282,-3.2894687051174736e-07,0.00021127283336966349,-2.952232831895231,453.06180467553094,-594.0991148128679
4331.044172459202,-3.078206288719763e-07,0.00021056178245910907,-2.9517591539833505,450.8561873447213,-594.5223766544646
4331.69770598716,-3.0538607978918343e-07,0.00021036140838502767,-2.951621608356544,450.2144025940977,-594.6457395550032
4332.351239515117,-3.045321543984827e-07,0.00021016227517249748,-2.9514841967149716,449.5726348097217,-594.7691906892703
4334.5971020420375,-3.129590036031889e-07,0.00020947188355644017,-2.9510129694785556,447.3673344422066,-595.1941008969383
4336.8429645689575,-3.3746080024629934e-07,0.00020874451533449683,-2.9505433342889837,445.16223420917635,-595.6200484997642
4337.496498096915,-3.473235064812012e-07,0.00020852073105137573,-2.950406984011971,444.52059984779,-595.7441912308029
4338.150031624873,-3.5833749858772386e-07,0.00020829028068822182,-2.9502707846660785,443.8789824070236,-595.8684213856131
4340.395894151793,-4.0427193866078183e-07,0.00020743600825208337,-2.9498039309698774,441.67419833497144,-596.2960024804169
4342.641756678713,-4.613497647557448e-07,0.00020646606012174478,-2.9493391257479793,439.4696136812928,-596.7246105822803
4343.29529020667,-4.797926808768705e-07,0.00020615849262912395,-2.9492042920516193,438.8281291861083,-596.8495254084633
4343.948823734628,-4.989865501015027e-07,0.00020583876569173966,-2.9490696649795853,438.1866615213248,-596.9745266355474
4346.194686261548,-5.700837722607365e-07,0.00020463953572315651,-2.948608694760303,435.9823913794686,-597.4047492994749
4348.440548788468,-6.479268351087651e-07,0.0002032730560521499,-2.9481506056565854,433.77831916943893,-597.8359848456264
4349.094082316426,-6.7161793145926e-07,0.0002028418293131498,-2.9480178993282586,433.1369834592062,-597.961661327526
4349.747615844383,-6.957190452743225e-07,0.00020239510397485584,-2.9478854807833574,432.49566440780615,-598.0874227927761
4351.993478371303,-7.811257955336601e-07,0.0002007372715618091,-2.947432754304955,430.2919035278784,-598.5202465277184
4354.239340898223,-8.695398357018888e-07,0.00019888425034895172,-2.946983970273848,428.0883379680884,-598.9540635756928
4354.892874426181,-8.956458094562116e-07,0.0001983073991441172,-2.9468541800271417,427.44714913011313,-599.0804872496307
4355.546407954139,-9.218714933000204e-07,0.00019771354320045765,-2.946724772605985,426.80597667430203,-599.206993984013
4357.792270481059,-1.0124995825686837e-06,0.00019554137611206126,-2.946283136270837,424.60271728809056,-599.6423633468313
4360.038133007979,-1.103120553838053e-06,0.00019316567878711378,-2.945846606874818,422.3996492758376,-600.0787000814055
4360.691666535936,-1.1293414923489982e-06,0.00019243613601908666,-2.9457206040797446,421.75860440266507,-600.2058517302911
4361.345200063894,-1.1554622217447165e-06,0.0001916895620679539,-2.945595083421471,421.11757551761633,-600.3330839611625
4363.591062590814,-1.2441133666593856e-06,0.00018899457584147696,-2.945167564519596,418.9148063201416,-600.7709267095239
4365.836925117734,-1.3304788192805394e-06,0.00018610305800600247,-2.944746318877783,416.7122231317636,-601.2097042350007
4366.490458645691,-1.355075753813913e-06,0.0001852254629822045,-2.944624980392882,416.0713182527789,-601.3375596506152
4367.143992173649,-1.379405609079484e-06,0.00018433193050594303,-2.9445042200900486,415.4304288478727,-601.4654926128067
4369.389854700569,-1.4607630391204484e-06,0.00018114189339745585,-2.9440937847224737,413.22813486595606,-601.9057194094053
4371.635717227489,-1.5382576863821563e-06,0.00017777347632509977,-2.9436907140481354,411.0260201275948,-602.3468419597198
4372.289250755446,-1.5600123531282216e-06,0.00017676102387292555,-2.9435748635407903,410.3852502183917,-602.4753720910544
4372.942784283404,-1.5813977239942963e-06,0.0001757345049156884,-2.943459678506076,409.7444951542234,-602.6039762121504
4375.188646810324,-1.6519073896622377e-06,0.00017210282578848817,-2.943069052466201,407.5426578599999,-603.0464815244148
4377.434509337244,-1.7176096509978064e-06,0.00016831819002999937,-2.942686754438168,405.34099173933606,-603.4898377305972
4378.088042865202,-1.735790085642298e-06,0.00016718969998523635,-2.942577121411346,404.7003507908739,-603.6190091143045
4378.741576393159,-1.753540958735559e-06,0.000166049481883204,-2.942468228803375,404.05972395403353,-603.7482504707197
4380.9874389200795,-1.8112132333245982e-06,0.000162045532712111,-2.9420997775081403,401.8583215616311,-604.1929143159804
4383.233301447,-1.8636746336054592e-06,0.00015791791099434673,-2.941740457408075,399.6570811193455,-604.6383791911129
4383.886834974957,-1.877951590493266e-06,0.00015669524452786675,-2.941637652263548,399.0165622492491,-604.7681545674425
4384.540368502915,-1.8917879496845458e-06,0.00015546339080307396,-2.9415356482209165,398.3760566673267,-604.89799551578
4386.786231029835,-1.9359502376263e-06,0.00015116413511315904,-2.94119130911123,396.1750645533642,-605.344685732895
4389.032093556755,-1.9749360143678934e-06,0.0001467715098619149,-2.9408567303863875,393.9742241967566,-605.7921230711453
4389.685627084712,-1.9853213660923974e-06,0.00014547740976290246,-2.940761233266983,393.3338197864037,-605.9224621002394
4390.33916061267,-1.995280056039526e-06,0.0001441766506061375,-2.9406665831441927,392.6934277670554,-606.0528620002707
4392.58502313959,-2.026306180548644e-06,0.00013965978541766947,-2.9403478423063683,390.49281896100103,-606.5014367719394
4394.83088566651,-2.0525219944080024e-06,0.0001350786414670263,-2.9400393179074387,388.29235094850463,-606.9507017047099
4395.484419194468,-2.0592738105886235e-06,0.00013373502980214443,-2.9399514787439087,387.6520527915281,-607.0815617121422
4396.137952722425,-2.0656441056800577e-06,0.00013238711166161377,-2.9398645182539256,387.01176607148955,-607.2124776719589
4398.383815249345,-2.084682479370488e-06,0.00012772579146218572,-2.93957242222636,384.81151176941825,-607.6627880719685
4400.629677776265,-2.0995065781655195e-06,0.00012302644603374557,-2.9392908375828717,382.61138672283454,-608.1137295755748
4401.283211304222,-2.1030673566600195e-06,0.00012165317774054007,-2.9392108846822707,381.9711861731207,-608.2450662711223
4401.93674483218,-2.106299877498096e-06,0.00012027766661442927,-2.939131829284469,381.3309960655381,-608.3764538601567
4404.1826073591,-2.1150167688439937e-06,0.00011553676671763613,-2.9388670229525267,379.1310661296012,-608.8283462520035
4406.42846988602,-2.120252797170859e-06,0.00011078019865112579,-2.938612881624282,376.9312535199395,-609.2808094532916
4407.082003413978,-2.1211647426629116e-06,0.00010939424207853674,-2.9385409362289425,376.29114162987327,-609.412577581953
4407.735536941936,-2.121817049144067e-06,0.00010800774949661067,-2.9384698962108,375.6510391610074,-609.5443914725226
4409.981399468856,-2.122167207546928e-06,0.00010324154344179303,-2.9382326781935384,373.4514025762125,-609.997709636568
4412.227261995776,-2.119827345481862e-06,9.847757168742258e-05,-2.938006161910882,371.25187115831613,-610.4515378122616
4412.8807955237335,-2.118686304984397e-06,9.709256863912788e-05,-2.9379422563824735,370.61183880071565,-610.5836917105961
4413.534329051691,-2.117349172256104e-06,9.57083507027675e-05,-2.9378792553209134,369.9718148297607,-610.7158862225349
4415.780191578611,-2.111380822879941e-06,9.095942068863163e-05,-2.9376696431539564,367.7724400987835,-611.1704731353815
4418.026054105531,-2.1035055115479833e-06,8.622603615390555e-05,-2.9374706789744534,365.5731582788342,-611.6255093453132
4418.679587633488,-2.100897070849159e-06,8.485218187048496e-05,-2.9374147765711935,364.93319624856434,-611.7580033886413
4419.333121161446,-2.09816010924126e-06,8.348005142444681e-05,-2.937359771180426,364.29324156683765,-611.8905329238486
4421.578983688366,-2.0878582953051914e-06,7.877921925244844e-05,-2.9371775697511393,362.094097032022,-612.3462321541433
4423.824846215286,-2.076374381691878e-06,7.410285095501244e-05,-2.937005898273421,359.89503316006903,-612.802320486419
4424.478379743244,-2.0728493536324804e-06,7.274702975868246e-05,-2.936957912850363,359.2551322535839,-612.9351094229465
4425.1319132712015,-2.0692500595485835e-06,7.139351661714828e-05,-2.936910812588202,358.6152376615712,-613.0679287869617
4427.377775798122,-2.0564183160003315e-06,6.67605714681584e-05,-2.936755680552846,356.4162917506194,-613.524585505336
4429.623638325042,-2.0430354394257777e-06,6.21570635356641e-05,-2.9366109204194166,354.2174143371342,-613.9815719421401
4430.277171852998,-2.039068723324344e-06,6.08231752051269e-05,-2.9365707347585377,353.5775654100989,-614.1146111184416
4430.930705380956,-2.0350796249081633e-06,5.949187030386564e-05,-2.9365314199399286,352.9377217726943,-614.2476757342972
4433.176567907876,-2.0212584299559194e-06,5.493687460959122e-05,-2.9364029301419428,350.73894317058244,-614.7051373612941
4435.422430434796,-2.007400488472181e-06,5.041296068296629e-05,-2.9362846353354053,348.5402210315304,-615.1628702973526
4436.075963962754,-2.0033868923683353e-06,4.9102376960137975e-05,-2.936252117177759,347.90041503616544,-615.2961157859156
4436.729497490712,-1.9993859131724054e-06,4.779439986939851e-05,-2.936220454707271,347.2606133178916,-615.4293818115435
4438.975360017632,-1.985803813063108e-06,4.3319371263379906e-05,-2.936118145840446,345.06197107215513,-615.8874983463254
4441.221222544552,-1.972571841549352e-06,3.8874453016687444e-05,-2.9360258534608077,342.8633734111362,-616.3458288083473
4441.87475607251,-1.9688042814171145e-06,3.758654949883203e-05,-2.9360008686484416,342.223601416007,-616.4792374521347
4442.528289600467,-1.9650797311441005e-06,3.630108596839864e-05,-2.9359767248146613,341.583832699034,-616.6126618166508
4444.774152127387,-1.9526329405459074e-06,3.1901877701409875e-05,-2.9359001426784332,339.3852962687815,-617.0712859016093
4447.0200146543075,-1.940794058780035e-06,2.7529940575172832e-05,-2.9358334099355816,337.1867927074836,-617.5300675269891
4447.673548182264,-1.9374747810618995e-06,2.6262657805240556e-05,-2.935815832364049,336.54704590314674,-617.6635969184518
4448.327081710222,-1.9342120345396153e-06,2.499752150134833e-05,-2.9357990824267777,335.9073013915777,-617.7971372949299
4450.572944237142,-1.9234669708316535e-06,2.0665752171923934e-05,-2.9357478100694756,333.7088406524992,-618.2561240778167
4452.818806764062,-1.913464767020751e-06,1.635728059782782e-05,-2.935706240108805,331.5104012221575,-618.7152129153727
4453.47234029202,-1.9106972604298383e-06,1.510767613082109e-05,-2.935695958435952,330.8706709164127,-618.8488213282964
4454.125873819978,-1.907995864791404e-06,1.3859857917502387e-05,-2.9356864929763313,330.23094193060274,-618.9824360614439
4456.371736346898,-1.8992100636592724e-06,9.58477085586485e-06,-2.9356601698014706,328.03252714901316,-619.4416429182576
4458.617598873818,-1.8911910156927325e-06,5.3285544846579224e-06,-2.93564342669395,325.83412225594793,-619.9008971137717
4459.271132401775,-1.8890007888313581e-06,4.09331673162628e-06,-2.9356403479458875,325.1943998624872,-620.0345434060523
4459.924665929732,-1.8868716798951897e-06,2.85949258105464e-06,-2.935638076139404,324.55467782717756,-620.1681914127835
4462.170528456652,-1.8800279590433722e-06,-1.3703465826389106e-06,-2.935636406661181,322.35627961595657,-620.6274775923534
4464.4163909835725,-1.873879955861031e-06,-5.585596933248265e-06,-2.935644220437993,320.15787999377136,-621.0867570181085
4465.06992451153,-1.8722146587045117e-06,-6.809695208430446e-06,-2.9356482708015315,319.5181570178185,-621.220400522296
4465.723458039488,-1.870603878307356e-06,-8.032718357261563e-06,-2.935653120917203,318.87843344764246,-621.3540411818544
4467.969320566408,-1.8654542086123338e-06,-1.2227952157250412e-05,-2.9356758743068347,316.680022716003,-621.8132674277604
4470.215183093328,-1.8608528961642345e-06,-1.6412236274541305e-05,-2.935708037319105,314.4815993758549,-622.2724333090496
4470.868716621286,-1.8596076872650258e-06,-1.7627959634907114e-05,-2.935719160516534,313.8418674000061,-622.4060337255295
4471.5222501492435,-1.8583993078630404e-06,-1.8842874876296307e-05,-2.9357310780478905,313.20213388552867,-622.5396267737746
4473.768112676164,-1.854514552012072e-06,-2.3012157327329474e-05,-2.935778079932404,311.0036817930517,-622.9986549717894
4476.013975203084,-1.8509749682486687e-06,-2.7173102755299104e-05,-2.935834436090231,308.8052059817365,-623.4575695552646
4476.6675087310405,-1.8499967035717249e-06,-2.83824599813126e-05,-2.9358525898037944,308.16545665470005,-623.5910868604827
4477.321042258998,-1.8490390462881237e-06,-2.9591177129844875e-05,-2.935871533705219,307.52570485162215,-623.7245923004454
4479.566904785918,-1.8458624669317e-06,-3.374027749317563e-05,-2.935942651888245,305.32718277510014,-624.1832851907519
4481.812767312838,-1.8427930781236057e-06,-3.788236406358385e-05,-2.9360230805042877,303.128625948687,-624.6418114901419
4482.466300840796,-1.8419068812055556e-06,-3.908640535016774e-05,-2.936048231361054,302.48885097901456,-624.7752058694928
4483.119834368754,-1.8410179094071921e-06,-4.028985867715493e-05,-2.936074168903647,301.84907260256466,-624.9085839074944
4485.365696895674,-1.837919922715672e-06,-4.4421079959174475e-05,-2.9361692947974514,299.6504521220459,-625.366804891098
4487.611559422594,-1.8346778096450716e-06,-4.854518174495765e-05,-2.9362736908516154,297.45178594057376,-625.8248065357596
4488.265092950551,-1.8336927535939865e-06,-4.974388874112055e-05,-2.9363058085011127,296.81197709682135,-625.9580383477995
4488.9186264785085,-1.8326862351569114e-06,-5.0941937286147376e-05,-2.9363387092818103,296.17216392269603,-626.0912493614575
4491.164489005429,-1.8290194335611867e-06,-5.505385366419676e-05,-2.9364577368920437,293.97341683082175,-626.5488624199104
4493.410351532349,-1.82496469162065e-06,-5.915709927960707e-05,-2.936585989564511,291.7746131772462,-627.0062036212908
4494.063885060306,-1.8236995462870322e-06,-6.0349367316207806e-05,-2.936625040386695,291.1347622953198,-627.1392333969001
4494.717418588264,-1.8223910055702778e-06,-6.154078757816261e-05,-2.936664870027927,290.4949061678513,-627.2722379382998
4496.963281115184,-1.817543647957787e-06,-6.562829702682084e-05,-2.9368076743331657,288.29600450423544,-627.7291076754115
4499.209143642104,-1.8120923570667878e-06,-6.970424180110306e-05,-2.936959645636367,286.0970355284663,-628.1856533160686
4499.862677170062,-1.8103811941643602e-06,-7.088795228014047e-05,-2.9370055866095717,285.4571345262287,-628.3184417931647
4500.51621069802,-1.8086124174505283e-06,-7.207052030694444e-05,-2.9370523006775002,284.81722737378146,-628.4512006274637
4502.76207322494,-1.8020597471261108e-06,-7.612520170632812e-05,-2.937218717203649,282.6181434838584,-628.9071924313472
4505.00793575186,-1.7947336883658206e-06,-8.016429824692543e-05,-2.9373942224860836,280.4189816704406,-629.3628082709625
4505.661469279817,-1.7924493193614053e-06,-8.133647636787174e-05,-2.9374469957248666,279.77902256899665,-629.4953164624158
4506.315002807774,-1.7900934391505638e-06,-8.25071349070789e-05,-2.937500534373091,279.1390564259356,-629.62779063921
4508.560865334694,-1.7814448531369946e-06,-8.651789147012162e-05,-2.9376903416795197,276.93976304148276,-630.0827709530367
4510.8067278616145,-1.7719170183557325e-06,-9.050823716199596e-05,-2.9378891336738095,274.7403812973087,-630.5373239360786
4511.460261389572,-1.7689749722997607e-06,-9.166528845375745e-05,-2.9379486621139392,274.10035624776657,-630.6695132256825
4512.11379491753,-1.7659576733510882e-06,-9.282039155905803e-05,-2.938008945925263,273.4603232817318,-630.8016641776808
4514.35965744445,-1.7549985148335745e-06,-9.677435319701813e-05,-2.9382218525886836,271.26079361822354,-631.2555008581395
4516.60551997137,-1.7431317835379973e-06,-0.00010070268292969077,-2.9384436105235094,269.0611653747031,-631.7088594987557
4517.259053499327,-1.739509436070614e-06,-0.00010184069809813296,-2.938509795182434,268.4210666886599,-631.8406917575251
4517.912587027285,-1.7358111756829698e-06,-0.0001029763230468298,-2.9385767226302493,267.7809592313378,-631.9724814185364
4520.158449554205,-1.7225361238375287e-06,-0.00010685996806841941,-2.9388123601198175,265.58116709549194,-632.4250441524987
4522.404312081125,-1.7084130108834302e-06,-0.00011071284683419411,-2.939056685193814,263.3812664179354,-632.8770789641857
4523.0578456090825,-1.704149376423346e-06,-0.00011182796094568094,-2.939129404364579,262.74108659947274,-633.0085166770128
4523.71137913704,-1.6998205879592638e-06,-0.00011294027214399115,-2.939202851242207,262.1008971786047,-633.1399076090497
4525.95724166396,-1.6844560823550375e-06,-0.00011674071250508335,-2.9394607738048766,259.9008170780413,-633.5910683517599
4528.20310419088,-1.6683954497376042e-06,-0.0001205058645960078,-2.9397271920078345,257.7006187737379,-634.0416522827977
4528.856637718838,-1.6636025765980492e-06,-0.00012159465028087273,-2.9398063026456525,257.06035055037654,-634.1726586737194
4529.510171246796,-1.6587595651704112e-06,-0.00012268029492844585,-2.939886123709531,256.420071920427,-634.3036141913111
4531.756033773716,-1.641770640550599e-06,-0.00012638664845785358,-2.940165816003244,254.21967916638937,-634.7532475840578
4534.001896300636,-1.6243276788293383e-06,-0.00013005433734562894,-2.9404537888397226,252.01915888211164,-635.2022564152338
4534.655429828593,-1.6191819760007333e-06,-0.000131114205565447,-2.9405391302654422,251.37879523200178,-635.3327955584443
4535.3089633565505,-1.6140116794283234e-06,-0.00013217071295268162,-2.9406251631985336,250.73842040075328,-635.4632798372191
4537.554825883471,-1.5960889943739159e-06,-0.00013577546034794068,-2.9409260558948707,248.53769119448387,-635.9112635596085
4539.800688410391,-1.5780327848921763e-06,-0.0001393398059177003,-2.941234998989826,246.33682549407064,-636.3585762191026
4540.454221938348,-1.5727734720348771e-06,-0.0001403693787546018,-2.9413263988553275,245.6963596667261,-636.4886131226137
4541.107755466306,-1.5675178862211896e-06,-0.00014139552767733593,-2.9414184704728794,245.05588191513047,-636.618591279094
4543.353617993226,-1.5495403926084885e-06,-0.00014489572372245298,-2.941739963374102,242.85479340890714,-637.0648062915575
4545.599480520146,-1.5318094655096373e-06,-0.00014835582166558415,-2.9420692722070436,240.65355982233362,-637.5103050439296
4546.253014048103,-1.5267182573718485e-06,-0.00014935523852032756,-2.9421665544457394,240.01298535050432,-637.6398056936815
4546.906547576061,-1.5216662130127744e-06,-0.00015035135422545426,-2.9422644888423233,239.3723982434326,-637.7692438242769
4549.152410102981,-1.5046516410102065e-06,-0.00015374957605057056,-2.9426059802953413,237.17092856859745,-638.2135744611712
4551.398272629901,-1.4883055320073998e-06,-0.0001571103361240155,-2.94295506162044,234.9693056056014,-638.6571449336982
4552.051806157859,-1.4836991296481653e-06,-0.00015808147732802776,-2.943058055931741,234.32861630642208,-638.7860762880483
4552.705339685816,-1.4791676450716418e-06,-0.00015904964682708083,-2.943161684109632,233.68791369252077,-638.9149414574533
4554.9512022127365,-1.464230472226835e-06,-0.0001623546711946166,-2.9435226051098753,231.48604194889407,-639.3572753393519
4557.1970647396565,-1.4504121524856344e-06,-0.0001656274051205312,-2.9438909124805472,229.28400907240362,-639.7988063578052
4557.850598267614,-1.4466265699781803e-06,-0.00016657404765850337,-2.9439994649053878,228.64319903659282,-639.9271362849129
4558.504131795572,-1.4429559705712864e-06,-0.00016751826852677684,-2.944108635450135,228.00237503608813,-640.0553964567063
4560.749994322492,-1.4312747498174532e-06,-0.00017074553525322724,-2.9444884870273107,225.80008123928982,-640.4956241991786
4562.995856849412,-1.421179420637638e-06,-0.00017394834841094674,-2.9448755591422118,223.59761879590337,-640.9350074132649
4563.649390377369,-1.418566082280088e-06,-0.00017487626690006606,-2.9449895433787736,222.95668236433968,-641.0627045661338
4564.302923905327,-1.4161065394588365e-06,-0.00017580254265931716,-2.945104133839219,222.31573134417323,-641.1903284705612
4566.548786432247,-1.4088936503792493e-06,-0.00017897443860573643,-2.9455025266023704,220.11299632913702,-641.6283431737828
4568.794648959167,-1.403738337091237e-06,-0.0001821324459110442,-2.9459080274117753,217.91008543554167,-642.06547245898
4569.4481824871245,-1.402650511464367e-06,-0.0001830494625762208,-2.94602735656972,217.26901716300227,-642.1925060847238
4570.101716015082,-1.401757007814058e-06,-0.0001839658463780105,-2.9461472852425565,216.6279336991312,-642.3194630204226
4572.347578542002,-1.4002258160168318e-06,-0.00018711180902592398,-2.946563980057158,214.4247389795977,-642.7551595299282
4574.593441068922,-1.4012137346570336e-06,-0.00019025716161542467,-2.9469877395863255,212.2213613652726,-643.1899301582878
4575.246974596879,-1.4019996379650085e-06,-0.00019117313871160567,-2.94711237806887,211.58015597154028,-643.3162698398886
4575.900508124837,-1.4030171138254204e-06,-0.0001920897187673302,-2.947237615872919,210.93893479865625,-643.4425294080248
4578.146370651757,-1.4083412987629785e-06,-0.00019524612848025697,-2.9476725645469,208.7352623838942,-643.8758033429016
4580.392233178677,-1.4166177999013112e-06,-0.00019841781082878275,-2.9481146192332925,206.5314001919469,-644.3081109216631
4581.045766706635,-1.419603486562238e-06,-0.00019934457264157308,-2.948244594378946,205.89005250093913,-644.4337262523884
4581.699300234593,-1.4228560868177414e-06,-0.00020027338494220723,-2.948375176442144,205.24868845031463,-644.5592580236129
4583.945162761513,-1.4361190240447831e-06,-0.00020348319343915815,-2.948828561051345,203.04452062192894,-644.9900045754264
4586.191025288433,-1.4527162873049096e-06,-0.00020672653288876912,-2.9492891921021203,200.84015617161688,-645.4197437598792
4586.84455881639,-1.4581917715824681e-06,-0.0002076776991578431,-2.949424605126365,200.19866103970793,-645.5446039528628
4587.498092344348,-1.4639629114844305e-06,-0.0002086325500231247,-2.949560641614274,199.5571489664044,-645.6693770698896
4589.743954871268,-1.4860956273389972e-06,-0.0002119445819786436,-2.950032910756842,197.3524680199785,-646.0974895843449
4591.989817398188,-1.5118670704360314e-06,-0.0002153104070118988,-2.9505126786737934,195.14758353648108,-646.5245525808641
4592.643350926145,-1.5200640284996377e-06,-0.00021630111992900438,-2.950653714344621,194.50593577179637,-646.6486260192667
4593.296884454103,-1.5285784955193283e-06,-0.0002172972997533152,-2.950795399952636,193.8642704730894,-646.772608740853
4595.542746981023,-1.5602887830198108e-06,-0.00022076516741081724,-2.9512872998575017,191.6590584316198,-647.1979771049669
4597.788609507943,-1.5958353422766718e-06,-0.00022430855988422467,-2.951787072925562,189.45363575095763,-647.6222519917155
4598.442143035901,-1.6069073238006132e-06,-0.00022535508958580554,-2.9519340073090374,188.81183002612204,-647.7455057283912
4599.095676563858,-1.6183077498556651e-06,-0.0002264089644309056,-2.952081628745386,188.17000615370486,-647.8686649240781
4601.3415390907785,-1.6600044533903373e-06,-0.00023008955409177604,-2.952594226858104,185.96424446228156,-648.2911737943708
4603.587401617699,-1.7055995444448294e-06,-0.00023386816643783406,-2.953115201141953,183.75826472184698,-648.712542700513
4604.240935145655,-1.7195988955130933e-06,-0.00023498738973972558,-2.9532684066923864,183.11629548342214,-648.8349419200988
4604.894468673613,-1.733925447135037e-06,-0.00023611586585092656,-2.9534223474234227,182.47430745271265,-648.9572425290877
4607.140331200533,-1.7856467921866865e-06,-0.00024006739227726973,-2.9539570459526314,180.2679766665235,-649.3767694503666
4609.386193727453,-1.8411685935291533e-06,-0.00024413934538549046,-2.9545007542978485,178.0614199943006,-649.7951066489236
4610.039727255411,-1.8580287826783072e-06,-0.0002453481059512763,-2.9546607015728874,177.41928137290185,-649.9166141094307
4610.693260783369,-1.875200573593523e-06,-0.00024656797842471473,-2.9548214431175825,176.77712327352012,-650.0380185811396
4612.939123310289,-1.936557382221103e-06,-0.0002508476602944005,-2.9553799801579625,174.5702027537549,-650.4544320596221
4615.184985837209,-2.0014423193958205e-06,-0.0002552691029672012,-2.955948287963116,172.36304797165516,-650.8696020428408
4615.838519365167,-2.0209661960091268e-06,-0.0002565834826427161,-2.95611554335099,171.72073369738357,-650.9901775177065
4616.492052893124,-2.040771075185034e-06,-0.0002579106996297159,-2.95628366253209,171.07839920949652,-651.1106452553433
4618.737915420044,-2.110921032466553e-06,-0.0002625721874116852,-2.9568680989042506,168.8708668437079,-651.5238028622572
4620.983777946964,-2.184154430338773e-06,-0.00026739468484581635,-2.95746318513991,166.6630912021037,-651.9356584794032
4621.637311474921,-2.2060149365751465e-06,-0.0002688292416009237,-2.957638404230006,166.02059453033945,-652.0552582238608
4622.290845002879,-2.2281126626481296e-06,-0.0002702781439625461,-2.9578145660510042,165.37807685194053,-652.1747450550973
4624.536707529799,-2.305783868601208e-06,-0.00027536893135070653,-2.9584272570393972,163.16990881639265,-652.5844916449197
4626.782570056719,-2.3859491118359185e-06,-0.0002806369582221733,-2.959051580264173,160.96148777735584,-652.9928723878958
4627.436103584677,-2.409709529429988e-06,-0.00028220402023933287,-2.9592354969094226,160.31880142996417,-653.1114486545674
4628.089637112635,-2.433652555880386e-06,-0.00028378664885863166,-2.9594204431649094,159.67609322010725,-653.229906354159
4630.335499639555,-2.517239336622137e-06,-0.00028934582016623374,-2.9600639960171047,157.4672638010033,-653.6360724820192
4632.581362166475,-2.6026426871457013e-06,-0.0002950947557754495,-2.9607202470960856,155.25817088631354,-654.0408030005591
4633.2348956944315,-2.6277967601173066e-06,-0.0002968038939291573,-2.9609136588360934,154.6152870127326,-654.15830362727
4633.888429222389,-2.653074979019529e-06,-0.00029852948919097084,-2.9611081932012957,153.97238035507758,-654.2756795141817
4636.134291749309,-2.7407936248243696e-06,-0.00030458622602519674,-2.961785413590788,151.76286184265123,-654.6780801257489
4638.380154276229,-2.829617513841296e-06,-0.00031084120799110433,-2.962476459194225,149.55306855875693,-655.0789690375384
4639.033687804187,-2.855632561551573e-06,-0.0003126989666740386,-2.9626802103687218,148.90997872012315,-655.1953371245976
4639.687221332145,-2.8817099914543877e-06,-0.000314573724198344,-2.9628851813413477,148.26686510976822,-655.31157375004
4641.933083859065,-2.9717094107368173e-06,-0.0003211466418495572,-2.9635990137076105,146.05662777397026,-655.7100071932695
4644.178946385985,-3.062082817208085e-06,-0.00032792210578588756,-2.9643278353888713,143.8461036203738,-656.1068462277012
4644.832479913943,-3.088409571903455e-06,-0.0003299318941669375,-2.9645427992381603,143.20279879815314,-656.2220199139447
4645.4860134419005,-3.114736195446891e-06,-0.00033195886331706365,-2.964759082163256,142.55946915305685,-656.3370548488383
4647.7318759688205,-3.205103239118304e-06,-0.00033905568319016216,-2.9655125474760116,140.34848130414255,-656.7313022313696
4649.977738495741,-3.295071726013628e-06,-0.00034635500746844634,-2.9662821786691063,138.13719386707822,-657.1238657242768
4650.631272023697,-3.321132645039669e-06,-0.0003485169795553626,-2.9665092388477587,137.49366449654838,-657.2377780660873
4651.284805551655,-3.347123711802727e-06,-0.00035069593312936993,-2.966737717344267,136.85010919382088,-657.3515437919422
4653.530668078575,-3.4358069019395198e-06,-0.00035831293319930755,-2.9675338485547305,134.63833732848434,-657.74136869706
4655.776530605495,-3.523233242826413e-06,-0.00036612769216742467,-2.9683473085698657,132.4262524603862,-658.1294134501242
4656.430064133453,-3.548386410089535e-06,-0.00036843848500688466,-2.9685873396028186,131.78248848915084,-658.2419924079425
4657.083597661411,-3.573392757288187e-06,-0.00037076563656195306,-2.9688288858388243,131.13869742642416,-658.3544163159805
4659.329460188331,-3.658077605368043e-06,-0.00037888650260334966,-2.96967065854122,128.92610646055667,-658.7395648970357
4661.575322715251,-3.7405082261481478e-06,-0.00038719502782933655,-2.970530880320707,126.71318854712456,-659.1228304281568
4662.228856243208,-3.764011755146962e-06,-0.0003896472855074648,-2.970784725941437,126.0691795193547,-659.2339989695714
4662.882389771165,-3.787274959097803e-06,-0.0003921147872890497,-2.9710401786522285,125.42514220200775,-659.3450034778812
4665.1282522980855,-3.8652461071039525e-06,-0.0004007086863791277,-2.971930432867105,123.21169579341627,-659.7252049705708
4667.374114825006,-3.939776578512105e-06,-0.000409473834305374,-2.972840180098577,120.99790811266871,-660.1034142041013
4668.027648352963,-3.960745998064277e-06,-0.0004120555019777374,-2.973108628153763,120.35364328055091,-660.2130905396377
4668.681181880921,-3.981366912335467e-06,-0.00041465071534963654,-2.9733787670792804,119.70934893635126,-660.3225933453188
4670.927044407841,-4.0493898667371575e-06,-0.0004236696107527761,-2.974320115609629,117.4950099034405,-660.6975610627502
4673.172906934761,-4.1125636551860595e-06,-0.0004328358310801263,-2.975281884774958,115.28031508360834,-661.070421534584
4673.826440462719,-4.129951792155386e-06,-0.0004355292610681655,-2.975565637457126,114.63578354812762,-661.1785195098665
4674.479973990677,-4.146860768344439e-06,-0.0004382338464718056,-2.9758511529892626,113.99122127146582,-661.2864340006323
4676.725836517597,-4.201116421484935e-06,-0.0004476092647010388,-2.976845872471172,111.7759521156413,-661.65586690111
4678.971699044517,-4.248887317303046e-06,-0.0004570992517318001,-2.9778617765064435,109.56031269983303,-662.0230725767282
4679.625232572474,-4.2614731219438395e-06,-0.0004598802163364586,-2.978161415074152,108.91550358318196,-662.1295022509204
4680.278766100431,-4.273434575085538e-06,-0.00046266914448839263,-2.978462872337438,108.27066251116125,-662.23573810659
4682.524628627351,-4.309535241897662e-06,-0.0004723087854613711,-2.97951277485871,106.05442605038913,-662.5993230422366
4684.770491154271,-4.337322850531218e-06,-0.0004820201685762158,-2.980584407249907,103.83780517457429,-662.9605568596976
4685.424024682229,-4.3437422648872005e-06,-0.00048485692482272684,-2.9809003510931404,103.19270782585832,-663.0652253032429
4686.077558210187,-4.349375021596902e-06,-0.0004876975582563139,-2.981218148412364,102.54757734777975,-663.1696893202065
4688.323420737107,-4.362488922692264e-06,-0.0004974823014507989,-2.9823244343195525,100.33033746543241,-663.5271040798813
4690.569283264027,-4.365350325733962e-06,-0.0005072849838137424,-2.9834527155592676,98.11269965165074,-663.8820413286378
4691.222816791984,-4.364148083741218e-06,-0.0005101375766929678,-2.983785176433506,97.46730388594925,-663.9848536716554
4691.876350319942,-4.36199705495965e-06,-0.0005129890137603254,-2.984119499135079,96.82187388600279,-664.0874508411216
4694.122212846862,-4.3471009715861854e-06,-0.0005227710093348586,-2.9852825952647035,94.60359639225011,-664.4383680881801
4696.368075373782,-4.320037853272079e-06,-0.0005325058876100266,-2.986467607502137,92.38490845064668,-664.786680713324
4697.0216089017395,-4.309775467863412e-06,-0.0005353259131444735,-2.9868165409422454,91.73920481879965,-664.8875414681798
4697.675142429697,-4.298407446574385e-06,-0.0005381388175499828,-2.9871673126451674,91.09346594896218,-664.9881763303756
4699.921004956617,-4.250682450992013e-06,-0.0005477414525975196,-2.988386704522595,88.8741195413995,-665.3322685000512
4702.166867483537,-4.1890934148587765e-06,-0.0005572213355013076,-2.989627524756014,86.6543515627525,-665.6736303759712
4702.820401011495,-4.16848269986917e-06,-0.0005599524051443171,-2.989992582029594,86.0083316455254,-665.7724450423297
4703.473934539453,-4.146643022511032e-06,-0.0005626695653654511,-2.990359416943777,85.3622756218447,-665.8710233227529
4705.719797066373,-4.062017488384305e-06,-0.0005718901517949899,-2.9916334882628375,83.14183291814791,-666.2079684818132
4707.965659593293,-3.962298007818306e-06,-0.0005809037314442668,-2.9929280352970493,80.92095932359116,-666.5420616262927
4708.61919312125,-3.93039569950065e-06,-0.0005834828871452258,-2.9933085206879975,80.27461603933705,-666.6387385636617
4709.2727266492075,-3.8971877468110035e-06,-0.0005860407533546338,-2.993690681872316,79.6282359501779,-666.7351690732456
4711.5185891761275,-3.7730234529946573e-06,-0.0005946567847950179,-2.995016579509336,77.40667454928297,-667.0646576540872
4713.764451703048,-3.6333026231265902e-06,-0.0006029764913800541,-2.996361494816053,75.18467514707704,-667.3911792522242
4714.417985231005,-3.5897236464024594e-06,-0.0006053368076858962,-2.996756334446833,74.5380030570438,-667.4856317733378
4715.071518758963,-3.5448471434589114e-06,-0.0006076682412628153,-2.9971527043885167,73.89129366688178,-667.5798285217917
4717.317381285883,-3.3807500614117723e-06,-0.0006154480014931038,-2.998526251964104,71.66859717798619,-667.9015707240608
4719.563243812803,-3.2017423028261846e-06,-0.0006228424785712008,-2.9999168391651607,69.44545816014596,-668.2202407016819
4720.21677734076,-3.146925348857001e-06,-0.0006249170567133249,-3.0003245688571556,68.79845375068741,-668.31238930037
4720.870310868718,-3.0909217542029913e-06,-0.0006269554899451201,-3.000733640000927,68.15141177819642,-668.4042737314231
4723.116173395638,-2.88964074222014e-06,-0.0006336736475193301,-3.002149327166069,65.92757074071724,-668.7180072386238
4725.362035922558,-2.6755523181850296e-06,-0.0006399253737679493,-3.0035795786192367,63.70328553713964,-669.0285759701054
4726.015569450516,-2.6110104488295107e-06,-0.0006416528527826833,-3.0039983592883557,63.05594745391626,-669.1183505506787
4726.669102978473,-2.545535626255304e-06,-0.0006433379693671688,-3.004418253084507,62.40857179904855,-669.2078537607022
4728.914965505393,-2.313832154712753e-06,-0.0006487963813659809,-3.005869330416299,60.18358440385151,-669.5133512523348
4731.1608280323135,-2.0731735656122016e-06,-0.0006537243632392239,-3.007332070954482,57.95815430083011,-669.8156068157369
4731.814361560271,-2.001728664665993e-06,-0.0006550558597399962,-3.0077597402215583,57.310483507412755,-669.9029487402729
4732.467895088229,-1.92975454394031e-06,-0.000656340675246098,-3.008188263302744,56.662775399732446,-669.9900134910308
4734.713757615149,-1.6790789579186696e-06,-0.000660393740182414,-3.0096669715745556,54.43664791556394,-670.2870892571226
4736.959620142069,-1.4252350259327233e-06,-0.0006638802643789327,-3.011154146286715,52.21008234273049,-670.5808634803348
4737.613153670026,-1.3511486745641684e-06,-0.0006647873860585026,-3.0115883136614645,51.56208217594015,-670.6657272025059
4738.266687197984,-1.2771109046862987e-06,-0.000665646351601461,-3.012023058270795,50.914045216743375,-670.7503094919265
4740.512549724904,-1.0239794621291127e-06,-0.0006682294568988841,-3.0135210145483144,48.6867920296094,-671.0388243041016
4742.758412251824,-7.754485621830915e-07,-0.000670249229868209,-3.015024139541739,46.45910842774364,-671.3239967086945
4743.4119457797815,-7.044778207126639e-07,-0.0006707326405257681,-3.0154623299616703,45.81078452539228,-671.406350726393
4744.065479307739,-6.342897752931408e-07,-0.0006711702292564315,-3.0159008230675344,45.16242459987156,-671.4884206465534
4746.311341834659,-4.002779077116967e-07,-0.000672329315282658,-3.0174095760798947,42.93406778890698,-671.768283934457
4748.557204361579,-1.804915013238106e-07,-0.0006729788170397398,-3.0189203600120167,40.705290991350246,-672.0447826021765
4749.210737889536,-1.1978709669999228e-07,-0.000673076682924306,-3.019360207064386,40.056651074768055,-672.1246094422133
4749.864271417494,-6.075204950371771e-08,-0.000673135773537923,-3.0198001090467494,39.40797611754977,-672.204151037024
4752.110133944414,1.279882618482183e-07,-0.0006730555233515295,-3.0213118633405873,37.17854451781365,-672.475319379794
4754.355996471334,2.913563620775648e-07,-0.0006725798796216436,-3.022822993403765,34.94870560885892,-672.743117757882
4755.009529999292,3.334766018587798e-07,-0.0006723753745395985,-3.023262479232353,34.299759112161524,-672.8204127095707
4755.6630635272495,3.7294289838183084e-07,-0.0006721445903915668,-3.023701828598715,33.65077871938956,-672.8974225510586
4757.90892605417,4.867312735225926e-07,-0.0006711722238309921,-3.025210321000727,31.42030645783186,-673.1598935383462
4760.15478858109,5.630557889466859e-07,-0.0006699863735620148,-3.0267163898735845,29.189441110043262,-673.4190022820529
4760.808322109047,5.775461789919577e-07,-0.000669613266941714,-3.027154123553841,28.540198659783993,-673.4937706278196
4761.461855637005,5.88342916724117e-07,-0.0006692322805611344,-3.0275916188269267,27.89092355280952,-673.5682548646841
4763.707718163925,5.956686418915429e-07,-0.0006678934234605912,-3.0290931117263677,25.659448085852016,-673.8220555285329
4765.953580690845,5.533376941431838e-07,-0.0006665938748188677,-3.0305916418775123,23.427594422328564,-674.0725086701864
4766.607114218802,5.310299832648192e-07,-0.0006662390940775007,-3.0310271619850644,22.778067184310107,-674.1447612255866
4767.26064774676,5.04032986246057e-07,-0.0006659007779799192,-3.031462465768962,22.128508543306175,-674.2167309259352
4769.50651027368,3.739300498835673e-07,-0.0006649034868015707,-3.0329567999975975,19.89606827096632,-674.4619002107211
4771.7523728006,1.8292024973974829e-07,-0.0006642667831541398,-3.034449299362356,17.66326434636059,-674.7037352603865
4772.405906328558,1.1531867686676607e-07,-0.0006641688587438359,-3.0348833799036665,17.013463270512723,-674.7734821373207
4773.059439856515,4.2146328010967896e-08,-0.0006641172266652337,-3.035317423618394,16.363631970553733,-674.84294685308
4775.305302383435,-2.530906774228274e-07,-0.0006643409636692589,-3.0368090520028694,14.130263551567317,-675.0795119861964
4777.5511649103555,-6.185314497705825e-07,-0.0006653065964050276,-3.0383020159678074,11.896544595814346,-675.3127440104554
4778.204698438312,-7.385063099023541e-07,-0.0006657495614809204,-3.0387369500695076,11.246479604677637,-675.3799866536426
4778.85823196627,-8.647204990993691e-07,-0.0006662731764440228,-3.0391722135095067,10.596385401436228,-675.4469462733188
4781.10409449319,-1.3470375139178345e-06,-0.0006687424760712483,-3.0406711254761127,8.362120943544136,-675.6748933958036
4783.34995702011,-1.9060427104647826e-06,-0.0006723811089649508,-3.0421768962310987,6.127516560529426,-675.899483634263
4784.003490548068,-2.083382354147452e-06,-0.000673684279439037,-3.0426167321966817,5.477195740539599,-675.9642053312549
4784.657024076026,-2.2673723658515448e-06,-0.0006751056143841536,-3.0430574728028774,4.826846466220382,-676.0286404376836
4786.902886602946,-2.950878833927378e-06,-0.0006809504370034204,-3.0445799264949276,2.5917108104180535,-676.2478803622689
4789.148749129866,-3.7140774116018364e-06,-0.000688419809947565,-3.0461173311134218,0.35624236617470184,-676.4637004314179
4789.8022826578235,-3.951195496371677e-06,-0.0006909241784425997,-3.0465680390039105,-0.29432876710520167,-676.5258556342218
4790.455816185781,-4.195049684583594e-06,-0.0006935856840381973,-3.0470204494863418,-0.9449279251411686,-676.5877167194367
4792.701678712701,-5.084475211662812e-06,-0.0007039912054031127,-3.0485894418607637,-3.1809195675477486,-676.7980471293936
4794.947541239621,-6.052697642608183e-06,-0.000716482737736596,-3.0501841460526227,-5.417241092728804,-677.0048402760692
4795.601074767578,-6.349083100064198e-06,-0.0007205349173112385,-3.0506536977466756,-6.068060172614421,-677.0643431857632
4796.254608295536,-6.651965400635064e-06,-0.0007247827643067735,-3.051125975639618,-6.7189072263489455,-677.1235391852371
4798.500470822456,-7.7418246780495e-06,-0.0007409321661513451,-3.0527713991275944,-8.955750983926757,-677.3246049402987
4800.746333349376,-8.905606740846215e-06,-0.0007596122523134652,-3.0544559337365413,-11.192926362544158,-677.521946116974
4801.399866877334,-9.257770898338594e-06,-0.0007655472221873651,-3.054954285710128,-11.843994496971739,-677.5786590641898
4802.0534004052915,-9.615856238444532e-06,-0.0007717140122241664,-3.0554566049371847,-12.495090948363266,-677.6350457499963
4804.299262932212,-1.0890574776049734e-05,-0.0007947290762269481,-3.0572150633035227,-14.732795002110782,-677.8262991976701
4806.545125459132,-1.2230738915427345e-05,-0.0008206804737379932,-3.0590285076403534,-16.97083698296656,-678.0135559068087
4807.198658987089,-1.263245465671488e-05,-0.0008288048194469695,-3.05956748418107,-17.62215871909692,-678.0672781002577
4807.852192515047,-1.3039258835005245e-05,-0.0008371930150424646,-3.0601118674748444,-18.27350947653069,-678.1206469063918
4810.098055041967,-1.4474589037436187e-05,-0.0008680790058225722,-3.062026156015509,-20.512093384798217,-678.3013101676263
4812.343917568887,-1.596425475053605e-05,-0.0009022495659617218,-3.0640134985910903,-22.7510253674063,-678.4776060165515
4812.997451096844,-1.6407282602605685e-05,-0.0009128274744632438,-3.064606584574807,-23.40260817440043,-678.5280632144786
4813.650984624802,-1.685438854148527e-05,-0.0009236958602505775,-3.065206687343706,-24.054220973204522,-678.5781310428822
4815.896847151722,-1.8420367814269815e-05,-0.0009632991319481938,-3.0673249859737455,-26.29371318330953,-678.7471620957265
4818.142709678642,-2.002831773362846e-05,-0.0010064665079636754,-3.0695362303517966,-28.533565908980147,-678.9113447582603
4818.7962432066,-2.0503404103557423e-05,-0.0010197109632962516,-3.0701982969527,-29.185419051494627,-678.9581803264564
4819.449776734557,-2.0981512932177382e-05,-0.0010332664923021712,-3.0708691274520956,-29.837303250745766,-679.0045807822696
4821.6956392614775,-2.2645870263847298e-05,-0.0010822515518428737,-3.0732440030632415,-32.07773635716909,-679.1606447527819
4823.9415017883975,-2.433957752945048e-05,-0.0011350074871045717,-3.075733126818224,-34.31854217737273,-679.3112595232691
4824.595035316354,-2.48372529806926e-05,-0.0011510769332578206,-3.076480122746842,-34.97067485247738,-679.3540271790648
4825.248568844312,-2.5336880216927377e-05,-0.001167471869046011,-3.0772377312039634,-35.62283948110191,-679.3963035144122
4827.494431371232,-2.706710348640037e-05,-0.001226314784363444,-3.0799250582749313,-37.86424279677921,-679.5377499777223
4829.740293898152,-2.8814191436665574e-05,-0.0012890624811623009,-3.0827489232455854,-40.106027090057566,-679.6730194967151
4830.39382742611,-2.9325061793428472e-05,-0.0013080606046047725,-3.083597556969161,-40.75844570374945,-679.7111778691838
4831.047360954068,-2.9836840876234613e-05,-0.0013273925042912205,-3.084458717635815,-41.410896632509086,-679.7487777507807
4833.293223480988,-3.16008282228664e-05,-0.0013963819376091712,-3.087516586713405,-43.65328565216173,-679.8736243376632
4835.539086007908,-3.336933624269225e-05,-0.0014693381204121442,-3.0907338509610454,-45.89605497408443,-679.9914346626795
4836.192619535866,-3.388412910762774e-05,-0.0014913145197552723,-3.091701275074397,-46.54875943769074,-680.0243437030316
4836.846153063823,-3.4398779843259364e-05,-0.001513626916412543,-3.092683170992335,-47.20149555804485,-680.0566158318587
4839.092015590743,-3.616469549664635e-05,-0.0015928663098355462,-3.0961708087380386,-49.444857910517,-680.1625382089634
4841.337878117663,-3.792280530041124e-05,-0.0016760629416176125,-3.0998408509747546,-51.68858448622847,-680.2604312772495
4841.99141164562,-3.8432252136294754e-05,-0.0017010134971809244,-3.100944349886698,-52.34156342207543,-680.2873505335305
4842.644945173578,-3.8940521252825906e-05,-0.0017262962202382593,-3.102064260800457,-52.994571722959904,-680.313543131595
4844.890807700498,-4.0676528071287315e-05,-0.001815704455636689,-3.106040958631775,-55.238849252556,-680.3978714231722
4847.136670227418,-4.239243602138318e-05,-0.0019089889540475297,-3.110222807845491,-57.483451479901184,-680.4730440083434
4847.790203755376,-4.288730589233727e-05,-0.0019368558524464705,-3.1114794863475135,-58.136676245951655,-680.4931328021366
4848.443737283334,-4.337996419581635e-05,-0.001965045070796419,-3.1127544773460194,-58.78992570142686,-680.51239400743
4850.689599810254,-4.5054532079309844e-05,-0.002064356907173158,-3.117278521647942,-61.03499240662921,-680.5721158285633
4852.935462337174,-4.6697170629715256e-05,-0.0021673937383618713,-3.1220297895947904,-63.28031114776422,-680.6214251987786
4853.5889958651305,-4.716854271113557e-05,-0.0021980662865864675,-3.123456263023245,-63.93372862719451,-680.633744770126
4854.242529393088,-4.763676602470145e-05,-0.002229045544530058,-3.1249028754073285,-64.58716284610949,-680.6451250074176
4856.488391920008,-4.92202705080371e-05,-0.002337817233799843,-3.130030491676112,-66.83279855050426,-680.6768953477374
4858.734254446928,-5.0761591495354714e-05,-0.0024500978872834794,-3.1354063345314316,-69.07856915926179,-680.6968718511788
4859.387787974886,-5.120169247824186e-05,-0.0024834164547029684,-3.1370184313065366,-69.73209331441856,-680.7003895305509
4860.041321502844,-5.16378941635869e-05,-0.002517021145637773,-3.138652387978924,-70.38562195841813,-680.7028459117034
4862.287184029764,-5.310607673292287e-05,-0.002634650652186085,-3.1444367545473857,-72.63148179090183,-680.7030040017625
4864.533046556684,-5.452495813857742e-05,-0.0027555221331315213,-3.150488941331069,-74.87730204103656,-680.6898705925404
4865.186580084642,-5.4928292381468124e-05,-0.002791288140331073,-3.1523014448136,-75.53080429680338,-680.6834659741717
4865.840113612599,-5.532729944158708e-05,-0.0028273162351711433,-3.154137398909357,-76.18429333916829,-680.6758686869462
4868.0859761395195,-5.666490830249216e-05,-0.002953085547728718,-3.160627841517637,-78.42987332993386,-680.6404615682228
4870.33183866644,-5.795036142696718e-05,-0.0030818003785956674,-3.167404052326621,-80.67516763421489,-680.5901597584082
4870.985372194396,-5.831459799613272e-05,-0.0031197921523086515,-3.169430518556178,-81.32846621892338,-680.5726326771211
4871.638905722354,-5.867445497677111e-05,-0.0031580205908922194,-3.1714818816061228,-81.98172717830417,-680.5537731435419
4873.884768249274,-5.987782966333633e-05,-0.0032911560845452167,-3.1787233684959704,-84.22632647307499,-680.4785850276271
4876.130630776194,-6.103083505493985e-05,-0.003426937631056582,-3.1862668307374933,-86.47030694807741,-680.3868061179842
4876.784164304152,-6.135711250560373e-05,-0.003466930104879059,-3.1885195106885518,-87.12315536094586,-680.3568860552522
4877.43769783211,-6.167935546882304e-05,-0.0035071346812354134,-3.1907983876738655,-87.77593368147598,-680.3254864691617
4879.68356035903,-6.275660311128607e-05,-0.0036468760105018553,-3.198831406466307,-90.01861397626939,-680.2060724299175
4881.92942288595,-6.378949677508494e-05,-0.003788986883411415,-3.2071809259082444,-92.26023896060836,-680.0682924261843
4882.582956413907,-6.408217041919478e-05,-0.003830771155529845,-3.2096708033265515,-92.91231374083543,-680.024648863767
4883.236489941864,-6.437145753164365e-05,-0.003872745883794974,-3.2121880431116057,-93.5642764921948,-679.9793726209921
4885.4823524687845,-6.53409665178511e-05,-0.004018410579110313,-3.221048869265324,-95.80381926668453,-679.8110949335095
4887.728214995705,-6.62754292397746e-05,-0.0041662133037814525,-3.2302392391597494,-98.04174983027004,-679.6226114856881
4888.381748523662,-6.654135217603412e-05,-0.004209613384950446,-3.2329761747719385,-98.69263777435978,-679.56386473602
4889.03528205162,-6.68047794321518e-05,-0.004253186791474587,-3.235741525023831,-99.34336081345178,-679.5033272940459
4891.28114457854,-6.769244277804742e-05,-0.004404222381718991,-3.2454628323401757,-101.5782228072067,-679.2813929046549
4893.52700710546,-6.85563046170444e-05,-0.004557224814352244,-3.255525553457688,-103.81077762312208,-679.0373629023246
4894.180540633418,-6.880386420189627e-05,-0.004602109449135615,-3.2585185129103555,-104.45996254365433,-678.9620950517235
4894.834074161376,-6.904989531320397e-05,-0.004647155733150366,-3.2615408554828473,-105.10891722432356,-678.8848748718007
4897.079936688296,-6.988535459341709e-05,-0.004803172763826427,-3.2721525762148365,-107.33718439863577,-678.6043729490063
4899.325799215216,-7.07085515418884e-05,-0.004961052351437008,-3.283116781272991,-109.56229313704557,-678.2998499700193
4899.979332743173,-7.094640776536815e-05,-0.005007340340074767,-3.286374113396257,-110.20914219377975,-678.2066157526342
4900.63286627113,-7.118367283678001e-05,-0.00505378389583707,-3.2896617457711033,-110.85568164895194,-678.1112651666763
4902.87872879805,-7.199593393387192e-05,-0.005214565165847993,-3.301192055007131,-113.0750216694941,-677.7672043889746
4905.12459132497,-7.280598681972082e-05,-0.005377168182949506,-3.3130855025692667,-115.29017688379626,-677.3971759830798
4905.778124852928,-7.304177975030394e-05,-0.005424826236772197,-3.3166152271615146,-115.93392646814166,-677.2845136449926
4906.431658380886,-7.327769707213794e-05,-0.005472638640428155,-3.320176148536763,-116.57727144184706,-677.1695697365872
4908.677520907806,-7.409052136281062e-05,-0.0056381221595033565,-3.3326524265831203,-118.78488458287731,-676.7569158601714
4910.923383434726,-7.49079442206947e-05,-0.005805436334068834,-3.3455024135640716,-120.98709197515043,-676.3163415859568
4911.576916962683,-7.514692725400288e-05,-0.005854469174718304,-3.3493124742290465,-121.62683311635094,-676.1827840790183
4912.230450490641,-7.538642483596354e-05,-0.0059036584215919384,-3.353154631612816,-122.2660573161579,-676.0467799507737
4914.476313017561,-7.621384356454723e-05,-0.006073893890205856,-3.3666042504174363,-124.45862571141771,-675.5604951882973
4916.722175544481,-7.70477399217789e-05,-0.006245994901468089,-3.38043828955793,-126.64435277258374,-675.044347323231
4917.375709072438,-7.729155592283815e-05,-0.0062964278434405946,-3.384536727165613,-127.27901608299477,-674.8884344599257
4918.029242600396,-7.753576879265041e-05,-0.006347020104552462,-3.3886681771977987,-127.91303108078591,-674.7299115505916
4920.275105127316,-7.837779978046813e-05,-0.006522099985337904,-3.4031189601718608,-130.0866665113146,-674.164998284061
4922.520967654236,-7.922164617560314e-05,-0.006699072990543019,-3.4179650743379897,-132.25178990988417,-673.5683080960716
4923.174501182194,-7.94670693169602e-05,-0.006750927334601328,-3.422360078498217,-132.88013021970247,-673.3886005724312
4923.828034710152,-7.97121744907568e-05,-0.006802941558979324,-3.4267890225977515,-133.50767007246802,-673.2061229597125
4926.073897237072,-8.055071028020883e-05,-0.006982907807143602,-3.442269233682687,-135.65786106128814,-672.5576752185918
4928.319759763992,-8.137832207424559e-05,-0.007164745024518913,-3.4581557251903017,-137.79761387483197,-671.8755885428388
4928.973293291949,-8.161614458443194e-05,-0.007218006561704257,-3.4628555229049525,-138.41819494407991,-671.6706849736979
4929.6268268199065,-8.185216694477092e-05,-0.007271422228127202,-3.4675901751125835,-139.03780095677416,-671.4628568300246
4931.8726893468265,-8.264709869752115e-05,-0.0074561497980938285,-3.4841278990102507,-141.1593609028165,-670.7261237114704
4934.118551873747,-8.340889345849279e-05,-0.007642625464931364,-3.50108245862762,-143.26828191252508,-669.9539702317265
4934.772085401704,-8.36228244909793e-05,-0.007697206529268242,-3.5060950013150505,-143.87946196766336,-669.7225285139262
4935.425618929662,-8.383264462263853e-05,-0.007751925019677147,-3.5111432503344537,-144.48946839425042,-669.488016043834
4937.671481456582,-8.451843764370899e-05,-0.007940984054733568,-3.5287650341515855,-146.57648787650118,-668.6584817241364
4939.917343983502,-8.51382878456416e-05,-0.008131509237384019,-3.5468130649538936,-148.6483767201685,-667.7918626815567
4940.570877511459,-8.530414609787553e-05,-0.008187205159522266,-3.5521454786300772,-149.24829605436648,-667.5326270628759
4941.224411039417,-8.54626310857356e-05,-0.008243005671633254,-3.557514309444746,-149.84681803957594,-667.2701862968338
4943.470273566337,-8.594577128252962e-05,-0.008435506105367004,-3.5762429517810923,-151.89262627521381,-666.3436713098961
4945.716136093257,-8.631894983509183e-05,-0.008628968126195886,-3.595405003424186,-153.92051027363215,-665.3785701555946
4946.369669621215,-8.640412706013063e-05,-0.008685409696370288,-3.6010627737766825,-154.50708276736177,-665.0904052779763
4947.023203149172,-8.647774995419131e-05,-0.0087419014256643,-3.6067574217014204,-155.0920084617257,-664.7989169641174
4949.269065676092,-8.663573253902084e-05,-0.008936326818341327,-3.6266088251188067,-157.0891511580017,-663.7717047669763
4951.5149282030125,-8.66288730184447e-05,-0.009130921911831825,-3.646897071802234,-159.06527200427132,-662.7046242784374
4952.16846173097,-8.659260117556819e-05,-0.00918752677500148,-3.6528829485709964,-159.6361831319642,-662.3865571036464
4952.821995258928,-8.653973984421158e-05,-0.009244100534760394,-3.6589057722528717,-160.20517262748817,-662.0650695442263
4955.067857785848,-8.6223484027925e-05,-0.009438144401017916,-3.6798848299759697,-162.1454159573758,-660.9340607584978
4957.313720312768,-8.567939060446926e-05,-0.009631222154216629,-3.7012985986683136,-164.06124695113684,-659.7621880375107
4957.967253840725,-8.54746375349998e-05,-0.009687151838602998,-3.7076112296630153,-164.61396155590958,-659.4134578545846
4958.620787368683,-8.524783703551244e-05,-0.009742938476960384,-3.7139603180037977,-165.16445599669996,-659.061237778225
4960.866649895603,-8.429148947961997e-05,-0.009933374274559382,-3.736055928241327,-167.03882876040325,-657.8241315142833
4963.112512422523,-8.304240377862545e-05,-0.010121333522204741,-3.758576450105096,-168.88513534301796,-656.5455286450134
4963.7660459504805,-8.262044451573667e-05,-0.010175469127259688,-3.765208812863368,-169.41691899641575,-656.1656441651011
4964.419579478438,-8.217116498416875e-05,-0.01022931825195946,-3.7718764023788283,-169.9461637139229,-655.782234469574
4966.665442005358,-8.04107049183261e-05,-0.010411952072417689,-3.7950559437234985,-171.74505109161058,-654.4377313148782
4968.911304532278,-7.82999694168387e-05,-0.010590238806346384,-3.818640774042312,-173.51200807931627,-653.0515438559524
4969.564838060235,-7.761717292817423e-05,-0.010641189873359793,-3.8255785562071973,-174.0199658701686,-652.6403446242713
4970.218371588193,-7.690290117412669e-05,-0.01069168322470225,-3.832549419136715,-174.52505133973514,-652.2256259897209
4972.464234115113,-7.420202548192242e-05,-0.010861436506080003,-3.8567533081416374,-176.23835278209293,-650.7736405060884
4974.710096642033,-7.111197989909061e-05,-0.01102468698091377,-3.881331137475256,-177.9157296605616,-649.280308721674
4975.363630169991,-7.013826155129131e-05,-0.011070845127893561,-3.888551293957234,-178.39686542086858,-648.8380258866018
4976.0171636979485,-6.91309241161449e-05,-0.011116355634854663,-3.895801332339129,-178.8747888853137,-648.3922770489062
4978.263026224869,-6.541026914787526e-05,-0.011267510844482818,-3.920938523569871,-180.4921484867939,-646.8341399391727
4980.508888751789,-6.129049363932209e-05,-0.011409861789609557,-3.946405302037802,-182.0695684248301,-645.2355900857476
4981.162422279746,-6.001707584398659e-05,-0.011449502786903038,-3.9538750652444854,-182.5208654469791,-644.7628994189237
4981.815955807704,-5.871066371829848e-05,-0.011488301571695458,-3.961370388977656,-182.9686139703401,-644.2868487924341
4984.061818334624,-5.397143948836268e-05,-0.011614905862711569,-3.987315773549706,-184.47972351223055,-642.6254721468226
4986.307680861544,-4.885800984517257e-05,-0.01173044630066549,-4.013533070008195,-185.9469921551157,-640.925259427332
4986.961214389501,-4.7302127443981524e-05,-0.011761869183416436,-4.021209668332321,-186.36551341247304,-640.4233180849224
4987.614747917459,-4.571684626733759e-05,-0.011792267514838209,-4.02890640456278,-186.78016598806596,-639.9181781537807
4989.860610444379,-4.0051642386766034e-05,-0.011888638480027806,-4.055500881559685,-188.17512938901174,-638.158153997602
4992.106472971299,-3.407200504746763e-05,-0.011971933088953573,-4.08229711064673,-189.52261730811415,-636.3615276814458
4992.760006499257,-3.227710156500575e-05,-0.011993613849532785,-4.090128348270611,-189.90561956247794,-635.8319863103186
4993.413540027214,-3.0459169140946946e-05,-0.012014116851141149,-4.097973320590143,-190.28446225543536,-635.2994625238255
4995.659402554134,-2.4047062347988106e-05,-0.01207536579194199,-4.125026896314428,-191.55419767035454,-633.4470676163145
4997.9052650810545,-1.7409530847944963e-05,-0.012121960885926769,-4.152201573476948,-192.77324825742045,-631.5609341259413
4998.558798609011,-1.544131528582993e-05,-0.012132694656324413,-4.160127280088634,-193.11830106514213,-631.0059179508729
4999.212332136969,-1.3458534510678456e-05,-0.012142140816240892,-4.168059549512124,-193.45894588444398,-630.448186101431
5001.458194663889,-6.547756808620618e-06,-0.012164628169908502,-4.195357309418965,-194.59559123874047,-628.5112752434759
5003.704057190809,4.787733707894083e-07,-0.012171464884827532,-4.22268799823919,-195.6789169889131,-626.5440465765223
5004.357590718767,2.5387224641756925e-06,-0.012170477285578284,-4.230642220271599,-195.98401540546547,-625.9661028544139
5005.011124246725,4.603435244605679e-06,-0.01216814562691092,-4.238595347387209,-196.28451156251208,-625.3857528168165
5007.256986773645,1.1719345425013055e-05,-0.01214981558102588,-4.26590573651587,-197.28179375056146,-623.3735373428652
5009.502849300565,1.8831594662559012e-05,-0.012115508290108913,-4.2931570175334075,-198.2238206969402,-621.3348677938482
5010.1563828285225,2.089386681441472e-05,-0.012102525134753593,-4.301070739241599,-198.4874800262063,-620.7368817062065
5010.80991635648,2.295087175780037e-05,-0.012088199539282786,-4.308975548587004,-198.7464059976187,-620.1368301439156
5013.0557788834,2.996361895800073e-05,-0.012028757964358695,-4.336060156806588,-199.5999348329932,-618.0595546553993
5015.30164141032,3.685753960143082e-05,-0.01195370015734243,-4.362993731465271,-200.39705839495974,-615.9599850160973
5015.955174938277,3.883532684030295e-05,-0.01192896374047683,-4.370797851770071,-200.61838085076667,-615.3450706866155
5016.608708466235,4.079878955674198e-05,-0.011902942473098138,-4.378585416764394,-200.83490740864926,-614.7284498799246
5018.854570993155,4.7423331274331964e-05,-0.011803834874520296,-4.405209237498204,-201.54236314565708,-612.5969952437972
5021.100433520075,5.383296597564258e-05,-0.011690090791748205,-4.431594040424543,-202.19308899550333,-610.4475372531363
5021.753967048033,5.5653157347895344e-05,-0.011654311868240006,-4.439222260213882,-202.37179562861135,-609.8189142100888
5022.4075005759905,5.745205860577e-05,-0.011617352499559206,-4.446826757234292,-202.5457136860537,-609.1889476308944
5024.653363102911,6.346142495026596e-05,-0.011481522009332413,-4.472767671987491,-203.10691106948406,-607.0143987902134
5026.899225629831,6.91878209852566e-05,-0.011332513064629146,-4.4983887316341375,-203.61187066774505,-604.826100663054
5027.5527591577875,7.079807537012767e-05,-0.01128676805963069,-4.505779991916842,-203.74829686840758,-604.1869678928734
5028.206292685745,7.238252309201076e-05,-0.011239980364517272,-4.513141071071924,-203.88000903740763,-603.5468447348817
5030.452155212665,7.762467197589866e-05,-0.011071472431190225,-4.538197434794701,-204.2968386513825,-601.3400653327577
5032.698017739585,8.254535376752365e-05,-0.010891552337572382,-4.562862537792953,-204.65868696810793,-599.123599506913
5033.351551267543,8.391549009456473e-05,-0.010837156535598424,-4.569962776465014,-204.75374493894148,-598.4770187331071
5034.005084795501,8.525771937834602e-05,-0.010781874835691489,-4.57702723634785,-204.84422469623476,-597.8297788361224
5036.250947322421,8.965499366067716e-05,-0.010585397394881877,-4.601022992465622,-205.12048860135516,-595.6010300619179
5038.496809849341,9.37183901883433e-05,-0.010379419202309868,-4.624566818570509,-205.34370586134446,-593.3663370142664
5039.150343377299,9.483803430234787e-05,-0.010317803667894655,-4.6313299917780855,-205.3988211885502,-592.7151342683169
5039.803876905256,9.592959746387671e-05,-0.010255465361441752,-4.638052721603978,-205.44954707784885,-592.0635721350677
5042.0497394321765,9.946729030588914e-05,-0.010035987054751868,-4.660840046347986,-205.5907162078481,-589.8222026475544
5044.2956019590965,0.00010267887611494547,-0.009808929772058887,-4.683125942318425,-205.68134337660612,-587.5782127601096
5044.949135487053,0.00010355303458783683,-0.00974153881493724,-4.689514386295268,-205.69837462507707,-586.9249036935722
5045.602669015011,0.00010440040053906324,-0.009673584639973786,-4.695858661872503,-205.71124850833806,-586.2714966295189
5047.848531541931,0.00010711077104320888,-0.009436015210891732,-4.717318504293967,-205.72417312611205,-584.0257176182507
5050.094394068851,0.00010951699857913217,-0.009192700193907917,-4.738238346536828,-205.68951234888613,-581.7801603338683
5050.747927596809,0.00011016160255154359,-0.009120915627009948,-4.74422262199499,-205.67066263548037,-581.1269010877381
5051.401461124767,0.00011078168435353564,-0.009048716857818209,-4.750159901615811,-205.64792086625692,-580.4737629072271
5053.647323651687,0.0001127295235822651,-0.008797677831511457,-4.77020093726784,-205.5405237086829,-578.2305105176223
5055.893186178607,0.0001144032417658623,-0.00854257204516398,-4.7896736070858985,-205.38883165939095,-575.9898091292891
5056.546719706564,0.00011484057620443275,-0.008467662102611753,-4.795231976150734,-205.33655996235532,-575.3383716162921
5057.200253234521,0.00011525609600893012,-0.008392472451966747,-4.800741345033924,-205.28068506007148,-574.6872304959921
5059.446115761441,0.00011652196218499278,-0.008132156441535473,-4.819297848773488,-205.0616617290205,-572.4521088149594
5061.6919782883615,0.00011754641001570696,-0.007869268565902839,-4.837266830512222,-204.80185794240816,-570.2213514953669
5062.345511816319,0.00011780098425663857,-0.00779236433845692,-4.842384518061521,-204.71879606974986,-569.5731199493597
5062.999045344277,0.00011803645120381851,-0.0077152990047212,-4.847451934995875,-204.63243458685,-568.925317119437
5065.244907871197,0.00011870432481606595,-0.007449416026430151,-4.864481104131628,-204.31097890293367,-566.7026092794449
5067.490770398117,0.00011916189403759055,-0.007182269253195816,-4.880911717495035,-203.95238394666094,-564.4855826159258
5068.144303926075,0.00011925715805762184,-0.0071043613894978975,-4.8855800972478205,-203.84126294885658,-563.8415672369848
5068.797837454033,0.00011933578828696085,-0.007026395867852873,-4.890197578991351,-203.72715308336788,-563.1980722771132
5071.043699980953,0.00011948283228782777,-0.006758184569095838,-4.905676738491262,-203.31271786855774,-560.9908048195659
5073.289562507873,0.00011944605336920919,-0.006489849450230671,-4.920553393244521,-202.86482925143198,-558.7900747788623
5073.9430960358295,0.00011940213498555776,-0.006411801381846886,-4.924769205156948,-202.72841711773265,-558.1509380968857
5074.596629563787,0.00011934355173888846,-0.0063337861596152,-4.928934052697944,-202.58932771225898,-557.5123764749692
5076.842492090707,0.00011903345099462005,-0.006066074585959887,-4.942858079304023,-202.09142518384536,-555.322422208199
5079.088354617627,0.00011855993083037995,-0.005799242964721434,-4.956181850644883,-201.563733091863,-553.1394482797529
5079.741888145585,0.0001183924013037294,-0.005721814377434314,-4.959946528009061,-201.40478397734344,-552.5055402167183
5080.395421673543,0.00011821170200533622,-0.005644499109970762,-4.963660668924869,-201.24346500063393,-551.8722291124974
5082.641284200463,0.00011749234743516018,-0.005379791822600726,-4.976039856244017,-200.67150603756238,-549.7004353998203
5084.887146727383,0.00011662423222355416,-0.005116867154678446,-4.9878265491449625,-200.0733467025012,-547.5357057473569
5085.54068025534,0.00011634435916420755,-0.005040740300180059,-4.991145693781964,-199.8945608111317,-546.9071040166116
5086.1942137832975,0.00011605234652735135,-0.004964799980807119,-4.994415174306718,-199.71370435274378,-546.2790931492437
5088.440076310218,0.00011495788119411199,-0.004705365493714477,-5.005273616348198,-199.07687267293306,-544.1254249861973
5090.685938837138,0.00011372513381620874,-0.004448544306531893,-5.015552338753091,-198.41731462729257,-541.9786029323233
5091.339472365095,0.00011334093314957649,-0.0043743461870989885,-5.018435339520117,-198.22130725835132,-541.3551561377365
5091.993005893053,0.00011294539172153857,-0.004300402594302904,-5.021269957160843,-198.0235175026363,-540.7322710371316
5094.238868419973,0.00011150067017241573,-0.00404834075598668,-5.030644387496674,-197.330673250867,-538.5959606919688
5096.484730946893,0.00010992590439454405,-0.0037996695943895552,-5.039456529092252,-196.61843075036202,-536.4660351389406
5097.138264474851,0.0001094436668140068,-0.0037279864527395325,-5.041916287572806,-196.40770882882313,-535.847406566425
5097.791798002809,0.0001089507391215362,-0.0036566217052955764,-5.0443293259271895,-196.19547932686348,-535.229292342323
5100.037660529729,0.0001071763975297017,-0.003413902936336196,-5.0522682676370865,-195.4550863326842,-533.1089893134646
5102.283523056649,0.00010527996298873726,-0.0031753061966574955,-5.059666725114741,-194.6984543359037,-530.9944234765449
5102.937056584606,0.00010470563999684658,-0.0031066894687339897,-5.061719440647625,-194.47539883220975,-530.3801340470684
5103.590590112563,0.00010412137214072308,-0.003038451027356738,-5.063727458030207,-194.2510954963317,-529.7662981695053
5105.8364526394835,0.00010203875702145548,-0.0028069262841545336,-5.070290515903717,-193.4711669622036,-527.6602146649093
5108.0823151664035,9.984346063101961e-05,-0.002580205341528888,-5.076338995370261,-192.6779727327752,-525.5590887591119
5108.735848694361,9.918407192745052e-05,-0.0025151694338693396,-5.078003960481528,-192.4448256000301,-524.9485579474142
5109.389382222319,9.851562345370332e-05,-0.002450567030903208,-5.079626583684768,-192.2106740787407,-524.3384108734954
5111.635244749239,9.615101040918204e-05,-0.0022319509739605376,-5.084883714518571,-191.3987323271076,-522.2444590216911
5113.881107276159,9.368590416733693e-05,-0.0020187583597982613,-5.089655953895752,-190.57629967470493,-520.1546034108005
5114.534640804116,9.29504602287071e-05,-0.0019577715853523908,-5.090955316127907,-190.335154219569,-519.547187164157
5115.188174332074,9.220715377201218e-05,-0.0018972675234033138,-5.092214996220786,-190.09323060323027,-518.9400798671586
5117.434036858994,8.959467025127177e-05,-0.0016931006849891022,-5.09624561699811,-189.25627753960254,-516.8559975686316
5119.679899385914,8.689730282932636e-05,-0.0014948964442027437,-5.099824402711084,-188.41140076363615,-514.7751135084765
5120.333432913872,8.609740710516138e-05,-0.0014383674473389004,-5.100782859427725,-188.16419467240485,-514.170138370392
5120.986966441829,8.529108584195948e-05,-0.001382362720064246,-5.101704557738874,-187.91641878438602,-513.5653959939237
5123.232828968749,8.247368598704006e-05,-0.0011939620298798091,-5.1045963952169275,-187.06091476646802,-511.488858873585
5125.478691495669,7.95901218486148e-05,-0.0010119631303953575,-5.107072299415765,-186.19984036194347,-509.41462451836
5126.132225023627,7.873969106307563e-05,-0.0009602262635873589,-5.107716708874099,-185.94835088285345,-508.8114173186338
5126.785758551585,7.788452934555533e-05,-0.0009090460853425308,-5.108327498745027,-185.69648168482823,-508.2083683361682
5129.031621078505,7.49122747097248e-05,-0.0007374572160319153,-5.1101751498514725,-184.82833137820728,-506.13708581444837
5131.277483605425,7.189427686356028e-05,-0.0005725949885093504,-5.111644989502654,-183.95674635590916,-504.06724574915546
5131.931017133382,7.100861967248392e-05,-0.0005258992381232218,-5.112003905070068,-183.70258734743237,-503.46515840430726
5132.58455066134,7.011995331504118e-05,-0.0004797826254049139,-5.1123324991545545,-183.4482201854946,-502.8631588516637
5134.83041318826,6.70459560937004e-05,-0.0003257500364193367,-5.113235759607829,-182.57276457328103,-500.79495303868254
5137.07627571518,6.394684052509075e-05,-0.00017864942877845948,-5.113800868180141,-181.6957906799724,-498.72739035787174
5137.729809243137,6.304142860280202e-05,-0.00013715413695661769,-5.113904027677315,-181.44041133063774,-498.125819560008
5138.383342771095,6.213476440765038e-05,-9.625032658465211e-05,-5.113980264637109,-181.18497683218075,-497.52427214783523
5140.629205298015,5.901204114876988e-05,3.979010819997861e-05,-5.1140423520133,-180.30699073849044,-495.4571391273145
5142.875067824935,5.588451248261275e-05,0.00016881193969348337,-5.11380679268392,-179.42918395045703,-493.3899299793775
5143.528601352892,5.497464468260996e-05,0.00020503668120469844,-5.113684598506663,-179.17386898910453,-492.7883318155936
5144.18213488085,5.406521415555168e-05,0.00024066758030721764,-5.1135389233157,-178.9186334318734,-492.18669999188387
5146.42799740777,5.0946060082797654e-05,0.00035858513187289305,-5.112864695899161,-178.04232797134486,-490.11885394172714
5148.67385993469,4.784235464401549e-05,0.0004695148399449446,-5.111933488740213,-177.1676827487857,-488.0503052745902
5149.327393462648,4.6943223206271745e-05,0.0005004871767183811,-5.111616493720974,-176.91355401686724,-487.44820503956004
5149.980926990605,4.6046285477922774e-05,0.0005308732771653633,-5.1112794440550156,-176.659621053374,-486.8460222845675
5152.2267895175255,4.298327202867439e-05,0.0006308405744463477,-5.10997363940033,-175.78865071020343,-484.77592353985085
5154.472652044446,3.99564649728638e-05,0.0007239694218933411,-5.108451001047871,-174.92060890343262,-482.70459533260873
5155.126185572403,3.908366484013998e-05,0.0007497965557843287,-5.1079693955833925,-174.66862829753907,-482.1015929359321
5155.779719100361,3.821482823253832e-05,0.0007750552671931459,-5.107471088314087,-174.41694206133528,-481.49846770225474
5158.025581627281,3.5262233798107544e-05,0.0008575541249241299,-5.105636551301785,-173.5544166372897,-479.42483625138203
5160.271444154201,3.236751843842275e-05,0.0009334868556801647,-5.103624106505648,-172.69588151430872,-477.34954981498595
5160.924977682158,3.1537267880651716e-05,0.0009543681491056819,-5.103007194047114,-172.44685547881448,-476.74532125762585
5161.578511210116,3.071287618813992e-05,0.0009747094670174073,-5.1023767987117825,-172.19820527088285,-476.1409380353715
5163.824373737036,2.792737034361291e-05,0.0010405434081198603,-5.100112654309192,-171.3467075217248,-474.0627541335791
5166.070236263956,2.5222145593109797e-05,0.0011002116361779168,-5.097707579597215,-170.50006392730447,-471.9825882113109
5166.723769791914,2.4451274629947246e-05,0.0011164424787267102,-5.096983230722287,-170.25464982253118,-471.37688364207213
5167.377303319871,2.3688126334483576e-05,0.001132172741726654,-5.096248421254028,-170.00967671494976,-470.77100066342126
5169.623165846791,2.1127567138004084e-05,0.0011824785579351521,-5.0936481721573115,-169.17128691121158,-468.68749435439906
5171.869028373711,1.8669206995145085e-05,0.0012271484727087222,-5.0909412718430005,-168.3384288676859,-466.601770851524
5172.522561901668,1.7974191402095058e-05,0.0012391214680853792,-5.090135361563009,-168.097143600246,-465.9944097436375
5173.176095429626,1.728867871298979e-05,0.0012506439461818148,-5.08932175322414,-167.85634934255611,-465.38685387085366
5175.421957956546,1.5007958986061743e-05,0.0012868881696681206,-5.086471345904846,-167.032678047302,-463.2974853185901
5177.667820483466,1.284842578946013e-05,0.0013181462943289237,-5.083545138088454,-166.21504497378967,-461.2057466229773
5178.321354011424,1.2243704120572469e-05,0.0013263447065416899,-5.082680996084852,-165.9782761972608,-460.5966106546267
5178.974887539382,1.1649846818010453e-05,0.0013341518836630115,-5.081811600493713,-165.7420347139032,-459.98727004177147
5181.220750066302,9.694064472701137e-06,0.0013580944355104849,-5.078787599159496,-164.93426458252955,-457.89170275605875
5183.466612593222,7.872894598545797e-06,0.0013777957296301256,-5.075714588786182,-164.13288657881216,-455.7936828260147
5184.1201461211795,7.368778943419759e-06,0.0013827754015995578,-5.074812520502308,-163.90090651389184,-455.182707116938
5184.773679649137,6.87639424389834e-06,0.0013874296458524075,-5.073907278878076,-163.66947800294372,-454.5715223056258
5187.019542176057,5.274762143089889e-06,0.0014010481999419623,-5.070775366321446,-162.87841431260725,-452.4695915954001
5189.265404702977,3.8139719910903026e-06,0.0014112278643419217,-5.067616730001256,-162.0939656897212,-450.3651832347974
5189.918938230934,3.4154819241081198e-06,0.0014135895154683733,-5.066693672534646,-161.8669472237398,-449.7523466565667
5190.572471758892,3.0288910525910724e-06,0.0014156945757149407,-5.0657691297791585,-161.64049447290463,-449.1393008274713
5192.818334285812,1.7913189311863077e-06,0.001421081291420268,-5.062583134539172,-160.86662273012408,-447.03097998238974
5195.064196812732,6.929295865747446e-07,0.001423844882965166,-5.059387987064361,-160.09948166469056,-444.9202008021776
5195.71773034069,3.9912723291982814e-07,0.001424201193771446,-5.058457342818987,-159.8775160320866,-444.3055160829946
5196.3712638686475,1.1677517422652707e-07,0.0014243689355740497,-5.057526502643482,-159.65612222072508,-443.6906251792214
5198.6171263955675,-7.673185503037867e-07,0.0014236141574565883,-5.054328069029188,-158.89967010570075,-441.5759917896227
5200.862988922488,-1.521773232708422e-06,0.0014210194021062857,-5.051133396710738,-158.14998137272437,-439.458951162046
5201.516522450444,-1.7176992633179381e-06,0.0014199604924203272,-5.050205064065792,-157.93309648272796,-438.84245543295384
5202.170055978402,-1.9033288458959235e-06,0.001418776369030227,-5.049277442113655,-157.71678351731234,-438.2257587904248
5204.415918505322,-2.4645777509055757e-06,0.001413850415987486,-5.046096384719473,-156.97778376908354,-436.1049632889226
5206.661781032242,-2.913117160652519e-06,0.001407790540076627,-5.042927663656074,-156.24552100964144,-433.9818322119726
5207.3153145602,-3.023607079722031e-06,0.0014058504681077801,-5.042008265924454,-156.0336993700834,-433.3635785191444
5207.968848088158,-3.125489641684222e-06,0.001403840259337454,-5.041090140467882,-155.82244569501643,-432.74513051348356
5210.214710615078,-3.412989901836847e-06,0.0013964812945395598,-5.0379454697586485,-155.1007962660261,-430.61836856934343
5212.460573141998,-3.6112503116567117e-06,0.0013885768538987931,-5.034817938804564,-154.38582009647615,-428.48935388570953
5213.114106669956,-3.6536396400637276e-06,0.0013862029945665504,-5.033911239851421,-154.17901526103591,-427.8694040537191
5213.767640197913,-3.689677038998193e-06,0.001383802595050431,-5.033006087234244,-153.97277207461983,-427.2492671328457
5216.013502724833,-3.7685959237990836e-06,0.0013754161787286122,-5.029907653715017,-153.26828990966922,-425.11675704847784
5218.2593652517535,-3.7871988791609157e-06,0.0013669202520836035,-5.026828177906503,-152.57039830330322,-422.98208098796124
5218.91289877971,-3.7830256584693394e-06,0.0013644468456853564,-5.02593566376313,-152.36854882261014,-422.36050008298844
5219.566432307668,-3.7751071429059165e-06,0.001361976345730581,-5.025044757088212,-152.16725368828997,-421.7387394199212
5221.812294834588,-3.7237275731435378e-06,0.001353550577125941,-5.021995434324592,-151.4797187420023,-419.600705227693
5224.058157361508,-3.6451370993760784e-06,0.0013452707559464927,-5.018964870790011,-150.79868644698337,-417.4605908114979
5224.711690889466,-3.6190779811425983e-06,0.0013428975542751774,-5.0180864702677805,-150.60172641350894,-416.83744333245255
5225.365224417424,-3.5922315387517497e-06,0.0013405405114586962,-5.017209613723952,-150.40531337146123,-416.21412321377244
5227.611086944344,-3.4985055196229473e-06,0.0013325797064315155,-5.014207921053038,-149.7344999118166,-414.0707837776819
5229.856949471264,-3.413356855286997e-06,0.0013248197653786377,-5.011223881699377,-149.07010415817163,-411.92544625268937
5230.510482999221,-3.392228649424714e-06,0.0013225966318783575,-5.010358794033713,-148.87796958679021,-411.30079407474096
5231.164016527178,-3.373365080990656e-06,0.001320385410176799,-5.009495160314986,-148.68637502717525,-410.67597603846264
5233.409879054098,-3.3308205569504764e-06,0.0013128655405211772,-5.006538208869216,-148.03206784110694,-408.52754012871804
5235.655741581018,-3.3335325514725728e-06,0.0013053904000582526,-5.003598095789099,-147.38409820735708,-406.3771842807924
5236.309275108976,-3.3448399954133627e-06,0.0013032089978184914,-5.0027456876474705,-147.1967286826209,-405.7510862857264
5236.962808636934,-3.361513186921744e-06,0.0013010173353054687,-5.001894720050864,-147.00989243540977,-405.1248289333223
5239.208671163854,-3.464385853379715e-06,0.0012933674290120723,-4.998981344083103,-146.37188625244906,-402.97149594272446
5241.454533690774,-3.647989054311559e-06,0.0012853958300109557,-4.996085509992016,-145.74013731873845,-400.8163188469891
5242.108067218732,-3.7184826021358516e-06,0.001282989705692785,-4.995246236979854,-145.5574725710272,-400.1888320911597
5242.7616007466895,-3.7971805041012143e-06,0.001280533828460576,-4.994408570464454,-145.37533390349608,-399.56119241527557
5245.00746327361,-4.13476184126431e-06,0.001271647876774065,-4.991542480278735,-144.75341520452994,-397.4031581028912
5247.25332580053,-4.584946792278212e-06,0.001261877317694259,-4.988697340072218,-144.13766153202226,-395.24335658943824
5247.9068593284865,-4.738713770144108e-06,0.0012588317021998516,-4.9878736402096155,-143.9596328821299,-394.6145387795078
5248.560392856444,-4.903169534429858e-06,0.0012556812992946444,-4.987051988032006,-143.78212137780122,-393.98557476878045
5250.806255383364,-5.55339733229436e-06,0.0012439651597642239,-4.984244754522526,-143.17603276797973,-391.8230411447045
5253.052117910284,-6.3418329449679e-06,0.0012306335001125129,-4.981465647969824,-142.5759868190589,-389.65882299452267
5253.705651438242,-6.598427252459672e-06,0.001226406083793111,-4.980662747096728,-142.4025037553305,-389.0287359663911
5254.3591849662,-6.867480343049196e-06,0.0012220063911889448,-4.979862692166233,-142.22952537798207,-388.39851017509943
5256.60504749312,-7.889861219767183e-06,0.001205463855822517,-4.977136347699567,-141.63891387667968,-386.23169839657385
5258.85091002004,-9.066898971531202e-06,0.0011864515245167291,-4.974449928904252,-141.0541687261361,-384.06329605814886
5259.504443547998,-9.439056645484743e-06,0.001180405301286322,-4.973676491087985,-140.88510124929348,-383.4320098935905
5260.157977075955,-9.824604616056908e-06,0.0011741113580953466,-4.9729071144172465,-140.71652027172922,-382.8005936052666
5262.403839602875,-1.1252642081262779e-05,0.0011504728065453455,-4.970296132539923,-140.14087220290938,-380.62975857252013
5264.6497021297955,-1.2839626305082761e-05,0.0011234485928807265,-4.9677420414655495,-139.57083227711672,-378.4574440429043
5265.303235657752,-1.3331138781397661e-05,0.0011148975416133376,-4.967010591996773,-139.4059900615705,-377.8250414233337
5265.95676918571,-1.3835752656505013e-05,0.0011060213410272858,-4.966284865356144,-139.24160795677497,-377.19251900605144
5268.20263171263,-1.5669178662951938e-05,0.001072917051250273,-4.963837265552063,-138.68017459057802,-375.0179642687265
5270.44849423955,-1.7650717178588217e-05,0.001035528818542421,-4.9614688240053155,-138.12397918196802,-372.84206375659255
5271.102027767508,-1.8254072726488455e-05,0.0010237966560024756,-4.960795869536239,-137.9630890488969,-372.2086441561039
5271.755561295466,-1.886890842166041e-05,0.0010116673437252997,-4.960130736751479,-137.80262189031143,-371.5751172146557
5274.001423822386,-2.1066189358478646e-05,0.0009668453319775443,-4.9579080543343865,-137.2543415474069,-369.39720886352427
5276.247286349306,-2.3382932953202212e-05,0.000916954380959294,-4.955791728064234,-136.7107874290697,-367.21811597503387
5276.900819877263,-2.4077410420311035e-05,0.0009014457758351208,-4.955197499377432,-136.55347108686223,-366.5837993420126
5277.55435340522,-2.4780076320831084e-05,0.0008854821758767601,-4.95461357220364,-136.39652746457992,-365.94939032417557
5279.80021593214,-2.7251828259760718e-05,0.0008270671820630978,-4.952689443162145,-135.85995136878694,-363.76856875833187
5282.0460784590605,-2.9794422667959985e-05,0.0007630214219704268,-4.950902829129753,-135.3274223820348,-361.58675521340325
5282.699611987018,-3.054431688132643e-05,0.0007433039778260597,-4.950410578628694,-135.17317683244627,-360.95168487617616
5283.353145514976,-3.12974206581715e-05,0.0007230976202444265,-4.949931380447136,-135.01923873034016,-360.31653987956634
5285.599008041896,-3.390143971591835e-05,0.0006498839563956839,-4.948388521780295,-134.49246935927025,-358.13332866678394
5287.844870568816,-3.6506392796761086e-05,0.0005708209748820261,-4.947016659319222,-133.96888222834173,-355.9493518985435
5288.498404096774,-3.726011925567004e-05,0.0005467150721904487,-4.946651458608172,-133.81706561966305,-355.3136965316282
5289.1519376247315,-3.8010190329379695e-05,0.0005221206699085586,-4.946302163267909,-133.6654750716396,-354.67798715778486
5291.397800151652,-4.054889731195999e-05,0.00043388729243322243,-4.945227583959357,-133.14612695471405,-352.4929985354087
5293.643662678572,-4.2997187715029754e-05,0.00034005385968274593,-4.9443574531640415,-132.6289036332502,-350.30750581048926
5294.2971962065285,-4.368698106906569e-05,0.00031172608721742823,-4.944144456832598,-132.47872961553435,-349.6714603682835
5294.950729734486,-4.4364552223934485e-05,0.00028295502797638547,-4.943950091600343,-132.32868421714468,-349.0353845336559
5297.196592261406,-4.658571550409225e-05,0.00018078635088672397,-4.943428450719823,-131.8138778877533,-346.84932124790134
5299.442454788326,-4.860502473122962e-05,7.385591464677763e-05,-4.943141613770819,-131.2999552759766,-344.6630499668434
5300.095988316284,-4.91480265174181e-05,4.1910349305544664e-05,-4.943103784492903,-131.1504990226633,-344.02683546867985
5300.749521844242,-4.966859030539526e-05,9.621297697617954e-06,-4.943086896026465,-131.00105946140448,-343.39061704464785
5302.995384371162,-5.1270210363275656e-05,-0.00010378783343405184,-4.943192034765512,-130.4874593897695,-341.20426997333743
5305.241246898082,-5.2541643703582926e-05,-0.00022042320604813675,-4.9435554976697995,-129.9733470796969,-339.018043343063
5305.894780426039,-5.284208301317796e-05,-0.00025486308531100693,-4.943710825313516,-129.8235660261463,-338.38190521305467
5306.5483139539965,-5.3108716838687144e-05,-0.00028948385362403994,-4.943888646117947,-129.6736786511453,-337.7457921658534
5308.794176480917,-5.374889220140196e-05,-0.0004095655854436387,-4.944673460303769,-129.15758526417412,-335.5600323098476
5311.040039007837,-5.391896635977288e-05,-0.000530557171781668,-4.945728983255332,-128.63948087162464,-333.3747484534552
5311.693572535794,-5.3872199382386085e-05,-0.0005657845097736546,-4.946087276570252,-128.48825282623807,-332.73895273932925
5312.347106063752,-5.3779514055259116e-05,-0.0006009617496425565,-4.946468476138016,-128.33678984820614,-332.1032130392937
5314.592968590672,-5.309196160385943e-05,-0.0007210859784998498,-4.947953462892547,-127.81429398925077,-329.9189749173596
5316.838831117592,-5.179043924371354e-05,-0.0008389766130658973,-4.949705723978379,-127.28826343285729,-327.73558569531025
5317.49236464555,-5.1288440644089055e-05,-0.0008726647900739683,-4.950265106433674,-127.13444398986653,-327.1004119285308
5318.145898173508,-5.0728554214861476e-05,-0.0009060016472207083,-4.950846264957301,-126.98026313590056,-326.4653259212139
5320.391760700428,-4.834418791208487e-05,-0.00101739422819268,-4.953007266524374,-126.4474683737766,-324.2835773201916
5322.637623227348,-4.520803126121106e-05,-0.0011225876413493482,-4.955411479275476,-125.90969503069476,-322.10305096600155
5323.291156755305,-4.414695126658529e-05,-0.0011517917199525517,-4.956154778588452,-125.75219512275675,-321.46877978990585
5323.944690283262,-4.301695705594342e-05,-0.0011802760825917157,-4.956916779460906,-125.59421943830016,-320.83462709058995
5326.190552810182,-3.8591538690307534e-05,-0.0012720798860238088,-4.959672649879483,-125.04753342674863,-318.65631802314726
5328.4364153371025,-3.329479970165285e-05,-0.0013529663750144899,-4.962622439626314,-124.49463540880399,-316.47957782045125
5329.08994886506,-3.158392507566507e-05,-0.001374172528026045,-4.963513720050933,-124.33251838675187,-315.84647103096626
5329.743482393018,-2.9795317385842416e-05,-0.0013942324512709393,-4.9644183167926546,-124.16983538910841,-315.21350955955126
5331.989344919938,-2.304264949911278e-05,-0.0014537452364569799,-4.96761943972184,-123.60632608933211,-313.03949209787277
5334.235207446858,-1.5331524336711493e-05,-0.001497016176239934,-4.970935981709164,-123.03573511346164,-310.8673228300446
5334.888740974815,-1.290394512977437e-05,-0.0015062482025494364,-4.97191752448964,-122.86833099842201,-310.2355934878628
5335.542274502773,-1.0393124795133519e-05,-0.0015138653206210806,-4.972904393346409,-122.70030862009791,-309.6040283568577
5337.788137029693,-1.1225812778825501e-06,-0.0015269834317729481,-4.976323163841978,-122.11811497024578,-307.4349400340996
5340.033999556613,9.145876115691097e-06,-0.0015181605879452755,-4.979746757627506,-121.52850390624891,-305.2678562019463
5340.6875330845705,1.2321972367880414e-05,-0.001511150402697225,-4.980736842010909,-121.35553658516156,-304.6376273980109
5341.341066612528,1.5582048053939348e-05,-0.0015020378851975686,-4.98172147695192,-121.18195147132921,-304.0075684165632
5343.586929139448,2.7425656441431668e-05,-0.0014539255198538555,-4.985046003581038,-120.58073169063547,-301.8436765419642
5345.832791666368,4.024348618898048e-05,-0.0013781200546264176,-4.988231379004104,-119.97247165955535,-299.6817527395917
5346.486325194326,4.415304278174374e-05,-0.0013505454705376105,-4.989123246474408,-119.79419304546528,-299.0530058062946
5347.139858722284,4.814142591669845e-05,-0.001320393343984145,-4.989996081198515,-119.61536505343824,-298.4244147339657
5349.385721249204,6.243850069795367e-05,-0.0011963830854118522,-4.992828441035257,-118.99676018106693,-296.26542838669593
5351.631583776124,7.760863764998219e-05,-0.0010392831735372568,-4.995345133473123,-118.37238309037359,-294.1081036259463
5352.285117304081,8.217906223211908e-05,-0.0009870712781155885,-4.996007523264641,-118.1897069527984,-293.48062027796374
5352.938650832039,8.681601283235585e-05,-0.000931856762725125,-4.996634666885104,-118.00663245090644,-292.8532528149344
5355.184513358959,0.00010323703101362235,-0.000718568081560242,-4.998495026240134,-117.37471897610243,-290.698123747726
5357.430375885879,0.00012034103036925897,-0.00046763311009512324,-4.999834094342384,-116.739358545921,-288.5440077193161
5358.083909413836,0.0001254333017524091,-0.00038732106783783495,-5.0001137104609885,-116.55398607377731,-287.9173156154854
5358.737442941794,0.00013057203817726573,-0.0003036749046938428,-5.000339651374191,-116.3684620729318,-287.29066823601124
5360.983305468714,0.00014855157882480134,9.687271891506448e-06,-5.000677420138992,-115.73016619111007,-285.1374202833321
5363.229167995634,0.00016692896741945756,0.00036387578096631825,-5.000265575368916,-115.09195006763468,-282.98414871085356
5363.882701523591,0.00017233293580906116,0.0004747394991032859,-4.99999177392553,-114.90647923901997,-282.35748558484613
5364.536235051549,0.00017775519749002773,0.0005891289169017011,-4.999644329080997,-114.72121045326735,-281.7307629792681
5366.782097578469,0.00019648193529069337,0.0010093678281660376,-4.997857202540769,-114.08665703504116,-279.5764088330364
5369.027960105389,0.00021522825621049372,0.0014716864086050593,-4.995079024601302,-113.45702337955173,-277.420613462206
5369.681493633347,0.00022066357330421664,0.0016141289391865977,-4.994070878823938,-113.27503443562354,-276.7929300402286
5370.335027161304,0.00022608164802169394,0.0017601035284025306,-4.992968526648812,-113.09371556247096,-276.16505383107415
5372.5808896882245,0.00024451111398808903,0.0022886290760344165,-4.988429732262298,-112.4764852282468,-274.00567329634185
5374.826752215145,0.00026250125041174017,0.0028580513337928683,-4.9826580179594595,-111.87039646147565,-271.8431440795621
5375.480285743102,0.000267626438767388,0.0030312903964265104,-4.980733719173445,-111.69650529995829,-271.21316874904244
5376.13381927106,0.0002726928929945611,0.003207843526912063,-4.978695248081377,-111.52387017659784,-270.58285050520595
5378.37968179798,0.00028958945775186347,0.003839426547332718,-4.970788549695263,-110.94113429636853,-268.413909143355
5380.6255443249,0.00030553178845319574,0.004507885390121369,-4.961421993657142,-110.37715450707582,-266.24002502993517
5381.279077852857,0.00030996208664305525,0.004709022402185583,-4.958410284130396,-110.21702344433967,-265.6064116183859
5381.932611380815,0.00031428883265558963,0.004913003935589667,-4.955266420281899,-110.05885009840672,-264.972310969876
5384.178473907735,0.0003282967882929511,0.00563486292151654,-4.943427464855097,-109.53134222669743,-262.7892853251122
5386.424336434655,0.00034081131656056997,0.006386504833804927,-4.92993386920295,-109.03152985342948,-260.5997687939917
5387.077869962613,0.000344142444326609,0.006610341651450018,-4.9256869118708835,-108.89182017312396,-259.9613408879105
5387.73140349057,0.0003473244675498692,0.006836290062281619,-4.9212933028123445,-108.7548754623829,-259.3223208043926
5389.97726601749,0.0003570514045199938,0.007627634450760598,-4.9050549730032476,-108.30663714175542,-257.1216599114094
5392.22312854441,0.00036475488457634074,0.008438551999453743,-4.887017413172644,-107.89618089332069,-254.91366354703197
5392.876662072367,0.00036658793652374894,0.008677549183761448,-4.881424317433096,-107.78442423070804,-254.269753149251
5393.530195600325,0.0003682287214325435,0.008917666298149206,-4.875675079284086,-107.67632425140641,-253.62522791723046
5395.776058127245,0.00037233411469316733,0.00974973670847578,-4.85471406750478,-107.33413642329508,-251.40561703870628
5398.021920654165,0.0003739322356052337,0.010588211773178448,-4.831877147984526,-107.0406360055413,-249.1790761474205
5398.675454182123,0.0003739015056149897,0.010832598657150262,-4.824877304674882,-106.96499429981125,-248.52993090689205
5399.328987710081,0.00037364094464076666,0.011076877991052015,-4.817718278342614,-106.89394975423643,-247.88027795180838
5401.574850237001,0.000370936189373138,0.011913530060816456,-4.791899883610228,-106.6863404136188,-245.64408050791872
5403.820712763921,0.00036532941539565994,0.012740848854544396,-4.764212963973734,-106.5386213298913,-243.40316737949786
5404.474246291878,0.00036313417528153693,0.012978906004421809,-4.755808254372058,-106.5075036222431,-242.7503706347265
5405.127779819836,0.00036068116357422476,0.01321543622749845,-4.747249022141957,-106.48191904200779,-242.09734687100985
5407.373642346756,0.000350244596639564,0.014014348438939393,-4.716666794737139,-106.43764710481535,-239.85199285544573
5409.619504873676,0.0003366478222174926,0.014786272860005441,-4.684320625767888,-106.46402736492036,-237.60639891514916
5410.273038401633,0.00033208800551857287,0.015004811222832143,-4.674585432494825,-106.48554424954987,-236.95321520161076
5410.926571929591,0.0003272560076742063,0.015220278432721562,-4.664709007819475,-106.51345452642416,-236.30028738131165
5413.172434456511,0.0003085569671058594,0.01593485802762069,-4.629715391657404,-106.65943680674744,-234.0592736913721
5415.418296983431,0.0002866235639825829,0.0166038101811877,-4.593168164440987,-106.88545790111546,-231.82495482007485
5416.071830511389,0.00027963532443492963,0.016788859096855697,-4.582255999062736,-106.96672738735282,-231.1764902122036
5416.7253640393465,0.00027237794678778367,0.016969257944240417,-4.571224997379892,-107.05509037797756,-230.52896727139517
5418.9712265662665,0.00024539581441454923,0.017551259020924914,-4.532448840756186,-107.41387838195703,-228.31207792091246
5421.217089093187,0.00021533210697153698,0.0180692015406294,-4.492437523080048,-107.85967855164972,-226.11107227369533
5421.870622621143,0.00020602034594453895,0.01820689468336076,-4.480583080695579,-108.00604965274982,-225.4741384683971
5422.524156149101,0.00019646306119507542,0.01833843506662521,-4.468641189873589,-108.15996773058805,-224.83899691317214
5424.770018676021,0.00016179120468700863,0.018741230016788315,-4.426988139764437,-108.74707706033486,-222.671391215261
5427.015881202941,0.00012444758320571546,0.019063156535264133,-4.384521277260846,-109.42478867334844,-220.53040926015143
5427.669414730899,0.00011310912180743417,0.019140784630737043,-4.372036844842558,-109.6391082733644,-219.91301686679404
5428.322948258857,0.00010157113691161762,0.019210958764796886,-4.359504544058791,-109.86111022782154,-219.29835142606686
5430.568810785777,6.0478767608123514e-05,0.01939330344686166,-4.316136919246511,-110.68269692056123,-217.2083467867813
5432.814673312697,1.7389242907874075e-05,0.019481117648332335,-4.272465924577803,-111.59441446760871,-215.1560673662817
5433.468206840655,4.519821080887192e-06,0.019488271461996096,-4.259731377223082,-111.87650365827099,-214.5665520714116
5434.121740368612,-8.481674270452908e-06,0.019487000176561693,-4.246995190513513,-112.1660549969534,-213.9806660730057
5436.367602895532,-5.405466862345672e-05,0.01941697938507578,-4.203289311922107,-113.217522897506,-211.9963537747223
5438.6134654224525,-0.00010071351600442324,0.01924338857502027,-4.159856992414209,-114.3544114925392,-210.0597060445706
5439.266998950409,-0.00011443891337440517,0.01917307061053946,-4.147303178426975,-114.70090996087524,-209.50559642491896
5439.920532478367,-0.0001282115971170429,0.019093800843857145,-4.1347983454631185,-115.05430532799205,-208.9558524350343
5442.166395005287,-0.00017576304631675157,0.018752460616530707,-4.092279605508769,-116.32032361285303,-207.10105090484862
5444.412257532207,-0.0002233273355783205,0.018304311952838992,-4.050647407312294,-117.66324556059158,-205.30111283653088
5445.065791060165,-0.0002371085793621983,0.018153836561913144,-4.038733602187017,-118.06791003629338,-204.78794448789134
5445.719324588123,-0.0002508432880128264,0.017994405169325715,-4.026920963390809,-118.47862197777066,-204.27958779275545
5447.965187115043,-0.000297537603602156,0.0173784031883034,-3.987180337722402,-119.93470674657874,-202.5699160766531
5450.211049641963,-0.000343120897258825,0.016658779794941386,-3.948939527543158,-121.4563507642721,-200.91826347837284
5450.86458316992,-0.00035611492462101244,0.01643026746079414,-3.938126765739722,-121.91076887167283,-200.44858619511808
5451.518116697877,-0.0003689688828920526,0.016193342473910903,-3.927465791223169,-122.37019918857936,-199.9837876435703
5453.763979224797,-0.0004119276106914035,0.015316041498663507,-3.8920653202775397,-123.98555524431465,-198.42368967223157
5456.009841751717,-0.0004527069224063677,0.014344708460904625,-3.8587407382598076,-125.6535906271441,-196.91996807402182
5456.663375279675,-0.0004641079366211497,0.014045095432347044,-3.849463689695182,-126.14814049544663,-196.49275377122655
5457.316908807633,-0.0004752838686366288,0.013738134231147607,-3.8403843639347626,-126.64659243361358,-196.07007060652427
5459.562771334553,-0.0005118431376930038,0.012629076816364312,-3.810761084689008,-128.3875059126255,-194.65138934786955
5461.808633861473,-0.0005452946206063185,0.011441402139415892,-3.7837168777128487,-130.16795257067005,-193.28256078258858
5462.462167389431,-0.0005543986951930902,0.01108202943010636,-3.776356933465489,-130.69275996152533,-192.89311274680193
5463.1157009173885,-0.0005632073866185686,0.01071682609052588,-3.769233119705723,-131.22037950060644,-192.50745410797617
5465.361563444309,-0.0005911212190255569,0.009419877929614694,-3.7466100568996556,-133.05328558658027,-191.20974161952626
5467.607425971229,-0.0006152067779639753,0.008064538026480847,-3.7269653312804025,-134.9132440646163,-189.95102460534173
5468.260959499185,-0.0006214632870770732,0.0076604068587519175,-3.7218270756451757,-135.45889853173878,-189.59136294935934
5468.914493027143,-0.0006273742239126528,0.0072523142169549255,-3.716953482626849,-136.00635276355496,-189.2344224388208
5471.160355554063,-0.00064498018469179,0.005822745389513557,-3.7022645901094764,-137.89984670300265,-188.02676639643644
5473.406218080983,-0.000658299415671911,0.004358449697417213,-3.6908253085333067,-139.80898232941334,-186.8439323741125
5474.059751608941,-0.0006613525326414792,0.003927205812516897,-3.6881181228091116,-140.36686435253804,-186.5035398769474
5474.713285136899,-0.0006640334489519123,0.003494093519958866,-3.6856925773831093,-140.9256221547114,-186.164572910022
5476.959147663819,-0.00067037504815022,0.0019948109625180363,-3.6795271854113816,-142.85106078124463,-185.00848141535468
5479.205010190739,-0.0006722629224667076,0.0004862872719856225,-3.676739353109931,-144.78166519080776,-183.861015117484
5479.858543718696,-0.0006719746888559266,4.701422403319818e-05,-3.6765655141307754,-145.3438668483343,-183.5277982817561
5480.5120772466535,-0.000671312705475744,-0.0003919523286864948,-3.6766778484900042,-145.90607917266894,-183.19459924323428
5482.7579397735735,-0.0006661937200001951,-0.0018946896922761097,-3.6792486510470597,-147.83687653234594,-182.04745789231225
5485.003802300494,-0.000656749002200717,-0.003381073018146442,-3.685176030676561,-149.76277302150666,-180.892128295358
5485.657335828451,-0.0006532031972712476,-0.0038091368790532797,-3.6875260830840837,-150.3217180988303,-180.55347042614792
5486.310869356409,-0.0006493063838923951,-0.004234781490942704,-3.690154341851487,-150.87981532632676,-180.2134304542331
5488.556731883329,-0.0006332826611805194,-0.005675774496735109,-3.70129077403731,-152.7899174119929,-179.03215748672855
5490.802594410249,-0.0006133388290236722,-0.007076378410695209,-3.7156181242424724,-154.6847998034756,-177.8266783632022
5491.456127938207,-0.0006068286093481714,-0.007475096961363092,-3.7203736616894316,-155.23275056818298,-177.47050095393934
5492.109661466165,-0.0006000123788824296,-0.007869481321140766,-3.725387698480631,-155.77894977782054,-177.11166633610526
5494.355523993085,-0.0005743326077471787,-0.00918880214865597,-3.7445544595140046,-157.64118371108393,-175.85631674944995
5496.601386520005,-0.0005453821398498555,-0.010446776972831194,-3.7666153464098375,-159.47711071773344,-174.56287589724658
5497.254920047962,-0.0005363854448760648,-0.010800263997048875,-3.773558800442674,-160.00577197629494,-174.17864710238032
5497.908453575919,-0.0005271464481073554,-0.011147818899916472,-3.7807308088524922,-160.5317036428029,-173.79071766283326
5500.154316102839,-0.0004936556557687662,-0.012294562901669475,-3.807069578423753,-162.31670217404746,-172.42782643671606
5502.4001786297595,-0.0004577422458428297,-0.013363370754884127,-3.8358962604387705,-164.0633967628949,-171.01626009382483
5503.053712157717,-0.0004468881706825549,-0.013658968225392814,-3.8447268771444234,-164.56379246780472,-170.59588057642824
5503.707245685675,-0.0004358699607990931,-0.013947449516916725,-3.853747996840581,-165.0604146350471,-170.17107598556268
5505.953108212595,-0.00039688188918072853,-0.01488284167326629,-3.886139121955325,-166.73662883314313,-168.67647008575216
5508.198970739515,-0.00035645613756298,-0.015729057564753124,-3.920530870446213,-168.36197949728538,-167.1267760966107
5508.852504267472,-0.0003444794743465951,-0.0159580880130352,-3.930885739059797,-168.82469264189172,-166.6652461128577
5509.50603779543,-0.000332424897016872,-0.01617929835884975,-3.94138756233245,-169.282571680191,-166.19894142421322
5511.75190032235,-0.00029054388124717895,-0.01687892472211514,-3.978527362673265,-170.81754842216316,-164.55966280442667
5513.99776284927,-0.0002482608141910978,-0.017484040605515012,-4.017132298873614,-172.28933641317977,-162.86347839188363
5514.6512963772275,-0.00023593820267044894,-0.017642243964752533,-4.028610879385954,-172.7050896175085,-162.3592365080681
5515.304829905185,-0.0002236240292039805,-0.017792427844437367,-4.04019024710947,-173.11501202296512,-161.85025816695423
5517.550692432105,-0.0001815056447838255,-0.018247251312630667,-4.080677910218731,-174.4777143668669,-160.06523757057286
5519.796554959025,-0.00013997131294042874,-0.01860813853045826,-4.122081560359259,-175.76620054976019,-158.2259623103905
5520.450088486983,-0.00012804650785846558,-0.0186956982432326,-4.134271586103617,-176.1266455145443,-157.68081419340925
5521.103622014941,-0.00011620845360859168,-0.018775519917531406,-4.146516491911851,-176.48041885134208,-157.1313211424137
5523.349484541861,-7.630867634550642e-05,-0.018991434423877688,-4.188942654470496,-177.64403106756987,-155.2106002420118
5525.595347068781,-3.784619612564637e-05,-0.019119353501421046,-4.231754918509916,-178.72475858903275,-153.24206401542514
5526.248880596738,-2.6966339904589174e-05,-0.019140511556517886,-4.244257225305328,-179.02327546265374,-152.66069408030637
5526.9024141246955,-1.6237809949735188e-05,-0.01915462962708809,-4.2567713838257,-179.31451597358412,-152.07564684231102
5529.148276651616,1.938072752389825e-05,-0.019150707203104772,-4.299800173993756,-180.25902247508105,-150.03824112500664
5531.394139178536,5.2898636435775263e-05,-0.01906914930203062,-4.342732975632392,-181.11512924648318,-147.96213668329017
5532.047672706493,6.222674734945833e-05,-0.01903151038787358,-4.355183141799812,-181.34743660401688,-147.35129029568662
5532.701206234451,7.135676448225614e-05,-0.018987853816580445,-4.367607169119338,-181.57214834278278,-146.73760564789168
5534.947068761371,0.00010115418089867015,-0.01879366076437361,-4.410045204093222,-182.28606015626656,-144.60841709148326
5537.192931288291,0.00012841296455092514,-0.018535397521335418,-4.451975161747821,-182.90956376636433,-142.45100445532012
5537.846464816248,0.0001358505598409502,-0.01844902748948803,-4.464060470854488,-183.07400336953944,-141.81850375435525
5538.499998344206,0.00014306298201052382,-0.018357876731334963,-4.476088256584037,-183.23082280999103,-141.18406365715308
5540.745860871126,0.00016609647040263816,-0.01801019923286151,-4.516936211915384,-183.71170115494508,-138.99045701570134
5542.991723398046,0.00018639060698641242,-0.01761386778973114,-4.556948696345906,-184.10353928099147,-136.7791835104823
5543.645256926004,0.00019177679461709248,-0.017490281068473452,-4.568419501474901,-184.20099857550449,-136.13296550410186
5544.298790453961,0.00019693045302297818,-0.017363249731596305,-4.57980891405447,-184.29107897165483,-135.48566823910724
5546.544652980881,0.00021286318167950077,-0.016902570880966954,-4.6182932009006175,-184.54485458600308,-133.25434079412128
5548.7905155078015,0.00022607748933427388,-0.01640916191202643,-4.65570611270608,-184.71380455170114,-131.01496212599514
5549.444049035759,0.00022941886707232643,-0.01626031049627515,-4.666381275258522,-184.7473345154178,-130.36229737890693
5550.097582563717,0.00023253754405885913,-0.016109341830954985,-4.676958947059203,-184.77393631220548,-129.70930311548832
5552.343445090637,0.00024157882219337477,-0.015576471254790713,-4.712543209132017,-184.8133127438274,-127.46391636637382
5554.589307617557,0.00024810621904122515,-0.01502611812675808,-4.746911085442062,-184.77415375508878,-125.21849396499267
5555.242841145514,0.00024954897516998083,-0.014863494426858994,-4.756677833400894,-184.74839860496925,-124.56547593339616
5555.896374673472,0.0002507923720313226,-0.01469998251087134,-4.766338442065781,-184.7163061243549,-123.91272823416108
5558.142237200392,0.00025358607839701184,-0.014133192479611823,-4.7987168321318725,-184.5586797979712,-121.67251390416179
5560.388099727312,0.00025420137542664286,-0.013562574371862448,-4.829817991039352,-184.33004376896176,-119.43839927797428
5561.0416332552695,0.0002539924993972789,-0.01339651040488154,-4.8386271122651605,-184.2506114865968,-118.78971804794696
5561.695166783227,0.0002536162357834727,-0.013230624725687569,-4.847328125779619,-184.16550376294143,-118.14174734636718
5563.941029310147,0.00025110029690684344,-0.012663532177946345,-4.876404055384082,-183.83082458210527,-115.92105212798134
5566.186891837067,0.00024681804868141154,-0.012104073527036862,-4.904214945427689,-183.43312461819647,-113.71074601284717
5566.840425365024,0.0002452642455017367,-0.011943277112397373,-4.912072599234905,-183.30600303915918,-113.0697013801017
5567.493958892982,0.00024357952715438775,-0.011783525078394171,-4.9198257925636,-183.1738795155159,-112.4296605108131
5569.739821419902,0.0002368501144533099,-0.011243787569697182,-4.9456807747734315,-182.68276350757847,-110.23822621730623
5571.985683946822,0.00022879536198722352,-0.010720651662270545,-4.970342223195193,-182.1364557556274,-108.05987170160233
5572.63921747478,0.00022622708379653532,-0.01057196736244757,-4.977299727331837,-181.96753773597482,-107.42855068418223
5573.2927510027375,0.00022356501115964092,-0.010424978579812439,-4.984160819334744,-181.79425759729412,-106.79840595215737
5575.538613529658,0.00021376037676116918,-0.00993372493067044,-5.007017934993475,-181.16651724834892,-104.64211506511015
5577.784476056578,0.00020306183863211244,-0.009465494934959707,-5.0287976164706185,-180.49080884048584,-102.50035239497713
5578.438009584535,0.00019980383017482791,-0.00933385525461208,-5.03494041901913,-180.2855499958597,-101.87989314089498
5579.091543112493,0.00019648716323150675,-0.009204351550085286,-5.040998016855767,-180.07650476599036,-101.26069373391589
5581.337405639413,0.00018469615155215901,-0.00877621519047751,-5.061183896111194,-179.3301369076548,-99.1425249696152
5583.583268166333,0.00017240449483290547,-0.008375122012122056,-5.080438607593854,-178.54214248764845,-97.03947232378546
5584.23680169429,0.00016875406452964694,-0.008263647095096801,-5.085875426915308,-178.3053462166651,-96.43035032912023
5584.890335222248,0.0001650759255972574,-0.00815455625629072,-5.091240233873647,-178.06525792997434,-95.82251408996184
5587.136197749168,0.00015227209059141334,-0.007798165601092875,-5.1091486278004234,-177.2158469196285,-93.74351251750628
5589.382060276088,0.00013930450688485053,-0.0074707144776709035,-5.126289114414724,-176.3301318146678,-91.67970520957212
5590.035593804046,0.00013551720215198166,-0.007380916660048733,-5.1311419831647385,-176.06584079823367,-91.08199848009457
5590.689127332003,0.00013172806574217934,-0.007293585934065139,-5.135936977393348,-175.7986638974588,-90.48557302754921
5592.9349898589235,0.00011873112328776475,-0.0070123578358847905,-5.151996128825444,-174.85911914249803,-88.44571181429126
5595.1808523858435,0.00010584294297874634,-0.006760196951313998,-5.16745632109322,-173.88754245236802,-86.42090352935978
5595.8343859138,0.00010212631466587467,-0.006692244367736767,-5.1718520092122775,-173.5990109281468,-85.8345133623653
5596.487919441758,9.842812040994226e-05,-0.006626708095539189,-5.176204038652289,-173.3079120945517,-85.24939123746478
5598.733781968678,8.588997656044642e-05,-0.006419790810448313,-5.190849156613146,-172.28845189597075,-83.24826622465635
5600.979644495598,7.36685132802465e-05,-0.006240676862274357,-5.205060788033493,-171.2402241423863,-81.2620537434095
5601.633178023556,7.01814394038446e-05,-0.0061936761480213855,-5.209123826446494,-170.92994693878873,-80.68687330621661
5602.286711551514,6.672788850248383e-05,-0.006148938668813417,-5.213156816144409,-170.61733924756408,-80.11295471791333
5604.532574078434,5.5136824374333644e-05,-0.0060121800231659256,-5.226808142261277,-169.52564357285527,-78.15029938666633
5606.778436605354,4.4010884108881754e-05,-0.005900931011964164,-5.240180972826687,-168.40752780784135,-76.20257117545883
5607.431970133312,4.086741578265311e-05,-0.005873199955720009,-5.2440282988236255,-168.07730672307977,-75.63860400051514
5608.085503661269,3.7767751440715695e-05,-0.005847505837892788,-5.247858072932092,-167.74491927621298,-75.07591009289084
5610.331366188189,2.7464541742951595e-05,-0.005774359698445361,-5.260904416566741,-166.58639114054805,-73.15194615751818
5612.577228715109,1.772365652110661e-05,-0.00572372169983092,-5.273811759122834,-165.4029939093889,-71.24317646887134
5613.230762243066,1.4998875163115228e-05,-0.0057130330092256855,-5.277548865845594,-165.0540270655258,-70.6906120590642
5613.884295771024,1.2324343668033023e-05,-0.005704106850515303,-5.281279454724277,-164.7029962596087,-70.13935622814941
5616.130158297944,3.5248526646604156e-06,-0.005686424904822119,-5.2940666701195775,-163.48108804337926,-68.25500759432799
5618.376020824864,-4.656903095570678e-06,-0.00568781173201231,-5.306835587216865,-162.23520213309877,-66.38642563266568
5619.029554352822,-6.9196110952252226e-06,-0.005691598088557506,-5.310553977230201,-161.86818619781414,-65.84568091652359
5619.68308788078,-9.128874941994247e-06,-0.005696844992901556,-5.3142752034502845,-161.49915892868813,-65.30630694107495
5621.9289504077,-1.630927157211378e-05,-0.005725530148037163,-5.327098862100009,-160.21573321601988,-63.463306905886554
5624.17481293462,-2.2849209782370143e-05,-0.005769622296110163,-5.340004244658771,-158.90870582682436,-61.63696998231462
5624.8283464625765,-2.4631501349230375e-05,-0.005785140529079136,-5.3437799534848756,-158.5239441066801,-61.10870474794359
5625.481879990534,-2.6359470469285867e-05,-0.005801805840756961,-5.347566061340504,-158.13718619524008,-60.58189971852522
5627.727742517454,-3.1883267665861195e-05,-0.005867327922026871,-5.360667508849646,-156.79288999112063,-58.78281753229959
5629.973605044374,-3.6768612168189354e-05,-0.00594453875393626,-5.373929235609318,-155.4249978053392,-57.00161208058764
5630.627138572332,-3.807094615874671e-05,-0.005968996566040398,-5.377822196298627,-155.0225092394576,-56.48672487417834
5631.28067210029,-3.9319977272871786e-05,-0.0059942886858448015,-5.3817312981084955,-154.6180142794965,-55.97341319939261
5633.52653462721,-4.320775772505764e-05,-0.006087077463541902,-5.395296337772016,-153.2126512603087,-54.22161992808012
5635.77239715413,-4.647677920697636e-05,-0.006187902837877195,-5.409078792819898,-151.7834685735755,-52.4892078140735
5636.425930682088,-4.731330434092331e-05,-0.006218552688773722,-5.413132838219335,-151.36309383525062,-51.988816910824966
5637.079464210045,-4.8098676831734836e-05,-0.006249733507825197,-5.417206977016877,-150.94068876629376,-51.49013980753908
5639.3253267369655,-5.041173406224442e-05,-0.006360463835276388,-5.431366513034683,-149.47357748142554,-49.78972713700541
5641.571189263886,-5.2137539237602154e-05,-0.0064757295275919375,-5.445779827048498,-147.9823261326597,-48.11044872168953
5642.224722791842,-5.253141035831242e-05,-0.0065099339232196456,-5.45002315117671,-147.543827687771,-47.625861121882124
5642.8782563198,-5.2877196439530246e-05,-0.006544381247447798,-5.45428880407851,-147.1032719943483,-47.143144381441644
5645.12411884672,-5.370360119731662e-05,-0.006664166743348515,-5.469120863401008,-145.57357971668668,-45.498804805269955
5647.36998137364,-5.398187187177085e-05,-0.006785192713828066,-5.484223337447701,-144.01945097559582,-43.87754561777212
5648.023514901598,-5.39622352307672e-05,-0.0068204670211087694,-5.488669266832291,-143.5626043065535,-43.41021580311417
5648.677048429556,-5.3898007679896674e-05,-0.006855715334213867,-5.493138144019748,-143.10368008281756,-42.944927464553224
5650.922910956476,-5.3343274501599484e-05,-0.006976234181509399,-5.508670811579864,-141.51072301937916,-41.361800760717756
5653.168773483396,-5.2284901589762804e-05,-0.0070949416215450355,-5.524472113817062,-139.89316241213868,-39.80382582616861
5653.822307011353,-5.188491421653256e-05,-0.007128982329810197,-5.529120080789236,-139.41783582586785,-39.3553053337985
5654.47584053931,-5.1444372080774134e-05,-0.007162749961223006,-5.5337901172842185,-138.9404261426354,-38.90900428054206
5656.7217030662305,-4.962731455522883e-05,-0.007276331478191532,-5.55000507240712,-137.28392732367857,-37.39249355942796
5658.9675655931505,-4.7356301224472915e-05,-0.00738532237258827,-5.566469961049122,-135.60287390238537,-35.90325255565088
5659.621099121108,-4.661312188524069e-05,-0.007416029588953214,-5.571306619890167,-135.10909448426185,-35.47513131395242
5660.274632649066,-4.583381459221364e-05,-0.007446241112039234,-5.576163106735809,-134.61324763689623,-35.04940775913465
5662.520495175986,-4.288763182359542e-05,-0.007545943563169824,-5.592999621476093,-132.89354428663938,-33.60496865585523
5664.766357702906,-3.9544103928166237e-05,-0.007638583101557631,-5.610052123049678,-131.14961637012777,-32.189876060948514
5665.419891230864,-3.8499899883931835e-05,-0.0076640860161484555,-5.615052601117515,-130.63761981192556,-31.783716845045852
5666.073424758822,-3.742482086725774e-05,-0.007688898550736259,-5.620069453742548,-130.12359720262427,-31.380126138813065
5668.319287285742,-3.350295172178115e-05,-0.007768607416031384,-5.637428888362462,-128.3417900833044,-30.013034734702394
5670.565149812662,-2.9250597482599454e-05,-0.007839137190333363,-5.654957030647754,-126.536410364339,-28.677231720516637
5671.218683340619,-2.795519507012191e-05,-0.00785783033092573,-5.660086355049702,-126.0066726886073,-28.29449994090043
5671.872216868576,-2.6635086785782196e-05,-0.007875671369789122,-5.665227564311631,-125.47497841266511,-27.91449203069942
5674.118079395496,-2.1920493519492796e-05,-0.007930242703594,-5.682978553535294,-123.63301690403952,-26.629600475502407
5676.363941922416,-1.6956082658008573e-05,-0.007973945181064633,-5.7008398974940135,-121.76847141956648,-25.37770909160915
5677.017475450374,-1.5469429310205618e-05,-0.007984540315705193,-5.706054676579308,-121.22172115972587,-25.01970129561063
5677.671008978332,-1.39655878764046e-05,-0.007994161271013258,-5.7112760244960565,-120.67311193692132,-24.66454935936935
5679.916871505252,-8.678452253963602e-06,-0.008019617866117938,-5.729260652496452,-118.77381086275709,-23.466042395447534
5682.162734032172,-3.236928671108061e-06,-0.008033026914385975,-5.747288923942861,-116.85323906782304,-22.301926915353913
5682.816267560129,-1.6301619303640006e-06,-0.00803461617180294,-5.752539367490279,-116.29044936450512,-21.96970263499808
5683.469801088087,-1.475526349961123e-08,-0.008035155890694909,-5.757790488176065,-115.72592440669496,-21.640435647438576
5685.715663615007,5.5882583683823194e-06,-0.00802890613041801,-5.7758316907185066,-113.77291228717597,-20.531605324588767
5687.961526141927,1.1238829354049754e-05,-0.008010019368148066,-5.79384466667392,-111.80022978894455,-19.458159240253725
5688.615059669884,1.2885940923437814e-05,-0.008002134419044666,-5.799076969635014,-111.22259124532599,-19.152481745037385
5689.268593197842,1.453238276222709e-05,-0.007993176688889143,-5.804303770312974,-110.64336308756863,-18.849826593268727
5691.514455724762,2.0170727879490522e-05,-0.007954195829334201,-5.822213930336405,-108.6409668454513,-17.83288478359818
5693.760318251682,2.57468162419876e-05,-0.007902621931822836,-5.840022403592064,-106.62072825461088,-16.85186312373272
5694.41385177964,2.7351753577599288e-05,-0.007885268843029694,-5.845181413091504,-106.0296051977047,-16.57315473850076
5695.067385307598,2.8947064429399705e-05,-0.007866873190844005,-5.850328761783319,-105.4370543535312,-16.297493488732997
5697.313247834518,3.434165328010895e-05,-0.007795773755429701,-5.8679190708757885,-103.39013197302911,-15.373440804499621
5699.559110361438,3.9572978314065094e-05,-0.007712742149111464,-5.8853363014028215,-101.3273478888567,-14.48535488315522
5700.212643889395,4.105944662136342e-05,-0.007686391716323149,-5.890368264384339,-100.72422257556954,-14.233671475313416
5700.866177417352,4.2528418465856764e-05,-0.007659078129563903,-5.8953827292592615,-100.1198407484448,-13.985018200396881
5703.1120399442725,4.743155480890445e-05,-0.007558013322292056,-5.912472486311265,-98.03357957527258,-13.153582748449944
5705.357902471193,5.208922204933003e-05,-0.007446212389772517,-5.929323209769134,-95.93350730755172,-12.35766773830403
5706.01143599915,5.33945478254086e-05,-0.00741174138618147,-5.934178318914626,-95.31991808406111,-12.1326947579215
5706.664969527108,5.467651639732536e-05,-0.007376426723605006,-5.939010674684479,-94.70524605422916,-11.910694012185887
5708.910832054028,5.8894989274340644e-05,-0.007248837184618755,-5.955435550396729,-92.58494844320207,-11.170344756707598
5711.156694580948,6.281133522079598e-05,-0.007112112803253039,-5.971563619744442,-90.45287876249259,-10.464601106449042
5711.810228108906,6.389188583900605e-05,-0.007070708245756925,-5.976198104604598,-89.8303586862056,-10.26567076419324
5712.463761636864,6.494546381229163e-05,-0.007028607174248714,-5.980805360530523,-89.20692536472275,-10.069616981391162
5714.709624163784,6.83559144593809e-05,-0.006878857316174111,-5.99642385155733,-87.05780363271116,-9.417646890427088
5716.955486690704,7.143737105473596e-05,-0.006721817492497478,-6.0116978388591855,-84.89886454626469,-8.798947341233196
5717.609020218661,7.227161966019867e-05,-0.006674856443921242,-6.016075425635138,-84.26888632182516,-8.625073919611232
5718.262553746618,7.307798865031726e-05,-0.006627359182084334,-6.02042220661605,-83.63815468956832,-8.453948473715942
5720.508416273538,7.563564177313528e-05,-0.006460303157637192,-6.035119758549539,-81.4651538322302,-7.88661439132414
5722.754278800458,7.786821956505552e-05,-0.00628786803313669,-6.0494360852582005,-79.28414774965238,-7.350860949247225
5723.407812328416,7.845787166790888e-05,-0.006236784704597536,-6.053528716089223,-78.64807930056898,-7.200789263561852
5724.061345856374,7.902112179046335e-05,-0.006185323672858478,-6.057587895638721,-78.01140334889459,-7.053310034710633
5726.307208383294,8.07589979467248e-05,-0.006005846619120221,-6.071278410651774,-75.81906400921481,-6.566010361777558
5728.553070910214,8.220320338010228e-05,-0.005822796306482071,-6.084561832351258,-73.62034813158083,-6.1083208353230285
5729.206604438171,8.257067302073404e-05,-0.005768953102143079,-6.0883496163583715,-72.97942115460356,-5.980581704124164
5729.860137966129,8.29153769829719e-05,-0.005714875580231818,-6.092102184658751,-72.33801594546773,-5.855258941164015
5732.106000493049,8.393249682978942e-05,-0.00552747158129636,-6.104726944407264,-70.13038313918386,-5.442727449820568
5734.351863019969,8.470754385835948e-05,-0.005338055102147187,-6.116928560660218,-67.91779590282697,-5.0576297712502365
5735.0053965479265,8.489086594176565e-05,-0.00528263592676011,-6.120399033296887,-67.27308774030908,-4.9505962168054936
5735.658930075884,8.5056234206336e-05,-0.005227100896099546,-6.123833288624361,-66.62801271161574,-4.8457884664129
5737.904792602804,8.549599294040131e-05,-0.005035548659490215,-6.1353576855329655,-64.4085891928713,-4.502283403508322
5740.150655129724,8.575510645802388e-05,-0.0048432116373802936,-6.1464510011912425,-62.18541945307409,-4.1838981270137605
5740.804188657682,8.580004457829902e-05,-0.004787153416385997,-6.149597869018494,-61.537846943678844,-4.095836900894509
5741.45772218564,8.583233295080274e-05,-0.0047310680485940235,-6.1527081196544025,-60.89000096669468,-4.009801749601738
5743.70358471256,8.585492175661581e-05,-0.004538252671274075,-6.1631169140323365,-58.661739032548454,-3.729273489176315
5745.94944723948,8.575786937641827e-05,-0.004345520911429788,-6.173092765476405,-56.43073039325822,-3.4714699955247665
5746.602980767437,8.571039695824815e-05,-0.004289491288621584,-6.1759143874897315,-55.781053279511326,-3.4005846887479096
5747.2565142953945,8.565509936654106e-05,-0.004233493566821114,-6.178699419795978,-55.131178967414016,-3.3315207935331914
5749.502376822315,8.541318047665119e-05,-0.0040413832478920515,-6.187991422064407,-52.89650162572316,-3.107747664248405
5751.748239349235,8.510501012214931e-05,-0.003849890641373207,-6.19685266461509,-50.6598823568861,-2.9042663919455793
5752.401772877192,8.500554488736746e-05,-0.00379430472784621,-6.199350523776168,-50.00871342669127,-2.8487304013854984
5753.05530640515,8.490236548219047e-05,-0.0037387837012894205,-6.201812085223941,-49.35740786524865,-2.794809298310212
5755.30116893207,8.452524467872468e-05,-0.0035485236067364745,-6.2099950668217065,-47.11824971328525,-2.6214980229627396
5757.54703145899,8.412389687179593e-05,-0.003359137678923759,-6.217751732031903,-44.87777889795028,-2.466037487238979
5758.200564986947,8.40045661309769e-05,-0.0033041994301937867,-6.219929082554626,-44.22559822759324,-2.4240168772461654
5758.854098514905,8.388450857354471e-05,-0.003249338449734796,-6.222070556056254,-43.57332754243029,-2.383404771360231
5761.099961041825,8.347108347606197e-05,-0.003061410711772956,-6.229156921034988,-41.3311869024341,-2.254257369872529
5763.345823568745,8.306347422268261e-05,-0.0028744049389520707,-6.235822261452741,-39.08820911064462,-2.140529357959895
5763.999357096703,8.29472938946526e-05,-0.0028201586019203796,-6.23768305191371,-38.435380324286115,-2.1101968451240034
5764.65289062466,8.283251645949238e-05,-0.0027659871238483237,-6.2395084122320545,-37.78249607085358,-2.0810677046506805
5766.89875315158,8.245144224835344e-05,-0.0025803892678067384,-6.245511870495952,-35.53849203112641,-1.9898200166563322
5769.1446156785005,8.209531278696977e-05,-0.0023956192408165636,-6.251099431085006,-33.293995051087265,-1.9115788354968224
5769.798149206458,8.199716518497963e-05,-0.0023419996487787785,-6.252647526286783,-32.64078217078005,-1.8911206995800571
5770.451682734416,8.19015682020754e-05,-0.002288443058392458,-6.254160594429694,-31.987538193084493,-1.8716624896471186
5772.697545261336,8.15943741647287e-05,-0.002104854812943982,-6.259093844091598,-29.742468443801844,-1.8121007737630652
5774.943407788256,8.132169524480518e-05,-0.0019219177249680574,-6.263615510997747,-27.49714075153127,-1.7631531059322116
5775.596941316213,8.124910834018298e-05,-0.0018687952395634358,-6.2648541906368145,-26.84372481184372,-1.750770928034738
5776.250474844171,8.117958578179818e-05,-0.0018157191402333242,-6.266058161647297,-26.19029380329385,-1.7391868788622447
5778.496337371091,8.096424108434456e-05,-0.0016336494991153762,-6.269931482575617,-23.944691059793172,-1.7051489082023321
5780.742199898011,8.078486250867745e-05,-0.0014520231051012294,-6.273396397855687,-21.69897742123637,-1.6793505076847186
5781.3957334259685,8.073931736481691e-05,-0.001399242503840317,-6.274328098433995,-21.045472482649057,-1.673259505273756
5782.049266953926,8.069661139568675e-05,-0.00134649089822869,-6.27522530846948,-20.391961925512796,-1.6677661642293187
5784.295129480846,8.057130929090495e-05,-0.0011654038773232657,-6.278045947454101,-18.146148122909832,-1.6531326605260748
5786.540992007766,8.047683201181957e-05,-0.0009845636535590482,-6.280460167020578,-15.900302914804994,-1.6443774525443402
5787.194525535723,8.045467592648694e-05,-0.0009319765793748913,-6.281086430777295,-15.246771420667466,-1.6428029753142417
5787.848059063681,8.043475949107101e-05,-0.0008794035681627349,-6.281678326986362,-14.59323887548246,-1.641626581502367
5790.093921590601,8.03819300546174e-05,-0.0006988213558320007,-6.283450547241297,-12.347377214559865,-1.640308076500273
5792.339784117521,8.034981094867461e-05,-0.0005183345348753077,-6.284817311790481,-10.101515773984213,-1.642514434216226
5792.993317645479,8.03437014002658e-05,-0.0004658251179125114,-6.285138904195708,-9.44798337569715,-1.6436879488830478
5793.6468511734365,8.033876864540338e-05,-0.00041331972760664626,-6.285426178679058,-8.79445125857085,-1.6450604307465886
5795.892713700357,8.032936392421818e-05,-0.00023290183374546369,-6.286151838664692,-6.548596658188284,-1.6509838106213068
5798.138576227277,8.032730734463636e-05,-5.24968101372318e-05,-6.28647231931572,-4.302745304725566,-1.6580819299821863
5798.792109755234,8.032727335084278e-05,0.0,-6.286489474242661,-3.649215352212491,-1.6602375715031665
