sLap,u,Kt,aTheta,xi,yi
0.0,-7.694122854152025e-14,-0.0001701102026239807,0.09765872166669352,-5.00690069520168,-0.47655699533398893
0.6163138780400167,1.6905307473864963e-12,-0.00017011014698705088,0.09755388058613489,-4.393520295511463,-0.4164963493759449
2.7342713879427905,6.463997519267127e-10,-0.00017010983126956785,0.09719359422369744,-2.2855957261217332,-0.21058866376969473
4.852228897845563,3.390847173609993e-09,-0.00017010592650720268,0.0968333123306584,-0.17759710827157402,-0.005440443267396937
5.468542775885581,4.792440112588558e-09,-0.00017010347817368458,0.0967284742296986,0.43583265705893215,0.05411389262134601
6.0848566539255975,6.5014305552585325e-09,-0.0001700999879332888,0.0966236385221028,1.0492686622972687,0.11360392033827084
8.202814163828371,1.5152944290747946e-08,-0.0001700779106933645,0.09626339321584601,3.157383860553681,0.3175506685175067
10.320771673731144,2.8644685379151113e-08,-0.00017003238421701611,0.09590321950048841,5.265572385619317,0.5207380403476962
10.937085551771162,3.358049405709692e-08,-0.00017001326115233747,0.09579843152015867,5.879057275397136,0.5797218171652568
11.55339942981118,3.898092822582134e-08,-0.00016999092014844715,0.0956936571914904,6.492548341607969,0.6386413182765666
13.671356939713952,6.127184107820397e-08,-0.00016988579439530238,0.09533372553774944,8.600852266706372,0.8406277649206673
15.789314449616725,8.945408839774621e-08,-0.00016972721863784014,0.09497407313830578,10.709228728525726,1.0418556475805691
16.405628327656743,9.878207887791035e-08,-0.00016966924429773805,0.09486948497916896,11.322768152550525,1.100269439369079
17.02194220569676,1.0860860921218317e-07,-0.00016960537134598863,0.09476493531511744,11.936313680450633,1.1586190850122695
19.139899715599533,1.461930000252605e-07,-0.00016933655144816406,0.09440598790108214,14.044804193457933,1.3586483875734554
21.257857225502306,1.8949757973071277e-07,-0.0001689820718490503,0.09404770054797197,16.1533663050317,1.5579215359610856
21.874171103542324,2.0313756932656882e-07,-0.00016886109242977463,0.09394359092453713,16.76695956530945,1.6157670788219047
22.49048498158234,2.1722441312402876e-07,-0.00016873159764304495,0.0938395593387628,17.380558840830506,1.673548780635985
24.608442491485114,2.6892975960662333e-07,-0.00016821760444333465,0.09348271708126267,19.489233354013592,1.871628974300603
26.726400001387887,3.253589450055218e-07,-0.0001675890990716851,0.09312708470547709,21.597978297253366,2.068957966898467
27.342713879427905,3.425950147471841e-07,-0.00016738326283699577,0.09302385970751237,22.211624526145542,2.1262388680013755
27.959027757467922,3.6017016504346734e-07,-0.00016716674315925406,0.09292076551088144,22.82527665907404,2.1834564857213197
30.076985267370695,4.229674169745909e-07,-0.00016633798732746056,0.09256756700839264,24.934131931127443,2.379602879780559
32.19494277727347,4.889954972761251e-07,-0.00016537280820573294,0.09221626824490729,27.043056165115836,2.575006420350844
32.811256655313485,5.087245331526819e-07,-0.00016506533966803498,0.09211444054094524,27.656754272667655,2.6317288024114833
33.4275705333535,5.286550580959804e-07,-0.00016474570072733276,0.0920128064714168,28.2704581455042,2.6883887753916644
35.545528043256276,5.984554370487293e-07,-0.00016355238048259668,0.09166511940440282,30.379490118901682,2.8826260084540345
37.66348555315905,6.697619317961111e-07,-0.00016220963105643442,0.0913201179812913,32.488589239405144,3.076132778861866
38.279799431199066,6.906965339358313e-07,-0.00016179037266144796,0.09122027434103108,33.10233787697899,3.1323057767390203
38.896113309239084,7.116839904574362e-07,-0.0001613582475265606,0.09112069316388814,33.716092110648745,3.188417600591922
41.01407081914186,7.839762372026135e-07,-0.0001597743322681618,0.09078059360603348,35.82529581033421,3.3807811169160735
43.13202832904463,8.560256876825073e-07,-0.0001580375622189479,0.09044401058337141,37.93456447464926,3.572430991625096
43.74834220708465,8.768512800272561e-07,-0.00015750353389018366,0.09034677376302344,38.54836201807204,3.6280670544012406
44.364656085124665,8.975866120898748e-07,-0.00015695674626087084,0.09024986983223335,39.16216495731608,3.6836435597791706
46.48261359502744,9.679312575091071e-07,-0.0001549808743807502,0.08991950857087067,41.27153445774588,3.874180385648713
48.60057110493021,1.0364170031249891e-06,-0.00015285798406598162,0.0895934878115939,43.38096637804959,4.064024925258258
49.21688498297023,1.0559130686520401e-06,-0.00015221318414690337,0.08949947754886098,43.99481093054287,4.119139906462854
49.833198861010246,1.0751915130473863e-06,-0.00015155647630933226,0.08940586793957703,44.608660648983204,4.174197325518979
51.95115637091302,1.1395905502124821e-06,-0.00014921049936775598,0.08908733863240632,46.71818910754793,4.362966116682402
54.06911388081579,1.2007612521495232e-06,-0.00014673154674020567,0.08877391882314338,48.82777710807423,4.551068341217615
54.68542775885581,1.2178874730594986e-06,-0.00014598618844531837,0.08868371554579785,49.44166652115559,4.6056813825216
55.30174163689583,1.2346937198713699e-06,-0.00014523040471935565,0.08859397424339667,50.05556084403513,4.660239210562382
57.4196991467986,1.2898546853205975e-06,-0.00014255620740273375,0.08828919451403996,52.165240592697856,4.847309612147875
59.53765665670137,1.3407425357122128e-06,-0.00013976970664314855,0.08799019754793307,54.27497672082692,5.033743117598321
60.15397053474139,1.3547000391523416e-06,-0.0001389390539552101,0.0879043114210317,54.888908630017305,5.087876348215735
60.77028441278141,1.3682643679824497e-06,-0.00013809994021783678,0.08781893909167943,55.50284517133487,5.141957024370711
62.88824192268418,1.4117773153324384e-06,-0.0001351550624789424,0.08752955250760415,57.61266785445183,5.3274084363802405
65.00619943258695,1.4503459233521312e-06,-0.00013212326211673806,0.08724649509866303,59.72254353269355,5.512255963256743
65.62251331062697,1.460614025962041e-06,-0.00013122619996382463,0.08716534221940013,60.33651540409426,5.565934049323031
66.23882718866699,1.4704492103000675e-06,-0.00013032295095405792,0.08708474328890198,60.95049161414083,5.619562491596521
68.35678469856975,1.5008934915963992e-06,-0.0001271754415078666,0.08681204755636306,63.060448358382146,5.803482369116812
70.47474220847253,1.5261215141215344e-06,-0.00012396897627468906,0.08654608054801902,65.17045456276234,5.986833962545947
71.09105608651255,1.5324791926120953e-06,-0.0001230264234069314,0.08646996743365074,65.78446374623475,6.040083548758661
71.70736996455257,1.5383978580026946e-06,-0.00012208008349379111,0.08639443555387989,66.39847696524721,6.093286586441287
73.82532747445535,1.5553932037231796e-06,-0.0001188029276277636,0.08613934015936434,68.50855856683047,6.275768426943289
75.94328498435812,1.5673070911205885e-06,-0.00011549515749804217,0.08589121806158113,70.61868601688272,6.45771934679787
76.55959886239813,1.569838117629136e-06,-0.00011452840807577251,0.08582033504629845,71.23272980154111,6.51056843738221
77.17591274043815,1.5719588484611177e-06,-0.00011356020927688673,0.08575004751255971,71.84677731519506,6.563374188254641
79.29387025034092,1.576172185995475e-06,-0.00011022560280540422,0.08551306236683276,73.95697442984968,6.744515371327611
81.4118277602437,1.5758381904346787e-06,-0.0001068868881931884,0.08528314412635836,76.06721377587746,6.9251639204813715
82.02814163828371,1.57492736586989e-06,-0.00010591595063381363,0.0852175678627879,76.68128944378013,6.97764124874099
82.64445551632373,1.5736674203248183e-06,-0.00010494565480325417,0.08515258913583389,77.29536853643447,7.030078490443797
84.76241302622651,1.5667834561702313e-06,-0.00010161934266905684,0.0849338444445051,79.40567185828382,7.209978140124475
86.88037053612928,1.5562655663056468e-06,-9.83114587285625e-05,0.08472212522587551,81.51601385246995,7.389423581024385
87.4966844141693,1.552583003620576e-06,-9.735344836047162e-05,0.08466183014738757,82.13011872668207,7.441558016873344
88.11299829220931,1.5486439367431096e-06,-9.63977490905689e-05,0.08460212430150563,82.74422672858513,7.493655601744003
90.23095580211208,1.5333040219731092e-06,-9.313361283752045e-05,0.08440142079361468,84.85462714521252,7.672412639832833
92.34891331201486,1.5155910233225337e-06,-8.990447891757355e-05,0.08420759352088701,86.96506278430893,7.850753365566407
92.96522719005488,1.5100699005246827e-06,-8.897211453640511e-05,0.08415247183178053,87.57919426785796,7.902573408866888
93.5815410680949,1.5044119445306694e-06,-8.804314847381623e-05,0.08409792346506365,88.19332859287805,7.95435976979523
95.69949857799767,1.4841224258286395e-06,-8.487821131781121e-05,0.08391481115440118,90.30381730508694,8.132071321219339
97.81745608790044,1.4630241126997437e-06,-8.175710299642858e-05,0.08373835563235182,92.41433793370828,8.309403437919126
98.43376996594046,1.4568269604211517e-06,-8.085735615692119e-05,0.08368824512471028,93.02849353633658,8.360936842364582
99.05008384398047,1.4506366035627766e-06,-7.996137271072531e-05,0.08363868799999255,93.64265170716683,8.412439633966681
101.16804135388324,1.429644999135686e-06,-7.691139245579025e-05,0.08347257073416811,95.75322030330618,8.589199932819959
103.28599886378602,1.4096549479450871e-06,-7.390481090349697e-05,0.08331286723862551,97.86381766826091,8.76561639585791
103.90231274182604,1.4041322932443724e-06,-7.303775992572886e-05,0.08326758596076225,98.47799501830133,8.816889963583117
104.51862661986605,1.398777345208771e-06,-7.217400191919667e-05,0.08322283836980177,99.09217467651492,8.86813587826496
106.63658412976883,1.3819125315304778e-06,-6.922983731210936e-05,0.08307310045448485,101.20281515274758,9.044035805595916
108.7545416396716,1.36803302696501e-06,-6.631823028487758e-05,0.08292956367692246,103.31348140042631,9.219626232371887
109.37085551771162,1.3646682850046242e-06,-6.547617733158234e-05,0.08288895017779824,103.92767823960386,9.270665813350396
109.98716939575164,1.3616437582202588e-06,-6.463603179792129e-05,0.08284885571680087,104.54187713842262,9.321680605524904
112.1051269056544,1.3541151334299864e-06,-6.176099258137058e-05,0.08271500582323668,106.6525818580573,9.496807966811224
114.22308441555718,1.3516390365002727e-06,-5.889654815257047e-05,0.08258723392091724,108.7633094687599,9.671659223467044
114.8393982935972,1.3519828616229452e-06,-5.8063465810743096e-05,0.08255119145408295,109.37752362829052,9.722489945887878
115.45571217163722,1.3528414115406022e-06,-5.7229952290592665e-05,0.08251566355290178,109.99173960650825,9.773298689528785
117.57366968154,1.3599919110054842e-06,-5.435837154362819e-05,0.08239748988976316,112.10250119360052,9.947739310357377
119.69162719144276,1.3742366453459799e-06,-5.146413369860655e-05,0.08228542210601829,114.21328284893096,10.121936937670753
120.30794106948278,1.3798246851807113e-06,-5.061551544641796e-05,0.08225396479109955,114.82751220597403,10.172583685634837
120.9242549475228,1.386095076434471e-06,-4.97631869501309e-05,0.08222303294813577,115.44174314217774,10.223211280261227
123.04221245742556,1.413104101068668e-06,-4.680047969643997e-05,0.08212076230165968,117.55255430713693,10.39705096219887
125.16016996732834,1.44909464391479e-06,-4.377105723921622e-05,0.0820248371932443,119.66338268931742,10.570681466413689
125.77648384536836,1.4613527139764987e-06,-4.28742519405739e-05,0.08199813570898756,120.2776251036686,10.621169609224857
126.39279772340838,1.47444094434273e-06,-4.1969589118076056e-05,0.08197199095647535,120.891868850747,10.671641537083488
128.51075523331116,1.5259758208858148e-06,-3.879407636694834e-05,0.08188644271135309,123.00272214872395,10.84496887133691
130.62871274321392,1.5880766841809953e-06,-3.549822578152869e-05,0.08180774750251975,125.11358967391904,11.018122858120417
131.24502662125394,1.608208905715289e-06,-3.451333773616952e-05,0.08178617144086672,125.72784290580941,11.068479220999091
131.86134049929396,1.6292871499090498e-06,-3.351571754892378e-05,0.0817652081201009,126.34209720673392,11.1188225434924
133.97929800919673,1.7091056980187345e-06,-2.99824923015899e-05,0.08169793284430069,128.45298473311067,11.291732527281495
136.09725551909952,1.800606374558137e-06,-2.6267843635037864e-05,0.08163833291299379,130.56388322457738,11.464508601104791
136.7135693971395,1.8294727043717082e-06,-2.514927450164666e-05,0.08162248648855674,131.1781448355618,11.514762650287553
137.32988327517953,1.8593532050384738e-06,-2.4012588604300777e-05,0.08160733698309261,131.79240722255574,11.56500721456518
139.4478407850823,1.969865289408104e-06,-1.9959672365045625e-05,0.08156072771088378,133.90332025383995,11.737605554260362
141.5657982949851,2.0925294273708907e-06,-1.5659827460180596e-05,0.08152296383527169,136.01424056484086,11.910114841634833
142.1821121730251,2.130511297099759e-06,-1.4358522452428107e-05,0.08151371126087198,136.62850780497908,11.96030003769864
142.79842605106512,2.1695136258800066e-06,-1.3033505471458628e-05,0.08150526996100588,137.2427754854207,12.010479844974332
144.9163835609679,2.311316072320123e-06,-8.290483444081893e-06,0.0814826330981297,139.35370407813753,12.182887761825784
147.03434107087065,2.464911546123806e-06,-3.2346412949101344e-06,0.08147037302423904,141.46463567891436,12.355258846190575
147.6506549489107,2.5117758931464303e-06,-1.7010775660772929e-06,0.08146884958369657,142.0789053647292,12.405414098475152
148.26696882695072,2.5595886249403123e-06,-1.383796933973386e-07,0.081468282091603,142.6931750984182,12.455568764500406
150.38492633685348,2.730995328120632e-06,5.462395798015404e-06,0.0814738540885986,144.80410766302018,12.627928045024376
152.50288384675628,2.9128300941317704e-06,1.143724650066972e-05,0.08149168442780892,146.91503821057165,12.800312025905084
153.11919772479627,2.9675948678128622e-06,1.3249327847510724e-05,0.08149928916385843,147.52930659956021,12.850483158834816
153.73551160283628,3.0231445065685562e-06,1.5095327418561692e-05,0.08150802265839441,148.14357457326832,12.900659374827834
155.85346911273905,3.2197415817198842e-06,2.1705016891086386e-05,0.08154691847435064,150.25449744451228,13.073137331570495
157.97142662264184,3.4242383312385253e-06,2.873945620267877e-05,0.08160026313281898,152.36541235831794,13.245712644354887
158.58774050068183,3.485054419572425e-06,3.0868622333108186e-05,0.08161862918902967,152.97967502706703,13.295953764375712
159.20405437872185,3.5463872930334917e-06,3.303531534674455e-05,0.08163832002104315,153.5939367335667,13.346206644705555
161.32201188862462,3.7606512361265573e-06,4.077259262892831e-05,0.08171640016928139,155.70483376315926,13.519000578409166
163.4399693985274,3.979001843685401e-06,4.8967999529335256e-05,0.08181135269157826,157.81571583432665,13.691977138456698
164.05628327656743,4.043059160123649e-06,5.144011228845373e-05,0.0818422917729641,158.42996756854265,13.742351769682474
164.67259715460744,4.107253758668168e-06,5.395159246264051e-05,0.08187476682641968,159.0442176985666,13.792745952264585
166.7905546645102,4.3282781636349116e-06,6.288483154453817e-05,0.0819984116968675,161.15506990021723,13.966086638977925
168.90851217441298,4.5482261194459784e-06,7.228505098802026e-05,0.08214147131039841,163.26589896590855,14.13970881087252
169.52482605245302,4.6117030852200425e-06,7.510785140326328e-05,0.08218688952590933,163.88013367195944,14.190290650242119
170.14113993049304,4.674822782035047e-06,7.796946943114791e-05,0.08223405872449831,164.49436602883983,14.240900998818754
172.2590974403958,4.888205494167623e-06,8.809785071111925e-05,0.08240984213978879,166.60515131038935,14.415054672087562
174.3770549502986,5.094010136577661e-06,9.867014249389543e-05,0.08260754712806584,168.71590403006493,14.58960251899061
174.9933688283386,5.15207778691097e-06,0.00010182770085698322,0.08266933070864578,169.33011467902924,14.640475649990057
175.6096827063786,5.209184782248039e-06,0.00010502052071054679,0.08273306932968832,169.94432212718053,14.691387396501732
177.72764021628137,5.397131628203017e-06,0.00011625508613623695,0.08296732810056186,172.05501514949145,14.86665566345969
179.84559772618417,5.569771205428298e-06,0.00012787150492339882,0.08322578557824646,174.1656649247957,15.042443911115603
180.46191160422416,5.616673354945565e-06,0.0001313188936846101,0.0833056566704963,174.77984354160913,15.093702311425899
181.07822548226417,5.661915763652657e-06,0.00013479441761438528,0.08338765788935087,175.39401800163995,15.145010474060669
183.19618299216694,5.80361788928823e-06,0.0001469404160450763,0.08368596061482964,177.50459020971218,15.321727603904867
185.31414050206973,5.921286229392676e-06,0.00015936108228864777,0.08401027891627838,179.61510729591538,15.499101768008867
185.93045438010975,5.950506114412346e-06,0.00016301971809367646,0.08410962385244619,180.22924500803327,15.55084795348349
186.54676825814977,5.977297619282405e-06,0.0001666953357111033,0.08421122419502854,180.84337751312057,15.602655874410681
188.66472576805253,6.049627178094741e-06,0.00017943748817777477,0.08457775070653725,182.95379739140543,15.781182937673316
190.7826832779553,6.0885587929534745e-06,0.00019229746386361472,0.08497138932784093,185.06414925498075,15.960512121199239
191.39899715599535,6.09308500185446e-06,0.00019605163029382043,0.08509106441028651,185.6782364169282,16.012854788968617
192.01531103403536,6.094379614589332e-06,0.00019980730815646772,0.08521304746761986,186.29231724703973,16.06527165779528
194.13326854393813,6.072924546250676e-06,0.00021269979706449064,0.0856498997673787,188.40255085756658,16.24598708339074
196.25122605384092,6.008566086547803e-06,0.00022550141126942996,0.08611396157646165,190.5127028408426,16.427653059477457
196.8675399318809,5.981258438373191e-06,0.00022919650599668805,0.08625408430667766,191.1267292527867,16.480703628631606
197.48385380992093,5.9499306949402635e-06,0.00023287326487099298,0.08639647097748325,191.7407481650417,16.533840895063573
199.6018113198237,5.81038952630051e-06,0.0002453363559580038,0.08690294667069215,193.85076003230424,16.717127154591793
201.7197688297265,5.618938980355196e-06,0.00025744893385120396,0.08743544747523974,195.96067639029417,16.90150951485358
202.33608270776648,5.553004985385221e-06,0.00026089201726296827,0.08759518422027103,196.57463162970058,16.95537751510791
202.9523965858065,5.48233632064993e-06,0.00026429277743538236,0.08775702083049065,197.18857820392753,17.00934414814233
205.07035409570926,5.202287724607389e-06,0.0002756180919861889,0.08832889080171646,199.2983326117346,17.195570476570275
207.18831160561206,4.8626080045960804e-06,0.00028628712741645237,0.08892405232230112,201.40797798482265,17.383027847256947
207.80462548365207,4.752185257214938e-06,0.00028925036817517086,0.08910141663209323,202.0218518692368,17.437815175130506
208.4209393616921,4.636460550744588e-06,0.0002921437579476794,0.0892805755101712,202.6357159864546,17.492711797200005
210.53889687159486,4.19749811528899e-06,0.00030151023154334044,0.08990941873950643,204.7451787447299,17.68221311848431
212.65685438149762,3.693383969326477e-06,0.0003098780070749872,0.09055704216190243,206.85452011889512,17.87306072970508
213.27316825953767,3.5342247891848467e-06,0.0003121055981381528,0.0907487211686875,207.46830331337262,17.928854878398877
213.8894821375777,3.369424844735995e-06,0.0003142332934443515,0.09094173145740052,208.08207577989916,17.984766891484146
216.00743964748045,2.7596159109909063e-06,0.00032073572168419965,0.09161439071476353,210.19121649798825,18.177819436856822
218.12539715738325,2.0823592145047294e-06,0.0003258751747654044,0.09229937847711311,212.30022567565516,18.3723036713476
218.74171103542324,1.8725940948951485e-06,0.00032709421996584073,0.09250060776915044,212.9139104485666,18.429170143844917
219.35802491346325,1.6571688335718693e-06,0.0003281823032356543,0.09270253716841864,213.5275837679568,18.486160069652797
221.47598242336602,8.737589825079478e-07,0.00033087405034185215,0.09340076892260123,215.63637862922417,18.68295455036631
223.5939399332688,2.491825136427257e-08,0.0003318372787587349,0.09410287121821255,217.74503518269617,18.881225491106218
224.2102538113088,-2.341275966788445e-07,0.00033177301623567144,0.09430738097843315,218.3586162968892,18.939199723598346
224.82656768934882,-4.984418025134186e-07,0.0003315477015687861,0.0945117914268082,218.97218557430782,18.997299098846206
226.9445251992516,-1.4461988588668526e-06,0.0003294986062934453,0.09521219054752321,221.08062053958858,19.197912713654
229.06248270915438,-2.4519620141767203e-06,0.0003253807746165847,0.09590605902361242,223.1889151412094,19.39999614111725
229.6787965871944,-2.754946952648917e-06,0.00032377630234868587,0.0961061157089035,223.8023908428545,19.459075391468723
230.29511046523442,-3.0623057425054307e-06,0.000321984165157764,0.09630511737015153,224.415854780948,19.51827668769436
232.41306797513718,-4.15035765054281e-06,0.00031435389979036187,0.09697940084025052,226.52392905387288,19.722645691379764
234.53102548503995,-5.282557370318394e-06,0.0003043724351184593,0.09763503386239987,228.63186697260946,19.92841643194918
235.14733936308,-5.619348034667042e-06,0.0003010128317245369,0.09782160189168138,229.24524000791052,19.988552219430815
235.76365324112,-5.959035800699105e-06,0.0002974454008920273,0.09800602983515849,229.85860192038453,20.048801388218855
237.88161075102278,-7.1459899660093784e-06,0.0002835715150944912,0.09862176240057999,231.96633138959135,20.256696397633604
239.99956826092557,-8.35593650475277e-06,0.000267159362373634,0.09920542269463879,234.0739358194191,20.465855368729915
240.61588213896556,-8.710952519740242e-06,0.0002618997535922434,0.09936846912387401,234.6872143723069,20.526947178638984
241.23219601700558,-9.066742922221257e-06,0.00025642197375129515,0.09952820538401404,235.30048310410123,20.588137549486085
243.35015352690834,-1.0291825041237796e-05,0.0002359205929010678,0.10005004252097731,237.40790334798336,20.79914418796937
245.46811103681114,-1.1510852360929106e-05,0.00021283095208047238,0.10052571769208447,239.5152181050666,21.011201890585674
246.08442491485113,-1.1862606230526629e-05,0.00020562766559261192,0.10065467930832032,240.12841651232807,21.073092970854763
246.70073879289114,-1.221233214867409e-05,0.00019820932275774325,0.10077913920966106,240.7416071191418,21.135061340118003
248.8186963027939,-1.3394130809576222e-05,0.00017108499757649762,0.10117064774511442,242.84877543991237,21.348569184218864
250.9366538126967,-1.4532727929522094e-05,0.00014150342256025498,0.10150210593697818,244.95586645872586,21.562838722187966
251.55296769073672,-1.4853652820365374e-05,0.00013244691316872145,0.10158653227592575,245.56900553090136,21.625314887363352
252.16928156877674,-1.5169069711099728e-05,0.00012319565145187762,0.10166532769791028,246.1821395442876,21.68784072140364
254.2872390786795,-1.620537619903861e-05,8.995522225126564e-05,0.10189142085346599,248.2891354208962,21.903043775102496
256.40519658858227,-1.715353625345532e-05,5.461328514238712e-05,0.10204488674013558,250.39609042810963,22.118646690581283
257.0215104666223,-1.7410188855174874e-05,4.396101815336545e-05,0.10207526398286262,251.00919719523228,22.181439099141503
257.6378243446623,-1.765722819122233e-05,3.315507898981505e-05,0.10209904738559863,251.62230229303816,22.244247820286922
259.7557818545651,-1.8426287325924198e-05,-5.081299665371572e-06,0.10212903824577803,253.72922564372664,22.460159857294425
261.8737393644679,-1.9055387173694624e-05,-4.479829897904086e-05,0.10207647813481163,255.83615143011298,22.67604811838039
262.4900532425079,-1.9209120318454437e-05,-5.659131858157975e-05,0.10204522755678369,256.44925815171723,22.738840988911427
263.1063671205479,-1.934861760115923e-05,-6.847300180757519e-05,0.10200670900054451,257.06236707788975,22.80161230579168
265.22432463045067,-1.9712090514561216e-05,-0.0001098722276942567,0.10181794424570764,259.16933383794355,23.017100343290924
267.34228214035346,-1.9878585885512484e-05,-0.0001518326787348663,0.10154090336398507,261.27635071418297,23.23209765498261
267.95859601839345,-1.9886764806583454e-05,-0.00016408851206348044,0.10144353405648865,261.8894930511457,23.29454182132446
268.57490989643344,-1.987574248896694e-05,-0.00017634169060989118,0.1013386492146391,262.5026416915161,23.35692399153685
270.69286740633623,-1.96836092264366e-05,-0.000218279524044296,0.10092063391699851,264.6097764616298,23.570762840808023
272.810824916239,-1.9234697961907246e-05,-0.0002595385049435666,0.10041451496049886,266.7170097861027,23.78362802670527
273.427138794279,-1.9052490309624712e-05,-0.00027133911513322104,0.1002508943460765,267.3302241293791,23.84536108800169
274.043452672319,-1.8846007222404605e-05,-0.0002830181809372688,0.10008008513482329,267.94344875151677,23.906991847274593
276.1614101822218,-1.7943387322073547e-05,-0.0003220331837275533,0.09943895207634533,270.0508746502472,24.117942082561566
278.2793676921246,-1.672452560916653e-05,-0.0003588015825603985,0.09871756600557044,272.1584437333735,24.327456561194307
278.89568157016464,-1.6307214646895766e-05,-0.0003689829123928198,0.0984932547861192,272.7717638117748,24.388130149364372
279.51199544820463,-1.5860738197452266e-05,-0.00037889641783686855,0.09826280740831543,273.3850976060191,24.44866479768237
281.6299529581074,-1.409646682241082e-05,-0.0004106860477951814,0.09742592739163376,275.4929239142297,24.655575568431367
283.7479104680102,-1.1960594312325219e-05,-0.0004383455082378908,0.09652609205121614,277.6009290618517,24.860655910618704
284.3642243460502,-1.1266383772852271e-05,-0.0004455055673382036,0.0962536744575883,278.21438208236987,24.919970273228905
284.9805382240902,-1.0538644632646657e-05,-0.0004522260539540079,0.09597704403207422,278.8278512705575,24.979117073717543
287.098495733993,-7.775476421591274e-06,-0.00047169418631647336,0.09499752099707087,280.936159878949,25.181053958238703
289.2164532438958,-4.593788480612794e-06,-0.00048486684231269255,0.09398343206065075,283.0446687075381,25.380889166021785
289.8327671219358,-3.587036187125102e-06,-0.0004873903446843322,0.09368375770085874,283.6582713758571,25.43863484868501
290.44908099997576,-2.5433060183195143e-06,-0.0004892809822338952,0.09338279423017776,284.27189124090285,25.496197471261144
292.56703850987856,1.3305240202157167e-06,-0.000490645114525666,0.09234354069840926,286.3807231430114,25.692594037765648
294.68499601978135,5.6566119780979105e-06,-0.00048332570786688685,0.09131059367567525,288.48975740427636,25.886805538544877
295.3013098978214,7.001847426468144e-06,-0.000479427319449416,0.09101383454435051,289.1035121754262,25.942911450637475
295.9176237758614,8.386187854691767e-06,-0.0004746873380346495,0.0907198125527988,289.7172833531013,25.998837682950864
298.0355812857642,1.3444548003621104e-05,-0.0004516516417188612,0.08973686091745761,291.82662626693127,26.189667604818045
300.153538795667,1.8970844809829578e-05,-0.00041740701855913314,0.08881456792351775,293.9361500530914,26.3784880370613
300.76985267370696,2.0667143009572623e-05,-0.0004051944192484063,0.0885609850262335,294.55004181231993,26.433074609625372
301.38616655174695,2.24029437317503e-05,-0.00039192441616878263,0.08831533063446749,295.1639470160771,26.48750997594671
303.50412406164975,2.8669300744088995e-05,-0.0003379213436220056,0.08754001089380059,297.27372446397965,26.67347449941001
305.62208157155254,3.5396569670512705e-05,-0.00027015829725629363,0.08689363888613481,299.3836336354084,26.85793925512121
306.23839544959253,3.743964500208038e-05,-0.0002477149782973796,0.08673394964970282,299.99762665484957,26.911374776274457
306.8547093276325,3.952052430131597e-05,-0.0002240018492038894,0.0865885563748439,300.61162762499083,26.964719078335524
308.9726668375353,4.695640948993408e-05,-0.00013250001995392596,0.08620816899237714,302.72168829941313,27.147442470255818
311.0906243474381,5.481953513803488e-05,-2.479686325610592e-05,0.08603873545790938,304.8317991674618,27.329585781056664
311.7069382254781,5.718524141025891e-05,9.717150802622275e-06,0.08603397808171638,305.44583360002036,27.382543362371415
312.3232521035181,5.958466112813213e-05,4.569766952154737e-05,0.08605100867809762,306.0598674593422,27.435507526346868
314.4412096134209,6.808021435976742e-05,0.00018082784316424854,0.08628765063902592,308.16997141905705,27.617730990720467
316.5591671233237,7.69396120152777e-05,0.00033433654108966165,0.08682995503279792,310.2800041638515,27.80077626287011
317.17548100136366,7.958159468240085e-05,0.00038256940933039475,0.08705076058440821,310.89399054655945,27.854288298696233
317.79179487940365,8.225057791163965e-05,0.00043243603036398115,0.08730184777700403,311.50796393743127,27.90794832786802
319.90975238930645,9.161712930023552e-05,0.0006165108771289441,0.08840910878313497,313.6177592805382,28.093710930883763
322.02770989920924,0.00010125202230172667,0.0008207078498163993,0.08992754139721228,315.7273085481426,28.282243176768528
322.6440237772493,0.00010409989993956226,0.0008839892214649802,0.0904527429951056,316.34111788867904,28.337749634519632
323.2603376552893,0.00010696528557318996,0.000949027328797921,0.09101752040440239,316.95489636594016,28.393593949439406
325.37829516519207,0.00011692999620229949,0.0011861030394645078,0.09327482708595068,319.0638769438706,28.58838735390945
327.49625267509487,0.00012703429075070532,0.0014444314002470921,0.09605675615427997,321.1723590942153,28.78849386857768
328.11256655313485,0.00012999273233053044,0.0015236379409906972,0.09697128182143068,321.785805286419,28.84788025696289
328.72888043117484,0.00013295639842755342,0.0016046646199396294,0.09793519406454676,322.3991946360299,28.907846214489663
330.84683794107764,0.00014316079895379739,0.001897070644078249,0.10163964678829526,324.50662682947507,29.118728334847944
332.96479545098043,0.00015334379261971296,0.002211066485535183,0.10598626620467225,326.6131912222492,29.33809206736807
333.5811093290204,0.00015629318747651687,0.0023064863760296575,0.10737828957620725,327.22600203807906,29.40371243300272
334.1974232070604,0.00015923294598392868,0.0024037154248561657,0.10882966006075546,327.8387177495224,29.470207319164455
336.3153807169632,0.0001692378787187732,0.0027515961852150757,0.11428532489262395,329.94352329336516,29.705858304588457
338.433338226866,0.00017903240849390266,0.0031204441557315023,0.12049999022355262,332.046914848192,29.953786695243174
339.04965210490604,0.00018183189836150427,0.00323165134466302,0.12245736104080752,332.65868790029106,30.02846651822536
339.66596598294603,0.00018460484747182687,0.0033445695282092853,0.12448374619100405,333.2703092608932,30.10436783648756
341.7839234928488,0.0001939045527668735,0.003745476868481411,0.13198855664225748,335.3708927040007,30.37507022241719
343.9018810027516,0.0002027854005375139,0.004165637028203363,0.14036286013238558,337.4692558896853,30.662440853878447
344.5181948807916,0.00020527911129823218,0.004291390424716176,0.14296890730849843,338.07939707867195,30.749454335828368
345.1345087588316,0.00020772827735309263,0.004418660666733888,0.1456528395342138,338.68930360506425,30.838083857425243
347.2524662687344,0.00021577654955668422,0.00486725495987844,0.15548353662783515,340.7833182992175,31.155607700970663
349.3704237786372,0.0002231920678327266,0.0053322250786119385,0.16628167902491492,342.8739396672888,31.494711498306373
349.9867376566772,0.0002252193979358874,0.0054704125376889455,0.1696105747862691,343.48158397629305,31.597727655763407
350.60305153471717,0.00022718450412344127,0.005609824370071802,0.17302489496697204,344.0888743913682,31.702793672017528
352.72100904461996,0.00023343560709116143,0.006097758263678944,0.18542079516116908,346.17293060023593,32.08016786290706
354.83896655452276,0.0002388539356891807,0.006598049837396558,0.19886320513036476,348.2519283757383,32.484431861649696
355.45528043256274,0.00024026385896360044,0.006745700123186394,0.2029751984944,348.85584650190293,32.60742441647251
356.07159431060273,0.00024159588956578737,0.006894190397827406,0.20717829990843778,349.4592442224339,32.73292731592722
358.1895518205055,0.0002455557219705671,0.007410250118009796,0.22232510520694931,351.52857680463524,33.18408149751796
360.3075093304083,0.00024851545994909865,0.007933637516221498,0.23857266292073548,353.5905611706722,33.66765800207008
360.9238232084483,0.0002491807609337866,0.008087012909548712,0.24350959927828955,354.18906008042643,33.81477578349901
361.5401370864883,0.0002497558781116207,0.008240766943612034,0.24854100641724944,354.7868138456822,33.96487394982567
363.6580945963911,0.0002510266154436463,0.008771282879080715,0.2665561403274506,356.8349434040054,34.50414311790527
365.7760521062939,0.0002511760048290106,0.009303302698572444,0.2856964770285309,358.8726878214517,35.081361537217205
366.39236598433394,0.0002510035567090702,0.00945805932198446,0.29147801936141,359.46351815945576,35.25675920436539
367.0086798623739,0.00025073289536971705,0.009612677382689188,0.29735470893894606,360.0533112401216,35.435595471169506
369.1266373722767,0.0002490428632099315,0.010142139144154088,0.3182754939307729,362.07174872333417,36.077091530810954
371.2445948821795,0.000246163850317414,0.010666762383978177,0.3403125325448775,364.0759275990197,36.76178300006669
371.8609087602195,0.00024510053515623947,0.010818154763589022,0.34693339120393174,364.6562149413338,36.969416206613644
372.4772226382595,0.00024393565556546262,0.01096886016837317,0.35364714821568394,365.23510026665264,37.18090954748189
374.5951801481623,0.0002391544408966795,0.011480654196025744,0.37742271863709975,367.213156958951,37.93778035925847
376.7131376580651,0.0002331727558459128,0.011981050541533634,0.40227017715965846,369.17221419975925,38.74250298760839
377.32945153610507,0.00023120756266714666,0.01212415749155465,0.409698526238839,369.7384332240844,38.985897539525475
377.94576541414506,0.0002291422367661198,0.012266023773309627,0.41721449940413313,370.3028135508257,39.23351021274257
380.06372292404785,0.00022128503742848633,0.012743220532501988,0.44370191078448845,372.227582046364,40.11712652032431
382.18168043395065,0.00021227288478144508,0.013202553006332772,0.47118108672600584,374.1277944712761,41.05234000476406
382.7979943119907,0.00020943759000747949,0.013332509764513353,0.47935823626540774,374.67580408426625,41.334350795886465
383.4143081900307,0.00020650846551676765,0.013460693269750357,0.48761475330476967,375.22147489145743,41.62084744210638
385.5322656999335,0.00019573853065096288,0.013886849872872654,0.5165794429490399,377.07803843168523,42.639979882901116
387.65022320983627,0.0001839171302852955,0.014289082731938827,0.5464213794345929,378.9038245038149,43.71323996506716
388.26653708787626,0.00018028702879467506,0.014401317074471735,0.5552627277014762,379.42897699894036,44.0358217055346
388.88285096591625,0.00017657430703909378,0.014511293478409739,0.5641723931523964,379.95124435971246,44.36304304678414
391.00080847581904,0.00016320471551147813,0.014871269406300356,0.5952930671579201,381.72314959967974,45.52311175772639
393.11876598572184,0.00014894467194784616,0.015201986137622272,0.6271451700157501,383.4576460937181,46.73837331220642
393.7350798637618,0.00014463831550158717,0.015292456410514462,0.6365424547015408,383.95497429053734,47.102389882481106
394.3513937418018,0.00014026529771455764,0.015380258480435385,0.6459945473713773,384.4488504190612,47.4710682063524
396.4693512517046,0.00012475568058530016,0.015661029273606023,0.6788725355485029,386.118842660295,48.77356060068912
398.5873087616074,0.00010857065310948588,0.01590823611149414,0.7123096408200086,387.74473150871086,50.13068644053648
399.2036226396474,0.00010374736175808503,0.0159736622112267,0.7221344782194313,388.2092053753558,50.53578706141481
399.8199365176874,9.887764657748178e-05,0.016036109113151648,0.7319986316034814,388.6696718420437,50.94543151485112
401.9378940275902,8.18220701225214e-05,0.016227539369284446,0.7661716028889476,390.22064648478715,52.38758236262782
404.05585153749297,6.43523486920656e-05,0.016382408068448207,0.800711297410934,391.72116734643714,53.882146139549725
404.67216541553296,5.9206536861131955e-05,0.01642048059906045,0.8108199329526637,392.1479979590623,54.32673254574949
405.28847929357295,5.403790282250594e-05,0.016455383356917784,0.8209510126416961,392.570312973061,54.77560759340254
407.40643680347574,3.6140149994228887e-05,0.01655090135683154,0.8559106799457099,393.98639117298393,56.35041420178689
409.52439431337854,1.8121387271232564e-05,0.0166083845298246,0.8910323722413139,395.34643234090726,57.97385633771162
410.1407081914186,1.2872079969460305e-05,0.016617930736401464,0.9012714685914058,395.7313893335726,58.45515507039153
410.75702206945857,7.625331095897497e-06,0.0166242514264993,0.9115154592809306,396.1114042275493,58.94036476354596
412.87497957936137,-1.0344971779824053e-05,0.016621339535169505,0.9467285175919457,397.379005996637,60.63696850048756
414.99293708926416,-2.8134819905485677e-05,0.016580558403655375,0.9818953059200285,398.58613893115285,62.377116032117065
415.60925096730415,-3.326126561234188e-05,0.01656163293363031,0.9921084499542645,398.9258412687482,62.891354921730034
416.22556484534414,-3.836036382457701e-05,0.016539564625840865,1.002309013623491,399.260285788453,63.40903018616834
418.34352235524693,-5.5636287202866924e-05,0.016439943227341332,1.0372399840203688,400.3690613421807,65.21343999328477
420.4614798651497,-7.24536063389855e-05,0.016304217809331622,1.0719217271385169,401.4143825756537,67.05534320350263
421.0777937431897,-7.724696838977303e-05,0.016258080155202043,1.0819561392885892,401.7065242151883,67.59801407000849
421.6941076212297,-8.199141830038846e-05,0.016209010133339145,1.0919613060010946,401.99322292746615,68.14358321238612
423.8120651311325,-9.789023048370626e-05,0.0160183981293218,1.1260952615398072,402.93672013617805,70.03965932393288
425.9300226410353,-0.00011310257252507791,0.015794840073938474,1.1597906197846768,403.81539296570156,71.96664405065333
426.54633651907534,-0.00011738937567439587,0.01572380601783158,1.1695033883012855,404.0588754251868,72.53281893648001
427.1626503971153,-0.00012161060841803421,0.015650155070119475,1.179171696663704,404.2968688783911,73.10132740521892
429.2806079070181,-0.00013559263366384383,0.015377632086225366,1.2120345316499563,405.07285986077636,75.0718998924493
431.3985654169209,-0.00014872356634097907,0.015076397055906954,1.2442897690886734,405.78430139211275,77.06670014048537
432.0148792949609,-0.00015237740403883438,0.014983604743911966,1.2535530124194008,405.9792618779508,77.65136044976137
432.6311931730009,-0.00015595448613214529,0.014888587188945967,1.2627585280238098,406.16882316562123,78.23779889050014
434.7491506829037,-0.0001676463303823922,0.014545732892424928,1.2939330403984393,406.77927352658463,80.26577939766419
436.8671081928065,-0.0001783868425321029,0.014179123207052823,1.3243562454888398,407.3269939775571,82.3116107874875
437.4834220708465,-0.00018132970322505621,0.0140682687261861,1.3330608895704281,407.47473532523315,82.90994981666574
438.09973594888646,-0.00018418984621017232,0.013955627292473493,1.3416968206674358,407.61729009412215,83.50955154991034
440.21769345878926,-0.00019338051739708313,0.013555612972126438,1.3708338895458556,408.06801150059124,85.57891105890201
442.33565096869205,-0.00020157781575066245,0.013137185161444253,1.3991042455953573,408.45916444659383,87.66037024022337
442.95196484673204,-0.00020377571018022404,0.013012268067508211,1.4071623681397516,408.56200690850466,88.2680384216877
443.56827872477203,-0.00020588947271864063,0.01288602212580679,1.4151432547679372,408.65997801556756,88.87651696623696
445.6862362346748,-0.00021251130708409003,0.012442770496495033,1.441968199004479,408.9600447955989,90.97303947071048
447.8041937445776,-0.00021814676219632782,0.011986538658033103,1.4678406093582175,409.2047784726237,93.07675693234286
448.4205076226176,-0.0002196029385659365,0.011851639243564893,1.4751864733978663,409.2658608443487,93.69003211499793
449.0368215006576,-0.0002209772998251433,0.011715866232382731,1.4824490852561842,409.32246558021006,94.3037426093266
451.1547790105604,-0.00022508140762788522,0.011243333564811997,1.5067637484750558,409.48349332782914,96.41551104921244
453.2727365204632,-0.00022824514009562788,0.010763104408800428,1.5300694571642242,409.5942018508096,98.53053145980331
453.88905039850323,-0.00022899258446483495,0.01062220040532437,1.5366594326694047,409.6172604369117,99.14640993460189
454.5053642765432,-0.0002296634012320502,0.010480857137476134,1.5431625792503953,409.63628859881595,99.76243154543091
456.623321786446,-0.00023139358205677765,0.009992454858565137,1.564843866723512,409.67166934842413,101.88004616735678
458.7412792963488,-0.0002322584266198965,0.009501304502899842,1.5854878287672542,409.6622328419124,103.9979508112981
459.3575931743888,-0.00023235235254603912,0.009358129183882066,1.5912994250619938,409.6513828330697,104.61416577013738
459.9739070524288,-0.00023237689803283198,0.009214914566002602,1.5970229020447348,409.63697957610225,105.23031278494312
462.0918645623316,-0.00023194418747501163,0.008723072267447481,1.6160185430930452,409.56115028926695,107.34687540443264
464.2098220722344,-0.0002307401666767405,0.008232963232626017,1.6339743185409124,409.44623155224,109.4616894713752
464.82613595027436,-0.00023025050533656598,0.008090904123902313,1.6390045517900227,409.4057686618111,110.07667078448287
465.44244982831435,-0.00022969991569945228,0.007949162469894756,1.643947447375134,409.36223915208564,110.69144683371147
467.56040733821715,-0.00022735696234898805,0.007465031282888479,1.6602697506569695,409.1900355336879,112.80236419178293
469.67836484811994,-0.00022434734775706925,0.006986568351617614,1.6755726872179069,408.9844752918059,114.91030616610887
470.29467872616,-0.00022335231729231898,0.006848605534766991,1.6798360049890848,408.91870803309047,115.52309862617366
470.9109926042,-0.00022230541902464314,0.006711268730613814,1.6840145873884356,408.8503534771822,116.13561133635815
473.02895011410277,-0.00021832670406204784,0.0062445501293112325,1.6977329326664743,408.5964759669276,118.23827754841791
475.14690762400556,-0.00021378965379276709,0.005786849542471357,1.710472337663599,408.31480476337794,120.33741047638293
475.76322150204555,-0.00021237053198730076,0.005655524747959976,1.7139982932090059,408.2279210786057,120.94756766383755
476.37953538008554,-0.00021090867145827195,0.005525084575562705,1.717443666630503,408.1389091931898,121.55742074711951
478.49749288998834,-0.00020557346005996898,0.005083959102008729,1.7286763396816658,407.81750703555053,123.65083571620224
480.61545039989113,-0.00019978642962987085,0.004654611846258456,1.7389872006057296,407.47357326169214,125.74067418665989
481.2317642779311,-0.0001980233564129784,0.004532023819063647,1.7418180326091592,407.3695402987964,126.34814293752503
481.8480781559711,-0.00019622634745355586,0.004410529845090295,1.744573714669853,407.2638085823636,126.95532037400852
483.9660356658739,-0.00018980585523596633,0.004001668010337987,1.7534795878380254,406.8881733765884,129.03969182584768
486.0839931757767,-0.00018303445865852034,0.0036067761055573002,1.761534302871818,406.49487496648567,131.12080789734014
486.7003070538167,-0.00018100351345919335,0.0034945954182316907,1.7637225461762571,406.3773677805006,131.72581508025905
487.3166209318567,-0.00017894686590945786,0.003383671559802483,1.765842088006915,406.25855513393896,132.3305687066881
489.43457844175947,-0.00017169591885244986,0.003012302852048995,1.7726125304066631,405.840907125694,134.40693365859994
491.55253595166226,-0.00016418747023504702,0.002656564030750626,1.7786129813805787,405.41000854339916,136.48059283683628
492.16884982970225,-0.00016195915497838149,0.0025560600966248277,1.7802191955940136,405.28236218080383,137.0835426141482
492.78516370774224,-0.00015971271391016742,0.0024569325287653893,1.7817639270829702,405.1537632728768,137.68629090979084
494.90312121764504,-0.00015186625583925694,0.0021269466828910096,1.7866151925575606,404.7051109036385,139.7561804600101
497.02107872754783,-0.00014384791658589053,0.0018137613203346463,1.7907853533866251,404.24712599921565,141.82402733863134
497.6373926055879,-0.0001414868880627057,0.0017258340746872168,1.791876015111896,404.1123054011652,142.4254138532085
498.25370648362787,-0.0001391146723365754,0.0016393630663105942,1.7929129565070827,403.9768422698728,143.02665653485082
500.37166399353066,-0.0001308879092320798,0.0013534195683533134,1.7960791569991401,403.50689663984366,145.0918174066145
502.48962150343345,-0.0001225676581668311,0.0010849990068596699,1.7986582977297292,403.031020166703,147.15562092124742
503.10593538147344,-0.00012013311713353189,0.0010102099561254707,1.7993038659506022,402.8916031400025,147.7559586981358
503.72224925951343,-0.00011769373990787661,0.0009369206960903425,1.7999038122499855,402.7518093992591,148.35620915495792
505.8402067694162,-0.00010928371936338149,0.0006965525372851437,1.8016304778555574,402.2689387343179,150.41838712213976
507.958164279319,-0.00010085187637490296,0.00047401955415515346,1.802866940986176,401.7830132339976,152.4798479215307
508.574478157359,-9.839795085325862e-05,0.00041262041123683017,1.8031400856355886,401.6411829363345,153.07962026649213
509.190792035399,-9.594496183609115e-05,0.0003527314464884088,1.8033758528243389,401.4991971736892,153.67935592823684
511.3087495453018,-8.753130979093439e-05,0.0001584415048494806,1.8039140369720872,401.0104106380866,155.7401401123628
513.4267070552046,-7.916033311624965e-05,-1.8073871565388953e-05,1.804059546165792,400.5209196369524,157.80075717823564
514.0430209332446,-7.673579434606344e-05,-6.611312616443836e-05,1.8040335300518455,400.37846423061893,158.40038142781142
514.6593348112847,-7.431727782678011e-05,-0.00011266159162446335,1.8039783546219579,400.2360303726966,159.00001079046925
516.7772923211875,-6.605981045256498e-05,-0.0002613006947921358,1.8035792680335316,399.74698448323574,161.06073353757756
518.8952498310902,-5.790008442778882e-05,-0.00039255433893434834,1.802883780972038,399.25906649971984,163.12172351297843
519.5115637091302,-5.554672880813141e-05,-0.0004275124983774,1.8026310052267707,399.1173845790937,163.72153102783116
520.1278775871702,-5.3203503156279904e-05,-0.0004610245772292805,1.8023571106222513,398.97585791167876,164.3213751433554
522.245835097073,-4.5234426927283064e-05,-0.0005652437947199033,1.801267361184866,398.49088159218513,166.38305935878518
524.3637926069757,-3.740393222778078e-05,-0.0006527316022598976,1.799974598080797,398.00836164907736,168.44531967598553
524.9801064850158,-3.515309426225891e-05,-0.0006750894078113588,1.7995653610318205,397.8684725659195,169.04554785935676
525.5964203630558,-3.2915046682452214e-05,-0.0006960645652334336,1.7991427462796832,397.7288305588578,169.64583352013113
527.7143778729586,-2.532516991132423e-05,-0.0007577115015914464,1.7976004210032606,397.2509660150103,171.70917760297505
529.8323353828613,-1.789515866213692e-05,-0.0008034526956341959,1.7959443739782084,396.7764017801457,173.7732831161702
530.4486492609013,-1.5763688096957307e-05,-0.0008138240248460946,1.7954459447269833,396.63895997907224,174.37407639717856
531.0649631389414,-1.3645922318653239e-05,-0.0008228859522055508,1.7949415008414091,396.5018169966407,174.9749379310882
533.1829206488442,-6.473492690109023e-06,-0.0008441636640513142,1.7931734795656318,396.032872908123,177.04032756630363
535.3008781587469,5.384736027902152e-07,-0.0008504204019644494,1.7913762998925293,395.5676113343576,179.1065498234553
535.9171920367869,2.5492638239976465e-06,-0.0008494683467021528,1.7908524170754034,395.4329233617607,179.70796643865557
536.533505914827,4.547047876325588e-06,-0.0008472805679735821,1.7903294769243885,395.2985478651619,180.30945295253161
538.6514634247297,1.1315008404099606e-05,-0.0008304574900749192,1.7885502850207602,394.8391596635412,182.3769889765555
540.7694209346324,1.7938505479341137e-05,-0.00079945314307683,1.7868217413440004,394.3833983370243,184.4453275874513
541.3857348126725,1.9839980563314083e-05,-0.0007878111849486412,1.7863325666775631,394.25144075716105,185.04734915924178
542.0020486907125,2.1730224235759576e-05,-0.0007750000927243179,1.7858509057515024,394.1197732104011,185.64943426495154
544.1200062006153,2.814364595421078e-05,-0.0007221634835966668,1.7842630664103736,393.6694642008906,187.71896673607756
546.237963710518,3.44367243560262e-05,-0.0006558709607918653,1.7828013822890554,393.222311228248,189.78918354776397
546.854277588558,3.624673915071449e-05,-0.0006340892594494411,1.7824038248428669,393.09274770606635,190.3917248805139
547.4705914665981,3.8047540554686905e-05,-0.0006111942323216889,1.7820200169377969,392.96341748247306,190.9943163824741
549.5885489765009,4.416902198848586e-05,-0.0005241112484035707,1.780815482686677,392.5206553476834,193.06547666399103
551.7065064864036,5.019196954885984e-05,-0.00042416757218960704,1.7798090056952454,392.08018312993664,195.13712530695847
552.3228203644437,5.192708170388224e-05,-0.0003926987501979574,1.779557235963299,391.952379517705,195.7400423832189
552.9391342424838,5.365442165979015e-05,-0.00036016263071868146,1.7793251745730867,391.8247197387025,196.3429899746132
555.0570917523866,5.9533241299340597e-05,-0.0002402838710188367,1.7786871332502334,391.38696556761727,198.41521462100303
557.1750492622892,6.532464103482605e-05,-0.00010804659693520644,1.778316077450938,390.95025697053666,200.4876599649108
557.7913631403293,6.69937010546906e-05,-6.727146786673984e-05,1.7782620064097623,390.82329424087027,201.09075468798358
558.4076770183693,6.865529974071593e-05,-2.5470099798017183e-05,1.7782333672234536,390.6963545127942,201.6938542596998
560.5256345282721,7.430858045523482e-05,0.00012594178405790106,1.7783376684641903,390.26010520239663,203.76639632991734
562.6435920381748,7.987023325229728e-05,0.00028923004424077643,1.7787752304716429,389.82329440397956,205.83882006796307
563.2599059162148,8.147074666001828e-05,0.0003389489965274706,1.7789687651298094,389.6959803505569,206.44184075156454
563.8762197942549,8.306276349291262e-05,0.0003896511639521356,1.779193228622183,389.5685384276484,207.04483435683142
565.9941773041577,8.846687449164326e-05,0.0005713170864579515,1.7802088743027438,389.12936676284687,209.11675916063922
568.1121348140604,9.375948163492864e-05,0.0007643106062238653,1.7816212763730106,388.68768012735615,211.1881489403258
568.7284486921004,9.527716256419273e-05,0.0008225645051552619,1.7821102441251868,388.55856155732124,211.79078586284498
569.3447625701405,9.678409002763284e-05,0.000881749482897639,1.7826353805461932,388.4291357196306,212.39335668501914
571.4627200800433,0.00010187677375398456,0.0010921525994862338,1.784723824194822,387.98173469626806,214.46351993032374
573.5806775899459,0.00010682507835969138,0.0013131889093971928,1.7872691530301603,387.5295387069997,216.53264031338887
574.196991467986,0.00010823575307603482,0.001379462682687812,1.7880988795756387,387.3969162253714,217.13451589406984
574.813305346026,0.00010963243646803878,0.0014466002756378452,1.7889696906066213,387.26378048704515,217.7362778018233
576.9312628559288,0.00011432013261033733,0.0016837944032886837,1.7922829948170969,386.80201917710735,219.8032849169576
579.0492203658315,0.0001188202052716205,0.0019307181829079187,1.7961089696062615,386.33288264861096,221.8686292868529
579.6655342438715,0.00012009180634294746,0.002004342210503549,1.7973215610230353,386.1948300979121,222.4692826977802
580.2818481219116,0.00012134538575528032,0.0020787428504645145,1.7985797323620134,386.05603428981914,223.06976423703628
582.3998056318144,0.0001255093984113138,0.0023401990562808483,1.8032577861274424,385.5730320887084,225.13191064011875
584.5177631417171,0.0001294341211348406,0.0026102210610185585,1.8084986640265663,385.07980920485574,227.19163434817023
585.1340770197571,0.0001305281739255022,0.002690332233593774,1.8101320514546733,384.93419960826793,227.79050075740543
585.7503908977972,0.00013159953507934255,0.002771108955193514,1.8118149737099918,384.7875961599738,228.3891238302708
587.8683484077,0.00013510079302702906,0.0030535914680064375,1.8179819545295246,384.2758215163959,230.444317458446
589.9863059176026,0.00013830441662011849,0.003343174307925506,1.824754740404043,383.75076154623355,232.49615430422645
590.6026197956428,0.000139177354870894,0.003428684580929341,1.8268415326960168,383.59530121354936,233.0925395221619
591.2189336736828,0.000140022448030896,0.0035147224019140954,1.8289811349170186,383.43858027374336,233.68859360252608
593.3368911835856,0.00014270612783181895,0.0038141896077010505,1.836741361244953,382.8899793858386,235.7342632488586
595.4548486934883,0.00014502917416179121,0.004118958830092481,1.8451414611132941,382.3248683059687,237.7754298863488
596.0711625715284,0.00014563384500782594,0.004208531328813548,1.8477076456945654,382.1571405715189,238.36848196081792
596.6874764495684,0.00014620523316207052,0.0042984643095233055,1.850329081881974,381.9878749086957,238.96109548969773
598.8054339594712,0.0001479064690426066,0.004609997458465106,1.8597623972254897,381.3940351178809,240.99409136874718
600.9233914693739,0.00014918217386821196,0.004924683124369458,1.8698588649898769,380.7803734524079,243.02118730548358
601.5397053474139,0.0001494698746525026,0.005016717783054246,1.8729224027911975,380.597893206479,243.60986753948782
602.156019225454,0.0001497188498606343,0.005108915957544025,1.8760426385304507,380.4135940026608,244.19797908418346
604.2739767353568,0.0001502706748328677,0.00542668469591103,1.887199500803588,379.7659452999582,246.2144753653187
606.3919342452594,0.00015033407636006054,0.005745104946070407,1.899030073699707,379.0951648331565,248.22338962508343
607.0082481232995,0.00015025743593816504,0.005837737461755095,1.9025994498542793,378.8954444532719,248.80644648886525
607.6245620013395,0.0001501370100054689,0.0059303076053475725,1.9062258131312535,378.6936285127441,249.38877924740228
609.7425195112423,0.00014938152908757868,0.006247587396428384,1.9191223293106914,377.98368424688914,251.3841916968537
611.860477021145,0.00014808200627982378,0.006562690982222386,1.9326885260512223,377.24740343992346,253.37003050702413
612.4767908991851,0.00014759888575388436,0.006653810322290318,1.9367613430355903,377.0280298053213,253.9459808393736
613.0931047772251,0.00014706779216728432,0.006744615880735936,1.9408901290928275,376.8062977304988,254.5210249739353
615.2110622871279,0.0001448706428828844,0.007053875956397387,1.9555033696975208,376.02593189831,256.48995975240985
617.3290197970306,0.00014208722013975676,0.0073578617120941756,1.9707660246091836,375.2162455419153,258.4470121249151
617.9453336750706,0.00014116527758067143,0.007445151057230014,1.975327753537732,374.97496645095515,259.01413465549695
618.5616475531107,0.0001401925705876004,0.007531855890980852,1.979943002338997,374.7310899254191,259.58014252736086
620.6796050630135,0.00013645888416451255,0.007824931383420157,1.9962070233220175,373.8728432041852,261.5163938015293
622.7975625729161,0.00013211623747712173,0.008109454210677545,2.0130827086544905,372.98263610550555,263.438152747088
623.4138764509562,0.00013073755697451527,0.008190457267640436,2.0181057336887225,372.71745266167204,263.9944990665452
624.0301903289962,0.00012930721698198408,0.008270594789297106,2.0231783160214323,372.44946719426,264.54949846323416
626.148147838899,0.00012399718587464566,0.00853894582618529,2.040981360736817,371.5068675261241,266.4461119207119
628.2661053488017,0.00011808059456846747,0.008795408108447691,2.0593401716074955,370.5301354661167,268.3253674050054
628.8824192268418,0.00011624588111004297,0.008867619793687165,2.064783264710399,370.2393950707899,268.8687948195713
629.4987331048818,0.00011436092484592956,0.008938686186632544,2.0702704134429673,369.9456926278242,269.4106244747852
631.6166906147846,0.0001075031738466547,0.009173737032702918,2.0894537558067343,368.913569604737,271.26004031668424
633.7346481246873,0.00010007045908340482,0.009393654579132412,2.1091189000323314,367.8457244901857,273.0890552748456
634.3509620027273,9.780219364330796e-05,0.009454632105650526,2.114927250006118,367.5282073195769,273.61728434090065
634.9672758807674,9.548766721907376e-05,0.009514199276994694,2.120772657852041,367.20762155650965,274.1436542967473
637.0852333906702,8.718818618067387e-05,0.009707739571617175,2.141131480948583,366.0823883751489,275.9379364157106
639.2031909005728,7.837624823541684e-05,0.009883159237068886,2.1618810248042695,364.92051986113404,277.70870900872933
639.819504778613,7.572008387327778e-05,0.009930645988965864,2.1679869131562874,364.5755105429638,278.2194059472794
640.435818656653,7.302421400127952e-05,0.009976486199241541,2.1741214846442487,364.2273862816087,278.7279826176062
642.5537761665558,6.346830366675794e-05,0.010121103133297655,2.1954080555243696,363.00726020065656,280.4591307262077
644.6717336764585,5.349166174257604e-05,0.010245035509481817,2.2169790144186905,361.75032466921004,282.1637351595537
645.2880475544986,5.051530414413749e-05,0.010277086014509516,2.2233031779161156,361.37766077419167,282.6546160463765
645.9043614325386,4.750805081431749e-05,0.01030729603323589,2.2296464680832897,361.0018994154135,283.1431284857831
648.0223189424414,3.695270028457895e-05,0.010396792148772004,2.2515756604832253,359.6870329724984,284.8034581340716
650.1402764523441,2.6091539114797734e-05,0.01046360863341315,2.273670384605878,358.33594399523327,286.43444433379244
650.7565903303841,2.2880412024949242e-05,0.010478698898209533,2.280124029254861,357.9360342802215,286.9033944741537
651.3729042084242,1.9648762161309036e-05,0.01049180757805492,2.286586324101959,357.5331083340992,287.3697548949734
653.490861718327,8.403455898579244e-06,0.010521545646434552,2.30884325558274,356.12561004366705,288.9523187350474
655.6088192282297,-3.019561719341327e-06,0.010527278441414212,2.331137749954236,354.6832129526163,290.5031404124644
656.2251331062697,-6.3696858197754075e-06,0.010524383605659606,2.3376250867284756,354.2570211394147,290.9483393915125
656.8414469843098,-9.729273516787832e-06,0.010519425052124894,2.34410998515657,353.827954060001,291.39076816758535
658.9594044942125,-2.1329182445092608e-05,0.01048654289703116,2.3663592036941523,352.3317888192065,292.889783218972
661.0773620041152,-3.2974927598808786e-05,0.010429044088119607,2.388512710710999,350.8027151038103,294.355217106594
661.6936758821553,-3.6365072779428814e-05,0.010407674432039672,2.3949338014586017,350.3517090413284,294.7752584401569
662.3099897601953,-3.975356559718824e-05,0.010384219772095207,2.401341082412213,349.89802070756167,295.1924024545136
664.4279472700981,-5.136818423989907e-05,0.010287708910372872,2.4232365416534334,348.31879496120564,296.6036448801202
666.5459047800008,-6.289858288782411e-05,0.010166687967056762,2.4449016393345895,346.7092074474966,297.980163016813
667.1622186580408,-6.623092904239299e-05,0.01012689325271644,2.451155345914822,346.23527793549425,298.3741575052269
667.7785325360809,-6.955078964012195e-05,0.010085052365377526,2.4573839199372207,345.75890052303697,298.7651910648666
669.8964900459837,-8.084750248480037e-05,0.009925746741114336,2.4785791146954375,344.1035519529831,300.0863226286563
672.0144475558864,-9.193442006159077e-05,0.009742737327776117,2.4994118051013317,342.4208054408999,301.372384233773
672.6307614339264,-9.511441714739434e-05,0.009685093914387178,2.505398709555513,341.9261627337562,301.74003782096383
673.2470753119665,-9.82715306397856e-05,0.009625501256661402,2.5113495309794454,341.42933533870996,302.1047372034785
675.3650328218692,-0.0001089303963367136,0.009406020630743363,2.5315074311254393,339.7057582001223,303.33553491372965
677.4829903317719,-0.00011925958253061172,0.009164314103765113,2.551176943874457,337.95800979456703,304.5317730796296
678.0993042098121,-0.00012219690968764965,0.009089904178665852,2.5568021737004036,337.44506822154204,304.8734327659101
678.7156180878521,-0.00012510148669918805,0.009013697396487056,2.5623810530417055,336.93022084952423,305.21221829520954
680.8335755977549,-0.00013481810339098957,0.008738369961707642,2.58118366470067,335.1468645054247,306.35468903718623
682.9515331076576,-0.00014409215665337383,0.008442931810904447,2.599381847730443,333.3426722463798,307.4639784390294
683.5678469856977,-0.00014670169137863393,0.008353317884709787,2.6045577746522817,332.813934264398,307.7806430749062
684.1841608637377,-0.00014926931035409122,0.008262111641493238,2.609678061310911,332.28357250376865,308.0945859298813
686.3021183736405,-0.00015775917859705513,0.007936878720942165,2.626835519619348,330.449051799891,309.1529593723595
688.4200758835432,-0.00016570357648075507,0.007594242261709731,2.643285718443509,328.59699927621443,310.1803626746799
689.0363897615832,-0.0001679075485500362,0.007491433659372267,2.647934498779286,328.0549496357189,310.47365876954956
689.6527036396233,-0.00017006151053495133,0.007387284702819621,2.6525195999319378,327.5115505391829,310.7644530127893
691.7706611495261,-0.00017706993219926322,0.007019568267661565,2.6677786527906426,325.63430274912315,311.74505710032776
693.8886186594287,-0.0001834459778519829,0.006637677965968424,2.682243888040452,323.7426817609052,312.6976582544233
694.5049325374688,-0.00018517835582916974,0.006524079765059049,2.686299777453837,323.18970053226354,312.96978387536745
695.1212464155088,-0.0001868543230882664,0.0064094331232217115,2.69028544009178,322.6356281732627,313.2396870736262
697.2392039254116,-0.00019217424194757437,0.0060079272042930666,2.7034370195617403,320.72364328364296,314.15071985625434
699.3571614353143,-0.00019679884353781708,0.005595890249480161,2.715727074412164,318.80021744692397,315.0373611437261
699.9734753133544,-0.00019801126595087,0.0054742229170533134,2.719138387303748,318.2385177898568,315.2910033452137
700.5897891913944,-0.00019916318666917817,0.005351827972776482,2.722474606996756,317.675964016936,315.54275144738193
702.7077467012972,-0.00020265484914150283,0.004926182671602483,2.7333599710187557,315.736604487342,316.39397032518104
704.8257042111999,-0.00020541823697983448,0.004493913405038342,2.7433368217399554,313.7884653960311,317.224916402657
705.4420180892399,-0.00020608464127548049,0.004367102483834743,2.7460673658990946,313.2200585819654,317.46314930460943
706.05833196728,-0.0002066891376611264,0.004239899925153914,2.748719753017621,312.651011090321,317.6998530303431
708.1762894771828,-0.00020829318417134847,0.0038003139252262823,2.757234632163873,310.6909253496626,318.5022072142236
710.2942469870854,-0.00020916895869664743,0.0033581018475059487,2.7648157058797365,308.724440936259,319.2887629166554
710.9105608651255,-0.0002092879404256778,0.003229148570296646,2.7668455560446676,308.15112766278406,319.51493432142286
711.5268747431655,-0.00020934642888772122,0.003100139617152934,2.7687960296193794,307.5773640492249,319.73996497496904
713.6448322530683,-0.00020908936198008155,0.0026569023331227412,2.7748923887352075,305.60248634726895,320.5051983577896
715.762789762971,-0.00020813726022305068,0.002214945533019585,2.7800513461219274,303.6233299997708,321.2593071005668
716.379103641011,-0.00020773239211883314,0.002086790235827227,2.7813768852105647,303.0467139558499,321.4769213274172
716.9954175190511,-0.000207271185479547,0.0019588999143234044,2.782623630356022,302.4698174195306,321.6937936421271
719.1133750289539,-0.000205264137741678,0.001521922459541784,2.7863088791643187,300.4854370122707,322.43404351608535
721.2313325388566,-0.00020262641546296294,0.001089863717529359,2.7890738371029244,298.49867758335483,323.1678904511489
721.8476464168966,-0.00020174475912977923,0.0009652525378716648,2.7897070550019194,297.9201950325979,323.38049413992866
722.4639602949367,-0.00020081338656739137,0.0008411973505035882,2.7902637402274597,297.3415853139838,323.592752775669
724.5819178048395,-0.00019724489197959195,0.0004195668639250936,2.791597427956744,295.3524618370327,324.32016609442013
726.6998753147421,-0.00019313686042219993,6.065655446184617e-06,2.7920467289633732,293.3626901428584,325.0458060228291
727.3161891927823,-0.00019184579654675017,-0.00011257001318883602,2.7920138230404743,292.7836482794284,325.2568823983411
727.9325030708223,-0.00019051364078486295,-0.00023040061775414457,2.7919081274614754,292.204620554314,325.4679974363127
730.0504605807251,-0.00018563662977923124,-0.0006288113521837464,2.790996337106677,290.21512048866,326.19438185483716
732.1684180906278,-0.00018033134257264643,-0.0010164392491300315,2.7892521485406783,288.22658754042914,326.9234073981292
732.7847319686679,-0.00017871366934345696,-0.001127081295373129,2.7885915208208765,287.64820456026325,327.13628318594573
733.4010458467079,-0.00017706486704496645,-0.0012367203784976674,2.7878630719450714,287.0699693185058,327.3495586698439
735.5190033566107,-0.00017117750700774092,-0.0016055556668972803,2.784850904033149,285.08420045028936,328.086081212433
737.6369608665134,-0.00016498411984555903,-0.0019615977006687815,2.781071106437099,283.1009459666295,328.8293424794059
738.2532747445534,-0.0001631312994637641,-0.0020627079473745785,2.77983090443854,282.5243869812429,329.04711044622644
738.8695886225935,-0.00016125780826370807,-0.0021626735651366713,2.7785287794797426,281.9481051954141,329.2656088097885
740.9875461324963,-0.00015467847850412716,-0.0024972756534764585,2.7735914986495165,279.9700309863732,330.0225509216407
743.105503642399,-0.00014791629672261962,-0.0028177493645352926,2.767960506464842,277.9959865626616,330.7899338692456
743.721817520439,-0.00014592090417461236,-0.0029082960641100817,2.7661959072697435,277.4223913003853,331.0153927899758
744.338131398479,-0.0001439150260086454,-0.0029976132089177673,2.764375902180363,276.849201052034,331.24187684081943
746.4560889083818,-0.00013695770851125885,-0.003295063202180846,2.7577094783937994,274.8827235020697,332.02845054467974
748.5740464182845,-0.0001299339049129389,-0.0035777074852331664,2.7504287470927467,272.92178173333224,332.8287171969867
749.1903602963246,-0.00012788370267968288,-0.003657154156567011,2.7481992036603713,272.35228200579866,333.0643298801278
749.8066741743646,-0.0001258323984261766,-0.00373534004163777,2.7459210870008035,271.7833147717446,333.3012228454849
751.9246316842674,-0.00011878909305870848,-0.003994382263187084,2.7377328495647575,269.832321299406,334.12544880305836
754.0425891941701,-0.00011178398073904561,-0.004238547508865041,2.7290117261115823,267.8883689178098,334.9661387715782
754.6589030722101,-0.00010975813851740939,-0.004306815410021558,2.7263783521072593,267.3240957442505,335.21400774423273
755.2752169502502,-0.00010773946139125881,-0.0043738396595629035,2.7237032732968602,266.7604824315367,335.463370880234
757.393174460153,-0.00010086945696199343,-0.0045947293976642345,2.7142032051246834,264.8288585167332,336.33201593535335
759.5111319700557,-9.412792269162692e-05,-0.004801204805460453,2.704250566342392,262.90577733814797,337.2194058141851
760.1274458480957,-9.21948923380755e-05,-0.004858619501465053,2.7012737737919146,262.3478591829126,337.48126549932766
760.7437597261357,-9.027601263155764e-05,-0.004914849433748005,2.698261933794749,261.7907275134021,337.7447920238194
762.8617172360385,-8.380017572478545e-05,-0.005099156575460416,2.687654931390995,259.8823416264887,338.6633614507301
764.9796747459412,-7.752742221155412e-05,-0.005269963230762463,2.6766718710206097,257.9839851967025,339.6024765720332
765.5959886239814,-7.57439314340634e-05,-0.005317192838771833,2.6734093257123543,257.43353983194316,339.87970022611955
766.2123025020214,-7.398022765677224e-05,-0.005363331100978487,2.6701179705054052,256.8840056729423,340.15872378810224
768.3302600119242,-6.807849955725542e-05,-0.005513722112841558,2.6585972449835054,255.0026759572854,341.1315017088675
770.4482175218269,-6.243831898249688e-05,-0.005651890488626977,2.6467709412005425,253.13283199630706,342.12617315028086
771.064531399867,-6.084898022171118e-05,-0.005689880326781859,2.643275867152882,252.59095500709174,342.4197923926951
771.680845277907,-5.928368349348461e-05,-0.0057268992951809644,2.6397576324707464,252.05011068956557,342.71530786670604
773.7988027878098,-5.40940757709669e-05,-0.0058469103613615,2.627499330724754,250.199563941814,343.74543792480705
775.9167602977125,-4.9207999149122615e-05,-0.005956251491879757,2.614998149875054,248.36191309095574,344.7983964050055
776.5330741757525,-4.78450564880116e-05,-0.0059861571698373375,2.6113179957904444,247.8296660380249,345.1091308270812
777.1493880537926,-4.650899278933641e-05,-0.006015231870328387,2.6076196148835074,247.29856865013446,345.42182488677764
779.2673455636954,-4.212652915493475e-05,-0.006109037049761282,2.594778694833683,245.4824015780493,346.5114221876649
781.385303073598,-3.807243040895436e-05,-0.006193908088868526,2.581748560464407,243.6804818433249,347.6244195201609
782.0016169516381,-3.69552766358933e-05,-0.006217026695809136,2.577924036677834,243.15888268034146,347.95271360092966
782.6179308296781,-3.5866352979798024e-05,-0.006239465696886306,2.5740854197837755,242.63854486539316,348.28300227495043
784.7358883395809,-3.2341124123173424e-05,-0.0063116367674944576,2.5607928138399565,240.86019573774973,349.43328681134966
786.8538458494836,-2.915130467370348e-05,-0.006376696744607978,2.547354883132079,239.09737975284978,350.6072349062711
787.4701597275237,-2.828598728904461e-05,-0.006394395016688722,2.5434193830619787,238.5873973663969,350.953299285973
788.0864736055637,-2.7448756452366667e-05,-0.006411568335543345,2.539473083113794,238.0787823979799,351.30136953389837
790.2044311154665,-2.4785026862307017e-05,-0.006466825411604256,2.525834202779174,236.34151840948869,352.51281083114867
792.3223886253692,-2.2446463909241857e-05,-0.006516785166135941,2.5120839000562913,234.62100760920174,353.7479279128378
792.9387025034092,-2.182601083056021e-05,-0.0065304269373044075,2.508063318515929,234.12356143292064,354.11178201705536
793.5550163814493,-2.1232099869246275e-05,-0.006543693727911697,2.5040343939067125,233.62758341177695,354.4776343235669
795.6729738913521,-1.9390612492627393e-05,-0.0065866594909120965,2.4901289963748825,231.93450584048364,355.75009706533945
797.7909314012547,-1.7848430606783648e-05,-0.006626042020049761,2.4761363937511693,230.25934237486564,357.04605108361403
798.4072452792948,-1.7454056639319783e-05,-0.006636919988081888,2.4720493324140285,229.77530709083865,357.42756424112656
799.0235591573348,-1.7083457995721483e-05,-0.006647561065895706,2.467955594123868,229.29283617797026,357.8110534041291
801.1415166672376,-1.5986430325331286e-05,-0.006682535439464099,2.4538389436859487,227.6469023099158,359.1439346283698
803.2594741771403,-1.51496661890642e-05,-0.006715461968592736,2.439650387634629,226.01999661720015,360.49997499641563
803.8757880551804,-1.4952576568214627e-05,-0.006724737816780046,2.4355087122688652,225.55021115455745,360.89890358862124
804.4921019332204,-1.4775498119972013e-05,-0.006733896896507033,2.4313613175600715,225.08208297304932,361.2997752957505
806.6100594431232,-1.4313327328669905e-05,-0.006764664117929071,2.4170664948807024,223.48614125899843,362.69212536014055
808.7280169530259,-1.4062077111884119e-05,-0.006794675841660202,2.4027073085896657,221.91031099685534,364.1071959887007
809.3443308310659,-1.4025612379985705e-05,-0.006803331256259913,2.3985170048064246,221.4555904499522,364.5232147386096
809.960644709106,-1.400465309926636e-05,-0.00681196729332223,2.394321342700236,221.0026182265049,364.94113611063705
812.0786022190088,-1.4043550966996977e-05,-0.006841642503063206,2.379862503387166,219.45945141094322,366.3917577236358
814.1965597289114,-1.4236800258379564e-05,-0.006871563551713701,2.365340552902582,217.93746603805073,367.86458652384323
814.8128736069516,-1.4318741926761519e-05,-0.006880363481382356,2.3611028166820494,217.49861477638265,368.29731268734287
815.4291874849916,-1.4411201701995216e-05,-0.006889215348383007,2.3568596206739914,217.06160246954528,368.7318956263715
817.5471449948944,-1.4801180255117618e-05,-0.006920134111117548,2.3422359762593525,215.57397251664804,370.23941752767263
819.6651025047971,-1.5284810202995587e-05,-0.006951978006694787,2.3275458675229554,214.10859719616195,371.7685798528213
820.2814163828372,-1.5439704241399648e-05,-0.006961446628923895,2.323258361967057,213.6864213109318,372.2175897410814
820.8977302608772,-1.5599908647825094e-05,-0.006971010511207756,2.318964981156988,213.26617586881716,372.66840658553366
823.01568777078,-1.6182718416844652e-05,-0.00700466202084095,2.3041652646691784,211.83686432166,374.2313307166114
825.1336452806827,-1.679735434749351e-05,-0.007039581600030295,2.2892929328551,210.43089687618237,375.8152864164298
825.7499591587227,-1.697877619500514e-05,-0.007049990862018251,2.284951141827517,210.02621416852065,376.28012430670907
826.3662730367628,-1.716032669731701e-05,-0.007060510188545933,2.2806029012118962,209.62355513735673,376.74671591729185
828.4842305466656,-1.7777113480020048e-05,-0.007097513181976913,2.2656100805320794,208.25539294990674,378.3634390079707
830.6021880565683,-1.8365647396828882e-05,-0.007135792584421574,2.2505375373944068,206.91168819116376,380.0005447652848
831.2185019346083,-1.8528362655211267e-05,-0.0071471628502917045,2.246136148473547,206.525334112471,380.4807248202908
831.8348158126483,-1.8686290715469283e-05,-0.0071586302701760205,2.2417277311120816,206.14109903678303,380.9626017757136
833.9527733225511,-1.91849024294902e-05,-0.007198749858693716,2.2265237412934793,204.8369807718243,382.63141411277417
836.0707308324538,-1.959966230540812e-05,-0.007239836688320527,2.211233755603294,203.55845752401072,384.31991446788317
836.6870447104939,-1.9701689140264124e-05,-0.007251948935610914,2.2067680076607714,203.191285793086,384.8149167686713
837.3033585885339,-1.9794501261184406e-05,-0.007264119779780265,2.2022947943723796,202.82633017304934,385.31155482553754
839.4213160984367,-2.0036427772959073e-05,-0.007306323254697771,2.1868650704382193,201.58920865082285,387.03062053304194
841.5392736083394,-2.0145959105369172e-05,-0.007348898916005522,2.1713455671999315,200.37883608815687,388.76862245262896
842.1555874863794,-2.0150507773379728e-05,-0.007361317884435031,2.166812501042119,200.03171310782704,389.27788465088304
842.7719013644195,-2.014211544333584e-05,-0.007373734505856373,2.1622718064409012,199.68690408581216,389.7887160130725
844.8898588743223,-2.0008996038588056e-05,-0.007416283948575899,2.1466094092968073,198.51976302644076,391.55604044028746
847.007816384225,-1.9704379298286593e-05,-0.007458369838017536,2.1308573851340347,197.3805244942057,393.3414774289131
847.624130262265,-1.9581655411206902e-05,-0.007470477423920279,2.1262569391870287,197.05431715694812,393.8643838320427
848.240444140305,-1.944315526880461e-05,-0.007482503694934531,2.1216490864805864,196.73052057907717,394.38878607096495
850.3584016502078,-1.8842764618611963e-05,-0.007523082794663796,2.1057582275537645,195.63632446166724,396.20217681043573
852.4763591601105,-1.8043367399753012e-05,-0.0075621795487782915,2.0897829935904384,194.57115870541955,398.0327693399087
853.0926730381507,-1.777219621157317e-05,-0.00757321758938269,2.085118890859657,194.26671570165658,398.5686394388321
853.7089869161907,-1.748347735670026e-05,-0.007584082679854283,2.0804480721775263,193.96477673006905,399.1059240883112
855.8269444260935,-1.6355061401149442e-05,-0.007619954579731927,2.064346858090506,192.9463989537977,400.9629526620282
857.9449019359962,-1.5013574686794153e-05,-0.007653210905155337,2.048172438681523,191.95812060144837,402.8361720256747
858.5612158140362,-1.4582808659384916e-05,-0.007662332279324097,2.043452816451415,191.6762479124753,403.3842505351064
859.1775296920763,-1.4133925393143399e-05,-0.007671182611216989,2.0387276908443948,191.3969659359953,403.93365342744846
861.2954872019791,-1.2452695414626698e-05,-0.007699374736135655,2.0224499290302824,190.45709835922034,405.8316246900776
863.4134447118818,-1.0559232751869319e-05,-0.0077237813374917245,2.0061164662825055,189.54830151859076,407.744667178403
864.0297585899218,-9.968861029467338e-06,-0.007730107987009544,2.001354206719707,189.28973336620754,408.3041175545423
864.6460724679619,-9.361108027294696e-06,-0.007736065922705243,1.9965881948777544,189.03383254752822,408.8647928392506
866.7640299778647,-7.141610463950684e-06,-0.007753576475473682,1.9801841264207654,188.17488150675322,410.80072855897293
868.8819874877673,-4.726502816262242e-06,-0.007766179079786043,1.9637481687701817,187.3478323436203,412.7505060122453
869.4983013658074,-3.988343091193302e-06,-0.0077688650498443515,1.958960897465831,187.11319944336884,413.32040911931995
870.1146152438474,-3.2348761873879003e-06,-0.007771092323846161,1.954172141419608,186.88129681066778,413.8914285904189
872.2325727537502,-5.325799793812037e-07,-0.007775110812238895,1.937708001894735,186.10527263256975,415.8620704130309
874.3505302636529,2.333075607326186e-06,-0.007773232957972427,1.9212415954837985,185.36179860521145,417.845221687404
874.966844141693,3.195448763598721e-06,-0.007771529336868095,1.916451328180198,185.15159607300336,418.42458079301014
875.583158019733,4.069792583697367e-06,-0.007769291900731798,1.9116622982522722,184.94416955367018,419.0049396376155
877.7011155296358,7.160074731576249e-06,-0.007757420408248301,1.8952186626790755,184.2525781425612,421.0067747095228
879.8190730395385,1.0367630757896086e-05,-0.007738879638936197,1.8788072330450087,183.59396291917602,423.01970041720676
880.4353869175785,1.1320157163622032e-05,-0.0077321960182474905,1.8740396737431677,183.4085205249919,423.60745301899624
881.0517007956186,1.228029746030081e-05,-0.007724924650454915,1.8692764293496635,183.22587963802462,424.19608240389
883.1696583055214,1.5630646743758108e-05,-0.007695378375348904,1.8529453921895602,182.61962560526493,426.2253924031654
885.287615815424,1.904231077975111e-05,-0.007658671271796889,1.836684515949898,182.04651919914852,428.26431258102053
885.9039296934641,2.0043327578120348e-05,-0.007646626018373638,1.8319680455033527,181.88597672994334,428.85934875163355
886.5202435715041,2.104700954676948e-05,-0.007633964769719874,1.827259193678186,181.7282386837602,429.45513483900095
888.6382010814069,2.4508528482814036e-05,-0.007585722705523822,1.8111405737281598,181.20754927571468,431.50806626588184
890.7561585913096,2.797164942070629e-05,-0.007530147594815575,1.7951318939607548,180.71990220019057,433.56909768581886
891.3724724693496,2.89763993905872e-05,-0.0075125976484870065,1.790496335590667,180.58419237568825,434.17028376855677
891.9887863473897,2.997882509018519e-05,-0.0074944308741355485,1.785871779170643,180.45126595172883,434.7720919021019
894.1067438572925,3.33981063453734e-05,-0.007427306232168776,1.7700687088168068,180.01564338849985,436.84474261767247
896.2247013671952,3.676176029474623e-05,-0.007352998605924154,1.754415412230269,179.61267140151753,438.92398974785795
896.8410152452352,3.772710112380061e-05,-0.007330043175387458,1.7498907049884431,179.5015120283891,439.5301954911459
897.4573291232753,3.86855496596989e-05,-0.007306496400144315,1.7453803145643956,179.39309082815274,440.1368975726475
899.575286633178,4.191969538569509e-05,-0.0072211185183617705,1.7299946897821883,179.04129758501026,442.2254123091474
901.6932441430807,4.504823139059999e-05,-0.0071290026918016764,1.7147970270662518,178.72148012013474,444.319064064992
902.3095580211209,4.593627344577073e-05,-0.007100963953373496,1.7104119446863837,178.63437610540947,444.9291908260564
902.9258718991609,4.6813622814628654e-05,-0.00707238236634729,1.706044289798876,178.54994165780158,445.53969348575373
905.0438294090637,4.974139368855924e-05,-0.006970107073030685,1.6911725244710165,178.28001944335375,447.6403599588247
907.1617869189664,5.2524220262345236e-05,-0.006861784378338864,1.676523777938292,178.04113105451174,449.7447838263982
907.7781007970065,5.33049400977734e-05,-0.00682917119039584,1.672304802247539,177.9773858239743,450.3577914157634
908.3944146750465,5.4072170804101196e-05,-0.0067960817770218685,1.6681060474459175,177.91621998776543,450.97106256565417
910.5123721849493,5.660186737764422e-05,-0.00667885007915427,1.6538354672812572,177.72553965885857,453.0804001060474
912.630329694852,5.896021372354264e-05,-0.006556442047681687,1.639818660498809,177.5647105404125,455.1922259926229
913.246643572892,5.961321094477398e-05,-0.0065199017452377194,1.6357890879519938,177.52344551117736,455.8071560399682
913.8629574509321,6.0251071859162334e-05,-0.006482964030479558,1.6317821291632044,177.48465073544023,456.4222477429663
915.9809149608349,6.232546218873201e-05,-0.006353125635774521,1.6181882418411022,177.36998759205667,458.5370817948326
918.0988724707375,6.421600014584884e-05,-0.006219088466248969,1.6048737931354697,177.2837867630605,460.6532697267599
918.7151863487776,6.473129281193522e-05,-0.006179351568277127,1.6010531267576587,177.26396686358152,461.269264016465
919.3315002268176,6.523096458222027e-05,-0.006139301870191482,1.5972570172355611,177.24649224242157,461.885330193609
921.4494577367204,6.682863371227737e-05,-0.005999421302503084,1.584401804216833,177.20411922466107,464.0028481934926
923.5674152466231,6.824353029682019e-05,-0.005856350491725023,1.571846230696584,177.18865242037248,466.12073631968184
924.1837291246632,6.8621353703429e-05,-0.005814173964912932,1.5682498808401375,177.1891152748604,466.7370492476958
924.8000430027032,6.898418314496678e-05,-0.00577176881893507,1.5646795666101803,177.19178599010996,467.3533574564491
926.918000512606,7.011796664436989e-05,-0.00562443261261438,1.5526108393385438,177.21757638578123,469.47114408507326
929.0359580225087,7.108186047083886e-05,-0.0054748750105708425,1.5408565163024408,177.2685901894319,471.5884759296286
929.6522719005487,7.133143013042048e-05,-0.005430988934111077,1.5374958048961709,177.28807651000093,472.20448094900223
930.2685857785888,7.156749576512367e-05,-0.005386952551273228,1.534162161468468,177.3096242142591,472.82041817564505
932.3865432884916,7.227845270329183e-05,-0.005234596685442061,1.5229139283174278,177.39915558315195,474.9364703499497
934.5045007983942,7.284174425820014e-05,-0.005080891417528191,1.5119898074047382,177.5121397938543,477.0514024962968
935.1208146764343,7.297936630406336e-05,-0.005035955433301871,1.5088722388026012,177.5493227259853,477.66659303763436
935.7371285544743,7.310566446746294e-05,-0.004990937273476597,1.5057823684096618,177.58841465071268,478.2816660495023
937.8550860643771,7.345700597984302e-05,-0.004835709517039876,1.495376049131266,177.73706670361878,480.39438995446193
939.9730435742798,7.368935267393988e-05,-0.004679863647192975,1.4852991502143287,177.9073482770442,482.5054830377518
940.58935745232,7.373632095848391e-05,-0.004634433411760912,1.4824288933956937,177.96085988211777,483.1194688351728
941.20567133036,7.377454309104878e-05,-0.004588975989580631,1.479586627376042,178.0161249097109,483.73330006058745
943.3236288402628,7.384341118600265e-05,-0.004432636292411749,1.4700329222194608,178.21916571981782,485.84149379444216
945.4415863501655,7.38249135616892e-05,-0.004276243253984577,1.4608103943858528,178.44198934558884,487.9476906797161
946.0579002282055,7.38048918814091e-05,-0.004230750270965433,1.4581889132481818,178.51044291695794,488.56019067274303
946.6742141062456,7.377880080850418e-05,-0.004185270583088975,1.455595454213588,178.58049337505884,489.1725107936698
948.7921716161484,7.364710282647827e-05,-0.0040291397246367015,1.4468966279894575,178.83315014272486,491.27533677471513
950.9101291260511,7.345898120079131e-05,-0.003873347548354409,1.4385281216322894,179.1037424535784,493.37593211407443
951.5264430040911,7.339527436544562e-05,-0.003828093648591268,1.4361548758423361,179.18574994047077,493.9867651405434
952.1427568821312,7.332796633612176e-05,-0.0037828793263655945,1.4338095014244001,179.2691984591894,494.5974036072149
954.260714392034,7.307302148091409e-05,-0.0036278385732774004,1.4259618094361826,179.56671107291285,496.6943548215492
956.3786719019366,7.278851633830464e-05,-0.0034733690862762496,1.4184418822166582,179.88032750334216,498.7889598956913
956.9949857799767,7.270150145071284e-05,-0.003428535608108601,1.4163150176445165,179.97451189986455,499.3980342689009
957.6112996580167,7.261289523932805e-05,-0.003383755648324966,1.41421576488264,180.06998325199467,500.0069088078681
959.7292571679195,7.229926845194326e-05,-0.0032302951011284084,1.4072117446337609,180.40764084333054,502.0977723906911
961.8472146778222,7.197632412088834e-05,-0.00307750866922229,1.4005320334295186,180.75959603244007,504.18627840009486
962.4635285558622,7.188150621372339e-05,-0.003033178119632278,1.3986489866973986,180.86459911641916,504.79358122344877
963.0798424339023,7.17864706211875e-05,-0.002988905716918285,1.3967932430235337,180.97073747829774,505.40068716093174
965.1977999438051,7.146018239509982e-05,-0.0028372110350492223,1.3906236306210629,181.34389985854511,507.48550788380174
967.3157574537078,7.113661599742117e-05,-0.002686204535420532,1.3847745723388958,181.72958402237253,509.5680498629513
967.9320713317478,7.10433949571579e-05,-0.0026423909208667853,1.383132531411899,181.84407023997102,510.17363663795356
968.5483852097879,7.095060174396072e-05,-0.0025986345339342105,1.3815174764718214,181.9595427058808,510.7790365603871
970.6663427196906,7.063575546596083e-05,-0.0024486986233696116,1.3761725744877142,182.36364980156128,512.8580817574101
972.7843002295933,7.032676602877324e-05,-0.002299423341573974,1.371144530799559,182.77853452830487,514.9350042533272
973.4006141076334,7.023787737611756e-05,-0.0022561073738207047,1.3697407147234477,182.90119208158987,515.5389890416899
974.0169279856734,7.014930499479928e-05,-0.0022128462587304998,1.3683635784540313,183.0246895094308,516.1428030234496
976.1348854955762,6.984693184528806e-05,-0.002064593252743086,1.363833973879864,183.45526263166408,518.2165295190906
978.2528430054789,6.954475473019433e-05,-0.0019169804526421876,1.3596176849086594,183.89490009005783,520.2883542691095
978.8691568835189,6.945631303848766e-05,-0.001874146141476324,1.3584494257078836,184.0244404086723,520.890900420454
979.485470761559,6.9367364632875e-05,-0.001831366896465521,1.3573075478245193,184.15467678469207,521.4932968064569
981.6034282714618,6.905630721165027e-05,-0.0016847768028630727,1.3535841451300485,184.60731584416374,523.5623196334434
983.7213857813645,6.873184478079599e-05,-0.001538859711282324,1.3501705013303562,185.06733552364108,525.6297148005256
984.3376996594045,6.863395970209689e-05,-0.0014965291342859855,1.3492351293768432,185.20249231299786,526.2310260799254
984.9540135374446,6.853413114831917e-05,-0.0014542600754943525,1.3483258235522617,185.33820382332942,526.8322126426115
987.0719710473473,6.817381152723563e-05,-0.0013094833739643948,1.345399218889208,185.80858452018344,528.8972748320743
989.18992855725,6.778009404955001e-05,-0.0011655051817024773,1.3427783995240667,186.28469141898694,530.9610249631826
989.8062424352902,6.76580002580375e-05,-0.0011237684624228702,1.342072950564759,186.42422039728464,531.5613368202983
990.4225563133302,6.753207580707949e-05,-0.0010821088867647823,1.341393193310447,186.56416530467737,532.1615520278001
992.540513823233,6.706701336406764e-05,-0.0009395611467553728,1.3392524723049604,187.04803994817777,534.223494545083
994.6584713331357,6.654436256259158e-05,-0.0007980593740878594,1.3374125536987516,187.536017651614,536.2844703252746
995.2747852111758,6.638004587265737e-05,-0.0007570971099910343,1.33693333137729,187.6786979322971,536.8840410413817
995.8910990892158,6.620976830216148e-05,-0.0007162387081253584,1.3364793111587747,187.82165819292004,537.4835451777441
998.0090565991186,6.55757369986509e-05,-0.0005766659798853547,1.3351104051141063,188.31486318616848,539.5432761629585
1000.1270141090213,6.485854303012004e-05,-0.00043852417050159573,1.3340355928647214,188.8105845708313,541.6024032304828
1000.7433279870613,6.463282368294387e-05,-0.0003986197145400824,1.3337776351763941,188.9552224257303,542.2015047550512
1001.3596418651014,6.439903904533781e-05,-0.00035885755015901906,1.3335442118003447,189.10000775241937,542.8005707170558
1003.4775993750042,6.353081888566044e-05,-0.00022336371618161935,1.3329279963427356,189.59847993878105,544.8590335384891
1005.5955568849068,6.255589797621524e-05,-8.982172943879842e-05,1.3325966841035888,190.09792731688333,546.9172600634256
1006.2118707629469,6.225097950543056e-05,-5.136079654745392e-05,1.3325531962065131,190.2433627713993,547.5161684944318
1006.8281846409869,6.19362257749956e-05,-1.3091331299027893e-05,1.33253333445629,190.38881755865117,548.1150722384518
1008.9461421508897,6.0776884815064935e-05,0.00011688117224372937,1.332643702288065,190.88862057081337,550.1732124236788
1011.0640996607924,5.949331204908179e-05,0.0002442666820505649,1.3330266067883927,191.38791594479122,552.2314757696871
1011.6804135388325,5.9095737114611776e-05,0.00028081148480837645,1.3331884361505366,191.53303230658668,552.8304616208941
1012.2967274168725,5.8687249772287165e-05,0.00031710769115876,1.3333726911083472,191.6780454749028,553.4294724258422
1014.4146849267753,5.719878471562235e-05,0.00043985172919672953,1.3341748760161747,192.1754059376631,555.4882042200927
1016.532642436678,5.557893164233626e-05,0.0005593041243714507,1.3352335418012984,192.6708506499076,557.5473977161104
1017.148956314718,5.5082852288930734e-05,0.000593405902146335,1.3355887840106386,192.81458665121306,558.1467163222359
1017.7652701927581,5.457582800234172e-05,0.0006271987753136745,1.3359649275439687,192.95810403903565,558.7460872422864
1019.8832277026609,5.27503056135723e-05,0.0007408768452048005,1.3374143962340146,193.4494559376312,560.8062612512651
1022.0011852125635,5.080027907948677e-05,0.0008505566889983429,1.3391003962094015,193.9375773685364,562.867202782528
1022.6174990906036,5.0210252029353633e-05,0.0008816840781006261,1.339634227266291,194.07894111123184,563.4670853841005
1023.2338129686436,4.9610506259551005e-05,0.0009124454798931725,1.3401871112550452,194.2199795462728,564.0670444510438
1025.3517704785463,4.7477749923690515e-05,0.0010152779810451268,1.3422293458635581,194.70201332805686,566.129418421458
1027.4697279884492,4.5242439130307615e-05,0.0011134847919070105,1.3444844768324027,195.17961454194682,568.1928230529156
1028.0860418664893,4.4574323722156676e-05,0.0011411624001728422,1.3451792917280438,195.31769793172487,568.7934692272204
1028.7023557445293,4.389891552904566e-05,0.0011684270127030978,1.3458910235418822,195.4553596189117,569.394212075355
1030.820313254432,4.152654254721224e-05,0.0012589027378104066,1.3484624136868604,195.92507099346275,571.4594271532003
1032.938270764335,3.908629357161682e-05,0.0013442819985091847,1.3512200305257585,196.3892778608457,573.5258861035612
1033.5545846423747,3.8365634715997774e-05,0.0013681489681004193,1.3520559134688757,196.52326987658694,574.1274582000393
1034.1708985204148,3.764098120610924e-05,0.001391571795031706,1.3529063614427845,196.6567554299204,574.729142760575
1036.2888560303174,3.512570902787349e-05,0.0014686347289015315,1.355936204448813,197.11148803184727,576.7977073325108
1038.4068135402204,3.2584629850843104e-05,0.0015403430941085593,1.3591235930999093,197.55978800641068,578.8676751573181
1039.0231274182604,3.1842771675091446e-05,0.0015601962085979798,1.3600790715038622,197.68898514150158,579.4702952197678
1039.6394412963004,3.1100582990333265e-05,0.0015795932954703932,1.3610466444759604,197.81760361912262,580.0730389379926
1041.7573988062031,2.8553393941061324e-05,0.0016427624426969792,1.3644599995808142,198.255080141271,582.145321362761
1043.875356316106,2.6024035233182274e-05,0.001700555633700245,1.3680014512320013,198.68534781436844,584.2191122280185
1044.4916701941459,2.5293733442686e-05,0.0017163687497571101,1.369054421901654,198.80916039262203,584.8228615732357
1045.107984072186,2.4566701500139524e-05,0.0017317339875278779,1.3701170066330508,198.9323350970607,585.4267412788126
1047.2259415820886,2.2098787293341506e-05,0.0017811414096639405,1.373837978634545,199.35067314515084,587.5029716449812
1049.3438990919915,1.9689452650722674e-05,0.0018253839288858585,1.3776581239343388,199.76117964776284,589.5807643557522
1049.9602129700315,1.9001473750962305e-05,0.0018373058980471952,1.3787868241979342,199.8791333218826,590.1856856243968
1050.5765268480716,1.8319977289991353e-05,0.001848806886814898,1.3799227548093886,199.9964027432841,590.790739834107
1052.6944843579743,1.6032345495421553e-05,0.0018851687951804003,1.3838777934292217,200.3941138064115,592.871019718661
1054.8124418678772,1.3838039354869844e-05,0.001916784426491597,1.387904818819385,200.78351923428482,594.9528701074698
1055.4287557459172,1.32187599965776e-05,0.001925121230556428,1.3890887406110584,200.89525156551687,595.558971320016
1056.0450696239573,1.260857815693399e-05,0.001933079963754779,1.3902777014085048,201.0062654252271,596.1652044813407
1058.16302713386,1.0584935511949983e-05,0.001957620211134902,1.3943986042568481,201.38223724184874,598.2495228542303
1060.2809846437628,8.681356736811127e-06,0.0019780016144651234,1.39856707817893,201.74956699198705,600.3353814667672
1060.8972985218027,8.151217477064273e-06,0.001983187784963538,1.3997877530255343,201.8548194740415,600.9426414545229
1061.5136123998427,7.632057403823188e-06,0.001988051132195388,1.4010115457476504,201.9593302760866,601.55002948918
1063.6315699097454,5.93438601820102e-06,0.0020023934066782014,1.4052379506129506,202.31279431267862,603.638282500259
1065.7495274196483,4.374399442104158e-06,0.002013285890588655,1.4094910785512746,202.6574014942356,605.7280152618918
1066.3658412976883,3.947029241879938e-06,0.00201584937743893,1.4107326866554053,202.75600772625708,606.3363897969174
1066.9821551757284,3.53172911214279e-06,0.0020181534319941323,1.4119758178746815,202.85385855312433,606.9448862692052
1069.100112685631,2.198016030012389e-06,0.002024195380584996,1.4162570506979661,203.18434534785757,609.0368986230258
1071.218070195534,1.0100836966161282e-06,0.0020275669602532955,1.4205482522476849,203.50586232410856,611.1303082619241
1071.8343840735738,6.919707327017362e-07,0.0020280907688601194,1.4217980292845827,203.59773327198744,611.7397362575967
1072.4506979516138,3.862114780944406e-07,0.0020284222895370395,1.423048093601558,203.68884278442104,612.3492785490254
1074.5686554615165,-5.701484565825674e-07,0.0020282020042290605,1.4273443030403863,203.99612859259202,614.4448244288395
1076.6866129714194,-1.3820298241957172e-06,0.002026109188948327,1.431638062954832,204.29441127165154,616.541670769691
1077.3029268494595,-1.5914700340937747e-06,0.002025192356310076,1.4328864942555513,204.3795186980107,617.152080035144
1077.9192407274995,-1.7890459631742113e-06,0.0020241497970676717,1.4341343445238373,204.46386442987313,617.7625950235278
1080.0371982374022,-2.378581483958398e-06,0.002019712664031724,1.4384169042313903,204.7479129874672,619.8614169607335
1082.1551557473051,-2.833813398903198e-06,0.0020141691444774726,1.442688894639889,205.02298175320868,621.9614346788662
1082.771469625345,-2.9418535907573755e-06,0.0020123889942228646,1.4439296987088044,205.10134095716919,622.5727468545344
1083.387783503385,-3.039240204001754e-06,0.0020105449984405546,1.4451694064202836,205.17894204896731,623.1841557416346
1085.5057410132877,-3.2947953102700298e-06,0.0020038169024100276,1.449420604222252,205.4398453910495,625.2859803380412
1087.6236985231906,-3.434274502585224e-06,0.0019966704734498226,1.453657109197019,205.69182659783954,627.3888932810469
1088.2400124012306,-3.4542771731942117e-06,0.0019945475890477253,1.4548870216903627,205.76347959944266,628.0010277325462
1088.8563262792707,-3.465473101374857e-06,0.001992414339749554,1.4561156395248163,205.8343801011715,628.6132498137657
1090.9742837891733,-3.439900959242128e-06,0.0019850856625696733,1.460327700987572,206.0723022783319,630.7177997292795
1093.0922412990762,-3.3234898576607323e-06,0.0019779073426284426,1.4645243998485766,206.30137406876847,632.8233314002011
1093.708555177116,-3.274126479542264e-06,0.00197587433148937,1.4657427759485282,206.36637431268122,633.4362079850254
1094.3248690551561,-3.218349001496441e-06,0.0019738727969753527,1.466959921078158,206.43062812104017,634.0491632897356
1096.4428265650588,-2.981667980725582e-06,0.0019672965530645697,1.4711334360349873,206.6457553931592,636.1561653535807
1098.5607840749617,-2.6851690671596986e-06,0.001961284935376814,1.4752936207138123,206.85210127846133,638.2640455641196
1099.1770979530017,-2.5895129939171893e-06,0.0019596598183448124,1.476501878991438,206.91050082894225,638.8775862999582
1099.7934118310418,-2.490264512588171e-06,0.0019580937083919386,1.4777091607464203,206.96815921717112,639.4911971425469
1101.9113693409445,-2.126362854470235e-06,0.001953200491012644,1.4818509976160439,207.16065990674667,641.600386807175
1104.0293268508474,-1.7380579982705112e-06,0.0019491038443513462,1.485983314410637,207.34443310901875,643.7103548364985
1104.6456407288874,-1.6225407182202983e-06,0.0019480687815438017,1.4871842494489314,207.39627317237844,644.3244845888834
1105.2619546069275,-1.5065630498914772e-06,0.0019471039171565228,1.4883845690545712,207.44737573191273,644.9386761567831
1107.3799121168302,-1.1094780919387712e-06,0.0019443360291129521,1.4925053754368065,207.6173724174394,647.0497987893826
1109.497869626733,-7.262401409864419e-07,0.001942394486451912,1.4966211946319763,207.77867343599027,649.1616036302229
1110.1141835047729,-6.194938106578704e-07,0.0019419805189863182,1.4978181894462377,207.82397888420707,649.776250003616
1110.730497382813,-5.155838481840918e-07,0.0019416302961614083,1.4990149432904762,207.86854853198685,650.390950172782
1112.8484548927156,-1.8533917388200848e-07,0.001940897422025855,1.5031263441522977,208.01610467296663,652.5037598840876
1114.9664124026185,9.171206121527847e-08,0.001940807661356323,1.5072368738613362,208.1549739165843,654.6171583403216
1115.5827262806586,1.6015973088586028e-07,0.0019408861808420923,1.5084330469370517,208.19375229945584,655.232251006106
1116.1990401586986,2.2245887574365262e-07,0.0019410038459984436,1.5096292686301167,208.2317948158248,655.8473896221498
1118.3169976686013,3.844968683025339e-07,0.001941662783977429,1.513740886671371,208.35691723204596,657.9616464851806
1120.4349551785042,4.548347728193688e-07,0.0019425678030945788,1.5178541609099627,208.47334385924512,660.0764000221259
1121.051269056544,4.560005256491301e-07,0.001942849522343038,1.5190514867345843,208.5055891829326,660.6918697541121
1121.667582934584,4.478690752126525e-07,0.0019431280399508628,1.5202489673157762,208.5370975328575,661.3073776532478
1123.7855404444867,3.4415229149617996e-07,0.0019439892283277626,1.524365404470386,208.63975541069118,663.4228442793758
1125.9034979543896,1.1321156122727052e-07,0.0019444960215071652,1.5284832902883998,208.7337027374546,665.5387156289852
1126.5198118324297,2.0264146422501227e-08,0.0019445382756499902,1.529681736645193,208.75940405333247,666.1544933437744
1127.1361257104697,-8.478170430415964e-08,0.001944518621587061,1.530880166716049,208.78436750688087,666.7703014131422
1129.2540832203724,-5.422842818215689e-07,0.001943882355287796,1.5349981011831264,208.86452776959436,668.8867399299323
1131.3720407302753,-1.1572022439110853e-06,0.0019421104184207123,1.539113485414212,208.9359747338333,671.003490511783
1131.9883546083151,-1.3671916843524842e-06,0.0019413336506459023,1.5403102153277388,208.95512932173173,671.6195066245236
1132.6046684863552,-1.591520131839837e-06,0.0019404223848944661,1.5415063975243037,208.97354712696276,672.2355452126618
1134.7226259962579,-2.4751040598470764e-06,0.0019361476407615838,1.5456119667133932,209.03122508021917,674.3527157100191
1136.8405835061608,-3.538433749531529e-06,0.001929811156469839,1.5497062988370158,209.08022229136614,676.4701049213464
1137.4568973842008,-3.882592704803689e-06,0.0019275253972791595,1.5508949896566018,209.09285293519062,677.0862893187973
1138.0732112622409,-4.242557487540113e-06,0.00192502231152024,1.5520821744362467,209.10475200765637,677.7024882952286
1140.1911687721436,-5.602146307017559e-06,0.0019146307913935317,1.5561488295354662,209.14007515683454,679.8201497393385
1142.3091262820465,-7.153308604387328e-06,0.0019011568476731294,1.5601902116154929,209.16681301307074,681.9379370540084
1142.9254401600865,-7.640989039051966e-06,0.0018965988128517455,1.5613605477156751,209.17298855690825,682.5542199441456
1143.5417540381266,-8.144937035571e-06,0.0018917352476200068,1.562527949307043,209.17844433782787,683.1705096596726
1145.6597115480292,-1.0001228441320933e-05,0.001872552422165495,1.566514979439551,209.19172618495412,685.288424073332
1147.7776690579321,-1.2047768815850289e-05,0.0018492365807715164,1.5704570043867516,209.19661143096596,687.4063746249252
1148.393982935972,-1.2678549458222266e-05,0.0018416176715801314,1.571594402521246,209.1964694778092,688.0226884324074
1149.010296814012,-1.3324841254157085e-05,0.0018336057376778204,1.572726954227104,209.19562878596238,688.6390017358311
1151.1282543239147,-1.5662539404806476e-05,0.0018029392971312089,1.5765788844033028,209.18744828452228,690.7569420665991
1153.2462118338176,-1.8173497308455328e-05,0.001767138232833028,1.580360426903975,209.1711842508273,692.8748359378544
1153.8625257118576,-1.8935295606389777e-05,0.0017557032164296684,1.5814460534928134,209.1649545374772,693.4911182682694
1154.4788395898977,-1.9710421988870475e-05,0.0017437956300081795,1.5825244614572729,209.15805891213876,694.1073935823671
1156.5967970998004,-2.247195772514458e-05,0.0016991498231284437,1.58617152572014,209.1293401412872,696.2251551046476
1158.7147546097033,-2.537194989739631e-05,0.0016485085784730131,1.5897176830198083,209.09300481249744,698.342799895978
1159.331068487743,-2.6239380570528742e-05,0.0016326040335343929,1.5907288196754668,209.08103148186675,698.9589973894416
1159.9473823657831,-2.711638265541226e-05,0.0016161635540566425,1.5917299708347732,209.0684392049941,699.5751826411998
1162.0653398756858,-3.0196809929300023e-05,0.0015554849515444092,1.5950898464477585,209.0205247912235,701.6925969841284
1164.1832973855887,-3.336137947711447e-05,0.001488193030073253,1.5983142039945841,208.9656398729649,703.8098424282405
1164.7996112636288,-3.4294476411282414e-05,0.0014673436712895527,1.5992250097764493,208.9484005931,704.425915080787
1165.4159251416688,-3.5231682137690424e-05,0.0014459201963782646,1.6001227812780379,208.93060531337932,705.0419720362809
1167.5338826515715,-3.847470838029156e-05,0.0013678683721082764,1.6031037376514436,208.86531626804242,707.1589220752904
1169.6518401614744,-4.172723845493823e-05,0.001282937891696731,1.6059120992267577,208.79389964875435,709.2756746086887
1170.2681540395142,-4.267078006937658e-05,0.0012569286460244037,1.6066948075296166,208.7720193197327,709.8915998937747
1170.8844679175543,-4.361125756080647e-05,0.0012303416523896102,1.6074613141596295,208.74966300060777,710.5075082047808
1173.002425427457,-4.6808130424956245e-05,0.0011345744082930872,1.6099668891347565,208.669337011206,712.6239412489529
1175.1203829373599,-4.991982773393691e-05,0.0010321265224090977,1.6122625584983232,208.58393049015746,714.7401757180317
1175.7366968154,-5.0803521521920695e-05,0.001001085767582659,1.6128891280539608,208.55818714993455,715.3559516456419
1176.35301069344,-5.167533490257562e-05,0.0009695074134025714,1.6134964242989764,208.53206494536946,715.9717117303138
1178.4709682033426,-5.456649524346948e-05,0.0008569645729072555,1.615431663015716,208.43956485218524,718.0876478918918
1180.5889257132455,-5.725935424921151e-05,0.0007385083745566138,1.6171222786579023,208.34322886175082,720.2034131932176
1181.2052395912856,-5.799896673976516e-05,0.0007029877818063081,1.6175664928532143,208.31454939235218,720.819059371054
1181.8215534693256,-5.87164473931081e-05,0.0006670219984251302,1.6179887209569745,208.28560405822637,721.4346931962849
1183.9395109792283,-6.099687181644894e-05,0.000540190480789327,1.6192679247188109,208.18428836516972,723.5502257936472
1186.0574684891312,-6.295062731711821e-05,0.00040887505656935484,1.6202737563535652,208.0805556947992,725.6656414755608
1186.673782367171,-6.345032868868006e-05,0.0003699200021320634,1.6205137363726023,208.04999904246392,726.2811973571587
1187.290096245211,-6.391655184274295e-05,0.00033067141391078904,1.620729682133901,208.01930261856918,726.8967463360596
1189.4080537551138,-6.524542561198658e-05,0.0001938095078329454,1.621285506077263,207.91295044164468,729.0120318877347
1191.5260112650167,-6.610904355589103e-05,5.4625799610470576e-05,1.6215490035796825,207.80573171999436,731.1272737780423
1192.1423251430567,-6.626509615972774e-05,1.3829343292775077e-05,1.6215700650470177,207.77445759961552,731.7427936493643
1192.7586390210968,-6.637574369530685e-05,-2.7045085034595365e-05,1.6215660467036859,207.74317837209176,732.3583132629618
1194.8765965309994,-6.639095889743222e-05,-0.00016774934953197595,1.6213596557570344,207.63586231612203,734.4735502157864
1196.9945540409024,-6.579909627356881e-05,-0.0003078429566606385,1.6208559058298944,207.52929732875103,736.5888250655828
1197.6108679189422,-6.550502525848866e-05,-0.00034831028007553037,1.6206536481662353,207.49851881362628,737.2043699438275
1198.2271817969822,-6.515371138143601e-05,-0.00038857468771641115,1.6204266227904438,207.46787202018658,737.8199213441253
1200.345139306885,-6.349149041219458e-05,-0.0005249383857366869,1.6194584715969516,207.36377420226745,739.9353190960898
1202.4630968167878,-6.108612482117402e-05,-0.0006569945960057192,1.6182060694231732,207.26202513528506,742.0508308990078
1203.0794106948279,-6.023938119626853e-05,-0.0006943873451457707,1.6177895433938565,207.23294417580297,742.666458333274
1203.695724572868,-5.9324496310001414e-05,-0.0007312337028801967,1.617350271256054,207.20412558545468,743.2820980140104
1205.8136820827706,-5.564415643741222e-05,-0.0008531353012653129,1.6156709211690217,207.10729453621272,745.3978407208132
1207.9316395926735,-5.110126305555021e-05,-0.000966328670336955,1.613742610506055,207.014280096278,747.5137543354175
1208.5479534707133,-4.9611342496434496e-05,-0.0009973695418623975,1.6131373646509615,206.98800591213433,748.1295079546878
1209.1642673487534,-4.804430911546257e-05,-0.0010274657333146776,1.6125134272817205,206.96210834386534,748.7452774217506
1211.282224858656,-4.205777788523205e-05,-0.001123050094419006,1.610233660787378,206.87615797394528,750.8614898637447
1213.400182368559,-3.511845023850301e-05,-0.0012049462455831338,1.607765946201124,206.79523119039382,752.977900052546
1214.016496246599,-3.291621924653203e-05,-0.0012259169637419457,1.60701671010394,206.77268267970365,753.5938013508132
1214.632810124639,-3.063094615300562e-05,-0.0012455034462309981,1.6062551355509058,206.75059675772425,754.209719324894
1216.7507676345417,-2.2136031001345313e-05,-0.0013015591045583035,1.6035544879575663,206.67835308031943,756.3264437851918
1218.8687251444446,-1.2640809335415036e-05,-0.0013385635901971107,1.6007552916488323,206.6119304981218,758.4433587149641
1219.4850390224844,-9.688665232375275e-06,-0.00134544929089383,1.5999280179522006,206.5937253062803,759.059403668694
1220.1013529005245,-6.651753991992973e-06,-0.0013504897339696998,1.5990972317678118,206.576027279502,759.6754633755721
1222.2193104104272,4.432383416020315e-06,-0.0013530149390629076,1.596229949115097,206.51913406306304,761.7926558647671
1224.33726792033,1.6507695404656896e-05,-0.0013310147792686903,1.5933832900256628,206.46828982274118,763.910002296933
1224.9535817983701,2.020538969878807e-05,-0.001319704979086276,1.5925662528834599,206.45462444670747,764.5261646324577
1225.5698956764102,2.398420415606462e-05,-0.0013060936390848529,1.5917570507626833,206.44145565082533,765.1423378413892
1227.6878531863129,3.758136879801429e-05,-0.0012410579816301008,1.589054418056858,206.39995630527412,767.2598879792275
1229.8058106962158,5.209059898957333e-05,-0.0011462582491683865,1.586521047633242,206.3640008366991,769.3775398182678
1230.4221245742558,5.6477457146589445e-05,-0.0011128041924956538,1.585824687033937,206.35452795880096,769.993780828
1231.0384384522958,6.0935357289705267e-05,-0.0010766293918304795,1.585149918826534,206.34547231520534,770.6100282457982
1233.1563959621985,7.677896667601743e-05,-0.0009309254558923657,1.5830178979336538,206.31739149953577,772.7277990090697
1235.2743534721014,9.337390781544723e-05,-0.000750869784106073,1.5812308495445735,206.2934605735606,774.8456212089455
1235.8906673501413,9.833269579397477e-05,-0.0006917938262087783,1.5807860630063693,206.2871715230944,775.4619029178126
1236.5069812281813,0.00010334513864216031,-0.0006296526813773315,1.5803787324673753,206.28113914831155,776.0781873313367
1238.624938738084,0.00012095019895883254,-0.00039221698138131717,1.5792899197163315,206.26209313312026,778.1960589696426
1240.742896247987,0.0001390555376295681,-0.0001169647275267999,1.5787440326163336,206.24477816365206,780.3139457810488
1241.359210126027,0.00014440149938046247,-2.9612546789683888e-05,1.5786986525113684,206.23989981935105,780.9302403099724
1241.975524004067,0.00014977586397114796,6.103284614210162e-05,1.5787081769228464,206.23502619664217,781.5465348621155
1244.0934815139697,0.00016841963742461748,0.0003979678465793298,1.5791872507545488,206.21789545211308,783.6644232214746
1246.2114390238726,0.00018721794917376646,0.0007745532197872108,1.5804219275031648,206.19894995212098,785.7822956673327
1246.8277529019124,0.00019269533929490483,0.0008916321945660982,1.5809351871925839,206.19286649243668,786.3985796104746
1247.4440667799524,0.0001981678736925528,0.0010120723681408205,1.5815216292595775,206.18643772496577,787.0148596298176
1249.5620242898551,0.00021688286244267617,0.0014516524834394552,1.5841237188124961,206.16113870151617,789.1326661987865
1251.679981799758,0.0002353134063674895,0.0019305689286822,1.5876984767095226,206.12929916232002,791.2503824131138
1252.296295677798,0.00024059631088159728,0.0020772333222196615,1.5889333643392538,206.1185100510179,791.8666021960285
1252.9126095558381,0.00024583352959581045,0.0022271239774550532,1.5902595480543615,206.1069257078723,792.4828063824666
1255.0305670657408,0.0002634167577476804,0.0027665517650335976,1.5955413227129598,206.06032234618104,794.6002504247377
1257.1485245756437,0.0002801923077762777,0.003342364768751342,1.6020041136761947,206.00128580191165,796.7173793986449
1257.7648384536835,0.0002848910744083088,0.003516512234746199,1.604117641594392,205.98141267038042,797.3333735395064
1258.3811523317236,0.00028949690006998337,0.003693509459975469,1.6063391969315486,205.960199066711,797.949320689013
1260.4991098416263,0.00030454027719656595,0.004322828696298106,1.6148229663600215,205.87619965716613,800.0656087007432
1262.6170673515292,0.0003181871053654858,0.004982530250503872,1.6246717814203533,205.7728061017097,802.1810290382426
1263.2333812295692,0.0003218618983887183,0.005179782354321892,1.6278033671787475,205.7386630674324,802.7963977382614
1263.8496951076093,0.0003253921386230502,0.00537923621314739,1.631056921321591,205.70255175458504,803.4116503033595
1265.967652617512,0.0003363393945345494,0.006080352474835953,1.6431886677269936,205.56244384522535,805.5249605483535
1268.0856101274148,0.00034526606263962005,0.006802514799835579,1.6568276359180751,205.39511902419233,807.6362764283305
1268.7019240054547,0.0003474492443363327,0.007015999367535114,1.6610860045847031,205.3408631035626,808.2501994167495
1269.3182378834947,0.00034943505327896234,0.007230750429806387,1.6654759565803603,205.283951401725,808.8638764199433
1271.4361953933974,0.0003546711528875428,0.007976849068105732,1.681579016602804,205.06703383010603,810.9706805289356
1273.5541529033003,0.0003572719319814258,0.008731246794456112,1.6992710703972924,204.8145521850941,813.0734999491781
1274.1704667813403,0.0003575008605809235,0.008951530582094736,1.7047203515743112,204.7339311009944,813.6845204932042
1274.7867806593804,0.000357482748279848,0.009171863145279343,1.7103049363859903,204.64994178725456,814.2950799640525
1276.904738169283,0.0003554598615413318,0.009927416054510115,1.730532018440871,204.3345105640141,816.3893892370544
1279.022695679186,0.0003502537271998855,0.010675313583998102,1.752351222569476,203.9751289525601,818.4765818386577
1279.639009557226,0.00034811344983018964,0.010890542560687512,1.7589972220969694,203.86183938001113,819.0823968619061
1280.255323435266,0.0003456848645391376,0.011104351407588758,1.7657748786839047,203.74449156313955,819.6874303277267
1282.3732809451687,0.00033507840061810026,0.011825900341513618,1.790062165511714,203.30921175709435,821.7601330862761
1284.4912384550717,0.000320873570049759,0.012521174641691375,1.8158498380439578,202.82218734281784,823.8212638744332
1285.1075523331115,0.0003160460736605042,0.012717467066094543,1.8236277517671815,202.67034312045857,824.4185826933247
1285.7238662111515,0.00031090324043529945,0.012910680962895216,1.8315250896169306,202.5138315606394,825.0146864048942
1287.8418237210542,0.0002907872050207367,0.01354853069710697,1.8595530642420117,201.93946626197143,827.0532143951211
1289.959781230957,0.0002668618273690782,0.014139741510543547,1.8888825878755995,201.3068945727396,829.0744104051365
1290.5760951089972,0.00025917943265247597,0.014301862793494094,1.8976476250643515,201.1115787525443,829.6589594632309
1291.1924089870372,0.0002511749553513518,0.01445915208580472,1.9065104739103422,200.9111319092396,830.2417603744153
1293.3103664969399,0.00022120743944950002,0.01496005624754937,1.9376766929805767,200.1824965275923,832.230354411708
1295.4283240068428,0.00018749343797715186,0.01539352303531166,1.9698323910355808,199.39128949696777,834.1948679721263
1296.0446378848826,0.00017699130362902992,0.015505854078300704,1.9793548925380835,199.1491282210115,834.7616152320604
1296.6609517629227,0.00016618588945476815,0.01561163067090609,1.9889440253451982,198.90157879924195,835.3260232881468
1298.7789092728253,0.00012677826532701383,0.01592246638967337,2.022353323103329,198.00946000452066,837.2468231227781
1300.8968667827282,8.401135062820124e-05,0.016146281017625375,2.056328804219961,197.05315552872065,839.1364719425486
1301.5131806607683,7.09664094065671e-05,0.01619404354968723,2.0662953925994083,196.7628156528984,839.6801126553931
1302.1294945388083,5.7665374490523706e-05,0.016233709019587924,2.0762884334528557,196.46708241650705,840.2208356063968
1304.247452048711,1.0087001146532208e-05,0.016305922033468638,2.110765488893124,195.40975208080576,842.0558706834571
1306.365409558614,-4.0124215291276496e-05,0.016274577949315003,2.145285823661709,194.2897638268412,843.8533475316113
1306.9817234366537,-5.5180478936531436e-05,0.01624520535385945,2.155307717400699,193.95225864494083,844.3690316633434
1307.5980373146938,-7.041779584155574e-05,0.016206528377343103,2.165308296159546,193.60962409995028,844.8813245296769
1309.7159948245965,-0.00012403444693879877,0.016000889210880546,2.1994356079224984,192.39355998610762,846.6152436005167
1311.8339523344994,-0.00017924675324536998,0.015680002490603834,2.23300533995746,191.11951050363294,848.3070301174868
1312.4502662125394,-0.00019554784028994637,0.015564493811544698,2.242634198897644,190.73821904622085,848.7912346145732
1313.0665800905795,-0.00021193134213823444,0.015438951064299303,2.252188620156181,190.35231378202974,849.2717787187329
1315.1845376004821,-0.00026869939716737224,0.01493002944419752,2.2843700053362577,188.9918698119163,850.8948948727158
1317.302495110385,-0.00032578542911057323,0.014300538764827632,2.315345836076817,187.58084312023772,852.4742717590094
1317.918808988425,-0.0003423809155682366,0.01409461664473682,2.3240965543756733,187.16121604166958,852.9256563513753
1318.5351228664651,-0.00035894376752522585,0.013878518756323979,2.3327172887399086,186.73769258448976,853.3734017472511
1320.6530803763678,-0.00041542755760549574,0.013058281045543015,2.3612636953493724,185.25374200294016,854.8844516404683
1322.7710378862707,-0.00047080691179559117,0.012119582641517657,2.387947425981938,183.72861120134448,856.3539790990868
1323.3873517643106,-0.00048663347315913046,0.011824510957608541,2.3953263763615724,183.27763426413384,856.7740428718956
1324.0036656423506,-0.0005023046598120607,0.011519776232042929,2.402520791821051,182.82361251509047,857.1908325099898
1326.1216231522533,-0.0005547788812182152,0.010399895078878542,2.4257523947408295,181.24153101121058,858.5988446110858
1328.2395806621562,-0.000604691345823684,0.00917158860043796,2.446497316846097,179.62884653238703,859.97175838624
1328.8558945401962,-0.0006186546946094902,0.008794570324688203,2.452033945095899,179.1544228000478,860.3651491403724
1329.4722084182363,-0.0006323420910119877,0.008409071785231169,2.4573361287596156,178.67787556532727,860.7559835851056
1331.590165928139,-0.0006770860129632732,0.0070217216003766484,2.4736930023902968,177.02549200282766,862.0808309839621
1333.7081234380419,-0.0007178998752875546,0.0055437675396535786,2.4870155796984372,175.35360599442365,863.3810324661217
1334.3244373160817,-0.0007289672319387157,0.005097866416284171,2.4902948991471243,174.8640571291,863.755436299723
1334.9407511941217,-0.0007396512352045517,0.004645296383424837,2.4932980839348042,174.37333599425656,864.1283156683132
1337.0587087040244,-0.0007732801418944762,0.003042238367855565,2.501450642138836,172.67952433145737,865.3998086502556
1339.1766662139273,-0.0008018334253887356,0.0013733307339448913,2.506138258233136,170.97757194669617,866.6604104731758
1339.7929800919674,-0.0008091336798574608,0.0008768609555246182,2.506831481614326,170.4814236638779,867.0260290690841
1340.4092939700074,-0.0008159670578582824,0.000376059902070434,2.507218284395879,169.98508180288482,867.3913872096512
1342.52725147991,-0.0008357675247972537,-0.0013741311855158859,2.5061676492132094,168.27945439944088,868.6470101037735
1344.645208989813,-0.0008496797391301011,-0.003160023286341511,2.5013723770582685,166.57751060989418,869.9076084921332
1345.2615228678528,-0.0008525876153935059,-0.003684625015288566,2.4992627551916384,166.08362449149914,870.2762836288574
1345.8778367458929,-0.0008549764211775009,-0.00421084672402158,2.496830310131101,165.59058437208068,870.6460775829985
1347.9957942557955,-0.0008591564728298978,-0.006027189060160713,2.4859888326930215,163.9043347170717,871.9276059565194
1350.1137517656985,-0.0008570360115583542,-0.007845712458757068,2.4712981096647546,162.23460925947458,873.2305345113334
1350.7300656437385,-0.0008552244753930549,-0.00837338820912823,2.466299500877423,161.75258527166392,873.6145952530026
1351.3463795217785,-0.0008528771868278068,-0.008899783036453513,2.460977100185987,161.27256011449836,874.0011259845422
1353.4643370316812,-0.0008407113610619067,-0.010694365591305287,2.4402215917091765,159.64002322590528,875.3503849137312
1355.5822945415841,-0.0008222662988009729,-0.012456531866066439,2.4156995617851056,158.0384917877034,876.7362126184494
1356.1986084196242,-0.0008157328525723685,-0.012961315839997968,2.4078661467954934,157.57913693079848,877.1471225336749
1356.8149222976642,-0.0008086840715940378,-0.013461928029430035,2.3997238999914705,157.12308966929444,877.5616655371052
1358.932879807567,-0.0007805757095800736,-0.015145947553098907,2.3694171725211643,155.5831955995073,879.0157118130196
1361.0508373174698,-0.0007466475180256694,-0.016764271684508465,2.3356133332785793,154.09074612185674,880.5183041381642
1361.6671511955096,-0.0007357188506870447,-0.017221086945767645,2.3251396786263685,153.66632858844363,880.9652111744142
1362.2834650735497,-0.0007243316148944253,-0.01767105143350488,2.3143874724193583,153.24668437103156,881.4165651419438
1364.4014225834524,-0.0006818041300422106,-0.019160991878252626,2.275366299739505,151.8433182559074,883.0027162826884
1366.5193800933553,-0.0006343328390295062,-0.02055562553138777,2.233290424372909,150.50545023671197,884.6443772541925
1367.1356939713953,-0.0006196497324632265,-0.02094205215804993,2.2205017497080686,150.1294714165856,885.1327377755613
1367.7520078494354,-0.0006045979098125122,-0.02131935218652905,2.2074784341831197,149.7598241523267,885.6258723645412
1369.869965359338,-0.000550214681266186,-0.022542929296474775,2.161008187097813,148.5402829236568,887.3572839832477
1371.987922869241,-0.0004921197066251584,-0.02364739437884997,2.1120725927902058,147.4047194033762,889.1447992787353
1372.6042367472808,-0.000474593386577976,-0.023945286388948713,2.097405712450388,147.09105727804345,889.675336318902
1373.2205506253208,-0.0004568132527781875,-0.024232341170334126,2.082559064789537,146.78524363828654,890.2104070131647
1375.3385081352235,-0.0003939664877121153,-0.025133698288614593,2.0302575619045027,145.79652534335307,892.0831753807885
1377.4564656451264,-0.0003288565160068156,-0.02589955194110125,1.976190518233199,144.90876359720303,894.0057839304886
1378.0727795231664,-0.00030956757778087497,-0.026096271078624098,1.960166843381499,144.67025432330166,894.5740814128012
1378.6890934012065,-0.0002901497515183741,-0.026281105911059265,1.944025840035914,144.44088849863857,895.1461112005427
1380.8070509111092,-0.00022263674108975438,-0.026824276064001028,1.8877629831598146,143.7243459722247,897.1388955735193
1382.925008421012,-0.0001543296555597434,-0.027223615620827115,1.8305020285247338,143.12199139945247,899.1690734932133
1383.541322299052,-0.00013438244589631466,-0.027312563389185147,1.8136956266731596,142.96875087721705,899.7660323120988
1384.157636177092,-0.00011442569331637797,-0.027389253891628933,1.796838203832498,142.82554416800355,900.3654689818959
1386.2755936869946,-4.5956888133944e-05,-0.027559001254977507,1.7386236744991808,142.41117529575124,902.4421942115487
1388.3935511968975,2.197715803952235e-05,-0.02758430089662537,1.6802025945313537,142.11851878986585,904.5395271392179
1389.0098650749376,4.157740461348076e-05,-0.02756469291793532,1.6632074712676836,142.05645365823017,905.1527022743587
1389.6261789529776,6.108452948922326e-05,-0.027533065983584442,1.6462279611224349,142.00477482189922,905.766842462507
1391.7441364628803,0.00012725642833527376,-0.02733333157952834,1.588101178051957,141.90673563859266,907.8822220876835
1393.8620939727832,0.00019181168833126607,-0.026995159891563338,1.5305440261050869,141.93111604394355,909.9997552547396
1394.478407850823,0.0002102410539736364,-0.0268712414346065,1.5139442700422419,141.96105026671748,910.6153311374736
1395.094721728863,0.00022849800228243205,-0.026736041276676253,1.4974240353877344,142.0011389183791,911.2303416291342
1397.2126792387658,0.000289807732700363,-0.02618674263712189,1.441357462134536,142.2157563042498,913.337098916276
1399.3306367486687,0.0003487158419177799,-0.02551013585942751,1.3865890966737826,142.54671389845618,915.4287893800823
1399.9469506267087,0.0003653717094262326,-0.025290063609403907,1.3709343338809035,142.66436268900821,916.0337553228516
1400.5632645047488,0.00038180181246283683,-0.025059810114488653,1.3554179109496942,142.791398980512,916.6368406286823
1402.6812220146514,0.000436468196263054,-0.02419277111392798,1.3032405772849491,143.29814311290605,918.6930077005952
1404.7991795245543,0.0004882538111883494,-0.023213001708294854,1.2530189744868279,143.90944959299262,920.7206211611352
1405.4154934025944,0.0005027634016416721,-0.022907594609997944,1.2388063721333664,144.1061941162913,921.3046707260497
1406.0318072806344,0.000517018494807795,-0.022593329889077144,1.224784238507279,144.31114795857908,921.8859172799514
1408.1497647905371,0.0005640295362925672,-0.02144797774746728,1.178128433489788,145.07607361163357,923.8606802835887
1410.26772230044,0.0006079513169776285,-0.020206329679051768,1.1340004109827773,145.9298363865273,925.7987804651291
1410.8840361784798,0.0006201469029439436,-0.01982786767359385,1.1216634656970088,146.19401497670776,926.3555851376317
1411.50035005652,0.000632079686230184,-0.01944197054136119,1.1095615583903229,146.46497129574746,926.9091535328733
1413.6183075664226,0.000671077258528687,-0.018061409840676893,1.0698322749023055,147.445460734223,928.7862960072055
1415.7362650763255,0.000706985920035969,-0.016601525029778824,1.0331109628656503,148.4970025080996,930.62467221214
1416.3525789543655,0.0007168594294613949,-0.016162745157403638,1.0230143698598715,148.81532705073982,931.1523964277828
1416.9688928324056,0.0007264764974743048,-0.015717955201804582,1.0131895615908875,149.13889300668893,931.6769534597878
1419.0868503423083,0.0007575855665545594,-0.014145844157668746,0.9815533551499335,150.2883535016573,933.4557155466352
1421.2048078522112,0.0007857436002290436,-0.012510970510848107,0.9533132773641557,151.49058061230434,935.199334763952
1421.821121730251,0.0007933933113047724,-0.012024338820125834,0.9457525548652884,151.84932431203913,935.7004632162693
1422.437435608291,0.0008008016628755198,-0.011533060846157074,0.9384927166909526,152.2117756207026,936.1989428069915
1424.5553931181937,0.000824447180624536,-0.009811472651062117,0.9158809829604748,153.48321650025295,937.8927263730063
1426.6733506280966,0.0008453493100846239,-0.008042709443989637,0.8969654572122064,154.7895820418439,939.559790632264
1427.2896645061367,0.0008509287361294183,-0.0075199814620358525,0.8921697576926759,155.1753164585343,940.0404573518141
1427.9059783841767,0.0008562852196591069,-0.006993877115964309,0.8876968325131119,155.56327778619848,940.5193467291454
1430.0239358940794,0.0008730233361157972,-0.005162130423458893,0.8748180938313419,156.91119924200777,942.1529744203269
1432.1418934039823,0.0008872363527135096,-0.0032976071386071827,0.8658536265281568,158.27690106372475,943.7718067340688
1432.758207282022,0.0008909094363372122,-0.0027496517309714376,0.8639902156009821,158.67671596866063,944.2408325264396
1433.3745211600622,0.0008943767788478552,-0.002199490641920801,0.8624647988264966,159.07732522596746,944.7091871176567
1435.4924786699648,0.0009047506488134219,-0.0002938392008820172,0.8598209757350409,160.4578665771173,946.3153756543617
1437.6104361798677,0.0009127804621496012,0.0016313013497861717,0.8612338799774397,161.83939735990563,947.9207155561894
1438.2267500579078,0.0009146851002406518,0.002194455178589748,0.86241294809219,162.24066623830467,948.3885043908209
1438.8430639359478,0.0009163964496532612,0.002758726463150395,0.8639390655865612,162.64129746086226,948.8568334630489
1440.9610214458505,0.0009208222014014408,0.004704696620033807,0.8718414355841776,164.01098385179338,950.4722972827102
1443.0789789557534,0.0009230120033865639,0.006657672507773024,0.8838727066097505,165.36448301701614,952.1013095936096
1443.6952928337932,0.0009232327196238014,0.0072266142795708735,0.8881514247894252,165.75432275576802,952.5786709933287
1444.3116067118333,0.0009232653417322257,0.007795634438881528,0.8927804491005387,166.14202334712854,953.0577521350734
1446.429564221736,0.0009219495616358692,0.009750070390488258,0.9113618853338272,167.4556942743971,954.7190698878113
1448.5475217316389,0.0009184095407694187,0.011699364152037098,0.9340772883984193,168.73474887886672,956.4071078167185
1449.163835609679,0.0009169593356977795,0.012264956184642488,0.9414622905970677,169.09937192169446,956.9040024092418
1449.780149487719,0.0009153175346253835,0.012829592568651732,0.9491952089753045,169.4602166885981,957.4036165172218
1451.8981069976217,0.0009082066786204904,0.014761075312542395,0.978416231705182,170.6688596178985,959.1427965280859
1454.0160645075246,0.0008987765527232421,0.016675041508012644,1.0117095031650922,171.8225148134516,960.9188212863173
1454.6323783855646,0.0008955885717226084,0.017228000193074935,1.0221572540300166,172.14670109119024,961.4429985592083
1455.2486922636047,0.0008921965720319039,0.017778925433562846,1.0329447790913322,172.4652928081648,961.9705546613982
1457.3666497735073,0.0008789621376299561,0.019654988795213685,1.0725919162627997,173.51458800411064,963.8102060088901
1459.4846072834102,0.0008632125452813503,0.02150035868830273,1.1161799721890058,174.48639307295934,965.6918122542761
1460.10092116145,0.0008581437736262063,0.022030821616416098,1.129594776420146,174.75332470520232,966.2473382883948
1460.71723503949,0.0008528510305820723,0.022558083710747735,1.1433350927802322,175.01268474569906,966.8063929981204
1462.8351925493928,0.0008329206594426166,0.024343771444393546,1.193011131475391,175.84309964051593,968.7545832680755
1464.9531500592957,0.0008102065032147336,0.026084299529542387,1.246421357808026,176.57201629539207,970.7428336056704
1465.5694639373357,0.0008030579034449809,0.02658145519154269,1.2626511325930954,176.76371084259486,971.3285950271553
1466.1857778153758,0.000795661476320144,0.02707412056237172,1.2791854496076882,176.9457920861496,971.9173659933041
1468.3037353252785,0.0007683144334873768,0.028730878853188757,1.338292553999945,177.49498887609542,973.9626171120939
1470.4216928351814,0.0007379020086199078,0.030326471094813925,1.4008438285097118,177.91884500974123,976.0373192812004
1471.0380067132212,0.0007284619934719358,0.030778359099515016,1.419674258935977,178.0173658157625,976.6457242808928
1471.6543205912612,0.0007187530033450437,0.031224340618455793,1.4387808570753455,178.10435500751464,977.2558346821572
1473.772278101164,0.0006833037954365739,0.032709665055668656,1.506499472192732,178.31238548964504,979.3631994763315
1475.8902356110668,0.0006445906463096134,0.034116453132363854,1.577280773019275,178.37415327658493,981.4797565976764
1476.5065494891069,0.0006327056953703933,0.034510077077626156,1.5984291616314137,178.36363400487662,982.0959952170538
1477.122863367147,0.0006205426549977519,0.03489629095505602,1.6198173300079064,178.34005841342335,982.7118243278779
1479.2408208770496,0.0005766119850065536,0.0361646276675039,1.6950863642658116,178.1572081221001,984.8214234001755
1481.3587783869525,0.000529421293287037,0.03733646879377786,1.7729394950132251,177.8136387978575,986.9107322641087
1481.9750922649923,0.0005150849050955163,0.03765835228042508,1.796050394382722,177.68291718445778,987.5130345693558
1482.5914061430324,0.0005004836738684324,0.03797132849897149,1.8193564249090266,177.53831851018327,988.1121128860423
1484.709363652935,0.00044831451719082495,0.038976602995563187,1.9008626989393842,176.93452448394035,990.1416134790647
1486.827321162838,0.0003932140296180374,0.03986828121784249,1.9843778055981716,176.1656538325217,992.1143736499153
1487.443635040878,0.00037665857779416645,0.04010552658684726,2.009023057876761,175.91100407479655,992.6756250184866
1488.059948918918,0.00035988294872239427,0.040332522733946954,2.033810951142219,175.6426361002701,993.2304108972469
1490.1779064288207,0.0003006349668038978,0.04103238486086329,2.119997217842804,174.61636029177512,995.08239601989
1492.2958639387236,0.00023919041328819275,0.041604436156873544,2.207530413836404,173.43343469203057,996.838365417408
1492.9121778167637,0.00022095040315161453,0.04174622508336914,2.23321625996387,173.0606335233376,997.32914081275
1493.5284916948037,0.00020257008281159738,0.04187676316407378,2.2589857608589172,172.67540164870678,997.8101945544846
1495.6464492047064,0.0001384741381273262,0.04223810730329171,2.3480857779912263,171.25917635298254,999.3840866680206
1497.7644067146093,7.332687068267346e-05,0.042462585626643394,2.4378061686655683,169.7081879182727,1000.8253013271208
1498.3807205926491,5.4245668502401784e-05,0.04250187983010382,2.4639892519219684,169.2331139509846,1001.2179034325641
1498.9970344706892,3.5135422002757197e-05,0.04252944796081628,2.4901928869656462,168.74797298965424,1001.5979872496583
1501.1149919805919,-3.0570183879556405e-05,0.04253421080217451,2.580297980083526,167.0081156881578,1002.8044629695771
1503.2329494904948,-9.58698392635108e-05,0.04240024185506487,2.670266246680404,165.16688140436958,1003.8497285797945
1503.8492633685348,-0.00011470945209758267,0.04233532212679871,2.6963786640434106,164.6141557881778,1004.1223389904203
1504.4655772465749,-0.00013344900216932763,0.042258867240998685,2.7224477078653653,164.0545293541144,1004.380512120981
1506.5835347564775,-0.0001968740463124815,0.04190871881631404,2.811602738814789,162.0840129802334,1005.1549425934214
1508.7014922663805,-0.00025835381589720224,0.041426298847500376,2.8998760975234523,160.05261459367688,1005.7518777087606
1509.3178061444203,-0.00027579651626332503,0.04126166293228096,2.9253573598515636,159.452400151163,1005.8917206012534
1509.9341200224603,-0.0002930155915772458,0.04108638501461822,2.95073430160629,158.848814219813,1006.0163324379031
1512.052077532363,-0.0003502930176805991,0.04040455632728892,3.037052275538978,156.75455494139737,1006.3275873330572
1514.170035042266,-0.0004042925465916368,0.03960488770868367,3.121801375299161,154.64127387033344,1006.4589093007899
1514.786348920306,-0.0004193263571106802,0.03935104983683692,3.1461324009388814,154.02500674388443,1006.4635658524912
1515.402662798346,-0.00043403968944803696,0.03908807302654646,3.170304778273433,153.40877071840328,1006.4533387476507
1517.5206203082487,-0.00048201556227728677,0.03811724559013861,3.2520807161253296,151.29660688558872,1006.3056666060138
1519.6385778181516,-0.0005257738634189907,0.037049273612392485,3.3316976087120267,149.20308470826123,1005.9882891154851
1520.2548916961914,-0.0005376754812979832,0.03672153377454313,3.354430622536443,148.59927645310464,1005.8649251113827
1520.8712055742315,-0.0005491963710625333,0.03638659048557348,3.3769601534490987,147.9983609222964,1005.7279685229847
1522.9891630841341,-0.0005858044015690042,0.035183820128339004,3.4527645047684854,145.95966702438915,1005.1560425553299
1525.107120594037,-0.0006177174247748449,0.03390848743095628,3.525944597600449,143.96903708472803,1004.4339978010976
1525.723434472077,-0.0006261083096723079,0.03352516924855443,3.546724622854819,143.40016419275042,1004.1969620216466
1526.3397483501171,-0.0006340970939750393,0.03313680501419277,3.56726761869324,142.83625225444294,1003.9482398467179
1528.4577058600198,-0.0006584653158588954,0.03176717325429406,3.636007777012422,140.93915780151045,1003.0076102205626
1530.5756633699227,-0.000678099004031411,0.030350944406468346,3.701797768133765,139.10942931219245,1001.9415717088997
1531.1919772479628,-0.0006829314325265815,0.02993151544682198,3.72037398584029,138.59042801629457,1001.6092436102986
1531.8082911260028,-0.0006873738941142697,0.02950921952559191,3.738691568422469,138.0775931522661,1001.2673949714074
1533.9262486359055,-0.0006996979468778742,0.028039558458479857,3.799638281014636,136.36384221824534,1000.0235294116395
1536.0442061458084,-0.0007075943985790961,0.02654848430672513,3.8574496379109826,134.72680275769048,998.6801002078245
1536.6605200238482,-0.0007090851261251952,0.026111912995733243,3.8736769833626115,134.26510887597254,998.2718758062342
1537.2768339018883,-0.0007102225439891084,0.02567451598813093,3.889635688712578,133.8100034160957,997.856258023464
1539.394791411791,-0.0007115033024705803,0.02416825225543403,3.9424178733923307,132.29666021052998,996.3749378157743
1541.5127489216939,-0.0007088957907052136,0.022663393526277817,3.9920113433564213,130.8609961416567,994.8180583077803
1542.129062799734,-0.0007074410284045671,0.0222269331877026,4.005844238895943,130.45767677290806,994.3520676581395
1542.745376677774,-0.0007056846886429696,0.021791442664494856,4.019409017639344,130.0607508746921,993.8805733639505
1544.8633341876766,-0.000697435548380182,0.02030499955710243,4.063984569863204,128.74494902707113,992.2212017719769
1546.9812916975795,-0.0006859648945228642,0.01883943929273519,4.105434013231823,127.50164876627994,990.5067178767013
1547.5976055756194,-0.0006820608790315793,0.01841787066487755,4.1169147194050595,127.15305725928378,989.9984820469768
1548.2139194536594,-0.0006779142770444902,0.017998761621214557,4.128136832917074,126.81024143583733,989.4862987899787
1550.331876963562,-0.000661909517769783,0.016579474534291625,4.164747999387896,125.6750843157459,987.6984109694922
1552.449834473465,-0.0006433995930181832,0.015196737764486396,4.198391882123573,124.60337479675778,985.871699471198
1553.066148351505,-0.0006375828807131652,0.014801995598901852,4.20763580647882,124.3028573740467,985.333633762327
1553.682462229545,-0.0006315844615370217,0.014410873072027378,4.21663791227413,124.00725477452754,984.7928281651706
1555.8004197394478,-0.0006096813474377993,0.013096082985429861,4.245758672104542,123.02746326312332,982.9152368074796
1557.9183772493507,-0.0005859880237947351,0.011829578557702877,4.272145895884008,122.1001261994173,981.0111324164454
1558.5346911273905,-0.0005787961315893634,0.011470646470075415,4.279325644312018,121.83949323169682,980.4526514637258
1559.1510050054305,-0.0005714817740524221,0.011116164334255033,4.286285786360381,121.58281554296796,979.892325154174
1561.2689625153332,-0.0005455044932847172,0.00993310361906577,4.308566595763255,120.72936757836814,977.9539943526926
1563.3869200252361,-0.000518416773770978,0.008806237611806034,4.328401241841558,119.91690717569683,975.9980899968275
1564.0032339032762,-0.00051036212373668,0.008489218614605326,4.333730608340202,119.68755452825357,975.4260479843525
1564.6195477813162,-0.0005022401881043433,0.008177166079705794,4.338866253078307,119.46120297692491,974.8528012560365
1566.737505291219,-0.00047390129768024877,0.007143366384818589,4.355079686348292,118.70473858127446,972.8745771672692
1568.8554628011218,-0.00044507174803807783,0.006170106853415264,4.369167686537701,117.97832299369924,970.8850984372614
1569.4717766791616,-0.00043662270626035647,0.0058984144275049735,4.372886375888752,117.77200398108727,970.3043486147847
1570.0880905572017,-0.0004281555826028379,0.0056319187560309545,4.3764392551549225,117.56780509492637,969.7228436912885
1572.2060480671043,-0.00039899544811382943,0.004755991951349001,4.387428940563221,116.88088829980765,967.7193908163439
1574.3240055770073,-0.00036988383574915206,0.003941773688598999,4.39662879825232,116.21422637075713,965.7090938211308
1574.9403194550473,-0.0003614490601745205,0.0037164170450796094,4.398988459039019,116.0235307286416,965.1230261507882
1575.5566333330873,-0.00035303795021641987,0.0034962382683130107,4.401210780834281,115.83418672807046,964.5365171303483
1577.67459084299,-0.0003243764284312401,0.0027789580486062364,4.4078454587556815,115.192648333193,962.5180657250366
1579.792548352893,-0.00029620905582109766,0.002121858420731481,4.4130246976172565,114.56304213002807,960.4958542310429
1580.408862230933,-0.00028812737864635494,0.0019418000385195576,4.414276726705962,114.38165292393182,959.9068384848142
1581.025176108973,-0.00028010297146323766,0.001766694452124639,4.41541920053097,114.20097775908474,959.3176019280987
1583.1431336188757,-0.00025301364154686637,0.0012022839244256083,4.418553316644979,113.58457929747267,957.2913270678175
1585.2610911287786,-0.00022676647804571552,0.0006943556101193359,4.420551848707192,112.97338234116627,955.2634750346023
1585.8774050068184,-0.00021930351513941158,0.0005569048326529211,4.420937266497665,112.79617484652277,954.6731870292635
1586.4937188848585,-0.00021192317917117625,0.00042402060212585015,4.421239220674405,112.61917856473409,954.0828353177872
1588.6116763947612,-0.00018722762745422555,1.5213642797676383e-06,4.4216808334510525,112.0118009904357,952.0538364777299
1590.729633904664,-0.0001636255049927237,-0.00036983166269777,4.4212817735446786,111.40446658251506,950.0248247032042
1591.3459477827041,-0.00015697412186145405,-0.00046861841931247837,4.421023279266067,111.2274990783114,949.434464368748
1591.9622616607442,-0.0001504226507584755,-0.0005633413566418762,4.420704962197852,111.05036885802173,948.8441529753414
1594.0802191706468,-0.00012869462631042667,-0.0008586998110899311,4.4191911624515905,110.4398798173113,946.8160880342436
1596.1981766805498,-0.0001082176870617373,-0.0011093641056296455,4.417099136214428,109.82573556058419,944.7891277513312
1596.8144905585896,-0.00010250027275833158,-0.0011742909363534825,4.41639533481894,109.64616852961669,944.1995527967141
1597.4308044366296,-9.689237943459633e-05,-0.0012357299461446347,4.4156523827816345,109.4661815704429,943.6101061708141
1599.5487619465323,-7.846832021288134e-05,-0.0014211998789607438,4.412832110492645,108.84409290460707,941.5855697055617
1601.6667194564352,-6.136622838413263e-05,-0.0015690483725692168,4.409658861071435,108.21594021561953,939.5629072909919
1602.2830333344752,-5.663964665570814e-05,-0.0016054064228886106,4.408680590945977,108.03191057434454,938.9747100322129
1602.8993472125153,-5.2025295518487384e-05,-0.0016388858993613635,4.407680584336889,107.8473045797024,938.3866936180627
1605.017304722418,-3.70256608047261e-05,-0.001732956478409137,4.404104514054202,107.20830240733532,936.3674323327543
1607.1352622323209,-2.334328654889505e-05,-0.0017966534193087859,4.400361371319666,106.56191496868557,934.3505234688362
1607.7515761103607,-1.9607109050294386e-05,-0.0018098838036827876,4.3992499830760075,106.37238546318821,933.7640753356121
1608.3678899884007,-1.5980046059110342e-05,-0.0018208432129128043,4.398130930796837,106.18220626164536,933.1778376569126
1610.4858474983034,-4.340715690723955e-06,-0.0018421416955614247,4.394247790470887,105.52361670797484,931.1648800652275
1612.6038050082063,6.047754859078487e-06,-0.0018401132050193825,4.390344243632683,104.85719505760389,929.1545018887506
1613.2201188862464,8.840911304539917e-06,-0.0018355212987889564,4.389211587012006,104.66179445826067,928.5699838201891
1613.8364327642864,1.1532659392098616e-05,-0.0018292358444093428,4.388082087180267,104.46573595130131,927.9856860650032
1615.954390274189,2.0023306751206838e-05,-0.001795617929994775,4.384240482798084,103.78697550000831,925.9794402259504
1618.072347784092,2.7376159744351675e-05,-0.0017452220853031047,4.380487847201914,103.10060193591322,923.9757859499504
1618.6886616621318,2.9309378254601445e-05,-0.0017277513440720877,4.37941765989418,102.89946802041902,923.3932159034655
1619.3049755401719,3.115221054828418e-05,-0.0017091126976046698,4.378358425847517,102.69771606070721,922.81085949109
1621.4229330500746,3.681435183755951e-05,-0.0016369622953903696,4.3748130725341134,101.99976353065033,920.8112092871289
1623.5408905599775,4.14835179620628e-05,-0.0015538712581140042,4.371432116607016,101.29488997516374,918.8139878057254
1624.1572044380175,4.266436681256415e-05,-0.0015279388549385414,4.370482480817886,101.0885239984987,918.233250541721
1624.7735183160576,4.3767942395984894e-05,-0.0015012976620439264,4.369548896957747,100.8816125423339,917.6527072526806
1626.8914758259602,4.6992471669962345e-05,-0.001405037772394838,4.366470099292247,100.16652869722485,915.6591188154481
1629.0094333358632,4.938673294106785e-05,-0.0013028277029299839,4.363601477096942,99.44551952300435,913.6676652251389
1629.6257472139032,4.9936796522573916e-05,-0.0012722197234915234,4.36280801021693,99.23465784743182,913.08854516738
1630.2420610919432,5.042368547026604e-05,-0.0012412871953096235,4.362033385520628,99.0233427357205,912.5095902610531
1632.360018601846,5.163762577120222e-05,-0.0011330896172686846,4.359518640841905,98.29385355743001,910.5212274776715
1634.4779761117488,5.21896959456773e-05,-0.0010230218716532628,4.357235034503874,97.55959591847675,908.5346202196625
1635.0942899897886,5.223533814239531e-05,-0.000990842565088373,4.356614502034695,97.3451018329902,907.956835663583
1635.7106038678287,5.223194159582684e-05,-0.0009586453601334895,4.356013712832446,97.13025496334235,907.3791820733113
1637.8285613777314,5.1868534331052724e-05,-0.0008483172954560223,4.354100406670074,96.38940613653394,905.3950235149891
1639.9465188876343,5.100725707504598e-05,-0.000739286145667579,4.35241939725552,95.64499255939926,903.4121993060937
1640.5628327656743,5.0671947200989054e-05,-0.0007079535506387104,4.351973472551813,95.42776918953382,902.8354352821057
1641.1791466437144,5.030101967538875e-05,-0.0006768340623981672,4.351546723894469,95.21029377621207,902.2587661606531
1643.297104153617,4.877553830058708e-05,-0.0005718530298684899,4.350225025699335,94.46117732395433,900.2777140166831
1645.41506166352,4.6904086702354616e-05,-0.0004704692771892489,4.349121863427504,93.70965946929056,898.2975714049866
1646.0313755415598,4.630251236113374e-05,-0.00044174797551566264,4.3488408053856915,93.49058312103135,897.7215086383821
1646.6476894195998,4.567747303138477e-05,-0.000413400653744891,4.3485772878342255,93.2713492456128,897.1455057540942
1648.7656469295025,4.336922734784936e-05,-0.00031906475674218354,4.347802524910686,92.51689860246866,895.166478755077
1650.8836044394054,4.084945842608522e-05,-0.0002298416246350829,4.347222147099249,91.76110716943181,893.1879633168235
1651.4999183174455,4.008340360418373e-05,-0.00020490281279471545,4.347088219622515,91.54097943408472,892.612301473044
1652.1162321954855,3.930440950865907e-05,-0.0001804367213776884,4.346969491290471,91.32077812823982,892.0366677466237
1654.2341897053882,3.654467284397127e-05,-0.0001000969031249726,4.346673462033689,90.56362503958844,890.0586730201859
1656.352147215291,3.368719224263767e-05,-2.5705598618919373e-05,4.346541289748634,89.80604846924093,888.0808404230116
1656.968461093331,3.284303552268245e-05,-5.205183033000471e-06,4.346531799397738,89.5855648422652,887.505314782766
1657.584774971371,3.1994643911134955e-05,1.4776404703809114e-05,4.34653477533384,89.36507841231158,886.9297902150278
1659.7027324812736,2.9059879477552448e-05,7.943290750221448e-05,4.346635639166285,88.6074635196417,884.9519722997536
1661.8206899911766,2.6119111319544547e-05,0.00013786734611210115,4.346866853690605,87.8501770381377,882.9740286322584
1662.4370038692166,2.5266717225046757e-05,0.00015370089105656498,4.3469567300879515,87.62990954896125,882.3984202297049
1663.0533177472566,2.4416924173376757e-05,0.0001690119865505553,4.347056208606376,87.40969562440819,881.822791341141
1665.1712752571593,2.1526511834215985e-05,0.00021765384259743898,4.347466748044427,86.65342401118033,879.8444594058903
1667.2892327670622,1.8699934286299064e-05,0.00026024152781163536,4.347973897628493,85.8980602354275,877.8657806970737
1667.9055466451023,1.789269776212494e-05,0.0002715165094171674,4.348137782910924,85.67845153585769,877.2899206261314
1668.5218605231423,1.7093090236608578e-05,0.0002822978087729357,4.348308479408856,85.45893829265695,876.7140241724974
1670.639818033045,1.4410674909517907e-05,0.00031563966998070356,4.348942664080879,84.70537127818424,874.734660470234
1672.757775542948,1.184133144264104e-05,0.0003434200301995305,4.349641575886845,83.95312378317291,872.7547949474346
1673.3740894209877,1.1117105157267199e-05,0.000350493662229338,4.349855423807402,83.73449021961301,872.1785639467754
1673.9904032990278,1.0403878357973037e-05,0.00035712526037070895,4.350073516052591,83.51598031740522,871.602286050916
1676.1083608089305,8.041452633606855e-06,0.0003766330872542119,4.350851406773039,82.76605516475922,869.6215397054509
1678.2263183188334,5.822864155311786e-06,0.0003912897174209657,4.351665476927675,82.01770689196032,867.6401970808333
1678.8426321968734,5.205528853398356e-06,0.0003946871844178369,4.3519076887956505,81.80024824298387,867.0635216655385
1679.4589460749135,4.601107460646337e-06,0.00039770861378222744,4.352151903395623,81.5829291790293,866.4867936383649
1681.5769035848161,2.624986977064181e-06,0.00040533286930675077,4.35300301628527,80.837198993244,864.5044641389168
1683.694861094719,8.076513575989292e-07,0.00040893993541030594,4.353866022905907,80.09316805839869,862.5214962390537
1684.3111749727589,3.090865409248422e-07,0.0004092832384940506,4.35411816665987,79.87698182840408,861.944342611603
1684.927488850799,-1.758652841138779e-07,0.00040932353362619814,4.3543704547212885,79.66094062504462,861.3671346823025
1687.0454463607016,-1.7379324433810316e-06,0.00040726847704853307,4.355235762171929,78.91962748925559,859.3831491578748
1689.1634038706045,-3.139172336711855e-06,0.0004020753412577688,4.356093393940834,78.18002376983,857.3985257466395
1689.7797177486445,-3.516905984459689e-06,0.00040002358358118316,4.356340564881094,77.96512217737946,856.820892559467
1690.3960316266846,-3.8812967408711395e-06,0.0003977429067020724,4.356586426376639,77.7503625714604,856.2432065645664
1692.5139891365873,-5.032537372374524e-06,0.00038827635674796375,4.3574192058444,77.01341785959272,854.2575942596629
1694.6319466464902,-6.030862737762267e-06,0.00037653346207078124,4.35822952496089,76.27810467000837,852.2713771763256
1695.24826052453,-6.293309983429955e-06,0.0003727352220429541,4.358460412888915,76.06443274561147,851.6932879958018
1695.86457440257,-6.543404744315689e-06,0.00036877859613423627,4.358688934855001,75.85089332695638,851.115149850645
1697.9825319124727,-7.310475432435485e-06,0.0003540832985046901,4.359454691216448,75.11806010647419,849.1280164283824
1700.1004894223756,-7.939680189189467e-06,0.0003379093748429619,4.3601877577283625,74.38671626610942,847.1403343543725
1700.7168033004157,-8.097864329164656e-06,0.00033296699824612256,4.3603944864614235,74.17416976753253,846.5618304413836
1701.3331171784557,-8.245182182599972e-06,0.0003279298987119863,4.360598160874012,73.961741808033,845.983282983753
1703.4510746883584,-8.671078626516804e-06,0.00030999506947387785,4.3612738469685555,73.23261526473165,843.9947864918915
1705.5690321982613,-8.9787379786717e-06,0.0002912834202321577,4.361910725220942,72.50479388693002,842.0058118986718
1706.1853460763014,-9.047231104265719e-06,0.0002857284406956134,4.362088527738755,72.29323603776358,841.4269457068015
1706.8016599543414,-9.106633425306812e-06,0.0002801333971948071,4.362262911826391,72.08178004992993,840.8480422918005
1708.919617464244,-9.244342457820594e-06,0.0002606831165565534,4.36283565851315,71.35586288314715,838.8583719341275
1711.037574974147,-9.285805676239062e-06,0.00024104309631108538,4.363367009401746,70.63104421648262,836.8683011228169
1711.6538888521868,-9.281044121216607e-06,0.00023532155973880262,4.363513796290602,70.42032056206105,836.2891307387237
1712.2702027302269,-9.269088944018094e-06,0.00022960450547084536,4.363657072190393,70.20968091238092,835.7099297923115
1714.3881602401295,-9.176162495884749e-06,0.00021005836390443586,4.36412261731178,69.48643161701904,833.7192880945876
1716.5061177500324,-9.009511272319193e-06,0.000190787109577615,4.36454705563559,68.76406820789487,831.7283247418807
1717.1224316280725,-8.94840624483253e-06,0.00018525331346938331,4.36466292700366,68.55401914903982,831.1489093588123
1717.7387455061125,-8.881983906728154e-06,0.00017975817270244438,4.364775410015632,68.34403631471163,830.569469968426
1719.8567030160152,-8.616120789822894e-06,0.00016121885438159583,4.365136388320784,67.62290914501506,828.578058520447
1721.9746605259181,-8.298147872359315e-06,0.00014329780601751878,4.365458755872217,66.90246242560363,826.586400790324
1722.590974403958,-8.19698566721605e-06,0.00013821484522176067,4.365545498381705,66.69293322479881,826.0067972118409
1723.207288281998,-8.092260902671243e-06,0.00013319474417490011,4.365629134478115,66.48345351243965,825.4271757427388
1725.3252457919007,-7.707910784583107e-06,0.00011645697104661898,4.365893360601229,65.76392968031392,823.4351844192379
1727.4432033018036,-7.29111249772302e-06,0.00010056759705874109,4.36612303526871,65.04489779112022,821.4430154641185
1728.0595171798436,-7.1647556206635715e-06,9.611309543881591e-05,4.36618363706136,64.83574604071572,820.8632755739366
1728.6758310578837,-7.036391749925956e-06,9.173658008874596e-05,4.36624152143343,64.62662877596337,820.2835232419169
1730.7937885677864,-6.582343731948822e-06,7.731190559186447e-05,4.366420367576178,63.908239054290895,818.2911226285803
1732.9117460776893,-6.112867912833402e-06,6.386522321815507e-05,4.366569698544124,63.19017627126661,816.2986041593182
1733.528059955729,-5.974218841336921e-06,6.014070261686643e-05,4.36660790613299,62.98127696561298,815.7187732566807
1734.1443738337691,-5.834879144643619e-06,5.650142784760432e-05,4.366643845900526,62.77239930997569,815.1389345536298
1736.2623313436718,-5.3527450374642675e-06,4.4653720513969906e-05,4.366750786560271,62.054738680736754,813.1462712032189
1738.3802888535747,-4.8691887691662016e-06,3.382865877182705e-05,4.366833717239245,61.33726722901525,811.1535397286808
1738.9966027316148,-4.728900965060419e-06,3.0871147730225916e-05,4.36685365035293,61.12851569172283,810.5736556095444
1739.6129166096548,-4.588974866155892e-06,2.799966107735889e-05,4.3668717865700195,60.9197753476213,809.9937674607421
1741.7308741195575,-4.1124436716505335e-06,1.8786712836085067e-05,4.366921155980509,60.20251065856802,808.0009615550416
1743.8488316294604,-3.6453694838822346e-06,1.0573022647696801e-05,4.366952070951128,59.48532596550986,806.0081268578784
1744.4651455075002,-3.5117480561357426e-06,8.367708030086788e-06,4.3669579042082995,59.27663895207167,805.4282195147671
1745.0814593855403,-3.3792811119871455e-06,6.24415509293337e-06,4.3669624013134944,59.06795508181444,804.8483110404671
1747.199416895443,-2.9340059400343766e-06,-4.384275390528859e-07,4.366968386240794,58.350826866585926,802.8554560189857
1749.3173744053458,-2.50603553458381e-06,-6.196261656713762e-06,4.36696119703105,57.63369745137924,800.8626014293219
1749.933688283386,-2.385105101436678e-06,-7.703315584316936e-06,4.366956911378211,57.425012781136495,800.2826932428993
1750.550002161426,-2.2658723559709504e-06,-9.136513944027968e-06,4.366951716428937,57.216325495710954,799.7027859976145
1752.6679596713286,-1.869847951664692e-06,-1.3512205853502535e-05,4.366927588058053,56.49914518945819,797.7099497218222
1754.7859171812315,-1.4961924535190345e-06,-1.7072823098167463e-05,4.36689505530438,55.781908425377914,795.7171337651084
1755.4022310592716,-1.3918723121603718e-06,-1.796263834800539e-05,4.366884257433242,55.573183501400635,795.137240065875
1756.0185449373116,-1.2895741774839749e-06,-1.8788862570896495e-05,4.366872926885638,55.364452276680865,794.557348634605
1758.1365024472143,-9.538682822071144e-07,-2.1160208043819782e-05,4.366830500850357,54.64709604444937,792.5645756798082
1760.2544599571172,-6.4316249099184e-07,-2.284701727379559e-05,4.366783777315456,53.92965098555015,790.5718347031176
1760.870773835157,-5.575310923564991e-07,-2.321688400138836e-05,4.366769581768104,53.72086054305185,789.9919645905844
1761.487087713197,-4.7405448190148164e-07,-2.3534658318162114e-05,4.366755170186857,53.512061900941475,789.4120974305348
1763.6050452230998,-2.0376840026609463e-07,-2.4247938695242172e-05,4.366704473181803,52.79446221196215,787.4194121319437
1765.7230027330027,4.091005854852119e-08,-2.4415882564432353e-05,4.366652842978991,52.07676057097213,785.4267635509779
1766.3393166110427,1.0731492045635836e-07,-2.4370099209279503e-05,4.366637809265901,51.86789396085458,784.8469208693447
1766.9556304890828,1.7158273319456193e-07,-2.4284019923702482e-05,4.36662281208469,51.659018717427706,784.2670812976069
1769.0735879989854,3.7623316982254134e-07,-2.369954877663626e-05,4.366571926606113,50.94115466678875,782.2744912199717
1771.1915455088883,5.562613326251382e-07,-2.2707711165288582e-05,4.366522710405019,50.223190886222135,780.2819370744747
1771.8078593869282,6.0411429614642e-07,-2.2350054236857235e-05,4.366508826075457,50.014249156176774,779.7021214574952
1772.4241732649682,6.499674637505901e-07,-2.1963457799783257e-05,4.3664951672461285,49.80529949389712,779.1223086989993
1774.5421307748709,7.925405369512441e-07,-2.043190720582745e-05,4.36645022235889,49.087186713228235,777.1298082480422
1776.6600882847738,9.126470553888485e-07,-1.8622184504967408e-05,4.366408815809081,48.36898790555348,775.1373388038755
1777.2764021628138,9.43522519817652e-07,-1.8050139996623918e-05,4.366397515871367,48.159980891936534,774.5575467165726
1777.8927160408539,9.726149467623775e-07,-1.7459529255936088e-05,4.366386570782581,47.95096746352972,773.9777569417149
1780.0106735507566,1.0593722608401228e-06,-1.5304250562289857e-05,4.3663518458556325,47.232648290718906,771.9853308881063
1782.1286310606595,1.126597112461487e-06,-1.2985908026526847e-05,4.36632185839852,46.51426465092739,769.9929280775114
1782.7449449386993,1.1426678977686244e-06,-1.228658805776115e-05,4.366314071622952,46.3052082445334,769.4131537979953
1783.3612588167393,1.1572260547067607e-06,-1.157772977219288e-05,4.366306715870235,46.09614746610487,768.8333810949453
1785.479216326642,1.1961541841359409e-06,-9.082696855737154e-06,4.36628482538709,45.37768187374785,766.841007835224
1787.597173836545,1.218916316737228e-06,-6.522335262403767e-06,4.366268288459325,44.6591780006258,764.8486483801879
1788.213487714585,1.2226971424567678e-06,-5.7699245255837145e-06,4.366264501743523,44.45009170168721,764.2688848802604
1788.829801592625,1.2252568325745673e-06,-5.015455724694116e-06,4.366261177027373,44.241003345291595,763.6891221223243
1790.9477591025277,1.2252161273526902e-06,-2.4182228085255057e-06,4.3662533073008305,43.52246096828646,761.6967765533678
1793.0657166124306,1.2125173097048911e-06,1.6551922357590625e-07,4.3662509241166845,42.80390837761339,759.7044346679937
1793.6820304904704,1.206638258205408e-06,9.109941017540448e-07,4.366251257095461,42.594813212105805,759.1246743657786
1794.2983443685105,1.1998341299122822e-06,1.6526622257477587e-06,4.366252046557533,42.38571836533593,758.5449139486118
1796.4163018784132,1.1698538431324395e-06,4.163742399455787e-06,4.3662582189406,41.66717182644882,756.5525698806259
1798.534259388316,1.1306328361838846e-06,6.601539873290292e-06,4.366269632079954,40.94864280580614,754.5602194947389
1799.150573266356,1.1176682277782828e-06,7.29435286403499e-06,4.366273915379546,40.73955963786584,753.9804548656371
1799.7668871443962,1.104056324727432e-06,7.979070042818944e-06,4.36627862192123,40.53047906148305,753.4006893019568
1801.8848446542988,1.0527826059855247e-06,1.026419101405771e-05,4.366297961451575,39.811998673807814,751.4083213775388
1804.0028021642017,9.95421706986293e-07,1.2434270233056343e-05,4.366322018944266,39.093561517744554,749.4159378637023
1804.6191160422418,9.777516837638917e-07,1.3042292910346868e-05,4.366329870794177,38.88450976243639,748.8361619070756
1805.2354299202818,9.596873229486897e-07,1.363938643154118e-05,4.366338093239669,38.67546264726619,748.2563842773907
1807.3533874301845,8.949801821813624e-07,1.560402515234073e-05,4.366369086199318,37.95711247602949,746.2639693996547
1809.4713449400874,8.269571937708787e-07,1.7428105486199016e-05,4.36640409133195,37.23882805300603,744.2715308182204
1810.0876588181272,8.066822678602381e-07,1.7931493416099135e-05,4.366414988559428,37.029824769977964,743.6917373860692
1810.7039726961673,7.862274080741547e-07,1.842239944132115e-05,4.3664261918321445,36.8208278713556,743.1119416525495
1812.82193020607,7.14895324217078e-07,2.001223233193982e-05,4.366466920141615,36.10266306445936,741.119459952905
1814.9398877159729,6.425671379536963e-07,2.1449932048570337e-05,4.366510854543794,35.384582602690784,739.1269478542453
1815.556201594013,6.21448209896742e-07,2.183941595780023e-05,4.366524195211645,35.175641934153504,738.5471318547147
1816.172515472053,6.00327030975064e-07,2.2215938318470282e-05,4.366537771916295,34.96670904581586,737.9673130516278
1818.2904729819556,5.279824837915078e-07,2.3410645094049452e-05,4.366586116384233,34.248774291518394,735.9747484475105
1820.4084304918586,4.564823137068475e-07,2.4453023370029573e-05,4.366636829877709,33.53093822782335,733.982148287338
1821.0247443698984,4.359240528510996e-07,2.4727993397633578e-05,4.366651985932715,33.32207113322062,733.4023057802137
1821.6410582479384,4.1549770030117427e-07,2.4990374688101858e-05,4.366667307825105,33.11321285210159,732.8224600984562
1823.759015757841,3.4651402835925007e-07,2.579693859759846e-05,4.366721115884479,32.395541791051784,730.8298005036191
1825.876973267744,2.797418578856583e-07,2.645973995411648e-05,4.36677647997045,31.677979502552837,728.8371017369618
1826.493287145784,2.6078983964795415e-07,2.6626279542599015e-05,4.366792839213899,31.469193736467705,728.2572299406568
1827.109601023824,2.42067993667394e-07,2.6781237468540742e-05,4.366809297965321,31.260417464569635,727.6773547260274
1829.2275585337268,1.796165960794145e-07,2.7227238864699547e-05,4.366866514553151,30.54303286918671,725.6845919817732
1831.3455160436297,1.2030195078725105e-07,2.754429260837376e-05,4.366924539200159,29.825763099225398,723.691787904714
1831.9618299216695,1.036712730039013e-07,2.7613285432659064e-05,4.366941536657696,29.61706337760838,723.1118851348807
1832.5781437997096,8.73305747194362e-08,2.7672133994399173e-05,4.366958574065992,29.408373506097167,722.5319788202205
1834.6961013096122,3.347787655516143e-08,2.77994199349897e-05,4.367017336708055,28.691288039910567,720.5391084163417
1836.8140588195151,-1.6705384097732292e-08,2.7816534005441828e-05,4.367076252266657,27.974319833668922,718.5461958232543
1837.4303726975552,-3.059979070794345e-08,2.780193465375631e-05,4.367093391619309,27.765708135454325,717.9662613824544
1838.0466865755952,-4.417210659348015e-08,2.7778877419403068e-05,4.367110519983413,27.557106358436677,717.3863233729362
1840.164644085498,-8.832727446420849e-08,2.763788037811717e-05,4.367169220935028,26.84032373829726,715.393344023343
1842.2826015954008,-1.2861261001728064e-07,2.740746263764805e-05,4.367227528566276,26.1236577172236,713.4003227422855
1842.8989154734409,-1.3960503769104652e-07,2.73247916038393e-05,4.367244394716798,25.91513367291644,712.8203567784573
1843.515229351481,-1.5027171941384672e-07,2.72354443604036e-05,4.367261208485346,25.70661938310589,712.2403873075302
1845.6331868613836,-1.8443739932089535e-07,2.6880323267202754e-05,4.367318527994278,24.990135785119634,710.2473004388042
1847.7511443712865,-2.1479990167149064e-07,2.64568681998954e-05,4.367375023007594,24.27376560939708,708.2541728001544
1848.3674582493263,-2.2293113168998848e-07,2.632196497372201e-05,4.367391287112393,24.065326934428974,707.6741761492777
1848.9837721273664,-2.307497094410192e-07,2.6182138861592687e-05,4.367407467156842,23.85689765926769,707.0941761203801
1851.101729637269,-2.552713147084851e-07,2.5666829030277432e-05,4.36746238261809,23.140703232121474,705.1009853229198
1853.219687147172,-2.7625804860117436e-07,2.510332683461842e-05,4.367516155640317,22.424617124460426,703.107755607318
1853.836001025212,-2.8172004543568713e-07,2.4931372479593243e-05,4.367531574058749,22.216260062289237,702.5277296329922
1854.452314903252,-2.8690000107020443e-07,2.475612669078686e-05,4.3675468860292765,22.007911906336357,701.9477004594341
1856.5702724131547,-3.0259364523964e-07,2.4131313595261846e-05,4.367598662072003,21.29199228097939,699.9544109414011
1858.6882299230576,-3.1516060966318086e-07,2.3476573115634855e-05,4.3676490830946735,20.576174510710082,697.9610848434812
1859.3045438010975,-3.1825611213376807e-07,2.3281375737427133e-05,4.367663491718493,20.36789425814896,697.3810312833315
1859.9208576791375,-3.211065215278991e-07,2.3084331498021112e-05,4.36767777994105,20.159622325062255,696.8009747359529
1862.0388151890402,-3.291040313263514e-07,2.2395307427371247e-05,4.367725944409694,19.44396003548015,694.807592810662
1864.156772698943,-3.3446744334039993e-07,2.1692134424375356e-05,4.367772634571209,18.728392287438826,692.814176945625
1864.7730865769831,-3.355617875449283e-07,2.1485657563405302e-05,4.367785939922344,18.52018338204595,692.2340977717483
1865.3894004550232,-3.3645617703262537e-07,2.1278552144148106e-05,4.367799118212496,18.31198215678536,691.6540158412689
1867.5073579649259,-3.380678691749864e-07,2.056387405253426e-05,4.367843428662001,17.596557911290592,689.6605484696016
1869.6253154748288,-3.3757494699298707e-07,1.98480112073007e-05,4.367886224199042,16.88122048792959,687.6670499409131
1870.2416293528686,-3.3706626026444366e-07,1.964011595229701e-05,4.367898392547547,16.673077144091497,687.0869472390855
1870.8579432309086,-3.364010569215181e-07,1.943256675033523e-05,4.367910433174887,16.46494082269588,686.5068420176087
1872.9759007408113,-3.330000071755105e-07,1.8723406930799472e-05,4.36795083797431,15.74973458760989,684.5132964188404
1875.0938582507142,-3.280220752841434e-07,1.8023120274805798e-05,4.367989750199856,15.034607414125201,682.5197224575841
1875.7101721287543,-3.2630561717764456e-07,1.78214865152054e-05,4.368000795777941,14.82652380046377,681.9395983277816
1876.3264860067943,-3.244777445718637e-07,1.7620930189615086e-05,4.368011717635641,14.618446560647916,681.3594719117832
1878.444443516697,-3.1740714983470096e-07,1.694099701195635e-05,4.368048315137247,13.90343843770534,679.3658552492022
1880.5624010266,-3.0925601581143374e-07,1.6277183321668525e-05,4.3680834896394645,13.188501858142319,677.3722129290877
1881.17871490464,-3.0670778368158293e-07,1.608737332099214e-05,4.368093462830902,12.98047231391282,676.7920694080664
1881.79502878268,-3.040864972012491e-07,1.5899143111840776e-05,4.368103319667092,12.77244852465565,676.2119238234318
1883.9129862925827,-2.9459009072444293e-07,1.5265044963769714e-05,4.368136318211324,12.057619419503702,674.2182429653893
1886.0309438024856,-2.8445706880780124e-07,1.4651733963339137e-05,4.368167995775765,11.34285478647523,672.224538992178
1886.6472576805254,-2.814113720342434e-07,1.447736185261475e-05,4.368176971958758,11.134873978633701,671.6443779974302
1887.2635715585654,-2.7832906916794884e-07,1.4304866837922462e-05,4.368185841325526,10.926898350823794,671.0642151457201
1889.3815290684681,-2.675032201278699e-07,1.3726796448928956e-05,4.368215522166303,10.212230442491286,669.0704764983084
1891.499486578371,-2.5641906073426713e-07,1.3171928293387512e-05,4.3682440032492265,9.497620514290189,667.0767170684857
1892.115800456411,-2.5316455096562313e-07,1.301490143432992e-05,4.3682520727774214,9.289683539901212,666.4965403618345
1892.7321143344511,-2.4990087226687893e-07,1.2859874048217399e-05,4.368260046161281,9.081751222987156,665.9163619859452
1894.8500718443538,-2.386661056720842e-07,1.2342500460951543e-05,4.368286730749734,8.367228253260333,663.9225713903239
1896.9680293542567,-2.2747928758765116e-07,1.1848870855513316e-05,4.36831234470728,7.652757419945705,661.9287621111091
1897.5843432322965,-2.2424757456248126e-07,1.1709672790619205e-05,4.368319604337199,7.444859860639774,661.3485712794902
1898.2006571103366,-2.2103109626910662e-07,1.1572454795183174e-05,4.368326778760827,7.236966492169547,660.7683789461968
1900.3186146202393,-2.1012017643939912e-07,1.1115924407855941e-05,4.3683508012463355,6.522573899710847,658.7745416315315
1902.4365721301422,-1.9949056900289965e-07,1.0682204981274061e-05,4.368373880976201,5.808228264522273,656.7806874926669
1903.0528860081822,-1.9646163230499686e-07,1.0560194293001591e-05,4.368380426896065,5.600366200898792,656.2004839432401
1903.6691998862223,-1.9346314728872594e-07,1.044003607624262e-05,4.368386898130654,5.392507916931069,655.6202790397344
1905.787157396125,-1.8342258778700084e-07,1.0041000679909165e-05,4.368408583443404,4.678232844103485,653.6263996216417
1907.9051149060278,-1.7382730722370234e-07,9.662759221040183e-06,4.368429445636474,3.9640001887314256,651.6325050086764
1908.5214287840677,-1.7112567483304904e-07,9.556463629257517e-06,4.368435368124606,3.7561701830673817,651.0522899752553
1909.1377426621077,-1.6846722978171655e-07,9.451816732729341e-06,4.3684412255284135,3.5483435978290268,650.4720737166639
1911.2557001720104,-1.5966905766492684e-07,9.10442382815879e-06,4.368460873006221,2.834174799002992,648.4781562308145
1913.3736576819133,-1.5141736996216609e-07,8.775086362912034e-06,4.3684798038409385,2.12004446129248,646.4842249696128
1913.9899715599533,-1.4912324785351942e-07,8.682476425933046e-06,4.368485183482683,1.9122435167978027,645.9039995274526
1914.6062854379934,-1.4687696452579377e-07,8.591264209438427e-06,4.36849050638528,1.7044456797858116,645.323772972391
1916.724242947896,-1.3953769921584947e-07,8.2880619364296e-06,4.368508378600514,0.9903733588931213,643.32982093331
1918.842200457799,-1.3279204921476407e-07,7.999775289500436e-06,4.368525624441543,0.2763360499678366,641.3358563561126
1919.4585143358388,-1.309415094262775e-07,7.918506823725584e-06,4.368530529761334,0.06856155426744774,640.7556214423062
1920.0748282138788,-1.2914240954240997e-07,7.838362907364792e-06,4.368535385243602,-0.1392101076085996,640.1753855137508
1922.1927857237815,-1.2334652742894667e-07,7.571087754163724e-06,4.368551701469385,-0.8531945048699481,638.1814019897191
1924.3107432336844,-1.181470703789503e-07,7.315456431540239e-06,4.368567463948316,-1.5671469198372372,636.18740701409
1924.9270571117245,-1.1674558720406059e-07,7.243075068897829e-06,4.368571950266012,-1.774897260183912,635.6071634511358
1925.5433709897645,-1.1539270599451516e-07,7.171543395572867e-06,4.368576392141054,-1.982645008719138,635.0269189602153
1927.6613284996672,-1.1111820280630315e-07,6.931772867370947e-06,4.368591325761085,-2.696549025889081,633.0329066563592
1929.7792860095701,-1.0740865136471213e-07,6.700457283400353e-06,4.368605760510928,-3.410423762538364,631.038883869614
1930.3955998876102,-1.0643240465291393e-07,6.6345622395629355e-06,4.368609869805839,-3.6181519907264823,630.4586323901002
1931.0119137656502,-1.0550253456412783e-07,6.569256230797736e-06,4.368613938582521,-3.8258778451692192,629.8783800607974
1933.129871275553,-1.0264666408107142e-07,6.348920462694649e-06,4.368627617684743,-4.5397082508711515,627.8843414038074
1935.2478287854558,-1.0029964869211067e-07,6.1340944401944606e-06,4.36864083595987,-5.2535118393049,625.89029314691
1935.8641426634956,-9.970901533272158e-08,6.0724615951645205e-06,4.368644597518486,-5.461219815568844,625.3100344176686
1936.4804565415357,-9.915773896873584e-08,6.011182763691883e-06,4.368648321123742,-5.668925619516713,624.7297749108345
1938.5984140514383,-9.756139091184512e-08,5.802938509515438e-06,4.368660831512121,-6.38268863372542,622.735712130169
1940.7163715613412,-9.640202079761262e-08,5.597612502336841e-06,4.368672903938375,-7.096427138043633,620.7416405764981
1941.3326854393813,-9.614206306206562e-08,5.538279168862763e-06,4.368676335568878,-7.304116602064502,620.161375220993
1941.9489993174213,-9.591651895746743e-08,5.479097819247126e-06,4.368679730613384,-7.511804085160363,619.5811091564758
1944.066956827324,-9.538618123572146e-08,5.276575332524608e-06,4.368691120511228,-8.22550558533164,617.5870243582909
1946.184914337227,-9.521283961010612e-08,5.074798027281237e-06,4.368702082264177,-8.939184799915948,615.5929315840237
1946.8012282152667,-9.52252929029283e-08,5.01611346531836e-06,4.36870519187875,-9.146857425953822,615.0126602021174
1947.4175420933068,-9.526374491180644e-08,4.957415644481221e-06,4.368708265269455,-9.354528258098052,614.4323881781999
1949.5354996032095,-9.559031374205079e-08,4.755353837025262e-06,4.3687185510595175,-10.06817395816703,612.4382834095176
1951.6534571131124,-9.619216262579383e-08,4.552308854934466e-06,4.368728407850091,-10.78179957499279,610.4441714536
1952.2697709911524,-9.641413467033767e-08,4.492955584340763e-06,4.368731195241135,-10.9894570183082,609.8638946381916
1952.8860848691925,-9.665681336061979e-08,4.433461464818115e-06,4.368733945969945,-11.197112855051525,609.2836172478587
1955.0040423790952,-9.763093004514109e-08,4.227749605066868e-06,4.36874311840938,-11.91070845344617,607.2894945496105
1957.121999888998,-9.88018374361907e-08,4.019766210390728e-06,4.368751852754327,-12.62428619765054,605.2953654623379
1957.7383137670379,-9.917570993082496e-08,3.958757734251482e-06,4.36875431142014,-12.831930131600341,604.7150838126549
1958.354627645078,-9.956239967970529e-08,3.897517019499932e-06,4.368756732387694,-13.039572650185304,604.1348016565096
1960.4725851549806,-1.0098619068774435e-07,3.6851624129710444e-06,4.368764762839745,-13.753123945630897,602.1406631050312
1962.5905426648835,-1.0253514004623023e-07,3.469659737550017e-06,4.368772340200018,-14.466659678985462,600.1465189851234
1963.2068565429236,-1.0300526869540835e-07,3.4063203102037043e-06,4.368774459106384,-14.674291822843061,599.5662331166913
1963.8231704209636,-1.0348403001075446e-07,3.3426903388088695e-06,4.36877653887088,-14.881922749008844,598.9859468125582
1965.9411279308663,-1.0517944211966055e-07,3.1217312274367768e-06,4.368783385201475,-15.595435724984661,596.9917945498547
1968.0590854407692,-1.0693758947242752e-07,2.8971148699658075e-06,4.36878975967711,-16.30893551879529,594.9976375705836
1968.675399318809,-1.0745817428368083e-07,2.831046734505052e-06,4.36879152487163,-16.516557656850935,594.4173481220716
1969.291713196849,-1.0798105069964732e-07,2.7646586000200642e-06,4.368793249242804,-16.724178783004874,593.8370583115118
1971.4096707067517,-1.0979503897120425e-07,2.5340402541724884e-06,4.368798861132431,-17.437659663260224,591.842894565164
1973.5276282166546,-1.1161982887726624e-07,2.2995685195408316e-06,4.36880398050154,-18.151129843562362,589.8487269905686
1974.1439420946947,-1.121499063829027e-07,2.2306114591997876e-06,4.3688053765257,-18.35874383641413,589.2684346278434
1974.7602559727347,-1.1267982059477891e-07,2.1613289857344656e-06,4.368806729951967,-18.56635703211154,588.6881419799171
1976.8782134826374,-1.1448686444266721e-07,1.9207589429519734e-06,4.368811053466191,-19.27981231069042,586.6939690738704
1978.9961709925403,-1.1626359892836958e-07,1.6763937550517512e-06,4.368814863444304,-19.993259479468854,584.6997932663966
1979.6124848705804,-1.1677330689878839e-07,1.6045811848412742e-06,4.368815874513159,-20.20086726863262,584.1194986841854
1980.2287987486204,-1.1727834499733298e-07,1.5324568315746267e-06,4.368816841234299,-20.408474484510258,583.5392038968741
1982.346756258523,-1.1898071817282006e-07,1.2822527445150912e-06,4.368819822576919,-21.12191093432742,581.5450242545602
1984.464713768426,-1.206221354646716e-07,1.0285076543896333e-06,4.368822270248062,-21.83534197092792,579.5508426756238
1985.0810276464658,-1.2108653630745905e-07,9.540226324123693e-07,4.368822881188213,-22.04294557799444,578.9705465972306
1985.6973415245059,-1.215455466265436e-07,8.792536899265219e-07,4.368823446146397,-22.250548844390803,578.3902503969618
1987.8152990344086,-1.2307190946019892e-07,6.201945183001225e-07,4.3688250345854325,-22.963973508617354,576.3960665382807
1989.9332565443115,-1.2451621659508984e-07,3.5798947028905966e-07,4.368826071016729,-23.677395555606417,574.4018817432768
1990.5495704223515,-1.24920523114998e-07,2.811232768801024e-07,4.368826267969749,-23.88499707717777,573.8215849187923
1991.1658843003916,-1.2531656375391932e-07,2.0401083626308793e-07,4.368826417487634,-24.092598498667748,573.2412880585043
1993.2838418102942,-1.2661931059702007e-07,-6.280064037772866e-08,4.36882656749549,-24.806018669097195,571.2471025921604
1995.4017993201971,-1.27827222149092e-07,-3.322708509199738e-07,4.368826149592429,-25.519439106642967,569.2529172213773
1996.018113198237,-1.2816003926066064e-07,-4.1115578080460753e-07,4.368825920503033,-25.72704070621047,568.6726204247957
1996.634427076277,-1.2848524877766778e-07,-4.902433048721513e-07,4.368825642749306,-25.934642453205452,568.0923236809575
1998.7523845861797,-1.2953714073892514e-07,-7.635013127736074e-07,4.368824315434777,-26.648065639459073,566.0981392935278
2000.8703420960826,-1.3048829922554298e-07,-1.038880508544459e-06,4.3688224071251005,-27.361492051927154,564.1039560602854
2001.4866559741226,-1.307463530927903e-07,-1.119382157858266e-06,4.3688217420412725,-27.569095949731746,563.523660085905
2002.1029698521627,-1.309951144860957e-07,-1.200039969143509e-06,4.3688210273115375,-27.77670024817016,562.9433642548547
2004.2209273620654,-1.3178553749810548e-07,-1.4783369559680759e-06,4.368818191243835,-28.490134141137336,560.9491836978046
2006.3388848719683,-1.3247477343186824e-07,-1.7582008701807883e-06,4.3688147640955926,-29.20357427909228,558.9550053749603
2006.955198750008,-1.326560767730088e-07,-1.8399032997247942e-06,4.36881365531216,-29.41118274085585,558.37471103338
2007.5715126280481,-1.3282964325296346e-07,-1.921715188083421e-06,4.368812496156902,-29.618791860854387,557.7944169272944
2009.6894701379508,-1.333609107243776e-07,-2.2036225538569237e-06,4.368808127692232,-30.332244293216508,555.8002430029576
2011.8074276478537,-1.337945878937575e-07,-2.48655177550473e-06,4.368803161077613,-31.04570603345601,553.8060724087113
2012.4237415258938,-1.339030941723559e-07,-2.5690449011128913e-06,4.368801603155717,-31.253321358706117,553.2257805226857
2013.0400554039338,-1.3400289726169941e-07,-2.651602409920467e-06,4.368799994387749,-31.4609376028755,552.6454889654308
2015.1580129138365,-1.3428679801138828e-07,-2.9357315814542987e-06,4.368794077608851,-32.17441650898933,550.6513245127654
2017.2759704237394,-1.3447956907311715e-07,-3.2203655383095036e-06,4.368787558521879,-32.88790781466929,548.6571644965046
2017.8922843017795,-1.345186190371539e-07,-3.303259570664659e-06,4.3687855482151905,-33.09553232521606,548.0768758968525
2018.5085981798195,-1.3455098415035112e-07,-3.386175856032704e-06,4.368783486827122,-33.30315801718226,547.4965877199097
2020.6265556897222,-1.3460585804426395e-07,-3.671221848244564e-06,4.368776013197926,-34.01667139404846,545.5024356006446
2022.744513199625,-1.3457792813560635e-07,-3.956296373564381e-06,4.36876793582321,-34.730200276425634,543.5082890293669
2023.360827077665,-1.345550907137565e-07,-4.039231681004394e-06,4.368765471938126,-34.93783630539913,542.928004551082
2023.977140955705,-1.3452495488474247e-07,-4.12215094793661e-06,4.368762956956566,-35.14547377892276,542.3477205896869
2026.0950984656076,-1.343733497108098e-07,-4.4069214782454865e-06,4.368753924779695,-35.85902964947387,540.3535836752976
2028.2130559755105,-1.3414843711870676e-07,-4.691293284239266e-06,4.368744289893178,-36.57260413233262,538.3594534209948
2028.8293698535506,-1.3406942967757906e-07,-4.773946734961415e-06,4.368741373105184,-36.78025401406131,537.7791738996569
2029.4456837315906,-1.3398531778759765e-07,-4.85655022284307e-06,4.368738405403271,-36.98790560302317,537.1988949892482
2031.5636412414933,-1.336523774227361e-07,-5.139983994155928e-06,4.368727819149662,-37.701511982560355,535.2047761490579
2033.6815987513962,-1.332563306306379e-07,-5.4226457835569285e-06,4.368716633412877,-38.41514007002179,533.2106650773054
2034.297912629436,-1.331301477891653e-07,-5.504734616830675e-06,4.36871326605551,-38.62280613093312,532.6303913458546
2034.914226507476,-1.3299840453020064e-07,-5.586744290651128e-06,4.368709848139492,-38.8304741603577,532.0501183188939
2037.0321840173788,-1.3251090969662849e-07,-5.867922255756548e-06,4.368697717698957,-39.544139026660375,530.0560204094845
2039.1501415272817,-1.31971050653959e-07,-6.148012274933205e-06,4.368684992887548,-40.257828674809105,528.0619313693935
2039.7664554053217,-1.3180439792226262e-07,-6.22929665146781e-06,4.368681178724275,-40.46551322546436,527.4816642553114
2040.3827692833618,-1.3163444512727403e-07,-6.310477638248401e-06,4.368677314503815,-40.67320000368731,526.9013979385098
2042.5007267932644,-1.3102054490336734e-07,-6.588630939877249e-06,4.368663654384717,-41.38693127112204,524.9073237945577
2044.6186843031674,-1.3036558264080735e-07,-6.865440543089968e-06,4.368649406571689,-42.100690363728226,522.9132596101869
2045.2349981812072,-1.3016825515338309e-07,-6.945725730926468e-06,4.368645150555272,-42.308395692065446,522.3329999331055
2045.8513120592472,-1.2996730376349755e-07,-7.025888550244797e-06,4.368640845101416,-42.51610350411669,521.7527411450843
2047.96926956915,-1.2925675233902595e-07,-7.3004064293584185e-06,4.368625673588372,-43.229909001977056,519.7586935717048
2050.087227079053,-1.2851724323039738e-07,-7.573388725174087e-06,4.368609922284271,-43.94374533053417,517.7646570350075
2050.7035409570926,-1.2829698671774044e-07,-7.652527822293775e-06,4.3686052303030385,-44.15147369638321,517.1844056047744
2051.3198548351324,-1.2807547287090438e-07,-7.731531180090182e-06,4.368600489592768,-44.35920479865001,516.6041551541812
2053.4378123450356,-1.273003248097903e-07,-8.001971502384941e-06,4.3685838278549864,-45.07309225395636,514.6101369208603
2055.5557698549383,-1.265094369307307e-07,-8.270753425889557e-06,4.368566595092299,-45.78701350228383,512.6161307862612
2056.1720837329785,-1.2627742987193085e-07,-8.34865118449253e-06,4.368561473698755,-45.99476713323132,512.0358884014821
2056.7883976110184,-1.260440648621083e-07,-8.426405977961533e-06,4.368556304341167,-46.20252374948168,511.45564708559147
2058.9063551209215,-1.252395659590418e-07,-8.69251018231117e-06,4.368538175471728,-46.91650077454153,509.46166092181596
2061.024312630824,-1.244340594267778e-07,-8.956909425109426e-06,4.368519484810405,-47.63051450829532,507.46768790253435
2061.640626508864,-1.242000226641568e-07,-9.03352757754417e-06,4.368513940924891,-47.83829559700827,506.8874553496391
2062.256940386904,-1.2396721592912958e-07,-9.110002363686357e-06,4.36850834986154,-48.0460799158879,506.30722395347914
2064.374897896807,-1.2317278846926614e-07,-9.371715632587058e-06,4.368488777820769,-48.760154001039446,504.3132725462134
2066.4928554067096,-1.2239391517864667e-07,-9.63176280941784e-06,4.368468653246768,-49.47426766260812,502.3193353125093
2067.1091692847494,-1.22171477889782e-07,-9.707126867513406e-06,4.368462693827926,-49.68207836576581,501.73911336538976
2067.7254831627893,-1.2195051093193617e-07,-9.782354845771746e-06,4.368456687999039,-49.88989253992281,501.15889266144916
2069.8434406726924,-1.2121052840874384e-07,-1.0039851186290505e-05,4.368435696433752,-50.60407105202852,499.1649786546657
2071.961398182595,-1.2050473453132338e-07,-1.0295816480316598e-05,4.3684141611235,-51.31829196143638,497.17107983423057
2072.5777120606353,-1.20306560003992e-07,-1.0370023760913151e-05,4.3684077927979645,-51.52613440046143,496.59086925452164
2073.194025938675,-1.2011275409703754e-07,-1.0444110866966002e-05,4.368401378767207,-51.73398054749382,496.0106600031084
2075.3119834485783,-1.1947698605235292e-07,-1.0697821624699382e-05,4.368378989682463,-52.448270734885924,494.0167859996232
2077.429940958481,-1.1889610289997447e-07,-1.0950243974662876e-05,4.368356064613506,-53.16260609744828,492.02292818038507
2078.046254836521,-1.1873888692122402e-07,-1.1023472142202462e-05,4.3683492932599375,-53.3704823612608,491.4427297184694
2078.6625687145606,-1.1858665638023646e-07,-1.1096605624043845e-05,4.368342476793203,-53.57836256671356,490.8625326688024
2080.7805262244638,-1.1811007079260182e-07,-1.1347248769090009e-05,4.3683187090645355,-54.29277157138732,488.86870123470453
2082.8984837343664,-1.177108827712688e-07,-1.1596964488490122e-05,4.368294411466458,-55.00722849293139,486.8748869703416
2083.5147976124063,-1.1761025060781554e-07,-1.166947968656746e-05,4.368287241753445,-55.2151406429643,486.29470136716407
2084.131111490446,-1.1751776406258182e-07,-1.1741936077691536e-05,4.368280027351851,-55.423056965614016,485.7145172592837
2086.249069000349,-1.1725958772659511e-07,-1.1990542465703744e-05,4.3682548950836555,-56.13759184348315,483.7207309312535
2088.367026510252,-1.1710248807149855e-07,-1.2238709085263947e-05,4.368229236743396,-56.85217735392898,481.7269627497052
2088.9833403882917,-1.1707738598019147e-07,-1.2310872297420008e-05,4.3682216716270865,-57.060127431629795,481.14679073947906
2089.5996542663315,-1.170612684473404e-07,-1.2383023517054669e-05,4.368214062020821,-57.26808191127839,480.56662030705866
2091.7176117762347,-1.170830349900448e-07,-1.2630955313066632e-05,4.3681875727801485,-57.98274966121896,478.5728816028397
2093.8355692861373,-1.17229715773122e-07,-1.2879065491217917e-05,4.36816055824156,-58.69747074717816,476.5791620180557
2094.4518831641776,-1.1729687440051937e-07,-1.2951335632278782e-05,4.368152598436681,-58.90546078417246,475.9990043319249
2095.0681970422174,-1.1737615571891867e-07,-1.3023651565774964e-05,4.368144594054353,-59.11345545211707,475.41884830604283
2097.1861545521206,-1.1773871720304768e-07,-1.3272607204066568e-05,4.368116747038065,-59.82826305430402,473.4251597382531
2099.3041120620233,-1.1824868734333054e-07,-1.3522486834811437e-05,4.36808837176582,-60.543126701071884,471.43149126532046
2099.920425940063,-1.1842624109916563e-07,-1.359541876327645e-05,4.3680800152128505,-60.75115873207039,470.8513486360093
2100.536739818103,-1.1861655312635499e-07,-1.3668464622252942e-05,4.3680716136501605,-60.959195624317665,470.27120774990976
2102.654697328006,-1.1937588730142383e-07,-1.3920464145186997e-05,4.368042397875724,-61.67415008797654,468.2775718432443
2104.7726548379087,-1.2030188384550145e-07,-1.4174248397547682e-05,4.368012646487012,-62.38916333084773,466.2839570168738
2105.3889687159485,-1.2060330411869656e-07,-1.4248484076141918e-05,4.368003887848133,-62.59723940923648,465.70383018430385
2106.0052825939883,-1.209200231999945e-07,-1.4322910637867267e-05,4.367995083369615,-62.80532058238181,465.12370517911756
2108.1232401038915,-1.2212195122697528e-07,-1.4580255101863107e-05,4.367964476014143,-63.52042900252628,463.13012449079326
2110.241197613794,-1.235041858953305e-07,-1.4840336139252634e-05,4.3679333207160544,-64.23559898674237,461.13656588692714
2110.8575114918344,-1.2394110940421133e-07,-1.491658708324043e-05,4.367924150942455,-64.44372120260203,460.55645560471265
2111.4738253698742,-1.2439304467468117e-07,-1.4993112088641112e-05,4.367914934060002,-64.65184875209414,459.97634723604193
2113.5917828797774,-1.2606685996030077e-07,-1.5258311035614257e-05,4.367882899106004,-65.36711837408973,457.9828243790775
2115.70974038968,-1.2792635037285139e-07,-1.5527251678256502e-05,4.367850298509524,-66.082452421931,455.9893246390888
2116.32605426772,-1.285020690612751e-07,-1.5606271147436568e-05,4.367840704532079,-66.29062292198682,455.40923168173475
2116.9423681457597,-1.2909389448922023e-07,-1.5685650218680188e-05,4.3678310617131855,-66.49879900224956,454.8291407269136
2119.060325655663,-1.3124522039998138e-07,-1.596131207407381e-05,4.36779754909026,-67.21423729214763,452.8356783955156
2121.1782831655655,-1.3357635930557252e-07,-1.624172076447775e-05,4.367763447600438,-67.92974297472547,450.84224025213206
2121.7945970436053,-1.3428806006340417e-07,-1.6324264392394905e-05,4.367753412203607,-68.1379639834413,450.26216542265354
2122.410910921645,-1.3501371411281575e-07,-1.6407250344489856e-05,4.3677433257699745,-68.34619082903075,449.6820926883916
2124.5288684315483,-1.3761681853385166e-07,-1.66959320919366e-05,4.367708271205984,-69.06180554657671,447.68869368434105
2126.646825941451,-1.4037966880644782e-07,-1.6990296271403916e-05,4.36767259920874,-69.77749075679827,445.69531998803507
2127.263139819491,-1.4121182009023282e-07,-1.707707051151257e-05,4.367662101152934,-69.98576459750473,445.1152641256025
2127.8794536975306,-1.4205658025783635e-07,-1.716436038481849e-05,4.367651549435032,-70.19404454415408,444.5352104556016
2129.9974112074337,-1.4504671388420134e-07,-1.746837503764244e-05,4.367614875244656,-70.90984381423317,442.5418777141279
2132.1153687173364,-1.4815943438362923e-07,-1.777885248333016e-05,4.367577550320199,-71.62571683624567,440.5485714582904
2132.7316825953767,-1.4908591913327459e-07,-1.7870450885211915e-05,4.367566564779572,-71.8340459508506,439.96853544538004
2133.3479964734165,-1.5002001392813567e-07,-1.796262093963338e-05,4.367555522594062,-72.04238145491216,439.38850172739075
2135.4659539833197,-1.5328625562868692e-07,-1.8283804203383e-05,4.367517139633173,-72.75837383201608,437.3952383405899
2137.5839114932223,-1.5661840207701317e-07,-1.8611975019999182e-05,4.3674780690201045,-73.47444340126323,435.40200268338526
2138.200225371262,-1.575964333703908e-07,-1.8708803442998344e-05,4.367466568399805,-73.68283036675356,434.8219874517931
2138.816539249302,-1.5857740600707833e-07,-1.8806233212653696e-05,4.367455007913145,-73.89122402121072,434.24197462345376
2140.934496759205,-1.6195683209141682e-07,-1.9145674292992577e-05,4.367414818910402,-74.60741854036941,432.2487838588984
2143.052454269108,-1.6532417885106643e-07,-1.949226006243771e-05,4.367373903419795,-75.32369388729563,430.2556221392979
2143.6687681471476,-1.6629709860462788e-07,-1.959445295816388e-05,4.367361858607889,-75.5321414269311,429.67562867426136
2144.2850820251874,-1.6726442062395716e-07,-1.9697240767972557e-05,4.367349750639952,-75.74059597184889,429.09563772695407
2146.4030395350906,-1.7053830348724626e-07,-2.005498645243997e-05,4.367307655078739,-76.45700217847417,427.10252303877485
2148.5209970449932,-1.7370013725315914e-07,-2.041954742409058e-05,4.36726479461012,-77.17349304800074,425.1094387839286
2149.1373109230335,-1.7459275987423748e-07,-2.052687875868804e-05,4.367252176703907,-77.38200403485264,424.52946812550954
2149.7536248010733,-1.7547139399661306e-07,-2.063475229858476e-05,4.367239492509095,-77.59052235989847,423.9495001053786
2151.8715823109765,-1.7836442023164814e-07,-2.10094980938322e-05,4.367195393170499,-78.30715031024792,421.95646513482654
2153.989539820879,-1.810240976563715e-07,-2.1390124084287838e-05,4.367150493909226,-79.02386694854016,419.96346205571297
2154.605853698919,-1.8174716590520578e-07,-2.150191775432335e-05,4.367137276432626,-79.23244439888113,419.38351529654074
2155.222167576959,-1.8244418126734193e-07,-2.161414485701509e-05,4.367123989972109,-79.44102953541315,418.8035713017693
2157.340125086862,-1.8462749066568495e-07,-2.2002931885886962e-05,4.36707780116082,-80.15788975903257,416.81061986412954
2159.4580825967646,-1.8643726990586684e-07,-2.2395947510793656e-05,4.367030784437126,-80.87484285891672,414.81770183634944
2160.0743964748044,-1.868852651625621e-07,-2.2510993677508592e-05,4.367016946035003,-81.08348991295846,414.23778011481744
2160.6907103528442,-1.872956389571166e-07,-2.2626299753481012e-05,4.367003036721959,-81.292145013188,413.6578612882556
2162.8086678627474,-1.8839466500348233e-07,-2.302424101981649e-05,4.366954694081246,-82.0092484288688,411.6649973430389
2164.92662537265,-1.8896554447732656e-07,-2.3423950680620627e-05,4.366905506745143,-82.72644902567417,409.67216836975854
2165.54293925069,-1.8902382055686659e-07,-2.35404356862388e-05,4.366891034301837,-82.93516891332001,409.0922728578205
2166.1592531287297,-1.890300688085553e-07,-2.3656935753393925e-05,4.366876490162167,-83.14389721424799,408.51238037412764
2168.277210638633,-1.8863783655883948e-07,-2.4056999894705978e-05,4.366825961842342,-83.8612549918763,406.5196079757532
2170.3951681485355,-1.8755520461746543e-07,-2.445550218617321e-05,4.366774587857626,-84.57871430261294,404.5268721301991
2171.011482026576,-1.871011864080485e-07,-2.4570961020098434e-05,4.366759479941359,-84.78751029227972,403.9470040150526
2171.6277959046156,-1.8658230940134346e-07,-2.468611527857107e-05,4.3667443010860465,-84.99631506251959,403.3671390616574
2173.7457534145187,-1.8427886040992152e-07,-2.507899959526312e-05,4.366691599866526,-85.7139384248259,401.37446228841094
2175.8637109244214,-1.811243075141574e-07,-2.5466104003912138e-05,4.366638072655513,-86.43166762557243,399.3818236340058
2176.4800248024612,-1.800380279045574e-07,-2.5577404990356056e-05,4.366622343139201,-86.64054295477231,398.801984093171
2177.096338680501,-1.7887285178748945e-07,-2.5688007808101075e-05,4.366606545392832,-86.84942742303971,398.222147844591
2179.214296190404,-1.7425095044399547e-07,-2.6062134658982687e-05,4.366551741177033,-87.56732738377869,396.2295707045411
2181.332253700307,-1.6863046560683898e-07,-2.642541504049896e-05,4.366496156062637,-88.28533732304163,394.2370331918025
2181.9485675783467,-1.6679956716066254e-07,-2.6528786878667064e-05,4.3664798377172,-88.4942951103249,393.6572233614299
2182.5648814563865,-1.6487920641410505e-07,-2.6630999186084147e-05,4.3664634561925855,-88.70326237531452,393.0774169468283
2184.6828389662896,-1.575762841967212e-07,-2.697267019463867e-05,4.366406688106464,-89.42144941388054,391.0849432606209
2186.8007964761923,-1.4915439006818117e-07,-2.7297688956757326e-05,4.366349214010034,-90.13975026353637,389.09251060131777
2187.417110354232,-1.4648804804751942e-07,-2.7388799766550474e-05,4.366332361811878,-90.3487934025858,388.51273153798536
2188.033424232272,-1.437228826131792e-07,-2.7478234551192894e-05,4.366315454166493,-90.55784632517782,387.9329560022767
2190.151381742175,-1.3345844119581288e-07,-2.7771974867818414e-05,4.3662569413079035,-91.27633000209845,385.94058926432126
2192.2693392520778,-1.2199746901806137e-07,-2.804270843300415e-05,4.366197830683462,-91.99493085232551,383.9482647851107
2192.885653130118,-1.1843461641013093e-07,-2.8116805383353358e-05,4.366180524527505,-92.2040618904551,383.3685174218983
2193.501967008158,-1.1476962217176562e-07,-2.8188674534989363e-05,4.366163173587999,-92.41320297068383,382.78877368125774
2195.619924518061,-1.0138689798574332e-07,-2.8417794043760373e-05,4.366103223310772,-93.13199149376689,380.7965169027465
2197.7378820279637,-8.678972348723688e-08,-2.8617283434258757e-05,4.366042819145823,-93.85089990401836,378.80430338255604
2198.3541959060035,-8.23150957072154e-08,-2.8669399173712984e-05,4.3660251656144995,-94.06012090902597,378.22458848079566
2198.9705097840433,-7.773910585397595e-08,-2.871872770443286e-05,4.366007481015972,-94.26935215196328,377.6448772740459
2201.0884672939465,-6.124886364326504e-08,-2.8866116995419816e-05,4.365946493508564,-94.98845190894987,375.65273281344986
2203.206424803849,-4.36028809916037e-08,-2.897735674950325e-05,4.365885232118488,-95.70767343332086,373.6606323111625
2203.822738681889,-3.8256397511063906e-08,-2.900258558895409e-05,4.3658673649315105,-95.91698585451435,373.0809504099514
2204.4390525599288,-3.2818140664896645e-08,-2.902449558886916e-05,4.365849483394749,-96.12630863110405,372.5012722479901
2206.557010069832,-1.3441879389175018e-08,-2.9073661284479687e-05,4.3657879512500655,-96.84572371124408,370.50924163707856
2208.6749675797346,6.93903189749832e-09,-2.9080724978989676e-05,4.36572635955965,-97.56526142324404,368.5172553185156
2209.291281457775,1.3047055417633428e-08,-2.907456697817103e-05,4.365708438325728,-97.77466595440693,367.93760668478643
2209.9075953358147,1.923047088500035e-08,-2.906462897615229e-05,4.3656905221949485,-97.98408086523423,367.3579618009314
2212.025552845718,4.1021654966917806e-08,-2.9000955309433417e-05,4.3656290236891495,-98.70381259887728,365.3660455768112
2214.1435103556205,6.356103818880906e-08,-2.8890336513744844e-05,4.365567709755362,-99.42366664721133,363.3741735524435
2214.7598242336603,7.024325308282518e-08,-2.8849101759079615e-05,4.3655499166725855,-99.63316310116592,362.7945581350899
2215.3761381117,7.697359886085395e-08,-2.8803744893248227e-05,4.365532150365456,-99.84266985302077,362.214946439913
2217.4940956216033,1.0042885782566126e-07,-2.86159462150137e-05,4.36547133529391,-100.56271640460743,360.2231439959221
2219.612053131506,1.2426233668780656e-07,-2.837806976807194e-05,4.365410971003274,-101.28288363755367,358.2313851829598
2220.2283670095458,1.3124482906406062e-07,-2.8299327723102373e-05,4.365393505216747,-101.49247084364814,357.6518025751349
2220.8446808875856,1.382400046656031e-07,-2.821629283194504e-05,4.365376089304893,-101.70206815037271,357.0722236199656
2222.9626383974887,1.623126149961325e-07,-2.7897995187100616e-05,4.365316656487318,-102.42242420549763,355.0805330902323
2225.0805959073914,1.862786743070927e-07,-2.75288256116897e-05,4.36525795168292,-103.14289790616743,353.0888851145204
2225.696909785431,1.9320281589558896e-07,-2.741187610015468e-05,4.36524102111318,-103.35257364325514,352.50933452869845
2226.313223663471,2.000932350852639e-07,-2.7290687160438612e-05,4.36522416386151,-103.56225916354522,351.9297874824246
2228.431181173374,2.2344424688634146e-07,-2.6842046769659443e-05,4.3651668298479045,-104.28291575429671,349.93820567625477
2230.549138683277,2.4609725349097693e-07,-2.6344689100746213e-05,4.365110497626144,-105.00368553170101,347.9466648304241
2231.165452561317,2.525223358830237e-07,-2.6191021975607417e-05,4.3650943082357,-105.21344650975952,347.3671450910427
2231.781766439357,2.5886043039783195e-07,-2.6033442043666912e-05,4.365078214588385,-105.42321683507734,346.78762873503325
2233.89972394926,2.798879348549236e-07,-2.5462675770224837e-05,4.36502367369087,-106.14416134879887,344.7961511376952
2236.0176814591628,2.9953750586343484e-07,-2.484883333805111e-05,4.364970387268804,-106.86521322933436,342.8047124119633
2236.6339953372026,3.0495697807918926e-07,-2.4662535966956145e-05,4.36495512993845,-107.07505513252806,342.22522197035784
2237.2503092152424,3.102282845731166e-07,-2.4472966310073447e-05,4.364939988148007,-107.28490583782413,341.6457347161797
2239.3682667251455,3.271204310744639e-07,-2.3797653070613937e-05,4.364888864669686,-108.00612225190709,339.65435557177994
2241.486224235048,3.418907781075946e-07,-2.3088809923172606e-05,4.364839206983569,-108.72743901184647,337.66301277237415
2242.102538113088,3.457475516227106e-07,-2.2876886994302005e-05,4.364825042387922,-108.93735661438006,337.0835497481916
2242.718851991128,3.4939216083594257e-07,-2.2662675645275704e-05,4.364811008697998,-109.14728238274039,336.50408968222695
2244.836809501031,3.601938021476356e-07,-2.191072722835825e-05,4.36476380291569,-109.86875176171584,334.5128021720877
2246.9547670109337,3.680947773010739e-07,-2.1138973137942197e-05,4.364718210701962,-110.59031353367781,332.52154813949824
2247.571080888974,3.6980560907546905e-07,-2.0911558006583475e-05,4.364705252724422,-110.80030089736235,331.94211039189986
2248.1873947670138,3.7123737302824546e-07,-2.068319762515402e-05,4.364692434659513,-111.01029572718892,331.3626753500565
2250.305352276917,3.739291763737525e-07,-1.9893432641906642e-05,4.364649464551627,-111.73199700918961,329.37147187664107
2252.4233097868196,3.729413674860402e-07,-1.9101863164729883e-05,4.364608169043337,-112.45378218556034,327.3802988122474
2253.0396236648594,3.719200566166701e-07,-1.887229978734749e-05,4.364596467378154,-112.66383294496684,326.8008840430851
2253.655937542899,3.705558331746535e-07,-1.8643493417566917e-05,4.364584906301228,-112.87389044518625,326.2214717176457
2255.7738950528023,3.631498875167615e-07,-1.7865735132011237e-05,4.364546247397757,-113.59580153367466,324.2303442999643
2257.891852562705,3.5132733791735954e-07,-1.7108339414422698e-05,4.3645092141897575,-114.31778797797996,322.23924420515505
2258.508166440745,3.4701871184766936e-07,-1.689310808995353e-05,4.364498736909808,-114.52789571541051,321.6598500949635
2259.1244803187847,3.4230762166039284e-07,-1.6680675381441938e-05,4.3644883906430625,-114.73800949048551,321.0804581742464
2261.242437828688,3.2296201262826183e-07,-1.5975275551116828e-05,4.364453816862539,-115.4601086537441,319.08939895572166
2263.3603953385905,2.985544249965811e-07,-1.531620942651989e-05,4.36442068802247,-116.18227521656404,317.0983641823078
2263.9767092166303,2.9046868240960434e-07,-1.5134665855160393e-05,4.364411305049358,-116.39243392467986,316.51898855833105
2264.59302309467,2.81932309976507e-07,-1.4958259187606446e-05,4.364402031513402,-116.60259804671556,315.93961489818076
2266.7109806045733,2.4908509373226094e-07,-1.4394941873328318e-05,4.364370960414806,-117.32486561147006,313.9486167620044
2268.828938114476,2.1067875609950431e-07,-1.3907080558820708e-05,4.3643410024920435,-118.04719393023022,311.95764066637366
2269.445251992516,1.984363027407329e-07,-1.3780977891113758e-05,4.364332471073304,-118.25739855493626,311.37828169991997
2270.061565870556,1.8570895091766932e-07,-1.366257823697277e-05,4.3643240140679955,-118.46760811483652,310.79892452408495
2272.179523380459,1.3822902392538574e-07,-1.3318502979319812e-05,4.36429546051745,-119.19002842130185,308.8079818041065
2274.297480890362,8.490294921370071e-08,-1.3081179135842938e-05,4.364267522656197,-119.9125049630656,306.817059490182
2274.9137947684017,6.827816557770268e-08,-1.303394709115266e-05,4.364259476110413,-120.12275201316469,306.2377159183826
2275.5301086464415,5.115592740139226e-08,-1.2997114637452442e-05,4.364251454513638,-120.33300373661768,305.6583740425894
2277.6480661563446,-1.1494741327377648e-08,-1.2954080168809704e-05,4.364223997264353,-121.05556730036452,303.66748330982216
2279.7660236662473,-8.000453719737503e-08,-1.3049941845666604e-05,4.364196484072171,-121.77818558390913,301.67661243762666
2280.382337544287,-1.0103286013450381e-07,-1.3105706822299465e-05,4.364188425180128,-121.98847378722724,301.0972838022144
2280.998651422327,-1.2254653538995483e-07,-1.3174571616826328e-05,4.364180326951921,-122.19876669442323,300.51795687426966
2283.11660893223,-2.0014863548530687e-07,-1.3515321756617332e-05,4.3641520929652895,-122.92147249636996,298.5271177704452
2285.2345664421327,-2.832873366885179e-07,-1.4026292990037367e-05,4.364122957023814,-123.6442354051611,296.5362993982467
2285.850880320173,-3.084920793492082e-07,-1.4208638513650241e-05,4.364114257492375,-123.85456638358663,295.95698629138553
2286.467194198213,-3.341381881108685e-07,-1.4406632728793461e-05,4.364105439910513,-124.06490246428473,295.3776750370412
2288.585151708116,-4.2556178216925774e-07,-1.5210287117471398e-05,4.364074111298822,-124.78776026495899,293.3868911177121
2290.7031092180187,-5.218111953402973e-07,-1.6212683233683127e-05,4.3640408701180124,-125.5106823374938,291.39613053685036
2291.3194230960585,-5.506745168437242e-07,-1.654317193384886e-05,4.364030777490067,-125.72106126609886,290.81683484148397
2291.9357369740983,-5.799017803309221e-07,-1.6891527675046234e-05,4.36402047497635,-125.93144613442193,290.23754130326233
2294.0536944840014,-6.829811790582807e-07,-1.8228242570327654e-05,4.363983323107843,-126.65447868412647,288.2468208443741
2296.171651993904,-7.897508994215179e-07,-1.9787183224471262e-05,4.363943104801624,-127.37758824445613,286.25612835763116
2296.787965871944,-8.214383773326344e-07,-2.028368947157675e-05,4.363930757996095,-127.58802445319586,285.67685346750625
2297.4042797499837,-8.533746323261434e-07,-2.0799754917614988e-05,4.363918098685633,-127.79846793997449,285.09758122140545
2299.522237259887,-9.648323053467427e-07,-2.2724823420025677e-05,4.363872049142148,-128.52171293496912,283.1069379358299
2301.6401947697896,-1.0784090956114335e-06,-2.4888198638187363e-05,4.363821670023619,-129.24505390660693,281.11632952348
2302.2565086478294,-1.111758095434336e-06,-2.5563135228059577e-05,4.36380612432979,-129.45556137781423,280.537080526196
2302.872822525869,-1.1452056381426454e-06,-2.625859658673184e-05,4.363790156154711,-129.66607801323926,279.95783485947305
2304.9907800357723,-1.2606497327191477e-06,-2.8806322149791413e-05,4.363731886755604,-130.38958963246642,277.9672884647086
2307.108737545675,-1.37623072618236e-06,-3.15986983729458e-05,4.363667962302151,-131.11322286652597,275.9767862782243
2307.7250514237153,-1.4097695348151414e-06,-3.245726017168125e-05,4.363648224090837,-131.32382057850583,275.3975700836879
2308.341365301755,-1.4432234656448162e-06,-3.333639722526571e-05,4.363627950563497,-131.5344299152707,274.8183581160604
2310.4593228116582,-1.5572462361139044e-06,-3.651421647470357e-05,4.3635540224623295,-132.25827976604046,272.8279346923011
2312.577280321561,-1.6690843712544692e-06,-3.993121762475611e-05,4.363473110586462,-132.98228371306868,270.8375673153126
2313.1935941996007,-1.7010818785317938e-06,-4.0969809278750316e-05,4.363448181209319,-133.19299578067236,270.25839271219854
2313.8099080776406,-1.7327883105144255e-06,-4.2027956485573154e-05,4.363422606271977,-133.40372250883232,269.6792234431848
2315.9278655875437,-1.8391949706869402e-06,-4.581144363550635e-05,4.3633296251076334,-134.12799981728395,267.6889555235642
2318.0458230974464,-1.9408834506571004e-06,-4.981529911785924e-05,4.363228397312882,-134.85247038605738,265.69875794442896
2318.662136975486,-1.969444429171495e-06,-5.102035854629517e-05,4.363197324621931,-135.06332595443183,265.1196355690719
2319.278450853526,-1.9974959441871914e-06,-5.2242786628087794e-05,4.3631655048664095,-135.2741997651311,264.5405198362215
2321.396408363429,-2.0896692036821295e-06,-5.6572296886841425e-05,4.363050305094988,-135.99901067257403,262.5504461796726
2323.514365873332,-2.1745380719819715e-06,-6.108929099766106e-05,4.362925737063378,-136.72406015233025,260.5604594313284
2324.130679751372,-2.1977199928676025e-06,-6.243670831416433e-05,4.3628876718010625,-136.93509301123834,259.98140163728095
2324.746993629412,-2.2201770222702783e-06,-6.379811554316916e-05,4.362848773192817,-137.14614817832057,259.4023519740802
2326.864951139315,-2.2914852354765406e-06,-6.857759870398537e-05,4.36270861494899,-137.87161405046703,257.41251698684687
2328.9829086492177,-2.352999029267622e-06,-7.349773754840172e-05,4.362558185011524,-138.59736902585843,255.42278742750986
2329.5992225272576,-2.3689264457268424e-06,-7.495291523313994e-05,4.362512438607515,-138.80861692843715,254.843808049573
2330.2155364052974,-2.383926516367104e-06,-7.641755627008701e-05,4.362465794226158,-139.01989159381182,254.264838437504
2332.3334939152005,-2.4280950080053937e-06,-8.151551227297778e-05,4.362298560719667,-139.74614630997084,252.27529122955832
2334.451451425103,-2.460209772211329e-06,-8.669425062316604e-05,4.362120444412181,-140.47274455972385,250.285869458484
2335.067765303143,-2.4671740245633515e-06,-8.821274655831139e-05,4.3620665448301565,-140.6842482474944,249.70698347099565
2335.684079181183,-2.4730343520604358e-06,-8.973513801265074e-05,4.362011710302404,-140.89578341402037,249.128108986178
2337.802036691086,-2.4844859230283506e-06,-9.498750962324142e-05,4.361816094615512,-141.62296966378972,247.13890206881413
2339.9199942009886,-2.4819827549458813e-06,-0.00010024935740237847,4.361609344593657,-142.35055609262085,245.14984149059524
2340.5363080790285,-2.47853992307604e-06,-0.00010177806630241531,4.361547087175927,-142.56235804518798,244.5710645652073
2341.1526219570683,-2.4738513571595977e-06,-0.00010330422745693737,4.361483890774553,-142.77419629729872,243.99230092543678
2343.2705794669714,-2.4480333792956447e-06,-0.00010851911190831353,4.361259561834199,-143.50246096762828,242.00348857438402
2345.388536976874,-2.4068435284579538e-06,-0.00011366303649267913,4.361024263135145,-144.23118267467098,240.01484364280464
2346.0048508549144,-2.3919070472256845e-06,-0.00011514189106919407,4.360953753561301,-144.4433256179237,239.436191616016
2346.621164732954,-2.3756301616681144e-06,-0.00011661110323003243,4.360882338097613,-144.65550960549382,238.85755463902592
2348.7391222428573,-2.309338539781591e-06,-0.00012157524125348082,4.360630076014357,-145.38499839287036,236.8691909645369
2350.85707975276,-2.226866984232212e-06,-0.00012638184223250543,4.360367466926073,-146.11499903098465,234.8810151540706
2351.4733936308,-2.199803476232736e-06,-0.00012774602969706117,4.36028915345903,-146.32752425237985,234.30250341976216
2352.0897075088396,-2.1713608592844795e-06,-0.00012909311062143572,4.360210007145222,-146.54009498806212,233.72400840852853
2354.207665018743,-2.0630623057197647e-06,-0.0001335801439265092,4.359931798227514,-147.27094642093837,231.73614519120176
2356.3256225286455,-1.9385077101156704e-06,-0.00013782059069358923,4.359644347093821,-148.0023600513394,229.7484887618394
2356.9419364066853,-1.8992277318078253e-06,-0.00013900328059263475,4.359559039302685,-148.21530558537142,229.1701316092486
2357.558250284725,-1.8585976701437645e-06,-0.00014016136896281503,4.359473012776936,-148.42830062012857,228.59179268537875
2359.676207794628,-1.7087420699593056e-06,-0.0001439418391352307,4.359172094603151,-149.16063972635817,226.60447705468565
2361.794165304531,-1.5434007429467866e-06,-0.0001473885224581187,4.358863523027353,-149.8935844222508,224.61738469440164
2362.410479182571,-1.4924468633973505e-06,-0.0001483240862619471,4.358772394233592,-150.1069831834499,224.03919461747094
2363.026793060611,-1.4402470373034695e-06,-0.0001492279139157615,4.3586807010079465,-150.32043473918998,223.4610240292449
2365.144750570514,-1.251550986232981e-06,-0.00015208090173379727,4.358361548262377,-151.05436664148354,221.4742960809612
2367.262708080417,-1.04908186287497e-06,-0.00015451965394243632,4.358036791676541,-151.78893814161333,219.48780452963314
2367.8790219584566,-9.876999885894058e-07,-0.0001551473245233194,4.357941362557379,-152.0028160959107,218.90979153937727
2368.4953358364965,-9.252598268002175e-07,-0.00015573691976599206,4.357845560356479,-152.2167492474925,218.33179897672957
2370.6132933463996,-7.029317107910409e-07,-0.00015746309121031168,4.357513803023612,-152.95235301463887,216.34568944512145
2372.7312508563023,-4.695484323832263e-07,-0.0001587066739695543,4.357178900784133,-153.68861877010892,214.35982522318375
2373.347564734342,-3.997381623282782e-07,-0.0001589745434221755,4.357081001978821,-153.9029932472397,213.78199620031614
2373.963878612382,-3.291425593707495e-07,-0.0001591992573033349,4.356982952880367,-154.117424257682,213.2041881545929
2376.081836122285,-8.100881149038578e-08,-0.0001596348908994386,4.356645220167488,-154.8547473767631,211.21871627382524
2378.1997936321877,1.7444524215514208e-07,-0.00015953723571247362,4.35630712954265,-155.5927413678165,209.23349365657074
2378.8161075102275,2.4992104895611395e-07,-0.00015940642373825375,4.356208841836219,-155.80761962624027,208.65585178652276
2379.4324213882674,3.2582438702288045e-07,-0.0001592291029896061,4.356110649894468,-156.02255454732642,208.07823099760932
2381.5503788981705,5.893418393984125e-07,-0.0001582604255473305,4.35577433623132,-156.76160840715838,206.09340270207719
2383.668336408073,8.554890825115843e-07,-0.00015673084444528445,4.355440668170891,-157.50132712506343,204.1088220936086
2384.2846502861134,9.331456144034439e-07,-0.00015617958792345636,4.355344239964283,-157.71670528486487,203.53136642940404
2384.9009641641533,1.0107976036069137e-06,-0.00015558063523856127,4.3552481661826405,-157.93213893864072,202.95393146591206
2387.0189216740564,1.2769110569626418e-06,-0.00015315749597105956,4.3549211201185924,-158.67289572050734,200.96973808778523
2389.136879183959,1.540166671454397e-06,-0.0001501737661071788,4.354599799814083,-159.4142957060184,198.9857849535808
2389.753193061999,1.6159134347485504e-06,-0.00014920108635803084,4.354507543205461,-159.63015816222372,198.4085101527036
2390.3695069400387,1.6911663588563318e-06,-0.0001481820532161613,4.35441589939859,-159.8460736149165,197.83125517119538
2392.487464449942,1.9452235173940458e-06,-0.00014432962969873695,4.3541060424273255,-160.58846496538584,195.8476727913552
2394.6054219598445,2.190419910325494e-06,-0.00013994850727697263,4.353804904606285,-161.3314622611095,193.8643173009356
2395.2217358378844,2.2597656573624295e-06,-0.00013857700819887628,4.353719073566225,-161.54778167730504,193.2872135790409
2395.838049715924,2.3281023270761058e-06,-0.00013716326163038436,4.35363409887343,-161.7641503033968,192.71012830445136
2397.9560072258273,2.554426992216762e-06,-0.0001319901285317042,4.3533489893424315,-162.50806810665378,190.72711789556354
2400.07396473573,2.765803600413962e-06,-0.00012635347908354397,4.353075327141494,-163.2525399067399,188.74431540207073
2400.69027861377,2.824174898831999e-06,-0.00012463072161539854,4.352997984002067,-163.46927786405107,188.16736873774434
2401.3065924918096,2.8810371186266843e-06,-0.0001228726203811885,4.352921710612776,-163.68606007185616,187.5904386978272
2403.4245500017128,3.0641623968469705e-06,-0.0001165731514225528,4.352668078016058,-164.4313595358424,185.6079471606803
2405.5425075116154,3.2267264818332485e-06,-0.00010990760477246856,4.352428175095424,-165.17714819296427,183.62563959753123
2406.1588213896557,3.2698812394719257e-06,-0.00010790545174395938,4.352361054823519,-165.39425652952633,183.0488322069458
2406.7751352676955,3.3110912101976806e-06,-0.00010587743763948263,4.352295172740683,-165.6114031779065,182.4720392374139
2408.8930927775987,3.4372181606086594e-06,-9.872667943447272e-05,4.352078458883691,-166.3579082908989,180.49000136975678
2411.0110502875013,3.5381777535108176e-06,-9.133544140455877e-05,4.351877144691762,-167.1048276620931,178.50811957330384
2411.627364165541,3.5626094858973556e-06,-8.914710741681255e-05,4.351821529052297,-167.3222504826077,177.93143065124124
2412.243678043581,3.5847638110752395e-06,-8.69445118965815e-05,4.351767262137418,-167.53970496156688,177.35475366525947
2414.361635553484,3.643047855847737e-06,-7.92854091135365e-05,4.351591211694258,-168.2872161715665,175.37309501907993
2416.479593063387,3.672981286632258e-06,-7.153288589806109e-05,4.351431481835605,-169.03506007268072,173.39156189878796
2417.0959069414266,3.6762352024848214e-06,-6.926801008954304e-05,4.3513880953103925,-169.2527363457162,172.8149685967311
2417.7122208194664,3.677013811111795e-06,-6.70019345914588e-05,4.351346100279767,-169.47043723192218,172.23838458666478
2419.8301783293696,3.660547809506032e-06,-5.922635191083561e-05,4.351212438932365,-170.21874099404175,170.2570250826061
2421.9481358392723,3.6142749139412868e-06,-5.151720838942501e-05,4.351095175581035,-170.96729333680244,168.27575947673031
2422.5644497173125,3.595182259928936e-06,-4.9295425664149106e-05,4.351064112547785,-171.18515994343568,167.69923806545242
2423.1807635953523,3.5735712092913125e-06,-4.708617173946167e-05,4.351034410139432,-171.40304408898484,167.12272328198569
2425.2987211052555,3.480087102888828e-06,-3.961131962516671e-05,4.350942639766651,-172.15192375592824,165.14158137552414
2427.416678615158,3.3572663342402847e-06,-3.2365529778143154e-05,4.3508664582409615,-172.90096978882968,163.16050236306427
2428.032992493198,3.316097508771952e-06,-3.0308984031636613e-05,4.350847148397332,-173.11896484501736,162.58402950893182
2428.649306371238,3.272535673795298e-06,-2.8278474199281495e-05,4.350829093420587,-173.33697071796067,162.00756074506216
2430.767263881141,3.1048376809966992e-06,-2.1520233232976424e-05,4.350776425352433,-174.0862181225959,160.02655788322159
2432.8852213910436,2.91029455368438e-06,-1.5145597917038578e-05,4.35073766472125,-174.83555608686433,158.04558927438876
2433.5015352690834,2.8488359623652435e-06,-1.3370825184928252e-05,4.3507288813691485,-175.0536223328963,157.46914334585747
2434.1178491471233,2.7852804204028844e-06,-1.163444247211604e-05,4.350721175987165,-175.27169340033706,156.89269924116465
2436.2358066570264,2.5514032771011766e-06,-5.979063114500927e-06,4.350702615262388,-176.0211203941117,154.9117643117837
2438.353764166929,2.295176109998928e-06,-8.426938093136913e-07,4.350695482770169,-176.77057283615653,152.9308390100643
2438.970078044969,2.2167205521695395e-06,5.47682201879949e-07,4.350695396209889,-176.9886608691106,152.35440132381237
2439.5863919230087,2.1366291793121533e-06,1.8893899922194834e-06,4.350696148429619,-177.20674879756885,151.77796359802304
2441.704349432912,1.8496951963687886e-06,6.113646144686427e-06,4.350704733724076,-177.95619796321475,149.79703705674345
2443.8223069428145,1.546764698314384e-06,9.713248343476309e-06,4.350721604318306,-178.70562191565062,147.8161009767465
2444.438620820855,1.4560089820496358e-06,1.0638520164697804e-05,4.350727880071213,-178.92369303530208,147.23965689181213
2445.0549346988946,1.3642247984927453e-06,1.150777758182538e-05,4.350734706858089,-179.14176047899338,146.66321141629336
2447.1728922087977,1.0419631786521395e-06,1.4057300791184221e-05,4.350761901703303,-179.89111423312164,144.68224878040087
2449.2908497187004,7.11648926199383e-07,1.5915760015790512e-05,4.350793764508262,-180.6404094913894,142.70126401792703
2449.9071635967402,6.144963209010574e-07,1.6324308109749714e-05,4.350803703268297,-180.85843793784028,142.12480379135388
2450.52347747478,5.17044271642982e-07,1.6673161906711594e-05,4.350813874866034,-181.07646069490374,141.54834141299824
2452.641434984683,1.8104159873872082e-07,1.7412214882432203e-05,4.350850095940514,-181.82564804080175,139.56731583667604
2454.759392494586,-1.537988403941302e-07,1.7440859254600024e-05,4.350887129990171,-182.57476282605236,137.58626282079624
2455.3757063726257,-2.504760671379327e-07,1.731610731586003e-05,4.350897843571356,-182.79273720935075,137.0097821494021
2455.9920202506655,-3.466307892566396e-07,1.7132235040900864e-05,4.3509084630685235,-183.01070554952048,136.43329919305404
2458.1099777605687,-6.71768400938368e-07,1.6051776105321065e-05,4.350943723658133,-183.75970583151252,134.45220288273762
2460.2279352704713,-9.85597972146589e-07,1.429466449794966e-05,4.350975979320819,-184.50863923500384,132.47108128863695
2460.8442491485116,-1.0742140006162908e-06,1.3659690441796073e-05,4.350984595533366,-184.7265629895063,131.89458147643262
2461.4605630265514,-1.1614222164478857e-06,1.2970853084824533e-05,4.35099280652685,-184.944481989972,131.318079867137
2463.5785205364546,-1.4489782115495146e-06,1.0202612173695938e-05,4.351017450114831,-185.69332511951154,129.33692414869745
2465.6964780463572,-1.7145376409304735e-06,6.848633779004351e-06,4.351035610402631,-186.44212584834244,127.35575240392576
2466.312791924397,-1.7870814796149544e-06,5.769304766324139e-06,4.3510394991959895,-186.66001658166888,126.77924011040858
2466.929105802437,-1.8573058804558218e-06,4.646300818479619e-06,4.351042713799995,-186.87790534540156,126.2027270724742
2469.04706331234,-2.0795121611991117e-06,4.715121393859351e-07,4.351048210395539,-187.62666810122963,124.2215409759137
2471.1650208222427,-2.2689585163362323e-06,-4.1392079355248485e-06,4.351044403323957,-188.3754291834285,122.24035424682229
2471.7813347002825,-2.3173429667729854e-06,-5.5528328139141086e-06,4.351041415483208,-188.5933168314083,121.66384078720056
2472.3976485783223,-2.3625130393399887e-06,-6.9949824177678e-06,4.351037553807743,-188.8112065044754,121.08732809297894
2474.5156060882255,-2.4918377307677675e-06,-1.2143230086929444e-05,4.351017327149236,-189.56000466028289,119.1061553756817
2476.633563598128,-2.578139833686829e-06,-1.751982195030266e-05,4.350985954909262,-190.30885392893418,117.12500197781361
2477.249877476168,-2.5946281805813516e-06,-1.911420101696406e-05,4.350974662846148,-190.52677767723029,116.54850216321131
2477.866191354208,-2.607078956364937e-06,-2.0717229570332008e-05,4.350962393249145,-190.74470823200497,115.97200492170265
2479.984148864111,-2.6178109225796176e-06,-2.6259468824625288e-05,4.350912640201305,-191.49368444706778,113.99089951239026
2482.1021063740136,-2.5764632290986515e-06,-3.176928667417617e-05,4.350851183259792,-192.24277082016567,112.00983575338861
2482.718420252054,-2.5541942317518027e-06,-3.335070095771584e-05,4.350831111067003,-192.46077481363025,111.43336627875368
2483.3347341300937,-2.5272008465529444e-06,-3.491672810927118e-05,4.350810078048646,-192.67879062658173,110.85690127424188
2485.452691639997,-2.397380807216228e-06,-4.014218363212073e-05,4.350730532684239,-193.4280982585002,108.87592119227773
2487.5706491498995,-2.2084764410078957e-06,-4.503011678081353e-05,4.350640277456086,-194.17757407328645,106.89500473449323
2488.1869630279393,-2.142093504561291e-06,-4.637112901626435e-05,4.35061210452856,-194.39570200814958,106.31858214610108
2488.803276905979,-2.0705137515434863e-06,-4.766951052991565e-05,4.350583128230639,-194.61384633660705,105.74216576181266
2490.9212344158823,-1.7842274639418161e-06,-5.1762732234246324e-05,4.3504777127915055,-195.36362960842973,103.76136565683976
2493.039191925785,-1.4348653993568175e-06,-5.5182815837991423e-05,4.350364340921668,-196.11362956251,101.78064758582546
2493.655505803825,-1.3212351283501254e-06,-5.603243861791898e-05,4.350330060336606,-196.33191834580566,101.2042858908427
2494.2718196818646,-1.2022313144983393e-06,-5.681037531403108e-05,4.350295288511289,-196.55022689908037,100.62793168401033
2496.3897771917677,-7.52114620683992e-07,-5.889112305977889e-05,4.350172583029813,-197.30059817892177,98.64735425533543
2498.5077347016704,-2.3889796091458945e-07,-5.995172125014538e-05,4.350046550929724,-198.0512157748753,96.66687016501929
2499.1240485797107,-7.782750309276526e-08,-6.00495582426699e-05,4.350009561358661,-198.2696885388912,96.09057818375936
2499.7403624577505,8.841984552854972e-08,-6.004667535775166e-05,4.349972552438777,-198.48818244370332,95.51429421743862
2501.8583199676536,6.987861832305597e-07,-5.9223331366988636e-05,4.349846008975904,-199.239197761843,93.53396091235074
2503.9762774775563,1.367456633726443e-06,-5.704551459072274e-05,4.34972264367852,-199.99046052553857,91.5537214651139
2504.592591355596,1.572573390877007e-06,-5.613964984880253e-05,4.349687753535624,-200.20911939405445,90.97750007069372
2505.208905233636,1.7822316856397834e-06,-5.510627918154387e-05,4.349653469656967,-200.42779796298484,90.40128615217138
2507.326862743539,2.5362274478287935e-06,-5.054159186660885e-05,4.349541299984696,-201.17943226119905,88.4211876976961
2509.444820253442,3.338208090702258e-06,-4.432915859550698e-05,4.349440543054162,-201.9312773632759,86.44116927510905
2510.0611341314816,3.579856305921336e-06,-4.219729062413704e-05,4.349413867669992,-202.15009646811447,85.86500871117877
2510.6774480095214,3.8249198687407575e-06,-3.991592804612001e-05,4.3493885587493955,-202.3689302801716,85.28885373275601
2512.7954055194245,4.691219513817098e-06,-3.090310287055559e-05,4.349313233152077,-203.12105422090335,83.30894121251406
2514.9133630293272,5.589165713140424e-06,-2.002197882726063e-05,4.349258974824329,-203.87330644281616,81.32907742711315
2515.529676907367,5.855326978791165e-06,-1.6495083670756518e-05,4.349247710750109,-204.09222577566055,80.75295493858437
2516.145990785407,6.123256765329865e-06,-1.2804279004663e-05,4.349238674175781,-204.31115066241708,80.17683456032161
2518.26394829531,7.054753791415839e-06,1.1493528826094287e-06,4.349225981956092,-205.06351109862808,78.19701189460811
2520.3819058052127,7.995323661535047e-06,1.7085463840810945e-05,4.349244942339064,-205.81586532988453,76.2171868710107
2520.998219683253,8.269302010762564e-06,2.2097921220857205e-05,4.349257007499838,-206.03478608000447,75.64106492082527
2521.614533561293,8.542876912891936e-06,2.7278255832520525e-05,4.3492722127689145,-206.2536986737485,75.06493987187552
2523.732491071196,9.476392970191835e-06,4.636373752905018e-05,4.349349852777495,-207.0059050751853,73.08505867706387
2525.8504485810986,1.0390318206094783e-05,6.740562030610154e-05,4.349469986812542,-207.7579156873364,71.10510311125509
2526.4667624591384,1.065083256062618e-05,7.389022230477932e-05,4.349513521432592,-207.97669775488976,70.52892848164058
2527.083076337178,1.090827792101499e-05,8.053341933730056e-05,4.349561095470998,-208.1954532908376,69.95274378025621
2529.2010338470814,1.176527509768049e-05,0.00010455371686331304,4.3497567885063075,-208.94697251755142,67.97260164797956
2531.318991356984,1.25685228677274e-05,0.00013033217851590931,4.350005217369607,-209.6980520105679,65.99229268918366
2531.935305235024,1.2790135290370474e-05,0.00013814748496615301,4.350087948626668,-209.9165143907174,65.4159967701197
2532.5516191130637,1.3005590663549979e-05,0.00014609632941181992,4.350175525773019,-210.13492745667511,64.83968216374937
2534.669576622967,1.3694108593847603e-05,0.0001743870331037395,4.35051467071912,-210.88508924162386,62.859025380754915
2536.7875341328695,1.4290333370946574e-05,0.0002040382520283707,4.350915174930289,-211.6345184740687,60.878091319935216
2537.4038480109093,1.4444259975326966e-05,0.00021289410662917856,4.351043658253348,-211.8524431716904,60.30159186168132
2538.020161888949,1.4588635726893501e-05,0.00022184065655111876,4.351177609045182,-212.07029205798125,59.725063758804694
2540.1381193988523,1.5006564890421491e-05,0.00025320492541129093,4.351680540968065,-212.8183073806702,57.74359535482658
2542.256076908755,1.5290892745324075e-05,0.00028531286953449646,4.352250688616024,-213.56525945015656,55.76172591992879
2542.872390786795,1.534620095780699e-05,0.00029475520296512534,4.352429449891238,-213.78239950097884,55.184930463105694
2543.488704664835,1.5388416885068122e-05,0.00030422634355050857,4.352614014220879,-213.9994347137373,54.608095560669454
2545.606662174738,1.5428088776412723e-05,0.0003368913488501245,4.353292962214422,-214.74442889382544,52.62548930434975
2547.724619684641,1.5292230221333037e-05,0.000369454494516335,4.354040985434057,-215.48800831122662,50.64235204268673
2548.3409335626807,1.5217425850977964e-05,0.0003788577286794478,4.354271599914422,-215.70410034886032,50.06516313668824
2548.9572474407205,1.5126045863095352e-05,0.00038820857008762914,4.3545079616515086,-215.92005770737237,49.48792384010849
2551.0752049506236,1.4680202068428322e-05,0.00041981076758829404,4.3553638438816655,-216.66111951146766,47.50384440439203
2553.1931624605263,1.4018976183102731e-05,0.00045024060181759557,4.356285416715548,-217.40041770284506,45.51910718895024
2553.809476338566,1.3784008134781064e-05,0.0004588098677115344,4.356565572188446,-217.61519931954516,44.94142937255357
2554.425790216606,1.352929046840318e-05,0.00046722721244412486,4.356850924189998,-217.82981786004342,44.363690965142865
2556.543747726509,1.2498493373731756e-05,0.000494834189671459,4.357870158808606,-218.56606518144832,42.377819979333225
2558.6617052364118,1.1217792681807857e-05,0.0005199933398506712,4.358945271635115,-219.30023253351655,40.39117914246134
2559.278019114452,1.079647261726164e-05,0.0005267787998845132,4.359267875775263,-219.5134644277902,39.8129275010091
2559.894332992492,1.0352836510622428e-05,0.0005332969693798005,4.359594536615735,-219.72650907363635,39.23460685876437
2562.012290502395,8.654283761414906e-06,0.0005534737018999769,4.360746090069617,-220.4571707819272,37.246674003620875
2564.1302480122977,6.680394274493713e-06,0.0005697613961133064,4.361936258576718,-221.18550438618962,35.25788703810276
2564.7465618903375,6.0532003427120435e-06,0.0005736868734040286,4.362288662785998,-221.39699696268315,34.67899698894159
2565.3628757683773,5.402066758533727e-06,0.0005772180735289244,4.362643318850642,-221.6082855844951,34.100032475191064
2567.4808332782804,2.9796407157978993e-06,0.0005861448705381511,4.363876254764486,-222.33279791806032,32.10985023673267
2569.598790788183,2.6969126361789164e-07,0.0005896365909358285,4.365122341624429,-223.0548428385371,30.11877149699641
2570.215104666223,-5.731245935232184e-07,0.0005895444066530243,4.365485764986468,-223.26448651828989,29.539209315727277
2570.8314185442628,-1.4401967375228113e-06,0.0005889254839465286,4.365848922702443,-223.47392059116427,28.95957135552603
2572.949376054166,-4.604967266246366e-06,0.0005825735690692093,4.367090751061891,-224.1920349653046,26.967071630544304
2575.0673335640686,-8.05181355505133e-06,0.0005692200924462474,4.36831171183038,-224.90769524872488,24.97368911733255
2575.6836474421084,-9.106936205771863e-06,0.0005639334619093228,4.368660957819045,-225.11549326111907,24.393462631644603
2576.299961320148,-1.0184952559981645e-05,0.0005579903223787831,4.36900669946084,-225.32309083095052,23.813164387706905
2578.4179188300513,-1.4061510531468534e-05,0.0005323587714276091,4.37016285267931,-226.03498816993374,21.818434929253037
2580.535876339954,-1.819268180000798e-05,0.0004982472053358439,4.371255739206073,-226.74464196342603,19.822906142235773
2581.1521902179943,-1.9440440352252794e-05,0.00048665072237824277,4.371559303053393,-226.9507438362633,19.24207501258912
2581.768504096034,-2.0707689800691458e-05,0.00047428083252439615,4.371855444309519,-227.15667294603236,18.661182586671433
2583.8864616059373,-2.5205313738927646e-05,0.00042569542506290905,4.3728102188929645,-227.86307767542152,16.66450136142427
2586.00441911584,-2.9904006090356565e-05,0.0003673713140268529,4.3736517785676154,-228.56768879068247,14.66718640446334
2586.6207329938798,-3.1305301147590364e-05,0.0003485089551232931,4.373872443217876,-228.77242215769908,14.085871490736452
2587.2370468719196,-3.2720326738989324e-05,0.00032878121526324435,4.374081190040497,-228.97703228521027,13.504513163264049
2589.3550043818227,-3.7678084012641266e-05,0.00025425163099605786,4.374700484773341,-229.67931705039013,11.506379065381251
2591.4729618917254,-4.275390088494364e-05,0.00016909670487207594,4.375150677002183,-230.38053324719118,9.507869650770125
2592.089275769765,-4.4247632875442867e-05,0.00014228540377416322,4.375246688822131,-230.58443099578295,8.926261112145488
2592.705589647805,-4.574673422677433e-05,0.0001145552720233373,4.375325883465004,-230.788279461441,8.344635285608392
2594.823547157708,-5.092553488263034e-05,1.2181978933693508e-05,4.375462032039724,-231.4885496384278,6.345794203305509
2596.941504667611,-5.6107656229234035e-05,-0.00010116331043826366,4.375369739218566,-232.18877598607435,4.346937762707457
2597.557818545651,-5.760897137439725e-05,-0.00013620810637729862,4.375296639597518,-232.39259523217203,3.76530169730691
2598.174132423691,-5.910456660385782e-05,-0.00017217202645477742,4.375201669695293,-232.5964650109752,3.1836833637143993
2600.292089933594,-6.418246164124519e-05,-0.0003027557555743074,4.374700602559446,-233.29761037330016,1.1851490767800632
2602.4100474434968,-6.911652689873042e-05,-0.0004439419379415242,4.373911736861095,-234.00004453369246,-0.8129324556851258
2603.0263613215366,-7.051623560825619e-05,-0.00048697416018412745,4.3736249012505315,-234.20477351120704,-1.394248952964876
2603.6426751995764,-7.189643265977504e-05,-0.0005308577151970203,4.373311320070545,-234.40967850437028,-1.975503346055755
2605.7606327094795,-7.646838898733907e-05,-0.0006880297411387112,4.372022193018049,-235.11537828139208,-3.972433930820861
2607.878590219382,-8.071834545430439e-05,-0.0008545439853078422,4.370390289082232,-235.8239937339914,-5.968331367780431
2608.494904097422,-8.188387593209071e-05,-0.0009046556858056949,4.369848189980028,-236.03084251087282,-6.548896995667619
2609.111217975462,-8.301362420456191e-05,-0.0009554685772412317,4.3692750597203425,-236.238016188363,-7.129346583828246
2611.229175485365,-8.659703885707616e-05,-0.0011351757225413113,4.3670623528012555,-236.952683510034,-9.123085239416545
2613.3471329952677,-8.965321061174333e-05,-0.0013219140487882594,4.364461587912948,-237.67214693335106,-11.115097487616813
2613.9634468733075,-9.043146361898306e-05,-0.0013774143941883744,4.363629752340444,-237.88251801193846,-11.694396137518751
2614.5797607513473,-9.115564211173882e-05,-0.001433371016933305,4.362763675162833,-238.09338152539468,-12.273515425658713
2616.6977182612504,-9.320281321709136e-05,-0.0016287355390340213,4.359521593962764,-238.8220342376684,-14.262185055856119
2618.815675771153,-9.449736519079876e-05,-0.001827638874880392,4.355861991477365,-239.5575448221106,-16.248327433594593
2619.4319896491934,-9.471979759579102e-05,-0.001885954706789091,4.354717566776197,-239.77298025034557,-16.82576188676193
2620.048303527233,-9.486856944525892e-05,-0.001944377936192017,4.353537310377243,-239.98908673875485,-17.402945103747363
2622.1662610371363,-9.478719631683395e-05,-0.002145393714481624,4.349206114033694,-240.7371341445995,-19.3844001788008
2624.284218547039,-9.371797564549446e-05,-0.0023451910383816992,4.344450465130216,-241.4941758842973,-21.36243485320538
2624.900532425079,-9.32081824663526e-05,-0.0024028019648582697,4.3429872403579735,-241.71627859527516,-21.937337803091552
2625.5168463031187,-9.260486748025348e-05,-0.0024600630162334497,4.341488797337783,-241.93923156048442,-22.51191101858488
2627.634803813022,-8.978737265662279e-05,-0.002653427692466785,4.3360724382410005,-242.7121711120134,-24.483788297493312
2629.7527613229245,-8.575076634817213e-05,-0.002839534021216956,4.330254227411816,-243.49617438826172,-26.45129119857544
2630.3690752009643,-8.433471037219299e-05,-0.0028919561742700244,4.328487883236686,-243.7265031699504,-27.02294816218454
2630.985389079004,-8.280631636124716e-05,-0.002943464756586192,4.32668972845883,-243.95784855115159,-27.5941938935946
2633.1033465889072,-7.666832522896508e-05,-0.0031125972447550543,4.320273925898967,-244.76087306158342,-29.55401091986109
2635.22130409881,-6.910123590093828e-05,-0.0032672163438815472,4.313515277286272,-245.57678915252345,-31.508494309312884
2635.83761797685,-6.662010975949591e-05,-0.0033090493335027993,4.31148855847319,-245.81672892072984,-32.07618428284645
2636.45393185489,-6.401047582208425e-05,-0.0033493086060488422,4.309436789605312,-246.05782282631964,-32.64338454402736
2638.571889364793,-5.403811500239062e-05,-0.0034746014845303936,4.302206387448984,-246.89534719990024,-34.588706978480054
2640.689846874696,-4.2468392128946e-05,-0.003577081754043524,4.294734778367979,-247.74714832451156,-36.52781914439415
2641.3061607527357,-3.87938501557003e-05,-0.0036021326206106172,4.292522204883644,-247.99776006412156,-37.09087922654932
2641.9224746307755,-3.497911656298594e-05,-0.0036248725833120405,4.2902951737519865,-248.2496168356974,-37.65338318308131
2644.0404321406786,-2.0783888062257043e-05,-0.003684224657146345,4.28254937076549,-249.12474277543754,-39.582081442874326
2646.1583896505813,-4.887568075923524e-06,-0.003711710420429257,4.274711608354357,-250.01486970734908,-41.503902009438235
2646.774703528621,6.122650719395605e-08,-0.003713206176096416,4.272423270939605,-250.2767271403722,-42.06182083715078
2647.391017406661,5.155420964063632e-06,-0.003711606727510848,4.270135244581447,-250.53985507552045,-42.61914160741388
2649.508974916564,2.37765188267911e-05,-0.003681271342175146,4.262299062187513,-251.45380090884814,-44.529749659585434
2651.6269324264667,4.411393578049996e-05,-0.0036096797173243763,4.254570818331919,-252.38258786101042,-46.433187976097415
2652.2432463045066,5.035234296469056e-05,-0.0035805761090620934,4.2523547509993165,-252.65560987538137,-46.985728922587434
2652.8595601825464,5.6732859054280875e-05,-0.003547586845616548,4.250158090408997,-252.9298437734659,-47.537669852855764
2654.9775176924495,7.973542893244158e-05,-0.003403355671383764,4.242788288617767,-253.88137163227262,-49.42984202531369
2657.095475202352,0.00010435754104450538,-0.0032086909707120135,4.235777370358199,-254.84648094719523,-51.31512516677345
2657.7117890803925,0.00011181775195669773,-0.0031420793563071534,4.233819965455648,-255.1297691493567,-51.86247340970963
2658.3281029584323,0.00011940637987102857,-0.003070837256434786,4.231905286790207,-255.4141089334039,-52.40927698132983
2660.4460604683354,0.00014643940089251805,-0.0027895574949686314,4.225688888246839,-256.3989798252319,-54.28431150989379
2662.564017978238,0.00017486209543535598,-0.0024495513088792246,4.220130418322679,-257.394873981015,-56.15351764379318
2663.180331856278,0.00018337717236391907,-0.0023391582592580196,4.218654358736707,-257.6865626076986,-56.6964356189703
2663.7966457343177,0.00019199496531320268,-0.0022234969674697425,4.217248155196907,-257.9790248526546,-57.238938295882
2665.914603244221,0.0002223495038788792,-0.001784893277506526,4.212991819379057,-258.9895014983769,-59.10030065424321
2668.0325607541236,0.00025371426182038177,-0.0012809301637716596,4.209733641781441,-260.00696587495946,-60.957855589742834
2668.6488746321634,0.0002630055343535493,-0.0011216959228022801,4.208992877055129,-260.30408660715534,-61.49781998474676
2669.265188510203,0.0002723606887782887,-0.0009567317631871706,4.2083521370904515,-260.6015708856689,-62.03758484856312
2671.3831460201063,0.0003049321974481771,-0.0003454740694371668,4.206960865042632,-261.6259697031092,-63.89132403636675
2673.501103530009,0.00033797514984440356,0.00033526794459943853,4.20693779323676,-262.6516795072931,-65.7443389323227
2674.1174174080493,0.0003476446000867015,0.0005465549844056169,4.2072091867667085,-262.95003777696877,-66.28362093490723
2674.733731286089,0.0003573255031491378,0.0007637841116370181,4.207612650163277,-263.24820381957875,-66.82300863648844
2676.8516887959922,0.00039059529008166765,0.0015558564732308315,4.210056706114209,-264.27047788063913,-68.67792199555355
2678.969646305895,0.00042363770035070845,0.0024181520428552547,4.21425270255717,-265.2865859941596,-70.53621549579546
2679.5859601839347,0.0004331670189708184,0.0026821966421070624,4.2158241262817535,-265.5806414050761,-71.07785662482779
2680.2022740619745,0.00044264217402798975,0.0029520723170439766,4.2175599744774495,-265.8737896261055,-71.61998617412102
2682.3202315718777,0.00047468407804342075,0.003923691163890497,4.2248294853103205,-266.87311742224836,-73.48736064145717
2684.4381890817804,0.0005056504106586135,0.0049620343947157945,4.2342275032817,-267.85684271324925,-75.36298719038061
2685.05450295982,0.0005144085181156258,0.005276392992305226,4.237382356236399,-268.1395892641839,-75.91061812739866
2685.67081683786,0.0005230351274871303,0.005596079848629604,4.2407323391474785,-268.42054142033595,-76.45916482202641
2687.788774347763,0.0005515533031203197,0.006734407741051051,4.253779786006123,-269.3709205910879,-78.35191373750541
2689.906731857666,0.0005780228592326131,0.007930966473173925,4.2692998281953765,-270.29415778882674,-80.25802141743229
2690.5230457357056,0.0005852837222568531,0.008289473889299251,4.2742982079935254,-270.5570152963033,-80.81547395502518
2691.1393596137455,0.0005923268760425243,0.00865235788601483,4.279518468453569,-270.81700943836677,-81.37425558640483
2693.2573171236486,0.0006147327817843638,0.009931156021831686,4.299190219176977,-271.6869281377231,-83.30529277887939
2695.3752746335513,0.0006340360631342031,0.011254123300664916,4.321617184199864,-272.5159955293487,-85.25417374495396
2695.9915885115915,0.0006390108006585403,0.01164645339272474,4.328674254192888,-272.74875546625805,-85.82485122540022
2696.6079023896314,0.0006436775698745932,0.012041723117432413,4.335973434600688,-272.9774028909902,-86.3971708298912
2698.7258598995345,0.0006572236546240937,0.013420085055287358,4.3629326633679515,-273.7297899365882,-88.37693811739933
2700.843817409437,0.0006666043367128814,0.014822725952143763,4.392836915054631,-274.4255766812372,-90.37723689965046
2701.460131287477,0.0006684941708217919,0.01523418164951907,4.40209944407537,-274.6164905720031,-90.96324416730339
2702.076445165517,0.0006699892102910368,0.01564665181113254,4.41161511186457,-274.8018881185529,-91.55099612384782
2704.19440267542,0.000671981602602245,0.017068676463854515,4.446260164199995,-275.39470345344205,-93.58421664841862
2706.3123601853226,0.00066884033893272,0.018489484486215842,4.483915715942211,-275.91363522190267,-95.63745802644456
2706.9286740633625,0.0006669129410814754,0.018901143560922203,4.495438383335935,-276.0497770574998,-96.23855721862569
2707.5449879414023,0.0006645168467350629,0.019311447990490862,4.507213443920554,-276.17890956413055,-96.84117246585046
2709.6629454513054,0.0006525969126863349,0.020707283353220828,4.549597987232156,-276.566860272187,-98.92316876779739
2711.780902961208,0.0006347852250381136,0.022071633560223458,4.594905508421824,-276.8631821894712,-101.02007709496863
2712.3972168392484,0.0006284612949587049,0.022460947885973876,4.608629220925151,-276.9312288355868,-101.63263369234284
2713.013530717288,0.0006216174907204001,0.022846191978340574,4.6225906214866015,-276.99080326752625,-102.24604088004637
2715.1314882271913,0.0005940606368597547,0.024134685195023715,4.672353855106369,-277.1286420480711,-104.35932485614603
2717.249445737094,0.0005601812385016859,0.025358118725823386,4.724777165785712,-277.1583955362348,-106.47679437316914
2717.865759615134,0.0005491224045984317,0.025699989694267743,4.740511951053542,-277.14591310658676,-107.09299192148825
2718.4820734931736,0.0005375255333121941,0.026034880280232837,4.756454254728831,-277.12370018651427,-107.70888442355869
2720.6000310030768,0.0004935513272457776,0.0271278802002895,4.8127701036990045,-276.9712570507233,-109.82110117684543
2722.7179885129794,0.00044327994100312935,0.028121076040343036,4.871295189657801,-276.69789201517756,-111.92100377642835
2723.3343023910193,0.0004274849495994033,0.028389430572972687,4.888710317992167,-276.5950644952683,-112.5286868426961
2723.950616269059,0.0004111778559701286,0.028647911002688407,4.906286815684726,-276.4816614334213,-113.13445845145003
2726.068573778962,0.0003512879128514749,0.029456350414828,4.967841445275081,-276.01012035964214,-115.19894002665676
2728.186531288865,0.00028570742169225946,0.03013191930269279,5.030967608127308,-275.4109385803092,-117.2299800471372
2728.8028451669047,0.0002656066293692765,0.030301819382891948,5.04959179466111,-275.2124417147595,-117.81345728607349
2729.4191590449445,0.0002450725794068934,0.03045923506666192,5.068316019845846,-275.0031316548033,-118.39312482762003
2731.5371165548477,0.00017134509046156995,0.030900994677913223,5.133323588040124,-274.2012220654502,-120.35301232446183
2733.6550740647504,9.318609236327225e-05,0.031181909726221108,5.1990964533456125,-273.2730199547296,-122.25630139468564
2734.2713879427906,6.969770296557267e-05,0.0312320957013621,5.218330876604483,-272.97951488052803,-122.79823665182006
2734.8877018208304,4.5909157510622265e-05,0.031267768244207246,5.237591187029605,-272.6756796422289,-123.33444329967811
2737.0056593307336,-3.790076072234586e-05,0.031276701656219,5.303856260436148,-271.5537994499035,-125.1304032872037
2739.1236168406363,-0.00012427554600076486,0.031105413082794464,5.369949403175993,-270.3156435876013,-126.84827741095546
2739.739930718676,-0.0001497740028193493,0.031020937635348723,5.389095093156645,-269.934291235984,-127.3324268162975
2740.356244596716,-0.00017539449298994777,0.030920777518080905,5.408183655762774,-269.54378696593324,-127.80923855997939
2742.474202106619,-0.00026407456604162226,0.03045543584795347,5.473212960935076,-268.1341445452035,-129.38942322651732
2744.5921596165217,-0.00035301938573856337,0.02980199319005471,5.537057497272621,-266.62567058007926,-130.87562973177117
2745.2084734945615,-0.00037881637367267285,0.029576432414272644,5.555356213988908,-266.16927861376524,-131.2897893679302
2745.8247873726013,-0.00040453130410012894,0.029335070984324446,5.573511204312103,-265.7054277644165,-131.69561522571271
2747.9427448825045,-0.0004919454397174048,0.028385331364906445,5.634668147797213,-264.05738652993784,-133.02533520370525
2750.060702392407,-0.0005771510697980281,0.02725279108092965,5.693620001102762,-262.33245477448156,-134.253830766936
2750.677016270447,-0.0006013936632010487,0.026889562541275565,5.710304931306245,-261.8173435778143,-134.5921736815439
2751.293330148487,-0.0006253474412436757,0.026511551767253685,5.726761996909933,-261.2966894578657,-134.92198960506062
2753.41128765839,-0.0007051374065555006,0.02510179012337303,5.781448401870693,-259.4682955018796,-135.9903580028002
2755.5292451682926,-0.0007803581228270909,0.02352787546090497,5.832975157011373,-257.58567537540836,-136.9602438284362
2756.145559046333,-0.0008012657348428942,0.023040429341158134,5.847325789401669,-257.02887047513605,-137.22440470388378
2756.7618729243727,-0.0008216986490314736,0.02254030298945396,5.861373003368099,-256.4683480770351,-137.48068051696245
2758.879830434276,-0.0008880136747740448,0.020728595656679838,5.907217410516821,-254.51660460983834,-138.30254261232545
2760.9977879441785,-0.0009477659355124433,0.018783385745827975,5.949083322120427,-252.530596070973,-139.0381046803724
2761.6141018222183,-0.0009638236730315734,0.018194257675405286,5.960478205723441,-251.9472302917594,-139.2368471419069
2762.230415700258,-0.0009792594981835254,0.017595468270080995,5.971508215736584,-251.36164346654445,-139.42907046932845
2764.3483732101613,-0.0010273458108826976,0.015469098803517337,6.006539364397979,-249.3345679935965,-140.04232243826195
2766.466330720064,-0.001067403210726444,0.01324938701798817,6.036968105346111,-247.2884089326802,-140.58894520127095
2767.082644598104,-0.0010774864273081113,0.012588369400020191,6.044929843550405,-246.69009971548613,-140.73674905807604
2767.6989584761436,-0.0010868487734394048,0.011921385253301163,6.052483730586143,-246.09063588296118,-140.87992679993343
2769.8169159860468,-0.0011133871950146034,0.009589812505226145,6.07527189021171,-244.02328728539143,-141.33982056027864
2771.9348734959494,-0.001131032511256014,0.007211450117488984,6.093072328591249,-241.94696206364216,-141.75768268110056
2772.5511873739897,-0.0011344661204981147,0.006513272877661848,6.097301068129628,-241.34151381499734,-141.8728393299423
2773.1675012520295,-0.0011371322684041074,0.0058132229506742345,6.101100405821567,-240.73559284555049,-141.9855717110476
2775.2854587619327,-0.0011403867466805054,0.003399767714320286,6.110856277769107,-238.65066282279682,-142.35803635794534
2777.4034162718353,-0.0011345136459152605,0.0009890855435492573,6.115503490691531,-236.56307897993355,-142.7154812235332
2778.019730149875,-0.0011310947411268233,0.00029088432695025126,6.115897055700055,-235.9553887970801,-142.81820041709835
2778.636044027915,-0.001126915410484865,-0.0004049874364530506,6.115862485324746,-235.34767859232852,-142.9208062850056
2780.754001537818,-0.001106783330864408,-0.002771967019812264,6.112489001534348,-233.25974535595955,-143.2761980027545
2782.871959047721,-0.0010779254597123639,-0.005087067286097286,6.104157294654186,-231.173947998367,-143.64379979354914
2783.4882729257606,-0.0010679289347160132,-0.005748352838117795,6.100817242219029,-230.5676617127995,-143.7545457101534
2784.1045868038004,-0.0010572327531089148,-0.006403292527356653,6.0970729266662245,-229.96178235667196,-143.8674238038264
2786.2225443137036,-0.0010152529514057486,-0.008599368984724746,6.0811682960765765,-227.88342877851565,-144.27508216970432
2788.3405018236062,-0.0009655782284952226,-0.010698385247731765,6.060715253545499,-225.81288579352105,-144.72043981424636
2788.956815701646,-0.0009497520994165499,-0.0112886181407299,6.053938663365069,-225.2122134995011,-144.85845076036205
2789.573129579686,-0.0009333390535841082,-0.011868964397704893,6.046802475414076,-224.61253392854786,-145.00061175284748
2791.691087089589,-0.0008726549633433946,-0.013782545898914771,6.019614251093257,-222.5602710404314,-145.52388034825753
2793.8090445994917,-0.0008058959313194513,-0.0155611678411817,5.988516061766834,-220.52420330016344,-146.10670144137987
2794.425358477532,-0.000785432924298189,-0.01605154105886138,5.9787732304787635,-219.9353204944424,-146.2885640990067
2795.041672355572,-0.0007645413219795102,-0.016529232555564693,5.968732904545484,-219.34828330660383,-146.4762081468067
2797.159629865475,-0.0006897435100877949,-0.0180699921853776,5.932064355942772,-217.34643266309425,-147.1675590445677
2799.2775873753776,-0.0006109632443331074,-0.019448115893736677,5.8923047718967485,-215.37253054347602,-147.93484603816972
2799.8939012534174,-0.0005874166727724466,-0.019817383442804093,5.880203755667924,-214.8041257048982,-148.17311414986364
2800.5102151314572,-0.0005636321353596251,-0.020172135795552604,5.8678800843832635,-214.2386830900143,-148.41826494478136
2802.6281726413604,-0.0004803930651157779,-0.021278020379742375,5.823953833009017,-212.31997425615688,-149.3147506175335
2804.746130151263,-0.0003955444597356408,-0.02220590368647717,5.777873864645772,-210.44359223270823,-150.2966013698443
2805.362444029303,-0.0003706868988986254,-0.02244198852092235,5.7641143820351095,-209.90636749142996,-150.59866221780104
2805.9787579073427,-0.0003457956307160263,-0.022662813994686552,5.750214166083688,-209.37336852273424,-150.90808213015995
2808.096715417246,-0.0002603258550785328,-0.023304543371048463,5.701503910264883,-207.57597818040355,-152.02804134191038
2810.2146729271485,-0.00017565156290159716,-0.023766093794313867,5.6516253045775,-205.8359779160847,-153.23516502925648
2810.830986805189,-0.00015129061702603625,-0.02386679996601371,5.636946188713687,-205.34123899939664,-153.60269459201243
2811.4473006832286,-0.00012709128754187713,-0.023952605877918552,5.622209291808641,-204.85194212596193,-153.97742542452121
2813.5652581931317,-4.5466894578073885e-05,-0.024134819201204537,5.571255771011747,-203.2138635356762,-155.31961877004085
2815.6832157030344,3.319922049975781e-05,-0.024147288281854057,5.520096085685118,-201.64640730592862,-156.7436391168293
2816.2995295810742,5.542636472660273e-05,-0.02411993136533456,5.5052217457602435,-201.20419200618582,-157.17292128351718
2816.915843459114,7.732786951302666e-05,-0.0240790254201864,5.490367822420542,-200.76837875235879,-157.60870534863156
2819.033800969017,0.00014986311315526798,-0.023837617638799876,5.439598866432058,-199.32093730130336,-159.15455627421605
2821.15175847892,0.00021776734364191083,-0.0234474874379543,5.3894986957496975,-197.953234960531,-160.7714152574817
2821.7680723569597,0.00023658150632460247,-0.023307433213166754,5.37509062928074,-197.57058111355914,-161.2545380277167
2822.3843862349995,0.00025495521332392495,-0.02315594989210611,5.360771562812952,-197.1948738841328,-161.7430975252978
2824.5023437449026,0.000314576763387079,-0.02255182954337269,5.312346765154789,-195.9574289968601,-163.46167873758034
2826.6203012548053,0.00036854332673964525,-0.021827421795717,5.265328850526052,-194.80333287174943,-165.23736284998728
2827.236615132845,0.00038314704259857557,-0.021595746875374817,5.2519477060778765,-194.48319148376433,-165.76399094765117
2827.852929010885,0.0003972518837875349,-0.02135523662236242,5.238711115398879,-194.17005683708857,-166.29483617373256
2829.970886520788,0.00044184849099899174,-0.020465583798550166,5.194408210380428,-193.14731721798648,-168.1492678722087
2832.088844030691,0.00048042031082007135,-0.019487857377427715,5.152082820309795,-192.20579512210324,-170.04629329762963
2832.705157908731,0.0004905086270821122,-0.019188631392875168,5.140164572929337,-191.9468054909065,-170.60553434167412
2833.321471786771,0.0005000906952956856,-0.018883339192826875,5.12843164206285,-191.69442317367952,-171.16781083804378
2835.439429296674,0.0005291658014665987,-0.01779234513327827,5.089583097153181,-190.87670366530466,-173.12137514249116
2837.5573868065767,0.0005523864214535581,-0.016645971010753713,5.053103877615326,-190.13309454874843,-175.10440085348628
2838.1737006846165,0.0005580654988778288,-0.016303758768721435,5.042950496996712,-189.9301191594003,-175.68631828755426
2838.7900145626563,0.0005632703237072638,-0.015958176274202814,5.033008154480107,-189.73298514948672,-176.2702616841223
2840.9079720725595,0.0005776043434921712,-0.014749079687703533,5.000485454235554,-189.09874692297208,-178.2909048374337
2843.025929582462,0.000586643345590553,-0.013515231567590822,4.970549780534821,-188.5278901723863,-180.3304197347421
2843.642243460502,0.0005883181586289706,-0.013153148050663236,4.962332122380757,-188.37301047975842,-180.92694429397457
2844.258557338542,0.0005895773800784546,-0.012790136730305041,4.954337107716456,-188.2229637035075,-181.52472053939076
2846.376514848445,0.0005908368307340014,-0.011539310372993897,4.928573108860132,-187.74251641719096,-183.58738692375258
2848.4944723583476,0.0005876044857930101,-0.010290573268816793,4.905456094606171,-187.3126084081373,-185.66122268355264
2849.110786236388,0.0005858691768448014,-0.00992895478388128,4.899225736343442,-187.19625448339485,-186.26644517926078
2849.7271001144277,0.0005837922184341318,-0.009568483676134658,4.89321723655128,-187.08360523908297,-186.87238139013309
2851.845057624331,0.0005741706538874015,-0.008341596140758915,4.8742551057610175,-186.72292777833556,-188.95935751222908
2853.9630151342335,0.0005609827029793954,-0.007138863397660467,4.857865891228254,-186.39918756769578,-191.05241408949567
2854.5793290122733,0.0005565281536612078,-0.0067944954847653635,4.853572668941087,-186.3111631567888,-191.66240393714818
2855.195642890313,0.0005518121377491327,-0.006452925166268679,4.849490318409936,-186.22569780818114,-192.27276620465048
2857.3136004002163,0.0005337395257192774,-0.005302888220176507,4.837048405520103,-185.94971089736535,-194.3726438939356
2859.431557910119,0.0005130561130014738,-0.00419389308091847,4.826998759615406,-185.69735318556627,-196.4755112510255
2860.047871788159,0.0005065995632974323,-0.0038796839669778694,4.824511253741007,-185.6276406363029,-197.08786663039746
2860.6641856661986,0.0004999613533291729,-0.0035694827043058997,4.822215812615222,-185.55939975592426,-197.70039228675793
2862.7821431761017,0.0004758888523391379,-0.0025357797441999913,4.815759783897705,-185.33443048743226,-199.8063608663865
2864.9001006860044,0.00045012609484396186,-0.0015548512640774289,4.811437207074444,-185.12081328573217,-201.91351935717265
2865.516414564044,0.0004423610472056081,-0.0012798329880610187,4.810564067211491,-185.06014044988132,-202.5268382876381
2866.132728442084,0.000434489164331477,-0.0010096082973360843,4.809858739984347,-184.99996067894148,-203.14020717602773
2868.250685951987,0.0004067383715388146,-0.00011861626867917989,4.808674506500882,-184.79541918602388,-205.2482643840106
2870.36864346189,0.00037813804277882793,0.0007127011194357877,4.809314162099226,-184.59145166752776,-207.35637755720742
2870.98495733993,0.00036969980259314697,0.0009431427164660986,4.809824760926617,-184.5316545462021,-207.96978375573948
2871.60127121797,0.0003612214178010934,0.0011683931116346475,4.8104757049844755,-184.4715111676606,-208.5831554108709
2873.719228727873,0.0003318810807315264,0.0019023949772475415,4.813738594387527,-184.26092353898773,-210.69061815766764
2875.8371862377758,0.0003024215080510877,0.00257412898764212,4.818490128218339,-184.04189302183792,-212.79721592939492
2876.4535001158156,0.000293863632851786,0.0027578674793317915,4.8201335018947,-183.9761210509783,-213.41001093447983
2877.0698139938554,0.00028532205166634526,0.0029363545754322023,4.821888527207999,-183.90931815016185,-214.02269265532357
2879.1877715037585,0.00025617806579444007,0.0035097067751061893,4.828725573673988,-183.67087214671486,-216.12718294789778
2881.305729013661,0.00022751522566943425,0.004021842774158273,4.836712129081173,-183.4168355657914,-218.2298421749397
2881.922042891701,0.00021929440831525946,0.004159519069844081,4.8392334936885995,-183.33963894665712,-218.8413031854284
2882.538356769741,0.00021113486836233264,0.00429216143794202,4.841838274949161,-183.2608852726039,-219.45256358579698
2884.656314279644,0.00018362840103249145,0.004710040992366332,4.851381522145359,-182.97760874256988,-221.55148556474575
2886.7742717895467,0.0001570645084191794,0.005070661184338267,4.86174918403372,-182.67345187799998,-223.64747772218743
2887.3905856675865,0.00014953335161060514,0.005165130644134618,4.864903575089055,-182.58077798092268,-224.25678490821775
2888.0068995456263,0.00014209663585151893,0.005254997315349263,4.868114950768886,-182.48617431767155,-224.865793719649
2890.1248570555294,0.00011730835968049002,0.005529478397708373,4.879544511120819,-182.14582628465473,-226.95621598900112
2892.242814565432,9.378524678023523e-05,0.0057527987454187995,4.891501232611376,-181.78105950166767,-229.04251146383362
2892.8591284434724,8.719197320166497e-05,0.005808558260200983,4.895064049050287,-181.67017667176964,-229.64876907891824
2893.475442321512,8.071482834891844e-05,0.005860295801649314,4.898660213663803,-181.55713242719895,-230.25462623525402
2895.5933998314154,5.9371615560089315e-05,0.006008387260910919,4.911236602952746,-181.15186406383447,-232.33343508657063
2897.711357341318,3.9485138481157225e-05,0.006112817354529325,4.924080407201353,-180.72020812848322,-234.40692289123658
2898.327671219358,3.397915076834198e-05,0.006135447318882185,4.92785484845464,-180.5895721692546,-235.00923268313838
2898.9439850973977,2.8600441574981564e-05,0.006154725370253946,4.931642447948514,-180.45666638266624,-235.61104519208578
2901.061942607301,1.1100815951757058e-05,0.006196497889482772,4.944728386339143,-179.98250434813664,-237.67522810825898
2903.1799001172035,-4.867509620833164e-06,0.006202828559423476,4.957865264985145,-179.4813199974396,-239.7330164831255
2903.7962139952433,-9.225352113770755e-06,0.006198478711269817,4.961686824649262,-179.33039933340618,-240.33056596453486
2904.412527873283,-1.3453920943238748e-05,0.006191482241574768,4.96550513602864,-179.17720226732118,-240.92753599725305
2906.5304853831863,-2.6999738443221552e-05,0.006148376653418298,4.978577566314715,-178.63341145708083,-242.97447760160603
2908.648442893089,-3.903831717229931e-05,0.006078177733196991,4.991530009533573,-178.06303181564806,-245.01417123315298
2909.264756771129,-4.226206015449727e-05,0.006053119042125377,4.995268329534802,-177.8921088621013,-245.60630928400028
2909.881070649169,-4.5362015000146027e-05,0.006026108674268497,4.998990842001573,-177.71898180677874,-246.19780723814077
2911.999028159072,-5.508232744647614e-05,0.005919492216623961,5.011644350467994,-177.107368644389,-248.22551777767478
2914.116985668975,-6.339732592964624e-05,0.005793776747866137,5.024051824360254,-176.47039562954717,-250.24540769798458
2914.7332995470147,-6.556040479985495e-05,0.005754033705933726,5.027610313777579,-176.280362005923,-250.8316919059754
2915.3496134250545,-6.761087184405634e-05,0.0057129875518004145,5.031144124108424,-176.0882528090157,-251.41730015917344
2917.4675709349576,-7.381813606137785e-05,0.005562997178778144,5.043087239692042,-175.41246790592615,-253.42453733452834
2919.5855284448603,-7.877858593683492e-05,0.005401180433790244,5.05470015816204,-174.71308851389435,-255.4236787525732
2920.2018423229,-7.999784341979328e-05,0.005352250031679841,5.058013837083802,-174.50524965769202,-256.00388983423096
2920.81815620094,-8.11195780354166e-05,0.0053025924737560865,5.06129732328823,-174.29549918270698,-256.5834135986829
2922.936113710843,-8.425582926745588e-05,0.005127277716173424,5.07234330993674,-173.56038856598502,-258.5696930776693
2925.0540712207458,-8.633985169912625e-05,0.004946434799685858,5.083012133174993,-172.8037550387961,-260.5478770273768
2925.6703850987856,-8.676010044783691e-05,0.004893091802492161,5.0860441771059115,-172.57965595683288,-261.1220037723093
2926.2866989768254,-8.710016677244368e-05,0.00483950821603054,5.089043425514773,-172.35382671889502,-261.6954531905924
2928.4046564867285,-8.768538061157809e-05,0.004654265747076238,5.099097192172552,-171.56486638602794,-263.66096672562827
2930.522613996631,-8.743042120993394e-05,0.0044686735456889,5.1087582527928355,-170.75656893113648,-265.6186103765213
2931.1389278746715,-8.721037204068826e-05,0.004414856804271919,5.111495697176695,-170.5178482785156,-266.1868132053756
2931.7552417527113,-8.692826427359063e-05,0.004361188457150294,5.114200139169629,-170.27758194216526,-266.75436509817484
2933.8731992626144,-8.551429609843641e-05,0.004178464865027172,5.123242804947833,-169.44041487705564,-268.69983700130274
2935.991156772517,-8.34737757519095e-05,0.00399939950285773,5.131902343909662,-168.58606040460015,-270.6378251842082
2936.607470650557,-8.277396653723004e-05,0.003948169975705222,5.134351368025008,-168.3343357966857,-271.2003879301923
2937.2237845285968,-8.202979360895291e-05,0.00389737939702164,5.136769039838127,-168.08124200997042,-271.76233682338284
2939.3417420385,-7.91617615204331e-05,0.003726606113112164,5.144841527150402,-167.20132302718142,-273.68885157203414
2941.4596995484026,-7.586963282261522e-05,0.0035623563086025017,5.15255923212962,-166.3062208499271,-275.6083611348472
2942.0760134264424,-7.484272882147265e-05,0.003515914716185458,5.154740382387361,-166.04300493356808,-276.16563990414534
2942.692327304482,-7.378778747937221e-05,0.00347010923999679,5.156893160576213,-165.77858071428338,-276.7223470142121
2944.8102848143853,-6.997382319452869e-05,0.0033178259978455344,5.164079968805404,-164.86092427481083,-278.6311762042254
2946.928242324288,-6.59176406226596e-05,0.003173877074013882,5.170953073464281,-163.92987100582172,-280.5335086207105
2947.5445562023283,-6.470122042254205e-05,0.0031336278100382803,5.172896715939586,-163.65651556685916,-281.0858845484249
2948.160870080368,-6.34710640707905e-05,0.0030941278478569373,5.174815810109109,-163.3820923314382,-281.6377312778005
2950.2788275902712,-5.916060801863886e-05,0.0029642481406261367,5.181229873991806,-162.43111210299494,-283.53018031544764
2952.396785100174,-5.476305784570751e-05,0.002843590026985681,5.187378623644884,-161.4682629755476,-285.4166196323944
2953.0130989782137,-5.347483874676942e-05,0.0028102377938645645,5.189120841661324,-161.18592714079043,-285.9644598813029
2953.6294128562536,-5.218476320206527e-05,0.0027776763396863977,5.190842751983051,-160.90264134833495,-286.5118098977413
2955.7473703661567,-4.77550505368942e-05,0.0026718489238165243,5.196612034702124,-159.92206716492714,-288.38909636355413
2957.8653278760594,-4.336343298996886e-05,0.0025753631092316686,5.202167072008296,-158.9308788880746,-290.26080137007796
2958.481641754099,-4.2098754190761827e-05,0.002549029389243511,5.203746152054752,-158.64051703332257,-290.80443041365675
2959.097955632139,-4.08415228309353e-05,0.0025234699809197265,5.205309226971757,-158.34930003992497,-291.3476021235279
2961.215913142042,-3.659152974154668e-05,0.0024414934504527453,5.2105654538751125,-157.34215709517736,-293.2107703439733
2963.333870651945,-3.247427097681063e-05,0.002368377661936608,5.215657441307606,-156.32538717611425,-295.06870312042406
2963.9501845299847,-3.1305529166752455e-05,0.0023487254149133835,5.217111023244031,-156.02775219983954,-295.6083845342987
2964.5664984080245,-3.0150992674942867e-05,0.002329787142600078,5.218552686265235,-155.7293350073903,-296.1476340062474
2966.6844559179276,-2.630146657710746e-05,0.0022700401431688115,5.2234224036554755,-154.69797069276677,-297.99750485582433
2968.8024134278303,-2.2649993072391897e-05,0.0022182365429575432,5.228173991330589,-153.65771908073606,-299.8423931431458
2969.4187273058706,-2.1627491642662177e-05,0.0022045938701242343,5.2295369012083714,-153.35337702334851,-300.37832090692393
2970.0350411839104,-2.0623569997667137e-05,0.002191574492998925,5.230891559520525,-153.0483059475673,-300.9138341456485
2972.1529986938135,-1.7321299280604855e-05,0.0021514334333779255,5.235489522431934,-151.9944510401827,-302.750985621692
2974.270956203716,-1.4255581774274644e-05,0.002118035937997277,5.2400096095759245,-150.93223138302935,-304.58331369642065
2974.887270081756,-1.3409362269767629e-05,0.002109512270365533,5.241312350709793,-150.62158380740215,-305.1156113342683
2975.503583959796,-1.2583964544867872e-05,0.0021015032603168213,5.242609957326174,-150.31024353200436,-305.6475041849634
2977.621541469699,-9.909036335614623e-06,0.0020777280661697446,5.247034721628203,-149.23509598615757,-307.47227656227136
2979.7394989796016,-7.4857614494259125e-06,0.002059351760789167,5.251414848387737,-148.1519253662362,-309.29229811987403
2980.3558128576415,-6.828132606569169e-06,0.002054942009918119,5.252682696642451,-147.83523637478845,-309.821023757432
2980.9721267356813,-6.191753953756373e-06,0.0020509311320618664,5.2539479092714965,-147.51787731872648,-310.3493475095867
2983.0900842455844,-4.166914666707495e-06,0.002040005181848903,5.2582794132413495,-146.42219849355484,-312.1618664255705
2985.208041755487,-2.389444567099831e-06,0.002033105796496159,5.262592040559533,-145.31869608295165,-313.9696328879497
2985.8243556335274,-1.9179787059145057e-06,0.0020317792952133846,5.263844668754128,-144.9961213032685,-314.4947883377011
2986.440669511567,-1.4667314397692428e-06,0.002030737699354925,5.265096528373542,-144.67288868445374,-315.01953915587006
2988.5586270214703,-6.806825167478583e-08,0.0020291526278601872,5.269395385763007,-143.55710340757608,-316.8197503432616
2990.676584531373,1.102551995510671e-06,0.002030288372938858,5.273693767325338,-142.43359005157396,-318.61514858552067
2991.292898409413,1.4017706343832691e-06,0.002031060654796003,5.274945309726658,-142.10520538000944,-319.13669077360123
2991.9092122874526,1.6828868523513024e-06,0.002032012652872016,5.276197348663677,-141.77616781694067,-319.6578212964327
2994.027169797356,2.514611862980106e-06,0.002036492681920936,5.280505535498241,-140.64046126371517,-321.4455314950877
2996.1451273072585,3.1482191005172737e-06,0.0020425244666896067,5.28482485412031,-139.49705359174783,-323.2283258975631
2996.7614411852983,3.297256803090882e-06,0.0020445109685787856,5.286084314248994,-139.16288194951764,-323.7461792229412
2997.377755063338,3.4310212998359463e-06,0.0020465856876427844,5.287344996451469,-138.82805790827695,-324.2636109544617
2999.4957125732412,3.7789256412223517e-06,0.002054249451500184,5.291687593959589,-137.67246388572872,-326.038530530508
3001.613670083144,3.964882130354092e-06,0.0020624785626352014,5.296047021684677,-136.50915816906027,-327.80840528227975
3002.2299839611837,3.99068139226271e-06,0.0020649301798842767,5.297318924031791,-136.169192998406,-328.32247379761685
3002.8462978392236,4.00439179579387e-06,0.0020673951118623897,5.298592318118414,-135.82857386602717,-328.83610921339124
3004.9642553491267,3.964449385886584e-06,0.002075855744417941,5.302979970767327,-134.65305072061568,-330.59789303640827
3007.0822128590294,3.8009971748593368e-06,0.0020841009863910493,5.307385314582443,-133.469793324752,-332.3544916265757
3007.6985267370696,3.7323677109771863e-06,0.0020864223246475325,5.308670502779863,-133.12401802540495,-332.86467022045014
3008.3148406151095,3.65488190035597e-06,0.0020886997475951627,5.309957090981659,-132.77758706208303,-333.3744037998436
3010.4327981250126,3.326154488882512e-06,0.002096107712650252,5.314388852149938,-131.5820790385066,-335.1226879047117
3012.5507556349153,2.9113299884647305e-06,0.0021027282720274434,5.318835469227549,-130.37882189535551,-336.86564768508777
3013.167069512955,2.7764461185472955e-06,0.0021044807578564726,5.320131961368894,-130.027224852317,-337.37183171481945
3013.783383390995,2.635738357260881e-06,0.0021061493256559617,5.321429496417436,-129.674971721174,-337.8775593771482
3015.901340900898,2.112479486374577e-06,0.0021111868055444416,5.325895771145054,-128.4594550915693,-339.6119918282702
3018.0192984108007,1.536992552489102e-06,0.002115060736968575,5.330371482867922,-127.23619603107785,-341.3409723802426
3018.6356122888405,1.3614660825365708e-06,0.0021159536057918306,5.331675309246628,-126.87878127934357,-341.84306544313785
3019.2519261668804,1.1827701455457778e-06,0.0021167381703285017,5.332979646325829,-126.52071223887408,-342.3446921001875
3021.3698836767835,5.485432907742104e-07,0.0021185757666516295,5.337464995305498,-125.2852267820189,-344.0649572516716
3023.487841186686,-1.093224286069061e-07,0.0021190450643892972,5.341952787236964,-124.04203571241604,-345.77966201844436
3024.1041550647265,-3.03777608670733e-07,0.002118917429868993,5.343258752950691,-123.67882959678134,-346.2775817523527
3024.7204689427663,-4.992424885524469e-07,0.002118670305699333,5.34456460112848,-123.31497374364524,-346.7750268888623
3026.8384264526694,-1.1754372656693273e-06,0.002116897085560371,5.349050230024431,-122.05964111549217,-348.48086288873435
3028.956383962572,-1.8529359902194702e-06,0.002113690332762426,5.353530585234835,-120.79667388085973,-350.18105414289084
3029.572697840612,-2.049270168390026e-06,0.0021124875201534417,5.3548329176222556,-120.4277282900706,-350.6747361155897
3030.1890117186517,-2.244998479745043e-06,0.002111164365074163,5.356134472682893,-120.05814045062759,-351.1679374740672
3032.306969228555,-2.9106597981350797e-06,0.0021057020691937762,5.360600290766966,-118.78317163199759,-352.85914739741486
3034.4249267384575,-3.5617978998221997e-06,0.002098845310702993,5.365053063234174,-117.50067389808325,-354.5446551042443
3035.0412406164974,-3.7478440667086035e-06,0.002096592513883449,5.366345921216896,-117.12606678178392,-355.03405498504276
3035.657554494537,-3.932207932961576e-06,0.002094225866510246,5.367637358843966,-116.75082776984982,-355.5229705610492
3037.7755120044403,-4.551447466003165e-06,0.0020852375745641118,5.372063548780722,-115.45652211003774,-357.1994279712426
3039.893469514343,-5.146430907318162e-06,0.0020749634462843584,5.376469340223686,-114.1548258469661,-358.8701534715269
3040.509783392383,-5.314624045753403e-06,0.0020717395746887406,5.377747178854889,-113.77465976619222,-359.3552477742605
3041.1260972704226,-5.480535140690633e-06,0.002068412889008323,5.379023003221365,-113.39387475754793,-359.83985641948726
3043.2440547803258,-6.032518855617621e-06,0.002056215710016987,5.383391098217775,-112.08061317719067,-361.5015064339865
3045.3620122902284,-6.555610179941507e-06,0.0020428800493991046,5.387732154479482,-110.76012824984245,-363.15742208941083
3045.9783261682687,-6.7022596811433315e-06,0.0020387943759676546,5.388989953022816,-110.37452767653744,-363.63820782858744
3046.5946400463085,-6.8464051522561905e-06,0.002034619120915051,5.390245210689176,-109.98832340748615,-364.1185088064697
3048.7125975562117,-7.322446456769632e-06,0.0020196093597327084,5.394538724909969,-108.65655811644426,-365.76536586606227
3050.8305550661144,-7.768751491494302e-06,0.002003622853372404,5.398799414741947,-107.31776120063326,-367.40651186907724
3051.446868944154,-7.893072782747974e-06,0.001998796434867824,5.400032789482424,-106.92686918173575,-367.8830054759075
3052.063182822194,-8.0149336544115e-06,0.001993894106410992,5.401263170960969,-106.53539057299683,-368.3590173142112
3054.181140332097,-8.415111984391874e-06,0.0019764900864676395,5.405467867819034,-105.18563325178204,-369.991160813241
3056.299097842,-8.787240635628862e-06,0.0019582682098388763,5.409634837609499,-103.82905583306754,-371.61764026496706
3056.9154117200396,-8.890401721463455e-06,0.0019528206435917683,5.410840067709637,-103.43303049266213,-372.0898760717345
3057.5317255980794,-8.991313150626512e-06,0.0019473101007257186,5.412041925321506,-103.0364371552029,-372.56163501446594
3059.6496831079826,-9.321327109776194e-06,0.0019279130016752097,5.416145822959131,-101.66924703814718,-374.17920377967226
3061.7676406178853,-9.626399675218022e-06,0.001907843359487601,5.420207926156253,-100.29546373262237,-375.79117693891624
3062.3839544959255,-9.710683508575834e-06,0.0019018844545301498,5.4213819208077805,-99.89447493618367,-376.2592054776725
3063.0002683739654,-9.793007493982857e-06,0.0018958741022079026,5.422552230830937,-99.49293786709377,-376.726763774708
3065.1182258838685,-1.0061456464984843e-05,0.0018748448824140128,5.426545438489711,-98.10891066728873,-378.32995015252277
3067.236183393771,-1.0308577697096879e-05,0.0018532696847283375,5.430493528975502,-96.71852862932509,-379.9276285231742
3067.852497271811,-1.0376683189910594e-05,0.0018468953471448984,5.431633760883333,-96.31275500146272,-380.3915148154338
3068.468811149851,-1.0443131548994303e-05,0.0018404794446647689,5.432770054596844,-95.90645364782064,-380.85493901874867
3070.586768659754,-1.0659321723508822e-05,0.0018181292357878987,5.436644520931101,-94.50621183688682,-382.4439830918927
3072.7047261696566,-1.0857612479807673e-05,0.0017953401004109626,5.440471185658774,-93.09986162456526,-384.027623779114
3073.3210400476964,-1.0912127893414261e-05,0.0017886315802641212,5.441575611634559,-92.68948800333128,-384.4874457251467
3073.9373539257363,-1.096525172745332e-05,0.001781889806983974,5.442675895507149,-92.27860776656453,-384.9468150929411
3076.0553114356394,-1.1137607481253969e-05,0.0017584806845693827,5.446425134249799,-90.8627923825392,-386.52199931978186
3078.173268945542,-1.1294868944200129e-05,0.001734722504524989,5.450124423821212,-89.44112034729169,-388.09189986778733
3078.789582823582,-1.1337929917669521e-05,0.0017277480261583054,5.451191408246305,-89.02633567637675,-388.54774678302454
3079.4058967016217,-1.1379804112728749e-05,0.0017207473138667183,5.452254088423362,-88.61106585095489,-389.0031518331089
3081.523854211525,-1.1514950829964209e-05,0.0016964999468122388,5.455872928748214,-87.18032976088767,-390.564796206955
3083.6418117214275,-1.163702096560001e-05,0.0016719801925751516,5.459440125727672,-85.74399181794315,-392.12128995199373
3084.258125599468,-1.1670177439592787e-05,0.0016647978888284913,5.460468377007794,-85.32498742393632,-392.57326124953954
3084.8744394775076,-1.1702286023953609e-05,0.0016575954338168691,5.461492197556884,-84.90551951319861,-393.0248024565443
3086.9923969874108,-1.1804837865963585e-05,0.0016326998111692414,5.464976586453547,-83.46052190552685,-394.5732601354538
3089.1103544973134,-1.1895616904113983e-05,0.0016075994552268468,5.4684080306710445,-82.01017842693425,-396.11671198476677
3089.7266683753533,-1.191987695256841e-05,0.0016002605113520447,5.469396554767353,-81.58714660224923,-396.56491597204024
3090.342982253393,-1.194317504024226e-05,0.0015929068897415598,5.47038055311282,-81.16367293059389,-397.0127025742395
3092.460939763296,-1.2016019407517719e-05,0.0015675326639665067,5.473727416623853,-79.70507475419137,-398.54835585059544
3094.578897273199,-1.2077827467684209e-05,0.0015420158441314885,5.477020387598764,-78.24138630095547,-400.0791583435074
3095.1952111512387,-1.2093768017285403e-05,0.0015345671598143591,5.477968457586811,-77.81451911141109,-400.52371109007686
3095.8115250292785,-1.2108789116922793e-05,0.0015271089251465396,5.478911935684495,-77.38723165275093,-400.9678599626766
3097.9294825391817,-1.2153456184285607e-05,0.001501413828002569,5.48211909162948,-75.9156917374793,-402.4911164255496
3100.0474400490843,-1.2187387497619135e-05,0.0014756354968432658,5.485271738307441,-74.43931538384632,-404.00968593489335
3100.663753927124,-1.2195251427903658e-05,0.00146812177283189,5.486178876893772,-74.00880363294517,-404.4507101718065
3101.280067805164,-1.2202207679960971e-05,0.0014606034820433926,5.487081385017101,-73.57789298917923,-404.8913447277127
3103.398025315067,-1.2219198163119668e-05,0.001434739834465567,5.49014749641928,-72.09406463375262,-406.40263349030226
3105.51598282497,-1.222543702005859e-05,0.0014088515875100853,5.493158803664615,-70.60565068968748,-407.90940644646633
3106.13229670301,-1.222522552130271e-05,0.0014013168971364824,5.494024775683376,-70.17168298682913,-408.3470304647551
3106.74861058105,-1.2224095140422687e-05,0.0013937826264498073,5.494886105872701,-69.73733746515363,-408.7842795513552
3108.866568090953,-1.221318421285737e-05,0.0013679021308465862,5.4978106652297996,-68.24186532821003,-410.2840474419643
3110.9845256008557,-1.2191304570705933e-05,0.0013420563597600565,5.500680447569396,-66.74205431341683,-411.7794764882807
3111.6008394788955,-1.2182861713435153e-05,0.0013345452387511743,5.501505259747047,-66.30481620650819,-412.21383301201877
3112.2171533569353,-1.2173477671138179e-05,0.0013270396199633893,5.5023254462298805,-65.86722095741273,-412.647829780241
3114.3351108668385,-1.2134011890102468e-05,0.0013012965155176262,5.5051087814986985,-64.36073813092459,-414.1365374220128
3116.453068376741,-1.20832744143435e-05,0.001275648934404435,5.507837695123303,-62.850157894955906,-415.6210874374807
3117.069382254781,-1.2066375908897678e-05,0.0012682069978383632,5.50862160050999,-62.40983103954005,-416.05231245483327
3117.685696132821,-1.2048510508416054e-05,0.0012607757818198764,5.509400924496011,-61.96916722886049,-416.48319318486926
3119.803653642724,-1.1979706836769942e-05,0.0012353283727190361,5.5120442178886,-60.4522924117177,-417.96131091798196
3121.9216111526266,-1.1899359517483994e-05,0.0012100389113488719,5.514633782013263,-58.93155533221294,-419.43545487270376
3122.537925030667,-1.1873798351909134e-05,0.0012027129938175015,5.515377286487328,-58.488316679958665,-419.8636864171453
3123.1542389087067,-1.1847253247415684e-05,0.001195403136586144,5.516116282742467,-58.044760678998806,-420.2915892940474
3125.27219641861,-1.1748501694368898e-05,0.0011704136741266548,5.518621593387883,-56.518095404640924,-421.75959292505166
3127.3901539285125,-1.1638082660227344e-05,0.0011456457188751578,5.521074211985037,-54.98779563105344,-423.22380756579
3128.0064678065523,-1.160375923500404e-05,0.0011384835331157937,5.521778080207998,-54.54181663060712,-423.6491844491812
3128.622781684592,-1.1568451122885028e-05,0.0011313428004173466,5.5224775427827035,-54.095539218448295,-424.0742482911412
3130.7407391944953,-1.1439615022240594e-05,0.0011069757121249873,5.524847824218744,-52.559665124782654,-425.53261468772365
3132.858696704398,-1.129924864974259e-05,0.0010828937035324655,5.527166799090484,-51.02037586874161,-426.987376085428
3133.475010582438,-1.1256253689721186e-05,0.001075943023967242,5.527832057288983,-50.571821681665796,-427.41003659480225
3134.0913244604776,-1.1212300886490082e-05,0.001069019122799654,5.528493041782225,-50.12298726345287,-427.8323995471278
3136.2092819703807,-1.1054001319397011e-05,0.0010454376349713036,5.5307321453310285,-48.57846342611227,-429.28160213200204
3138.3272394802834,-1.0884671270454684e-05,0.0010222030999458267,5.532921671706235,-47.03073433164535,-430.72738115887785
3138.9435533583232,-1.0833364812657401e-05,0.00101551050064682,5.533549604750405,-46.57976307534814,-431.147461739204
3139.559867236363,-1.0781160558117797e-05,0.0010088497705974967,5.534173424598545,-46.128528929440556,-431.5672599574163
3141.677824746266,-1.0595024020863948e-05,0.000986211064766995,5.536286080172451,-44.57588931004533,-433.0077641906374
3143.795782256169,-1.0398799465700697e-05,0.0009639772712100821,5.53835121672282,-43.02024396629771,-434.44502202935746
3144.412096134209,-1.0339869865888146e-05,0.0009575864826764838,5.538943357221931,-42.56700600415513,-434.86265598456873
3145.028410012249,-1.0280143317650348e-05,0.0009512322160994354,5.539531571774905,-42.11352157919681,-435.2800223399754
3147.146367522152,-1.0068984497309443e-05,0.0009296813941348099,5.5415233387763,-40.55327266725274,-436.7122813122009
3149.264325032055,-9.849168694269633e-06,0.0009085869651402666,5.543469945362927,-38.99020635133817,-438.14146513128725
3149.8806389100946,-9.783670824232556e-06,0.0009025369605432724,5.544028052972717,-38.53484365706612,-438.5567813846006
3150.4969527881344,-9.717517392765608e-06,0.0008965274681427138,5.544582445622374,-38.07924994667419,-438.97184423420725
3152.6149102980376,-9.485422077877782e-06,0.0008761907734562459,5.546459628558806,-36.51186869485318,-440.39629452085114
3154.7328678079402,-9.246585809403144e-06,0.0008563527853115939,5.548294267359628,-34.94184645056363,-441.81783347432327
3155.34918168598,-9.175938408878315e-06,0.0008506757639389115,5.548820297252206,-34.484492078525975,-442.2309554351483
3155.96549556402,-9.104816542944889e-06,0.0008450423605406402,5.5493428426696125,-34.02692110561672,-442.6438375036961
3158.083453073923,-8.857083398791972e-06,0.0008260203116703616,5.551112369107711,-32.452853270471756,-444.06089544726433
3160.2014105838257,-8.60493977852679e-06,0.0008075276216736951,5.552842168234348,-30.876308436512577,-445.475197168769
3160.817724461866,-8.53087759518518e-06,0.0008022471241911644,5.553338228777442,-30.417086131060504,-445.88624175594055
3161.434038339906,-8.456550077135221e-06,0.0007970122774246328,5.553831049453368,-29.957660574803885,-446.29705917975065
3163.551995849809,-8.19944453588859e-06,0.0007793736113283455,5.555500312169398,-28.377319574791198,-447.7071177698547
3165.6699533597116,-7.940516530257997e-06,0.0007622814137950426,5.557132795638698,-26.79465287006208,-449.1145655263149
3166.2862672377514,-7.864974035952057e-06,0.0007574108794038333,5.5576010968168,-26.333676843994468,-449.5236423943619
3166.9025811157912,-7.789388002572354e-06,0.0007525868401789726,5.558066410631985,-25.87250983880207,-449.9325039729297
3169.0205386256944,-7.529656521934514e-06,0.0007363644315561149,5.55964308144715,-24.2862762244931,-451.33593047477234
3171.138496135597,-7.270684686843795e-06,0.000720691318724736,5.5611859755827115,-22.697855473147314,-452.7368811161166
3171.754810013637,-7.195605083828833e-06,0.0007162334766941938,5.561628771611489,-22.235230376597016,-453.14409212101845
3172.3711238916767,-7.120687884484062e-06,0.0007118217912135671,5.562068834128008,-21.772425503025097,-453.5510988111029
3174.48908140158,-6.8647951116863386e-06,0.0006970119903699689,5.563560664075874,-20.180647095704852,-454.94823324724916
3176.6070389114825,-6.611896886667927e-06,0.0006827409883837679,5.565021698071362,-18.586807626321452,-456.3430160305108
3177.2233527895223,-6.5389760525093585e-06,0.0006786885021414054,5.565441229952958,-18.122628711374077,-456.7484549520052
3177.839666667562,-6.4663826033611885e-06,0.0006746808092190272,5.565858277414297,-17.6582801819863,-457.1536996184987
3179.9576241774653,-6.219652408795212e-06,0.0006612473813438671,5.567272905617216,-16.061272872231015,-458.54485412980523
3182.075581687368,-5.9775324329644485e-06,0.000648331635413511,5.568659630604859,-14.462318551615722,-459.933770404893
3182.6918955654082,-5.90801246297308e-06,0.0006446690637876682,5.569058075922676,-13.996672014987924,-460.3375229139068
3183.308209443448,-5.838924781874511e-06,0.0006410491792546652,5.569454276278392,-13.530865034764405,-460.74109032260225
3185.426166953351,-5.604949041061718e-06,0.0006289313263052617,5.570799072213339,-11.92891414955499,-462.12654933009156
3187.544124463254,-5.376448217052439e-06,0.0006173032262126671,5.572118721688494,-10.325118928892921,-463.5098729691654
3188.1604383412937,-5.3110104804895405e-06,0.0006140098435842028,5.5724981577376775,-9.858082391700956,-463.91201679891685
3188.7767522193335,-5.246046271507129e-06,0.0006107566418674157,5.572875575509518,-9.390893649867364,-464.3139838068186
3190.8947097292366,-5.026446510521486e-06,0.0005998792748850189,5.574157532179024,-7.784255725069684,-465.6940048015187
3193.0126672391393,-4.812425525265164e-06,0.000589461103060598,5.575416937325352,-6.175865516348489,-467.0719831719569
3193.628981117179,-4.751180500102294e-06,0.0005865140314491277,5.575779320748404,-5.707508585232546,-467.4725884303502
3194.245294995219,-4.690387793994354e-06,0.0005836045831802852,5.576139898580079,-5.239006821783978,-467.8730243095657
3196.363252505122,-4.484871843687472e-06,0.0005738890622514573,5.577365583871498,-3.6279115794013608,-469.2478390405941
3198.4812100150248,-4.284365051320805e-06,0.0005646035107811472,5.578571147430919,-2.0151462565107634,-470.620694281
3199.097523893065,-4.226911783839671e-06,0.0005619807088179827,5.578918310774592,-1.54553110605687,-471.0198238331335
3199.713837771105,-4.169840092557432e-06,0.00055939323026879,5.579263867804675,-1.0757776929931315,-471.41879065686123
3201.831795281008,-3.976490722769091e-06,0.0005507671320608764,5.580439432500591,0.5395699807719448,-472.78860647171905
3203.9497527909107,-3.7870680964747467e-06,0.0005425463812648041,5.581597156741319,2.1565146539627076,-474.15653682808016
3204.5660666689505,-3.7326142341885023e-06,0.0005402291343235052,5.581930820134605,2.6273327333102396,-474.55424667947625
3205.1823805469903,-3.678435304125604e-06,0.000537945404032635,5.582263065176496,3.098283250937708,-474.9517997014549
3207.3003380568935,-3.4941696423133596e-06,0.0005303502164875934,5.583394299137097,4.717701507335647,-476.31680081004373
3209.418295566796,-3.3124463028706523e-06,0.0005231426035194263,5.5845098572464344,6.3386521877302675,-477.67998181783156
3210.034609444836,-3.2599622543874424e-06,0.0005211172562798053,5.584831651720813,6.8106243213555215,-478.0763214392759
3210.6509233228758,-3.2076320371333705e-06,0.0005191242508662284,5.585152207614603,7.28272376816337,-478.47250940916604
3212.768880832779,-3.02877247967541e-06,0.0005125202241301159,5.586244630540985,8.906052314625093,-479.8328578870654
3214.8868383426816,-2.851007303779184e-06,0.0005062938554101152,5.587323466351159,10.53085674627926,-481.19144323737214
3215.5031522207214,-2.799406674232933e-06,0.000504552622007279,5.587634964167471,11.003940116548735,-481.5864557888667
3216.119466098761,-2.7478426373936206e-06,0.0005028432167300708,5.587945398569607,11.477146341273324,-481.98132116322336
3218.2374236086644,-2.5707419411778585e-06,0.0004972109181876462,5.589004368417658,13.104245358262615,-483.337157572908
3220.355381118567,-2.3934686222041404e-06,0.0004919538941986136,5.590051806704488,14.73277145144979,-484.6912795692736
3220.9716949966073,-2.3417895035261886e-06,0.0004904946719569998,5.590354553399139,15.20692906030629,-485.0850020014172
3221.588008874647,-2.2900561004791215e-06,0.0004890673420560472,5.5906564106799355,15.681205711864477,-485.4785810310707
3223.7059663845503,-2.1117211060265068e-06,0.0004844057718393517,5.591687231169923,17.311955185584598,-486.8300246146483
3225.823923894453,-1.932356793604295e-06,0.000480122997589297,5.592708579789138,18.944090501148107,-488.17979420475825
3226.4402377724928,-1.8799371785774941e-06,0.00047894819833277125,5.593004122489417,19.41929104726854,-488.57225723876627
3227.0565516505326,-1.8274145169772043e-06,0.0004778057449248058,5.593298951299755,19.894607463452168,-488.9645799364269
3229.1745091604357,-1.6460745703055033e-06,0.0004741271675159647,5.594306960003518,21.528906887607,-490.31172841295563
3231.2924666703384,-1.463452672400986e-06,0.0004708340179681424,5.5953075857965455,23.164558455694028,-491.65723485872024
3231.908780548378,-1.4100753766454837e-06,0.0004699485164675223,5.595597492666388,23.64077630116577,-492.0484628692042
3232.525094426418,-1.356604896614243e-06,0.0004690959260370244,5.595886864099118,24.117107483000314,-492.43955288388514
3234.643051936321,-1.172172381940139e-06,0.0004664178647712419,5.596877484237362,25.754875822585287,-493.78248196129226
3236.761009446224,-9.869474899543002e-07,0.0004641312628457223,5.597862846902758,27.393970167731425,-495.12379228494393
3237.3773233242637,-9.329487583819013e-07,0.0004635396453087326,5.598148713353583,27.871185353273404,-495.5138031304543
3237.9936372023035,-8.789316503243843e-07,0.00046298127498811816,5.598434225449771,28.348511982489878,-495.903677575845
3240.1115947122066,-6.933033988364375e-07,0.00046131640015270847,5.59941296775484,29.9896877419571,-497.2424403549784
3242.2295522221093,-5.081775905235594e-07,0.0004600441459899394,5.600388599702693,31.632170940954396,-498.579598760836
3242.8458661001496,-4.5449544458275384e-07,0.0004597475227844183,5.6006720382274,32.11036919652423,-498.9684036240424
3243.4621799781894,-4.0093851553208095e-07,0.00045948388460211926,5.600955303851001,32.58867764192253,-499.3570729242526
3245.5801374880925,-2.180882586501813e-07,0.00045882880228524165,5.601927709605855,34.23321884413026,-500.69169942386213
3247.698094997995,-3.7809643881996443e-08,0.00045855826572875055,5.602899135149983,35.879056414202395,-502.0247269385842
3248.314408876035,1.403285709286701e-08,0.0004585509913867087,5.60318174729976,36.35822910484361,-502.4123302488688
3248.930722754075,6.554734610840446e-08,0.00045857548726672764,5.603464364114365,36.837511357011806,-502.79979807507385
3251.048680263978,2.397334348507863e-07,0.00045889970368367906,5.604435886722367,38.48539522305716,-504.1302951348694
3253.1666377738807,4.086471480176411e-07,0.00045958725550167994,5.60540848077143,40.13457163043209,-505.4591897267537
3253.7829516519205,4.566467199828272e-07,0.0004598539749823981,5.605691811880073,40.614715576819975,-505.84558924101736
3254.3992655299603,5.040710632048484e-07,0.00046015000924720667,5.6059753152921905,41.094969051104755,-506.23185261455933
3256.5172230398634,6.622610926490456e-07,0.0004613866023459777,5.606951145411396,42.74619117915934,-507.5582044324659
3258.635180549766,8.121103060111635e-07,0.0004629494024585716,5.607929940028536,44.398708776771116,-508.8829418562445
3259.2514944278064,8.53974105178465e-07,0.0004634629080659284,5.608215419772606,44.879825897427324,-509.26812896703393
3259.867808305846,8.949992815020381e-07,0.0004640018642541038,5.608501222222456,45.36105305351516,-509.6531785966475
3261.9857658157493,1.0291670760693104e-06,0.0004660415372126227,5.609486070413162,47.015625931455475,-510.97534811976703
3264.103723325652,1.15188044901221e-06,0.0004683532418700815,5.610475526620315,48.67150318295396,-512.2958836818203
3264.720037203692,1.185269344252867e-06,0.00046907355252421646,5.6107644010811235,49.153599921413864,-512.6798440040559
3265.3363510817317,1.2175638837876796e-06,0.0004698140189754543,5.611053723584589,49.63580766513243,-513.063664905855
3267.454308591635,1.3198070382423992e-06,0.0004725035686904915,5.612051582347532,51.29375841803715,-514.3815962201164
3269.5722661015375,1.407728006360822e-06,0.00047539449817128723,5.613055350719381,52.953027340555956,-515.6978675725524
3270.1885799795773,1.4304744216714358e-06,0.000476269217799697,5.613348612962111,53.43611386401722,-516.0805818331338
3270.804893857617,1.4519035304335141e-06,0.00047715748004582793,5.613642415945978,53.91931272064379,-516.463154254368
3272.9228513675203,1.5151584735709978e-06,0.00048030248262590023,5.61465632518047,55.58068007764781,-517.7767760196735
3275.040808877423,1.56171646300223e-06,0.0004835637747685814,5.615677018544967,57.243382919933985,-519.0887069914921
3275.6571227554628,1.5720142692934727e-06,0.0004845295633897843,5.615975344282166,57.727472100081926,-519.4701522170677
3276.2734366335026,1.5808214735523778e-06,0.00048550118990364934,5.616274264183006,58.211675172391594,-519.8514528558416
3278.3913941434057,1.5994712589729163e-06,0.0004888722943073913,5.617306101463836,59.8765057171727,-521.1606827368142
3280.5093516533084,1.5997525995723804e-06,0.0004922634463713954,5.618345099830594,61.54269096500261,-522.4681881179913
3281.1256655313487,1.596314173950568e-06,0.0004932484379921015,5.618648793788716,62.02779717267811,-522.8483390902343
3281.7419794093885,1.5912803747613556e-06,0.0004942307956172924,5.618953090933949,62.513018917531326,-523.2283425778346
3283.8599369192916,1.5616710601218974e-06,0.0004975730857674037,5.6200034048227385,64.18136275421166,-524.5330925355833
3285.9778944291943,1.5129023516211705e-06,0.0005008323752561538,5.6210607096441105,65.85108061776192,-525.8360836498057
3286.594208307234,1.495095623191111e-06,0.0005017593991071038,5.62136966741106,66.33721838052838,-526.214914575055
3287.210522185274,1.4756684085467798e-06,0.0005026749563727903,5.621679189871691,66.82347325480742,-526.593595165397
3289.328479695177,1.396541138688237e-06,0.0005057199055255912,5.622747091723036,68.49537927666444,-527.8937774022518
3291.4464372050797,1.2984884891011412e-06,0.0005085772249078949,5.623821243951361,70.16867686580004,-529.1921682344464
3292.0627510831196,1.2664443546377733e-06,0.0005093676956599161,5.624134933329974,70.65585945159808,-529.5696545550144
3292.6790649611594,1.2328475252792615e-06,0.0005101379797473125,5.624449100686565,71.14316049207646,-529.9469879464732
3294.7970224710625,1.1056838000888986e-06,0.000512617533737298,5.625532227863959,72.81867148509616,-531.2425212318424
3296.914979980965,9.609616567473717e-07,0.0005148091663687362,5.626620301728739,74.49558791899094,-532.5362348164131
3297.5312938590055,9.156592152880828e-07,0.0005153875028837674,5.6269377668769165,74.98382592005264,-532.9123550740056
3298.1476077370453,8.689695820145923e-07,0.0005159375680793809,5.627255577091805,75.47218333240424,-533.2883202723564
3300.2655652469484,6.982373329111268e-07,0.000517599853373449,5.628350137887889,77.15133117945645,-534.5791363233405
3302.383522756851,5.125106382461283e-07,0.0005188846562190535,5.629447819587697,78.83189290633544,-535.8681110483279
3302.999836634891,4.5582470793161505e-07,0.0005191830664490243,5.629767710405064,79.32119290523818,-536.2428486960135
3303.6161505129307,3.980205570443939e-07,0.0005194463082998814,5.630087772158946,79.8106127447136,-536.6174298135456
3305.734108022834,1.9129884776602658e-07,0.0005200723660824478,5.631188679723443,81.49341401828065,-537.9034793598018
3307.8520655327366,-2.6647182955935717e-08,0.00052024870975044,5.632290437014024,83.1776306383991,-539.1876748026613
3308.4683794107764,-9.19342148055539e-08,0.0005202121421915806,5.632611065251957,83.66799404224203,-539.561019851262
3309.084693288816,-1.5797166173510598e-07,0.0005201352526326397,5.6329316570965595,84.15847707220638,-539.9342077270103
3311.2026507987193,-3.900203649928562e-07,0.0005195560540606121,5.634032756023655,85.84492931278986,-541.2154658581468
3313.320608308622,-6.283770823900103e-07,0.0005184787061418968,5.635132100703204,87.53279020144932,-542.4948677436686
3313.936922186662,-6.986198720791648e-07,0.0005180697170184966,5.635451523049437,88.02421233013092,-542.8668181223401
3314.5532360647017,-7.691523969277382e-07,0.0005176175231689426,5.635770679470435,88.5157531441517,-543.2386116428723
3316.671193574605,-1.0130010196220551e-06,0.0005157303295887123,5.636865064119622,90.2058321158171,-544.5150820224791
3318.7891510845075,-1.257240732086929e-06,0.0005133262608310083,5.637954904413156,91.89730413119946,-545.7897058871929
3319.4054649625477,-1.3280339834492065e-06,0.0005125294835298049,5.638271031263715,92.38977364103143,-546.1602683977962
3320.0217788405876,-1.3985826427867536e-06,0.0005116893490148168,5.6385866541707905,92.8823601288826,-546.5306753985997
3322.1397363504907,-1.6382933497423799e-06,0.0005084722539366705,5.639667072068411,94.57601832057397,-547.8023929373018
3324.2576938603934,-1.8717267600229136e-06,0.0005047541092903405,5.640740145694498,96.27104485100885,-549.0722861033968
3324.874007738433,-1.9380905549103977e-06,0.0005035799417298962,5.641050872420547,96.7645435646889,-549.4414768557949
3325.490321616473,-2.0036252351466874e-06,0.0005023653379938185,5.641360864632634,97.25815679175895,-549.8105144918277
3327.608279126376,-2.221585201199605e-06,0.0004978885778761802,5.6424201912644,98.9553233904124,-551.0775461089946
3329.726236636279,-2.4262189489241734e-06,0.0004929642999936752,5.643469562396645,100.65382494467767,-552.3427876211309
3330.3425505143186,-2.4828694836082284e-06,0.0004914513510810194,5.643772917609046,101.14832814215546,-552.7106318538092
3330.9588643923585,-2.5380960722734384e-06,0.0004899041313987556,5.644075332552216,101.64294269449721,-553.0783263462839
3333.0768219022616,-2.716081679717806e-06,0.0004843364954913278,5.645107095427419,103.34352519075347,-554.3407695233122
3335.1947794121643,-2.8738215930100003e-06,0.00047841333338994457,5.6461266897916484,105.04540166020442,-555.601467790881
3335.8110932902046,-2.9155510522404265e-06,0.00047662909624504346,5.646420992394164,105.54087886134253,-555.9679990103821
3336.4274071682444,-2.9552981525728636e-06,0.0004748199324230658,5.646714191473013,106.0364636841084,-556.3343847073971
3338.5453646781475,-3.07591114773341e-06,0.00046842835520686225,5.647713111527615,107.7403511805151,-557.5923636519667
3340.66332218805,-3.17015137294505e-06,0.0004618092529948512,5.648698253549111,109.44548580012223,-558.8486516743892
3341.27963606609,-3.1923166266448795e-06,0.00045984840584233473,5.648982267272551,109.94190203835498,-559.2139100899724
3341.89594994413,-3.212041709464231e-06,0.00045787478464714396,5.649265073242952,110.4384217626994,-559.5790278231791
3344.013907454033,-3.2605307629060004e-06,0.00045101500632704797,5.6502275805642785,112.14548993446343,-560.8326872301641
3346.1318649639356,-3.2780753883464505e-06,0.000444085299743904,5.651175485114047,113.85375483802358,-562.084715469761
3346.7481788419755,-3.2771708524982534e-06,0.00044206505970668085,5.6514485559034044,114.3510723835653,-562.448745758042
3347.3644927200153,-3.2735281128446227e-06,0.00044004629021147544,5.651720387289959,114.84848909545897,-562.8126405376072
3349.4824502299184,-3.2397210808065396e-06,0.0004331430197915479,5.652645057356262,116.558606602959,-564.0621371521374
3351.600407739821,-3.1726108415824996e-06,0.00042634661861789424,5.653555219761392,118.26986970662823,-565.3100643571468
3352.216721617861,-3.146765963804894e-06,0.0004243990952868711,5.653817379373828,118.76805014930123,-565.6729128636973
3352.8330354959007,-3.118093709609551e-06,0.00042246836259131457,5.654078349289311,119.2663255047479,-566.0356310269981
3354.950993005804,-2.9979261599308124e-06,0.00041598580056790733,5.654966203344447,120.9793614867271,-567.2811234718713
3357.0689505157065,-2.8447442555649385e-06,0.00040979270980901053,5.655840634152574,122.69349426648208,-568.5251060097435
3357.685264393747,-2.7940624315781697e-06,0.00040805495795646056,5.656092655236716,123.19250082044584,-568.8868175683762
3358.3015782717866,-2.74069686569524e-06,0.0004063491755130148,5.656343620306562,123.69159836465585,-569.248403570651
3360.41953578169,-2.5371486596999442e-06,0.0004007547753804601,5.657198244569941,125.4074304885265,-570.490041139585
3362.5374932915925,-2.3037196885534614e-06,0.0003956231247948968,5.658041510173481,127.12431608134258,-571.7302216183502
3363.1538071696323,-2.2304336125697375e-06,0.000394225842049445,5.658284902803431,127.6241159381828,-572.0908362271789
3363.770121047672,-2.154849361852374e-06,0.00039287425850919894,5.6585274527458,128.1240034521272,-572.4513293183953
3365.888078557575,-1.87825921965311e-06,0.0003885990542338845,5.659354908511513,129.84252589422067,-573.6892406100717
3368.006036067478,-1.5777140864679808e-06,0.00038493502395393485,5.660173956796496,131.5620668707277,-574.9257367082656
3368.6223499455177,-1.4861598417600378e-06,0.00038399088974393165,5.660410901751709,132.06263340761438,-575.2852863371602
3369.2386638235575,-1.3929163886254281e-06,0.00038310345289712966,5.66064728552038,132.56328508747904,-575.6447174021837
3371.3566213334607,-1.060639541506679e-06,0.0003805024437295018,5.661455800825499,134.2844157687189,-576.8789997617738
3373.4745788433634,-7.128067815598776e-07,0.0003786216561867943,5.662259570003112,136.00654089988967,-578.1118942459575
3374.0908927214036,-6.091927198732318e-07,0.0003782143670899389,5.662492789686776,136.5078555463748,-578.4704000607096
3374.7072065994435,-5.046858093820949e-07,0.0003778709076357113,5.662725779722791,137.009253820213,-578.8287889076545
3376.8251641093466,-1.4004870301301182e-07,0.00037718721400673634,5.663525232938108,138.73294023321805,-580.059499646985
3378.9431216192493,2.2987733532206634e-07,0.00037728140714217315,5.66432406188492,140.4576096074677,-581.2888325251339
3379.559435497289,3.379102004572005e-07,0.0003774565388642197,5.664556635741929,140.95966318880212,-581.6463027979569
3380.175749375329,4.459191306401669e-07,0.00037769791332017353,5.6647893378947805,141.46179999104402,-582.0036561608397
3382.293706885232,8.154223568689389e-07,0.00037903469430362554,5.665590564633599,143.1880230267761,-583.2308064401357
3384.4116643951347,1.1789926287148338e-06,0.00038114778454735615,5.666395444712751,144.9152309712592,-584.4565700734711
3385.0279782731745,1.2830462559758817e-06,0.0003819066985101621,5.66663058242582,145.41802437933498,-584.8129990057129
3385.6442921512144,1.3861242053346748e-06,0.00038272911459144175,5.666866205566303,145.92090173927463,-585.1693094805148
3387.7622496611175,1.731415932120407e-06,0.00038603351866082586,5.667680182960285,147.64967706070718,-586.3928615477314
3389.88020717102,2.059736802237943e-06,0.00039005126415939795,5.668501914355094,149.3794524875741,-587.6149993168987
3390.49652104906,2.1515008471512706e-06,0.0003913492411934692,5.668742706829457,149.88299658446985,-587.9703669263341
3391.1128349271,2.2414008794334866e-06,0.0003927029082968474,5.668984312853915,150.3866264410333,-588.325612982774
3393.230792437003,2.5347556614845798e-06,0.00039776548326706174,5.669821297432943,152.11800316246433,-589.5454811769143
3395.3487499469056,2.8013299456020315e-06,0.00040342101122262797,5.670669632255257,153.85040719725313,-590.7638899729399
3395.965063824946,2.8733763125951515e-06,0.00040516998031624044,5.670918805108568,154.35472192938823,-591.1181630973027
3396.5813777029857,2.942807799609925e-06,0.0004069623152271796,5.6711690642290975,154.8591251590251,-591.4723102057586
3398.699335212889,3.1603481363562584e-06,0.0004134315306286403,5.672037769026236,156.59318185490423,-592.6883657641114
3400.8172927227915,3.343310288668343e-06,0.00042032486965731857,5.672920624484622,158.32830287570096,-593.9029021989916
3401.4336066008314,3.389689652726949e-06,0.00042239995365306917,5.673180317379312,158.8334156552827,-594.2560365584649
3402.049920478871,3.4328993690774276e-06,0.0004245024888340196,5.673441291560008,159.3386203779105,-594.6090393633302
3404.1678779887743,3.556414042241039e-06,0.0004319110540270988,5.674348176581532,161.07545870516262,-595.8211187120534
3406.285835498677,3.640093475482484e-06,0.00043953903337701184,5.675270984984269,162.813405163732,-597.0316086071759
3406.902149376717,3.6567463652181826e-06,0.00044178784466251774,5.675542574752435,163.31934864057115,-597.3835517763072
3407.5184632547566,3.669902140515836e-06,0.00044404576921189715,5.675815546598262,163.82538793296112,-597.7353571574253
3409.6364207646598,3.6880175151917808e-06,0.0004518451094819206,5.676764277133447,165.5651243563724,-598.9432730783503
3411.7543782745624,3.6638676000984332e-06,0.00045963805930184567,5.677729519572574,167.30601593291783,-600.1495235359358
3412.3706921526027,3.648846515549889e-06,0.00046189172355115917,5.678013499354356,167.81282532739712,-600.5002186081601
3412.9870060306425,3.63024567519906e-06,0.0004641350398229943,5.678298858045452,168.319734518979,-600.8507694074618
3415.1049635405457,3.5389778699328696e-06,0.00047173447596518444,5.6792899659131075,170.062490769588,-602.0543242733634
3417.2229210504483,3.405892124334387e-06,0.00047909632646341054,5.680296917465455,171.80644852807652,-603.2561374674763
3417.839234928488,3.3594126570953603e-06,0.000481181252305936,5.680592838613009,172.31415872491118,-603.6055271522517
3418.455548806528,3.309506559492204e-06,0.0004832365688409947,5.680890029030946,172.82197247771535,-603.9547663021777
3420.573506316431,3.1122050400495e-06,0.0004900438518976288,5.681920793302341,174.56786544999457,-605.1537664531858
3422.691463826334,2.876223411516278e-06,0.0004963922973056776,5.682965489210683,176.31500171199187,-606.3509541876489
3423.3077777043736,2.8005305745194403e-06,0.0004981417220750122,5.683271967386579,176.82364432460793,-606.6989850598779
3423.9240915824134,2.7217777722241505e-06,0.0004998437135736732,5.683579503263997,177.33239370715464,-607.0468598323811
3426.0420490923166,2.428451828864278e-06,0.0005053035691806239,5.684644048748984,179.0815255125874,-608.2411301243902
3428.1600066022193,2.1018567972513367e-06,0.0005101069416453292,5.6857194627744505,180.83193415465144,-609.4335281930573
3428.776320480259,2.000924602787331e-06,0.0005113712777158261,5.686034244345516,181.34153476161885,-609.7801548166651
3429.392634358299,1.8974678511478032e-06,0.0005125728431218646,5.6863497809524235,181.85124451611262,-610.1266209163111
3431.510591868202,1.5235867555108848e-06,0.0005162002730910961,5.6874393744648675,183.60369335896831,-611.316018508153
3433.6285493781047,1.1236098318151778e-06,0.0005190082038585052,5.688535782887607,185.35744116301777,-612.5034999588796
3434.244863256145,1.0027558614697893e-06,0.0005196634364633283,5.68885586276804,185.8680168916405,-612.8486886311151
3434.861177134185,8.800447637092307e-07,0.0005202438662057482,5.689176319858503,186.37870306569718,-613.1937138828259
3436.979134644088,4.4526596088329355e-07,0.0005216504462265634,5.690279829613007,188.13451549705923,-614.378140438963
3439.0970921539906,-7.10027557792729e-09,0.0005221175584982126,5.691385323567836,189.89163505708757,-615.560626974285
3439.7134060320304,-1.4153632909534256e-07,0.0005220716764078546,5.691707103458511,190.40319265025497,-615.904358878785
3440.3297199100703,-2.770652887157651e-07,0.0005219428864371063,5.692028827427418,190.91486072467424,-616.247926303233
3442.4476774199734,-7.499145131366149e-07,0.000520856761251635,5.693133308365337,192.6740456913147,-617.4273379390607
3444.565634929876,-1.2308353241551055e-06,0.0005187606138615237,5.694234419344201,194.43453024040173,-618.6048088376896
3445.181948807916,-1.3717453415072884e-06,0.0005179584757543484,5.694553896673733,194.94706470311857,-618.9470824373376
3445.7982626859557,-1.512908252618889e-06,0.0005170697211003264,5.694872852463713,195.45970830806667,-619.2891925493784
3447.916220195859,-1.9986154381565517e-06,0.000513350705111653,5.695964226957089,197.22223328390172,-620.4636069852259
3450.0341777057615,-2.4821299302218234e-06,0.0005086053039575594,5.697046637812532,198.9860336864681,-621.636105056273
3450.6504915838013,-2.6218310456851623e-06,0.0005070322925265902,5.697359617843886,199.49952757590356,-621.9769375917797
3451.266805461841,-2.7608931411770436e-06,0.0005053737001157768,5.697671603275041,200.01312785616327,-622.3176097912981
3453.3847629717443,-3.2324946602843414e-06,0.0004990245386922637,5.698735413535564,201.77891724186279,-623.4871102910256
3455.502720481647,-3.691115343448575e-06,0.0004916902917191606,5.699784733357294,203.54594130397743,-624.6547444731233
3456.1190343596872,-3.821523548311744e-06,0.0004893749756086199,5.700087058495917,204.060364701847,-624.994172460888
3456.735348237727,-3.950363982161346e-06,0.00048698010090523526,5.700387935184873,204.5748903675228,-625.3334454124387
3458.85330574763,-4.379717779106566e-06,0.0004781544734089813,5.7014101481939266,206.3438262659695,-626.4981811713096
3460.971263257533,-4.785003761412847e-06,0.00046844498011846224,5.702412732903841,208.1139404464563,-627.6611254727575
3461.5875771355727,-4.897798985503154e-06,0.0004654608615522338,5.702700524060034,208.629251633492,-627.9992041193589
3462.2038910136125,-5.008084902608155e-06,0.00046240833066427876,5.702986459824072,209.14465971405218,-628.337135040591
3464.3218485235157,-5.366471533786051e-06,0.0004514156840795557,5.703954307432589,210.91658512960745,-629.4973177673363
3466.4398060334183,-5.689663540849486e-06,0.000439701260197106,5.7048981087358905,212.68961868010092,-630.6558063237258
3467.056119911458,-5.776486375211509e-06,0.00043616754444399943,5.7051680136297795,213.2057655172864,-630.9926077980535
3467.672433789498,-5.859866150453695e-06,0.00043258170256983876,5.705435731220824,213.7220028220535,-631.3292706007626
3469.790391299401,-6.11870183034998e-06,0.0004198885278299849,5.706338567234953,215.49672728281323,-632.4851671229421
3471.908348809304,-6.331498436823627e-06,0.0004066959045187157,5.707213990738886,217.27247879828724,-633.639485237581
3472.524662687344,-6.384185496450714e-06,0.0004027770969302777,5.7074634333231264,217.789400806197,-633.9750957685959
3473.140976565384,-6.432538229100661e-06,0.0003988274552968562,5.707710459543665,218.30640608111062,-634.3105780238031
3475.258934075287,-6.564270679971001e-06,0.00038505419289590245,5.708540612295843,220.0837136376253,-635.4624988451588
3477.3768915851897,-6.639810025714271e-06,0.000371061434065834,5.709341361421421,221.86195995219205,-636.6129699858436
3477.9932054632295,-6.6507006882794985e-06,0.0003669654614796689,5.7095687852242225,222.37959106580684,-636.9474857872694
3478.6095193412693,-6.656442950715447e-06,0.0003628646293226464,5.709793693039064,222.8972978220936,-637.2818845198951
3480.7274768511725,-6.635681693145755e-06,0.00034877705305524323,5.710547286524197,224.6769573251414,-638.4301683828492
3482.845434361075,-6.549770905419066e-06,0.0003348024402175558,5.711271162747246,226.4574646328085,-639.5771372445458
3483.461748239115,-6.512080147750343e-06,0.0003307769170136768,5.711476259054025,226.9757365921746,-639.9106593096661
3484.078062117155,-6.46855541976582e-06,0.0003267766326642117,5.711678893381922,227.4940765650654,-640.2440756713048
3486.196019627058,-6.273462270798365e-06,0.00031327034592861094,5.712356603092949,229.27585406081485,-641.3890703335982
3488.3139771369606,-6.0060690533790306e-06,0.00030025382242946817,5.71300622571141,231.05839106937793,-642.5328822455333
3488.9302910150004,-5.914344279759915e-06,0.00029658004690430803,5.713190135310925,231.57723738414438,-642.8655101069324
3489.5466048930402,-5.8162797724272235e-06,0.00029296489298705756,5.713371810968406,232.09614455672067,-643.1980430280047
3491.6645624029434,-5.430214175590251e-06,0.00028104151394519483,5.7139795128607345,233.87981755244542,-644.3400826524073
3493.782519912846,-4.967201521074183e-06,0.000270017290732806,5.714562913729795,235.66417038367496,-645.4810598109623
3494.3988337908863,-4.8178389752887555e-06,0.0002670015740352045,5.714728388705092,236.18353077992086,-645.812884421469
3495.015147668926,-4.6618769150095465e-06,0.00026407998432339305,5.714892046741635,236.7029458766303,-646.1446234064761
3497.1331051788293,-4.0752544806274445e-06,0.00025481372284974626,5.715441310226782,238.48831911793323,-647.2840031847452
3499.251062688732,-3.4103021663457455e-06,0.00024687285244516787,5.715972351724832,240.2743075434224,-648.4224184267991
3499.867376566772,-3.202120186133467e-06,0.0002448348567794017,5.716123861769972,240.79413276292243,-648.7535143876619
3500.4836904448116,-2.987386259834695e-06,0.00024292710386215264,5.716274168482601,241.31400807803652,-649.0845316878296
3502.6016479547147,-2.199669739735197e-06,0.00023742076673351887,5.716782538071974,243.10093033577922,-650.2214805681125
3504.7196054646174,-1.3362858413215814e-06,0.00023366290987038158,5.717281097076724,244.88842478312597,-651.357529654669
3505.3359193426572,-1.0711069961467279e-06,0.0002329208104634633,5.7174248633996,245.40868155797594,-651.6879470923521
3505.952233220697,-7.998004930722848e-07,0.00023234380818060337,5.7175682349814325,245.92898593607723,-652.0182895656853
3508.0701907306,1.7849876529491134e-07,0.0002316738229799414,5.718059241344786,247.71736712846342,-653.1529422150992
3510.188148240503,1.2250139560872824e-06,0.0002331480732636578,5.718551099407771,249.5063057094768,-654.2867158592675
3510.804462118543,1.5417977474451766e-06,0.00023400056130371656,5.718695038789352,250.026981679996,-654.6164723291032
3511.420775996583,1.863853611865671e-06,0.00023504952590510644,5.718839574203458,250.54770540987948,-654.9461533745908
3513.538733506486,3.0093257280486683e-06,0.00024020035227536487,5.719342415193456,252.33753318882282,-656.0785227704459
3515.656691016389,4.210136176941257e-06,0.000247835842035151,5.719858796620586,254.12793779933432,-657.2099799004196
3516.2730048944286,4.569084263168145e-06,0.0002505412488962258,5.720012358992776,254.64904608359635,-657.5390527686524
3516.8893187724684,4.931965414901375e-06,0.0002534685299326557,5.720167664614548,255.17020540720878,-657.8680447939057
3519.0072762823715,6.206770448279887e-06,0.0002652577639465426,5.720716501370911,256.96156013220764,-658.997997079556
3521.1252337922742,7.518123649638702e-06,0.00027978568458795876,5.72129320743494,258.7535504689572,-660.1269410572241
3521.741547670314,7.90537024669213e-06,0.0002845387567094079,5.72146709259515,259.27513353373655,-660.4552608771555
3522.357861548354,8.294698521555558e-06,0.0002895303885741035,5.721643984572305,259.7967744137688,-660.7834888216347
3524.475819058257,9.645448450023828e-06,0.00030852658412906727,5.7222768071149135,261.589841242582,-661.910722268147
3526.5937765681597,1.1007750727213969e-05,0.0003303958443308971,5.722952905306975,263.38364539999486,-663.0367819715707
3527.2100904461995,1.140478056789197e-05,0.00033730285262683653,5.723158647717095,263.9057778324267,-663.364227420657
3527.8264043242393,1.1801510095714619e-05,0.0003444535315087658,5.723368721426442,264.4279785730701,-663.6915639062045
3529.9443618341425,1.3158714334715315e-05,0.00037088934859315516,5.724125750674077,266.22305524151216,-664.8155939794005
3532.062319344045,1.449625985783088e-05,0.0004001788484255357,5.724941791848436,268.0190154160107,-665.938211796756
3532.6786332220854,1.487988357506343e-05,0.0004092319824727921,5.725191206842261,268.5418051606915,-666.2646067784091
3533.2949471001252,1.5260313913518832e-05,0.0004185194600326977,5.725446267370401,269.0646774439138,-666.590869494002
3535.4129046100284,1.6538637760644947e-05,0.00045220388330853735,5.72636787763899,270.8621762168082,-667.7110221338475
3537.530862119931,1.7760252123502583e-05,0.0004885356880374405,5.727363633605532,272.6607479922485,-668.8294510011099
3538.147175997971,1.8102876139112317e-05,0.0004995880865660548,5.72766812459897,273.18433561050125,-669.1545645349803
3538.7634898760107,1.84389492877475e-05,0.0005108483779106175,5.727979478688814,273.70802350599234,-669.4795164803893
3540.881447385914,1.953854399113488e-05,0.0005510831645133251,5.729103649045698,275.50846579811605,-670.5949317427841
3542.9994048958165,2.0539394197635645e-05,0.0005935422776515496,5.7303153904855675,277.3102095561928,-671.7082433699646
3543.6157187738563,2.080963768167974e-05,0.0006062854533531232,5.730685125297397,277.8347650956523,-672.0317928918968
3544.232032651896,2.1069608965638127e-05,0.0006191906611047907,5.731062743963547,278.3594416392242,-672.3551460993672
3546.3499901617993,2.1878748656246578e-05,0.0006646975362743165,5.732422078801663,280.1634439728868,-673.4647942672584
3548.467947671702,2.254354047712064e-05,0.0007117652736007553,5.733879448187653,281.96900720893996,-674.5719006144926
3549.084261549742,2.270727984792275e-05,0.0007257110561236975,5.734322423219049,282.49472435410524,-674.8935592748578
3549.700575427782,2.2856802558332914e-05,0.0007397519711773074,5.734773995097439,283.0205853780962,-675.2149825915216
3551.818532937685,2.325601923167212e-05,0.0007886182664489148,5.736392393266755,284.8288356984959,-676.3176947057673
3553.936490447588,2.3463749541524905e-05,0.0008381273056811038,5.738114968825316,286.6389254557265,-677.4173845613494
3554.5528043256277,2.3485614676277437e-05,0.0008525967167084341,5.7386359922965315,287.16601277093764,-677.7367930389034
3555.1691182036675,2.348929996237992e-05,0.0008670726357977036,5.739165900417937,287.6932678176422,-678.0559244759643
3557.2870757135706,2.3357139926929774e-05,0.0009167239356201791,5.741054996880578,289.50649174511886,-679.1504389320497
3559.4050332234733,2.298749504453851e-05,0.0009658438346955296,5.743048689944446,291.3218370153196,-680.2414310715502
3560.021347101513,2.2832857099346894e-05,0.0009799654866200483,5.743648329133333,291.8505062905066,-680.5582142975541
3560.637660979553,2.2656305430134205e-05,0.000993983848977185,5.7442565976598425,292.37936664454526,-680.8746783232581
3562.755618489456,2.1876739029370126e-05,0.00104119264726712,5.746412149898258,294.19828399144154,-681.9597046835954
3564.8735759993588,2.0818128424270814e-05,0.0010864548551600046,5.7486656269676635,296.01958874102394,-683.0407185045229
3565.4898898773986,2.045554728550128e-05,0.0010991754905857738,5.74933917871483,296.55004069685316,-683.354507503953
3566.1062037554384,2.0067856688941493e-05,0.001111663942517384,5.750020450506859,297.08070482271626,-683.6679374610451
3568.2241612653415,1.853925661341768e-05,0.0011526031769351272,5.752418891063596,298.9059775901244,-684.7422378909934
3570.342118775244,1.6698346360078447e-05,0.0011899741715000148,5.754900260489117,300.7338659882869,-685.8120815655539
3570.9584326532845,1.6102448978308358e-05,0.0012000837968630532,5.755636818193663,301.26627386798594,-686.1225403523869
3571.5747465313243,1.5479124739239275e-05,0.0012098171051236973,5.756379437924481,301.79891081030854,-686.4326059006818
3573.6927040412274,1.3124589771450779e-05,0.001240166604682645,5.758974861016545,303.63108481169945,-687.4950935929966
3575.81066155113,1.0437053338863691e-05,0.0012651766577476459,5.761628908698718,305.46604115208515,-688.5527686075495
3576.42697542917,9.591728123262201e-06,0.0012713503350123244,5.762410611489601,306.00053298707087,-688.8596257040025
3577.0432893072098,8.717916528201305e-06,0.001276994153651868,5.763195901236127,306.5352645471382,-689.1660648099515
3579.161246817113,5.4965601130703246e-06,0.0012921063914698393,5.765917791227349,308.3747076480217,-690.215917369904
3581.2792043270156,1.9386018057836614e-06,0.0013000394790236404,5.7686640857285365,310.2170142211637,-691.2607367849434
3581.8955182050554,8.403889492856339e-07,0.0013008971974870695,5.769465645148366,310.7536547627365,-691.5638204609497
3582.511832083095,-2.857340356622774e-07,0.0013010700209029173,5.7702674686332545,311.2905374608318,-691.8664749705254
3584.6297895929983,-4.367079249838004e-06,0.0012961990256218938,5.7730195065820595,313.1373780203387,-692.9032589737433
3586.747747102901,-8.767043541950636e-06,0.0012823465037595423,5.7757517167239865,314.9870546549591,-693.934974841364
3587.364060980941,-1.0105579245523153e-05,0.0012765316427878373,5.77654032167095,315.52582806979626,-694.2342505938739
3587.9803748589807,-1.1469439109557407e-05,0.001269885336392277,5.777325038169142,316.0648359949056,-694.5331038379511
3590.098332368884,-1.634481964464835e-05,0.001240479147237301,5.779985334681843,317.91890530043474,-695.5569046786184
3592.2162898787865,-2.1495106263857594e-05,0.0012004559895617062,5.782572106991276,319.77565431675544,-696.5758378551768
3592.8326037568268,-2.3042236850637374e-05,0.0011867317041523993,5.783307807353951,320.3164487157255,-696.8714459898476
3593.4489176348666,-2.4609778237760572e-05,0.0011720497957311365,5.784034715231205,320.85745831998327,-697.1666602078591
3595.5668751447697,-3.014389778882722e-05,0.0011141024750423592,5.786457808398946,322.7182405296542,-698.178209033526
3597.6848326546724,-3.58800552676799e-05,0.00104422017041648,5.788745532709221,324.58140038322864,-699.1853722636322
3598.301146532712,-3.7582288606660435e-05,0.0010215816060371481,5.789382194681492,325.12399508342156,-699.477662751269
3598.917460410752,-3.929744080331263e-05,0.0009978930714204717,5.790004556202302,325.6667727946847,-699.7696134292308
3601.035417920655,-4.527761987066654e-05,0.0009083471245733966,5.79202547779713,327.5333651641166,-700.7704006042525
3603.153375430558,-5.13555097106632e-05,0.0008060319389276966,5.793843222528742,329.40187518056484,-701.7676034561965
3603.7696893085977,-5.3135802422410526e-05,0.0007738305784452692,5.794330132807402,329.9459313231719,-702.0571645854393
3604.3860031866375,-5.4918815351187654e-05,0.0007405352402300827,5.794796855078976,330.49012456450174,-702.3464681636814
3606.5039606965406,-6.105014861882067e-05,0.0006177197096730077,5.796237502914532,332.3612097128579,-703.3388305941944
3608.6219182064433,-6.714260587077308e-05,0.0004819594446507147,5.79740432447602,334.2335872706427,-704.3287529015456
3609.2382320844836,-6.88997014557631e-05,0.00044003428345871566,5.79768849589821,334.77864211825795,-704.6164297310128
3609.8545459625234,-7.064661589676908e-05,0.00039703434128358087,5.79794651718321,335.3237740296171,-704.9039606400399
3611.9725034724265,-7.65513259978345e-05,0.00024111838191158392,5.79862447599413,337.1976050567224,-705.8911287668295
3614.090460982329,-8.224942496790533e-05,7.2915294235496e-05,5.798959199620145,339.0719357960807,-706.8773480263841
3614.706774860369,-8.385859865491485e-05,2.1723933190966808e-05,5.798988397448538,339.6174008489416,-707.1642463572541
3615.323088738409,-8.544218304445276e-05,-3.04454737572451e-05,5.798985793734995,340.1628688455974,-707.4511390911505
3617.441046248312,-9.066424408019675e-05,-0.00021700940057475267,5.798725621202231,342.0372677661605,-708.4372287729233
3619.5590037582147,-9.548424672651251e-05,-0.00041420765948743047,5.798059052667819,343.91120944299126,-709.424186828058
3620.1753176362545,-9.679979218976486e-05,-0.00047346662116575595,5.7977855182865055,344.45637261049177,-709.7116584775285
3620.7916315142943,-9.807222951977182e-05,-0.0005335166262742365,5.797475301511992,345.0014510509411,-709.9992905188026
3622.9095890241974,-0.00010208829477326556,-0.0007455916369255708,5.796122138577046,346.8738218335902,-710.9892257492791
3625.0275465341,-0.00010548526633163688,-0.0009655168960703423,5.794311496534248,348.7446238422077,-711.9821214077566
3625.64386041214,-0.00010634497453156213,-0.001030800400174447,5.793696293687827,349.2886564333023,-712.2717270676973
3626.2601742901797,-0.00010714259410445689,-0.0010965877953760723,5.793040820403488,349.8325042509901,-712.561679037278
3628.378131800083,-0.00010938010742389976,-0.001326030515525126,5.790475996877161,351.69986418041816,-713.561033806778
3630.4960893099856,-0.00011076899598023087,-0.0015593135182175395,5.78742115664097,353.5644078692404,-714.565631127262
3631.112403188026,-0.00011100086571105101,-0.0016276611017814037,5.786439005550049,354.1063781931908,-714.8590781308317
3631.7287170660657,-0.00011115109969895644,-0.00169611960786506,5.785414854196793,354.6480534274184,-715.1530686399764
3633.846674575969,-0.00011101422597583724,-0.0019315783078760675,5.781572946443552,356.50709062499794,-716.1678205487319
3635.9646320858715,-0.00010979891682431499,-0.0021656050749500194,5.777233863554904,358.3619601918426,-717.1901676260818
3636.5809459639113,-0.00010923019385995162,-0.002233108959075637,5.7758782621113705,358.9008570055801,-717.4892215809554
3637.197259841951,-0.00010856089462457359,-0.0023002249702763467,5.774481370398723,359.4393416425496,-717.789015966263
3639.3152173518542,-0.0001054645428584091,-0.0025271016085782064,5.769367934946345,361.2865118441885,-718.8252105827585
3641.433174861757,-0.00010107498107946551,-0.002746050823474392,5.763782379387018,363.12811098655357,-719.87127085021
3642.0494887397967,-9.954354183556801e-05,-0.002807881885737983,5.762070740936399,363.662881584007,-720.1776423361542
3642.6658026178366,-9.789460495704076e-05,-0.0028687275232565,5.760321524952242,364.19712165925563,-720.4849367608019
3644.7837601277397,-9.130629776020078e-05,-0.0030693475585369806,5.7540304911560325,366.0288024126635,-721.5482700980268
3646.9017176376424,-8.324317975674524e-05,-0.0032544520458005857,5.74733098328518,367.8535363496133,-722.6234771913914
3647.5180315156827,-8.061103567380754e-05,-0.003304953984641184,5.745309451251256,368.38314521388975,-722.938687453465
3648.1343453937225,-7.784813376541227e-05,-0.003353789636285296,5.743257559060007,368.91211215904974,-723.2549726305216
3650.2523029036256,-6.733676073620692e-05,-0.003507820259114415,5.735987031089291,370.72483530423017,-724.3503088994495
3652.3702604135283,-5.52224999584718e-05,-0.0036378908164246705,5.728415646004547,372.5293788623553,-725.459066137652
3652.986574291568,-5.1391006217723286e-05,-0.003670753091056205,5.726163182403941,373.0528927494781,-725.7842986275576
3653.602888169608,-4.74209314875285e-05,-0.0037012097355866784,5.723891472805435,373.57567173125483,-726.1107103304669
3655.720845679511,-3.2710508203029826e-05,-0.0037863594856156627,5.715956487646396,375.36645267832085,-727.2415619473502
3657.8388031894137,-1.634420018063829e-05,-0.0038385996374173145,5.707876009500169,377.148120107465,-728.3867167262382
3658.4551170674536,-1.1270202291848222e-05,-0.00384711654979623,5.705507304576865,377.6648234106268,-728.7226638704838
3659.0714309454934,-6.0570723198629665e-06,-0.0038524647664724193,5.703134593925009,378.1807321278857,-729.0598298261741
3661.1893884553965,1.2917421584401725e-05,-0.0038454843947213413,5.694975235035799,379.94750447885434,-730.2278341269671
3663.307345965299,3.350436920569891e-05,-0.0037966092968794384,5.686875025902231,381.7047232606761,-731.4101632595128
3663.923659843339,3.9792468322372515e-05,-0.003774027696161741,5.6845417484207985,382.2142629318367,-731.7568791030378
3664.539973721379,4.621124752090131e-05,-0.0037475351877388754,5.6822238437734365,382.7229994644388,-732.1047729303334
3666.657931231282,6.924989306936178e-05,-0.003625520777897055,5.674407050412331,384.46514444527344,-733.3092019839213
3668.7758887411846,9.374174094802601e-05,-0.0034531725853035504,5.66690198079345,386.19801277007866,-734.5269429209742
3669.392202619225,0.00010112932170002396,-0.0033931242217128915,5.664791891974234,386.7005648653274,-734.8837113372457
3670.0085164972647,0.00010862862792786543,-0.0033284970752514025,5.662720436293836,387.2023756914784,-735.2415229359224
3672.126474007168,0.00013521914052930787,-0.003070472664592336,5.655933906135281,388.92130821173924,-736.4788560819285
3674.2444315170706,0.00016297225764056128,-0.002754899504600577,5.649754803617932,390.6321855382087,-737.7273082729249
3674.8607453951104,0.00017124663354160997,-0.002651906525250623,5.648088299698334,391.1286262351651,-738.092532568261
3675.47705927315,0.00017960220023023935,-0.002543801826290983,5.646487001459026,391.6244761668049,-738.4585601735744
3677.5950167830533,0.00020888398800085418,-0.0021325322000281875,5.641523780588865,393.3242162134594,-739.7221319827104
3679.712974292956,0.00023889663273365215,-0.0016584710294573765,5.63749810622365,395.01826244371216,-740.99333216914
3680.329288170996,0.0002477394373970702,-0.0015085053009590574,5.636521838987635,395.5103164977506,-741.3644453593149
3680.9456020490356,0.0002566207823313792,-0.001353094930891697,5.63563974767874,396.0020324357622,-741.7360077128119
3683.063559558939,0.0002873651363136056,-0.0007770528532462943,5.6333724447496,397.6896572359267,-743.0157194073504
3685.1815170688415,0.0003182650355825738,-0.00013573082104303177,5.632394304549825,399.375204375205,-744.2981688545052
3685.7978309468817,0.00032725007737471044,6.319951872956972e-05,5.632371655060502,399.8655352059589,-744.6715563764125
3686.4141448249216,0.00033621906676135275,0.00026764127773689316,5.632473274437559,400.3558870788754,-745.044916038912
3688.5321023348247,0.0003668296973994796,0.0010122532393189133,5.633817316970302,402.04173225571543,-746.3269741318742
3690.6500598447274,0.00039688362202016606,0.0018211076760985912,5.636806447415436,403.73034915586965,-747.6053751721288
3691.266373722767,0.0004054814740618478,0.0020683777519043536,5.6380047920674174,404.2225488443285,-747.9762967994891
3691.882687600807,0.00041399774396245657,0.0023208968975546836,5.639356991067551,404.7152256046797,-748.346581213991
3694.00064511071,0.0004425361203568029,0.0032281930798809897,5.645222950943302,406.4126881630828,-749.6132171756637
3696.118602620613,0.0004696862699449931,0.004194462228117359,5.653072976700128,408.11878954348924,-750.86817661161
3696.7349164986526,0.00047727705530816415,0.004486296684374396,5.65574788628764,408.6172255185089,-751.2306766756273
3697.3512303766925,0.0004847118637820197,0.0047827340520559215,5.658603773755641,409.11666317146114,-751.5917870521656
3699.4691878865956,0.0005089531267736449,0.005835411397875366,5.669839533778351,410.841460898306,-752.8209332895656
3701.5871453964983,0.000530887084089198,0.0069369873210053095,5.6833566022456585,412.58132199551375,-754.0286280362302
3702.203459274538,0.0005367836887790051,0.0072660237402271625,5.687733362010054,413.09080189537434,-754.3754374189448
3702.819773152578,0.0005424444792294119,0.0075985932691097265,5.692313544913212,413.60182611898153,-754.7199514174221
3704.937730662481,0.000559972950058656,0.008766605939049089,5.709638000849402,415.37059431093127,-755.8849158753098
3707.0556881723837,0.0005742377110213252,0.009968286966007326,5.7294719120663435,417.16067164995553,-757.0168022678341
3707.672002050424,0.0005777226948940149,0.010323302066235801,5.7357250651566645,417.68590197161205,-757.3392642227348
3708.288315928464,0.0005808917718161602,0.010680340396552608,5.742197033820974,418.21316339806333,-757.6583684566508
3710.406273438367,0.00058924759934234,0.011920231792066282,5.7661282183362985,420.04133458614996,-758.7276643243596
3712.5242309482696,0.0005934182940439662,0.01317338850849262,5.792699487837235,421.8958785384169,-759.7504404159023
3713.1405448263095,0.0005937972824164089,0.013539270386084528,5.800931513158614,422.44072180765465,-760.0385314657069
3713.7568587043493,0.0005937871602051698,0.013905242709770666,5.8093883162309865,422.9879332652656,-760.3220595610362
3715.8748162142524,0.0005906720313106524,0.015160437740806826,5.84017034848814,424.88697036571085,-761.2596852450702
3717.992773724155,0.0005825828019826989,0.01640376759452251,5.873598265516958,426.8150691190161,-762.1358502081767
3718.609087602195,0.0005792566128158353,0.01676182979999499,5.8838189917704335,427.38165501186654,-762.3784044895536
3719.2254014802347,0.00057548444519256,0.01711768916781406,5.894258862133977,427.95069336862707,-762.6150919865395
3721.343358990138,0.0005590354808133975,0.018320093241842823,5.93179389852631,429.9249511547412,-763.3816630245034
3723.4613165000405,0.0005370817299696373,0.019481829656318048,5.971832509469684,431.9273813085162,-764.0710889597478
3724.077630378081,0.0005296397047032964,0.019810577251101413,5.983941429533916,432.5152012437169,-764.2563463882533
3724.6939442561206,0.0005217228136386081,0.02013458852885925,5.996250592690654,433.1052126286626,-764.4344211494505
3726.8119017660238,0.0004908585290484889,0.021207884324407032,6.040043982830571,435.1489785454676,-764.9895403288958
3728.9298592759264,0.00045436429592158543,0.022209848880727454,6.086035029594105,437.21552611599066,-765.4523822334281
3729.5461731539663,0.00044269410583237367,0.02248630599900037,6.099809297166582,437.8207252700812,-765.5689388113495
3730.162487032006,0.00043056027745109283,0.022755440057525955,6.113750806573623,438.42745601257553,-765.6771160142179
3732.280444541909,0.00038535776611949333,0.023620401790513702,6.162879711304068,440.52299640294086,-765.9831350199448
3734.398402051812,0.000334932152469683,0.024384095370770284,6.213733327410372,442.6311480640461,-766.1840728179403
3735.0147159298517,0.00031931625587626125,0.024585717327475064,6.228824644401314,443.24628632036666,-766.2221958823202
3735.6310298078915,0.0003032959003524005,0.024777619945181368,6.244036457211608,443.86191304918265,-766.2510233276214
3737.7489873177947,0.0002452661225693512,0.025359282217674948,6.297152854455016,445.97946673065013,-766.277865911253
3739.8669448276974,0.00018300541318666959,0.025813559419837248,6.351366289593494,448.0953713655823,-766.1911149991602
3740.483258705737,0.00016416443659638698,0.025920538657322675,6.367309461000496,448.7098987300409,-766.1442134473107
3741.099572583777,0.00014502722676010447,0.02601586078929671,6.383314409360594,449.3235925476208,-766.087537498496
3743.21753009368,7.718884600188185e-05,0.026251655537014137,6.438690458048924,451.42401495309645,-765.8176418501132
3745.335487603583,6.6725211308326514e-06,0.026340935590822588,6.494410754045836,453.50620540383835,-765.4315800500157
3745.951801481623,-1.4249984780667738e-05,0.026338581260190622,6.510645200611647,454.1077445849286,-765.2974600000571
3746.568115359663,-3.53166763640166e-05,0.026323347477082735,6.526873955333267,454.70703738344633,-765.1536307262099
3748.686072869566,-0.00010855758035429716,0.026171104012759582,6.582491965719879,456.7471176178067,-764.5856264502878
3750.8040303794687,-0.00018245751697620375,0.025863041524242413,6.63762252188165,458.7526617927766,-763.905604787516
3751.4203442575085,-0.00020396356364730332,0.02574392839167183,6.653526307120037,459.3289305517005,-763.6870972557684
3752.0366581355484,-0.00022542916896950936,0.025611641182305793,6.669352702226897,459.90168493397067,-763.4595056835484
3754.1546156454515,-0.00029858495830941713,0.025056431579164755,6.723036154482006,461.8412082612018,-762.6093085211132
3756.272573155354,-0.00037009892967940596,0.02434801977294801,6.7753814585102985,463.7330116660468,-761.6575323504774
3756.888887033394,-0.00039046998968833254,0.02411359776153148,6.790315754799275,464.2739527667258,-761.362221439456
3757.505200911434,-0.0004106034699701204,0.02386676187015738,6.805102204131626,464.8104806016543,-761.0589242391492
3759.623158421337,-0.0004776670418347369,0.02292540661047416,6.854678448930591,466.6193186833012,-759.9576466556936
3761.7411159312396,-0.0005407891236807506,0.0218461875093119,6.902114948408615,468.37270311853996,-758.769934228649
3762.35742980928,-0.0005582949439501362,0.02150744239028509,6.915474900860332,468.8722618558626,-758.4090137992823
3762.9737436873197,-0.0005753790086760709,0.021158097587750915,6.928623621185501,469.3670307532402,-758.0415104190772
3765.091701197223,-0.0006305888052181049,0.01987995324592384,6.972101571269241,471.0303692127361,-756.7307061826975
3767.2096587071255,-0.0006798492033246654,0.018491177187438246,7.012755309307899,472.6371845853218,-755.3510677844308
3767.8259725851653,-0.0006929670024269506,0.018068077907131712,7.024021221603008,473.0942714247587,-754.9376749629669
3768.442286463205,-0.0007055130449048073,0.017637114828157937,7.035025043197768,473.5467604472117,-754.519213932119
3770.5602439731083,-0.0007440446226223042,0.016100747930923143,7.07076573291672,475.0671776959292,-753.0449450592193
3772.678201483011,-0.0007751192618098248,0.014490669528773382,7.103174403910002,476.53654749133,-751.5196814126108
3773.294515361051,-0.0007826940119343632,0.01401056544652295,7.111956879687643,476.9550048782379,-751.0672238659563
3773.9108292390906,-0.0007895953717397828,0.013526026506549256,7.120443383303428,477.3695641850978,-750.6111593711229
3776.0287867489938,-0.0008080344998642031,0.011832699424734429,7.1473030703380385,478.76574629804634,-749.0186625535118
3778.1467442588964,-0.0008181392425991931,0.0101091449900954,7.170544352438532,480.12164482902887,-747.3916466289663
3778.7630581369363,-0.0008194843454783251,0.009604454481572227,7.176618586098233,480.5093484145778,-746.912569396176
3779.379372014976,-0.000820110837073034,0.009099161946823565,7.182382962584269,480.8942218763411,-746.4311932178375
3781.497329524879,-0.0008167322960939962,0.007364276072567623,7.199814538279513,482.1970602934382,-744.7614098769709
3783.615287034782,-0.0008048336349314374,0.00564556843081472,7.213588831813061,483.47371248932126,-743.0714707772125
3784.231600912822,-0.0007997800464037983,0.005151061384401408,7.2169150201912915,483.8411284702749,-742.576657426279
3784.847914790862,-0.00079402182316786,0.004659870837380797,7.219938808400015,484.20697213324877,-742.0806688902301
3786.965872300765,-0.0007689022123788591,0.003003354280727639,7.228043114425908,485.45424153411255,-740.3689411046632
3789.083829810668,-0.0007357756001291167,0.0014085192368286652,7.232704308181933,486.6905691698888,-738.6492746639079
3789.7001436887076,-0.0007246793759193502,0.0009584496983108381,7.2334326882107405,487.04911832280385,-738.147993691066
3790.3164575667474,-0.0007129504370301086,0.0005153789416065982,7.23388705226979,487.407361116077,-737.6464915221566
3792.4344150766506,-0.0006679511150302778,-0.0009481720415382654,7.233410635604813,488.63811358094426,-735.9228333424682
3794.5523725865532,-0.0006161211923528717,-0.0023091829117119467,7.229943067945121,489.8722602624894,-734.2016089296982
3795.168686464593,-0.0005998385196785792,-0.0026838935931020667,7.2284033313410205,490.2327658668807,-733.7017292720669
3795.785000342633,-0.0005830482888293547,-0.003048464984378843,7.226636751162982,490.59407967305776,-733.2024375215607
3797.902957852536,-0.0005216924413821278,-0.004219256264732001,7.218916506148098,491.84359168776393,-731.4923311224742
3800.0209153624387,-0.0004552695385731184,-0.005254732563229564,7.2088598706394675,493.10824546678214,-729.7934100272182
3800.6372292404785,-0.0004351012708160383,-0.005529093966602608,7.2055356967989255,493.47965378250035,-729.3015751459318
3801.2535431185183,-0.0004145953531193645,-0.005790987251641339,7.202046918149899,493.85271317041025,-728.8109978243255
3803.3715006284215,-0.00034183402229260153,-0.006592531797050769,7.188905303998029,495.1485471595174,-727.1357315054794
3805.489458138324,-0.00026622896740813193,-0.0072369594920430776,7.174232435963316,496.46754368199265,-725.4786595523085
3806.1057720163644,-0.00024382723367298665,-0.007394108210137057,7.16972282139239,496.8560447588141,-725.0002118078183
3806.7220858944042,-0.00022128913046210228,-0.007537482225036891,7.1651208594064775,497.2466984424364,-724.5235250393271
3808.8400434043074,-0.00014312406479035524,-0.007923449912680654,7.148718776197246,498.60625872414835,-722.899563448397
3810.95800091421,-6.460853402853735e-05,-0.008143496177388155,7.131674937087263,499.99277950134456,-721.2985689293105
3811.57431479225,-4.183678742427215e-05,-0.008176255910330473,7.126645137834177,500.4014068486227,-720.8371935420475
3812.1906286702897,-1.9142785458629098e-05,-0.008195079618572855,7.1215992943203945,500.81233266410214,-720.3778651195191
3814.308586180193,5.7911394273809824e-05,-0.008153641567552185,7.104257947638493,502.2421072079643,-718.8153762875961
3816.4265436900955,0.00013279602381695827,-0.00795130354545605,7.087174754638982,503.6985641181353,-717.2777244569394
3817.0428575681353,0.00015404365898974103,-0.007862860606314782,7.082301013580119,504.12727817782024,-716.8349540352546
3817.659171446175,0.00017500837039462438,-0.007761477014816114,7.0774852286788015,504.5581161508257,-716.3942464287722
3819.7771289560783,0.00024457647252836955,-0.007316360297275125,7.06149294550121,506.0544990875081,-714.8954244316085
3821.895086465981,0.00030969529001543704,-0.006728612993285844,7.046594443379166,507.57386061485334,-713.4198837372653
3822.5114003440212,0.0003276938116558685,-0.006532142344154974,7.042507845848207,508.0200176483004,-712.9946969993298
3823.127714222061,0.00034523576096220454,-0.006324772382514415,7.038544822970683,508.46787118095466,-712.5712909416687
3825.245671731964,0.0004017762138853073,-0.0055326029355314615,7.025968143410621,510.01909911001076,-711.1292948415854
3827.363629241867,0.00045208630994797596,-0.004627281027217678,7.015189071132524,511.5870711175655,-709.7055015279955
3827.9799431199067,0.0004654746880140224,-0.004344476091356561,7.012424453109637,512.0460873692185,-709.2942306613295
3828.5962569979465,0.00047828341350266204,-0.004053631274451849,7.009835501760764,512.5061957496933,-708.884175523016
3830.7142145078496,0.0005177056470846498,-0.0029976049305309406,7.002355027390829,514.0946814502175,-707.4833118559728
3832.8321720177523,0.0005497901210247107,-0.0018658545025076571,6.997191362142952,515.6919994730118,-706.0925118092196
3833.448485895792,0.0005577070067520654,-0.0015245269628680238,6.996146950208779,516.1579960683331,-705.6891657510987
3834.064799773832,0.0005649815322231863,-0.00117852926493346,6.995313113949541,516.6243666970871,-705.2862495422557
3836.182757283735,0.0005850047650295485,4.064255241127239e-05,6.99410207218672,518.2287429629978,-703.903600098876
3838.300714793638,0.0005973181543899635,0.0012940581656375135,6.995509447982629,519.8329833531803,-702.5207932838366
3838.9170286716776,0.0005994527842304524,0.001662885060826418,6.996421223429204,520.2992633981152,-702.1177721605529
3839.5333425497174,0.0006009442239999248,0.0020328394051896768,6.997559428673224,520.765126975622,-701.7142731339848
3841.6513000596206,0.0006011850366461386,0.003307168810273506,7.00321567063913,522.3616341042664,-700.3225414622614
3843.7692575695232,0.0005940599374750432,0.004574207902184486,7.01156316785185,523.9483475292402,-698.9196743220758
3844.3855714475635,0.0005906407693663089,0.004939302037765845,7.014495543260408,524.4076819709663,-698.5087516498656
3845.0018853256033,0.0005866351993560327,0.005302137041627193,7.017651112213992,524.8657616308069,-698.0964402507304
3847.1198428355065,0.0005685079236269594,0.006526536342606969,7.030185395980451,526.4290589240773,-696.6675157409601
3849.237800345409,0.0005439936936328357,0.00770577919494674,7.045265085721776,527.9724609380938,-695.2171610225832
3849.854114223449,0.0005357301541125256,0.008038509899714746,7.05011759199193,528.4172770784314,-694.7905628177095
3850.470428101489,0.0005269851920585524,0.008366042701992213,7.055172640023589,528.8599749117667,-694.3617803282298
3852.588385611392,0.0004934439475295808,0.009447523207871334,7.07405028489533,530.3637937343934,-692.8704089849334
3854.7063431212946,0.0004549863090621817,0.010452758426277063,7.095137717386706,531.8374922505112,-691.3493106398328
3855.3226569993344,0.0004429637510492563,0.010729461036905596,7.10166595716478,532.2601098795068,-690.9007101491493
3855.9389708773742,0.00043059841390300884,0.010998700670223897,7.1083617741863225,532.6797561666018,-690.4493430960921
3858.0569283872774,0.0003857199189664253,0.011863719929429941,7.132589956257498,534.0978803553747,-688.8762898643333
3860.17488589718,0.00033769412338357065,0.01263035551873206,7.158546026148653,535.4760732270214,-687.2681768553023
3860.7911997752203,0.00032323058580647536,0.01283400603878107,7.166393768383508,535.8690986360318,-686.7934366173961
3861.40751365326,0.00030857979379657563,0.013028740299874352,7.174363914370884,536.2583657616058,-686.3156216495211
3863.5254711631633,0.0002570538782911179,0.013627959118273967,7.202612291771034,537.5662133135819,-684.6497832881619
3865.643428673066,0.00020425441557302747,0.014116699577532565,7.232012794932468,538.825496843014,-682.9469655177804
3866.259742551106,0.00018875459208803893,0.014237781599198491,7.240751024760696,539.1823879535581,-682.4444976105568
3866.8760564291456,0.00017322453252065938,0.014349355204853625,7.249560888415496,539.5348699469179,-681.9389341670314
3868.9940139390487,0.00011987154124180546,0.014659643247263019,7.28030064542239,540.7115809020182,-680.1780364803252
3871.1119714489514,6.705381772512143e-05,0.014857498758305927,7.311578515656847,541.8331297995716,-678.3815155332935
3871.728285326991,5.188060333252161e-05,0.014894117343050054,7.320747121463351,542.1488370878996,-677.8522032495506
3872.344599205031,3.68224296499095e-05,0.014921467437863647,7.329935657444987,542.4596893078469,-677.3200272255332
3874.462556714934,-1.3824089636939966e-05,0.014945445197514302,7.361582616450122,543.4902857234567,-675.4698276710777
3876.580514224837,-6.233462373728372e-05,0.014864417744224328,7.39316916104171,544.4618850997985,-673.5879754647967
3877.1968281028767,-7.596880729555876e-05,0.014821764363744154,7.402317420747641,544.7334059602334,-673.0346976728946
3877.8131419809165,-8.936530433113361e-05,0.014770819356080612,7.411437290515566,544.9998793779326,-672.4789686249793
3879.9310994908196,-0.00013340566905481978,0.01453430667747532,7.4424866207013025,545.8769172542026,-670.5512322611418
3882.0490570007223,-0.00017402981470755277,0.014208136081083025,7.472940081253044,546.6942789649111,-668.597431465916
3882.6653708787626,-0.00018514883236249213,0.014097419128228135,7.481662704598298,546.9209682722355,-668.0243261304081
3883.2816847568024,-0.00019593798121069346,0.013979977536433662,7.490315649571898,547.1426860582566,-667.4492730994649
3885.3996422667055,-0.00023036590919009076,0.01352777088458882,7.519457835612916,547.866926915928,-665.4590800400823
3887.517599776608,-0.00026048843205873137,0.013007206676673363,7.547569877980004,548.5339158166294,-663.4489538704902
3888.133913654648,-0.0002684073108330948,0.012844193380831802,7.555536060504312,548.7174656313363,-662.8606120994069
3888.750227532688,-0.0002759385667741867,0.012676433281372832,7.563401054683177,548.896365094422,-662.2708317502756
3890.868185042591,-0.00029878570391123256,0.012066968741043464,7.589611438773286,549.4762866049949,-660.2338880498802
3892.9861425524937,-0.0003168523048120007,0.011414177421346395,7.614485120724305,550.0040057865285,-658.1827753876587
3893.6024564305335,-0.0003211965365955739,0.011217532802308946,7.621458980143771,550.148103696921,-657.5835490639764
3894.2187703085733,-0.0003251298774590858,0.01101833996985213,7.628311646818511,550.2880632131004,-656.9833345144871
3896.3367278184764,-0.00033548938802226933,0.0103179001318409,7.650909235627424,550.7383515718967,-654.9138523658792
3898.454685328379,-0.00034098721037380925,0.009600667715162778,7.672005539637131,551.143330443466,-652.8350050508998
3899.0709992064194,-0.0003416794257628918,0.00939027983026136,7.677857349779062,551.2530836348268,-652.2285470571625
3899.687313084459,-0.00034196884203553033,0.009179581812791096,7.68358017205567,551.359327715858,-651.6214572670449
3901.8052705943624,-0.00033991546675097396,0.008456668934230891,7.702254959571418,551.6987099692267,-649.530906526254
3903.923228104265,-0.0003332620999172464,0.007742976310598783,7.719408412381091,552.0005931423971,-647.4345929141678
3904.539541982305,-0.0003304848551571039,0.007538425129747241,7.724117011520308,552.0818378366287,-646.8236612098531
3905.1558558603447,-0.00032733923413972703,0.0073356831642151085,7.7287008077184645,552.1602407868328,-646.2123527174439
3907.273813370248,-0.0003137832922872806,0.006656031496186547,7.743511910121964,552.4090685671749,-644.1090875859963
3909.3917708801505,-0.0002961675906808972,0.0060093899363378,7.7569184961743005,552.6281998686046,-642.0025073695856
3910.0080847581903,-0.0002903154631608955,0.0058286547095922035,7.760565948138341,552.6868051662,-641.3889888205337
3910.62439863623,-0.0002841501495044483,0.005651600445708532,7.7641037465627525,552.7431994512183,-640.7752592628999
3912.7423561461333,-0.00026066841683853914,0.005074065376896065,7.775452602835651,552.9211215793082,-638.6648030836992
3914.860313656036,-0.00023387907247913406,0.004549766310641925,7.785634640168027,553.0763147027697,-636.5525449966524
3915.4766275340758,-0.00022550868436035603,0.004408202715130467,7.78839455929875,553.1175563180349,-635.9376141671207
3916.0929414121156,-0.00021689545409445116,0.004271846061137255,7.791069302369832,553.157117078868,-635.3225706453184
3918.2108989220187,-0.0001855596477803613,0.003845229464661308,7.7996529489323585,553.2810548560128,-633.2082508533068
3920.3288564319214,-0.00015181476328559,0.0034875319371095014,7.807406023500325,553.3877185017428,-631.0929844609327
3920.9451703099617,-0.0001415954808992306,0.003397121329065712,7.809527051908358,553.4157631749656,-630.4773098722218
3921.5614841880015,-0.00013121343089702157,0.0033130299442496376,7.811594619671661,553.4425063616658,-629.8615762654267
3923.6794416979046,-9.442284743843122e-05,0.0030738341764014934,7.818344153734351,553.525036966028,-627.7452321162334
3925.7973992078073,-5.620593086356812e-05,0.002914069757550789,7.824671197435249,553.593728748129,-625.6283916502715
3926.413713085847,-4.4872992117177136e-05,0.0028829326053996717,7.82645710495735,553.6112460533211,-625.0123271656298
3927.030026963887,-3.3462116037661134e-05,0.0028587739759475916,7.828226123065527,553.6276549490424,-624.3962318615747
3929.14798447379,6.211431935717137e-06,0.002829843081022002,7.834235339920737,553.6758411172617,-622.2788257129242
3931.2659419836928,4.629858256202233e-05,0.002885377071393556,7.840272728888833,553.7112727464392,-620.1611678563867
3931.8822558617326,5.798519374348966e-05,0.0029175283654729028,7.842060528405594,553.7191786161319,-619.5449047470729
3932.4985697397724,6.966435269669974e-05,0.002956850294967253,7.843870339084361,553.7259621980833,-618.9286286627378
3934.6165272496755,0.00010960933096698544,0.0031468002909546197,7.850319152517164,553.7406348726564,-616.8107247861045
3936.734484759578,0.0001489708773308311,0.003420734211658558,7.857259209162499,553.7411292069321,-614.6927724638805
3937.350798637618,0.0001602610816797478,0.0035160454242972867,7.859396515316281,553.738460562018,-614.0764640824843
3937.967112515658,0.00017146149530149413,0.003618259235947662,7.861594518007506,553.7344427847271,-613.4601643329794
3940.085070025561,0.00020913939268595274,0.0040215766385067004,7.869671142461735,553.7099319546169,-611.3423523276057
3942.2030275354637,0.00024529234126417727,0.004503079338400306,7.878684772606408,553.6673254906945,-609.2248327371362
3942.819341413504,0.00025547612234843404,0.0046574166816070565,7.881507445757922,553.6512439575281,-608.6087279309002
3943.4356552915438,0.00026549400977679137,0.004817953987717702,7.884426831170843,553.6333819167587,-607.9926749081468
3945.553612801447,0.0002985386707990466,0.005415671838602169,7.895252114966606,553.5576887863696,-605.8760767612674
3947.6715703113496,0.00032920807138622814,0.006080861527122689,7.90741479101606,553.4576738363418,-603.7604992499563
3948.2878841893894,0.00033764245185786946,0.0062863800583240325,7.911225771264768,553.423597249146,-603.1451266509143
3948.904198067429,0.0003458439891235871,0.006497003472333181,7.915164541260449,553.3871271552772,-602.5298960895888
3951.0221555773323,0.00037215135442615524,0.007257892583832525,7.929721429527021,553.2425361786509,-600.4168919290577
3953.140113087235,0.0003953578273439661,0.008071215798083346,7.945945375202339,553.0654457527963,-598.3063812347543
3953.756426965275,0.00040149210301984524,0.008316795280593472,7.950995516803842,553.0073093594414,-597.6928129842465
3954.3727408433147,0.0004073385998752104,0.008566049944625499,7.956197592272654,552.9460227363168,-597.0795589364881
3956.490698353218,0.0004251535742496859,0.0094482885359445,7.975268419785224,552.7101661444239,-594.9747972156871
3958.6086558631205,0.00043930238296550157,0.010364376094483986,7.9962436364849605,552.4322208979728,-592.8752061487348
3959.2249697411607,0.0004427047693817598,0.010636196736662995,8.002715304745209,552.3428751718087,-592.2653992035417
3959.8412836192006,0.00044577974770112263,0.010910002688299118,8.009354483118965,552.2495326402393,-591.6562018933643
3961.9592411291037,0.0004537932228305802,0.01186334252593155,8.033468729464266,551.896936129336,-589.5678391552806
3964.0771986390064,0.00045777730658168086,0.012829387523529764,8.059615563572645,551.4919844427758,-587.4890306940811
3964.693512517046,0.0004581660239821388,0.01311166358180973,8.067609800455113,551.3637384607681,-586.8862029018259
3965.309826395086,0.0004582066093520671,0.01339406843776831,8.075777379765773,551.2306296908152,-586.284443853084
3967.427783904989,0.0004556652547328507,0.014362571650292031,8.10517279743197,550.734764272578,-584.2254131738781
3969.545741414892,0.0004489746740415773,0.01532129843945485,8.136609110725852,550.1765270086922,-582.1824556608775
3970.1620552929317,0.0004462491086968005,0.015597185679839485,8.146137287121629,550.0018370083069,-581.5914120562721
3970.7783691709715,0.00044317668649352564,0.015871290864013506,8.155834282401631,549.8214842667205,-581.0020878688765
3972.8963266808746,0.00042998264022671163,0.016796653229121685,8.190434620036601,549.1572954464136,-578.9910618347224
3975.0142841907773,0.000412793111970352,0.01768984003431033,8.226960762607744,548.4220473036174,-577.0049656894909
3975.630598068817,0.0004070570351073796,0.017942494845204646,8.237941627845188,548.194321680371,-576.4322614280433
3976.246911946857,0.0004009992273968059,0.018191528424840744,8.249076475302637,547.9602937987916,-575.8621209486346
3978.36486945676,0.0003777755582659305,0.019016861848516805,8.28848871587251,547.1070563718504,-573.9237647270095
3980.4828269666627,0.0003509967426443631,0.019789243703145235,8.329592902978563,546.1765280742478,-572.0213577268705
3981.099140844703,0.0003425688372733276,0.02000297623674956,8.341855714793457,545.8909729455603,-571.4751833951187
3981.715454722743,0.0003338683664761796,0.020211451866904297,8.354248111003892,545.598727936935,-570.9325764105705
3983.833412232646,0.00030197602581828,0.020885298455939352,8.397781148660792,544.5428981945049,-569.0967318062737
3985.9513697425486,0.0002672457464128837,0.021488593105728166,8.442666651756673,543.4070006644909,-567.3093706481927
3986.5676836205885,0.00025665331645073755,0.021650034109718722,8.455960691593086,543.0613771308094,-566.7990859611211
3987.1839974986283,0.00024585945661756106,0.02180491303316458,8.469351822021899,542.7089994933618,-566.2934566624837
3989.3019550085314,0.00020734984653672005,0.022285184727184406,8.51605704649917,541.4465676907442,-564.5930911477196
3991.419912518434,0.00016695538032508316,0.022681898680731415,8.563690980145605,540.1053981912212,-562.954155408263
3992.036226396474,0.0001549049497380425,0.02278107244386204,8.57770125002052,539.7005287558364,-562.4894792931632
3992.6525402745137,0.00014274107577511583,0.02287281718495275,8.591770135391485,539.2891978160624,-562.0305234988688
3994.770497784417,0.00010021895125978728,0.023130243866400665,8.640502440252959,537.8269776950772,-560.4985990625892
3996.8884552943196,5.6919618430044725e-05,0.02329678744780116,8.689683720615514,536.2915668801634,-559.0400627812139
3997.50476917236,4.423760559084193e-05,0.023327943455526905,8.704051922987192,535.8314421444364,-558.6300324235219
3998.1210830503996,3.1538596349209274e-05,0.023351312136072784,8.71843689443893,535.3654878867294,-558.2266424361801
4000.239040560303,-1.2076404568172304e-05,0.02337185636638543,8.767931971358694,533.720902051458,-556.8924153343893
4002.3569980702055,-5.531849540800427e-05,0.023300420781810303,8.817373155415474,532.0123643327051,-555.6411234572964
4002.9733119482453,-6.776889793127058e-05,0.02326246958576432,8.831722198291882,531.5037754860101,-555.2930236197526
4003.589625826285,-8.014150980836848e-05,0.023216900531853612,8.846045651610314,530.9902589089089,-554.9522288153585
4005.7075833361882,-0.00012191866860049065,0.02300266913139821,8.89500654180723,529.1895014415326,-553.8377379295827
4007.825540846091,-0.00016225690731482302,0.022701479269529066,8.943421611837488,527.3366304956221,-552.8121814517261
4008.4418547241307,-0.00017367023914006103,0.022597937908009173,8.957381185044808,526.7883715994975,-552.530676252611
4009.0581686021706,-0.000184923231751684,0.02248743751163621,8.971275105451262,526.2362475004346,-552.256810193641
4011.1761261120737,-0.00022224669443210313,0.022055846076324246,9.018459017258891,524.3111310556906,-551.3743218727747
4013.2940836219764,-0.0002572634035937088,0.021547647935902026,9.064647711871686,522.3469033777005,-550.5826101270703
4013.910397500016,-0.0002669785605261226,0.021386076402788872,9.077878154148243,521.7687051231401,-550.3692617848744
4014.526711378056,-0.000276470847859869,0.021218603919466967,9.091007624956196,521.1877395677233,-550.1635306992347
4016.644668887959,-0.0003073010042809599,0.02059988848170066,9.13530350092443,519.1718918726582,-549.5144539732254
4018.762626397862,-0.00033522204505740294,0.019918956774274178,9.178223078176963,517.1296278100212,-548.953847650671
4019.378940275902,-0.0003427749219613838,0.019710006777845474,9.190435016507776,516.5310513428894,-548.8070968340006
4019.995254153942,-0.00035006598693721353,0.01949649207762821,9.202517270369368,515.9307252122758,-548.6676101582781
4022.113211663845,-0.0003730727439968028,0.018730133935669194,9.243006452210153,513.855937243542,-548.2429796688838
4024.2311691737477,-0.0003928523030711655,0.01791846599392167,9.281824537953527,511.76590216017166,-547.9009158862763
4024.8474830517875,-0.00039799190272351046,0.01767474476051205,9.292792727750172,511.15541128646623,-547.8164736817444
4025.4637969298274,-0.00040285433143327445,0.017427942877468197,9.303610290428809,510.5440226399962,-547.738674383287
4027.5817544397305,-0.0004174348156738239,0.016558695914137982,9.339606256937145,508.43742372078316,-547.5208983166102
4029.699711949633,-0.0004287394062824585,0.015662037206472138,9.373732166856641,506.3244399309664,-547.3770895543593
4030.316025827673,-0.00043141790590427886,0.015396960827204521,9.383303025142709,505.7087947040933,-547.3486017921855
4030.932339705713,-0.0004338254453567774,0.015130311651275033,9.392710548188095,505.0928923334583,-547.3259508300664
4033.050297215616,-0.00044004990903132664,0.014204351215645167,9.423777082582724,502.97531958111847,-547.2912857029125
4035.1682547255186,-0.0004431864872046311,0.013268477635574198,9.452871974309469,500.85762027597366,-547.32032051467
4035.784568603559,-0.00044353543632296604,0.012995219696683963,9.460965068909594,500.24163353680143,-547.3401361784911
4036.4008824815987,-0.0004436378007902242,0.01272181150405207,9.4688901779321,499.62581233311056,-547.3648831470668
4038.518839991502,-0.0004421541553429582,0.01178329864870702,9.49483950818325,497.51139761256553,-547.4860713521498
4040.6367975014045,-0.00043796228279889093,0.010850796046338125,9.518807472814489,495.4006307902658,-547.6599893921457
4041.2531113794444,-0.0004362591625349479,0.010581394689023658,9.52541167142371,494.7872415187379,-547.719889583996
4041.869425257484,-0.0004343477017770372,0.010313092092401166,9.531850573474498,494.17424576900476,-547.7837909223774
4043.9873827673873,-0.0004262553745593065,0.009401344085538743,9.552724307049091,492.07098228669855,-548.0324284195979
4046.10534027729,-0.000415966784718066,0.008509061079338286,9.57168761010757,489.9730613842768,-548.3229100160017
4046.72165415533,-0.00041259114887781505,0.008253735149823761,9.576852891814273,489.36362735446613,-548.4147074205049
4047.3379680333696,-0.00040905368530945533,0.008000522525568154,9.581861775784846,488.7546611699747,-548.5096085686089
4049.4559255432728,-0.00039573897066332156,0.007147978044599688,9.597898435824614,486.6655855995472,-548.8580056209947
4051.5738830531755,-0.0003808029421746123,0.006325350500422601,9.612161124278856,484.5820088834971,-549.238013094832
4052.1901969312153,-0.00037618460271120197,0.006092082500694576,9.615987360525734,483.97670860192335,-549.3539878572363
4052.806510809255,-0.00037145362032287867,0.005861678395596387,9.619670930794781,483.37184398434846,-549.4722408195546
4054.924468319158,-0.00035441459121423826,0.005092815283955596,9.631264942524588,481.2964675468368,-549.8947177645084
4057.042425829061,-0.0003363325002260288,0.00436114469234746,9.641269920941557,479.2257626899478,-550.3395849809083
4057.658739707101,-0.0003309061432513258,0.00415553560060437,9.643894135668702,478.6240124594544,-550.4727647908568
4058.275053585141,-0.00032541468510668655,0.003953274877872381,9.64639278903898,478.0226036588524,-550.6074923871395
4060.393011095044,-0.00030612078900599666,0.003284403259934525,9.65405002991712,475.9583026666786,-551.0811721146335
4062.510968604947,-0.0002863228156291993,0.0026569291012646565,9.66033446815875,473.89734715974123,-551.5692316258938
4063.1272824829866,-0.00028049530596715484,0.002482266684711322,9.661917919771348,473.29816868262986,-551.7135457446869
4063.7435963610264,-0.00027464563972898404,0.0023111886188467105,9.663394873054855,472.6992117852146,-551.8587836064881
4065.8615538709296,-0.0002544399779798186,0.0017508924709786638,9.667688971454549,470.64239520086943,-552.3639941474214
4067.9795113808323,-0.00023420191238458337,0.0012334253711393816,9.670841741472046,468.5874710750047,-552.8768603071678
4068.595825258872,-0.00022833064358236574,0.0010909000039606106,9.671557809167412,467.9897758165759,-553.0272019148438
4069.212139136912,-0.00022247368644090878,0.0009519771972885342,9.672187120428335,467.39218293565364,-553.1779524070296
4071.330096646815,-0.00020251028690687826,0.000501990935387541,9.673719445670113,465.33915477965013,-553.6983535019501
4073.4480541567177,-0.00018290234532049253,9.390988303800151e-05,9.674343095855775,463.286688132167,-554.2209676035774
4074.064368034758,-0.00017728236014413187,-1.7076117266440052e-05,9.674366623745941,462.68946959025783,-554.373193433567
4074.680681912798,-0.00017170570214327483,-0.00012462067083735182,9.67432272774207,462.0922511097018,-554.5254196001238
4076.798639422701,-0.00015291474565590207,-0.00046827168564447986,9.673687964981355,460.03976130416004,-555.047942461557
4078.9165969326036,-0.0001347761695933549,-0.0007728151100509571,9.672366778080425,457.9867619254725,-555.5684576737713
4079.5329108106434,-0.00012963443187571474,-0.0008542879366881017,9.671865265983069,457.3892037294857,-555.7193454075149
4080.1492246886833,-0.0001245572975454991,-0.0009326179295533708,9.671314386218748,456.7915679208315,-555.8699244981608
4082.2671821985864,-0.00010763299834561174,-0.0011783509721266024,9.669072748979346,454.7370928351866,-556.3845851318003
4084.385139708489,-9.156734459421536e-05,-0.0013891483553975783,9.666347655717978,452.6813468189647,-556.894141970399
4085.001453586529,-8.70626405629936e-05,-0.0014441879087280095,9.665474471939005,452.08286372325864,-557.041318531017
4085.6177674645687,-8.263635920687667e-05,-0.0014964789755599287,9.664568063365417,451.4842514335571,-557.1879675858272
4087.735724974472,-6.804246189466155e-05,-0.0016558716624085602,9.661224518823568,449.4260686259613,-557.6875919951576
4089.8536824843745,-5.4428660839581144e-05,-0.001785392995960148,9.657575020472098,447.36615219207965,-558.1800167164689
4090.4699963624143,-5.065577698822062e-05,-0.0018177698272607032,9.656464642692088,446.7663841515204,-558.3218659792662
4091.086310240454,-4.696833982058297e-05,-0.0018478491319987701,9.655334854758449,446.16645882001234,-558.4630476338839
4093.2042677503573,-3.4956654806829055e-05,-0.0019344247835246912,9.651325208787389,444.10358531731964,-558.9429347396982
4095.32222526026,-2.397149057926685e-05,-0.0019966472602732373,9.647157988759703,442.03876752063974,-559.4143838487114
4095.9385391383003,-2.0968400602423622e-05,-0.0020104911151597187,9.645923151454971,441.4375459931399,-559.5499401721275
4096.5548530163405,-1.8051941083206413e-05,-0.00202251037093491,9.644680177904624,440.8361578526037,-559.684754957757
4098.672810526243,-8.689887312481768e-06,-0.0020506511016199318,9.640363475604868,438.7682140692609,-560.1422981251812
4100.790768036146,-3.380376864665954e-07,-0.0020600331849405435,9.636007037442246,436.6983056906805,-560.5908692233289
4101.407081914185,1.904952402944319e-06,-0.0020595466758061265,9.634737573316647,436.09560781998545,-560.7197026294402
4102.0233957922255,4.064879293892848e-06,-0.0020577014565079954,9.633468668045776,435.49274746467506,-560.8477735752545
4104.141353302128,1.0861340545305432e-05,-0.0020417281815874938,9.629125095111302,433.41979511342464,-561.282060666515
4106.259310812031,1.67131640410803e-05,-0.0020123606418331434,9.624829537136295,431.3449860351183,-561.7073895239976
4106.875624690071,1.824333242827035e-05,-0.002001585912645778,9.62359264183839,430.7408878617701,-561.8294883139592
4107.491938568111,1.9697591415430065e-05,-0.0019898885228284728,9.6223625254012,430.1366398162255,-561.9508436283262
4109.609896078014,2.4128827718793527e-05,-0.0019433284158876143,9.618195833414939,428.0590264205333,-562.362255348837
4111.727853587917,2.7716646693381805e-05,-0.0018882762997726222,9.614136746614127,425.97973820658706,-562.7651186911424
4112.344167465957,2.8608627461358043e-05,-0.0018709175705058931,9.612978366967226,425.37437361553935,-562.8807750867052
4112.960481343997,2.9434324590853e-05,-0.0018530258533444406,9.611830722294577,424.76887615418707,-562.9957344605883
4115.0784388539,3.178235705549905e-05,-0.001788071714666774,9.607974134064735,422.68710426377004,-563.3855596061267
4117.196396363803,3.3410979248893176e-05,-0.0017189063831904627,9.604259575504402,420.60387121001287,-563.7675013548741
4117.812710241842,3.3757069530886835e-05,-0.0016982072041632455,9.603206617278085,419.99739963976674,-563.877205130896
4118.429024119882,3.4047926094721364e-05,-0.0016773077310985368,9.602166371436743,419.3908135325323,-563.9862745305077
4120.546981629785,3.464413881882677e-05,-0.001604461190476017,9.598690934182816,417.3054413584576,-564.3563580344954
4122.664939139688,3.46561854592441e-05,-0.0015309705161089657,9.595370464930612,415.21882333422326,-564.7193534889914
4123.281253017728,3.455759796728654e-05,-0.0015096416205479008,9.594433531090411,414.6114066602152,-564.8236975222746
4123.897566895768,3.4415354482419724e-05,-0.0014883828759291219,9.593509636604663,414.00389303155316,-564.9274762615607
4126.0155244056705,3.3611979778505785e-05,-0.0014162643930554237,9.590434060806635,411.91546562651274,-565.2799119889747
4128.133481915574,3.236111091080831e-05,-0.0013463213104815564,9.587508925188303,409.82598987705865,-565.6260801711585
4128.749795793614,3.192053798341911e-05,-0.00132651283272933,9.586685324155678,409.2177773521205,-565.7256805469573
4129.366109671654,3.14476563138067e-05,-0.0013069819653435477,9.585873783295547,408.6094834227255,-565.8247831317277
4131.484067181556,2.9593976302167497e-05,-0.0012422841827338363,9.583174916824607,406.51848948149893,-566.161658828007
4133.6020246914595,2.7423063287019053e-05,-0.0011818483586368174,9.580608564184693,404.4266156823205,-566.4930286343513
4134.218338569499,2.6738692948400457e-05,-0.0011651587969261623,9.57988536587857,403.8177351809572,-566.588460625831
4134.834652447539,2.603256297231737e-05,-0.0011488942102157497,9.579172280386231,403.2087861090979,-566.6834545415778
4136.952609957441,2.3456278976164432e-05,-0.0010964514212398148,9.576795507341123,401.11563415552024,-567.0066518895227
4139.0705674673445,2.068080262502715e-05,-0.0010496760327732505,9.574523804238025,399.02173649860936,-567.3249834135181
4139.686881345385,1.9841877745621146e-05,-0.0010371897130690838,9.573880765373685,398.41229029119415,-567.4167334466314
4140.303195223425,1.8990525922477995e-05,-0.0010252212220590682,9.573245238168044,397.8027853613998,-567.5080928802209
4142.421152733327,1.5984330049600478e-05,-0.000988166431780978,9.571114245342217,395.7077935342002,-567.8191417366562
4144.53911024323,1.2880903635913172e-05,-0.0009575816017051366,9.56905488143733,393.6121544983101,-568.1258005489813
4145.155424121271,1.1964731452230147e-05,-0.0009499264174966193,9.568467106845638,393.00221809605506,-568.2142332864968
4145.771737999311,1.1044008345180397e-05,-0.0009428347820403414,9.567883867507403,392.39222984051776,-568.3023078216038
4147.889695509213,7.857071313847678e-06,-0.0009228165696244835,9.565909376187584,390.2956247818005,-568.6022906655235
4150.007653019116,4.656702787542701e-06,-0.0009095623780955458,9.563970119636659,388.1984366611555,-568.898170154009
4150.623966897156,3.7270253505114316e-06,-0.0009069800898972136,9.563410370144346,387.588059697666,-568.9835091188259
4151.240280775196,2.7990969588720956e-06,-0.000904968288408638,9.562852039439564,386.9776349629525,-569.068505761541
4153.358238285098,-3.670440590344443e-07,-0.0009024019123950538,9.560939246682086,384.8795567693428,-569.3580062675965
4155.476195795001,-3.481533399026943e-06,-0.0009064865904981868,9.559024846074944,382.780928432607,-569.6434913715101
4156.092509673042,-4.37502733872359e-06,-0.0009089088250874217,9.558465443470375,382.1701369358091,-569.7258110794636
4156.708823551082,-5.262030718596441e-06,-0.0009118783208336759,9.557904391621552,381.5592992860405,-569.8077875488216
4158.826781060984,-8.253849856359142e-06,-0.0009262087738087887,9.555958996366325,379.45981069645023,-570.086875962022
4160.944738570887,-1.1146955445660932e-05,-0.0009467712370443501,9.553976650254125,377.3597781132701,-570.3618407102626
4161.5610524489275,-1.1968149793226508e-05,-0.0009538954062975691,9.553390964500643,376.74857780110796,-570.4410680696469
4162.177366326968,-1.277957877143045e-05,-0.0009615217560081367,9.552800751885343,376.13733091480424,-570.5199350991618
4164.29532383687,-1.548895292851865e-05,-0.000991480368678456,9.550733552738372,374.0364297157329,-570.7881826170822
4166.413281346773,-1.8068929779215432e-05,-0.0010270402916934991,9.548596970854046,371.9349694333523,-571.0520136701992
4167.0295952248125,-1.879409388649175e-05,-0.0010384008483005486,9.5479605030805,371.32334982484196,-571.1279363898449
4167.645909102853,-1.9507506517011827e-05,-0.0010502042084991072,9.547316919667676,370.7116816882767,-571.2034667902868
4169.763866612755,-2.186689492228366e-05,-0.001094044588615327,9.54504706042615,368.6093157258395,-571.4599813143477
4171.881824122658,-2.4080286103031e-05,-0.0011427274451642159,9.542679221042649,366.5063607572072,-571.7116200663922
4172.498138000698,-2.4696367250534734e-05,-0.0011577591229845528,9.541970317535165,365.8942999498447,-571.783899952156
4173.114451878739,-2.5299796752465134e-05,-0.0011731664386897824,9.541252058308578,365.2821877003124,-571.8557423382929
4175.232409388641,-2.7275966539932053e-05,-0.0012288697373163474,9.538709063489588,363.17827200103454,-572.0992185822246
4177.350366898544,-2.910095893443498e-05,-0.0012885983859377422,9.536043828690811,361.0737296197994,-572.3372151466089
4177.966680776583,-2.96036035077227e-05,-0.0013066892683061906,9.535244076144359,360.4611995822952,-572.4054044130469
4178.582994654624,-3.009354116472561e-05,-0.0013250861176400085,9.534433104064082,359.8486148481013,-572.4730997535958
4180.700952164526,-3.168054692962066e-05,-0.0013905296358325764,9.5315578903074,357.7430502999952,-572.7018776443091
4182.818909674429,-3.311983701634625e-05,-0.0014591779370382069,9.528540676162754,355.6368211567778,-572.9244510808887
4183.435223552469,-3.351129755456949e-05,-0.0014797113083807318,9.527635037157157,355.02379335917607,-572.9880101186811
4184.05153743051,-3.389061755600291e-05,-0.0015004824763935403,9.52671669323599,354.4107079152735,-573.0510095876296
4186.169494940412,-3.5102671429684926e-05,-0.0015735693095838491,9.523461764937958,352.3034008627296,-573.2631360218085
4188.287452450315,-3.617644536075849e-05,-0.0016490767858568702,9.520049478423088,350.19539874365074,-573.4682363265767
4188.903766328355,-3.6463578733786256e-05,-0.001671461715924819,9.519026229024021,349.5818499220581,-573.5265517092508
4189.5200802063955,-3.6739536524895016e-05,-0.0016940205508354715,9.517989151424002,348.96824145669234,-573.5842346608794
4191.638037716298,-3.760431978392986e-05,-0.0017727712193688443,9.514318192450064,346.8591234945596,-573.7775248665748
4193.755995226201,-3.834386460320602e-05,-0.0018532208372531195,9.51047864375502,344.74929499770747,-573.9628934248879
4194.37230910424,-3.85363301011423e-05,-0.001876912305064372,9.509329173007586,344.1352128425286,-574.0152952782604
4194.9886229822805,-3.871880923313177e-05,-0.0019007197504320077,9.508165084407171,343.52107062410875,-574.0669865060094
4197.106580492183,-3.927168540778094e-05,-0.0019833295338573223,9.504052144746696,341.4101178727142,-574.2390823987334
4199.224538002086,-3.9714040881163444e-05,-0.0020669932464541566,9.499763124986414,339.29846130103414,-574.4023087020788
4199.840851880126,-3.982283954564177e-05,-0.00209150331126947,9.498481649652785,338.6838498690903,-574.4480868702415
4200.457165758166,-3.9922912923017606e-05,-0.002116078183543674,9.497185065304237,338.069180116007,-574.4930726153294
4202.575123268069,-4.0202307070003e-05,-0.002200945966737671,9.492613515012469,335.95643132012515,-574.6414965493625
4204.693080777972,-4.0386076150844944e-05,-0.0022863042299500107,9.487861698954008,333.8430141708969,-574.7800699198673
4205.309394656012,-4.042239948412511e-05,-0.0023112060889031076,9.486444937427654,333.2278988489157,-574.8184886226023
4205.925708534052,-4.045122689700066e-05,-0.002336128438849844,9.485012836720532,332.61272963347284,-574.8560310531004
4208.0436660439545,-4.0495044320169345e-05,-0.0024218632389754707,9.479974225727958,330.49830253492075,-574.9782341946305
4210.161623553858,-4.045716823980492e-05,-0.0025076043308569006,9.474754025408753,328.38327708363596,-575.0895900109967
4210.777937431897,-4.043153331699171e-05,-0.002532530875307504,9.473200865150536,327.76770896637106,-575.1199008913852
4211.394251309937,-4.039951065455739e-05,-0.0025574400154950512,9.471632360041715,327.1520945203039,-575.1492509701809
4213.5122088198395,-4.0242471137148567e-05,-0.0026428504285399314,9.466125291247558,325.0362000814729,-575.242656152911
4215.630166329743,-4.0015925577837256e-05,-0.0027278546331378464,9.460437756993773,322.9198166873623,-575.324216638613
4216.246480207783,-3.993756555413457e-05,-0.002752492967694082,9.458748941578527,322.3038762711085,-575.3456702527229
4216.862794085823,-3.985376223519473e-05,-0.0027770816305176995,9.457044967068446,321.68790059745737,-575.3660790606908
4218.980751595725,-3.952567743017751e-05,-0.002861153267852723,9.451074062337355,319.570854778426,-575.42811845383
4221.098709105629,-3.9138117497454566e-05,-0.0029444670526143847,9.444925900000367,317.4534726575832,-575.477328498015
4221.715022983669,-3.901466409337755e-05,-0.002968550480389092,9.443103753753013,316.83727278272426,-575.4891844066793
4222.331336861709,-3.888651806569939e-05,-0.0029925566107152413,9.441266797460225,316.22105251086805,-575.4999130904504
4224.449294371611,-3.841151888116168e-05,-0.0030744227040444667,9.434841808046814,314.10328540551905,-575.5280613249415
4226.5672518815145,-3.788487898329782e-05,-0.003155228082865297,9.428244553000352,311.9853807079465,-575.5424200630799
4227.183565759554,-3.77223058134022e-05,-0.003178527070185847,9.42629275295219,311.3690687079411,-575.5439557492822
4227.799879637594,-3.755561448707802e-05,-0.003201724766568192,9.424326632607498,310.75275515122763,-575.5442843215545
4229.917837147496,-3.695219890310676e-05,-0.0032806350667021087,9.417461717111214,308.6348173565467,-575.5360878829821
4232.0357946573995,-3.6302840891361444e-05,-0.003358218706213395,9.410431077857561,306.5169884385537,-575.5131768683244
4232.65210853544,-3.610552127985452e-05,-0.0033805319621806507,9.408354475007947,305.9007474662986,-575.503695723206
4233.26842241348,-3.590449672654467e-05,-0.003402722592929305,9.406264165144087,305.2845278541831,-575.492930958367
4235.386379923382,-3.51860469711716e-05,-0.0034780133325620606,9.398977335616914,303.1670939820407,-575.4460346742379
4237.504337433285,-3.442587298538354e-05,-0.0035517382410663574,9.391532701684202,301.05006378975065,-575.383543448151
4238.120651311325,-3.419703227846367e-05,-0.0035728849843960357,9.389337188883307,300.4341132975364,-575.3623820553397
4238.736965189365,-3.39648045975919e-05,-0.0035938897487066135,9.387128693349414,299.81821115870724,-575.339864706998
4240.854922699267,-3.3141384541969454e-05,-0.0036649605485693983,9.379441410124334,297.7020804101465,-575.252036076065
4242.97288020917,-3.227959976067428e-05,-0.0037342467523121424,9.37160549181432,295.586695895039,-575.1477858160149
4243.589194087211,-3.202179559602066e-05,-0.0037540617858760235,9.369297906223794,294.9712912451784,-575.114320714928
4244.205507965251,-3.176087745414252e-05,-0.0037737170710207333,9.366978163584951,294.3559659189159,-575.079432227265
4246.323465475153,-3.084091256586017e-05,-0.003840017233081659,9.358915030255286,292.2420596442247,-574.948584107624
4248.441422985056,-2.9885839846845195e-05,-0.003904331770151718,9.350713578734151,290.1292881388606,-574.8005497504283
4249.057736863097,-2.9601516484478622e-05,-0.003922663305302514,9.34830162396765,289.51471932548253,-574.7542037710614
4249.674050741137,-2.931437958580448e-05,-0.003940818860273239,9.345878430866879,288.9002645826197,-574.7063725664191
4251.792008251039,-2.830664774105865e-05,-0.004001843807515365,9.337466937313641,286.7896207711402,-574.5305844274012
4253.909965760942,-2.7267734168764013e-05,-0.004060701400741923,9.328928490696946,284.6805432857854,-574.3369153487648
4254.526279638982,-2.695980945172397e-05,-0.0040774120530356,9.326420662220531,284.0671327603387,-574.2771635177095
4255.142593517022,-2.6649455227034225e-05,-0.0040939323378079515,9.323902598061911,283.45387452849764,-574.2158708491563
4257.260551026924,-2.556503603969161e-05,-0.004149230945320395,9.315172853062453,281.34763922828824,-573.9934084628367
4259.378508536827,-2.4454720806576952e-05,-0.004202205375708811,9.306328449216117,279.2434407030196,-573.7524474566538
4259.9948224148675,-2.4127102551372492e-05,-0.004217176209065141,9.303733945826236,278.63154032113886,-573.6788223748582
4260.611136292908,-2.3797580280876047e-05,-0.004231944754576222,9.301130281684364,278.0198335356942,-573.6036076333803
4262.72909380281,-2.265151723040307e-05,-0.00428113666947592,9.292114677402484,275.9192493085011,-573.3329407442923
4264.847051312713,-2.1486714718517975e-05,-0.004327881426839528,9.28299747822285,273.82120598165557,-573.0432407191752
4265.463365190753,-2.1144699473746756e-05,-0.004341018533993212,9.280326084149133,273.2111931297757,-572.9553372203445
4266.079679068794,-2.0801473364731225e-05,-0.004353944755728457,9.277646660781718,272.6014177744706,-572.8658024964461
4268.197636578696,-1.961389612886308e-05,-0.0043967454461125875,9.268379420064818,270.5078094507382,-572.5456197152076
4270.315594088599,-1.841684155327572e-05,-0.004437020862070003,9.259024203516248,268.4172736831782,-572.2059572629286
4270.931907966638,-1.806729721778069e-05,-0.0044482635675207665,9.25628612959438,267.8095466986544,-572.1034360916694
4271.548221844679,-1.7717413457621957e-05,-0.0044592910733061535,9.253541193580245,267.2021031565412,-571.9992497246935
4273.666179354581,-1.6513869246061414e-05,-0.004495540965122663,9.244057767125689,265.1168613599796,-571.6284696905601
4275.784136864484,-1.531207759899315e-05,-0.004529243657366359,9.234500262370753,263.0352444715993,-571.2378545285335
4276.400450742524,-1.4963362215162593e-05,-0.004538573030103199,9.231705940823023,262.43021753494,-571.1204447429617
4277.016764620565,-1.4615321389795641e-05,-0.004547688066463581,9.228905934184223,261.82552143568876,-571.0013435618376
4279.134722130467,-1.3426071207308897e-05,-0.004577380771605363,9.219242238274575,259.7500845740191,-570.5791213561918
4281.25267964037,-1.2251177561028523e-05,-0.004604569898658825,9.209518305713082,257.6788384751171,-570.1368006475307
4281.86899351841,-1.1912707759799138e-05,-0.004612015882960324,9.206678141306378,257.0769362177108,-570.004300464396
4282.4853073964505,-1.1576007337096361e-05,-0.004619254197174821,9.203833448417033,256.475413031285,-569.870090442852
4284.603264906353,-1.0434151000503056e-05,-0.004642557648228477,9.194024964725214,254.4112486610174,-569.3958183501089
4286.721222416256,-9.319711752071978e-06,-0.004663471730192697,9.184169655605324,252.35184725322105,-568.9012750959304
4287.337536294295,-9.001289388144013e-06,-0.0046691171316809,9.181293745763922,251.7534993751091,-568.753550966762
4287.9538501723355,-8.68573334181033e-06,-0.004674567549613897,9.17841441114278,251.15557905055545,-568.6041060929193
4290.071807682238,-7.6248957019904585e-06,-0.004691833062517473,9.168495202845623,249.10416566963232,-568.0774081199255
4292.189765192141,-6.604266991787474e-06,-0.0047068943467772255,9.158541761157045,247.0580870998521,-567.5303532019685
4292.806079070181,-6.315516898531706e-06,-0.004710875278947668,9.155639604274949,246.46372331606008,-567.3673370314833
4293.422392948221,-6.030691325836847e-06,-0.004714679821867183,9.152735040682247,245.86983528468616,-567.2025963183198
4295.540350458124,-5.083436884789656e-06,-0.004726440209595173,9.142736750833677,243.83264565034844,-566.6233163392468
4297.658307968027,-4.188523022788257e-06,-0.004736249780227185,9.13271561885745,241.80135650556252,-566.0236742568848
4298.274621846067,-3.9385911694572524e-06,-0.004738753778416044,9.129795827179638,241.21140213388964,-565.8453588081946
4298.890935724107,-3.693574184596137e-06,-0.00474110559078962,9.12687452967619,240.6219709877326,-565.6653215025387
4301.0088932340095,-2.8905748835451525e-06,-0.004748066839393051,9.116825409387221,238.6004580090361,-565.0335053213371
4303.126850743913,-2.1511767403788763e-06,-0.0047533947218713615,9.106763275169515,236.58540046635258,-564.3813940438673
4303.743164621952,-1.948560527440896e-06,-0.004754657623494851,9.103833301713566,236.00027294420397,-564.1878266740323
4304.359478499992,-1.7517703387983117e-06,-0.004755797749282139,9.100902576520687,235.4157150737409,-563.9925458163267
4306.4774360098945,-1.121310297225389e-06,-0.004758827255129377,9.090826568899896,233.41130122462408,-563.3084177290555
4308.595393519798,-5.646506459682762e-07,-0.00476059962644232,9.0807454761932,231.41388405254676,-562.6041233262979
4309.211707397838,-4.1706071753622983e-07,-0.004760901662540074,9.077811360943043,230.83399063344322,-562.3953982582675
4309.828021275878,-2.76104040541197e-07,-0.004761115043178347,9.07487707408242,230.25471207044365,-562.1849728047513
4311.94597878578,1.5648056282138525e-07,-0.004761227139105869,9.06479296975156,228.2687831308096,-561.4489074276813
4314.063936295684,5.064414464314574e-07,-0.0047605105359879,9.054709505580965,226.29037728744552,-560.6928543006819
4314.680250173723,5.92315643591484e-07,-0.0047601714505958416,9.051775645493843,225.71611412195907,-560.4691036805456
4315.296564051763,6.708856818567888e-07,-0.004759781893644902,9.048841995879659,225.14250978645362,-560.2436694412755
4317.414521561665,8.841929314919939e-07,-0.004758119301226171,9.038762677714661,223.17641354944678,-559.4561597088446
4319.532479071569,1.0079958081039108e-06,-0.0047560997163456605,9.028687258897191,221.21835294037956,-558.648877378692
4320.148792949609,1.0268962643536895e-06,-0.004755472164420198,9.025756208848016,220.65010569016698,-558.4102614076069
4320.765106827649,1.0380239811483476e-06,-0.004754835475568475,9.022825533431776,220.0825601830141,-558.1699810948687
4322.883064337551,1.0163137730374262e-06,-0.004752643469478845,9.012757340810921,218.13761055760992,-557.3316034808572
4325.0010218474545,9.01082977971903e-07,-0.004750596481002255,9.002693637195248,216.20119828671454,-556.4736910603332
4325.617335725495,8.498636367968257e-07,-0.0047500564705592226,8.99976595444912,215.63934434923397,-556.2203875432531
4326.233649603535,7.906940566583763e-07,-0.004749550472239513,8.996838578765313,215.07823435854075,-555.9654402797819
4328.351607113437,5.265542907282992e-07,-0.004748139038721068,8.986780843559087,213.1557210272358,-555.0768185022554
4330.46956462334,1.6895370610139528e-07,-0.004747386015024955,8.976725400467062,211.2422411736316,-554.1689082141077
4331.08587850138,4.747691349839379e-08,-0.004747318956586797,8.97379955285938,210.68715350140533,-553.9011019435551
4331.70219237942,-8.173129410538183e-08,-0.004747328989143146,8.97087370798828,210.13285179433706,-553.6316726589586
4333.820149889322,-5.842479499704017e-07,-0.004748018678773124,8.960818540870278,208.23405522858138,-552.693441424203
4335.938107399225,-1.1749717053657227e-06,-0.004749866086772677,8.950760687019779,206.34478978699016,-551.7361628553382
4336.554421277266,-1.3629846459896991e-06,-0.004750647931575406,8.947833050993674,205.79684216269797,-551.4540353480015
4337.170735155306,-1.5580351503055845e-06,-0.0047515474821981565,8.944904883348466,205.24972300855922,-551.1703045926677
4339.288692665208,-2.2807512262733656e-06,-0.004755599094466894,8.934837301645452,203.37593419027846,-550.1830752854703
4341.406650175111,-3.080414731799821e-06,-0.004761262874369401,8.924759431548525,201.51218432907956,-549.1770224113728
4342.022964053152,-3.326763522488155e-06,-0.004763237203414661,8.921824404974034,200.97175781299526,-548.8807426114383
4342.639277931192,-3.5789241649197695e-06,-0.004765364621873829,8.918888103301109,200.43220353729234,-548.5828774105627
4344.757235441094,-4.48771302271192e-06,-0.004773896565769097,8.908786579151693,198.58474722507918,-547.5472079306858
4346.875192950997,-5.4557297561598886e-06,-0.0047844160069126585,8.898664879990262,196.74785750156565,-546.4929111837117
4347.491506829037,-5.747375649028714e-06,-0.00478786842353735,8.895715128309318,196.21534761832896,-546.1826278047707
4348.107820707077,-6.043057219602761e-06,-0.004791501106725926,8.892763185616099,195.68375583837738,-545.8707742276438
4350.225778216979,-7.086986982032038e-06,-0.0048053993649195825,8.882600668680857,193.86401570965893,-544.7871453090278
4352.343735726882,-8.165929727043229e-06,-0.004821545699998085,8.872406335159631,192.0553993868423,-543.685051030965
4352.9600496049225,-8.484953286005214e-06,-0.004826677101109887,8.869433181409084,191.5312234774918,-543.3608872142065
4353.576363482963,-8.80570094542513e-06,-0.00483200475100425,8.866456801389637,191.00801443061553,-543.0351653336351
4355.694320992865,-9.917317414985096e-06,-0.004851831188893799,8.856202241288804,189.21745796513926,-541.9039656341361
4357.812278502768,-1.1033697621433161e-05,-0.004874017027929338,8.84590319107925,187.4386211330114,-540.7544251287197
4358.428592380808,-1.1357621105445138e-05,-0.0048809176119210245,8.842897150987316,186.92322517503385,-540.4164760442027
4359.044906258849,-1.1680486931585732e-05,-0.004888016460224521,8.839886798982807,186.40884842985284,-540.0769779032687
4361.162863768751,-1.2777447058715098e-05,-0.004913922271054632,8.829507158470358,184.6490490071464,-538.898499902206
4363.280821278654,-1.3843934368418386e-05,-0.004942119126757799,8.81907022438346,182.90161085630933,-537.7017699690703
4363.897135156693,-1.4146484982941585e-05,-0.004950745338309995,8.816021676662642,182.39547495904102,-537.3501038734205
4364.513449034734,-1.4444839880025381e-05,-0.004959555577598913,8.812967763913162,181.89041470878004,-536.9968949558847
4366.631406544636,-1.5433130372632916e-05,-0.00499120789227086,8.802430473340644,180.16306810896526,-535.7713432231294
4368.749364054539,-1.6352417025915857e-05,-0.005024880290613731,8.79182400528486,178.44877447548944,-534.5275994887692
4369.365677932579,-1.660476936344991e-05,-0.005035037252349927,8.788723974213198,177.95241620278753,-534.162262570163
4369.98199181062,-1.6849598564699288e-05,-0.0050453462441886554,8.785617650939349,177.45719428954885,-533.795387080286
4372.099949320522,-1.762833267904329e-05,-0.0050818768255206925,8.774893407645921,175.76412665951514,-532.5228997629191
4374.217906830425,-1.8298369823898695e-05,-0.005119941624837,8.76409016942916,174.0848539072865,-531.2322633099864
4374.834220708464,-1.847073437882232e-05,-0.005131273428665239,8.760931182873081,173.598828579251,-530.8532883963982
4375.450534586505,-1.8632245909737476e-05,-0.0051427069733341385,8.757765201930818,173.11400440510485,-530.4727783914158
4377.568492096407,-1.909932672296931e-05,-0.005182689896683404,8.746830973087075,171.4571688318862,-529.1534618049143
4379.68644960631,-1.9419155061872347e-05,-0.0052235061401068525,8.735811179642294,169.81491530645377,-527.8160385654127
4380.30276348435,-1.9482498276568288e-05,-0.00523549523149187,8.732588155632666,169.3398124974982,-527.4234574584297
4380.91907736239,-1.9531857801270292e-05,-0.005247518015242566,8.729357759115219,168.8659790511554,-527.0293455587092
4383.037034872293,-1.95900271195957e-05,-0.005288979421923746,8.7181998198635,167.24743819045167,-525.6633206484162
4385.154992382196,-1.9465973539622762e-05,-0.005330371058571551,8.706954140999105,165.64430086964663,-524.2792518767046
4385.771306260236,-1.9393851132125854e-05,-0.005342347328966659,8.703665251406534,165.1807364499028,-523.8731107360379
4386.387620138276,-1.930502697099806e-05,-0.0053542731503579055,8.700369028341292,164.71851181470672,-523.4654458002044
4388.505577648179,-1.8868313122697716e-05,-0.005394735147145131,8.68898585423154,163.1404045491526,-522.0529040790423
4390.623535158082,-1.822060001331752e-05,-0.005434048758822871,8.677518199447253,161.5785391337938,-520.6224250706388
4391.239849036121,-1.7991109678136467e-05,-0.005445208990141124,8.674165655932315,161.12714239872784,-520.2028019433106
4391.856162914161,-1.7742839608739685e-05,-0.005456221411508838,8.670806315850873,160.67715631416064,-519.7816667664822
4393.974120424064,-1.674341216205642e-05,-0.005492782361085751,8.65921113672534,159.1416471933784,-518.3229322225181
4396.092077933967,-1.5513149411784654e-05,-0.005526982116113959,8.647541023516936,157.62321077040033,-516.8464353710372
4396.708391812007,-1.5110989139995522e-05,-0.005536420407782534,8.644131727380241,157.18460648436908,-516.4134586558636
4397.324705690047,-1.4688847183551004e-05,-0.005545604451459289,8.640716731008066,156.7474818243885,-515.9789884506017
4399.4426631999495,-1.3084181933107255e-05,-0.005575057667224999,8.628939541585277,155.25669312041143,-514.4745809336515
4401.560620709853,-1.1240599875378255e-05,-0.005600859262349529,8.617103838491639,153.78376974168887,-512.9526783114462
4402.176934587893,-1.0659180047410223e-05,-0.005607608892265494,8.613649833005557,153.3585552985445,-512.5065447026808
4402.793248465933,-1.005768954038119e-05,-0.005613994199817881,8.61019181839315,152.9348847187022,-512.0589448841395
4404.911205975835,-7.837823919788518e-06,-0.005632986200962443,8.59828063182633,151.49081235312735,-510.5096397344294
4407.0291634857385,-5.38547442111523e-06,-0.0056470304255571355,8.586334460598303,150.06532342938868,-508.9432197638377
4407.645477363778,-4.6289946620324435e-06,-0.005650117215409604,8.582853122878417,149.6540418107703,-508.484210064708
4408.261791241818,-3.853694611517973e-06,-0.005652732685553769,8.579370064012517,149.24436030427117,-508.0237717213687
4410.37974875172,-1.0482174187712272e-06,-0.005657960591891544,8.567391192345783,147.84877666129844,-506.4306500285334
4412.4977062616235,1.966247757246876e-06,-0.0056570253029057495,8.555407774888462,146.47237994255664,-504.82092261605516
4413.114020139664,2.8808731299422565e-06,-0.005655531976167531,8.551921685495497,146.075489718878,-504.34941379295356
4413.730334017704,3.8115265918642293e-06,-0.005653471299110371,8.548436721914848,145.68024439397297,-503.8765252215347
4415.848291527606,7.1271187104677894e-06,-0.0056419168352611964,8.536473875384567,144.33459305453653,-502.24100923028675
4417.966249037509,1.0608884893307212e-05,-0.005623164113380997,8.524543123520091,143.00857605588834,-500.58953408640275
4418.58256291555,1.1650321064719758e-05,-0.005616304597636483,8.521079556383302,142.62642029150868,-500.1060060798927
4419.19887679359,1.2703275247009098e-05,-0.005608801596169349,8.51762043704739,142.24593930182,-499.62115892803104
4421.316834303492,1.6402035797107113e-05,-0.005577997729916997,8.505772452480315,140.95122887412313,-497.94502782647214
4423.434791813395,2.0203006894105105e-05,-0.005539251807182528,8.493998119662184,139.67640474192734,-496.2537216464496
4424.051105691435,2.132410144099442e-05,-0.0055264541013939775,8.490588101492223,139.3091812825726,-495.7587577756116
4424.667419569475,2.245036157271423e-05,-0.005512966433902743,8.487186192961037,138.94364445471527,-495.26254667489866
4426.785377079377,2.634968132590323e-05,-0.005461291053074381,8.475563226823821,137.7003507430562,-493.5479293054925
4428.90333458928,3.026502316815154e-05,-0.005401340111639311,8.464058470590368,136.4769665340028,-491.8190489910212
4429.519648467321,3.140196469257754e-05,-0.0053823354037435996,8.460735368661686,136.1247027078824,-491.31332926026425
4430.135962345361,3.253583004515537e-05,-0.005362634164942241,8.457424187960445,135.7741169522045,-490.80644431916494
4432.253919855263,3.6395482308277544e-05,-0.005289621075611446,8.446142250439044,134.5821044619306,-489.05578712788343
4434.371877365166,4.016281545252938e-05,-0.0052085311707699145,8.435023504714538,133.40977336630692,-487.2918881379988
4434.9881912432065,4.1235134725860284e-05,-0.005183445388294726,8.431821118544555,133.0723085403957,-486.7761753311636
4435.604505121247,4.2294317534740484e-05,-0.005157706610872028,8.428634368654317,132.73649151897305,-486.25938744018765
4437.722462631149,4.581778311713971e-05,-0.005064358728341454,8.417808142857059,131.59496644824932,-484.4753980244581
4439.840420141052,4.912005510572075e-05,-0.004963782534736333,8.407187278536494,130.47263632718182,-482.6792690181156
4440.4567340190915,5.003177551872211e-05,-0.004933224883263933,8.404137436297379,130.14961593886326,-482.15438806673063
4441.073047897132,5.091869465276783e-05,-0.004902117311796511,8.401106548519273,129.82819161262984,-481.62852756711595
4443.191005407034,5.3758791965621964e-05,-0.004791201294459531,8.390840536991517,128.73569873886873,-479.81409619964734
4445.308962916937,5.623184006565581e-05,-0.00467465876900833,8.380815399228199,127.66166919052677,-477.98867304217947
4445.925276794977,5.687405972448797e-05,-0.004639800192131423,8.377945093959712,127.35255374790601,-477.4554846825648
4446.541590673018,5.747860597794582e-05,-0.0046045620853414244,8.375096316626552,127.04496326025566,-476.92141446270824
4448.65954818292,5.924840001550628e-05,-0.00448085817165051,8.365474485973753,125.99943826678239,-475.0795175984859
4450.777505692823,6.049413699714068e-05,-0.004353960874675366,8.356118036679009,124.9714371045369,-473.2277811940511
4451.393819570862,6.0749311879981114e-05,-0.0043165938456958776,8.353446180251211,124.67552917103824,-472.68715128071915
4452.010133448903,6.095332566759312e-05,-0.004279090068179781,8.35079729704785,124.38106000710658,-472.1457356929294
4454.128090958805,6.124308264830474e-05,-0.004149565935434358,8.34187154894565,123.37994670334014,-470.2793263941512
4456.246048468708,6.0848789602741194e-05,-0.004020152504160735,8.333220010222599,122.39527415997125,-468.40418941070976
4456.862362346748,6.0596770039503035e-05,-0.003982722527625835,8.330753933271994,122.11176550297121,-467.85695536647734
4457.478676224789,6.028026539268474e-05,-0.003945472282734552,8.328310745264325,121.82960098949368,-467.3090264420976
4459.596633734691,5.8680139727685105e-05,-0.0038193480211042574,8.320088720104991,120.87003958388335,-465.4209167370128
4461.714591244594,5.624305717347307e-05,-0.0036974990772074196,8.3121292933021,119.92578484363582,-463.5251040646567
4462.330905122634,5.53685812671798e-05,-0.0036630990441384385,8.309861170865386,119.65382477373343,-462.9720398287623
4462.9472190006745,5.4417380811021244e-05,-0.0036292655744001854,8.307613927343095,119.38311480131955,-462.4183621297991
4465.065176510577,5.0544771951500006e-05,-0.0035179415059088553,8.30004681600182,118.46220311101803,-460.5111016940056
4467.18313402048,4.570115980569894e-05,-0.0034158477302856194,8.292705709623386,117.55553322527501,-458.5970286892577
4467.799447898519,4.410262382535379e-05,-0.0033881677891260927,8.290609136076311,117.29431778923336,-458.03880927765783
4468.4157617765595,4.241727966711188e-05,-0.0033615027981788808,8.288529142339007,117.03427026033162,-457.4800444742353
4470.533719286462,3.594855944159345e-05,-0.00327832569825268,8.281500323618324,116.149394914924,-455.55579918989235
4472.651676796365,2.840706304227743e-05,-0.003209985120084442,8.274631958899738,115.2779112410109,-453.62545107841197
4473.267990674405,2.6006534768170425e-05,-0.003193211143642536,8.272658934497157,115.02679149310542,-453.062617723564
4473.884304552445,2.3512463471115935e-05,-0.0031779470618726598,8.270695603129,114.77678255928797,-452.4992898713914
4476.002262062348,1.4218787143257542e-05,-0.003137791474737892,8.264011055015427,113.92601231795794,-450.559723724887
4478.120219572251,3.7976415315948537e-06,-0.003118513465194724,8.257389445818058,113.08816473182458,-448.61454005365334
4478.736533450291,5.519240453374767e-07,-0.0031171677684859117,8.255468073727364,112.84677090147144,-448.0474671849942
4479.352847328331,-2.789421212086599e-06,-0.0031178516331077993,8.253546722093304,112.60647065532953,-447.4799300437825
4481.470804838234,-1.500303241382291e-05,-0.00313649589961397,8.246928275740473,111.78899923167995,-445.52609570632626
4483.588762348137,-2.8336008179972607e-05,-0.0031821934589806476,8.240241692760979,110.98454378614153,-443.56686671834905
4484.205076226176,-3.242359648033894e-05,-0.0032009128521762035,8.238274916709138,110.75292085874028,-442.99573314345616
4484.821390104216,-3.660290814572666e-05,-0.003222177110999344,8.23629564371177,110.52242985909461,-442.42414208520063
4486.939347614119,-5.165666499252886e-05,-0.003315459876216772,8.229378245306096,109.73905134528148,-440.456390562298
4489.057305124022,-6.7743007183719e-05,-0.003441719344742514,8.222228356339066,108.96953292026438,-438.48317885161805
4489.673619002062,-7.261070907869864e-05,-0.0034849680724378606,8.220094089634124,108.74828197981594,-437.90794766817703
4490.289932880102,-7.75589229062138e-05,-0.0035312362153800915,8.217932083843648,108.52827283217886,-437.3322410202953
4492.4078903900045,-9.515771187115528e-05,-0.0037139890565839146,8.210266282120715,107.78186892232317,-435.3501696293745
4494.525847899908,-0.00011360867460109714,-0.003934917818953889,8.202172990155827,107.05110658557697,-433.3622807669431
4495.142161777948,-0.0001191250042719458,-0.004006636576006884,8.199725990870707,106.84152515334611,-432.7826958047206
4495.758475655988,-0.00012470218095363427,-0.004081765327827866,8.197233623767918,106.63338224526473,-432.20259384829455
4497.87643316589,-0.00014429877226809708,-0.004366531621298236,8.188294488123281,105.9293965031762,-430.20506415389576
4499.9943906757935,-0.0001644619531537826,-0.0046934026688302665,8.178707641528783,105.2439450360273,-428.20110328868157
4500.610704553833,-0.00017041685621628608,-0.0047966012566923516,8.175783467126077,105.04815831123891,-427.61671388504493
4501.227018431873,-0.00017640382053926967,-0.004903468064363475,8.172794499405569,104.85410742149146,-427.03174776552004
4503.344975941775,-0.00019717462689155724,-0.005299049227507207,8.161998046996574,104.20097661039432,-425.0170190965598
4505.4629334516785,-0.00021811810522482395,-0.005738804931910931,8.150316990591612,103.57053146081057,-422.99508421905364
4506.079247329719,-0.00022422018420179349,-0.005875121433755378,8.146738286873784,103.39160434540527,-422.4053139604977
4506.695561207759,-0.00023031665559482893,-0.00601518232897276,8.14307442780796,103.21482170915594,-421.81490048637596
4508.813518717661,-0.0002511625900327971,-0.006525115196580615,8.129802251695807,102.62432590421793,-419.78093634096865
4510.931476227564,-0.0002716879767473463,-0.00707885941435325,8.115403664148102,102.06202885623253,-417.739008118213
4511.547790105605,-0.0002775707496581022,-0.007248127876347149,8.110988864125236,101.90404539128484,-417.143285259192
4512.164103983645,-0.00028340273051165614,-0.0074209894432216905,8.10646873333121,101.74873238190261,-416.5468653170725
4514.282061493547,-0.0003029838422113795,-0.008042117273440995,8.090100785325545,101.236212456568,-414.4918731364939
4516.40001900345,-0.0003216759416465004,-0.008703775621135864,8.072374394010316,100.75879993528021,-412.4284590793468
4517.01633288149,-0.0003269152476569858,-0.008903657532994108,8.066948634343241,100.6268918619291,-411.82642455284804
4517.63264675953,-0.00033205376672916916,-0.009106719495920627,8.061398899509472,100.49829634384322,-411.2236804875227
4519.750604269432,-0.0003488639860713304,-0.009828060604787187,8.041353374288889,100.08266836412767,-409.1469322343054
4521.868561779335,-0.0003641802673319973,-0.010583422995263067,8.019744051435135,99.71038318553637,-407.06200147345675
4522.484875657376,-0.000368322827683184,-0.010809165812595792,8.01315178484591,99.61068286819993,-406.4538024030437
4523.101189535416,-0.0003723134665577504,-0.01103739731152403,8.00641991563968,99.51504169866021,-405.84496087699165
4525.219147045318,-0.00038478840338438975,-0.011839520719087551,7.982198018395366,99.21851456626321,-403.74790476198797
4527.337104555221,-0.00039517484527702744,-0.012665853841023676,7.956251620282941,98.97467881201923,-401.6441016660508
4527.953418433261,-0.00039777315419559247,-0.012910225149533636,7.948370083831298,98.9141652279148,-401.0307621527095
4528.569732311301,-0.0004001714856138533,-0.0131561205066639,7.9403378529101,98.85853603811967,-400.4169718956667
4530.687689821203,-0.00040681398032408814,-0.014011163320407985,7.911570269933166,98.7059188010801,-398.30457925178536
4532.805647331106,-0.0004108368770919256,-0.014877500557140577,7.880979782053573,98.61605035311646,-396.1886263702662
4533.4219612091465,-0.00041148880988192113,-0.015130925529596502,7.8717322811972625,98.60225368937185,-395.57246262146447
4534.038275087187,-0.0004119005834176737,-0.015384666310407457,7.862328954853494,98.59420162752089,-394.95621091707756
4536.156232597089,-0.0004114236564761981,-0.01625708339322163,7.828820270155814,98.61168486382729,-392.8384080293699
4538.274190106992,-0.0004079200153864327,-0.01712528513905807,7.793468307098117,98.70205085755047,-390.7225065740577
4538.890503985032,-0.0004063139794899917,-0.01737621569521719,7.7828361285143295,98.74258730064392,-390.1075224912676
4539.506817863073,-0.0004044407982552713,-0.017626067616443374,7.772050142753051,98.78969995551707,-389.49302295596004
4541.624775372975,-0.00039592833716627996,-0.01847421480801937,7.733816921465241,99.00303433287398,-387.3859484370776
4543.742732882878,-0.00038416775966470255,-0.01930089328242963,7.693810095378897,99.29859596897242,-385.28887655801987
4544.359046760917,-0.00038012916748825774,-0.019536432725545307,7.68184170641859,99.40052679633983,-384.6810454492617
4544.975360638958,-0.00037581420299688317,-0.01976939833398808,7.669729473923011,99.50975523236018,-384.0744999757541
4547.09331814886,-0.0003588702154129388,-0.020547984881450366,7.627027282722041,99.94185313307136,-382.00123411681807
4549.211275658763,-0.0003386890140334145,-0.021287256642526765,7.582717711819296,100.4636867241985,-379.94876717189607
4549.827589536803,-0.000332215907011653,-0.02149401239337893,7.56953389285586,100.6327389538294,-379.3560876410643
4550.443903414844,-0.0003254780036448787,-0.021696704902426422,7.556224406713408,100.80960805779695,-378.7657101790365
4552.561860924746,-0.00030032954112485353,-0.022359946708669243,7.5095593919755865,101.47776552912498,-376.75609179668356
4554.679818434649,-0.0002722070152957165,-0.022966775669995016,7.46154939927762,102.24023567132103,-374.78037688709776
4555.296132312689,-0.0002634864030562007,-0.023131859615764458,7.4473432611617305,102.47997988920055,-374.21260174024775
4555.9124461907295,-0.000254533567625084,-0.02329151216404035,7.433037498076367,102.72777032612576,-373.64830638947365
4558.030403700632,-0.00022205495698940836,-0.023796645936745815,7.3831595357400355,103.64091265214135,-371.73753682937615
4560.148361210535,-0.00018710235742976382,-0.024230371490433753,7.332287341323158,104.64907440160343,-369.875191697004
4560.764675088574,-0.0001765001960493342,-0.024342418559364608,7.317318756850759,104.9602111208262,-369.3431792980465
4561.3809889666145,-0.00016571654819232318,-0.0244478958160535,7.302283488610747,105.27926899700377,-368.8158903069203
4563.498946476517,-0.0001273604602630278,-0.024758573382709294,7.250160211323439,106.43578844386165,-367.0418486825249
4565.61690398642,-8.721826773783822e-05,-0.024986122938063557,7.197466962948578,107.68361893287668,-365.3308283150444
4566.23321786446,-7.524388348356425e-05,-0.02503618152055141,7.182051713983524,108.0635508371589,-364.84555349519445
4566.8495317425,-6.315190691428498e-05,-0.025078847829987407,7.166608116874822,108.45090217544251,-364.3661853956673
4568.967489252403,-2.0806182916692667e-05,-0.025167930128546453,7.113381834535251,109.83768541278829,-362.7657099140057
4571.085446762306,2.251670018398811e-05,-0.02516629119222213,7.060062951532807,111.3077008146851,-361.24133152016725
4571.701760640346,3.526011615532643e-05,-0.02514847667840252,7.04455762064885,111.75054026266929,-360.81269481252195
4572.318074518386,4.805031428864311e-05,-0.025122818921097367,7.029065776426534,112.19995272225394,-360.3909518682364
4574.4360320282885,9.224698545616423e-05,-0.024974269756626123,6.975997478551941,113.7930230384997,-358.99567672842795
4576.553989538192,0.00013657224467383838,-0.024731977748529654,6.9233430731756505,115.4575859069912,-357.68649316473017
4577.170303416231,0.0001494481681739237,-0.02464382476214099,6.90812715728553,115.95466006807295,-357.32214460451814
4577.786617294271,0.00016230036782549962,-0.024547767254532137,6.892967962730553,116.45720178835934,-356.9653610801774
4579.9045748041735,0.00020617560315270428,-0.02415744006667019,6.84137390781155,118.22404373513464,-355.7979003635259
4582.022532314077,0.0002493768142727007,-0.02367490077196397,6.79070419995349,120.04826171443197,-354.7222307888647
4582.638846192117,0.0002617796644528043,-0.02351736852645892,6.776161236772468,120.58905412306629,-354.42664135918375
4583.255160070157,0.00027409538988927063,-0.02335223943830762,6.7617175380680585,121.13407444286138,-354.1388928684803
4585.373117580059,0.0003156575928221921,-0.0227274637407885,6.712904828879018,123.03727439915824,-353.21012702356416
4587.491075089963,0.0003558610253887197,-0.022016099972390346,6.665507062998029,124.98297031965873,-352.37391716568413
4588.107388968002,0.00036727090391425643,-0.021793245503653,6.652006659832314,125.55632128225614,-352.1478726663379
4588.723702846042,0.00037854218039400284,-0.02156341746230796,6.638645488980783,126.13266551464119,-351.92952291064967
4590.841660355944,0.0004161430517436137,-0.020721529650845442,6.593852925352421,128.1341527605272,-351.2374607009449
4592.959617865848,0.000451857008439145,-0.01980200299406019,6.550925662224593,130.16411035257292,-350.6337902181581
4593.575931743888,0.0004618703418161714,-0.019520415722499976,6.538808025040079,130.75943481573103,-350.4743682804148
4594.192245621928,0.0004717071967515005,-0.01923272256369832,6.5268654773100785,131.356649102796,-350.32209781286446
4596.31020313183,0.0005041117917971246,-0.018198952886842902,6.487214436597909,133.42169302982774,-349.85236253240464
4598.4281606417335,0.0005342608214553012,-0.017098940250380938,6.4498230260232265,135.5033538377881,-349.4624828402458
4599.044474519774,0.0005425939661323314,-0.016767085118508235,6.439386898384879,136.11164604547207,-349.36344943156246
4599.660788397814,0.0005507254758723265,-0.016430163283889142,6.429156471698168,136.72094704600048,-349.27069062449846
4601.778745907716,0.0005770973107524095,-0.015235384078824096,6.3956139363853834,138.8211905065692,-348.9982825945674
4603.896703417619,0.0006009827802885146,-0.013987383456101168,6.3646582530132445,140.9291833636419,-348.7937238553073
4604.513017295659,0.0006074567131325238,-0.013614980676376802,6.356152394286958,141.54365062850616,-348.74619790869025
4605.129331173699,0.000613714182237802,-0.013238658453206301,6.347876843913797,142.15851270608695,-348.7038186101212
4607.247288683601,0.0006335481437059787,-0.011917373259665817,6.3212302146693045,144.27362042679266,-348.59557682941835
4609.365246193504,0.0006507707864147302,-0.010556845909571315,6.297423567933277,146.39083594462005,-348.54071673199627
4609.981560071545,0.0006552873763470576,-0.010154362248698121,6.291041339232421,147.0071032202819,-348.5339252222807
4610.597873949585,0.0006595802904877174,-0.009749165445499548,6.2849075720631005,147.62341569861292,-348.5309842319007
4612.715831459487,0.0006726190531020505,-0.008337924926285023,6.265749350994868,149.74125677127589,-348.54815673758407
4614.83378896939,0.0006829964762480381,-0.0069018871638283135,6.2496063371363535,151.85850244632297,-348.60270581806634
4615.450102847431,0.0006855151640764669,-0.006480158865134944,6.245482708106841,152.47441799291,-348.6246825442186
4616.066416725471,0.0006878082010653073,-0.0060569478731844414,6.241619017979363,153.09025087089637,-348.64911609670696
4618.184374235373,0.0006939665992666868,-0.004593207866511875,6.23033892479105,155.20580339392242,-348.7496075771078
4620.302331745276,0.0006974629101036358,-0.0031192437280824752,6.222169797880729,157.32029999341378,-348.8706679581971
4620.918645623316,0.0006979812221828554,-0.002689216648294078,6.220380085271906,157.93542892237693,-348.9088141111442
4621.534959501356,0.0006982752261620196,-0.0022589383762472463,6.218855049085232,158.55049800421966,-348.94797944077794
4623.652917011258,0.000697578613103419,-0.0007802942579248406,6.215637318653162,160.66381369976176,-349.08808508031507
4625.770874521161,0.0006942498932864476,0.0006940871184007302,6.2155467794827475,162.77689839424264,-349.23168648148015
4626.3871883992015,0.0006927891594266974,0.0011215235624496753,6.216106537470507,163.3918134753778,-349.27318231886557
4627.003502277242,0.0006911076152509982,0.0015479932674167401,6.216929006643526,164.006755260041,-349.3142549293051
4629.121459787144,0.0006836515876708795,0.0030042893791874274,6.221753046582475,166.12036591559982,-349.44992251784146
4631.239417297047,0.0006736157763110392,0.004442062005135666,6.229641843830033,168.23478249320348,-349.5721517170764
4631.855731175087,0.0006702143762821916,0.004856182719554432,6.232507484542119,168.85026155922975,-349.60426540131465
4632.472045053128,0.0006665976346150805,0.005268143137768497,6.235627272685348,169.46582655793847,-349.6345409366017
4634.59000256303,0.0006525358820985962,0.00666551896227324,6.248270491261758,171.58195875943923,-349.72236860581336
4636.707960072933,0.0006359729158877843,0.008030463860269411,6.2638389487976545,173.69909014470778,-349.7803384141216
4637.324273950972,0.0006306886984244541,0.008420803660811091,6.268908896247202,174.3153212659282,-349.790708708806
4637.940587829013,0.0006251973987394388,0.00880782657701628,6.27421799449079,174.93158604389876,-349.7978877115917
4640.058545338915,0.0006047612270273986,0.010110746883279604,6.2942604461835305,177.04952245767802,-349.7961331293418
4642.176502848818,0.0005819439757795928,0.011367862733549521,6.31701392177794,179.1668955721291,-349.7490655288152
4642.792816726858,0.0005748652897373997,0.011724349345759095,6.324130369289302,179.78278481721398,-349.72603585274936
4643.409130604899,0.0005675923089492458,0.012076419050960964,6.331464789549651,180.39847708921488,-349.6985671936554
4645.527088114801,0.0005411384712586463,0.013250928710219144,6.358296211671607,182.5123856439508,-349.5684103533772
4647.645045624704,0.0005124901529581302,0.014367086356930705,6.387553401805243,184.6217658151797,-349.3790375453944
4648.261359502744,0.000503754185096698,0.014680254720434818,6.396505000740038,185.23443916484248,-349.312091574497
4648.8776733807845,0.0004948435193915821,0.014987993619929179,6.40564760102958,185.84646701383738,-349.2396202016715
4650.995630890687,0.00046292264423672007,0.016002585362310685,6.438478255823002,187.94400701061835,-348.9467976908164
4653.11358840059,0.0004290882865709592,0.01694754371010826,6.473384032531181,190.03038094987437,-348.5831320302371
4653.729902278629,0.0004189019658585769,0.017208860346546652,6.483910047430555,190.6349647605191,-348.46343189092846
4654.3462161566695,0.0004085696096356477,0.017463865984406312,6.494594890730998,191.23823274996786,-348.33734560461613
4656.464173666572,0.00037199653210829843,0.01829073619966581,6.532472209307616,193.30020770394688,-347.8540872334207
4658.582131176475,0.00033390923543143375,0.019038542664806313,6.572017077034689,195.34189387247966,-347.29141152115125
4659.198445054515,0.0003225673997754939,0.019240839135919955,6.583813619768762,195.93163600496416,-347.1123803407893
4659.814758932555,0.0003111188658428396,0.019436128471275363,6.595732477494817,196.51920637237245,-346.9263909240561
4661.932716442458,0.0002710273237690643,0.02005278242283926,6.637565565624994,198.52042941323603,-346.23338778390763
4664.050673952361,0.0002299527337077877,0.02058348316485054,6.680613678000056,200.4904188731101,-345.45612696742825
4664.6669878304,0.00021784883445013215,0.020721470360504184,6.693342551889362,201.0571668531919,-345.21396576647413
4665.28330170844,0.00020568881468214034,0.020852000180926443,6.706154064806704,201.62077554611733,-344.96461013831123
4667.401259218343,0.000163555827438225,0.02124307911284144,6.750747669327734,203.5321260256904,-344.052592391918
4669.519216728246,0.00012110158428830156,0.021544581964829168,6.7960747032439786,205.40054122055375,-343.0556154082004
4670.135530606286,0.00010872739391630416,0.021615394398633223,6.8093751690914575,205.93552639033922,-342.7496202884876
4670.751844484326,9.635794176137388e-05,0.021678604770474428,6.822716945575399,206.46639467787358,-342.43654751068254
4672.8698019942285,5.398547884793775e-05,0.021837736089178206,6.868815581535156,208.25779729485757,-341.30701739530645
4674.987759504132,1.206157829427075e-05,0.02190759934985064,6.915156717889466,209.9951020920221,-340.0959434285882
4675.604073382172,-8.83228748019881e-09,0.02191129768300426,6.928660161303102,210.4899051663433,-339.72850808322136
4676.220387260212,-1.2006423350921437e-05,0.02190760379989547,6.942163747041886,210.97971485413774,-339.3544422666241
4678.338344770114,-5.257159776280254e-05,0.02183899192303707,6.988505387860922,212.623533681987,-338.0192313658962
4680.456302280018,-9.186125388243147e-05,0.021685815477165533,7.034612159558085,214.20391689897392,-336.60949740842227
4681.072616158057,-0.0001030084994177046,0.02162574521471463,7.04795916588228,214.65143617952657,-336.1857495539942
4681.688930036097,-0.0001140130332282123,0.021558872692788514,7.061267328505777,215.09328610327344,-335.75608642314893
4683.806887545999,-0.00015063131541400137,0.021278251818778623,7.106644231796981,216.56748693666148,-334.23566819250277
4685.924845055903,-0.0001851638266919346,0.020922283766092696,7.151347000939173,217.97176279186598,-332.6504111833268
4686.541158933943,-0.00019477784656387167,0.02080517979171587,7.164205740796654,218.36699606349032,-332.17752220012807
4687.157472811983,-0.0002041842639773668,0.020682235420165545,7.1769909064705155,218.7561531036855,-331.6996089092528
4689.275430321885,-0.00023482646115029817,0.020216839573786994,7.220313090526419,220.04661931794917,-330.0204161374672
4691.3933878317885,-0.00026267644778875263,0.019689501747421456,7.262583990713556,221.26409180565156,-328.28753222273605
4692.009701709829,-0.00027022139151259634,0.019525262722546455,7.274668300474899,221.60458636147234,-327.77382483656356
4692.626015587869,-0.0002775061937270717,0.019356469334068795,7.286650482783412,221.9388931299167,-327.25605544074403
4694.743973097771,-0.0003004789544906008,0.01874381008317779,7.327005836961611,223.0404886930673,-325.4473094624021
4696.861930607674,-0.00032013573795996065,0.018086007050610878,7.366015798572653,224.06948796099408,-323.5962570799804
4697.478244485714,-0.00032520988864498954,0.017887117807682602,7.377101052503056,224.3553971992891,-323.0502834147741
4698.094558363754,-0.0003299890430679832,0.017685200965269085,7.3880633608814295,224.63528532109453,-322.50118431013107
4700.212515873656,-0.00034411491303488117,0.016970701938460606,7.424767831366471,225.55157267312907,-320.59184011868433
4702.330473383559,-0.0003546301798774579,0.01623010847127303,7.459931389813875,226.3986960147216,-318.6507771757047
4702.9467872616,-0.00035700226555090373,0.016010795335273435,7.4698664235004815,226.63247479623217,-318.0805322367061
4703.56310113964,-0.0003590647697963777,0.015790117145072884,7.47966646454818,226.86062538527884,-317.50799862400794
4705.681058649542,-0.0003637760610818265,0.015023998067093045,7.512299034952875,227.60244951640198,-315.5243191514967
4707.799016159445,-0.0003648272513573201,0.014251776643564357,7.543302535448583,228.28080914731612,-313.5180114769513
4708.415330037486,-0.00036444968826282367,0.014027030222997894,7.5520165298902855,228.46665006955652,-312.9303923962301
4709.031643915526,-0.000363768609631431,0.013802604392750654,7.560592691017586,228.64740887255044,-312.34117825611713
4711.149601425428,-0.0003591303569700255,0.01303645739966371,7.589012304963219,229.23074984176597,-310.3052251297644
4713.267558935331,-0.00035102265521817284,0.012283808101511974,7.6158235459033286,229.75766322816554,-308.2539116698064
4713.8838728133705,-0.0003480286105264817,0.012068380734554861,7.623327458360272,229.90080364261524,-307.6544573072897
4714.500186691411,-0.0003447566774667543,0.011854872128764717,7.630699724444416,230.03948120538539,-307.05394518963993
4716.618144201313,-0.0003314405577700564,0.011138253584228415,7.655043406470005,230.48301937792414,-304.9830138267946
4718.736101711216,-0.00031506466981380527,0.010453078244988432,7.677902618553849,230.87756847521766,-302.9021681827973
4719.352415589256,-0.0003097528912477088,0.010260531776062487,7.6842852380101565,230.9835866544907,-302.29504654437915
4719.968729467297,-0.0003042059739873533,0.010071313903099075,7.69055066548976,231.08575901880016,-301.68725864433156
4722.086686977199,-0.0002834239821951882,0.009448590899274108,7.711213600374503,231.4085231040929,-299.5940842667294
4724.204644487102,-0.00026017528678346164,0.008872495457763961,7.730607011994586,231.68930658721183,-297.49484814438165
4724.820958365142,-0.0002529839004433982,0.008714362626343753,7.736026090631077,231.76349188340518,-296.88301908117
4725.437272243183,-0.00024561368624981077,0.00856069548473816,7.741349429494807,231.83438245435516,-296.2707945210069
4727.555229753085,-0.00021901523023388028,0.008068356333705035,7.758948974157466,232.0537242387974,-294.1642574515218
4729.673187262988,-0.00019067736515399658,0.00763419357958756,7.775567372986141,232.23699690354707,-292.0542644252124
4730.289501141027,-0.0001821475449177735,0.007519310702592391,7.780236614627211,232.28384139470188,-291.4397358938329
4730.905815019068,-0.0001735041253670464,0.00740969601583477,7.784836894340836,232.32782768339314,-290.8249930586141
4733.02377252897,-0.00014303989027157757,0.007074317449295449,7.800163594069137,232.457846005985,-288.71105347045676
4735.141730038873,-0.00011163977820832484,0.006804451912086145,7.814849353150003,232.5561295290048,-286.5953941270111
4735.758043916913,-0.000102372440679075,0.006738512578215194,7.819022339098664,232.5789592846478,-285.9795047882665
4736.3743577949535,-9.306082726352374e-05,0.006678273943414833,7.823156527960593,232.59922006625874,-285.3635240149839
4738.492315304856,-6.083365377832271e-05,0.006515283445383523,7.837116157370451,232.64966979585307,-283.2461856508033
4740.610272814759,-2.8495927912505758e-05,0.006420665804080509,7.850802985233644,232.6708476781456,-281.128349562305
4741.226586692798,-1.9110612909877106e-05,0.006406009073765674,7.854755306397789,232.67159389488836,-280.5120369728104
4741.8429005708385,-9.750111374513482e-06,0.006397105241944716,7.858700320072611,232.6698956682248,-279.8957259865098
4743.960858080741,2.2119875436505032e-05,0.006410326079002175,7.872251333050243,232.64556937245763,-277.77792403597846
4746.078815590644,5.330135148292013e-05,0.006490317075694255,7.885901055379519,232.59244379690136,-275.6606497200252
4746.695129468684,6.22028458418815e-05,0.006525926683629706,7.889911875288762,232.57154605037823,-275.04469049010964
4747.311443346724,7.101457666487234e-05,0.006566973137591724,7.893946145510426,232.54816058368752,-274.42882160601533
4749.429400856627,0.0001005113001526015,0.006748865256964359,7.90803657384172,232.44871243070952,-272.31321600808946
4751.54735836653,0.00012859235842125656,0.006991731023974228,7.922576811750686,232.31899069834202,-270.199255271086
4752.16367224457,0.00013646031243153128,0.007073426576361061,7.926910955024122,232.27542284539135,-269.5844829609396
4752.77998612261,0.00014418152469863213,0.007159907847524614,7.931296642018773,232.22916634078405,-268.9699092821004
4754.897943632513,0.0001695101490207317,0.007492458498791353,7.9468040974832945,232.04934622395137,-266.85961729608994
4757.015901142416,0.00019281134914126886,0.007876507100999856,7.9630704163330535,231.83602580081336,-264.75245667433444
4757.632215020455,0.00019918094527399463,0.007997320339457912,7.967962012251188,231.767435758669,-264.1399705716649
4758.248528898495,0.0002053580993053359,0.00812198617950704,7.972928885346312,231.69582094108256,-263.52783437070707
4760.366486408398,0.00022505091325403795,0.008578219701032697,7.990607152610636,231.42608953875094,-261.4271457852216
4762.484443918301,0.00024225347166013066,0.009073524638038094,8.009293078887055,231.11821283239001,-259.33172107663376
4763.100757796341,0.0002467704553297322,0.009224238088407045,8.014931724656904,231.0211678121172,-258.7230941269409
4763.717071674381,0.00025106296064166184,0.009377657572106195,8.0206636605957,230.92066046119965,-258.11503451262263
4765.8350291842835,0.00026405693819929005,0.0099236495359775,8.04109899735067,230.54815540263135,-256.0301231172641
4767.952986694187,0.000274269359977471,0.010494216583724335,8.062716746377584,230.1319024973602,-253.95352139337638
4768.569300572227,0.00027670749476976894,0.010664019456673833,8.069236957164337,230.00222991530728,-253.3510015600384
4769.185614450267,0.0002789042124038116,0.010835247393913412,8.075861795893736,229.86859974680664,-252.7493538266024
4771.303571960169,0.00028459101231116836,0.011432486741637453,8.099441267418241,229.37841534545495,-250.68894373621862
4773.4215294700725,0.00028738893707198497,0.012038711232526695,8.124295181580182,228.83849120956538,-248.64102769073298
4774.037843348112,0.0002876597379416673,0.01221592926520973,8.131769648734533,228.6717012180394,-248.0477093205621
4774.654157226152,0.00028768798797916876,0.012393241831514253,8.139352901668863,228.50045230556418,-247.45567066749894
4776.772114736054,0.00028593911660444385,0.013001196464335152,8.166246251019707,227.8771754756387,-245.43155632958803
4778.8900722459575,0.000281381600767765,0.013602472767078665,8.194420150241138,227.19842219037898,-243.42539048118618
4779.506386123998,0.0002795374211639636,0.013775333113331588,8.202857103089185,226.9901889743474,-242.84531748779554
4780.122700002038,0.0002774652121847996,0.013946994331821824,8.211399785206611,226.77704555879976,-242.2670397859266
4782.24065751194,0.0002686335140740188,0.014525750972599904,8.241555595187696,226.00645404005923,-240.2943173159896
4784.358615021843,0.0002572539372912468,0.015083104302655217,8.272914521491176,225.1755757771394,-238.3462475278585
4784.974928899884,0.00025348314253075503,0.015240496647330263,8.282259281156858,224.9222411988054,-237.78440494719337
4785.591242777924,0.0002495133584838311,0.015395516123595708,8.291699930832733,224.66365076313684,-237.22497136914362
4787.709200287826,0.00023440447086364046,0.01590835038385986,8.32485610600538,223.73442900942462,-235.32183729178695
4789.827157797729,0.00021716772274829257,0.01638693130306466,8.35906216879041,222.74166436081182,-233.45109278535708
4790.443471675769,0.0002117793650379302,0.016519115218623863,8.369202743541205,222.44071199520943,-232.91325225459164
4791.059785553809,0.00020623305643734013,0.016647945598200754,8.379423448310524,222.13431208126204,-232.37850529738142
4793.177743063711,0.00018603724083424562,0.017063631461089662,8.41513113811356,221.03958932951963,-230.56552903862567
4795.295700573614,0.00016425526377973897,0.017434863733374405,8.451672157503626,219.88012103199944,-228.79328636894263
4795.912014451655,0.00015765151421154062,0.017534058385881835,8.462448415330956,219.53055742086667,-228.2856951377807
4796.528328329695,0.00015093921888691993,0.017629167922926146,8.473284340620628,219.1755424209457,-227.7819090879408
4798.646285839597,0.00012712494746842826,0.017923802980207314,8.510943264641616,217.91403115230455,-226.0807838390548
4800.7642433495,0.00010234174671055457,0.018166974346909354,8.549171714239874,216.5889134763618,-224.4287437882697
4801.38055722754,9.498349849301241e-05,0.018227774756900895,8.560387323247717,216.19149420490618,-223.95768120383028
4801.99687110558,8.757050028935555e-05,0.01828404246023457,8.571638902000426,215.7888208489754,-223.49110701171725
4804.114828615482,6.176424404542916e-05,0.018442241847461956,8.610540963950132,214.36535658003854,-221.92300638139608
4806.232786125385,3.563466346389335e-05,0.018545442286870547,8.649719842762787,212.88178596684503,-220.41165730287008
4806.8491000034255,2.8006115701830135e-05,0.018565044024991675,8.661155966090785,212.43904171474304,-219.98291747862032
4807.465413881466,2.0376942740712714e-05,0.018579962477287774,8.672602725088653,211.99143139226854,-219.5592620995452
4809.583371391368,-5.760277661768154e-06,0.01859538818783782,8.71198034590284,210.41679575081847,-218.1430398185897
4811.701328901271,-3.159705443461944e-05,0.018555774539569265,8.751332352204846,208.78765137153715,-216.78987517286959
4812.317642779311,-3.902593164265051e-05,0.01853400008598628,8.762762034861254,208.30370189050834,-216.40825821728455
4812.933956657352,-4.640543872010229e-05,0.018507678564297313,8.774176990083374,207.8154320425437,-216.03218227335046
4815.051914167254,-7.131163159245045e-05,0.018382868984823917,8.81325244789801,206.10546699206847,-214.78271096913574
4817.169871677157,-9.536963228007991e-05,0.018206207364617165,8.85200865411695,204.348183184447,-213.60070006489443
4817.786185555196,-0.0001021836779010525,0.018145317815772607,8.86321077494193,203.82836749838464,-213.26959772094244
4818.402499433237,-0.00010890685554258565,0.0180802693598261,8.874374260314434,203.30488479847708,-212.944316274957
4820.520456943139,-0.00013125630979101723,0.017825716718264276,8.912406053021806,201.4790439866045,-211.87124429252043
4822.638414453042,-0.00015233122429662963,0.017525178592744738,8.949850016399765,199.6140080099107,-210.8678075585177
4823.254728331082,-0.0001582047087762832,0.017429473147493067,8.96062161555265,199.0643952001221,-210.58894961148798
4823.871042209123,-0.00016395724007026608,0.0173301935250015,8.971333359868327,198.51181805917366,-210.31599902975242
4825.988999719025,-0.00018276048677212247,0.016962751935577367,9.007655598340095,196.5914090152674,-209.42311232175706
4828.106957228928,-0.00020000629297730645,0.016557135164988548,9.043159184432264,194.6401630382535,-208.59973840385982
4828.723271106968,-0.00020472053060684097,0.016432405421720506,9.053325160494866,194.0670279418998,-208.37312968218953
4829.3395849850085,-0.00020929597476982613,0.01630481724001633,9.063413648798031,193.49162354291497,-208.15232587075886
4831.457542494911,-0.00022393771731545466,0.015845732346661406,9.097465553740843,191.49803614451682,-207.43756591137523
4833.575500004814,-0.00023688187618776786,0.01535743456976869,9.130514200563047,189.4815741734652,-206.79006743734925
4834.191813882853,-0.00024032559790187599,0.015210371132372634,9.139933850119132,188.89092005937786,-206.6141046161568
4834.8081277608935,-0.00024362415263393686,0.015061230525729349,9.149262500797253,188.2986364485438,-206.443677706529
4836.926085270796,-0.0002538467315804745,0.014534117230666926,9.180606846618668,186.25181884103088,-205.89973388886506
4839.044042780699,-0.00026235710919488513,0.013987166132589018,9.210813781066289,184.18920999494003,-205.41901920456155
4839.660356658739,-0.0002645141963721945,0.013824800323935396,9.21938415749521,183.5863988917205,-205.29074505050718
4840.276670536779,-0.000266529321976041,0.013661146315137759,9.227854341307872,182.9825096683243,-205.16760559604649
4842.394628046682,-0.00027238026718149645,0.013090165528605804,9.256185295464471,180.8998633383969,-204.7829109164347
4844.512585556585,-0.0002766052263704851,0.012508514573383199,9.283295637094264,178.80733150668374,-204.456081543036
4845.128899434625,-0.00027753636129668684,0.012337747118791783,9.29095207922238,178.19685194876348,-204.37151895938382
4845.745213312665,-0.00027833621815968857,0.012166441479721426,9.298503361585714,177.58573978951486,-204.2915973345004
4847.863170822568,-0.00028010321956447427,0.011574807553152907,9.323645226786132,175.48149688383904,-204.05152501475823
4849.981128332471,-0.0002804060211044534,0.010980981749238937,9.347531715317112,173.37198022051567,-203.86309891829603
4850.59744221051,-0.0002802297447242504,0.010808214858604932,9.354246079900811,172.75735222283515,-203.81760810893238
4851.21375608855,-0.000279938235085734,0.01063558579415924,9.36085423011242,172.14242812896717,-203.7762113039887
4853.331713598453,-0.00027808493773419976,0.010044430402606275,9.38275300140828,170.027479370541,-203.66428948009153
4855.449671108356,-0.0002749811520321045,0.009458524456693622,9.403405289754481,167.91060958313938,-203.59738395456958
4856.065984986396,-0.00027385598349321383,0.009289395022674795,9.409182451332976,167.29440480328762,-203.58599801520919
4856.682298864436,-0.00027263512100001087,0.009120981269057271,9.414855780991509,166.67813922508847,-203.57814083581198
4858.8002563743385,-0.00026774188379223866,0.00854855599182946,9.433565428431045,164.56021864819195,-203.57715156202656
4860.918213884242,-0.00026184290692596833,0.00798755944002494,9.45107480623323,162.4426120772337,-203.61451408463012
4861.534527762282,-0.00025995155132709977,0.007826764836689601,9.455947956133521,161.82655583632658,-203.63222476949198
4862.150841640322,-0.0002579859031577098,0.007667151137141571,9.46072251333383,161.2105876907126,-203.65290903690632
4864.268799150224,-0.00025069864573023896,0.0071283329475673955,9.476387752736455,159.09469420386523,-203.7457949493465
4866.3867566601275,-0.00024266316179193543,0.006605741215567183,9.490928981581831,156.98043286287682,-203.8706259860531
4867.003070538167,-0.00024019869594865678,0.006456945154401787,9.494954198410634,156.36555281450205,-203.91260700297823
4867.619384416207,-0.00023768173674874134,0.006309676575716097,9.498888282365227,155.7508414145615,-203.9570376466802
4869.737341926109,-0.00022866619639753838,0.0058157369330817605,9.51172537532345,153.6397800114877,-204.1275891860225
4871.8552994360125,-0.00021915722395509374,0.005341414355941716,9.523537099161702,151.5309719120042,-204.32414519538352
4872.471613314053,-0.00021631131002768363,0.005207223820918882,9.526787603702976,150.91776271445707,-204.3859121524311
4873.087927192093,-0.0002134338762081366,0.005074789873033323,9.529956007246609,150.30475271731422,-204.44965035695017
4875.205884701995,-0.00020333794342421383,0.004633392419950345,9.540232944461689,148.19969901757963,-204.68298119624353
4877.323842211898,-0.00019298732887441074,0.004213647426105886,9.54959795012048,146.09703203622587,-204.93697471479902
4877.940156089938,-0.00018994010721094332,0.004095648451046002,9.552158399293244,145.48561318467006,-205.01448803882587
4878.556469967978,-0.0001868804917377666,0.003979525062191378,9.554646726495381,144.87439065932094,-205.0935483156967
4880.67442747788,-0.00017630089503598188,0.003594915958507237,9.562663935649867,142.77541091819813,-205.37638603602971
4882.792384987783,-0.0001656774963395422,0.0032327603764911437,9.569890336867243,140.6786436330729,-205.67521392363227
4883.408698865824,-0.00016258867953659537,0.003131606002081882,9.57185145877796,140.06889607838866,-205.7649343120159
4884.025012743864,-0.00015950381247907357,0.0030323488900171154,9.573750815486315,139.45932222800138,-205.8558352442257
4886.142970253766,-0.0001489574848386063,0.002705717971425801,9.579823388444218,137.36580932719977,-206.1766616660409
4888.260927763669,-0.0001385417093517657,0.0024012854747054034,9.585227678652274,135.2741692469434,-206.50949661251934
4888.87724164171,-0.0001355438770633282,0.002316827310554578,9.586681513527385,134.66584394358608,-206.60840322783773
4889.49355551975,-0.0001325630720282726,0.002234207496372338,9.58808382994824,134.05766036768136,-206.70818207285424
4891.611513029652,-0.0001224686423713904,0.001964181032593893,9.592526110244629,131.9686701418998,-207.05725779258327
4893.729470539555,-0.00011263882770933375,0.0017152539202576627,9.596418829729101,129.88115122990794,-207.4150365827444
4894.345784417595,-0.00010983443267082833,0.0016467003403702303,9.597454772275334,129.273948529863,-207.52061747471546
4894.962098295635,-0.0001070567005536334,0.0015798641081794331,9.598448942641353,128.66685347146617,-207.62681798269332
4897.080055805537,-9.772829139841185e-05,0.0013630644700216735,9.601562021463765,126.58134313511252,-207.9961221588603
4899.19801331544,-8.875862968009736e-05,0.001165642100175582,9.604236447979861,124.49690932131212,-208.37145988603805
4899.8143271934805,-8.622006252084039e-05,0.0011117240468592287,9.60493818347499,123.89053194461741,-208.4816827613562
4900.430641071521,-8.371455799585507e-05,0.0010593586237196172,9.60560710370371,123.2842305665754,-208.59232416047203
4902.548598581423,-7.536531032012037e-05,0.0008909698971858117,9.607669416931328,121.20121175940115,-208.9754355497776
4904.666556091326,-6.743235628351277e-05,0.0007398236763492086,9.609393349438207,119.1189215165478,-209.36248974220385
4905.282869969366,-6.520438085127876e-05,0.0006989532570077314,9.609836682519758,118.51310584805297,-209.47575967673333
4905.899183847407,-6.301296276119339e-05,0.0006594439010210573,9.610255175878569,117.90733942312728,-209.58929325441287
4908.017141357309,-5.576542750622852e-05,0.0005337382189759136,9.611516103895395,115.82596342299567,-209.98123334767573
4910.135098867212,-4.8960449545346897e-05,0.0004229138498800243,9.612526551613147,113.74503368927475,-210.375537018272
4910.751412745251,-4.706406965131693e-05,0.0003933253691928524,9.612778058105901,113.13956477528939,-210.49064631417363
4911.367726623292,-4.520537925210909e-05,0.0003648939801601494,9.61301161296654,112.53412417039665,-210.6059046539167
4913.485684133194,-3.910622997264771e-05,0.0002756881240931678,9.613687778838255,110.4537176311662,-211.00295925169084
4915.603641643097,-3.345098137069879e-05,0.00019892992565984498,9.614188192302159,108.37354496333911,-211.40123767604894
4916.219955521137,-3.188822475649923e-05,0.00017879697504958082,9.614304578890916,107.76826027271518,-211.51731190018114
4916.836269399178,-3.036243955177218e-05,0.0001596162683968592,9.61440877955851,107.16298872044743,-211.63345469210228
4918.95422690908,-2.5399272399277087e-05,0.00010064115700484332,9.614682611152748,105.08305644431202,-212.03298652139065
4921.072184418983,-2.086306510888541e-05,5.17256813331725e-05,9.614842188907419,103.00321078026302,-212.43296907564013
4921.688498297023,-1.9621919812227277e-05,3.925139849401409e-05,9.614870220348624,102.39799696938614,-212.5494123508685
4922.3048121750635,-1.8415772486537857e-05,2.753211424560829e-05,9.614890728966692,101.79278625817302,-212.66587174874297
4924.422769684966,-1.4534067068147936e-05,-7.2908155059300985e-06,9.614910787437557,99.71299433219897,-213.06613361117806
4926.540727194869,-1.1050388421884965e-05,-3.4313960010943626e-05,9.614865352229698,97.63319732829834,-213.46636908430347
4927.157041072908,-1.0109592277613494e-05,-4.0833387428332885e-05,9.614842198395275,97.02798323180075,-213.58281088930477
4927.7733549509485,-9.20102966005425e-06,-4.678188564813437e-05,9.614815140303774,96.4227664215407,-213.6992385849184
4929.891312460851,-6.319963620309413e-06,-6.315424504550945e-05,9.614697711119813,94.34291551774791,-214.099193870784
4932.009269970754,-3.8017532581153377e-06,-7.380888544112084e-05,9.614551660917254,92.26301194463093,-214.4988751537575
4932.625583848794,-3.1350944255899253e-06,-7.594557099307982e-05,9.614505522146676,91.65776002148803,-214.61512018077622
4933.241897726834,-2.4976227139361435e-06,-7.767930849448961e-05,9.614458134326727,91.05250281078997,-214.7313376709592
4935.359855236737,-5.245043012487461e-07,-8.082203184853259e-05,9.614289608244112,88.97249819098866,-215.13049276016082
4937.47781274664,1.1220072770732224e-06,-8.013164394131173e-05,9.614118485190351,86.89242581514695,-215.52929460766387
4938.094126624679,1.541741099150055e-06,-7.93099739352122e-05,9.614069366056295,86.28712343375521,-215.64527660338095
4938.710440502719,1.9352597153441973e-06,-7.823671607829197e-05,9.61402078016115,85.68181547878129,-215.7612295082408
4940.828398012622,3.0922960991061226e-06,-7.286082764409833e-05,9.613860393427881,83.60163756769697,-216.15948050948793
4942.946355522525,3.955764908733747e-06,-6.534526713583615e-05,9.613713658465155,81.52139852392403,-216.55741207243526
4943.562669400565,4.153571808838355e-06,-6.284556122953683e-05,9.613674173750361,80.91604981382432,-216.67315201842837
4944.178983278605,4.327697440336992e-06,-6.023045036577422e-05,9.61363621937955,80.31069666452285,-216.78886874667475
4946.2969407885075,4.74946146435079e-06,-5.057082337780693e-05,9.61351877541114,78.2303740419649,-217.18636313917816
4948.414898298411,4.904316153130672e-06,-4.030056942328366e-05,9.613422436763228,76.15000894103157,-217.58363516130345
4949.031212176451,4.900502227806696e-06,-3.7278373915150346e-05,9.613398552606073,75.54462747281315,-217.69920364263095
4949.647526054491,4.874934432100326e-06,-3.426468485217766e-05,9.613376486304633,74.93924334637391,-217.8147582006408
4951.765483564393,4.623972908896321e-06,-2.4161678821041202e-05,9.613314754291268,72.85882862688835,-218.21177029872442
4953.883441074297,4.124479704216162e-06,-1.4853388403286855e-05,9.613273578428442,70.77839348158727,-218.60867535089216
4954.499754952336,3.933224120859019e-06,-1.2369509749235548e-05,9.61326521622735,70.17299573793765,-218.72415854495785
4955.116068830376,3.7213838147413787e-06,-1.0009560401373205e-05,9.613258306823617,69.56759706770174,-218.8396368821468
4957.234026340278,2.8381322379532262e-06,-3.0209915268742955e-06,9.613244882584503,67.48714529220497,-219.23645475396376
4959.351983850182,1.7158915498036374e-06,1.843803645836221e-06,9.613244010806081,65.40669068024147,-219.6332577546948
4959.968297728222,1.3447251694450363e-06,2.7879038591729833e-06,9.613245469709469,64.80129011902764,-219.74872617782623
4960.584611606262,9.534433977667473e-07,3.4971010697750613e-06,9.613247399131307,64.19588966849417,-219.8641951812919
4962.702569116164,-5.441333341637585e-07,3.972468000633319e-06,9.61325591344686,62.115438419076355,-220.2610158114259
4964.8205266260675,-2.2792007756230763e-06,1.0245334295543665e-06,9.613261809365804,60.03499002883855,-220.65785143144714
4965.436840504108,-2.828809686987242e-06,-5.484703611350328e-07,9.613261993189894,59.42959148442506,-220.77333042817077
4966.053154382148,-3.3986921189538097e-06,-2.4665787542171115e-06,9.613261062006819,58.82419277201378,-220.88880854387116
4968.17111189205,-5.512033277413849e-06,-1.1860137186882016e-05,9.613246725540764,56.74374314737995,-221.28563769311467
4970.289069401953,-7.86736486161864e-06,-2.598592511685932e-05,9.613207482586573,54.663282893017495,-221.68241110748497
4970.905383279993,-8.598574244081705e-06,-3.105885317481634e-05,9.613189947078064,54.05787709412041,-221.79785206660304
4971.521697158033,-9.350573231138411e-06,-3.658905152147433e-05,9.613169103981717,53.452468915459484,-221.91328054049438
4973.639654667935,-1.2094348497244563e-05,-5.925475436363462e-05,9.613068679693159,51.37196671230332,-222.3098339416612
4975.757612177838,-1.5087498000105901e-05,-8.799573865488587e-05,9.612913816815055,49.29141391341798,-222.70612177592417
4976.373926055879,-1.6005746478332723e-05,-9.757612463427114e-05,9.61285668132567,48.685972004270894,-222.82137320521275
4976.990239933919,-1.6945407639475087e-05,-0.00010772921392013006,9.612793423557514,48.080522955650544,-222.93658710136845
4979.108197443821,-2.0338757846601514e-05,-0.00014716722586954534,9.612524809906843,45.99983986626837,-223.33219031074134
4981.226154953724,-2.3987791349850618e-05,-0.00019406297255246394,9.612164770639936,43.919032551052666,-223.7271394830567
4981.842468831765,-2.509790804174142e-05,-0.0002091878849939917,9.612040562460946,43.313500685209924,-223.8419173545071
4982.458782709805,-2.6229754816867775e-05,-0.00022500368100950344,9.611906777853514,42.70795378282093,-223.95661580074412
4984.576740219707,-3.0285546796080747e-05,-0.0002848069350153297,9.61136846326432,40.62686914021609,-224.3501011313055
4986.69469772961,-3.459771633760783e-05,-0.00035347168249387023,9.610694103790856,38.545546352684546,-224.7423245401831
4987.31101160765,-3.5900481487610245e-05,-0.00037519514082452466,9.610469622593898,37.939840687011056,-224.8561817052974
4987.92732548569,-3.722464221302075e-05,-0.0003977278009488112,9.610231462478994,37.33410844336018,-224.9698972148332
4990.045282995592,-4.193746997962749e-05,-0.00048151526027019994,9.609302170571675,35.252293027426425,-225.35949761975624
4992.163240505495,-4.689696381484342e-05,-0.000575545502678976,9.608184573495963,33.17008010125705,-225.74696717378706
4992.7795543835355,-4.838556858599335e-05,-0.0006049066848615205,9.60782087660212,32.5640828507824,-225.85926211606125
4993.395868261576,-4.989412785713328e-05,-0.0006351907120556758,9.607438761361637,31.958043510664663,-225.97132930858254
4995.513825771478,-5.522796390148898e-05,-0.0007464736090269611,9.60597764352584,29.875048159587596,-226.3545707653654
4997.631783281381,-6.078370171845221e-05,-0.0008692883333678566,9.604268621282479,27.791448233962058,-226.73450999950214
4998.248097159421,-6.244019550466379e-05,-0.0009072602454750849,9.603721236436947,27.185005844145316,-226.84437571025921
4998.864411037462,-6.411377754389232e-05,-0.0009462570242196049,9.603150100509215,26.57850188368971,-226.95390027884145
5000.982368547364,-6.99903478412408e-05,-0.0010882390197103603,9.600997842431774,24.49375506890601,-227.32749604764822
5003.100326057267,-7.60449627497263e-05,-0.0012428558868554833,9.598531492460053,22.408151572165213,-227.6962764233437
5003.716639935306,-7.783724119637946e-05,-0.001290275913369581,9.597750961936121,21.801076490404856,-227.80259072985154
5004.332953813347,-7.964196454973046e-05,-0.0013388024082917208,9.596940841151579,21.193916907726923,-227.90842004406238
5006.450911323249,-8.593109417790313e-05,-0.001514120960424666,9.593922027833939,19.10673687982116,-228.26817204704275
5008.568868833152,-9.233240425452238e-05,-0.0017028784185959766,9.590517665756192,17.01841310559709,-228.62121890462834
5009.185182711192,-9.421191457350437e-05,-0.0017603641842103585,9.5894505124649,16.410491025373602,-228.72257812190915
5009.801496589233,-9.609731965459649e-05,-0.0018190074666713002,9.588347562207979,15.802459333375904,-228.8232753985924
5011.919454099135,-0.00010261056563078156,-0.0020294308528375302,9.584274586798625,13.712087670544449,-229.163989812709
5014.037411609038,-0.00010914671740532052,-0.0022536732739866856,9.579741309533814,11.620270611959162,-229.4957057616763
5014.653725487077,-0.00011104739301864848,-0.002321529246436243,9.578331491373243,11.011275322792226,-229.5904040615931
5015.270039365118,-0.00011294540060789908,-0.002390552453974244,9.576879498436258,10.402145391775697,-229.68422855380268
5017.38799687502,-0.00011943366619733393,-0.0026366527569263148,9.571558203572229,8.307809402544274,-229.99965446550888
5019.505954384923,-0.00012583236562791093,-0.0028964000820503777,9.565701226816818,6.211745272340819,-230.30336971067302
5020.122268262963,-0.0001276706624445895,-0.0029745213043697043,9.563892112618904,5.601463247342922,-230.3893870918544
5020.7385821410035,-0.00012949587144860718,-0.003053767488521194,9.562034530142666,4.9910251051551615,-230.4742832327628
5022.856539650906,-0.00013565144952933713,-0.0033345922196544725,9.55527165228951,2.8920360805034324,-230.75708484953975
5024.974497160809,-0.0001415840696790962,-0.0036282180958994766,9.547900443447364,0.7911039345932158,-231.0250455593509
5025.590811038849,-0.00014326064006246652,-0.0037159983767921147,9.545637306978456,0.1793703782331251,-231.10004776228195
5026.207124916889,-0.00014491209437417132,-0.003804799773628713,9.543319804309611,-0.4325323887213162,-231.17364665728704
5028.325082426792,-0.00015037657441504545,-0.004117569899167956,9.534932156251932,-2.5366401229262583,-231.41542110503752
5030.443039936695,-0.00015546881631642878,-0.0044415193689659755,9.52587023566992,-4.642773034077934,-231.63882837613033
5031.059353814734,-0.0001568721118684729,-0.004537773661975088,9.523103217984845,-5.256025918996865,-231.70018248669675
5031.675667692774,-0.00015823727853452678,-0.004634876428306201,9.520276689635237,-5.869446554379381,-231.7598195317626
5033.793625202677,-0.00016261712117823202,-0.004974747774151934,9.510101840140546,-7.978734946095035,-231.95117346280588
5035.91158271258,-0.0001664680403654327,-0.005323335321913657,9.49919792730386,-10.089917481385365,-232.1202863566407
5036.52789659062,-0.00016748059139381672,-0.005426248889522094,9.495885356726243,-10.70460087915099,-232.16509604356736
5037.14421046866,-0.00016844184652176422,-0.00552976621969497,9.492509271849137,-11.319428733520303,-232.20784861355628
5039.2621679785625,-0.00017133339965914993,-0.0058897010807167655,9.480417252305564,-13.433339306709469,-232.33854710340066
5041.380125488466,-0.00017354452068814533,-0.006255039565274195,9.467557183697481,-15.548709149522749,-232.4428628739053
5041.996439366506,-0.00017405215441049912,-0.006362159311137488,9.463669066110693,-16.16450985030813,-232.46802696433423
5042.612753244546,-0.00017449648626904912,-0.006469568615494072,9.45971496161907,-16.78040202220122,-232.49077580317015
5044.730710754448,-0.00017552203869082428,-0.006840373680177714,9.445620247552164,-18.897517476362694,-232.54997534479793
5046.8486682643515,-0.00017573803996130113,-0.007212493523844577,9.430738791790782,-21.015260342861232,-232.57849722683318
5047.464982142391,-0.00017564267105231883,-0.007320779347523301,9.426260192836168,-21.63157078964568,-232.58079429260715
5048.081296020431,-0.00017547473426942047,-0.007428981532436001,9.421715020805557,-22.247882453014213,-232.58031109170457
5050.199253530333,-0.00017433072737795338,-0.007799576053888605,9.405587706923555,-24.36569082737062,-232.55688361849383
5052.3172110402365,-0.00017229169288750015,-0.00816679980214162,9.388679059168913,-26.48281425024602,-232.4984800608211
5052.933524918277,-0.00017152707103861085,-0.008272754804921251,9.383612997889868,-27.09866927929385,-232.47467947027704
5053.549838796317,-0.00017068518663028413,-0.00837821407180969,9.378481935926176,-27.71439185177062,-232.44774075091237
5055.667796306219,-0.0001671970005158084,-0.008736186254580976,9.360356673964136,-29.82908683856615,-232.33068622341483
5057.785753816122,-0.0001627902412592158,-0.009085797857932794,9.341482095805233,-31.94124490865626,-232.17453410597017
5058.402067694163,-0.0001613359747561443,-0.009185683405208247,9.335851489710294,-32.55527620332938,-232.12153032664057
5059.018381572203,-0.00015980537909379147,-0.00928465052504092,9.330159751984542,-33.16899452216443,-232.06505392064793
5061.136339082105,-0.00015396714315000777,-0.009617082856647792,9.310140872525626,-35.27535116097653,-231.8439847523905
5063.254296592008,-0.00014725695394492857,-0.009936226672613908,9.289431987769186,-37.37675990312142,-231.58007350150024
5063.870610470048,-0.00014514505610837858,-0.010026334782019407,9.283280246511746,-37.987179624178324,-231.49503570708546
5064.486924348088,-0.00014296365684163758,-0.010115123194927297,9.277073510267867,-38.59705949239387,-231.40623135207568
5066.60488185799,-0.00013495016265782948,-0.010409562072928752,9.255335167123455,-40.688423091253945,-231.07189540601985
5068.722839367893,-0.00012617717763346433,-0.010686224426078311,9.23299203990832,-42.77190139358855,-230.69155275600343
5069.339153245934,-0.00012348945113968516,-0.01076316182241826,9.226382114283952,-43.37652439745375,-230.57207726501977
5069.955467123974,-0.00012074399270597411,-0.0108384297308341,9.219725396354216,-43.98033951513203,-230.44859841536135
5072.073424633876,-0.00011088931349871078,-0.011083829910655686,9.196506393688278,-46.04875526424589,-229.9933932160874
5074.191382143779,-0.0001004372873974999,-0.011307725720972531,9.172790416538996,-48.10591247986032,-229.48978146018106
5074.807696021819,-9.729359770115703e-05,-0.011368657383051867,9.165802382287021,-48.70222190853896,-229.33403157276751
5075.424009899859,-9.410729779722754e-05,-0.01142764408641198,9.15877747631744,-49.29742432678619,-229.17411281615364
5077.541967409761,-8.285738606847321e-05,-0.01161511757505195,9.134371400036766,-51.33391651967209,-228.59253644811872
5079.659924919664,-7.120152823835011e-05,-0.01177833434036325,9.109593950227584,-53.35548703639621,-227.96106446868137
5080.2762387977045,-6.774459760017468e-05,-0.011821149894837573,9.102321461905655,-53.94074167053557,-227.7678819711323
5080.892552675745,-6.426185546477709e-05,-0.011861832967875722,9.09502329265219,-54.52457340203232,-227.57044647426744
5083.010510185647,-5.2123615528924504e-05,-0.011985118513630542,9.069765302326864,-56.51956023700316,-226.8594333585681
5085.12846769555,-3.9782512670813096e-05,-0.012082480955431373,9.044273650470386,-58.495862075238605,-226.09803632844182
5085.74478157359,-3.616452858724288e-05,-0.01210588195916685,9.036819706862813,-59.067237142245034,-225.86701155529195
5086.361095451631,-3.253789237621622e-05,-0.012127056398478797,9.02935204391285,-59.63687392353915,-225.6317358724602
5088.479052961533,-2.0035956447622512e-05,-0.012182731608594718,9.003603820844523,-61.580681779194066,-224.79083769171783
5090.597010471436,-7.530501210768057e-06,-0.012211924522749664,8.977765724235612,-63.502155848278775,-223.90009126295746
5091.213324349475,-3.901518794234196e-06,-0.012215444098087617,8.970238145591917,-64.056903438526,-223.63158341478027
5091.829638227516,-2.800686930042237e-07,-0.012216734770598668,8.962709070487335,-64.60961630592232,-223.3589119910622
5093.947595737418,1.2082463831751704e-05,-0.012204204997978182,8.936843225965621,-66.49304084250223,-222.3903025184407
5096.065553247321,2.4267729848364115e-05,-0.012165679628221552,8.911031447755008,-68.35081407968035,-221.37335853180522
5096.681867125361,2.7771002277498416e-05,-0.012149639902641826,8.90353841685782,-68.88642608080873,-221.06846409874436
5097.298181003402,3.1252648092898756e-05,-0.012131452196645482,8.896055892202822,-69.41974348806392,-220.75957205287634
5099.416138513304,4.303121030895501e-05,-0.01205272938060344,8.870441015935153,-71.23459736353539,-219.6678767732906
5101.534096023207,5.448235429270401e-05,-0.01194940679921203,8.845018921875795,-73.02100947917188,-218.53023023940187
5102.150409901247,5.7745721286566156e-05,-0.011914819249649431,8.837664918692997,-73.53536571320366,-218.1907040239983
5102.7667237792875,6.097630307994817e-05,-0.01187823392882936,8.830332785223483,-74.04721904635659,-217.8474134231865
5104.88468128919,7.181168079013159e-05,-0.011737536496215057,8.80532021803341,-75.7868092089329,-216.6393872720808
5107.002638799093,8.220637666772927e-05,-0.011574356866705226,8.780629450196235,-77.49584999049344,-215.38850572863436
5107.618952677132,8.514317057272071e-05,-0.01152278341462146,8.773511849628646,-77.98733706963577,-215.0166448662619
5108.2352665551725,8.80391748030525e-05,-0.011469414820149473,8.766426509530513,-78.4761755463959,-214.6413054400134
5110.353224065075,9.766899933722894e-05,-0.011272662664399864,8.742339629407258,-80.1356659949855,-213.32540012348917
5112.471181574978,0.00010678241286419926,-0.011056061817744496,8.718690481331837,-81.76328591405003,-211.9702617574161
5113.087495453018,0.00010933414308972691,-0.010989460762668657,8.71189696259892,-82.2308773711267,-211.5687669648015
5113.703809331058,0.0001118401584001401,-0.010921302401366587,8.705144883137061,-82.69574351766089,-211.16411575113077
5115.821766840961,0.0001200968055396418,-0.010675587537213992,8.68227125344432,-84.27237832906374,-209.74998796913243
5117.939724350864,0.00012779510237051494,-0.010412976726360322,8.659935929841998,-85.81665511943308,-208.3005810929548
5118.556038228904,0.00012992888414184233,-0.010333554400590857,8.653542721107078,-86.25994925194487,-207.87241048316437
5119.172352106944,0.00013201458656761313,-0.010252832277547834,8.647198769564021,-86.70051204242161,-207.44142570663055
5121.290309616847,0.00013881286852238496,-0.009965930595768944,8.625785095077307,-88.19369353523406,-205.93943808208473
5123.40826712675,0.00014503799121087059,-0.009665237405155703,8.604993671076967,-89.65485675121444,-204.4062717125949
5124.024581004789,0.00014674158745911714,-0.009575320942889765,8.599064553191484,-90.07407402380304,-203.95450110609826
5124.640894882829,0.00014839673611012117,-0.009484369353964428,8.59319107774585,-90.49062205592804,-203.50026393690638
5126.758852392732,0.00015371530498839965,-0.00916433872182145,8.573440610261843,-91.90185604466757,-201.92102306265815
5128.876809902635,0.00015846502956732328,-0.008833645980808668,8.55437924500535,-93.28218675222772,-200.3146886528876
5129.493123780675,0.0001597409486854239,-0.008735586319303455,8.548965171044717,-93.67813259689976,-199.8423891266806
5130.109437658715,0.00016096929826772143,-0.008636754502879955,8.543611678866414,-94.07153348106844,-199.36796364035618
5132.2273951686175,0.00016482979356510836,-0.008291642538983842,8.525683526350607,-95.40426510489752,-197.72192729945795
5134.345352678521,0.00016813703548188808,-0.007938940093656846,8.508494344469058,-96.70789696131963,-196.05273827470987
5134.961666556561,0.00016899654947711402,-0.007835047956279415,8.503633499380252,-97.0818980005503,-195.5628776658187
5135.577980434601,0.00016981007156263858,-0.007730639668616009,8.498836754742168,-97.45353212373372,-195.07121525910858
5137.695937944503,0.0001722577165567028,-0.007368303084425851,8.482846479796985,-98.71290101181957,-193.36838678161416
5139.8138954544065,0.00017417241137706647,-0.007001346875050329,8.46762851042632,-99.94555201396838,-191.64610853336262
5140.430209332446,0.0001746306333467905,-0.00689385883726334,8.463346636171238,-100.29937421319369,-191.14147961281424
5141.046523210486,0.000175044583717951,-0.0067861014441367405,8.459131005807873,-100.65105135283761,-190.6353501754256
5143.164480720388,0.000176132495379808,-0.006414121851992064,8.4451519389675,-101.84359476620888,-188.8850647582112
5145.2824382302915,0.00017670750069384228,-0.006040381266098663,8.431962573952804,-103.01225717514126,-187.11873548881198
5145.898752108332,0.00017677951349978743,-0.005931449877139575,8.428273411473215,-103.3480136451592,-186.6019101499666
5146.515065986372,0.00017680883358105244,-0.005822486776714923,8.424651312184496,-103.68188001352155,-186.08385901138405
5148.633023496274,0.00017658643979665616,-0.0054481610585279195,8.412716111505887,-104.81520879601369,-184.29465631462025
5150.750981006177,0.00017586753984895245,-0.005074832150405375,8.40157266119257,-105.92782000989911,-182.49248983301365
5151.367294884217,0.00017556585582134568,-0.004966533590023691,8.39847839548071,-106.2478746658569,-181.96579617120238
5151.983608762257,0.00017522262656687965,-0.00485843343758619,8.395450734259285,-106.56631640031439,-181.43812348004255
5154.101566272159,0.00017372818443116834,-0.004488816243750089,8.385552844822787,-107.64878289304276,-179.61769350804198
5156.219523782062,0.00017174818883720542,-0.00412287840565511,8.376433892538195,-108.71389406068901,-177.7870489931089
5156.835837660103,0.00017108125727723813,-0.00401723115704502,8.373925522751367,-109.02076557842504,-177.25256660666057
5157.452151538143,0.00017037347995092466,-0.003912007375250185,8.371482055384067,-109.32631292296762,-176.71732435003287
5159.570109048045,0.0001676306410631306,-0.0035539834151329264,8.363576844835398,-110.36668394915614,-174.87250936020524
5161.688066557948,0.00016440747028786902,-0.0032022773325006745,8.356423223323745,-111.3931372391095,-173.01990989310355
5162.304380435989,0.00016337947170324372,-0.0031012654690291746,8.35448081531445,-111.68940609282858,-172.4794779849596
5162.920694314029,0.00016231084299283638,-0.0030008996715454586,8.352600384755654,-111.98464088749557,-171.93847918341604
5165.038651823931,0.00015832905488295825,-0.002661264159459752,8.34660585165786,-112.99178358066197,-170.0753126292534
5167.156609333834,0.00015386752771279943,-0.0023305699388769573,8.341321183505768,-113.98840415619036,-168.20649337278817
5167.772923211874,0.00015247907296220482,-0.00223616500239518,8.3399139962441,-114.27662420576523,-167.6617261030427
5168.389237089914,0.0001510499367106423,-0.002142628369998202,8.338564645917323,-114.56409203152707,-167.11656064721677
5170.507194599816,0.00014582826941468658,-0.0018281556725704964,8.334361711894251,-115.54667629573139,-165.24032434392325
5172.625152109719,0.00014012509482215583,-0.001525252150603899,8.330812566171323,-116.52198166346533,-163.36029202506452
5173.2414659877595,0.00013837495370620982,-0.0014394283018476577,8.329899074711301,-116.80459689158016,-162.81259589219493
5173.8577798658,0.00013658397080086525,-0.001354695694640011,8.329038062622326,-117.08672440164625,-162.26464785775926
5175.975737375702,0.00013011771484694644,-0.0010721791121343705,8.326470561111439,-118.05294338336189,-160.3799301369339
5178.093694885605,0.00012316893649404325,-0.0008038687659565969,8.324486373615676,-119.0148709696228,-158.4930175007509
5178.710008763645,0.00012105627198937568,-0.0007286069829675265,8.324014237536774,-119.29413754938558,-157.94360618941005
5179.326322641686,0.00011890286174688175,-0.0006546597005761893,8.32358800269849,-119.57315514465017,-157.3940681594846
5181.444280151588,0.00011119209516164179,-0.00041090949371551784,8.322462559458588,-120.53046415404403,-155.50480839112373
5183.562237661491,0.00010300236217960564,-0.00018399757808970478,8.321835537407154,-121.48611750430052,-153.6147102476388
5184.17855153953,0.00010052964100591412,-0.00012127582318827237,8.321741583361172,-121.76403132680673,-153.06461330096383
5184.794865417571,9.80168129784647e-05,-6.009000092417849e-05,8.321685735076937,-122.04190131590458,-152.5144941722858
5186.912822927473,8.907696531571144e-05,0.00013812060479459533,8.321771796772484,-122.9967758118566,-150.62400248728957
5189.030780437376,7.967099316497354e-05,0.00031690337708871594,8.322257086446097,-123.95219030001587,-148.73378373571347
5189.647094315416,7.684741547886758e-05,0.0003651373104030412,8.322467390147233,-124.23042028391846,-148.18384656264868
5190.263408193457,7.398541283961306e-05,0.0004116200233900346,8.322706807515056,-124.50877088054833,-147.6339704906373
5192.381365703359,6.385998318346915e-05,0.0005576728162591445,8.323737135061439,-125.46648499299202,-145.7449157906579
5194.499323213262,5.3295751450646605e-05,0.0006818156972702007,8.325053594086132,-126.42641494202313,-143.85698637735916
5195.115637091302,5.014121409360624e-05,0.0007136918023518245,8.325483765772825,-126.70624276304447,-143.30786049646807
5195.7319509693425,4.695133141525598e-05,0.0007436142332881662,8.325932913232215,-126.98630859527182,-142.75885605226506
5197.849908479245,3.572519168548158e-05,0.0008312361370661794,8.327604916087335,-127.95073679022255,-140.87322047352632
5199.967865989148,2.41068498604681e-05,0.0008946662202097927,8.32943687978749,-128.918467014107,-138.98927762547606
5200.584179867187,2.0655499118625073e-05,0.0009084607707232005,8.329992667810233,-129.20073419895672,-138.4414016683986
5201.2004937452275,1.7173710044213943e-05,0.0009201208992273055,8.330556241467974,-129.48330430042972,-137.89368192499032
5203.31845125513,4.984605545946926e-06,0.0009436430822503019,8.332534544721364,-130.45674969059255,-136.01268573349802
5205.436408765033,-7.527437824744198e-06,0.0009410072744571582,8.334534966202384,-131.43393511952303,-134.1336298253519
5206.052722643073,-1.1224519480771423e-05,0.000935228742417169,8.335113285345203,-131.71899858017443,-133.5872036041743
5206.669036521113,-1.4945193729218123e-05,0.0009271671425526179,8.335687294395864,-132.00437293561643,-133.04093965951247
5208.786994031016,-2.789965750043614e-05,0.0008818359788023919,8.337607875822432,-132.98742584210672,-131.16494676123787
5210.904951540919,-4.1084287141404765e-05,0.0008088240704549696,8.339403134449844,-133.97396257024968,-129.29078338744498
5211.521265418959,-4.4958405303018536e-05,0.0007823086408589536,8.339893594967727,-134.26165947346,-128.7457391257708
5212.137579296999,-4.884733264581548e-05,0.0007534043416301682,8.340366949189495,-134.54961496991254,-128.2008313550774
5214.255536806902,-6.231020901907488e-05,0.0006357114811305502,8.341843047749125,-135.54104426329357,-126.32925161477182
5216.373494316805,-7.588988420077677e-05,0.0004893811330545498,8.343039551340054,-136.53497378815948,-124.45899816001914
5216.989808194844,-7.985667741586868e-05,0.00044138517544150895,8.343326508916011,-136.82459610560173,-123.9149745796942
5217.606122072884,-8.382806552356454e-05,0.00039094677689274765,8.343583124545608,-137.114362151716,-123.371027461905
5219.7240795827865,-9.749421099830955e-05,0.00019892858571621887,8.344212896735968,-138.11103957635478,-121.50223701209539
5221.84203709269,-0.00011115042686623948,-2.2023405657308206e-05,8.344405342276573,-139.10848525283063,-119.63385635114274
5222.45835097073,-0.00011511519523605857,-9.17510043374021e-05,8.344370406806325,-139.39876346683616,-119.09018242592472
5223.07466484877,-0.00011907352400140497,-0.00016391621286728907,8.344291758536029,-139.68900664539916,-118.5464898388095
5225.192622358672,-0.00013260992202374168,-0.00043046876252581055,8.343667350933536,-140.68586105806443,-116.67779358000578
5227.310579868576,-0.00014600395262943534,-0.0007255400639631509,8.342448195604453,-141.68099233617903,-114.80817957504013
5227.926893746615,-0.00014986736978368626,-0.000816717773678917,8.341973048849754,-141.9700867583748,-114.2638751571502
5228.543207624655,-0.00015371306690667495,-0.0009102670940852658,8.341441011412732,-142.25890286620518,-113.71942334144951
5230.661165134557,-0.00016677595456724497,-0.0012497069573044358,8.3391584761689,-143.2488979675673,-111.84708418776255
5232.779122644461,-0.00017956235915635754,-0.0016165206718465484,8.336128033390603,-144.23391508388966,-109.97212297585241
5233.395436522501,-0.00018322373423170784,-0.001728319226468192,8.3350973909306,-144.5194125350267,-109.42592312133614
5234.011750400541,-0.00018685598510468997,-0.001842361330380706,8.333997210318572,-144.8043237336722,-108.87941805865748
5236.129707910443,-0.00019909854308096516,-0.0022511515698220926,8.329666766664035,-145.77845144519782,-106.99877538557949
5238.2476654203465,-0.00021092979696742136,-0.0026854354645768066,8.324443525412528,-146.74358318852637,-105.11350362095129
5238.863979298387,-0.00021428784511385736,-0.0028164733386982044,8.322748146402514,-147.02249707504043,-104.56391249723904
5239.480293176427,-0.0002176053228625287,-0.0029495642482921,8.320971452641723,-147.30045230304646,-104.01383745229047
5241.598250686329,-0.00022867857888302437,-0.003422266052063849,8.314227856707037,-148.247736549849,-102.11953342446576
5243.716208196232,-0.00023920432733959764,-0.003917840742704911,8.306458876535842,-149.18124810836434,-100.21841030545109
5244.332522074272,-0.0002421568000456539,-0.004066180243545014,8.303998593284039,-149.4500215441787,-99.66378919970914
5244.948835952312,-0.0002450570567290328,-0.004216319163578182,8.301446432656071,-149.71740009981892,-99.10849676245024
5247.066793462214,-0.0002546076394661871,-0.0047455745418481035,8.291959419518768,-150.62491289962486,-97.19482396929044
5249.184750972117,-0.00026347220050907744,-0.005294331166150465,8.281330814573154,-151.51312953128823,-95.27212796620104
5249.801064850158,-0.0002659151093962801,-0.005457470916871922,8.278017592739637,-151.76764397483328,-94.71082005565567
5250.417378728198,-0.0002682939968958693,-0.005622092341768991,8.274603492657096,-152.0202651153808,-94.14866109354305
5252.5353362381,-0.00027596233869966926,-0.006198594138156503,8.262088348819384,-152.87316779709127,-92.21003775203617
5254.653293748003,-0.00028280403647424897,-0.006790461758191019,8.248335926591741,-153.70053207986695,-90.2603908112556
5255.269607626044,-0.00028463182795435783,-0.006965327065519419,8.244096974249238,-153.93612762112448,-89.69088278296043
5255.885921504084,-0.00028638366527330674,-0.007141291292765404,8.239750057912348,-154.16927274929,-89.12037203887529
5258.003879013986,-0.0002918062048087942,-0.007753752697518153,8.223978369104202,-154.9509082856564,-87.15194100395665
5260.121836523889,-0.0002962620620181264,-0.00837667511455664,8.206898435074562,-155.700102122651,-85.17095155781905
5260.738150401929,-0.0002973694444529717,-0.00855961334999311,8.201679355256667,-155.9116194512352,-84.59206853958788
5261.354464279969,-0.00029838926898417015,-0.008743203149660294,8.19634749614944,-156.1200773281798,-84.01208284498033
5263.472421789871,-0.00030120812195239184,-0.009378358156069274,8.177157995885072,-156.8121527079637,-82.01041658755082
5265.590379299774,-0.0003029271914813272,-0.010018318725994351,8.15661817531525,-157.46432722584962,-79.99541675506805
5266.2066931778145,-0.00030321382705300116,-0.010205112234672261,8.15038610267105,-157.64618452819545,-79.4065420104249
5266.823007055855,-0.00030340224880107526,-0.010392048699407385,8.144039051760696,-157.82433302001124,-78.81654190832795
5268.940964565757,-0.0003032846724561072,-0.011034731872349463,8.121348275126758,-158.40723977951373,-76.78041652884946
5271.05892207566,-0.0003019511373045206,-0.011675878349045614,8.097297950168869,-158.94240283383613,-74.73124783228741
5271.6752359537,-0.000301328919848182,-0.01186179034961678,8.090044533709209,-159.08872218886503,-74.13255218546803
5272.291549831741,-0.0003005998234513607,-0.012047283381752595,8.08267687198574,-159.23066107547413,-73.53281112584902
5274.409507341643,-0.00029726626491862146,-0.012680640785568034,8.056489036036115,-159.68398309137,-71.46398861467227
5276.527464851546,-0.0002926300291150172,-0.013305558346499944,8.028968713630933,-160.08159063340543,-69.38376538621308
5277.143778729585,-0.0002910324812042855,-0.013485424816713398,8.020712727603748,-160.1863865374407,-68.77642384840576
5277.760092607626,-0.00028932242390537923,-0.013664270766045549,8.012346418240732,-160.2861335304929,-68.16824158202184
5279.878050117528,-0.0002825802053314256,-0.0142701410874183,7.982761697633936,-160.58937937529254,-66.07217351318725
5281.996007627431,-0.00027449185714523134,-0.014860306153668155,7.951910400961472,-160.8291591976661,-63.96792766507081
5282.612321505471,-0.000271884380104831,-0.015028681932918363,7.94269970755467,-160.88659550910077,-63.35429354583225
5283.228635383512,-0.0002691630490629572,-0.01519541603080672,7.933385966549701,-160.93835075067747,-62.740163318400946
5285.346592893414,-0.00025894208279823286,-0.01575490340886727,7.900606165945717,-161.07192007262285,-60.626506622945776
5287.464550403317,-0.00024738815472869716,-0.016291331636436514,7.8666658139981465,-161.13492214507875,-58.50959841282717
5288.080864281356,-0.00024377818248361554,-0.016442692967330655,7.856578372097444,-161.13963255366235,-57.893300508953494
5288.697178159397,-0.00024005825150780324,-0.016591797955995916,7.846398550596184,-161.13810517214063,-57.27699541538197
5290.815135669299,-0.00022644400521636563,-0.017086035023458068,7.810729117661519,-161.084454550198,-55.15982022032354
5292.933093179202,-0.00021157710799114617,-0.01755011116501935,7.7740448513979015,-160.95427294433154,-53.04599615532717
5293.549407057242,-0.00020702207639281244,-0.01767910886975068,7.763188474344,-160.90172490686044,-52.431925148463634
5294.1657209352825,-0.00020236695437448324,-0.017805272994624522,7.752253659436858,-160.84249974126791,-51.81847029930512
5296.283678445185,-0.0001856238489124231,-0.018216340951583216,7.714101071397556,-160.58741840745364,-49.71605050717981
5298.401635955088,-0.0001677819159596885,-0.01859078408762145,7.675116643798987,-160.2514732679596,-47.625050647614565
5299.017949833128,-0.00016239424228090948,-0.01869253166521497,7.663627269185657,-160.1383388985805,-47.019209086829385
5299.634263711168,-0.0001569226284006189,-0.018790939668900917,7.652076376104891,-160.01824516434456,-46.41471543836963
5301.752221221071,-0.0001375068850401135,-0.01910288802853934,7.611940196962986,-159.5520964594641,-44.34883190719265
5303.870178730974,-0.00011721996231015153,-0.01937279210827301,7.571187848449262,-159.00281442695533,-42.30349963007373
5304.486492609013,-0.00011116756218355641,-0.019443170592022437,7.559226175787277,-158.82729847430033,-41.71270681765263
5305.102806487053,-0.00010505348808411559,-0.019509808728809776,7.547222398539778,-158.6447294493676,-41.12406037095448
5307.220763996956,-8.36089119106047e-05,-0.019709699624939903,7.505681648769128,-157.963476222507,-39.118814721132836
5309.338721506859,-6.158969147480364e-05,-0.019863563283851225,7.463766280440215,-157.19918123046136,-37.143739404546714
5309.955035384899,-5.50925212005026e-05,-0.019899516595826006,7.451512757487199,-156.96125102873842,-36.575206513338884
5310.571349262939,-4.856134404267594e-05,-0.01993146569090313,7.439238374739088,-156.71637978530825,-36.00963113411748
5312.6893067728415,-2.5903037607355322e-05,-0.02001036062739846,7.396932318264115,-155.82220796228933,-34.08985593321786
5314.807264282745,-3.025246160648423e-06,-0.020041033803653317,7.354510231485513,-154.8475467495412,-32.20966953394776
5315.423578160785,3.652254338102479e-06,-0.02004083505857011,7.342158495201642,-154.54901591295814,-31.670486689146
5316.039892038825,1.0331868726594272e-05,-0.02003653186976146,7.3298081499279055,-154.24386046229347,-31.135025062027516
5318.157849548727,3.325089250870299e-05,-0.019990348018271153,7.287411999533319,-153.14525512139429,-29.324464114880367
5320.275807058631,5.599635326204596e-05,-0.01989580644780198,7.245164874370864,-151.97103913248205,-27.56199417040645
5320.89212093667,6.256025896469392e-05,-0.01985926477967407,7.232913879251873,-151.61547658314186,-27.05859321173676
5321.50843481471,6.909263100340978e-05,-0.01981869904343778,7.220686584768555,-151.2537889320091,-26.55957147684333
5323.626392324612,9.124688078984961e-05,-0.019648802693662076,7.178883163517174,-149.96499948471453,-24.879067664987087
5325.744349834516,0.00011283333897382241,-0.019432585863419154,7.137488627920433,-148.6074399580267,-23.25359718418089
5326.360663712556,0.00011898718327756019,-0.019361139806871368,7.125533923873538,-148.1999055872983,-22.791264336654134
5326.976977590596,0.0001250776881029571,-0.019285930890972854,7.113624291404725,-147.78688963967443,-22.333814829627052
5329.094935100498,0.00014547582377625394,-0.018999258729173914,7.073073635179694,-146.3268297609939,-20.799759844681365
5331.2128926104015,0.00016495756349380842,-0.01867035462658594,7.0331748611406955,-144.80625535207855,-19.325639290557856
5331.829206488442,0.00017043713768204364,-0.018566991083494716,7.021699816795898,-144.35289638429802,-18.90814607074553
5332.445520366482,0.0001758270907403796,-0.018460286020180267,7.010289334964231,-143.89479216740781,-18.495854757539142
5334.563477876384,0.00019362711408455973,-0.018068832678127342,6.971599341989158,-142.28552859423885,-17.119113095453095
5336.681435386287,0.000210241911295237,-0.017640934772251343,6.933777024578479,-140.6247742451181,-15.804905697044216
5337.297749264327,0.00021484171359790425,-0.01750993333305482,6.9229449931230675,-140.13234284425994,-15.434303892955928
5337.914063142367,0.00021933301832159706,-0.017376135682387245,6.912194353406133,-139.63593972269334,-15.06902506072516
5340.032020652269,0.00023391347301074443,-0.016895917017025145,6.875895781790478,-137.90099891925217,-13.854451277508797
5342.149978162172,0.00024713265231766853,-0.016386259129865764,6.84064546841396,-136.12370894391142,-12.702686747708816
5342.766292040213,0.000250716440119879,-0.016232835331333323,6.830593667523113,-135.59907304107838,-12.379280751088956
5343.382605918253,0.0002541806830644187,-0.016077242286034996,6.820636862829894,-135.0712240441307,-12.06112848360877
5345.500563428155,0.00026515943642309227,-0.015527016455040663,6.787164791024774,-133.2339623187632,-11.007681577044117
5347.618520938058,0.0002746895609289784,-0.014955072158099856,6.754881073544572,-131.3630432033212,-10.01517993205413
5348.234834816099,0.0002771880513049928,-0.01478500013550387,6.74571650506796,-130.81275594632376,-9.737657838957047
5348.851148694139,0.0002795628761449686,-0.01461342676829393,6.736656979346291,-130.25995693857334,-9.465152632322612
5350.969106204041,0.0002867771259499533,-0.014013426929192767,6.706339325700443,-128.34219751814769,-8.566511376248451
5353.087063713944,0.00029253067334339167,-0.013399694468359947,6.677306988774419,-126.39859629337755,-7.72515198402761
5353.703377591984,0.00029393169657566964,-0.013218966019995556,6.669104340865959,-125.82856941606404,-7.490834686628711
5354.319691470024,0.0002952107439479562,-0.01303741024361505,6.661013098737361,-125.25664570919346,-7.261162755840739
5356.437648979926,0.00029868059696357455,-0.012408242838023258,6.634065659429348,-123.27770728033882,-6.506685801008623
5358.555606489829,0.00030073913091884397,-0.011773220988080136,6.608456969685179,-121.27960579786665,-5.804454757054951
5359.1719203678695,0.0003010772989175643,-0.011587762248798731,6.601258227265805,-120.69490672191759,-5.609613433519265
5359.78823424591,0.00030129986930321827,-0.011402127731835549,6.594173617412332,-120.1088241348545,-5.4189489035179115
5361.906191755812,0.00030119496644012147,-0.010763867121474587,6.570700584020074,-118.0849780977953,-4.794809145915344
5364.024149265715,0.00029977910616775587,-0.010127216966965386,6.548577654042265,-116.04740975572247,-4.216959244545848
5364.6404631437545,0.0002991277049472304,-0.009942656087236698,6.542393113131754,-115.45217896531688,-4.057154618699871
5365.256777021795,0.00029837114833927746,-0.009758524747329975,6.536321984952752,-114.85597364293847,-3.900998815493791
5367.374734531697,0.00029498694659643574,-0.009129965378756344,6.516320958138298,-112.80029466261266,-3.3913426214202693
5369.4926920416,0.00029043698799214245,-0.0085098081174287,6.49764229570586,-110.7351267346878,-2.921530519707645
5370.10900591964,0.00028890326014322155,-0.008331278182352624,6.492452743781528,-110.13259544724325,-2.7919374447421608
5370.725319797681,0.000287278420828801,-0.008153716029514951,6.487372748864543,-109.52940110065764,-2.6654401872954754
5372.843277307583,0.0002810233615885666,-0.007551723664790443,6.470743543152584,-107.45192871523359,-2.253461701981872
5374.961234817486,0.00027378895837544114,-0.006964016354219752,6.455374204121529,-105.36811727037872,-1.874769315530388
5375.577548695526,0.000271511223079093,-0.006795977570817947,6.451134120325142,-104.76069688417242,-1.7704627906584478
5376.193862573567,0.0002691596999641509,-0.006629358770864591,6.446997021585681,-104.15284042665863,-1.6687031613004906
5378.311820083469,0.0002605442679921611,-0.006068279598162785,6.433553854689601,-102.06094942379163,-1.3375665882405907
5380.429777593372,0.0002511700433324138,-0.0055262510896428516,6.421278855392353,-99.96496293578893,-1.033354555783819
5381.046091471411,0.0002483126584256331,-0.005372332732477405,6.417920535052108,-99.35437615485122,-0.9495446201612792
5381.662405349452,0.00024540114037660467,-0.0052201849436321465,6.414656426841504,-98.74351178935763,-0.8677597655100941
5383.780362859354,0.00023501485989511212,-0.004711343288908795,6.40414312865799,-96.64239059225743,-0.6013382278152384
5385.898320369257,0.00022411119284778872,-0.004225047236312486,6.394683660164773,-94.53870626188643,-0.3559111916089513
5386.514634247297,0.00022085475042153956,-0.004087929848885252,6.392122105081028,-93.92613314087887,-0.288122671283478
5387.130948125337,0.0002175648685836314,-0.003952822545246282,6.389644373207389,-93.31338871716774,-0.221881389647985
5389.24890563524,0.00020603687462240436,-0.0035041888933473936,6.381751917081151,-91.20654076889761,-0.005306648252169784
5391.366863145143,0.0001942346242621748,-0.0030802614745327494,6.374783484591191,-89.09813693129803,0.19560797444046155
5391.983177023183,0.00019076190482493144,-0.0029616249929499384,6.372921768475064,-88.48435524803382,0.25140917694049897
5392.599490901223,0.00018727569900535933,-0.0028451262339559825,6.371132484505407,-87.87047107602032,0.30608587506638707
5394.717448411126,0.00017522364562656757,-0.002461238608278648,6.365517671097241,-85.76017731931506,0.48605195639073
5396.835405921029,0.00016312331349836013,-0.0021029278457346187,6.3606888300141575,-83.64896969997181,0.654996301120941
5397.451719799068,0.00015960492184584406,-0.0020034803288295298,6.359423527594547,-83.03447628619956,0.7023251748507411
5398.068033677108,0.00015609100067808847,-0.0019061940278886497,6.358218858128583,-82.4199238430952,0.7488910421042088
5400.185991187011,0.00014407675768042522,-0.001588348828319799,6.354522674936224,-80.30762926438221,0.9036424860418955
5402.303948696914,0.0001322102765943635,-0.0012957928082084674,6.351472893667497,-78.19482319353558,1.0512684452349086
5402.920262574954,0.0001287948633676755,-0.0012153659602392646,6.35069915881728,-77.57992975567541,1.0930839893252604
5403.536576452994,0.0001253989639270585,-0.0011370333188812742,6.349974383879777,-76.96500452460126,1.1344348165023044
5405.6545339628965,0.00011390044364276633,-0.0008836744810663203,6.347838738189925,-74.8516141397485,1.2734393905531827
5407.7724914728,0.00010270873333189442,-0.0006543441153965922,6.346214250111801,-72.73796547519882,1.4084704504577263
5408.38880535084,9.951737387355748e-05,-0.0005920304554687513,6.345830246915446,-72.12286805765994,1.4471722682038795
5409.00511922888,9.635734282272251e-05,-0.0005316704521477116,6.345484106284582,-71.5077561750304,1.4856457840999726
5411.123076738782,8.575400358252827e-05,-0.00033889361916830907,6.344566081433776,-69.39384303337599,1.6164685341494
5413.2410342486855,7.557681396430963e-05,-0.0001681229247666195,6.3440330456908764,-67.2798353354124,1.7457575539833465
5413.857348126725,7.270088266145832e-05,-0.00012243368049738777,6.3439435644652775,-66.66466041524332,1.783208583069118
5414.473662004765,6.986468463220478e-05,-7.850227125703669e-05,6.343881776583742,-66.04948243224278,1.8206097049918923
5416.591619514667,6.043320125820996e-05,5.9391092321456436e-05,6.343864969255013,-63.93542107671946,1.9490177400106576
5418.7095770245705,5.150784358759739e-05,0.00017784495122569088,6.344119628188778,-61.82137502992475,2.077677189178675
5419.325890902611,4.900906269393193e-05,0.00020881669068320295,6.344238817815566,-61.20620725274325,2.115245920534283
5419.942204780651,4.655521736584485e-05,0.00023826353458774682,6.344376712011474,-60.591044149677145,2.1528907907326396
5422.060162290553,3.84721158534053e-05,0.0003282087786868625,6.344979513106717,-58.47708788894942,2.2830174010370836
5424.178119800456,3.0938007622216376e-05,0.00040161572945585577,6.345755300705894,-56.36322190996444,2.4146011131247396
5424.794433678497,2.8850157814962992e-05,0.00042003704447365117,6.346008519237753,-55.74811899472677,2.453217384511902
5425.410747556537,2.680938938019203e-05,0.00043718637274348777,6.346272789511685,-55.13302596323989,2.491990357554652
5427.528705066439,2.0157779752728237e-05,0.00048682513947937784,6.347253680248919,-53.01934660750145,2.6265390048257267
5429.646662576342,1.406407115370837e-05,0.0005229668849883267,6.348325410726203,-50.90580651929526,2.7632568679585465
5430.262976454382,1.2395236737899995e-05,0.0005311181991068688,6.34865024082683,-50.29080633282983,2.8034759849091246
5430.879290332422,1.077294067038837e-05,0.0005382546902496172,6.348979871331875,-49.67581922636373,2.843894388683186
5432.997247842324,5.550857627015551e-06,0.0005554466118786388,6.350139929637045,-47.562525241058104,2.98436529508692
5435.115205352227,8.649551307888251e-07,0.0005621461873168584,6.3513252885300275,-45.44939746118312,3.127314380662761
5435.731519230268,-3.998872386254171e-07,0.0005622877809990718,6.3516717860936085,-44.834521158337395,3.1693849038848914
5436.347833108308,-1.6212161793722432e-06,0.0005616618103071054,6.352018218028897,-44.219659366534245,3.2116669750489795
5438.46579061821,-5.491954164158278e-06,0.0005540430296088662,6.353201081517904,-42.106804236406916,3.358590961742722
5440.583748128113,-8.874951916076812e-06,0.0005387426968714248,6.354359674152694,-39.994122542188045,3.507988427108153
5441.200062006153,-9.771120701578639e-06,0.0005329956914866564,6.354689925518501,-39.37937637432382,3.5519194840533634
5441.816375884193,-1.0628813055651287e-05,0.0005267061421290651,6.355016541692331,-38.76464458173277,3.5960513920519857
5443.934333394095,-1.3291623689651989e-05,0.0005013012015824809,6.3561060969665055,-36.652232763768204,3.749217348674913
5446.052290903998,-1.553682694217201e-05,0.00047069877860106434,6.357136341632578,-34.53998442861854,3.904622167115617
5446.6686047820385,-1.611611437525753e-05,0.0004609442409535844,6.357423417401001,-33.92536162457071,3.950246649659419
5447.284918660079,-1.666360068234126e-05,0.00045083992885454067,6.357704434737462,-33.31075173806787,3.996045032259344
5449.402876169981,-1.831341519748062e-05,0.00041374147835533784,6.358620562814072,-31.1987457487415,4.154709204770844
5451.520833679884,-1.963158696378816e-05,0.0003734999934390951,6.359454789542162,-29.086879377058583,4.315221699915381
5452.137147557924,-1.9957978104984e-05,0.00036130032506202444,6.359681205979604,-28.47236256898467,4.362252297603995
5452.753461435965,-2.0260271831336265e-05,0.0003489040897159731,6.359900089416918,-27.857856202087603,4.409419330900409
5454.871418945867,-2.112794385708095e-05,0.0003050331575703582,6.360592875265175,-25.746185590448633,4.572486778330127
5456.98937645577,-2.1759401363654256e-05,0.00025957467909909797,6.361191063165389,-23.634620633634203,4.736917250655556
5457.605690333809,-2.1904218743892258e-05,0.0002461200795359494,6.361346881304003,-23.02018470328679,4.784992967215771
5458.22200421185,-2.2033208433019112e-05,0.0002325781877626174,6.3614944108706055,-22.405756046117688,4.833161701583114
5460.339961721752,-2.2368804078389107e-05,0.00018553304612106155,6.361937281444111,-20.294327366818248,4.999332778951596
5462.457919231655,-2.2566415568127392e-05,0.00013792324945143732,6.362279914448887,-18.182964086645267,5.166333113054543
5463.074233109695,-2.2603415820166423e-05,0.00012400492099272616,6.362360618969664,-17.568579028893772,5.215054685244858
5463.690546987736,-2.2632761678987507e-05,0.00011006335163762864,6.362432753140151,-16.954197685783605,5.263823155875509
5465.808504497638,-2.2688206815815725e-05,6.20616812598535e-05,6.362615042435895,-14.842903970453571,5.431700588347171
5467.926462007541,-2.2699868706258865e-05,1.3988945965889941e-05,6.362695590977132,-12.73163232621634,5.599855484053981
5468.542775885581,-2.2700025734156545e-05,0.0,6.362699897977942,-12.117265697168028,5.648808930174726
